ticker,fiscal_quarter_end,announcement_date,eps_beat,price_1m_before,price_3m_before,price_change_1m_pct,price_change_3m_pct,eps_estimate_average,eps_estimate_high,eps_estimate_low,eps_estimate_analyst_count,eps_estimate_average_7_days_ago,eps_estimate_average_30_days_ago,eps_estimate_average_60_days_ago,eps_estimate_average_90_days_ago,eps_estimate_revision_up_trailing_7_days,eps_estimate_revision_down_trailing_7_days,eps_estimate_revision_up_trailing_30_days,eps_estimate_revision_down_trailing_30_days,revenue_estimate_average,revenue_estimate_high,revenue_estimate_low,revenue_estimate_analyst_count,elo_before,elo_decay,elo_momentum,elo_vol_4q,total_revenue_yoy_growth_lag1,total_revenue_qoq_growth_lag1,total_revenue_ttm_yoy_growth_lag1,actual_eps_yoy_growth_lag1,actual_eps_qoq_growth_lag1,ebitda_yoy_growth_lag1,operating_income_yoy_growth_lag1,gross_margin_yoy_change_lag1,operating_margin_yoy_change_lag1,stock_price_pre,stock_price_post,atm_strike_pre,atm_expiration_pre,atm_call_mid_pre,atm_put_mid_pre,straddle_price_pre,straddle_pct_pre,atm_call_mid_post,atm_put_mid_post,exit_premium,expiry_close,exit_intrinsic_at_expiry,iv_call_pre,iv_put_pre,iv_avg_pre,iv_avg_post,iv_crush_pct,iv_term_slope,atm_open_interest_pre,atm_volume_pre,chain_pc_volume_ratio,dte_pre,actual_move_pct,crush_profitable,crush_pnl_pct,spy_join_date,spy_spot,spy_spy_close,spy_atm_iv_30d,spy_atm_iv_60d,spy_atm_iv_90d,spy_term_slope_30_60,spy_term_slope_30_90,spy_backwardation_flag,spy_iv_25d_put,spy_iv_25d_call,spy_risk_reversal_25d,spy_butterfly_25d,spy_iv_rank_30d,spy_iv_rank_252d,spy_iv_percentile_252d,spy_rv_5d,spy_rv_21d,spy_vrp_30d,spy_vol_expansion,spy_pc_ratio,spy_pc_ratio_z_20d,spy_voi_ratio,spy_voi_ratio_z_20d,spy_spy_ret_5d,spy_spy_ret_21d,spy_spy_dd_from_60d_high,spy_spy_above_200d_ma,spy_vix_close,spy_vix3m_close,spy_vix_minus_atm_iv_30d,entry_premium,exit_cost,exit_source,half_spread,commission,pnl_dollars,pnl_pct_notional
HLT,2024-09-30,2024-10-23,1.0,224.66,213.18,3.93,9.53,1.85,1.91,1.8,19.0,1.85,1.85,1.84,1.9,1.0,0.0,2.0,2.0,2905150000.0,2963000000.0,2825530000.0,11.0,5340.0,4909.6,208.53,61.0,10.94,14.69,14.53,17.18,24.84,6.98,7.57,-1.34,-0.77,240.0,240.0,240.0,2024-11-15,6.15,7.35,13.5,5.625,3.35,7.449999999999999,10.799999999999999,248.41,8.409999999999997,0.27829,0.27829,0.27829,0.21975,21.035610334543097,-0.03902999999999998,760.0,113.0,8.02359108781127,24.0,0.0,1,5.625,2024-10-22,600.0,573.050537109375,0.136825,0.1319449999999999,0.1319449999999999,-0.00488,-0.00488,1,0.18073,0.13195,0.0487799999999999,0.019515,0.2763108210162909,0.2557183844832509,0.7888446215139442,0.0428390099858035,0.08749731154241,0.0493276884575899,0.4896037287390187,1.06,-1.5921159639028604,0.4920121044505344,-1.174754773892288,0.0061057351561024,0.0239614254488473,-0.0021724249229565,1,18.200000762939453,19.170000076293945,4.517500762939452,13.5,10.799999999999999,real_post_mid,1.35,2.6,132.4000000000001,0.005516666666666671
NDAQ,2024-09-30,2024-10-24,1.0,73.67,66.96,2.13,12.37,0.69,0.73,0.67,15.0,0.69,0.68,0.68,0.69,2.0,0.0,10.0,1.0,1169360000.0,1189000000.0,1155000000.0,13.0,-40176.8,-40286.88,77.33,89.63,25.05,7.05,2.16,-2.82,9.52,36.01,10.73,-0.28,-3.06,75.0,75.0,75.0,2024-11-15,1.7000000000000002,2.575,4.275,5.7,1.25,1.65,2.9,78.76,3.760000000000005,0.27829,0.28804,0.283165,0.20024,29.285045821340915,-0.068295,472.0,168.0,0.6839622641509434,23.0,0.0,1,5.7,2024-10-23,595.0,567.8143920898438,0.1417,0.136825,0.1382192857142857,-0.0048749999999999,-0.0034807142857142,1,0.19048,0.1417,0.04878,0.02439,0.3683514942280719,0.287662705414855,0.8087649402390438,0.0756964190949694,0.0941789284329969,0.047521071567003,0.8037511187953609,0.97,-1.9136062937420149,1.7362974115286185,1.8022453233950777,-0.0074016987886722,0.0117102143889258,-0.0112898928411366,1,19.239999771118164,20.040000915527344,5.069999771118164,4.275,2.9,real_post_mid,0.42750000000000005,2.6,92.15000000000005,0.012286666666666673
POOL,2024-09-30,2024-10-24,1.0,371.91,371.82,1.46,1.48,3.14,3.25,2.92,9.0,3.17,3.17,3.17,3.15,0.0,0.0,2.0,2.0,1402970000.0,1430200000.0,1356450000.0,11.0,29951.2,29241.44,420.27,85.19,-4.72,57.9,-8.77,-15.57,144.61,-16.11,-16.98,-0.61,-2.27,350.0,370.0,350.0,2024-11-15,15.3,15.5,30.8,8.8,20.85,5.0,25.85,359.42,9.420000000000016,0.41487,0.46365,0.43926,0.32219,26.65164139689478,-0.068295,1.0,2.0,13.590909090909092,23.0,5.714285714285716,1,3.0857142857142845,2024-10-23,595.0,567.8143920898438,0.1417,0.136825,0.1382192857142857,-0.0048749999999999,-0.0034807142857142,1,0.19048,0.1417,0.04878,0.02439,0.3683514942280719,0.287662705414855,0.8087649402390438,0.0756964190949694,0.0941789284329969,0.047521071567003,0.8037511187953609,0.97,-1.9136062937420149,1.7362974115286185,1.8022453233950777,-0.0074016987886722,0.0117102143889258,-0.0112898928411366,1,19.239999771118164,20.040000915527344,5.069999771118164,30.8,25.85,real_post_mid,3.08,2.6,184.39999999999992,0.005268571428571426
WST,2024-09-30,2024-10-24,1.0,309.71,284.76,6.76,16.12,1.5,1.57,1.46,9.0,1.5,1.5,1.5,1.99,0.0,0.0,0.0,0.0,709620000.0,714100000.0,704000000.0,9.0,20940.0,20817.12,550.4,871.01,-6.92,0.96,1.07,-27.96,-2.56,-23.69,-30.17,-5.79,-6.2,290.0,310.0,290.0,2024-11-15,15.85,17.85,33.7,11.620689655172415,20.85,2.775,23.625,314.49,24.49000000000001,0.60023,0.57096,0.5855950000000001,0.2978,49.14574065693868,-0.1512150000000001,309.0,46.0,0.5510204081632653,23.0,6.896551724137923,1,4.724137931034492,2024-10-23,595.0,567.8143920898438,0.1417,0.136825,0.1382192857142857,-0.0048749999999999,-0.0034807142857142,1,0.19048,0.1417,0.04878,0.02439,0.3683514942280719,0.287662705414855,0.8087649402390438,0.0756964190949694,0.0941789284329969,0.047521071567003,0.8037511187953609,0.97,-1.9136062937420149,1.7362974115286185,1.8022453233950777,-0.0074016987886722,0.0117102143889258,-0.0112898928411366,1,19.239999771118164,20.040000915527344,5.069999771118164,33.7,23.625,real_post_mid,3.3700000000000006,2.6,667.9000000000002,0.023031034482758627
DOC,2024-09-30,2024-10-24,0.0,22.77,21.9,1.01,5.02,0.07,0.15,0.03,8.0,0.07,0.06,0.06,0.12,0.0,0.0,1.0,1.0,680250000.0,694440000.0,658560000.0,10.0,2108.0,1854.56,51.2,257.6,27.51,14.66,10.58,320.0,2000.0,70.55,11.37,1.3,-2.32,22.5,22.5,22.5,2024-11-15,0.8,0.375,1.175,5.222222222222222,0.35,0.75,1.1,20.86,1.6400000000000006,0.15146,0.2978,0.22463,0.258775,-15.200552018875477,-0.009759999999999991,385.0,45.0,0.09740259740259741,23.0,0.0,1,5.222222222222222,2024-10-23,595.0,567.8143920898438,0.1417,0.136825,0.1382192857142857,-0.0048749999999999,-0.0034807142857142,1,0.19048,0.1417,0.04878,0.02439,0.3683514942280719,0.287662705414855,0.8087649402390438,0.0756964190949694,0.0941789284329969,0.047521071567003,0.8037511187953609,0.97,-1.9136062937420149,1.7362974115286185,1.8022453233950777,-0.0074016987886722,0.0117102143889258,-0.0112898928411366,1,19.239999771118164,20.040000915527344,5.069999771118164,1.175,1.1,real_post_mid,0.11750000000000001,2.6,-6.850000000000005,-0.003044444444444447
SBAC,2024-09-30,2024-10-28,1.0,238.64,217.94,0.54,10.09,2.27,2.35,2.16,12.0,2.27,2.26,2.27,2.14,0.0,0.0,3.0,0.0,669810000.0,679200000.0,660090000.0,12.0,-3623.2,-2020.0,-234.67,1037.04,-2.66,0.4,1.06,-19.25,6.34,-0.82,46.94,1.08,18.12,240.0,230.0,240.0,2024-11-15,8.05,6.1,14.15,5.895833333333334,2.35,11.05,13.4,221.09,18.909999999999997,0.2978,0.31731,0.307555,0.283165,7.930288891417803,-0.034150000000000014,148.0,2.0,2.25,21.0,4.1666666666666625,1,1.7291666666666714,2024-10-25,595.0,568.8458251953125,0.1451871428571428,0.1399304545454545,0.141705,-0.0052566883116882,-0.0034821428571428,1,0.1974514285714285,0.13195,0.0655014285714285,0.0195135714285714,0.4341892329269606,0.3105128409149416,0.8406374501992032,0.0682003889466289,0.0931146834517239,0.0520724594054188,0.7324343102340886,1.17,-0.4529624625967163,0.8687081821842678,-0.0892305198026933,-0.0094939039573715,0.0117769259186926,-0.0094939039573715,1,20.329999923706055,20.940000534057617,5.8112856379917694,14.15,13.4,real_post_mid,1.415,2.6,-69.1,-0.0028791666666666666
CNP,2024-09-30,2024-10-28,0.0,29.1,28.51,2.23,4.35,0.32,0.44,0.28,14.0,0.39,0.44,0.45,0.45,0.0,0.0,0.0,0.0,1932990000.0,2137920000.0,1759720000.0,6.0,5116.0,4956.0,53.33,61.45,1.6,-27.29,-5.02,28.57,-34.55,17.87,22.89,6.37,4.24,29.0,30.0,29.0,2024-11-15,1.0,0.6000000000000001,1.6,5.517241379310345,0.8999999999999999,0.4,1.2999999999999998,30.86,1.8599999999999994,0.28804,0.27829,0.283165,0.22463,20.671693182420146,-0.05365500000000001,678.0,94.0,0.5274151436031331,21.0,3.4482758620689724,1,2.068965517241373,2024-10-25,595.0,568.8458251953125,0.1451871428571428,0.1399304545454545,0.141705,-0.0052566883116882,-0.0034821428571428,1,0.1974514285714285,0.13195,0.0655014285714285,0.0195135714285714,0.4341892329269606,0.3105128409149416,0.8406374501992032,0.0682003889466289,0.0931146834517239,0.0520724594054188,0.7324343102340886,1.17,-0.4529624625967163,0.8687081821842678,-0.0892305198026933,-0.0094939039573715,0.0117769259186926,-0.0094939039573715,1,20.329999923706055,20.940000534057617,5.8112856379917694,1.6,1.2999999999999998,real_post_mid,0.16000000000000003,2.6,11.400000000000023,0.003931034482758629
OKE,2024-09-30,2024-10-29,0.0,90.24,83.33,5.88,14.66,1.23,1.33,1.04,10.0,1.23,1.28,1.29,1.3,0.0,0.0,0.0,1.0,6169370000.0,6510680000.0,5828050000.0,2.0,3792.8,3578.4,21.33,244.75,34.56,2.36,-14.83,27.88,22.02,65.41,110.09,8.18,9.03,95.0,95.0,95.0,2024-11-15,2.6,2.175,4.775,5.026315789473684,2.175,1.775,3.9499999999999997,109.81,14.810000000000002,0.22951,0.32707,0.27829000000000004,0.234385,15.776707750907335,-0.034145000000000036,926.0,100.0,0.2330049261083744,18.0,0.0,1,5.026315789473684,2024-10-28,595.0,570.6043701171875,0.1430942857142857,0.1385995454545454,0.141705,-0.0044947402597402,-0.0013892857142856,1,0.1932685714285714,0.1347357142857143,0.0585328571428571,0.0209078571428571,0.3946758010572874,0.2967990152256228,0.8406374501992032,0.0770487587295865,0.0932079697936959,0.0498863159205898,0.8266327321593236,1.56,1.641024061400327,1.0619021742669976,0.3541870264417513,-0.0047975010030499,0.0163789885026579,-0.0064318274014191,1,19.799999237060547,20.170000076293945,5.490570665631976,4.775,3.9499999999999997,real_post_mid,0.47750000000000004,2.6,32.150000000000055,0.003384210526315795
RSG,2024-09-30,2024-10-29,1.0,199.38,194.32,2.47,5.14,1.61,1.7,1.47,19.0,1.61,1.62,1.62,1.62,1.0,0.0,1.0,2.0,4120840000.0,4159570000.0,4091300000.0,18.0,13655.2,13161.44,344.53,127.93,8.64,4.82,9.35,14.18,11.03,12.38,13.2,0.26,0.81,200.0,200.0,200.0,2024-11-15,5.35,4.449999999999999,9.799999999999999,4.8999999999999995,3.05,3.65,6.699999999999999,208.04,8.039999999999992,0.27829,0.27829,0.27829,0.20512,26.292716231269537,-0.063415,650.0,4.0,0.6956521739130435,18.0,0.0,1,4.8999999999999995,2024-10-28,595.0,570.6043701171875,0.1430942857142857,0.1385995454545454,0.141705,-0.0044947402597402,-0.0013892857142856,1,0.1932685714285714,0.1347357142857143,0.0585328571428571,0.0209078571428571,0.3946758010572874,0.2967990152256228,0.8406374501992032,0.0770487587295865,0.0932079697936959,0.0498863159205898,0.8266327321593236,1.56,1.641024061400327,1.0619021742669976,0.3541870264417513,-0.0047975010030499,0.0163789885026579,-0.0064318274014191,1,19.799999237060547,20.170000076293945,5.490570665631976,9.799999999999999,6.699999999999999,real_post_mid,0.98,2.6,209.39999999999998,0.010469999999999998
INCY,2024-09-30,2024-10-29,0.0,65.83,65.07,11.8,13.11,1.07,1.84,0.72,15.0,1.16,1.31,1.34,1.44,1.0,0.0,2.0,4.0,1077500000.0,1098000000.0,1066310000.0,18.0,-13292.0,-11568.8,-1125.87,477.37,9.34,18.49,9.33,-283.84,-384.38,-222.95,-336.72,-0.22,-66.84,65.0,75.0,65.0,2024-11-15,3.0,1.95,4.95,7.615384615384616,9.5,,,75.87,10.870000000000005,0.44414,0.40511,0.42462500000000003,0.351455,17.23167500735944,-0.063415,920.0,439.0,0.37292464878671777,18.0,15.384615384615374,0,-7.7692307692307585,2024-10-28,595.0,570.6043701171875,0.1430942857142857,0.1385995454545454,0.141705,-0.0044947402597402,-0.0013892857142856,1,0.1932685714285714,0.1347357142857143,0.0585328571428571,0.0209078571428571,0.3946758010572874,0.2967990152256228,0.8406374501992032,0.0770487587295865,0.0932079697936959,0.0498863159205898,0.8266327321593236,1.56,1.641024061400327,1.0619021742669976,0.3541870264417513,-0.0047975010030499,0.0163789885026579,-0.0064318274014191,1,19.799999237060547,20.170000076293945,5.490570665631976,4.95,10.0,intrinsic_fallback,0.49500000000000005,2.6,-557.1,-0.08570769230769232
ZBRA,2024-09-30,2024-10-29,1.0,368.6,351.19,4.36,9.54,3.23,3.36,3.13,14.0,3.23,3.24,3.24,3.17,0.0,0.0,1.0,0.0,1216860000.0,1248000000.0,1203000000.0,13.0,20495.2,18463.2,1098.67,438.18,0.25,3.57,-18.88,-3.34,11.97,-12.99,-13.92,0.54,-2.26,370.0,380.0,370.0,2024-11-15,14.350000000000001,19.2,33.55,9.067567567567567,19.5,4.625,24.125,385.91,15.910000000000025,0.52218,0.50267,0.5124249999999999,0.31731,38.07679172561838,-0.15609499999999993,45.0,15.0,1.1812297734627832,18.0,2.7027027027026973,1,6.364864864864869,2024-10-28,595.0,570.6043701171875,0.1430942857142857,0.1385995454545454,0.141705,-0.0044947402597402,-0.0013892857142856,1,0.1932685714285714,0.1347357142857143,0.0585328571428571,0.0209078571428571,0.3946758010572874,0.2967990152256228,0.8406374501992032,0.0770487587295865,0.0932079697936959,0.0498863159205898,0.8266327321593236,1.56,1.641024061400327,1.0619021742669976,0.3541870264417513,-0.0047975010030499,0.0163789885026579,-0.0064318274014191,1,19.799999237060547,20.170000076293945,5.490570665631976,33.55,24.125,real_post_mid,3.355,2.6,604.3999999999996,0.016335135135135126
BXP,2024-09-30,2024-10-29,0.0,80.77,71.31,6.71,20.87,0.54,0.63,0.43,8.0,0.54,0.54,0.54,0.52,0.0,0.0,2.0,0.0,834620000.0,855260000.0,800820000.0,7.0,1797.6,1951.2,-76.8,143.1,4.08,1.32,4.86,-23.08,13.64,0.39,-9.37,-2.02,-4.38,87.5,82.5,87.5,2024-11-15,3.0,2.85,5.85,6.685714285714285,0.875,5.449999999999999,6.324999999999999,78.53,8.969999999999999,0.3856,0.37584,0.38072,0.36609,3.8427190586257556,-0.053649999999999975,454.0,1.0,0.24696356275303644,18.0,5.714285714285716,1,0.9714285714285689,2024-10-28,595.0,570.6043701171875,0.1430942857142857,0.1385995454545454,0.141705,-0.0044947402597402,-0.0013892857142856,1,0.1932685714285714,0.1347357142857143,0.0585328571428571,0.0209078571428571,0.3946758010572874,0.2967990152256228,0.8406374501992032,0.0770487587295865,0.0932079697936959,0.0498863159205898,0.8266327321593236,1.56,1.641024061400327,1.0619021742669976,0.3541870264417513,-0.0047975010030499,0.0163789885026579,-0.0064318274014191,1,19.799999237060547,20.170000076293945,5.490570665631976,5.85,6.324999999999999,real_post_mid,0.585,2.6,-108.59999999999995,-0.012411428571428566
CB,2024-09-30,2024-10-29,1.0,289.57,275.66,-0.82,4.19,4.98,5.55,4.36,21.0,4.98,4.91,4.92,4.92,0.0,0.0,7.0,0.0,12542600000.0,12715000000.0,12252000000.0,7.0,17024.8,15931.68,791.47,533.94,17.79,7.96,16.3,9.35,-0.55,22.64,-13.23,-71.1,-4.86,290.0,285.0,290.0,2024-11-15,7.7,6.75,14.45,4.982758620689655,2.95,8.55,11.5,288.0,2.0,0.28804,0.27829,0.283165,0.22463,20.671693182420146,-0.04877999999999999,992.0,13.0,0.3768796992481203,18.0,1.7241379310344862,1,3.2586206896551686,2024-10-28,595.0,570.6043701171875,0.1430942857142857,0.1385995454545454,0.141705,-0.0044947402597402,-0.0013892857142856,1,0.1932685714285714,0.1347357142857143,0.0585328571428571,0.0209078571428571,0.3946758010572874,0.2967990152256228,0.8406374501992032,0.0770487587295865,0.0932079697936959,0.0498863159205898,0.8266327321593236,1.56,1.641024061400327,1.0619021742669976,0.3541870264417513,-0.0047975010030499,0.0163789885026579,-0.0064318274014191,1,19.799999237060547,20.170000076293945,5.490570665631976,14.45,11.5,real_post_mid,1.445,2.6,147.89999999999992,0.005099999999999997
HUBB,2024-09-30,2024-10-29,1.0,428.48,395.65,2.72,11.24,4.45,4.56,4.39,11.0,4.45,4.45,4.45,4.46,0.0,0.0,3.0,0.0,1482570000.0,1500200000.0,1466000000.0,10.0,17506.4,16781.92,273.07,144.42,6.34,3.82,7.68,7.37,21.39,10.88,6.43,-0.96,0.02,450.0,430.0,450.0,2024-11-15,19.25,16.0,35.25,7.833333333333334,5.9,22.0,27.9,437.61,12.389999999999986,0.4734,0.41487,0.444135,0.3417,23.063933263534736,-0.102435,600.0,601.0,0.043142305215711524,18.0,4.444444444444439,1,3.3888888888888946,2024-10-28,595.0,570.6043701171875,0.1430942857142857,0.1385995454545454,0.141705,-0.0044947402597402,-0.0013892857142856,1,0.1932685714285714,0.1347357142857143,0.0585328571428571,0.0209078571428571,0.3946758010572874,0.2967990152256228,0.8406374501992032,0.0770487587295865,0.0932079697936959,0.0498863159205898,0.8266327321593236,1.56,1.641024061400327,1.0619021742669976,0.3541870264417513,-0.0047975010030499,0.0163789885026579,-0.0064318274014191,1,19.799999237060547,20.170000076293945,5.490570665631976,35.25,27.9,real_post_mid,3.5250000000000004,2.6,379.9000000000001,0.008442222222222224
FE,2024-09-30,2024-10-29,0.0,44.05,41.91,-2.77,2.2,0.9,0.93,0.87,14.0,0.89,0.9,0.9,0.9,0.0,0.0,2.0,0.0,3906900000.0,5165300000.0,3429000000.0,6.0,3119.2,3108.96,-64.0,86.94,9.12,-0.21,3.4,19.15,1.82,-4.83,-12.06,3.76,-3.1,43.0,42.0,43.0,2024-11-15,1.175,0.6499999999999999,1.825,4.2441860465116275,0.3,1.425,1.725,41.51,1.490000000000002,0.19048,0.25877,0.22462500000000002,0.21975,2.1702838063439147,-0.03902,389.0,70.0,0.5175438596491229,18.0,2.3255813953488413,1,1.9186046511627861,2024-10-28,595.0,570.6043701171875,0.1430942857142857,0.1385995454545454,0.141705,-0.0044947402597402,-0.0013892857142856,1,0.1932685714285714,0.1347357142857143,0.0585328571428571,0.0209078571428571,0.3946758010572874,0.2967990152256228,0.8406374501992032,0.0770487587295865,0.0932079697936959,0.0498863159205898,0.8266327321593236,1.56,1.641024061400327,1.0619021742669976,0.3541870264417513,-0.0047975010030499,0.0163789885026579,-0.0064318274014191,1,19.799999237060547,20.170000076293945,5.490570665631976,1.825,1.725,real_post_mid,0.1825,2.6,-10.850000000000012,-0.0025232558139534913
EIX,2024-09-30,2024-10-29,1.0,86.81,80.01,-4.23,3.91,1.38,1.47,1.33,13.0,1.41,1.44,1.45,1.46,0.0,0.0,0.0,0.0,5008610000.0,5399910000.0,4772000000.0,5.0,4370.4,3801.44,298.67,205.67,9.38,6.33,-3.04,21.78,8.85,16.03,24.31,2.14,2.5,85.0,82.5,85.0,2024-11-15,1.9,2.2,4.1,4.823529411764706,0.925,2.5,3.425,83.68,1.3199999999999932,0.27829,0.26853,0.27341,0.234385,14.273435499798829,-0.04877999999999999,711.0,3.0,2.5294117647058822,18.0,2.941176470588236,1,1.8823529411764697,2024-10-28,595.0,570.6043701171875,0.1430942857142857,0.1385995454545454,0.141705,-0.0044947402597402,-0.0013892857142856,1,0.1932685714285714,0.1347357142857143,0.0585328571428571,0.0209078571428571,0.3946758010572874,0.2967990152256228,0.8406374501992032,0.0770487587295865,0.0932079697936959,0.0498863159205898,0.8266327321593236,1.56,1.641024061400327,1.0619021742669976,0.3541870264417513,-0.0047975010030499,0.0163789885026579,-0.0064318274014191,1,19.799999237060547,20.170000076293945,5.490570665631976,4.1,3.425,real_post_mid,0.41,2.6,23.899999999999984,0.0028117647058823513
NI,2024-09-30,2024-10-30,1.0,34.65,31.76,1.39,10.61,0.16,0.2,0.12,12.0,0.15,0.17,0.17,0.18,0.0,0.0,3.0,0.0,1152210000.0,1263300000.0,1091000000.0,3.0,2462.56,2248.8,132.27,82.01,-0.49,-36.43,-6.73,90.91,-75.29,24.63,40.32,8.85,6.35,35.0,35.0,35.0,2024-11-15,0.375,1.15,1.525,4.357142857142857,0.7749999999999999,0.5,1.275,36.57,1.5700000000000003,0.20024,0.2978,0.24902000000000002,0.21975499999999998,11.752068106979374,-0.14146000000000003,1253.0,6.0,2.3636363636363638,17.0,0.0,1,4.357142857142857,2024-10-29,600.0,571.5277709960938,0.1437914285714285,0.136825,0.136825,-0.0069664285714285,-0.0069664285714285,1,0.19048,0.1347371428571428,0.0557428571428571,0.0188171428571428,0.4078379544718954,0.3013671701310069,0.8446215139442231,0.0792820510060303,0.0925320337142016,0.0512593948572269,0.856806533085658,1.15,-0.605538662589658,0.4456640672295623,-1.0182773641011695,-0.0026572981171303,0.0139604976120157,-0.0048239502594294,1,19.34000015258789,19.959999084472656,4.9608572954450345,1.525,1.275,real_post_mid,0.1525,2.6,7.15,0.002042857142857143
ALL,2024-09-30,2024-10-30,1.0,189.65,177.38,-0.11,6.8,2.43,4.31,1.38,18.0,2.47,3.21,3.03,2.98,0.0,0.0,3.0,0.0,14936500000.0,15373300000.0,14594000000.0,5.0,34132.0,26839.68,3545.07,688.25,12.5,3.12,10.48,136.43,-68.62,130.9,122.74,-83.25,19.97,185.0,185.0,185.0,2024-11-15,6.85,4.9,11.75,6.351351351351352,5.25,3.35,8.6,196.88,11.879999999999995,0.36609,0.36609,0.36609,0.27829,23.98317353656206,-0.08292500000000003,83.0,6.0,3.1859756097560976,17.0,0.0,1,6.351351351351352,2024-10-29,600.0,571.5277709960938,0.1437914285714285,0.136825,0.136825,-0.0069664285714285,-0.0069664285714285,1,0.19048,0.1347371428571428,0.0557428571428571,0.0188171428571428,0.4078379544718954,0.3013671701310069,0.8446215139442231,0.0792820510060303,0.0925320337142016,0.0512593948572269,0.856806533085658,1.15,-0.605538662589658,0.4456640672295623,-1.0182773641011695,-0.0026572981171303,0.0139604976120157,-0.0048239502594294,1,19.34000015258789,19.959999084472656,4.9608572954450345,11.75,8.6,real_post_mid,1.175,2.6,194.90000000000003,0.010535135135135137
EG,2024-09-30,2024-10-30,0.0,391.83,368.34,-3.02,3.17,11.91,14.58,9.78,11.0,11.8,10.86,10.45,10.37,0.0,0.0,6.0,0.0,3918000000.0,4437030000.0,3939000000.0,5.0,96524.0,98652.0,490.67,4111.31,13.17,1.3,21.24,10.78,3.25,10.98,15.71,16.53,0.47,380.0,360.0,380.0,2024-11-15,9.65,11.85,21.5,5.657894736842105,1.25,24.5,25.75,371.33,8.670000000000016,0.33682,0.32707,0.33194500000000005,0.27341,17.633945382518203,-0.06829000000000007,16.0,1.0,2.8427947598253276,17.0,5.263157894736848,1,0.3947368421052575,2024-10-29,600.0,571.5277709960938,0.1437914285714285,0.136825,0.136825,-0.0069664285714285,-0.0069664285714285,1,0.19048,0.1347371428571428,0.0557428571428571,0.0188171428571428,0.4078379544718954,0.3013671701310069,0.8446215139442231,0.0792820510060303,0.0925320337142016,0.0512593948572269,0.856806533085658,1.15,-0.605538662589658,0.4456640672295623,-1.0182773641011695,-0.0026572981171303,0.0139604976120157,-0.0048239502594294,1,19.34000015258789,19.959999084472656,4.9608572954450345,21.5,25.75,real_post_mid,2.15,2.6,-642.6,-0.016910526315789473
LIN,2024-09-30,2024-10-31,1.0,475.02,454.0,-3.97,0.47,3.89,3.94,3.87,17.0,3.89,3.9,3.9,3.96,0.0,0.0,1.0,0.0,8346110000.0,8463010000.0,8262530000.0,12.0,33208.8,32822.4,168.53,31.46,0.77,2.06,-2.02,7.84,2.67,7.44,5.92,1.3,1.28,475.0,460.0,475.0,2024-11-15,10.1,10.1,20.2,4.252631578947368,1.25,18.4,19.65,449.1,25.899999999999977,0.25877,0.24902,0.253895,0.18073,28.817030662281645,-0.05365499999999998,163.0,155.0,1.4226327944572748,16.0,3.157894736842104,1,1.0947368421052643,2024-10-30,595.0,569.798828125,0.156335,0.1474713636363636,0.146585,-0.0088636363636363,-0.0097499999999999,1,0.20024,0.13195,0.0682899999999999,0.0097599999999999,0.6446623152443628,0.3835611950218346,0.896414342629482,0.0386186816576626,0.0868148732370444,0.0695201267629555,0.444839463765798,1.13,-0.6380048146073912,1.1369981019124642,0.5618548549147033,0.0034948674475343,0.020031019677664,-0.007834482072579,1,20.350000381469727,20.760000228881836,4.716500381469727,20.2,19.65,real_post_mid,2.02,2.6,-149.59999999999994,-0.003149473684210525
WEC,2024-09-30,2024-10-31,1.0,96.75,90.16,-1.26,5.96,0.7,0.74,0.68,14.0,0.7,0.75,0.76,1.02,0.0,0.0,0.0,0.0,1933560000.0,2122230000.0,1742510000.0,5.0,7277.6,7028.64,160.0,51.02,-3.17,-33.89,-6.23,-27.17,-65.99,-5.09,-14.23,-0.38,-2.65,95.0,95.0,95.0,2024-11-15,2.575,1.7999999999999998,4.375,4.605263157894736,1.95,1.7000000000000002,3.6500000000000004,97.98,2.980000000000004,0.23926,0.2978,0.26853,0.244145,9.08092205712583,-0.063415,44.0,8.0,1.7659574468085106,16.0,0.0,1,4.605263157894736,2024-10-30,595.0,569.798828125,0.156335,0.1474713636363636,0.146585,-0.0088636363636363,-0.0097499999999999,1,0.20024,0.13195,0.0682899999999999,0.0097599999999999,0.6446623152443628,0.3835611950218346,0.896414342629482,0.0386186816576626,0.0868148732370444,0.0695201267629555,0.444839463765798,1.13,-0.6380048146073912,1.1369981019124642,0.5618548549147033,0.0034948674475343,0.020031019677664,-0.007834482072579,1,20.350000381469727,20.760000228881836,4.716500381469727,4.375,3.6500000000000004,real_post_mid,0.4375,2.6,26.149999999999963,0.0027526315789473646
XEL,2024-09-30,2024-10-31,0.0,65.32,59.75,2.28,11.82,1.26,1.33,1.19,13.0,1.26,1.33,1.33,1.31,0.0,0.0,1.0,0.0,3925270000.0,4197800000.0,3717280000.0,5.0,4252.0,4114.4,64.0,160.8,0.2,-17.02,-7.36,3.85,-38.64,19.51,7.42,6.82,1.0,65.0,65.0,65.0,2024-11-15,0.47500000000000003,2.3,2.775,4.269230769230769,2.325,0.47500000000000003,2.8000000000000003,69.46,4.459999999999994,0.21975,0.21975,0.21975,0.234385,-6.659840728100118,-0.01951,1026.0,135.0,0.13707165109034267,16.0,0.0,1,4.269230769230769,2024-10-30,595.0,569.798828125,0.156335,0.1474713636363636,0.146585,-0.0088636363636363,-0.0097499999999999,1,0.20024,0.13195,0.0682899999999999,0.0097599999999999,0.6446623152443628,0.3835611950218346,0.896414342629482,0.0386186816576626,0.0868148732370444,0.0695201267629555,0.444839463765798,1.13,-0.6380048146073912,1.1369981019124642,0.5618548549147033,0.0034948674475343,0.020031019677664,-0.007834482072579,1,20.350000381469727,20.760000228881836,4.716500381469727,2.775,2.8000000000000003,real_post_mid,0.2775,2.6,-32.85000000000004,-0.00505384615384616
GWW,2024-09-30,2024-10-31,0.0,1039.9,952.79,6.67,16.42,9.97,10.13,9.77,15.0,9.97,9.98,10.02,10.27,0.0,0.0,2.0,0.0,4401370000.0,4431100000.0,4370000000.0,14.0,22741.6,21951.2,101.33,395.63,3.11,1.82,6.52,5.17,1.46,-1.1,-1.82,-0.02,-0.76,1100.0,1100.0,1100.0,2024-11-15,33.1,31.849999999999998,64.95,5.904545454545454,24.25,19.9,44.15,1178.33,78.32999999999993,0.35633,0.35633,0.35633,0.253895,28.74722869250414,-0.107315,123.0,7.0,2.625,16.0,0.0,1,5.904545454545454,2024-10-30,595.0,569.798828125,0.156335,0.1474713636363636,0.146585,-0.0088636363636363,-0.0097499999999999,1,0.20024,0.13195,0.0682899999999999,0.0097599999999999,0.6446623152443628,0.3835611950218346,0.896414342629482,0.0386186816576626,0.0868148732370444,0.0695201267629555,0.444839463765798,1.13,-0.6380048146073912,1.1369981019124642,0.5618548549147033,0.0034948674475343,0.020031019677664,-0.007834482072579,1,20.350000381469727,20.760000228881836,4.716500381469727,64.95,44.15,real_post_mid,6.495000000000001,2.6,1427.9000000000003,0.012980909090909093
TROW,2024-09-30,2024-11-01,1.0,107.34,106.47,4.4,5.25,2.33,2.44,2.16,11.0,2.33,2.29,2.28,2.28,0.0,0.0,9.0,0.0,1834950000.0,1864990000.0,1787300000.0,5.0,8536.8,7688.8,608.0,430.81,7.65,-0.97,3.48,11.88,-5.04,14.44,5.85,1.88,-0.55,110.0,115.0,110.0,2024-11-15,3.7,3.55,7.25,6.59090909090909,4.9,2.25,7.15,118.77,8.769999999999996,0.41487,0.40511,0.40999,0.41974500000000003,-2.3793263250323213,-0.102435,801.0,93.0,1.5569837189374465,15.0,4.545454545454541,1,2.0454545454545485,2024-10-31,585.0,558.6290283203125,0.1653985714285714,0.1567836363636363,0.15634,-0.008614935064935,-0.0090585714285714,1,0.21975,0.1598257142857143,0.0599242857142857,0.0243892857142857,0.8157837954471892,0.4429518892784095,0.9482071713147412,0.1474639762886978,0.1127345479037353,0.052664023524836,1.308063757124552,1.02,-1.1540848053547654,3.125548914478739,3.219086474569925,-0.0182997450443463,-0.0003866267341683,-0.0272839608383237,1,23.15999984741211,22.63999938964844,6.620142704554969,7.25,7.15,real_post_mid,0.7250000000000001,2.6,-65.10000000000004,-0.0059181818181818216
SPG,2024-09-30,2024-11-01,0.0,168.54,151.07,-0.5,11.01,1.57,1.69,1.39,5.0,1.57,1.58,1.58,1.58,0.0,0.0,0.0,0.0,1325390000.0,1351790000.0,1284880000.0,8.0,-967.2,1404.0,-1004.8,997.55,6.47,1.09,6.89,1.34,79.76,0.28,14.62,1.17,3.67,170.0,175.0,170.0,2024-11-15,4.6,5.0,9.6,5.647058823529411,4.9,2.55,7.45,180.27,10.27000000000001,0.35633,0.34658,0.35145499999999996,0.273405,22.207679503777143,-0.06340999999999997,1018.0,75.0,0.7189901207464325,15.0,2.941176470588225,1,2.7058823529411864,2024-10-31,585.0,558.6290283203125,0.1653985714285714,0.1567836363636363,0.15634,-0.008614935064935,-0.0090585714285714,1,0.21975,0.1598257142857143,0.0599242857142857,0.0243892857142857,0.8157837954471892,0.4429518892784095,0.9482071713147412,0.1474639762886978,0.1127345479037353,0.052664023524836,1.308063757124552,1.02,-1.1540848053547654,3.125548914478739,3.219086474569925,-0.0182997450443463,-0.0003866267341683,-0.0272839608383237,1,23.15999984741211,22.63999938964844,6.620142704554969,9.6,7.45,real_post_mid,0.96,2.6,116.39999999999995,0.006847058823529408
PPL,2024-09-30,2024-11-01,0.0,33.06,30.64,-4.54,3.0,0.42,0.46,0.36,13.0,0.42,0.46,0.45,0.45,0.0,0.0,0.0,0.0,1914400000.0,2105410000.0,1547790000.0,3.0,282.4,23.2,96.0,61.45,3.18,-18.36,1.86,31.03,-29.63,18.45,27.87,3.86,4.0,33.0,32.0,33.0,2024-11-15,0.6000000000000001,0.9750000000000001,1.5750000000000002,4.772727272727273,0.22499999999999998,1.475,1.7000000000000002,33.7,0.7000000000000028,0.28804,0.2978,0.29292,0.26365,9.992489416905645,-0.05366000000000001,233.0,87.0,0.027266530334014997,15.0,3.0303030303030276,1,1.7424242424242458,2024-10-31,585.0,558.6290283203125,0.1653985714285714,0.1567836363636363,0.15634,-0.008614935064935,-0.0090585714285714,1,0.21975,0.1598257142857143,0.0599242857142857,0.0243892857142857,0.8157837954471892,0.4429518892784095,0.9482071713147412,0.1474639762886978,0.1127345479037353,0.052664023524836,1.308063757124552,1.02,-1.1540848053547654,3.125548914478739,3.219086474569925,-0.0182997450443463,-0.0003866267341683,-0.0272839608383237,1,23.15999984741211,22.63999938964844,6.620142704554969,1.5750000000000002,1.7000000000000002,real_post_mid,0.15750000000000003,2.6,-30.850000000000005,-0.00934848484848485
D,2024-09-30,2024-11-01,1.0,58.36,56.08,1.08,5.19,0.93,0.96,0.84,16.0,0.93,0.92,0.92,0.95,0.0,0.0,1.0,0.0,4178550000.0,4363700000.0,4028000000.0,4.0,3368.8,3224.8,141.33,211.99,10.11,-4.02,1.49,22.64,18.18,4.92,35.52,4.06,4.33,60.0,57.5,60.0,2024-11-15,1.325,1.65,2.9749999999999996,4.958333333333333,0.35,2.925,3.275,57.63,2.3699999999999974,0.30755,0.30755,0.30755,0.28804,6.343683953828637,0.009759999999999991,1672.0,940.0,0.27422934648582,15.0,4.1666666666666625,1,0.7916666666666705,2024-10-31,585.0,558.6290283203125,0.1653985714285714,0.1567836363636363,0.15634,-0.008614935064935,-0.0090585714285714,1,0.21975,0.1598257142857143,0.0599242857142857,0.0243892857142857,0.8157837954471892,0.4429518892784095,0.9482071713147412,0.1474639762886978,0.1127345479037353,0.052664023524836,1.308063757124552,1.02,-1.1540848053547654,3.125548914478739,3.219086474569925,-0.0182997450443463,-0.0003866267341683,-0.0272839608383237,1,23.15999984741211,22.63999938964844,6.620142704554969,2.9749999999999996,3.275,real_post_mid,0.2975,2.6,-62.35000000000003,-0.010391666666666672
L,2024-09-30,2024-11-04,1.0,79.28,76.4,-3.49,0.14,0.0,0.0,0.0,0.0,0.0,0.0,0.0,0.0,0.0,0.0,0.0,0.0,0.0,0.0,0.0,0.0,48877.44,36734.98,8157.44,4048.56,,10.84,6.69,,3.43,,,,,80.0,80.0,80.0,2024-11-15,1.475,2.05,3.525,4.40625,0.575,1.625,2.2,83.67,3.6700000000000017,0.27829,0.27829,0.27829,0.166095,40.315857558661826,-0.04877999999999999,55.0,9.0,0.6666666666666666,14.0,0.0,1,4.40625,2024-11-01,585.0,560.9866333007812,0.16122,0.1514599999999999,0.15634,-0.00976,-0.0048799999999999,1,0.21,0.15146,0.0585399999999999,0.01951,0.7368917898370912,0.4155710427656061,0.9362549800796812,0.1572092598430486,0.1134516568850936,0.0477683431149063,1.385693820252212,1.33,0.5824900660587969,0.6549653744364257,-0.4960346259775041,-0.0138160315966682,0.0056705159430945,-0.0231787674769889,1,21.8799991607666,21.90999984741211,5.757999160766602,3.525,2.2,real_post_mid,0.35250000000000004,2.6,94.64999999999998,0.011831249999999998
AIG,2024-09-30,2024-11-04,1.0,76.05,71.24,0.37,7.14,1.1,1.28,0.9,14.0,1.11,1.23,1.26,1.32,0.0,0.0,0.0,0.0,6687060000.0,6796000000.0,6474280000.0,6.0,18668.0,18679.52,98.13,361.74,-11.99,-3.01,-22.29,-49.78,-34.46,-4.76,-30.36,-65.6,-2.48,76.0,75.0,76.0,2024-11-08,2.025,2.225,4.25,5.592105263157895,0.875,1.425,2.3,75.58,0.4200000000000017,0.50267,0.50267,0.50267,0.41974500000000003,16.496906519187522,-0.17560499999999996,20.0,34.0,1.6730178242163491,7.0,1.3157894736842146,1,4.27631578947368,2024-11-01,585.0,560.9866333007812,0.16122,0.1514599999999999,0.15634,-0.00976,-0.0048799999999999,1,0.21,0.15146,0.0585399999999999,0.01951,0.7368917898370912,0.4155710427656061,0.9362549800796812,0.1572092598430486,0.1134516568850936,0.0477683431149063,1.385693820252212,1.33,0.5824900660587969,0.6549653744364257,-0.4960346259775041,-0.0138160315966682,0.0056705159430945,-0.0231787674769889,1,21.8799991607666,21.90999984741211,5.757999160766602,4.25,2.3,real_post_mid,0.42500000000000004,2.6,149.9,0.019723684210526317
AIZ,2024-09-30,2024-11-05,1.0,197.53,170.19,-2.25,13.46,2.52,2.69,2.4,7.0,2.52,3.26,3.29,3.28,0.0,0.0,0.0,0.0,2939390000.0,2996000000.0,2914400000.0,5.0,40764.0,35391.84,2368.0,808.68,7.08,1.56,8.81,4.88,-14.64,11.27,14.0,-0.65,0.48,190.0,210.0,190.0,2024-11-15,5.85,4.75,10.6,5.578947368421053,16.7,0.05,16.75,218.82,28.819999999999993,0.3856,0.41487,0.400235,0.24902000000000002,37.781553337414266,-0.11707000000000001,26.0,0.0,0.45714285714285713,11.0,10.526315789473696,0,-4.9473684210526425,2024-11-04,585.0,559.7782592773438,0.16122,0.1514599999999999,0.1514599999999999,-0.00976,-0.00976,1,0.21,0.1542485714285714,0.0557514285714285,0.0209042857142857,0.7368917898370912,0.4155710427656061,0.9362549800796812,0.1490736305731886,0.1090846914565401,0.0521353085434598,1.366586168807932,1.29,0.3350796888784531,1.4134921496132669,0.6000399061640126,-0.0189730598060795,-0.0055327054729165,-0.025282855761549,1,21.979999542236328,21.56999969482422,5.857999542236328,10.6,16.75,real_post_mid,1.06,2.6,-723.6000000000001,-0.0380842105263158
AEP,2024-09-30,2024-11-06,1.0,98.06,98.04,-1.85,-1.83,1.8,1.85,1.67,17.0,1.8,1.81,1.81,1.8,0.0,0.0,2.0,0.0,5434230000.0,6009000000.0,4940970000.0,6.0,2800.8,2732.0,84.8,72.98,2.9,-9.19,0.81,10.62,-1.57,-6.65,-12.25,-2.78,-3.26,100.0,95.0,100.0,2024-11-15,2.075,2.375,4.45,4.45,0.125,4.675000000000001,4.800000000000001,96.31,3.6899999999999977,0.26853,0.39536,0.331945,0.141705,57.31069906159153,-0.09755999999999998,5042.0,400.0,0.5054592164418754,10.0,5.000000000000004,0,-0.5500000000000043,2024-11-05,595.0,566.547119140625,0.1423971428571428,0.1379732352941176,0.141705,-0.0044239075630252,-0.0006921428571428,1,0.19048,0.1430942857142857,0.0473857142857143,0.0243899999999999,0.3815136476426799,0.292230860320239,0.8286852589641435,0.1865951067891331,0.1120442879072859,0.0303528549498569,1.6653692060012582,1.45,1.2516185083477538,1.3942123725450006,0.5174036856234693,-0.0087146278942633,0.015674593122682,-0.0134965392222015,1,20.489999771118164,20.190000534057617,6.250285485403879,4.45,4.800000000000001,real_post_mid,0.44500000000000006,2.6,-82.10000000000005,-0.008210000000000005
MSI,2024-09-30,2024-11-07,1.0,457.91,410.76,2.63,14.41,3.38,3.49,3.34,10.0,3.36,3.36,3.36,3.36,1.0,0.0,1.0,0.0,2760780000.0,2779000000.0,2744000000.0,9.0,16591.2,14956.0,928.0,150.94,9.36,10.0,9.29,22.26,15.3,17.74,24.32,1.47,2.95,470.0,510.0,470.0,2024-11-15,11.350000000000001,11.45,22.8,4.851063829787234,35.35,0.2,35.550000000000004,489.0,19.0,0.39536,0.3856,0.39048,0.18560500000000002,52.46747592706412,-0.14634,116.0,21.0,0.215625,9.0,8.51063829787233,0,-3.6595744680850952,2024-11-06,605.0,580.6347045898438,0.12219,0.122195,0.1319449999999999,5.000000000005e-06,0.0097549999999999,0,0.15146,0.12219,0.02927,0.014635,0.0,0.1598198948762713,0.5856573705179283,0.262181678515312,0.136448825837753,-0.014258825837753,1.9214652592691697,1.3,0.4548563838146072,8.045159318414525,3.918250458804043,0.0190170213240006,0.0311776393449019,0.0,1,16.270000457763672,17.670000076293945,4.0510004577636725,22.8,35.550000000000004,real_post_mid,2.2800000000000002,2.6,-1505.6000000000004,-0.0320340425531915
FITB,2024-12-31,2025-01-21,0.0,42.93,43.87,4.5,2.26,0.88,3.3547,3.1095,17.0,3.1706,3.1708,3.1719,3.2205,2.0,0.0,3.0,5.0,2205227390.0,8652000000.0,8479000000.0,12.0,3538.4,3701.92,-94.4,42.37,4.32,1.6,27.05,-14.29,-3.7,-11.45,-13.95,-4.4,-4.66,44.0,44.0,44.0,2025-02-21,1.6,1.1,2.7,6.136363636363637,1.15,1.05,2.2,42.88,1.1199999999999974,0.23926,0.24902,0.24414,0.21975,9.990169574834109,0.019514999999999977,790.0,85.0,1.5965362411802437,35.0,0.0,1,6.136363636363637,2025-01-17,610.0,589.0353393554688,0.117315,0.1256764285714285,0.1319449999999999,0.0083614285714285,0.0146299999999999,0,0.15146,0.11244,0.03902,0.014635,0.2403178386968613,0.1396461288416076,0.446215139442231,0.1290557718273382,0.1766812902964613,-0.0593662902964612,0.7304439061475605,1.19,0.7925757898527013,1.9873964268360695,-0.290093655836163,0.0294407693854399,-0.01186356961496,-0.0135217696668693,1,15.970000267028809,18.190000534057617,4.238500267028808,2.7,2.2,real_post_mid,0.27,2.6,20.4,0.004636363636363636
IBKR,2024-12-31,2025-01-21,1.0,175.92,147.44,9.61,30.79,0.46,7.0785,6.61,10.0,6.8015,6.7815,6.8059,6.9143,4.0,0.0,8.0,1.0,1388850340.0,5211800000.0,5180450700.0,5.0,-56176.8,-46039.2,-3377.07,2241.43,-32.69,-40.7,38.16,12.82,0.0,13.86,21.76,67.43,68.74,190.0,210.0,190.0,2025-02-21,7.9,7.15,15.05,7.921052631578948,20.75,1.05,21.8,218.73,28.72999999999999,0.31731,0.32707,0.32219,0.26365,18.16940314721127,0.0,209.0,106.0,0.31674862597628,35.0,10.526315789473696,0,-2.605263157894748,2025-01-17,610.0,589.0353393554688,0.117315,0.1256764285714285,0.1319449999999999,0.0083614285714285,0.0146299999999999,0,0.15146,0.11244,0.03902,0.014635,0.2403178386968613,0.1396461288416076,0.446215139442231,0.1290557718273382,0.1766812902964613,-0.0593662902964612,0.7304439061475605,1.19,0.7925757898527013,1.9873964268360695,-0.290093655836163,0.0294407693854399,-0.01186356961496,-0.0135217696668693,1,15.970000267028809,18.190000534057617,4.238500267028808,15.05,21.8,real_post_mid,1.5050000000000001,2.6,-828.1000000000001,-0.043584210526315795
KEY,2024-12-31,2025-01-21,1.0,17.09,17.08,3.22,3.28,0.33,1.13,1.0612,14.0,1.1011,1.0968,1.0933,1.0888,3.0,0.0,5.0,0.0,1894775950.0,6453000000.0,5493000000.0,9.0,482.4,1981.12,-499.73,759.67,-29.57,-30.36,24.66,-262.07,-288.0,-219.95,-237.87,-25.01,-40.99,18.5,17.5,18.5,2025-01-24,0.315,0.45999999999999996,0.7749999999999999,4.189189189189189,0.01,1.205,1.215,17.68,0.8200000000000003,0.39536,0.35633,0.375845,0.33682,10.383269698945039,-0.09267999999999998,420.0,2980.0,0.6080013170892328,7.0,5.405405405405405,0,-1.2162162162162167,2025-01-17,610.0,589.0353393554688,0.117315,0.1256764285714285,0.1319449999999999,0.0083614285714285,0.0146299999999999,0,0.15146,0.11244,0.03902,0.014635,0.2403178386968613,0.1396461288416076,0.446215139442231,0.1290557718273382,0.1766812902964613,-0.0593662902964612,0.7304439061475605,1.19,0.7925757898527013,1.9873964268360695,-0.290093655836163,0.0294407693854399,-0.01186356961496,-0.0135217696668693,1,15.970000267028809,18.190000534057617,4.238500267028808,0.7749999999999999,1.215,real_post_mid,0.0775,2.6,-54.35000000000002,-0.02937837837837839
NTRS,2024-12-31,2025-01-23,1.0,103.61,100.19,5.72,9.33,2.0,9.6,9.446,12.0,9.4987,9.4846,9.4779,8.8334,4.0,0.0,7.0,1.0,2632000250.0,8486721480.0,8270400000.0,6.0,6354.4,120.8,3392.0,3453.74,22.81,-16.23,46.43,48.99,-48.85,32.51,38.41,-3.63,1.72,110.0,110.0,110.0,2025-02-21,2.425,3.9,6.324999999999999,5.75,2.9000000000000004,1.025,3.9250000000000003,112.97,2.969999999999999,0.27829,0.21,0.244145,0.15634,35.96428352003932,-0.043905,223.0,602.0,0.8565656565656565,30.0,0.0,1,5.75,2025-01-22,620.0,597.7686157226562,0.1075599999999999,0.117315,0.122195,0.009755,0.014635,0,0.13195,0.10268,0.02927,0.009755,0.1317997616209772,0.0765874335106382,0.2071713147410358,0.1149770498017961,0.142004562134541,-0.034444562134541,0.8096715209252371,1.27,0.992239596159076,4.279505443410966,0.7024902817718001,0.0416531902237016,0.0378677395501001,0.0,1,15.100000381469728,17.809999465942383,4.344000381469728,6.324999999999999,3.9250000000000003,real_post_mid,0.6325,2.6,174.14999999999992,0.015831818181818176
BA,2024-12-31,2025-01-28,0.0,180.72,154.29,-1.63,15.22,-3.78,-14.07,-17.67,21.0,-15.9008,-15.9008,-15.9008,-15.9031,4.0,0.0,1.0,6.0,16547579500.0,66813000000.0,66403200000.0,8.0,-125775.2,-124997.6,-2304.0,2482.43,-1.46,5.77,5.46,-220.25,-260.0,-11381.82,-591.58,-26.13,-27.62,175.0,175.0,175.0,2025-01-31,4.225,3.9,8.125,4.642857142857143,1.255,2.48,3.735,176.52,1.5200000000000102,0.56121,0.55145,0.55633,0.34657499999999997,37.70334154189061,-0.229265,1759.0,3654.0,0.6644541391215909,4.0,0.0,1,4.642857142857143,2025-01-27,610.0,590.7996826171875,0.1305557142857143,0.128534,0.136825,-0.0020217142857142,0.0062692857142856,0,0.1681842857142857,0.12219,0.0459942857142857,0.0146314285714285,0.3524701730801547,0.2252373300827425,0.649402390438247,0.1492958185161508,0.1474760710495584,-0.0169203567638441,1.0123392727622973,1.19,0.3445328658870044,2.395205753161411,-0.0680416198618472,0.0029953096933867,0.0078696754015297,-0.0170233534160036,1,17.899999618530273,18.969999313354492,4.844428189958844,8.125,3.735,real_post_mid,0.8125,2.6,355.15000000000003,0.020294285714285716
INTC,2024-12-31,2025-01-30,1.0,20.05,23.2,-0.2,-13.75,0.12,-0.06,-0.27,35.0,-0.1437,-0.1457,-0.1454,0.2573,1.0,0.0,1.0,2.0,13902159810.0,53210000000.0,52147000000.0,42.0,8936.8,9913.44,-380.8,428.65,-6.17,3.51,-8.64,-212.2,-2400.0,-301.08,-113112.5,-27.48,-68.12,20.0,19.5,20.0,2025-01-31,0.97,1.2,2.17,10.85,0.01,0.595,0.605,19.43,0.5700000000000003,1.85874,1.82947,1.8441049999999999,0.536815,70.89021503656244,-1.1999749999999998,30261.0,10926.0,0.5461871675572944,2.0,2.500000000000002,1,8.349999999999998,2025-01-29,610.0,593.204833984375,0.12707,0.1275575,0.1319449999999999,0.0004874999999999,0.0048749999999999,0,0.16122,0.11244,0.04878,0.0097599999999999,0.3114686607292893,0.202704824172577,0.6135458167330677,0.1426006936966544,0.146365258187726,-0.019295258187726,0.9742796580439652,0.98,-1.240682268427307,0.9097832712533814,-0.6335762270286003,-0.0076346961319874,0.000781549420181,-0.0130216457390942,1,16.559999465942383,18.149999618530273,3.852999465942382,2.17,0.605,real_post_mid,0.217,2.6,132.2,0.06609999999999999
BR,2024-12-31,2025-01-31,1.0,226.09,210.21,5.37,13.32,1.49,7.76,7.68,6.0,7.73,7.73,7.73,7.74,0.0,0.0,0.0,0.0,1719973580.0,6541220000.0,6506000000.0,7.0,38681.57,38365.04,2000.26,2378.91,13.11,11.69,6.39,-47.12,56.0,37.58,69.37,3.15,4.41,240.0,240.0,240.0,2025-02-21,6.1,5.65,11.75,4.895833333333333,4.25,3.925,8.175,235.33,4.6699999999999875,0.26853,0.23926,0.253895,0.19048500000000002,24.974891195179097,-0.03902,80.0,24.0,0.4,22.0,0.0,1,4.895833333333333,2025-01-30,615.0,596.3886108398438,0.1187085714285714,0.122195,0.1319449999999999,0.0034864285714285,0.0132364285714285,0,0.15146,0.11244,0.03902,0.0132414285714285,0.1428479906281177,0.148654513888889,0.446215139442231,0.1423230955253925,0.1421460221147613,-0.0234374506861899,1.001245714850101,1.01,-1.035999501928723,0.741515371034527,-0.6555629929940797,-0.007724455525659,0.0168567786247626,-0.007724455525659,1,15.84000015258789,17.90999984741211,3.9691430097307463,11.75,8.175,real_post_mid,1.175,2.6,237.39999999999995,0.009891666666666665
PRU,2024-12-31,2025-02-04,0.0,119.14,127.73,-1.0,-7.66,3.26,13.54,12.8,13.0,13.0946,13.3791,13.3727,13.3311,0.0,0.0,0.0,9.0,25146236840.0,71354100000.0,55390000000.0,10.0,6954.4,13552.8,-2773.33,2953.84,131.38,30.79,18.87,-63.95,-63.42,146.42,152.27,-3.85,15.36,120.0,115.0,120.0,2025-02-21,2.55,3.95,6.5,5.416666666666667,0.3,6.949999999999999,7.249999999999999,109.5,10.5,0.27829,0.32707,0.30268,0.258775,14.50541826351263,-0.05853999999999998,803.0,56.0,3.183368869936034,18.0,4.1666666666666625,1,1.2500000000000044,2025-02-03,610.0,589.2225341796875,0.1403071428571428,0.1342414705882352,0.136825,-0.0060656722689075,-0.0034821428571428,1,0.18073,0.13195,0.0487799999999999,0.0160328571428571,0.4195930918975316,0.2882729388297873,0.7569721115537849,0.1107466973650752,0.1387273172674096,0.0015798255897331,0.7983049016337624,1.31,1.0230980248968429,2.7903966032774745,0.1630087455334954,-0.0026695146999967,0.0199459420796526,-0.0196474240238132,1,18.6200008392334,19.549999237060547,4.589286553519113,6.5,7.249999999999999,real_post_mid,0.65,2.6,-142.5999999999999,-0.011883333333333326
STE,2024-12-31,2025-02-05,0.0,204.01,215.5,8.24,2.47,2.32,8.67,8.45,7.0,8.63,8.66,8.66,8.66,0.0,0.0,0.0,1.0,1459312430.0,5497720000.0,5347000000.0,8.0,822.62,527.94,-91.39,344.21,5.61,3.13,6.92,18.37,8.41,1.24,8.31,1.38,0.45,220.0,230.0,220.0,2025-02-21,6.35,7.15,13.5,6.136363636363637,7.0,2.75,9.75,220.56,0.5600000000000023,0.33682,0.37584,0.35633000000000004,0.141705,60.232088232817894,-0.07804500000000003,196.0,0.0,,17.0,4.545454545454541,1,1.5909090909090953,2025-02-04,610.0,593.17529296875,0.1319449999999999,0.1285038235294117,0.1349949999999999,-0.0034411764705882,0.0030499999999999,0,0.17097,0.11244,0.05853,0.00976,0.3332877742089794,0.2342180112293143,0.649402390438247,0.1014863417749096,0.1395181811831516,-0.0075731811831517,0.7274058543071462,1.08,-0.7802894186569614,1.689147191822205,-0.2768125381423662,-0.0045324953799276,0.0293172566986066,-0.0130707962876306,1,17.209999084472656,18.63999938964844,4.015499084472658,13.5,9.75,real_post_mid,1.35,2.6,237.4,0.01079090909090909
ALL,2024-12-31,2025-02-05,1.0,185.91,190.55,3.82,1.29,6.28,17.5444,15.8,19.0,16.8458,16.4308,16.2872,15.6536,6.0,0.0,13.0,1.0,21210603130.0,64660276630.0,60683000000.0,5.0,38157.6,30878.88,3726.4,315.16,14.75,5.77,11.24,382.72,142.86,972.26,7347.62,-64.5,9.29,190.0,190.0,190.0,2025-02-21,5.8,4.5,10.3,5.421052631578948,4.6,3.125,7.725,185.66,4.340000000000003,0.31731,0.30755,0.31243,0.24414,21.85769612393176,-0.058535000000000004,280.0,19.0,1.460698689956332,17.0,0.0,1,5.421052631578948,2025-02-04,610.0,593.17529296875,0.1319449999999999,0.1285038235294117,0.1349949999999999,-0.0034411764705882,0.0030499999999999,0,0.17097,0.11244,0.05853,0.00976,0.3332877742089794,0.2342180112293143,0.649402390438247,0.1014863417749096,0.1395181811831516,-0.0075731811831517,0.7274058543071462,1.08,-0.7802894186569614,1.689147191822205,-0.2768125381423662,-0.0045324953799276,0.0293172566986066,-0.0130707962876306,1,17.209999084472656,18.63999938964844,4.015499084472658,10.3,7.725,real_post_mid,1.03,2.6,151.90000000000012,0.00799473684210527
SNA,2024-12-31,2025-02-06,1.0,335.66,359.27,1.25,-5.41,4.7943,19.55,19.18,10.0,19.4533,19.44,19.44,19.44,2.0,0.0,2.0,0.0,1163145290.0,4798000000.0,4691000000.0,11.0,25736.8,24866.4,334.61,157.09,7.6,-2.54,5.27,4.21,-7.3,3.39,3.02,3.0,-1.16,360.0,340.0,360.0,2025-02-21,8.7,11.5,20.2,5.611111111111111,0.85,22.35,23.200000000000003,335.88,24.120000000000005,0.34658,0.32707,0.33682500000000004,0.18072500000000002,46.344540933719294,-0.10731500000000005,48.0,20.0,1.9205607476635513,16.0,5.555555555555558,1,0.055555555555552694,2025-02-05,615.0,595.5803833007812,0.117315,0.1239155882352941,0.128898125,0.0066005882352941,0.011583125,0,0.15146,0.11244,0.03902,0.014635,0.1771933466538653,0.1396461288416076,0.4223107569721115,0.1005882050320559,0.1340692506357601,-0.0167542506357601,0.7502705098675785,1.04,-0.9986669207361863,1.0127224999376057,-0.8379848686845625,0.0040046020873605,0.0207280839244874,-0.0090691901614412,1,15.770000457763672,17.959999084472656,4.038500457763671,20.2,23.200000000000003,real_post_mid,2.02,2.6,-504.60000000000036,-0.014016666666666677
XEL,2024-12-31,2025-02-06,0.0,65.64,67.37,2.25,-0.37,0.88,3.58,3.5077,16.0,3.5535,3.56,3.5613,3.5601,0.0,0.0,0.0,5.0,3170918080.0,15449000000.0,13987008000.0,12.0,4220.0,4188.0,-106.13,192.93,-0.49,20.34,-5.93,1.63,131.48,6.86,-0.44,1.68,0.01,65.0,65.0,65.0,2025-02-21,3.2,0.475,3.6750000000000003,5.653846153846154,2.15,0.4,2.55,69.94,4.939999999999998,0.18073,0.27829,0.22951,0.20512,10.626987930809113,-0.11707,488.0,0.0,0.08177302254489874,16.0,0.0,1,5.653846153846154,2025-02-05,615.0,595.5803833007812,0.117315,0.1239155882352941,0.128898125,0.0066005882352941,0.011583125,0,0.15146,0.11244,0.03902,0.014635,0.1771933466538653,0.1396461288416076,0.4223107569721115,0.1005882050320559,0.1340692506357601,-0.0167542506357601,0.7502705098675785,1.04,-0.9986669207361863,1.0127224999376057,-0.8379848686845625,0.0040046020873605,0.0207280839244874,-0.0090691901614412,1,15.770000457763672,17.959999084472656,4.038500457763671,3.6750000000000003,2.55,real_post_mid,0.36750000000000005,2.6,73.15000000000005,0.011253846153846161
LIN,2024-12-31,2025-02-06,1.0,414.95,459.48,11.02,0.26,3.92,15.5533,15.34,28.0,15.4676,15.4729,15.4729,15.4809,1.0,0.0,2.0,6.0,8204342010.0,34891000000.0,32888000000.0,24.0,33344.8,33017.44,146.13,31.81,2.46,1.08,-0.59,8.54,2.34,-1.82,6.97,1.04,1.1,455.0,455.0,455.0,2025-02-21,9.1,9.4,18.5,4.065934065934066,5.1,5.449999999999999,10.549999999999999,458.0,3.0,0.24902,0.23926,0.24414,0.14658500000000002,39.958630294093545,-0.05365499999999998,68.0,9.0,1.5868983957219251,16.0,0.0,1,4.065934065934066,2025-02-05,615.0,595.5803833007812,0.117315,0.1239155882352941,0.128898125,0.0066005882352941,0.011583125,0,0.15146,0.11244,0.03902,0.014635,0.1771933466538653,0.1396461288416076,0.4223107569721115,0.1005882050320559,0.1340692506357601,-0.0167542506357601,0.7502705098675785,1.04,-0.9986669207361863,1.0127224999376057,-0.8379848686845625,0.0040046020873605,0.0207280839244874,-0.0090691901614412,1,15.770000457763672,17.959999084472656,4.038500457763671,18.5,10.549999999999999,real_post_mid,1.85,2.6,607.4000000000001,0.013349450549450552
SMCI,2024-12-31,2025-02-11,1.0,32.6,20.33,18.44,89.92,0.5811,24.4,23.3,13.0,23.86,23.86,23.86,23.6,0.0,0.0,2.0,0.0,-619020000.0,15193300000.0,14713700000.0,15.0,-20052.96,-21236.54,14253.44,18104.91,6.04,-4.37,116.91,-48.45,-19.59,26.16,27.78,1.6,1.1,43.0,39.5,43.0,2025-02-14,4.5,4.825,9.325,21.686046511627904,0.35,3.7,4.05,47.91,4.909999999999997,2.61969,2.61969,2.61969,1.1368,56.60555256537987,-1.2146,1495.0,7260.0,0.49328954109278633,4.0,8.139534883720934,1,13.54651162790697,2025-02-10,615.0,596.2012939453125,0.1159207142857143,0.1236270588235294,0.1304215624999999,0.0077063445378151,0.0145008482142856,0,0.15146,0.10268,0.04878,0.0111492857142857,0.1518670368736542,0.1306331264775414,0.3386454183266932,0.10522660810623,0.1324894145639045,-0.0165687002781902,0.794226530871078,1.45,1.9494934076095911,3.759122466339592,1.866920658015901,0.0118440136973729,0.0260563357350229,-0.0080361146856964,1,15.8100004196167,18.229999542236328,4.2179289910452695,9.325,4.05,real_post_mid,0.9325,2.6,431.6499999999999,0.10038372093023254
MRNA,2024-12-31,2025-02-14,0.0,34.77,36.85,-5.12,-10.47,-2.7599,-7.3,-9.81,20.0,-9.2577,-9.3226,-9.3594,-9.2345,3.0,0.0,6.0,5.0,1737425730.0,3379851290.0,3017000000.0,24.0,4244.0,-1149.76,1692.19,2189.59,1.31,739.37,-60.28,100.31,100.9,104.65,96.52,94.68,106.12,32.0,36.0,32.0,2025-02-14,1.555,1.615,3.17,9.90625,,,,32.99,0.990000000000002,2.38555,2.35628,2.370915,0.844125,64.3966569868595,-1.5511750000000002,756.0,1687.0,0.45182440136830104,1.0,12.5,0,-2.59375,2025-02-13,620.0,601.0115356445312,0.1082564285714285,0.1161888461538461,0.126460625,0.0079324175824175,0.0182041964285714,0,0.1430942857142857,0.10268,0.0404142857142857,0.0146307142857142,0.012650180346161,0.0810893173758865,0.199203187250996,0.1243297087249324,0.1231272832589486,-0.01487085468752,1.0097657110118723,1.24,0.3921391308787471,1.6054387561136363,-0.090174407772654,0.0056239317705728,0.0473042026613108,-3.280088259760561e-05,1,15.100000381469728,17.84000015258789,4.27435752432687,3.17,4.0,intrinsic_fallback,0.317,2.6,-117.3,-0.03665625
SBAC,2024-12-31,2025-02-24,1.0,196.83,226.59,8.13,-6.07,2.2833,8.68,8.68,1.0,8.7,8.7,8.7,8.7,0.0,0.0,0.0,1.0,663269610.0,2673315000.0,2661711000.0,15.0,-3207.2,-2596.0,-383.95,978.34,-2.19,1.08,0.59,200.0,58.94,-2.15,51.08,-0.56,19.84,210.0,220.0,210.0,2025-03-21,8.55,5.15,13.700000000000001,6.523809523809525,11.399999999999999,2.95,14.349999999999998,221.64,11.639999999999986,0.27829,0.2978,0.288045,0.263655,8.467426964536799,-0.024390000000000023,53.0,6.0,0.1111111111111111,28.0,4.761904761904767,1,1.7619047619047574,2025-02-21,610.0,591.361572265625,0.12707,0.128945,0.136825,0.0018749999999999,0.0097549999999999,0,0.18073,0.11244,0.06829,0.0195149999999999,0.3780310984450782,0.202704824172577,0.6095617529880478,0.1320411839120223,0.1169569018937248,0.0101130981062751,1.1289729958134846,1.17,0.3056451373638179,3.9634821692831497,2.34350212546125,-0.0160562032616521,-0.0107182667147649,-0.0211933864947698,1,18.209999084472656,19.479999542236328,5.5029990844726555,13.700000000000001,14.349999999999998,real_post_mid,1.37,2.6,-204.59999999999968,-0.009742857142857128
O,2024-12-31,2025-02-24,0.0,54.34,57.75,5.47,-0.76,0.3909,1.4776,1.0208,3.0,1.3717,1.374,1.374,1.326,0.0,0.0,0.0,2.0,1323712740.0,5284515520.0,4742064790.0,8.0,-3597.6,-2848.8,-439.84,302.2,28.08,-0.64,26.21,-9.09,3.45,22.11,36.04,-0.09,2.61,57.5,55.0,57.5,2025-03-21,0.95,1.4500000000000002,2.4000000000000004,4.173913043478262,0.5,1.9,2.4,55.8,1.7000000000000028,0.17097,0.21,0.19048500000000002,0.18073,5.121138147360691,-0.009760000000000019,4454.0,4298.0,0.16942108823813665,28.0,4.347826086956519,0,-0.1739130434782572,2025-02-21,610.0,591.361572265625,0.12707,0.128945,0.136825,0.0018749999999999,0.0097549999999999,0,0.18073,0.11244,0.06829,0.0195149999999999,0.3780310984450782,0.202704824172577,0.6095617529880478,0.1320411839120223,0.1169569018937248,0.0101130981062751,1.1289729958134846,1.17,0.3056451373638179,3.9634821692831497,2.34350212546125,-0.0160562032616521,-0.0107182667147649,-0.0211933864947698,1,18.209999084472656,19.479999542236328,5.5029990844726555,2.4000000000000004,2.4,real_post_mid,0.24000000000000005,2.6,-26.599999999999962,-0.004626086956521732
AMT,2024-12-31,2025-02-25,1.0,185.08,209.3,10.09,-2.65,1.57,6.5554,6.3005,2.0,6.5408,5.9681,5.9681,6.6056,0.0,0.0,0.0,1.0,2047035750.0,11107000000.0,9914000000.0,17.0,-2204.0,-1260.0,1328.0,2575.09,0.05,-13.03,3.18,-29.37,-53.65,-26.94,24.78,-0.53,8.96,190.0,200.0,190.0,2025-03-21,7.0,4.4,11.4,6.000000000000001,12.600000000000001,1.2000000000000002,13.8,216.23,26.22999999999999,0.27829,0.27829,0.27829,0.23926,14.024938014301622,-0.019515000000000005,232.0,62.0,1.0988735919899875,25.0,5.263157894736836,1,0.7368421052631646,2025-02-24,605.0,588.6705932617188,0.1347357142857143,0.136825,0.14658,0.0020892857142857,0.0118442857142856,0,0.1835157142857142,0.12219,0.0613257142857142,0.0181171428571428,0.5121743912804362,0.2522578679078015,0.6932270916334662,0.1290287165618729,0.1156645397790124,0.0190711745067018,1.1155425578867466,1.36,1.4589344875570407,1.739346763919637,0.0938730291005615,-0.0204854745686507,-0.0205657471858264,-0.0256474264076711,1,18.979999542236328,19.86000061035156,5.506428113664899,11.4,13.8,real_post_mid,1.1400000000000001,2.6,-356.6000000000001,-0.018768421052631584
NRG,2024-12-31,2025-02-26,1.0,97.49,98.89,16.25,14.6,0.9396,6.5,5.529,7.0,6.2441,6.2441,6.1998,6.1198,1.0,0.0,1.0,0.0,-25212880000.0,33218000000.0,23516476830.0,8.0,2200.8,-5978.4,3494.91,3554.0,-9.1,8.47,-3.2,34.75,-43.62,-143.76,-244.74,-19.6,-18.3,100.0,105.0,100.0,2025-03-21,6.8,4.25,11.05,11.05,8.1,2.45,10.55,100.66,0.6599999999999966,0.51243,0.53194,0.522185,0.463645,11.210586286469361,-0.06829000000000002,1980.0,77.0,0.6194615816040382,24.0,5.000000000000004,1,6.049999999999996,2025-02-25,605.0,585.7431030273438,0.1417042857142857,0.1402034615384615,0.14658,-0.0015008241758241,0.0048757142857142,0,0.19048,0.1235842857142857,0.0668957142857143,0.0153278571428571,0.6341182940852961,0.2973044104609931,0.7729083665338645,0.1129318119225596,0.1163176688769004,0.0253866168373853,0.9708912928961456,1.17,0.2116517503756931,3.3330443418293316,1.5619103763059845,-0.028209701341627,-0.0225832734976142,-0.0304929336857313,1,19.43000030517578,20.030000686645508,5.259571733747208,11.05,10.55,real_post_mid,1.1050000000000002,2.6,-63.10000000000002,-0.006310000000000002
EME,2024-12-31,2025-02-26,1.0,430.0,507.95,-2.12,-17.14,5.7583,22.0,20.62,6.0,21.02,21.02,21.02,20.8,2.0,0.0,2.0,0.0,4087249170.0,14668500000.0,14526100000.0,6.0,47733.6,36612.0,4414.98,1991.91,15.26,0.82,15.62,62.46,10.48,48.75,54.71,2.86,2.5,400.0,400.0,400.0,2025-03-21,20.450000000000003,21.05,41.5,10.375,18.3,14.25,32.55,395.14,4.860000000000014,0.51243,0.50267,0.50755,0.40999,19.221751551571263,-0.05365999999999993,12.0,11.0,0.6332288401253918,24.0,0.0,1,10.375,2025-02-25,605.0,585.7431030273438,0.1417042857142857,0.1402034615384615,0.14658,-0.0015008241758241,0.0048757142857142,0,0.19048,0.1235842857142857,0.0668957142857143,0.0153278571428571,0.6341182940852961,0.2973044104609931,0.7729083665338645,0.1129318119225596,0.1163176688769004,0.0253866168373853,0.9708912928961456,1.17,0.2116517503756931,3.3330443418293316,1.5619103763059845,-0.028209701341627,-0.0225832734976142,-0.0304929336857313,1,19.43000030517578,20.030000686645508,5.259571733747208,41.5,32.55,real_post_mid,4.15,2.6,477.4000000000002,0.011935000000000005
EVRG,2024-12-31,2025-02-27,0.0,63.21,64.63,8.46,6.08,0.3745,3.86,3.802,12.0,3.8273,3.8373,3.8406,3.8388,0.0,0.0,0.0,4.0,962977500.0,5975000000.0,5630327030.0,10.0,11474.4,11341.92,82.67,241.56,8.51,25.14,-1.02,7.45,124.44,17.81,29.14,5.0,5.53,70.0,67.5,70.0,2025-03-21,1.025,2.225,3.25,4.642857142857143,0.625,2.65,3.275,67.45,2.549999999999997,0.19048,0.26853,0.22950500000000001,0.234385,-2.1263153308206775,-0.029265000000000013,250.0,12.0,1.8333333333333333,23.0,3.57142857142857,1,1.0714285714285734,2025-02-26,605.0,586.0386962890625,0.136825,0.141705,0.14658,0.00488,0.0097549999999999,0,0.19048,0.12219,0.06829,0.01951,0.5624943944033725,0.2657635195035462,0.7410358565737052,0.1050980247609124,0.106063499213261,0.0307615007867389,0.990897203472352,1.1,-0.2738205589131182,1.1741235680439146,-0.5112354742710681,-0.0300036752471598,-0.008058545845919,-0.0300036752471598,1,19.100000381469727,19.75,5.417500381469726,3.25,3.275,real_post_mid,0.325,2.6,-37.599999999999994,-0.00537142857142857
WST,2025-03-31,2025-04-24,1.0,225.8,345.0,-6.74,-38.96,1.2278,1.25,1.2088,8.0,1.2253,1.2248,1.6595,1.6583,1.0,0.0,1.0,0.0,686285760.0,700000000.0,680000000.0,10.0,22636.0,21716.32,849.75,813.28,-1.98,287.29,-2.55,-0.55,-1.62,-11.88,-16.36,-3.73,-3.53,220.0,210.0,220.0,2025-05-16,12.850000000000001,16.049999999999997,28.9,13.136363636363635,7.05,11.9,18.95,216.64,3.3600000000000136,0.60999,0.70754,0.658765,0.453895,31.099102107731895,-0.18048000000000003,130.0,56.0,0.6555323590814196,23.0,4.545454545454541,1,8.590909090909093,2025-04-23,537.0,529.3517456054688,0.253895,0.243165,0.239265,-0.0107299999999999,-0.0146299999999999,1,0.28804,0.21975,0.06829,0.0,0.3907852376711067,0.4748962633356564,0.9482071713147412,0.3532314397387412,0.5175151220240025,-0.2636201220240025,0.6825528853287465,1.29,-0.0884432855214151,4.115880749277401,-0.0986997085105785,-0.0040735508228689,-0.0673426656072123,-0.1238304723046184,0,28.450000762939453,28.020000457763672,3.060500762939455,28.9,18.95,real_post_mid,2.89,2.6,703.3999999999999,0.031972727272727264
SBAC,2025-03-31,2025-04-28,0.0,216.84,201.67,2.97,10.72,2.3167,2.45,2.15,3.0,2.3167,2.3167,2.44,2.4033,0.0,0.0,0.0,0.0,662324030.0,669000000.0,654898740.0,12.0,-2983.04,-2759.18,-1188.37,1867.1,-1.18,301.39,-1.74,130.69,-2.92,0.17,55.44,0.71,19.52,220.0,240.0,220.0,2025-05-16,7.9,5.550000000000001,13.450000000000001,6.113636363636364,19.85,1.025,20.875,233.08,13.080000000000013,0.30755,0.31731,0.31243,0.24414,21.85769612393176,-0.03902,29.0,2.0,1.1111111111111112,21.0,9.090909090909083,0,-2.9772727272727186,2025-04-25,552.0,544.3992309570312,0.21975,0.2129229999999999,0.2126226923076923,-0.006827,-0.0071273076923077,1,0.2559842857142857,0.18073,0.0752542857142857,-0.0013928571428571,0.2718551432793786,0.3723862113332976,0.9163346613545816,0.3132186538329339,0.5237853095418359,-0.3040353095418359,0.5979905280407953,1.13,-1.2048642414746715,1.4184534227263816,-0.310259894181944,0.0460287568172073,-0.0315693573112496,-0.0989242577829269,0,24.84000015258789,25.3700008392334,2.865000152587889,13.450000000000001,20.875,real_post_mid,1.3450000000000002,2.6,-879.6,-0.03998181818181818
BRO,2025-03-31,2025-04-28,0.0,122.93,105.02,-6.55,9.39,1.2968,1.5,1.157,12.0,1.2848,1.279,1.2782,1.2407,1.0,0.0,5.0,2.0,1409116950.0,1446500000.0,1371052000.0,7.0,4104.8,3692.0,131.41,110.23,10.52,296.71,10.91,48.28,-5.49,50.6,19.27,15.49,2.13,115.0,110.0,115.0,2025-05-16,2.825,3.425,6.25,5.434782608695652,0.39999999999999997,7.199999999999999,7.6,111.77,3.230000000000004,0.26853,0.2978,0.283165,0.25877,8.615118393869299,-0.014635000000000009,50.0,63.0,0.4791666666666667,21.0,4.347826086956519,1,1.0869565217391335,2025-04-25,552.0,544.3992309570312,0.21975,0.2129229999999999,0.2126226923076923,-0.006827,-0.0071273076923077,1,0.2559842857142857,0.18073,0.0752542857142857,-0.0013928571428571,0.2718551432793786,0.3723862113332976,0.9163346613545816,0.3132186538329339,0.5237853095418359,-0.3040353095418359,0.5979905280407953,1.13,-1.2048642414746715,1.4184534227263816,-0.310259894181944,0.0460287568172073,-0.0315693573112496,-0.0989242577829269,0,24.84000015258789,25.3700008392334,2.865000152587889,6.25,7.6,real_post_mid,0.625,2.6,-200.09999999999997,-0.017399999999999995
ZBRA,2025-03-31,2025-04-29,1.0,280.79,399.59,-8.81,-35.92,3.6174,3.7,3.5,16.0,3.6168,3.6168,3.6168,3.5681,1.0,0.0,1.0,0.0,1291096560.0,1309000000.0,1269130000.0,16.0,21486.86,20274.37,695.58,408.82,8.66,296.89,5.75,133.92,14.61,23.13,54.26,2.13,4.41,240.0,250.0,240.0,2025-05-16,15.649999999999999,12.350000000000001,28.0,11.666666666666666,15.8,4.375,20.175,300.62,60.620000000000005,0.6295,0.66852,0.64901,0.41974500000000003,35.3253416742423,-0.14146000000000003,22.0,205.0,0.9785714285714285,18.0,4.166666666666674,1,7.499999999999992,2025-04-28,551.0,544.6068115234375,0.22463,0.2163389999999999,0.2163765384615384,-0.008291,-0.0082534615384615,1,0.2615585714285714,0.18073,0.0808285714285714,-0.0034857142857142,0.2888526205273398,0.3870369377580014,0.9282868525896414,0.1620361072968415,0.5238084340701601,-0.2991784340701601,0.3093423029441676,1.13,-1.2319261118105729,0.9663638379186664,-0.3400728908996714,0.0719426793983846,-0.0286204548834291,-0.0985806757161125,0,25.149999618530273,25.729999542236328,2.6869996185302725,28.0,20.175,real_post_mid,2.8000000000000003,2.6,499.89999999999986,0.020829166666666662
PPL,2025-03-31,2025-04-30,1.0,36.11,33.47,1.08,9.05,0.5404,0.59,0.44,11.0,0.521,0.5143,0.5116,0.5075,2.0,0.0,1.0,1.0,2319020400.0,2387000000.0,2251040810.0,2.0,192.1,209.37,-12.29,90.58,1.8,309.58,0.82,-15.0,-19.05,9.78,6.75,0.69,0.95,37.0,36.0,37.0,2025-05-16,0.4,0.9750000000000001,1.375,3.7162162162162162,0.275,1.125,1.4,34.86,2.1400000000000006,0.20024,0.21975,0.209995,0.239265,-13.93842710540728,-0.014629999999999976,10477.0,19.0,0.13553113553113552,17.0,2.7027027027026973,1,1.013513513513519,2025-04-29,555.0,548.0375366210938,0.21,0.210971,0.209995,0.0009709999999999,-5.000000000005e-06,1,0.24902,0.1723642857142857,0.0766557142857142,0.0006921428571428,0.2378950196794562,0.3431147804642684,0.904382470119522,0.1280862745322614,0.5197689874151381,-0.3097689874151381,0.2464292361290099,1.12,-1.1727468271726054,0.9166719779852924,-0.3367301576114782,0.051341838397229,-0.0024115760092516,-0.0929022269088302,0,24.170000076293945,25.219999313354492,3.1700000762939453,1.375,1.4,real_post_mid,0.1375,2.6,-18.849999999999994,-0.005094594594594593
VTR,2025-03-31,2025-04-30,1.0,68.76,60.16,1.92,16.49,0.0,0.0,0.0,0.0,0.0,0.0,0.0,0.0,0.0,0.0,0.0,0.0,1315345580.0,1362187000.0,1289028000.0,7.0,4907.1,4246.62,416.0,136.02,9.48,298.3,9.32,156.52,160.0,2.32,-60.25,25.45,-25.16,70.0,65.0,70.0,2025-05-16,1.025,2.075,3.1,4.428571428571429,0.175,4.35,4.5249999999999995,65.63,4.3700000000000045,0.22951,0.28804,0.258775,0.278285,-7.539368176987741,0.009755000000000014,338.0,7.0,0.16296296296296298,17.0,7.14285714285714,0,-2.714285714285711,2025-04-29,555.0,548.0375366210938,0.21,0.210971,0.209995,0.0009709999999999,-5.000000000005e-06,1,0.24902,0.1723642857142857,0.0766557142857142,0.0006921428571428,0.2378950196794562,0.3431147804642684,0.904382470119522,0.1280862745322614,0.5197689874151381,-0.3097689874151381,0.2464292361290099,1.12,-1.1727468271726054,0.9166719779852924,-0.3367301576114782,0.051341838397229,-0.0024115760092516,-0.0929022269088302,0,24.170000076293945,25.219999313354492,3.1700000762939453,3.1,4.5249999999999995,real_post_mid,0.31000000000000005,2.6,-176.09999999999994,-0.025157142857142847
AVB,2025-03-31,2025-04-30,0.0,214.62,219.88,-2.16,-4.5,1.3574,1.3574,1.3574,1.0,1.3487,1.34,1.37,1.345,0.0,0.0,0.0,1.0,744007320.0,759163000.0,717720280.0,10.0,46472.8,39720.8,2340.16,1776.82,5.27,296.8,5.3,26.47,-12.96,9.92,3.33,-1.14,-0.59,210.0,210.0,210.0,2025-05-16,4.0,5.45,9.45,4.5,3.7750000000000004,4.025,7.800000000000001,208.1,1.9000000000000057,0.28804,0.22951,0.258775,0.22950500000000001,11.310984445947238,-0.009754999999999986,34.0,0.0,2.5,17.0,0.0,1,4.5,2025-04-29,555.0,548.0375366210938,0.21,0.210971,0.209995,0.0009709999999999,-5.000000000005e-06,1,0.24902,0.1723642857142857,0.0766557142857142,0.0006921428571428,0.2378950196794562,0.3431147804642684,0.904382470119522,0.1280862745322614,0.5197689874151381,-0.3097689874151381,0.2464292361290099,1.12,-1.1727468271726054,0.9166719779852924,-0.3367301576114782,0.051341838397229,-0.0024115760092516,-0.0929022269088302,0,24.170000076293945,25.219999313354492,3.1700000762939453,9.45,7.800000000000001,real_post_mid,0.945,2.6,67.89999999999986,0.0032333333333333268
AWK,2025-03-31,2025-04-30,0.0,147.52,123.66,-0.35,18.88,1.066,1.14,0.95,7.0,1.087,1.1102,1.1255,0.85,0.0,0.0,2.0,1.0,1069341720.0,1112000000.0,999000000.0,4.0,3042.4,2846.56,60.59,306.19,10.63,254.04,9.83,32.61,-31.07,13.14,14.23,0.95,1.16,145.0,145.0,145.0,2025-05-16,3.175,2.475,5.65,3.896551724137931,3.45,2.175,5.625,142.56,2.4399999999999977,0.20024,0.23926,0.21975,0.22951,-4.441410693970417,-0.004875000000000018,123.0,3.0,0.5147058823529411,17.0,0.0,1,3.896551724137931,2025-04-29,555.0,548.0375366210938,0.21,0.210971,0.209995,0.0009709999999999,-5.000000000005e-06,1,0.24902,0.1723642857142857,0.0766557142857142,0.0006921428571428,0.2378950196794562,0.3431147804642684,0.904382470119522,0.1280862745322614,0.5197689874151381,-0.3097689874151381,0.2464292361290099,1.12,-1.1727468271726054,0.9166719779852924,-0.3367301576114782,0.051341838397229,-0.0024115760092516,-0.0929022269088302,0,24.170000076293945,25.219999313354492,3.1700000762939453,5.65,5.625,real_post_mid,0.5650000000000001,2.6,-56.59999999999997,-0.003903448275862067
CCI,2025-03-31,2025-04-30,0.0,104.23,89.03,1.47,18.79,-0.0115,0.51,-1.1608,4.0,-0.1854,0.6618,0.6618,0.6452,0.0,0.0,0.0,0.0,1040480770.0,1056797490.0,1031000000.0,11.0,-53822.24,-4611.42,-19915.2,23135.14,-5.92,297.58,-15.03,-1421.69,-1667.14,-130.25,-224.02,0.24,-78.66,105.0,105.0,105.0,2025-05-16,2.425,3.5999999999999996,6.0249999999999995,5.738095238095237,2.1500000000000004,1.475,3.6250000000000004,102.32,2.680000000000007,0.32707,0.33682,0.33194500000000005,0.20024,39.67675367907335,-0.04390500000000008,2256.0,493.0,0.459366391184573,17.0,0.0,1,5.738095238095237,2025-04-29,555.0,548.0375366210938,0.21,0.210971,0.209995,0.0009709999999999,-5.000000000005e-06,1,0.24902,0.1723642857142857,0.0766557142857142,0.0006921428571428,0.2378950196794562,0.3431147804642684,0.904382470119522,0.1280862745322614,0.5197689874151381,-0.3097689874151381,0.2464292361290099,1.12,-1.1727468271726054,0.9166719779852924,-0.3367301576114782,0.051341838397229,-0.0024115760092516,-0.0929022269088302,0,24.170000076293945,25.219999313354492,3.1700000762939453,6.0249999999999995,3.6250000000000004,real_post_mid,0.6025,2.6,177.1499999999999,0.01687142857142856
ALL,2025-03-31,2025-04-30,1.0,207.07,193.83,-4.19,2.35,2.5336,4.4028,1.37,17.0,3.1712,3.5735,3.5946,4.0,0.0,0.0,1.0,13.0,16362123500.0,16483000000.0,16241247000.0,2.0,41938.4,34368.64,3505.54,498.0,12.24,281.82,12.42,31.79,96.16,813.74,1755.46,10.16,9.68,200.0,200.0,200.0,2025-05-16,5.3,6.75,12.05,6.025,2.25,4.8,7.05,209.06,9.060000000000002,0.33682,0.36609,0.351455,0.21487499999999998,38.86130514575124,-0.07805000000000001,487.0,38.0,0.42857142857142855,17.0,0.0,1,6.025,2025-04-29,555.0,548.0375366210938,0.21,0.210971,0.209995,0.0009709999999999,-5.000000000005e-06,1,0.24902,0.1723642857142857,0.0766557142857142,0.0006921428571428,0.2378950196794562,0.3431147804642684,0.904382470119522,0.1280862745322614,0.5197689874151381,-0.3097689874151381,0.2464292361290099,1.12,-1.1727468271726054,0.9166719779852924,-0.3367301576114782,0.051341838397229,-0.0024115760092516,-0.0929022269088302,0,24.170000076293945,25.219999313354492,3.1700000762939453,12.05,7.05,real_post_mid,1.205,2.6,376.90000000000003,0.018845
EG,2025-03-31,2025-04-30,0.0,363.33,352.09,-1.24,1.91,7.743,9.18,6.66,11.0,8.2392,8.0912,8.2935,17.083,2.0,0.0,4.0,6.0,3907000000.0,3978000000.0,3836000000.0,2.0,107960.8,97264.48,779.73,7416.94,18.06,301.69,16.33,-217.61,-218.31,-28.23,-28.23,-7.94,-6.2,360.0,340.0,360.0,2025-05-16,9.9,10.35,20.25,5.625,0.875,22.65,23.525,348.08,11.920000000000016,0.31731,0.33682,0.327065,0.278285,14.914466543347649,-0.03902500000000003,25.0,41.0,0.10779082177161152,17.0,5.555555555555558,1,0.06944444444444198,2025-04-29,555.0,548.0375366210938,0.21,0.210971,0.209995,0.0009709999999999,-5.000000000005e-06,1,0.24902,0.1723642857142857,0.0766557142857142,0.0006921428571428,0.2378950196794562,0.3431147804642684,0.904382470119522,0.1280862745322614,0.5197689874151381,-0.3097689874151381,0.2464292361290099,1.12,-1.1727468271726054,0.9166719779852924,-0.3367301576114782,0.051341838397229,-0.0024115760092516,-0.0929022269088302,0,24.170000076293945,25.219999313354492,3.1700000762939453,20.25,23.525,real_post_mid,2.025,2.6,-532.5999999999999,-0.014794444444444442
GNRC,2025-03-31,2025-04-30,1.0,126.65,152.25,-9.69,-24.87,0.9663,1.19,0.7301,21.0,0.9728,0.9649,0.9704,1.5696,2.0,0.0,2.0,3.0,918824760.0,932600000.0,904000000.0,21.0,-3281764.0,-3282931.04,644.9,117.07,6.79,266.05,5.37,35.27,24.44,20.99,38.98,4.83,2.89,115.0,115.0,115.0,2025-05-16,5.2,6.85,12.05,10.478260869565217,2.875,5.050000000000001,7.925000000000001,129.44,14.439999999999998,0.60023,0.61974,0.609985,0.41974500000000003,31.187652155380864,-0.12682499999999997,221.0,112.0,1.360959651035987,17.0,0.0,1,10.478260869565217,2025-04-29,555.0,548.0375366210938,0.21,0.210971,0.209995,0.0009709999999999,-5.000000000005e-06,1,0.24902,0.1723642857142857,0.0766557142857142,0.0006921428571428,0.2378950196794562,0.3431147804642684,0.904382470119522,0.1280862745322614,0.5197689874151381,-0.3097689874151381,0.2464292361290099,1.12,-1.1727468271726054,0.9166719779852924,-0.3367301576114782,0.051341838397229,-0.0024115760092516,-0.0929022269088302,0,24.170000076293945,25.219999313354492,3.1700000762939453,12.05,7.925000000000001,real_post_mid,1.205,2.6,289.4,0.025165217391304347
ICE,2025-03-31,2025-05-01,1.0,171.49,159.83,-0.38,6.89,1.7032,1.7266,1.6881,15.0,1.7034,1.6679,1.656,1.6192,1.0,0.0,11.0,1.0,2465958980.0,2485000000.0,2444000000.0,10.0,4396.0,4284.16,42.43,37.07,18.76,287.77,19.56,14.29,-1.94,23.55,16.65,-1.69,-0.66,165.0,175.0,165.0,2025-05-16,5.0,2.625,7.625,4.621212121212121,9.3,0.65,9.950000000000001,176.25,11.25,0.21975,0.28804,0.253895,0.21487499999999998,15.368557868410171,-0.009754999999999986,790.0,29.0,0.2669934640522876,16.0,6.060606060606055,0,-1.4393939393939341,2025-04-30,557.0,548.2550048828125,0.2148749999999999,0.2153629999999999,0.21975,0.0004879999999999,0.004875,0,0.24902,0.19048,0.0585399999999999,0.004875,0.2548750814794174,0.357750495898783,0.9083665338645418,0.1326382010787808,0.5191876331074377,-0.3043126331074376,0.255472574115288,1.29,-0.1027111425436425,1.0859882632762927,-0.3238595640431784,0.0357102048576836,-0.0086702902593295,-0.0925422789805563,0,24.700000762939453,25.540000915527344,3.212500762939456,7.625,9.950000000000001,real_post_mid,0.7625000000000001,2.6,-311.35000000000014,-0.018869696969696977
MRNA,2025-03-31,2025-05-01,1.0,27.16,39.42,-0.48,-31.43,-3.1774,-2.9075,-3.6,12.0,-3.1708,-3.1418,-3.1411,-2.925,0.0,0.0,1.0,2.0,115320070.0,183000000.0,68000000.0,13.0,3907.78,470.38,2339.02,2192.85,-53.29,72.45,-49.89,-629.09,-9800.0,-3.38,6.94,22.77,-61.42,28.5,27.5,28.5,2025-05-02,1.54,1.51,3.05,10.701754385964913,0.01,1.0,1.01,27.61,0.8900000000000006,1.8002,1.81971,1.809955,0.62462,65.48974974515941,-1.0487549999999999,651.0,2811.0,0.6788364499851588,2.0,3.508771929824561,1,7.192982456140351,2025-04-30,557.0,548.2550048828125,0.2148749999999999,0.2153629999999999,0.21975,0.0004879999999999,0.004875,0,0.24902,0.19048,0.0585399999999999,0.004875,0.2548750814794174,0.357750495898783,0.9083665338645418,0.1326382010787808,0.5191876331074377,-0.3043126331074376,0.255472574115288,1.29,-0.1027111425436425,1.0859882632762927,-0.3238595640431784,0.0357102048576836,-0.0086702902593295,-0.0925422789805563,0,24.700000762939453,25.540000915527344,3.212500762939456,3.05,1.01,real_post_mid,0.305,2.6,170.9,0.059964912280701756
SNPS,2025-04-30,2025-05-28,1.0,443.97,454.71,4.16,1.7,3.3971,3.44,3.36,14.0,3.3971,3.3971,3.4,3.3671,1.0,0.0,9.0,4.0,1599702640.0,1606500000.0,1583712000.0,14.0,7668.67,6797.77,541.45,343.71,-3.83,,7.17,-14.89,-10.88,-32.96,-11.49,0.48,-1.97,510.0,450.0,510.0,2025-06-20,25.5,21.700000000000003,47.2,9.254901960784315,2.15,57.05,59.199999999999996,470.53,39.47000000000003,0.45389,0.44414,0.449015,0.370965,17.38249278977317,-0.07805000000000001,556.0,29.0,0.8855218855218855,24.0,11.764705882352944,0,-2.509803921568629,2025-05-27,595.0,584.4501342773438,0.1521571428571428,0.15934,0.166095,0.0071828571428571,0.0139378571428571,0,0.1988457142857143,0.13195,0.0668957142857142,0.0132407142857143,0.065807101304633,0.1694590682463946,0.6733067729083665,0.219227293224757,0.1655542031401606,-0.0133970602830177,1.3242025213890587,1.2,0.7258518207307627,1.0390095836864524,-0.3366779357515375,-0.0062199784050004,0.073568993199907,-0.0062199784050004,1,18.959999084472656,21.290000915527344,3.744284798758372,47.2,59.199999999999996,real_post_mid,4.720000000000001,2.6,-1674.599999999999,-0.03283529411764704
NDSN,2025-04-30,2025-05-28,1.0,188.7,209.5,3.73,-6.57,2.3588,2.4,2.3,8.0,2.3525,2.3525,2.3588,2.42,1.0,0.0,1.0,0.0,671912500.0,689600000.0,653000000.0,8.0,3297.38,3494.14,-67.07,266.91,-2.81,,-0.23,-6.79,-25.9,-6.84,-11.6,-0.45,-2.28,195.0,210.0,195.0,2025-06-20,8.0,5.35,13.35,6.846153846153847,15.75,1.625,17.375,209.55,14.550000000000011,0.2978,0.34658,0.32219,0.273405,15.141686582451339,-0.029270000000000018,14.0,0.0,0.32432432432432434,24.0,7.692307692307687,0,-0.8461538461538405,2025-05-27,595.0,584.4501342773438,0.1521571428571428,0.15934,0.166095,0.0071828571428571,0.0139378571428571,0,0.1988457142857143,0.13195,0.0668957142857142,0.0132407142857143,0.065807101304633,0.1694590682463946,0.6733067729083665,0.219227293224757,0.1655542031401606,-0.0133970602830177,1.3242025213890587,1.2,0.7258518207307627,1.0390095836864524,-0.3366779357515375,-0.0062199784050004,0.073568993199907,-0.0062199784050004,1,18.959999084472656,21.290000915527344,3.744284798758372,13.35,17.375,real_post_mid,1.335,2.6,-538.6,-0.02762051282051282
STLD,2025-06-30,2025-07-21,0.0,125.9,117.39,6.85,14.6,2.0775,2.18,2.02,4.0,2.642,2.725,2.74,2.5457,0.0,0.0,0.0,3.0,4761716210.0,4972246010.0,4563000000.0,6.0,46734.88,46293.73,36.43,241.93,-6.92,-75.09,-6.86,-60.76,5.88,-52.24,-63.36,-9.75,-9.7,130.0,130.0,130.0,2025-08-15,6.050000000000001,3.9499999999999997,10.0,7.6923076923076925,5.7,3.2,8.9,126.42,3.5799999999999983,0.34658,0.33682,0.3417,0.32219,5.709686859818562,-0.014629999999999976,148.0,9.0,0.547683923705722,28.0,0.0,1,7.6923076923076925,2025-07-18,630.0,622.301513671875,0.13195,0.1458828571428571,0.1508861764705882,0.0139328571428571,0.0189361764705882,0,0.1640057142857142,0.12219,0.0418157142857142,0.0111478571428571,0.0952721829954769,0.1087932236101431,0.3545816733067729,0.0629294736645928,0.0767719034969805,0.0551780965030195,0.8196940651219874,1.17,0.0767479022590774,0.9353493467391604,-0.3588839823528439,0.0063500269902057,0.0533952090184737,-0.0007324129021104,1,16.40999984741211,19.579999923706055,3.214999847412109,10.0,8.9,real_post_mid,1.0,2.6,7.399999999999965,0.0005692307692307665
ORLY,2025-06-30,2025-07-23,0.0,91.26,1352.17,4.56,-92.94,0.782,0.8192,0.74,21.0,0.782,0.7822,0.7827,0.7817,0.0,0.0,1.0,5.0,4534731230.0,4565300000.0,4508000000.0,24.0,-344961.09,-316545.95,-6948.26,11292.15,4.04,-75.24,5.06,1.64,-1.59,-0.35,-1.46,0.12,-1.0,96.0,98.67,96.0,2025-08-15,2.7249999999999996,3.15,5.875,6.119791666666666,3.65,1.125,4.775,101.54,5.540000000000006,0.2978,0.30755,0.302675,0.21975,27.39737342033535,-0.053655000000000036,644.0,164.0,1.433795712484237,24.0,2.7812500000000018,1,3.3385416666666643,2025-07-22,631.0,623.5707397460938,0.13195,0.1461368181818181,0.1476257142857142,0.0141868181818181,0.0156757142857142,0,0.1612199999999999,0.12219,0.0390299999999999,0.0097549999999999,0.0952721829954769,0.1087932236101431,0.350597609561753,0.0430547123045092,0.0746574482322903,0.0572925517677096,0.5766968108868138,1.16,-0.1085445660077069,0.7215265824372862,-0.4078325905075765,0.0108013834208153,0.0581878986298098,0.0,1,16.5,19.530000686645508,3.3049999999999997,5.875,4.775,real_post_mid,0.5875,2.6,48.64999999999996,0.0050677083333333294
TMO,2025-06-30,2025-07-23,1.0,400.21,426.66,16.62,9.39,5.2269,5.29,5.19,21.0,5.2233,5.2302,5.2306,5.5594,1.0,0.0,3.0,3.0,10681686860.0,10755312880.0,10495000000.0,19.0,26114.72,25731.23,254.69,116.99,0.18,-75.83,-0.11,0.78,-15.57,-5.71,6.98,0.2,1.12,427.5,475.0,427.5,2025-07-25,10.75,11.65,22.4,5.239766081871345,48.45,,,478.32,50.81999999999999,0.68803,0.76608,0.727055,0.27829,61.72366602251549,-0.37560000000000004,47.0,23.0,1.0084745762711864,3.0,11.111111111111116,0,-5.871345029239771,2025-07-22,631.0,623.5707397460938,0.13195,0.1461368181818181,0.1476257142857142,0.0141868181818181,0.0156757142857142,0,0.1612199999999999,0.12219,0.0390299999999999,0.0097549999999999,0.0952721829954769,0.1087932236101431,0.350597609561753,0.0430547123045092,0.0746574482322903,0.0572925517677096,0.5766968108868138,1.16,-0.1085445660077069,0.7215265824372862,-0.4078325905075765,0.0108013834208153,0.0581878986298098,0.0,1,16.5,19.530000686645508,3.3049999999999997,22.4,47.5,intrinsic_fallback,2.2399999999999998,2.6,-2736.6,-0.0640140350877193
URI,2025-06-30,2025-07-23,0.0,716.57,647.36,12.1,24.08,10.5358,11.54,9.8467,17.0,10.5308,10.6083,10.6365,10.7066,1.0,0.0,1.0,3.0,3888902050.0,3968900000.0,3762000000.0,13.0,32963.84,33651.34,-46.91,788.52,6.71,-75.76,6.74,-3.17,-23.55,5.32,-5.63,-2.24,-2.83,792.5,875.0,792.5,2025-07-25,21.2,19.8,41.0,5.173501577287067,82.45,,,890.0,97.5,0.75632,0.66852,0.71242,0.32219,54.77527301311025,-0.36584000000000005,0.0,1.0,0.7316239316239316,3.0,10.410094637223978,0,-5.236593059936911,2025-07-22,631.0,623.5707397460938,0.13195,0.1461368181818181,0.1476257142857142,0.0141868181818181,0.0156757142857142,0,0.1612199999999999,0.12219,0.0390299999999999,0.0097549999999999,0.0952721829954769,0.1087932236101431,0.350597609561753,0.0430547123045092,0.0746574482322903,0.0572925517677096,0.5766968108868138,1.16,-0.1085445660077069,0.7215265824372862,-0.4078325905075765,0.0108013834208153,0.0581878986298098,0.0,1,16.5,19.530000686645508,3.3049999999999997,41.0,82.5,intrinsic_fallback,4.1000000000000005,2.6,-4562.6,-0.05757223974763408
CME,2025-06-30,2025-07-23,1.0,272.66,263.27,1.4,5.02,2.9177,3.0,2.8484,15.0,2.9404,2.9791,2.9692,2.7576,0.0,0.0,3.0,9.0,1682714980.0,1692143980.0,1676000000.0,11.0,4983.25,4829.87,98.1,81.09,10.38,-73.21,11.52,12.0,11.11,10.53,15.46,1.26,2.98,280.0,280.0,280.0,2025-08-15,4.6,9.25,13.85,4.946428571428571,4.6,6.35,10.95,273.92,6.079999999999984,0.22951,0.23926,0.234385,0.19536,16.64995626853254,-0.014635000000000009,1113.0,184.0,0.790650406504065,24.0,0.0,1,4.946428571428571,2025-07-22,631.0,623.5707397460938,0.13195,0.1461368181818181,0.1476257142857142,0.0141868181818181,0.0156757142857142,0,0.1612199999999999,0.12219,0.0390299999999999,0.0097549999999999,0.0952721829954769,0.1087932236101431,0.350597609561753,0.0430547123045092,0.0746574482322903,0.0572925517677096,0.5766968108868138,1.16,-0.1085445660077069,0.7215265824372862,-0.4078325905075765,0.0108013834208153,0.0581878986298098,0.0,1,16.5,19.530000686645508,3.3049999999999997,13.85,10.95,real_post_mid,1.385,2.6,148.90000000000003,0.005317857142857144
WST,2025-06-30,2025-07-24,1.0,222.68,214.55,25.34,30.09,1.5084,1.54,1.43,12.0,1.5067,1.5045,1.5045,1.4362,6.0,0.0,2.0,0.0,726179720.0,735200000.0,720000000.0,11.0,23489.25,21937.32,755.46,362.48,0.42,-75.86,-2.1,-7.05,-20.33,-8.27,1.1,0.06,0.12,230.0,260.0,230.0,2025-08-15,13.85,15.25,29.1,12.65217391304348,34.15,0.675,34.824999999999996,246.2,16.19999999999999,0.64901,0.61974,0.6343749999999999,0.24414,61.51487684729064,-0.16097499999999992,589.0,265.0,0.5701643489254109,23.0,13.043478260869556,0,-0.39130434782607537,2025-07-23,636.0,628.875732421875,0.12707,0.136825,0.1430978571428571,0.0097549999999999,0.0160278571428571,0,0.1417,0.11244,0.0292599999999999,-2.7755575615628914e-17,0.0,0.0941424971854393,0.2828685258964143,0.0628580914312915,0.0731557864391267,0.0539142135608733,0.8592360835816605,1.29,1.0396189489872232,1.2512765953985816,-0.2531674439327256,0.0160040231925215,0.0567525394983505,0.0,1,15.369999885559082,18.559999465942383,2.6629998855590813,29.1,34.824999999999996,real_post_mid,2.91,2.6,-866.0999999999995,-0.03765652173913041
VTR,2025-06-30,2025-07-30,1.0,63.15,65.54,5.27,1.43,0.0,0.0,0.0,0.0,0.0,0.0,0.0,0.0,0.0,0.0,0.0,0.0,1370305350.0,1398915000.0,1351556000.0,7.0,5387.1,4532.7,528.0,137.35,13.18,-72.42,9.63,433.33,-23.08,11.38,34.16,24.61,2.28,67.5,67.5,67.5,2025-08-15,1.375,1.8,3.175,4.703703703703703,1.225,1.25,2.475,67.77,0.269999999999996,0.27829,0.25877,0.26853,0.22463,16.348266487915687,-0.04877500000000001,2092.0,104.0,0.5637065637065637,17.0,0.0,1,4.703703703703703,2025-07-29,636.0,629.9169311523438,0.1305557142857143,0.133275909090909,0.141705,0.0027201948051947,0.0111492857142857,0,0.1598257142857142,0.1110457142857142,0.0487799999999999,0.0048799999999999,0.1690677599099234,0.1046073017745135,0.3227091633466135,0.0692758776564769,0.065255519222654,0.0653001950630602,1.0616094773547855,1.07,-0.7458691642352533,0.8163731231144595,-0.3130547314493115,0.0101771795912586,0.0330942630437853,-0.0028879900982092,1,15.979999542236328,18.770000457763672,2.924428113664898,3.175,2.475,real_post_mid,0.3175,2.6,35.64999999999997,0.005281481481481477
GRMN,2025-06-30,2025-07-30,1.0,208.72,186.78,6.12,18.58,1.8972,2.0,1.813,6.0,1.8638,1.8638,1.8638,1.8099,1.0,0.0,1.0,0.0,1704575000.0,1716000000.0,1679400000.0,4.0,26634.59,24857.09,805.25,818.33,11.11,-75.62,18.64,13.38,-33.2,10.46,11.53,-0.44,0.08,240.0,220.0,240.0,2025-08-15,11.55,11.1,22.65,9.4375,0.22,21.5,21.72,232.34,7.659999999999997,0.56121,0.53194,0.546575,0.249015,54.44083611581211,-0.19512000000000002,91.0,176.0,0.6915077989601387,17.0,8.333333333333337,1,1.1041666666666625,2025-07-29,636.0,629.9169311523438,0.1305557142857143,0.133275909090909,0.141705,0.0027201948051947,0.0111492857142857,0,0.1598257142857142,0.1110457142857142,0.0487799999999999,0.0048799999999999,0.1690677599099234,0.1046073017745135,0.3227091633466135,0.0692758776564769,0.065255519222654,0.0653001950630602,1.0616094773547855,1.07,-0.7458691642352533,0.8163731231144595,-0.3130547314493115,0.0101771795912586,0.0330942630437853,-0.0028879900982092,1,15.979999542236328,18.770000457763672,2.924428113664898,22.65,21.72,real_post_mid,2.265,2.6,-136.10000000000002,-0.005670833333333334
ALL,2025-06-30,2025-07-30,1.0,201.31,197.24,-4.49,-2.51,3.2557,4.47,2.72,17.0,3.2857,3.1991,3.2127,3.1192,4.0,0.0,7.0,6.0,16596225999.0,16874000000.0,16318452000.0,2.0,44648.61,37952.62,4597.43,1716.44,6.64,-74.4,11.78,-31.19,-53.98,-43.83,-53.94,-4.43,-5.82,195.0,200.0,195.0,2025-08-15,4.6,5.35,9.95,5.102564102564102,9.55,1.15,10.700000000000001,206.78,11.780000000000001,0.2978,0.2978,0.2978,0.21487499999999998,27.845869711215588,-0.04878000000000002,95.0,13.0,0.6866952789699571,17.0,2.564102564102555,1,2.538461538461547,2025-07-29,636.0,629.9169311523438,0.1305557142857143,0.133275909090909,0.141705,0.0027201948051947,0.0111492857142857,0,0.1598257142857142,0.1110457142857142,0.0487799999999999,0.0048799999999999,0.1690677599099234,0.1046073017745135,0.3227091633466135,0.0692758776564769,0.065255519222654,0.0653001950630602,1.0616094773547855,1.07,-0.7458691642352533,0.8163731231144595,-0.3130547314493115,0.0101771795912586,0.0330942630437853,-0.0028879900982092,1,15.979999542236328,18.770000457763672,2.924428113664898,9.95,10.700000000000001,real_post_mid,0.995,2.6,-177.1000000000002,-0.009082051282051293
AWK,2025-06-30,2025-07-30,0.0,139.11,146.43,0.39,-4.63,1.5266,1.67,1.47,9.0,1.5371,1.5218,1.5285,1.4923,1.0,0.0,2.0,1.0,1228000000.0,1287000000.0,1129000000.0,3.0,2980.96,2785.38,90.54,304.22,12.96,-75.62,10.51,12.9,-13.93,20.46,13.8,0.17,0.24,140.0,140.0,140.0,2025-08-15,3.05,3.1500000000000004,6.2,4.428571428571429,1.725,2.425,4.15,143.92,3.9199999999999875,0.20024,0.30755,0.253895,0.18560500000000002,26.896945587742955,-0.05365499999999998,110.0,9.0,0.46226415094339623,17.0,0.0,1,4.428571428571429,2025-07-29,636.0,629.9169311523438,0.1305557142857143,0.133275909090909,0.141705,0.0027201948051947,0.0111492857142857,0,0.1598257142857142,0.1110457142857142,0.0487799999999999,0.0048799999999999,0.1690677599099234,0.1046073017745135,0.3227091633466135,0.0692758776564769,0.065255519222654,0.0653001950630602,1.0616094773547855,1.07,-0.7458691642352533,0.8163731231144595,-0.3130547314493115,0.0101771795912586,0.0330942630437853,-0.0028879900982092,1,15.979999542236328,18.770000457763672,2.924428113664898,6.2,4.15,real_post_mid,0.6200000000000001,2.6,140.39999999999998,0.010028571428571427
FE,2025-06-30,2025-07-30,1.0,40.26,42.75,3.8,-2.25,0.4865,0.53,0.46,11.0,0.5168,0.5066,0.5074,0.5049,0.0,0.0,1.0,6.0,3389257270.0,3532516000.0,3237413080.0,4.0,3165.58,3033.34,104.53,158.88,14.54,-72.05,7.05,21.82,0.0,26.02,23.2,1.85,1.41,42.0,42.0,42.0,2025-08-15,0.6000000000000001,1.1,1.7000000000000002,4.0476190476190474,0.95,0.47500000000000003,1.425,43.47,1.4699999999999989,0.18073,0.28804,0.234385,0.18560500000000002,20.811912025086922,-0.05366000000000001,3507.0,174.0,0.07571801566579635,17.0,0.0,1,4.0476190476190474,2025-07-29,636.0,629.9169311523438,0.1305557142857143,0.133275909090909,0.141705,0.0027201948051947,0.0111492857142857,0,0.1598257142857142,0.1110457142857142,0.0487799999999999,0.0048799999999999,0.1690677599099234,0.1046073017745135,0.3227091633466135,0.0692758776564769,0.065255519222654,0.0653001950630602,1.0616094773547855,1.07,-0.7458691642352533,0.8163731231144595,-0.3130547314493115,0.0101771795912586,0.0330942630437853,-0.0028879900982092,1,15.979999542236328,18.770000457763672,2.924428113664898,1.7000000000000002,1.425,real_post_mid,0.17000000000000004,2.6,7.900000000000009,0.001880952380952383
MTD,2025-06-30,2025-07-31,1.0,1205.29,1100.01,2.36,12.15,9.5983,9.95,9.488,12.0,9.5973,9.554,9.5482,10.1736,1.0,0.0,2.0,0.0,958170550.0,966000000.0,946041730.0,10.0,34812.32,32155.07,1577.39,601.96,-4.56,-77.18,0.28,-7.87,-34.0,-9.24,-11.87,0.33,-2.06,1270.0,1200.0,1270.0,2025-08-15,41.25,45.6,86.85,6.838582677165355,4.824999999999999,73.19999999999999,78.02499999999999,1312.34,42.33999999999992,0.39536,0.42462,0.40998999999999997,0.28804,29.74462791775408,-0.09755999999999998,2.0,0.0,3.75,16.0,5.511811023622048,1,1.3267716535433065,2025-07-30,639.0,629.1236572265625,0.12707,0.1310586363636363,0.1406592857142857,0.0039886363636363,0.0135892857142857,0,0.1417,0.12219,0.01951,0.0048749999999999,0.0986228599474555,0.0941424971854393,0.2948207171314741,0.0408396912650332,0.0648491300796026,0.0622208699203974,0.6297646740195635,1.29,0.7565332011284679,1.0574451677843406,-0.2587041109526384,0.0003942349687,0.0268836165054346,-0.004143684173762,1,15.479999542236328,18.350000381469727,2.7729995422363274,86.85,78.02499999999999,real_post_mid,8.685,2.6,11.400000000000235,8.976377952756091e-05
HII,2025-06-30,2025-07-31,1.0,246.31,230.02,13.22,21.23,3.3903,4.3,3.1068,9.0,3.3766,3.3766,3.3766,3.3276,1.0,0.0,1.0,1.0,2935785110.0,3077000000.0,2899000000.0,10.0,32048.03,30155.92,1935.36,2922.44,-2.53,-76.3,0.67,-2.07,20.32,3.16,12.59,1.04,0.79,260.0,270.0,260.0,2025-08-15,10.5,11.600000000000001,22.1,8.5,12.55,2.6,15.15,266.25,6.25,0.47354303289884303,0.5453437886829058,0.5094434107908744,,,,92.0,7.0,0.27586206896551724,16.0,3.8461538461538547,1,4.653846153846145,2025-07-30,639.0,629.1236572265625,0.12707,0.1310586363636363,0.1406592857142857,0.0039886363636363,0.0135892857142857,0,0.1417,0.12219,0.01951,0.0048749999999999,0.0986228599474555,0.0941424971854393,0.2948207171314741,0.0408396912650332,0.0648491300796026,0.0622208699203974,0.6297646740195635,1.29,0.7565332011284679,1.0574451677843406,-0.2587041109526384,0.0003942349687,0.0268836165054346,-0.004143684173762,1,15.479999542236328,18.350000381469727,2.7729995422363274,22.1,15.15,real_post_mid,2.2100000000000004,2.6,471.4,0.01813076923076923
CMS,2025-06-30,2025-07-31,1.0,70.13,72.91,5.23,1.22,0.6806,0.72,0.65,13.0,0.6836,0.664,0.6647,0.6795,1.0,0.0,3.0,3.0,1703637420.0,1719530110.0,1680000000.0,4.0,4679.52,4615.39,26.67,82.79,12.45,-67.44,3.47,5.15,17.24,7.74,19.9,-0.31,1.26,70.0,75.0,70.0,2025-08-15,3.05,1.375,4.425,6.321428571428571,4.2,0.22499999999999998,4.425,72.3,2.299999999999997,0.27829,0.39536,0.336825,0.136825,59.378015289838935,-0.16585499999999997,1003.0,3.0,0.16037735849056603,16.0,7.14285714285714,0,-0.8214285714285685,2025-07-30,639.0,629.1236572265625,0.12707,0.1310586363636363,0.1406592857142857,0.0039886363636363,0.0135892857142857,0,0.1417,0.12219,0.01951,0.0048749999999999,0.0986228599474555,0.0941424971854393,0.2948207171314741,0.0408396912650332,0.0648491300796026,0.0622208699203974,0.6297646740195635,1.29,0.7565332011284679,1.0574451677843406,-0.2587041109526384,0.0003942349687,0.0268836165054346,-0.004143684173762,1,15.479999542236328,18.350000381469727,2.7729995422363274,4.425,4.425,real_post_mid,0.4425,2.6,-46.85,-0.006692857142857143
EXC,2025-06-30,2025-07-31,1.0,43.41,46.48,3.52,-3.31,0.3676,0.41,0.3378,13.0,0.3807,0.4625,0.4641,0.5041,0.0,0.0,0.0,9.0,5482346330.0,5535900000.0,5376000000.0,3.0,3905.55,3562.98,144.14,59.74,11.1,-70.84,6.97,35.29,43.75,20.49,37.88,3.28,4.45,44.0,44.0,44.0,2025-08-15,0.8999999999999999,1.2,2.0999999999999996,4.7727272727272725,0.9750000000000001,0.5,1.475,44.58,0.5799999999999983,0.19048,0.36609,0.278285,0.19536,29.798587778716062,-0.082925,962.0,259.0,0.16954022988505746,16.0,0.0,1,4.7727272727272725,2025-07-30,639.0,629.1236572265625,0.12707,0.1310586363636363,0.1406592857142857,0.0039886363636363,0.0135892857142857,0,0.1417,0.12219,0.01951,0.0048749999999999,0.0986228599474555,0.0941424971854393,0.2948207171314741,0.0408396912650332,0.0648491300796026,0.0622208699203974,0.6297646740195635,1.29,0.7565332011284679,1.0574451677843406,-0.2587041109526384,0.0003942349687,0.0268836165054346,-0.004143684173762,1,15.479999542236328,18.350000381469727,2.7729995422363274,2.0999999999999996,1.475,real_post_mid,0.20999999999999996,2.6,38.899999999999956,0.008840909090909082
MRNA,2025-06-30,2025-08-01,1.0,30.28,27.61,-8.83,-0.02,-2.9725,-2.63,-3.58,12.0,-2.9725,-2.9542,-2.9484,-3.1168,0.0,0.0,0.0,2.0,112960290.0,158000000.0,67800000.0,14.0,6011.46,2253.66,1487.82,1986.16,-35.93,-96.66,-41.44,17.92,13.4,17.72,17.06,-26.62,-223.23,29.5,27.5,29.5,2025-08-01,1.565,1.4649999999999999,3.03,10.271186440677965,,,,27.605,1.8949999999999996,2.48311,2.42458,2.4538450000000003,0.60023,75.53920479899912,-1.7755700000000003,295.0,386.0,0.5150095316842371,1.0,6.779661016949157,1,3.4915254237288087,2025-07-31,633.0,626.763671875,0.136825,0.1323886363636363,0.1458835714285714,-0.0044363636363636,0.0090585714285714,0,0.1626128571428571,0.11244,0.0501728571428571,0.0007014285714285,0.37501601537476,0.1234289390446577,0.4422310756972111,0.0487928004896567,0.0669650834664368,0.0698599165335631,0.7286304737320585,1.46,1.753994746899025,1.1681933927394608,-0.2309668985288198,-0.0036883986202657,0.0233626828498263,-0.0078793668024707,1,16.719999313354492,19.13999938964844,3.037499313354491,3.03,2.0,intrinsic_fallback,0.303,2.6,70.1,0.023762711864406778
LNT,2025-06-30,2025-08-07,1.0,61.26,61.76,7.93,7.06,0.6415,0.687,0.6,8.0,0.6415,0.6466,0.6493,0.6778,2.0,0.0,2.0,1.0,916930020.0,985154360.0,848705670.0,2.0,5336.8,4800.48,224.21,148.54,9.41,-71.67,0.53,33.87,18.57,11.71,15.77,1.28,1.25,65.0,65.0,65.0,2025-08-15,1.1,0.7749999999999999,1.875,2.8846153846153846,1.175,0.42500000000000004,1.6,64.62,0.37999999999999545,0.1417,0.27829,0.209995,0.209995,0.0,0.009755000000000014,559.0,0.0,1.0,9.0,0.0,1,2.8846153846153846,2025-08-06,633.0,627.4578247070312,0.13195,0.138260294117647,0.1475095238095237,0.006310294117647,0.0155595238095237,0,0.17097,0.11244,0.05853,0.0097549999999999,0.2295814641194957,0.1087932236101431,0.3625498007968127,0.194010277887833,0.1009576033015045,0.0309923966984954,1.9217005113367405,1.35,0.7466220669268334,0.8596506467403161,-0.4007149031012654,-0.002647861831925,0.0200535494255602,-0.0067805741025197,1,16.770000457763672,19.469999313354492,3.5750004577636716,1.875,1.6,real_post_mid,0.1875,2.6,6.1499999999999915,0.0009461538461538448
LULU,2025-07-31,2025-09-04,1.0,195.07,265.27,5.65,-22.31,2.8509,2.95,2.53,19.0,2.8715,2.8803,2.8986,3.3245,0.0,0.0,0.0,3.0,2540097580.0,2586000000.0,2409000000.0,24.0,3887.57,4000.32,78.77,441.36,7.32,,7.79,2.36,-38.39,4.68,1.38,0.62,-1.09,197.5,167.5,197.5,2025-09-05,12.5,11.325,23.825,12.063291139240507,0.01,29.700000000000003,29.710000000000004,167.8,29.69999999999999,2.0441,2.02458,2.03434,0.46852499999999997,76.96918902445017,-1.399965,221.0,125.0,1.3847937469613674,2.0,15.189873417721522,0,-3.126582278481015,2025-09-03,646.0,638.3255615234375,0.12707,0.1328745238095238,0.1426335714285714,0.0058045238095238,0.0155635714285714,0,0.17097,0.10268,0.06829,0.009755,0.2964263775006008,0.0941424971854393,0.2749003984063745,0.0929105425484662,0.0952379297574094,0.0318320702425905,0.9755623918445988,0.99,-0.9783446400225618,0.6673500847001026,-0.6922734778110018,-0.0022010426855354,0.0199154270906565,-0.0079825604634657,1,16.350000381469727,18.93000030517578,3.643000381469728,23.825,29.710000000000004,real_post_mid,2.3825,2.6,-829.3500000000006,-0.04199240506329117
WRB,2025-09-30,2025-10-20,0.0,73.39,68.54,0.12,7.21,1.1028,1.17,1.04,15.0,1.0955,1.0495,1.0473,1.066,5.0,0.0,6.0,1.0,3152988000.0,3173100000.0,3146000000.0,4.0,-4537.12,-4799.71,27.75,202.25,10.77,3.48,11.56,0.96,3.96,18.58,7.01,-2.65,-0.5,75.0,75.0,75.0,2025-11-21,2.175,2.675,4.85,6.466666666666667,2.15,1.7000000000000002,3.85,78.1,3.0999999999999943,0.26853,0.24902,0.258775,0.21975499999999998,15.078736353975462,-0.019514999999999977,129.0,5.0,0.09502262443438914,35.0,0.0,1,6.466666666666667,2025-10-17,666.0,660.62841796875,0.166095,0.1702735714285714,0.166095,0.0041785714285714,0.0,0,0.2002399999999999,0.1417,0.0585399999999999,0.0048749999999999,0.5916751373098373,0.211303275612502,0.7928286852589641,0.1309378925294387,0.1292928364681499,0.03680216353185,1.0127234896087534,1.26,-0.3159114950438394,0.767803389493788,-0.3668648226399914,0.0174114706353449,0.0059976544737594,-0.0129547378917808,1,20.780000686645508,22.09000015258789,4.170500686645507,4.85,3.85,real_post_mid,0.485,2.6,48.899999999999956,0.0065199999999999945
FE,2025-09-30,2025-10-22,1.0,43.33,41.4,9.14,14.23,0.7683,0.8,0.7327,8.0,0.7526,0.7884,0.8002,0.83,2.0,0.0,2.0,3.0,3943693340.0,3969667000.0,3912000000.0,5.0,3272.78,3016.09,201.0,124.13,3.05,-10.23,6.2,-7.14,-22.39,18.98,52.72,-2.53,6.21,47.0,46.0,47.0,2025-11-21,1.0499999999999998,1.25,2.3,4.8936170212765955,0.6499999999999999,1.35,2.0,46.89,0.10999999999999943,0.17097,0.24902,0.209995,0.20512,2.3214838448534443,-0.02438499999999999,717.0,2.0,0.7323232323232324,31.0,2.127659574468088,1,2.7659574468085073,2025-10-21,672.0,667.4892578125,0.1417,0.1510533333333333,0.1525057142857142,0.0093533333333333,0.0108057142857142,0,0.18073,0.12219,0.05854,0.0097599999999999,0.2940608984021704,0.1380646544791722,0.5816733067729084,0.1030274440244827,0.1321824346400119,0.009517565359988,0.7794336993797212,1.41,0.6360321929123965,0.7293976527674388,-0.3711155429452148,0.0136809909324202,0.0066731721542181,-0.0027039535209257,1,17.8700008392334,19.989999771118164,3.7000008392333985,2.3,2.0,real_post_mid,0.22999999999999998,2.6,4.399999999999984,0.0009361702127659541
HCA,2025-09-30,2025-10-24,1.0,416.62,334.32,7.3,33.72,5.726,5.98,5.376,19.0,5.713,5.723,5.7209,5.5921,1.0,0.0,2.0,3.0,18559790490.0,18847000000.0,18359000000.0,19.0,26790.4,24107.61,2220.43,1124.73,6.36,1.55,7.76,24.36,6.05,7.97,8.64,0.34,0.34,440.0,470.0,440.0,2025-11-21,16.3,15.85,32.15,7.306818181818181,33.45,4.1,37.550000000000004,491.0,51.0,0.31731,0.33682,0.327065,0.26365,19.389112255973583,-0.043899999999999995,76.0,30.0,1.0380059230009873,29.0,6.818181818181812,1,0.48863636363636864,2025-10-23,672.0,667.9566650390625,0.1417,0.1502399999999999,0.15634,0.0085399999999999,0.01464,0,0.17097,0.1207971428571428,0.0501728571428571,0.0041835714285714,0.2940608984021704,0.1380646544791722,0.5776892430278885,0.0957400480197699,0.1327578126884584,0.0089421873115415,0.721163192440073,1.22,-0.5910749180020092,0.7103958530594358,-0.3617906967991998,0.0168321092846701,0.0161246788225628,-0.0020056001411662,1,17.299999237060547,19.649999618530273,3.129999237060547,32.15,37.550000000000004,real_post_mid,3.215,2.6,-864.1000000000006,-0.019638636363636375
IVZ,2025-09-30,2025-10-28,1.0,22.72,21.48,5.46,11.55,0.439,0.493,0.39,11.0,0.4461,0.4657,0.4735,0.4716,0.0,0.0,4.0,5.0,1182902880.0,1202000000.0,1165181120.0,6.0,4768.8,4665.41,213.87,227.16,2.17,-0.9,5.04,-16.28,-18.18,3.91,3.58,-2.83,0.19,23.0,24.0,23.0,2025-11-21,1.2000000000000002,0.75,1.9500000000000002,8.478260869565219,1.4500000000000002,0.525,1.975,23.22,0.21999999999999886,0.37584,0.40511,0.390475,0.36609,6.244958063896534,-0.02438499999999999,3185.0,165.0,0.12224448897795591,25.0,4.347826086956519,1,4.1304347826087,2025-10-27,686.0,681.3603515625,0.13195,0.13885625,0.14658,0.00690625,0.0146299999999999,0,0.15146,0.1152257142857142,0.0362342857142857,0.0013928571428571,0.1250480461242795,0.1087932236101431,0.4422310756972111,0.106917664401624,0.1376224413581826,-0.0056724413581826,0.7768912057253448,1.52,1.2822694085059183,11.506924388371155,1.460068247545338,0.0207656916758378,0.0353871889360914,0.0,1,15.789999961853027,18.989999771118164,2.594999961853027,1.9500000000000002,1.975,real_post_mid,0.19500000000000003,2.6,-24.599999999999994,-0.01069565217391304
VTR,2025-09-30,2025-10-29,1.0,69.2,67.18,1.23,4.27,0.05,0.05,0.05,1.0,0.0,0.0,0.0,0.0,0.0,0.0,0.0,0.0,1435602670.0,1448916000.0,1428400000.0,3.0,6107.1,4969.5,513.6,146.79,18.31,4.63,11.07,200.0,50.0,15.2,14.55,-1.43,-1.25,70.0,75.0,70.0,2025-11-21,2.075,1.3250000000000002,3.4000000000000004,4.857142857142858,4.95,0.4,5.3500000000000005,79.24,9.239999999999995,0.27829,0.20024,0.239265,0.24414,-2.037489812550933,-5.0000000000050004e-06,1193.0,0.0,0.5227272727272727,24.0,7.14285714285714,0,-2.285714285714282,2025-10-28,687.0,683.1700439453125,0.1417,0.14658,0.15634,0.0048799999999999,0.01464,0,0.1612199999999999,0.12219,0.0390299999999999,4.999999999977245e-06,0.2499679692504803,0.1380646544791722,0.5776892430278885,0.1019969727617197,0.1376072586588146,0.0040927413411853,0.7412179688472138,1.06,-1.6131966610729989,1.6868890148636602,-0.2763504612986595,0.0234921924949049,0.0352278067425693,0.0,1,16.420000076293945,19.549999237060547,2.2500000762939454,3.4000000000000004,5.3500000000000005,real_post_mid,0.3400000000000001,2.6,-231.6,-0.03308571428571429
WEC,2025-09-30,2025-10-30,1.0,114.59,110.24,-1.74,2.14,0.812,0.83,0.7947,7.0,0.799,0.7962,0.7862,0.8639,2.0,0.0,3.0,0.0,1897991270.0,2061356720.0,1435517540.0,7.0,8037.15,7598.62,212.22,138.32,13.4,-36.2,2.09,13.43,-66.52,8.04,10.99,-1.45,-0.44,115.0,110.0,115.0,2025-11-21,2.225,2.95,5.175000000000001,4.500000000000001,0.8,4.6,5.3999999999999995,111.14,3.8599999999999994,0.20024,0.24902,0.22463,0.195365,13.028090637937936,-0.024389999999999995,384.0,522.0,0.9260450160771704,23.0,4.347826086956519,1,0.15217391304348205,2025-10-29,687.0,683.4981689453125,0.14658,0.1526799999999999,0.1601703571428571,0.0060999999999999,0.0135903571428571,0,0.17097,0.12219,0.04878,0.0,0.3124919923126199,0.152715380903876,0.6414342629482072,0.0704764183530035,0.1374421677454058,0.0091378322545941,0.5127714405927601,1.4,0.5131756759690881,2.6924580658458623,-0.1085265131489235,0.0293350971740893,0.0318382271572281,0.0,1,16.920000076293945,19.829999923706055,2.262000076293946,5.175000000000001,5.3999999999999995,real_post_mid,0.5175000000000001,2.6,-76.84999999999988,-0.006682608695652164
HII,2025-09-30,2025-10-30,1.0,287.91,269.83,10.82,18.25,3.4377,3.93,3.13,8.0,3.4343,3.4343,3.445,3.4788,2.0,0.0,2.0,0.0,2948158330.0,3078270000.0,2877000000.0,9.0,33851.68,29495.81,2168.7,1328.06,3.53,12.73,0.24,-11.87,1.85,-6.56,-12.99,-1.69,-0.95,300.0,320.0,300.0,2025-11-21,15.149999999999999,14.899999999999999,30.049999999999997,10.016666666666666,25.95,3.0749999999999997,29.025,305.49,5.490000000000009,0.52218,0.48316,0.50267,0.29292,41.7271768754849,-0.11219499999999993,162.0,15.0,8.045454545454545,23.0,6.666666666666665,1,3.3500000000000005,2025-10-29,687.0,683.4981689453125,0.14658,0.1526799999999999,0.1601703571428571,0.0060999999999999,0.0135903571428571,0,0.17097,0.12219,0.04878,0.0,0.3124919923126199,0.152715380903876,0.6414342629482072,0.0704764183530035,0.1374421677454058,0.0091378322545941,0.5127714405927601,1.4,0.5131756759690881,2.6924580658458623,-0.1085265131489235,0.0293350971740893,0.0318382271572281,0.0,1,16.920000076293945,19.829999923706055,2.262000076293946,30.049999999999997,29.025,real_post_mid,3.005,2.6,-200.60000000000014,-0.0066866666666666715
ES,2025-09-30,2025-11-04,1.0,72.53,65.43,1.78,12.82,1.1485,1.2,0.89,14.0,1.1443,1.1448,1.1518,1.1451,2.0,0.0,3.0,4.0,3200790010.0,3812300000.0,2936337930.0,5.0,3630.56,3608.38,43.52,58.71,12.02,-31.09,6.57,1.05,-36.0,30.77,10.05,21.45,-0.42,75.0,75.0,75.0,2025-11-21,1.175,2.0250000000000004,3.2,4.2666666666666675,0.45,2.4,2.85,64.55,10.450000000000003,0.21,0.26853,0.239265,0.19048,20.389526257496914,0.029264999999999985,662.0,5.0,0.09219858156028368,18.0,0.0,1,4.2666666666666675,2025-11-03,686.0,679.4711303710938,0.1451857142857142,0.1520699999999999,0.1616842857142857,0.0068842857142857,0.0164985714285714,0,0.17097,0.1291614285714286,0.0418085714285714,0.00488,0.2817980208352744,0.1485294590682463,0.6135458167330677,0.0946724485893877,0.1441378861606932,0.001047828125021,0.6568186277120884,1.27,-0.2045226232304332,4.420121853122671,0.1712725690893085,-0.0027727195852735,0.0211144294852627,-0.005891805943581,1,17.170000076293945,20.3799991607666,2.6514286477225166,3.2,2.85,real_post_mid,0.32000000000000006,2.6,0.4000000000000026,5.333333333333368e-05
MTD,2025-09-30,2025-11-06,1.0,1309.12,1255.97,9.97,14.62,10.6663,10.84,10.5745,12.0,10.6672,10.6738,10.6738,10.5108,0.0,0.0,1.0,4.0,997354340.0,1006016120.0,992783000.0,10.0,36385.76,33420.96,1357.33,444.71,3.85,11.26,1.37,4.56,23.2,0.04,-0.08,-0.64,-1.07,1440.0,1440.0,1440.0,2025-11-21,46.9,46.0,92.9,6.45138888888889,27.5,28.0,55.5,1452.35,12.349999999999909,0.3856,0.39536,0.39048,0.249015,36.22848801475108,-0.10243999999999998,4.0,0.0,0.8,16.0,0.0,1,6.45138888888889,2025-11-05,679.0,673.7437133789062,0.15146,0.1526799999999999,0.166095,0.0012199999999999,0.0146349999999999,0,0.18073,0.13195,0.0487799999999999,0.0048799999999999,0.3636482230380737,0.1673661073285799,0.7171314741035857,0.1253427026304716,0.1501667208936776,0.0012932791063223,0.8346902821379302,1.17,-0.6946781023085637,1.065096956710493,-0.4892707646516285,-0.014271370443403,0.0126434838272775,-0.014271370443403,1,18.010000228881836,20.600000381469727,2.864000228881835,92.9,55.5,real_post_mid,9.290000000000001,2.6,2808.4000000000005,0.019502777777777782
CPT,2025-09-30,2025-11-06,0.0,103.37,105.52,-3.95,-5.9,0.2847,0.29,0.2794,2.0,0.2912,0.2912,0.2912,0.3109,0.0,0.0,0.0,1.0,398456140.0,403500000.0,394013680.0,13.0,29649.6,29343.22,32.48,311.02,2.42,1.52,0.56,-22.5,-13.89,21.13,-6.09,-0.3,-1.64,100.0,100.0,100.0,2025-11-21,3.475,1.025,4.5,4.5,2.9000000000000004,1.95,4.8500000000000005,105.23,5.230000000000004,0.27829,0.21975,0.24902,0.141705,43.094932133965145,0.0048749999999999905,21.0,0.0,2.3333333333333335,16.0,0.0,1,4.5,2025-11-05,679.0,673.7437133789062,0.15146,0.1526799999999999,0.166095,0.0012199999999999,0.0146349999999999,0,0.18073,0.13195,0.0487799999999999,0.0048799999999999,0.3636482230380737,0.1673661073285799,0.7171314741035857,0.1253427026304716,0.1501667208936776,0.0012932791063223,0.8346902821379302,1.17,-0.6946781023085637,1.065096956710493,-0.4892707646516285,-0.014271370443403,0.0126434838272775,-0.014271370443403,1,18.010000228881836,20.600000381469727,2.864000228881835,4.5,4.8500000000000005,real_post_mid,0.45,2.6,-82.60000000000004,-0.008260000000000003
ED,2025-09-30,2025-11-06,1.0,100.04,104.48,-3.05,-7.17,1.7486,1.8318,1.7,9.0,1.7497,1.7683,1.7726,1.7647,0.0,0.0,1.0,4.0,4220420460.0,4334061650.0,4052000000.0,6.0,5006.59,4778.32,285.85,213.29,11.65,-25.07,6.62,15.25,-69.91,18.15,10.94,-13.49,-0.07,95.0,97.5,95.0,2025-11-21,2.6,1.975,4.575,4.815789473684211,4.05,0.6,4.6499999999999995,100.16,5.159999999999997,0.23926,0.31731,0.278285,0.195365,29.7967910595253,-0.04877500000000001,44.0,0.0,1.2608695652173914,16.0,2.6315789473684292,1,2.1842105263157814,2025-11-05,679.0,673.7437133789062,0.15146,0.1526799999999999,0.166095,0.0012199999999999,0.0146349999999999,0,0.18073,0.13195,0.0487799999999999,0.0048799999999999,0.3636482230380737,0.1673661073285799,0.7171314741035857,0.1253427026304716,0.1501667208936776,0.0012932791063223,0.8346902821379302,1.17,-0.6946781023085637,1.065096956710493,-0.4892707646516285,-0.014271370443403,0.0126434838272775,-0.014271370443403,1,18.010000228881836,20.600000381469727,2.864000228881835,4.575,4.6499999999999995,real_post_mid,0.4575,2.6,-55.84999999999993,-0.005878947368421045
DUK,2025-09-30,2025-11-06,1.0,125.56,125.32,-1.24,-1.05,1.7496,1.7835,1.68,17.0,1.7503,1.7272,1.7372,1.7425,1.0,0.0,6.0,1.0,8553308540.0,8803850930.0,8313675380.0,9.0,4330.4,3716.86,318.76,191.98,4.68,-8.98,4.57,5.93,-28.98,4.22,6.56,-19.69,0.43,125.0,125.0,125.0,2025-11-21,1.2999999999999998,3.2,4.5,3.5999999999999996,0.8,3.075,3.875,122.8,2.200000000000003,0.17097,0.25877,0.21487,0.19048500000000002,11.348722483362028,-0.02438499999999999,2244.0,149.0,0.35405998536942207,16.0,0.0,1,3.5999999999999996,2025-11-05,679.0,673.7437133789062,0.15146,0.1526799999999999,0.166095,0.0012199999999999,0.0146349999999999,0,0.18073,0.13195,0.0487799999999999,0.0048799999999999,0.3636482230380737,0.1673661073285799,0.7171314741035857,0.1253427026304716,0.1501667208936776,0.0012932791063223,0.8346902821379302,1.17,-0.6946781023085637,1.065096956710493,-0.4892707646516285,-0.014271370443403,0.0126434838272775,-0.014271370443403,1,18.010000228881836,20.600000381469727,2.864000228881835,4.5,3.875,real_post_mid,0.45,2.6,14.9,0.0011920000000000001
