ticker,fiscal_quarter_end,announcement_date,eps_beat,price_1m_before,price_3m_before,price_change_1m_pct,price_change_3m_pct,eps_estimate_average,eps_estimate_high,eps_estimate_low,eps_estimate_analyst_count,eps_estimate_average_7_days_ago,eps_estimate_average_30_days_ago,eps_estimate_average_60_days_ago,eps_estimate_average_90_days_ago,eps_estimate_revision_up_trailing_7_days,eps_estimate_revision_down_trailing_7_days,eps_estimate_revision_up_trailing_30_days,eps_estimate_revision_down_trailing_30_days,revenue_estimate_average,revenue_estimate_high,revenue_estimate_low,revenue_estimate_analyst_count,elo_before,elo_decay,elo_momentum,elo_vol_4q,total_revenue_yoy_growth_lag1,total_revenue_qoq_growth_lag1,total_revenue_ttm_yoy_growth_lag1,actual_eps_yoy_growth_lag1,actual_eps_qoq_growth_lag1,ebitda_yoy_growth_lag1,operating_income_yoy_growth_lag1,gross_margin_yoy_change_lag1,operating_margin_yoy_change_lag1,stock_price_pre,stock_price_post,atm_strike_pre,atm_expiration_pre,atm_call_mid_pre,atm_put_mid_pre,straddle_price_pre,straddle_pct_pre,atm_call_mid_post,atm_put_mid_post,exit_premium,expiry_close,exit_intrinsic_at_expiry,iv_call_pre,iv_put_pre,iv_avg_pre,iv_avg_post,iv_crush_pct,iv_term_slope,atm_open_interest_pre,atm_volume_pre,chain_pc_volume_ratio,dte_pre,actual_move_pct,crush_profitable,crush_pnl_pct,spy_join_date,spy_spot,spy_spy_close,spy_atm_iv_30d,spy_atm_iv_60d,spy_atm_iv_90d,spy_term_slope_30_60,spy_term_slope_30_90,spy_backwardation_flag,spy_iv_25d_put,spy_iv_25d_call,spy_risk_reversal_25d,spy_butterfly_25d,spy_iv_rank_30d,spy_iv_rank_252d,spy_iv_percentile_252d,spy_rv_5d,spy_rv_21d,spy_vrp_30d,spy_vol_expansion,spy_pc_ratio,spy_pc_ratio_z_20d,spy_voi_ratio,spy_voi_ratio_z_20d,spy_spy_ret_5d,spy_spy_ret_21d,spy_spy_dd_from_60d_high,spy_spy_above_200d_ma,spy_vix_close,spy_vix3m_close,spy_vix_minus_atm_iv_30d,entry_premium,exit_cost,exit_source,half_spread,commission,pnl_dollars,pnl_pct_notional
LW,2024-08-31,2024-10-01,1.0,61.92,82.68,4.83,-21.49,0.72,0.74,0.66,9.0,0.71,0.72,0.72,1.45,1.0,0.0,1.0,0.0,1555340000.0,1570000000.0,1542670000.0,9.0,1384.8,4445.28,-1382.4,1356.83,16.33,,32.83,-16.08,605.88,-4.53,-8.66,-4.05,-4.49,65.0,67.5,65.0,2024-10-18,3.8,3.9,7.699999999999999,11.846153846153843,2.825,1.05,3.875,78.22,13.22,0.66852,0.66852,0.66852,0.32219,51.80548076347754,-0.25365,6614.0,468.0,0.7655304707097536,18.0,3.8461538461538542,1,7.99999999999999,2024-09-30,575.0,563.6588134765625,0.12707,0.15146,0.1523472727272727,0.0243899999999999,0.0252772727272727,0,0.16122,0.1043066666666666,0.0569133333333333,0.0056933333333333,0.2941602098344841,0.1917969792139592,0.6653386454183267,0.0479939929194181,0.1363363012426776,-0.0092663012426776,0.352026514449656,1.25,0.2766988508346175,0.8934674023204349,-0.7094656969745842,0.0071797245416533,0.0307511424780388,0.0,1,16.729999542236328,19.219999313354492,4.022999542236327,7.699999999999999,3.875,real_post_mid,0.77,2.6,302.8999999999999,0.04659999999999999
WRB,2024-09-30,2024-10-21,0.0,57.45,52.21,6.23,16.89,0.92,0.98,0.85,14.0,0.93,0.95,0.95,0.94,1.0,0.0,4.0,1.0,3443780000.0,3470890000.0,3402900000.0,6.0,-5085.6,-5789.6,245.33,170.08,10.62,1.76,9.92,-8.77,-33.33,-6.4,6.67,-1.76,-0.54,59.75,57.5,59.75,2024-11-15,2.575,1.725,4.300000000000001,7.196652719665273,0.7749999999999999,2.6,3.375,60.74,0.990000000000002,0.23926,0.37584,0.30755,0.21975,28.548203544139163,-0.20487,292.0,34.0,0.3187855787476281,28.0,3.765690376569042,1,3.4309623430962315,2024-10-18,600.0,574.2981567382812,0.12707,0.1312485714285714,0.1319449999999999,0.0041785714285713,0.0048749999999999,0,0.17097,0.12219,0.04878,0.0195099999999999,0.0921350739022552,0.1917969792139592,0.6693227091633466,0.0958807900229148,0.087439418122468,0.0396305818775319,1.0965396623365415,1.26,-0.2144723743509695,0.507356934510485,-1.0146373374692372,0.0086442192888969,0.0269764516779325,0.0,1,18.030000686645508,19.190000534057617,5.323000686645507,4.300000000000001,3.375,real_post_mid,0.4300000000000001,2.6,46.90000000000006,0.007849372384937249
PCAR,2024-09-30,2024-10-22,1.0,98.91,98.9,5.94,5.96,1.82,1.89,1.77,14.0,1.82,1.82,1.82,1.84,1.0,0.0,4.0,0.0,7649970000.0,8047000000.0,7302530000.0,11.0,-11487.2,-12141.76,97.6,530.57,-1.35,0.42,15.17,-8.58,-6.17,-5.3,-16.3,-2.3,-2.62,110.0,105.0,110.0,2024-11-15,4.75,5.3,10.05,9.136363636363637,0.7,6.35,7.05,112.26,2.260000000000005,0.41487,0.46365,0.43926,0.263655,39.97746209534217,-0.1170749999999999,657.0,453.0,3.487958115183246,25.0,4.545454545454541,1,4.590909090909095,2024-10-21,600.0,573.3550415039062,0.13195,0.136825,0.1319449999999999,0.0048749999999999,-5.000000000032756e-06,1,0.18073,0.13195,0.0487799999999999,0.0243899999999999,0.1842701478045099,0.2237740635516469,0.7410358565737052,0.0780997820209745,0.0874024789789387,0.0445475210210612,0.8935648385876346,1.2,-0.6520389056516837,0.562325017014662,-1.0803796736704707,-0.0011808668941,0.0270654800301761,-0.0016422048779181,1,18.3700008392334,19.239999771118164,5.175000839233398,10.05,7.05,real_post_mid,1.0050000000000001,2.6,196.9000000000001,0.01790000000000001
CSGP,2024-09-30,2024-10-22,1.0,77.37,76.35,-0.65,0.68,0.16,0.19,0.15,13.0,0.16,0.16,0.16,0.18,0.0,0.0,0.0,0.0,696100000.0,699000000.0,694700000.0,13.0,-60221.6,-60474.4,160.0,67.88,11.87,3.26,12.32,-51.61,50.0,-78.42,-120.35,-1.49,-15.43,75.0,75.0,75.0,2024-11-15,5.1,3.25,8.35,11.133333333333333,1.625,3.55,5.175,71.25,3.75,0.46365,0.56121,0.5124299999999999,0.331945,35.221396093124895,-0.1512199999999999,196.0,1.0,5.109540636042403,25.0,0.0,1,11.133333333333333,2024-10-21,600.0,573.3550415039062,0.13195,0.136825,0.1319449999999999,0.0048749999999999,-5.000000000032756e-06,1,0.18073,0.13195,0.0487799999999999,0.0243899999999999,0.1842701478045099,0.2237740635516469,0.7410358565737052,0.0780997820209745,0.0874024789789387,0.0445475210210612,0.8935648385876346,1.2,-0.6520389056516837,0.562325017014662,-1.0803796736704707,-0.0011808668941,0.0270654800301761,-0.0016422048779181,1,18.3700008392334,19.239999771118164,5.175000839233398,8.35,5.175,real_post_mid,0.835,2.6,231.4,0.030853333333333333
IPG,2024-09-30,2024-10-22,0.0,31.11,29.57,-4.28,0.71,0.7,0.72,0.65,9.0,0.7,0.7,0.7,0.7,0.0,0.0,0.0,0.0,2301940000.0,2324120000.0,2285100000.0,6.0,6428.0,6255.2,38.4,71.84,1.63,8.58,0.11,7.02,69.44,4.42,2.41,0.57,0.09,32.0,30.0,32.0,2024-11-15,0.8,1.1,1.9,5.9375,0.125,2.0,2.125,27.09,4.91,0.27829,0.28804,0.283165,0.22463,20.671693182420142,-0.02927,91.0,112.0,0.8718801996672213,25.0,6.25,0,-0.3125,2024-10-21,600.0,573.3550415039062,0.13195,0.136825,0.1319449999999999,0.0048749999999999,-5.000000000032756e-06,1,0.18073,0.13195,0.0487799999999999,0.0243899999999999,0.1842701478045099,0.2237740635516469,0.7410358565737052,0.0780997820209745,0.0874024789789387,0.0445475210210612,0.8935648385876346,1.2,-0.6520389056516837,0.562325017014662,-1.0803796736704707,-0.0011808668941,0.0270654800301761,-0.0016422048779181,1,18.3700008392334,19.239999771118164,5.175000839233398,1.9000000000000001,2.125,real_post_mid,0.19000000000000003,2.6,-44.099999999999994,-0.013781249999999998
IVZ,2024-09-30,2024-10-22,1.0,17.17,16.58,5.07,8.81,0.43,0.47,0.37,15.0,0.43,0.42,0.42,0.43,1.0,0.0,6.0,0.0,1106660000.0,1128580000.0,1083100000.0,9.0,4511.2,4505.44,-33.6,153.6,2.81,0.54,-2.3,38.71,30.3,9.1,1.47,1.14,-0.19,18.0,17.0,18.0,2024-11-15,0.7749999999999999,0.8500000000000001,1.625,9.027777777777777,0.375,1.0,1.375,17.67,0.3299999999999983,0.3856,0.4734,0.4295,0.375845,12.492433061699652,-0.078045,1082.0,2767.0,1.1447839831401476,25.0,5.555555555555558,1,3.4722222222222188,2024-10-21,600.0,573.3550415039062,0.13195,0.136825,0.1319449999999999,0.0048749999999999,-5.000000000032756e-06,1,0.18073,0.13195,0.0487799999999999,0.0243899999999999,0.1842701478045099,0.2237740635516469,0.7410358565737052,0.0780997820209745,0.0874024789789387,0.0445475210210612,0.8935648385876346,1.2,-0.6520389056516837,0.562325017014662,-1.0803796736704707,-0.0011808668941,0.0270654800301761,-0.0016422048779181,1,18.3700008392334,19.239999771118164,5.175000839233398,1.625,1.375,real_post_mid,0.1625,2.6,6.15,0.003416666666666667
ROL,2024-09-30,2024-10-23,0.0,50.5,46.73,-1.49,6.46,0.3,0.31,0.29,7.0,0.3,0.3,0.3,0.31,0.0,0.0,0.0,0.0,911150000.0,915900000.0,906000000.0,7.0,-2868.0,-2868.0,-12.8,16.63,8.67,19.19,13.25,17.39,35.0,15.92,17.82,0.81,1.59,50.0,45.0,50.0,2024-11-15,1.5499999999999998,1.925,3.4749999999999996,6.949999999999999,0.175,4.5,4.675,49.91,0.0900000000000034,0.33682,0.34658,0.3417,0.209995,38.54404448346504,-0.063415,190.0,102.0,0.045045045045045,24.0,9.999999999999998,0,-3.049999999999999,2024-10-22,600.0,573.050537109375,0.136825,0.1319449999999999,0.1319449999999999,-0.00488,-0.00488,1,0.18073,0.13195,0.0487799999999999,0.019515,0.2763108210162909,0.2557183844832509,0.7888446215139442,0.0428390099858035,0.08749731154241,0.0493276884575899,0.4896037287390187,1.06,-1.5921159639028604,0.4920121044505344,-1.174754773892288,0.0061057351561024,0.0239614254488473,-0.0021724249229565,1,18.200000762939453,19.170000076293945,4.517500762939452,3.4749999999999996,4.675,real_post_mid,0.3475,2.6,-157.35,-0.03147
TDY,2024-09-30,2024-10-23,1.0,432.74,415.7,8.63,13.08,4.97,4.99,4.93,8.0,4.97,4.97,4.97,5.0,1.0,0.0,1.0,0.0,1416900000.0,1438640000.0,1381240000.0,7.0,42741.6,42031.2,179.2,660.94,-3.55,1.78,1.37,-1.93,0.66,-3.36,-3.55,-0.28,0.0,440.0,470.0,440.0,2024-11-15,14.55,11.6,26.15,5.943181818181819,36.2,1.25,37.45,470.15,30.149999999999977,0.26853,0.30755,0.2880399999999999,0.190485,33.86855992223301,-0.0536549999999999,1.0,1.0,0.4705882352941176,24.0,6.818181818181812,0,-0.8749999999999929,2024-10-22,600.0,573.050537109375,0.136825,0.1319449999999999,0.1319449999999999,-0.00488,-0.00488,1,0.18073,0.13195,0.0487799999999999,0.019515,0.2763108210162909,0.2557183844832509,0.7888446215139442,0.0428390099858035,0.08749731154241,0.0493276884575899,0.4896037287390187,1.06,-1.5921159639028604,0.4920121044505344,-1.174754773892288,0.0061057351561024,0.0239614254488473,-0.0021724249229565,1,18.200000762939453,19.170000076293945,4.517500762939452,26.15,37.45,real_post_mid,2.615,2.6,-1394.1000000000004,-0.03168409090909092
WST,2024-09-30,2024-10-24,1.0,309.71,284.76,6.76,16.12,1.5,1.57,1.46,9.0,1.5,1.5,1.5,1.99,0.0,0.0,0.0,0.0,709620000.0,714100000.0,704000000.0,9.0,20940.0,20817.12,550.4,871.01,-6.92,0.96,1.07,-27.96,-2.56,-23.69,-30.17,-5.79,-6.2,290.0,310.0,290.0,2024-11-15,15.85,17.85,33.7,11.620689655172416,20.85,2.775,23.625,314.49,24.49000000000001,0.60023,0.57096,0.5855950000000001,0.2978,49.14574065693868,-0.1512150000000001,309.0,46.0,0.5510204081632653,23.0,6.896551724137923,1,4.724137931034492,2024-10-23,595.0,567.8143920898438,0.1417,0.136825,0.1382192857142857,-0.0048749999999999,-0.0034807142857142,1,0.19048,0.1417,0.04878,0.02439,0.3683514942280719,0.287662705414855,0.8087649402390438,0.0756964190949694,0.0941789284329969,0.047521071567003,0.8037511187953609,0.97,-1.9136062937420149,1.7362974115286185,1.8022453233950777,-0.0074016987886722,0.0117102143889258,-0.0112898928411366,1,19.239999771118164,20.040000915527344,5.069999771118164,33.7,23.625,real_post_mid,3.3700000000000006,2.6,667.9000000000002,0.023031034482758627
DTE,2024-09-30,2024-10-24,1.0,125.29,118.19,3.58,9.8,1.88,2.1,1.77,14.0,1.83,1.77,1.78,1.83,5.0,0.0,7.0,1.0,2982140000.0,3330530000.0,2521440000.0,5.0,9085.6,8604.32,522.67,509.11,7.12,-11.27,-29.71,44.44,-14.37,21.66,26.45,2.72,2.67,130.0,125.0,130.0,2024-11-15,2.45,2.6,5.050000000000001,3.884615384615385,1.125,4.3,5.425,120.09,9.909999999999997,0.17097,0.21,0.190485,0.21,-10.244901173320722,0.0146299999999999,515.0,27.0,2.3981481481481484,23.0,3.846153846153843,1,0.0384615384615414,2024-10-23,595.0,567.8143920898438,0.1417,0.136825,0.1382192857142857,-0.0048749999999999,-0.0034807142857142,1,0.19048,0.1417,0.04878,0.02439,0.3683514942280719,0.287662705414855,0.8087649402390438,0.0756964190949694,0.0941789284329969,0.047521071567003,0.8037511187953609,0.97,-1.9136062937420149,1.7362974115286185,1.8022453233950777,-0.0074016987886722,0.0117102143889258,-0.0112898928411366,1,19.239999771118164,20.040000915527344,5.069999771118164,5.050000000000001,5.425,real_post_mid,0.5050000000000001,2.6,-90.59999999999992,-0.006969230769230763
HAS,2024-09-30,2024-10-24,1.0,71.95,63.85,-8.13,3.52,1.28,1.45,1.06,12.0,1.29,1.26,1.2,1.3,0.0,0.0,2.0,1.0,1295330000.0,1332270000.0,1264370000.0,10.0,8285.6,6615.2,1312.0,965.95,-17.74,31.43,-15.23,148.98,100.0,4139.39,212.46,9.58,36.9,70.0,67.5,70.0,2024-11-15,3.325,3.975,7.300000000000001,10.42857142857143,0.575,3.95,4.5249999999999995,62.21,7.789999999999999,0.43438,0.60999,0.522185,0.312435,40.16775663797313,-0.1658549999999999,563.0,187.0,1.2030316949931097,23.0,3.57142857142857,1,6.857142857142861,2024-10-23,595.0,567.8143920898438,0.1417,0.136825,0.1382192857142857,-0.0048749999999999,-0.0034807142857142,1,0.19048,0.1417,0.04878,0.02439,0.3683514942280719,0.287662705414855,0.8087649402390438,0.0756964190949694,0.0941789284329969,0.047521071567003,0.8037511187953609,0.97,-1.9136062937420149,1.7362974115286185,1.8022453233950777,-0.0074016987886722,0.0117102143889258,-0.0112898928411366,1,19.239999771118164,20.040000915527344,5.069999771118164,7.300000000000001,4.5249999999999995,real_post_mid,0.7300000000000001,2.6,201.90000000000012,0.02884285714285716
NWSA,2024-09-30,2024-11-07,1.0,25.91,27.74,12.54,5.12,0.16,0.19,0.14,4.0,0.16,0.16,0.16,0.17,0.0,0.0,0.0,0.0,2564710000.0,2594000000.0,2530500000.0,5.0,3948.0,4476.0,-240.0,536.66,-18.51,-6.6,-12.08,22.22,650.0,-13.38,5.84,0.0,1.67,30.0,30.0,30.0,2024-11-15,0.6499999999999999,2.0250000000000004,2.6750000000000003,8.916666666666668,0.3,0.625,0.925,28.62,1.379999999999999,0.59047,0.79535,0.69291,0.2539,63.357434587464454,-0.35121,219.0,32.0,0.2134387351778656,9.0,0.0,1,8.916666666666668,2024-11-06,605.0,580.6347045898438,0.12219,0.122195,0.1319449999999999,5.000000000005e-06,0.0097549999999999,0,0.15146,0.12219,0.02927,0.014635,0.0,0.1598198948762713,0.5856573705179283,0.262181678515312,0.136448825837753,-0.014258825837753,1.9214652592691697,1.3,0.4548563838146072,8.045159318414525,3.918250458804043,0.0190170213240006,0.0311776393449019,0.0,1,16.270000457763672,17.670000076293945,4.0510004577636725,2.6750000000000003,0.925,real_post_mid,0.2675,2.6,145.65000000000003,0.04855000000000001
CPRT,2024-10-31,2024-11-21,1.0,52.07,52.76,9.28,7.85,0.3665,0.37,0.3592,6.0,0.3665,0.3665,0.3665,0.378,1.0,0.0,0.0,5.0,1099899830.0,1136000000.0,1062371000.0,6.0,-21079.2,-22036.64,-21.12,1104.34,10.32,10.5,10.3,-45.83,18.18,6.96,4.36,-1.13,-2.22,55.0,62.5,55.0,2024-12-20,2.3,1.775,4.074999999999999,7.409090909090908,7.85,0.1,7.949999999999999,58.22,3.219999999999999,0.31731,0.32707,0.32219,0.195365,39.363419100530734,-0.0536599999999999,1932.0,133.0,1.8405797101449275,30.0,13.636363636363647,0,-6.227272727272739,2024-11-20,592.0,580.1040649414062,0.136825,0.136825,0.1451864285714285,0.0,0.0083614285714285,0,0.17097,0.12219,0.04878,0.0097549999999999,0.4604542634404252,0.2557183844832509,0.7848605577689243,0.1157220102566727,0.1416346943605911,-0.0048096943605911,0.8170456453420469,0.98,-1.1556727070227928,0.6010767893838671,-0.612288498149916,-0.0112024380926382,0.0123087360978861,-0.0137952502626492,1,17.15999984741211,18.260000228881836,3.4774998474121084,4.074999999999999,7.949999999999999,real_post_mid,0.4075,2.6,-430.85,-0.07833636363636363
SJM,2024-10-31,2024-11-26,1.0,116.07,114.73,3.46,4.67,2.5053,2.58,2.45,10.0,2.4969,2.4917,2.4917,2.6222,2.0,0.0,4.0,0.0,2264998320.0,2285114830.0,2243800000.0,8.0,10330.4,9274.4,783.68,551.72,17.72,-4.67,1.06,10.41,-1.61,31.87,15.16,1.24,-0.36,115.0,120.0,115.0,2024-12-20,3.3,4.5,7.8,6.782608695652175,5.0,0.975,5.975,109.89,5.109999999999999,0.31731,0.33682,0.327065,0.2197549999999999,32.80999189763503,-0.087805,349.0,188.0,2.127872716558633,25.0,4.347826086956519,1,2.434782608695656,2024-11-25,599.0,587.0103759765625,0.1103471428571428,0.1197525,0.1284642857142857,0.0094053571428571,0.0181171428571428,0,0.1347357142857143,0.0957085714285714,0.0390271428571428,0.004875,0.0,0.0822174273237445,0.250996015936255,0.0286929011686533,0.1380641828191486,-0.0277170399620057,0.207822916724451,0.91,-1.6318254495304425,2.5242269309847565,0.4381750748831873,0.0159482779565465,0.0319322916275481,-0.0020541900673159,1,14.600000381469728,16.8700008392334,3.5652860957554413,7.8,5.975,real_post_mid,0.78,2.6,101.90000000000002,0.008860869565217392
CTAS,2024-11-30,2024-12-19,1.0,217.97,204.16,-16.14,-10.47,1.0175,1.03,1.0,11.0,1.0154,1.0174,1.016,1.0124,3.0,0.0,3.0,7.0,2563434610.0,2576120110.0,2540500000.0,12.0,8424.8,7693.12,449.07,376.31,6.8,3.97,8.61,-70.27,-71.35,11.59,12.08,1.31,1.06,202.5,187.5,202.5,2024-12-20,6.8,6.199999999999999,13.0,6.419753086419753,0.02,14.65,14.669999999999998,186.94,15.560000000000002,0.9612,1.18558,1.07339,0.190485,82.2538872171345,-0.770715,95.0,1.0,1.160919540229885,2.0,7.4074074074074066,0,-0.9876543209876534,2024-12-18,584.0,575.9583740234375,0.185605,0.180725,0.180725,-0.0048799999999999,-0.0048799999999999,1,0.23926,0.1417,0.09756,0.0048749999999999,1.0,0.5810893173758869,0.9840637450199204,0.2137902652169387,0.125921372187118,0.0596836278128819,1.6978076199745369,1.09,-0.6310337493465259,10.50081476253228,4.113811769240102,-0.0348666062484664,-0.0031795991845859,-0.0354222241166574,1,27.6200008392334,24.239999771118164,9.059500839233396,13.0,14.669999999999998,real_post_mid,1.3,2.6,-299.5999999999998,-0.01479506172839505
FDS,2024-11-30,2024-12-19,1.0,481.4,465.91,1.73,5.11,4.2766,4.51,4.17,17.0,4.2528,4.2528,4.252,4.2796,3.0,0.0,4.0,0.0,565046720.0,569600000.0,560000000.0,13.0,4469.6,3618.24,819.08,1427.58,4.32,1.24,5.88,15.3,3.55,15.43,17.74,0.93,4.17,480.0,480.0,480.0,2024-12-20,10.35,14.6,24.950000000000003,5.197916666666667,2.525,0.1,2.625,483.52,3.519999999999982,0.9612,0.76608,0.86364,0.20024,76.81441341299616,-0.614625,18.0,18.0,0.6135458167330677,2.0,0.0,1,5.197916666666667,2024-12-18,584.0,575.9583740234375,0.185605,0.180725,0.180725,-0.0048799999999999,-0.0048799999999999,1,0.23926,0.1417,0.09756,0.0048749999999999,1.0,0.5810893173758869,0.9840637450199204,0.2137902652169387,0.125921372187118,0.0596836278128819,1.6978076199745369,1.09,-0.6310337493465259,10.50081476253228,4.113811769240102,-0.0348666062484664,-0.0031795991845859,-0.0354222241166574,1,27.6200008392334,24.239999771118164,9.059500839233396,24.95,2.625,real_post_mid,2.495,2.6,1980.3999999999999,0.04125833333333333
FDX,2024-11-30,2024-12-19,0.0,293.06,254.64,-5.86,8.34,4.0569,4.7,3.65,23.0,4.0569,4.0569,4.0569,4.5148,0.0,0.0,0.0,7.0,22092234450.0,22513000000.0,21758000000.0,20.0,5308.0,8078.88,-565.15,1582.49,-0.47,-0.73,-1.77,-20.88,-6.74,-14.2,-24.03,-1.46,-1.73,272.5,275.0,272.5,2024-12-20,15.15,13.85,29.0,10.642201834862384,3.375,0.12,3.495,275.73,3.230000000000018,1.83922,1.76118,1.8002,0.24414,86.43817353627374,-1.31704,14.0,24.0,0.4446608762294035,2.0,0.917431192660545,1,9.72477064220184,2024-12-18,584.0,575.9583740234375,0.185605,0.180725,0.180725,-0.0048799999999999,-0.0048799999999999,1,0.23926,0.1417,0.09756,0.0048749999999999,1.0,0.5810893173758869,0.9840637450199204,0.2137902652169387,0.125921372187118,0.0596836278128819,1.6978076199745369,1.09,-0.6310337493465259,10.50081476253228,4.113811769240102,-0.0348666062484664,-0.0031795991845859,-0.0354222241166574,1,27.6200008392334,24.239999771118164,9.059500839233396,29.0,3.495,real_post_mid,2.9000000000000004,2.6,2257.8999999999996,0.08285871559633026
LW,2024-11-30,2024-12-19,0.0,75.07,65.44,-16.74,-4.49,1.0052,1.08,0.86,10.0,1.033,1.0546,1.0778,1.2078,0.0,0.0,0.0,0.0,1673449580.0,1685045000.0,1664806250.0,9.0,1423.2,3350.88,-675.41,1188.73,-0.67,13.43,15.47,-55.21,-39.17,-23.08,-43.08,-8.95,-8.69,80.0,62.5,80.0,2024-12-20,3.175,4.8,7.975,9.96875,0.02,17.45,17.47,62.09,17.909999999999997,1.7124,1.65386,1.68313,0.3856,77.09030199687487,-1.27314,1810.0,113.0,0.8105844618674269,2.0,21.875,0,-11.90625,2024-12-18,584.0,575.9583740234375,0.185605,0.180725,0.180725,-0.0048799999999999,-0.0048799999999999,1,0.23926,0.1417,0.09756,0.0048749999999999,1.0,0.5810893173758869,0.9840637450199204,0.2137902652169387,0.125921372187118,0.0596836278128819,1.6978076199745369,1.09,-0.6310337493465259,10.50081476253228,4.113811769240102,-0.0348666062484664,-0.0031795991845859,-0.0354222241166574,1,27.6200008392334,24.239999771118164,9.059500839233396,7.975,17.47,real_post_mid,0.7975,2.6,-1031.8499999999997,-0.12898124999999996
NKE,2024-11-30,2024-12-19,1.0,73.91,86.52,4.32,-10.89,0.6326,0.67,0.59,20.0,0.6434,0.6472,0.6472,0.812,0.0,0.0,1.0,6.0,12110632120.0,12267500000.0,11805000000.0,25.0,-112.8,-52.32,311.66,749.5,-10.43,-6.76,-3.2,-25.53,-9.09,-22.18,-24.63,1.15,-1.97,77.0,77.0,77.0,2024-12-20,3.2,2.925,6.125,7.954545454545454,0.02,0.04,0.06,76.94,0.0600000000000022,1.42948,1.26363,1.346555,0.2148749999999999,84.04261244434873,-0.8780299999999999,1361.0,97.0,0.6195396048577125,2.0,0.0,1,7.954545454545454,2024-12-18,584.0,575.9583740234375,0.185605,0.180725,0.180725,-0.0048799999999999,-0.0048799999999999,1,0.23926,0.1417,0.09756,0.0048749999999999,1.0,0.5810893173758869,0.9840637450199204,0.2137902652169387,0.125921372187118,0.0596836278128819,1.6978076199745369,1.09,-0.6310337493465259,10.50081476253228,4.113811769240102,-0.0348666062484664,-0.0031795991845859,-0.0354222241166574,1,27.6200008392334,24.239999771118164,9.059500839233396,6.125,0.06,real_post_mid,0.6125,2.6,542.65,0.07047402597402597
PAYX,2024-11-30,2024-12-19,1.0,140.66,133.26,-2.03,3.41,1.1231,1.1316,1.11,15.0,1.1243,1.1239,1.1274,1.1541,0.0,0.0,2.0,12.0,1312839390.0,1314800000.0,1309400000.0,11.0,1554.4,1509.12,60.66,108.17,2.53,-8.39,4.11,3.51,-14.49,1.0,1.94,-0.81,-0.24,135.0,140.0,135.0,2024-12-20,4.65,3.775,8.425,6.240740740740741,4.2,0.05,4.25,139.54,4.539999999999992,1.049,1.049,1.049,0.185605,82.30648236415634,-0.795105,261.0,24.0,1.4400274160383824,2.0,3.703703703703698,1,2.5370370370370434,2024-12-18,584.0,575.9583740234375,0.185605,0.180725,0.180725,-0.0048799999999999,-0.0048799999999999,1,0.23926,0.1417,0.09756,0.0048749999999999,1.0,0.5810893173758869,0.9840637450199204,0.2137902652169387,0.125921372187118,0.0596836278128819,1.6978076199745369,1.09,-0.6310337493465259,10.50081476253228,4.113811769240102,-0.0348666062484664,-0.0031795991845859,-0.0354222241166574,1,27.6200008392334,24.239999771118164,9.059500839233396,8.425,4.25,real_post_mid,0.8425000000000001,2.6,330.65000000000003,0.024492592592592594
ACN,2024-11-30,2024-12-19,1.0,353.95,336.22,5.14,10.69,3.4151,3.52,3.26,20.0,3.4188,3.4216,3.4217,3.3497,1.0,0.0,1.0,5.0,17134230039.0,17371000000.0,16901000000.0,17.0,2008.8,2235.04,197.79,499.03,-0.59,4.22,0.76,-0.63,13.0,-2.14,11.51,0.07,1.74,347.5,367.5,347.5,2024-12-20,9.65,9.85,19.5,5.611510791366906,18.85,0.2,19.05,366.37,18.870000000000005,0.93193,0.97095,0.95144,0.1514599999999999,84.08097200033635,-0.6390100000000001,2.0,16.0,0.6624357495017308,2.0,5.755395683453246,0,-0.1438848920863398,2024-12-18,584.0,575.9583740234375,0.185605,0.180725,0.180725,-0.0048799999999999,-0.0048799999999999,1,0.23926,0.1417,0.09756,0.0048749999999999,1.0,0.5810893173758869,0.9840637450199204,0.2137902652169387,0.125921372187118,0.0596836278128819,1.6978076199745369,1.09,-0.6310337493465259,10.50081476253228,4.113811769240102,-0.0348666062484664,-0.0031795991845859,-0.0354222241166574,1,27.6200008392334,24.239999771118164,9.059500839233396,19.5,19.05,real_post_mid,1.9500000000000002,2.6,-152.60000000000008,-0.004391366906474822
FAST,2024-12-31,2025-01-17,0.0,74.65,77.9,1.92,-2.34,0.24,2.0921,2.0172,16.0,2.0318,2.0318,2.0318,2.0297,1.0,0.0,1.0,4.0,1831313490.0,7594409000.0,7538000000.0,17.0,-3981.6,-3248.8,-275.73,338.09,3.48,-0.31,3.97,-50.0,-49.02,0.37,0.36,-0.97,-0.63,75.0,75.0,74.62,2025-01-17,2.325,3.2,5.525,7.366666666666667,,,,76.08,1.4599999999999935,1.43923,2.10263,1.77093,0.185605,89.51934859085338,-1.4828899999999998,3226.0,1778.0,1.1574813125554289,1.0,0.0,1,7.366666666666667,2025-01-16,591.0,583.1802368164062,0.1361278571428571,0.1407754761904762,0.1411308823529412,0.004647619047619,0.005003025210084,0,0.16122,0.11244,0.0487799999999999,0.0007021428571428,0.4495987286452126,0.2612570183215132,0.7091633466135459,0.1890017112731965,0.1734527047957715,-0.0373248476529143,1.0896440703864083,1.2,0.9004588124543385,1.157987719994808,-0.5518560198084216,0.0036472294469922,-0.0175084132845577,-0.0233275161225463,1,16.600000381469727,18.350000381469727,2.987214667184011,5.525,0.37999999999999545,intrinsic_fallback,0.5525000000000001,2.6,456.65000000000043,0.06088666666666672
FITB,2024-12-31,2025-01-21,0.0,42.93,43.87,4.5,2.26,0.88,3.3547,3.1095,17.0,3.1706,3.1708,3.1719,3.2205,2.0,0.0,3.0,5.0,2205227390.0,8652000000.0,8479000000.0,12.0,3538.4,3701.92,-94.4,42.37,4.32,1.6,27.05,-14.29,-3.7,-11.45,-13.95,-4.4,-4.66,44.0,44.0,44.0,2025-02-21,1.6,1.1,2.7,6.136363636363637,1.15,1.05,2.2,42.88,1.1199999999999974,0.23926,0.24902,0.24414,0.21975,9.990169574834107,0.0195149999999999,790.0,85.0,1.5965362411802435,35.0,0.0,1,6.136363636363637,2025-01-17,610.0,589.0353393554688,0.117315,0.1256764285714285,0.1319449999999999,0.0083614285714285,0.0146299999999999,0,0.15146,0.11244,0.03902,0.014635,0.2403178386968613,0.1396461288416076,0.446215139442231,0.1290557718273382,0.1766812902964613,-0.0593662902964612,0.7304439061475605,1.19,0.7925757898527013,1.9873964268360695,-0.290093655836163,0.0294407693854399,-0.01186356961496,-0.0135217696668693,1,15.970000267028809,18.190000534057617,4.238500267028808,2.7,2.2,real_post_mid,0.27,2.6,20.4,0.004636363636363636
IBKR,2024-12-31,2025-01-21,1.0,175.92,147.44,9.61,30.79,0.46,7.0785,6.61,10.0,6.8015,6.7815,6.8059,6.9143,4.0,0.0,8.0,1.0,1388850340.0,5211800000.0,5180450700.0,5.0,-56176.8,-46039.2,-3377.07,2241.43,-32.69,-40.7,38.16,12.82,0.0,13.86,21.76,67.43,68.74,190.0,210.0,190.0,2025-02-21,7.9,7.15,15.05,7.921052631578948,20.75,1.05,21.8,218.73,28.72999999999999,0.31731,0.32707,0.32219,0.26365,18.16940314721127,0.0,209.0,106.0,0.31674862597628,35.0,10.526315789473696,0,-2.605263157894748,2025-01-17,610.0,589.0353393554688,0.117315,0.1256764285714285,0.1319449999999999,0.0083614285714285,0.0146299999999999,0,0.15146,0.11244,0.03902,0.014635,0.2403178386968613,0.1396461288416076,0.446215139442231,0.1290557718273382,0.1766812902964613,-0.0593662902964612,0.7304439061475605,1.19,0.7925757898527013,1.9873964268360695,-0.290093655836163,0.0294407693854399,-0.01186356961496,-0.0135217696668693,1,15.970000267028809,18.190000534057617,4.238500267028808,15.05,21.8,real_post_mid,1.5050000000000001,2.6,-828.1000000000001,-0.043584210526315795
PLD,2024-12-31,2025-01-21,1.0,103.32,120.83,13.5,-2.95,0.68,3.429,2.13,4.0,2.9848,2.7746,2.7946,2.2881,0.0,0.0,0.0,1.0,1834157230.0,7556550000.0,7471577000.0,9.0,34984.8,32408.16,2102.4,1077.15,6.36,1.42,15.83,35.0,17.39,17.05,41.82,2.12,15.36,110.0,115.0,110.0,2025-02-21,3.25,3.95,7.2,6.545454545454546,6.65,0.95,7.6,120.97,10.97,0.23926,0.28804,0.26365,0.21975,16.650862886402425,0.0,715.0,691.0,1.031740370898716,35.0,4.545454545454541,1,2.0000000000000044,2025-01-17,610.0,589.0353393554688,0.117315,0.1256764285714285,0.1319449999999999,0.0083614285714285,0.0146299999999999,0,0.15146,0.11244,0.03902,0.014635,0.2403178386968613,0.1396461288416076,0.446215139442231,0.1290557718273382,0.1766812902964613,-0.0593662902964612,0.7304439061475605,1.19,0.7925757898527013,1.9873964268360695,-0.290093655836163,0.0294407693854399,-0.01186356961496,-0.0135217696668693,1,15.970000267028809,18.190000534057617,4.238500267028808,7.2,7.6,real_post_mid,0.7200000000000001,2.6,-114.59999999999997,-0.010418181818181814
TRV,2024-12-31,2025-01-22,1.0,241.36,256.42,2.22,-3.78,6.6,20.0,17.35,21.0,18.9342,18.8782,18.9021,18.8841,4.0,0.0,7.0,3.0,8806311200.0,44602000000.0,41797000000.0,10.0,15160.8,11292.32,3494.4,2347.27,11.93,5.5,12.56,168.72,108.76,147.9,173.68,8.49,7.74,240.0,240.0,240.0,2025-02-21,6.6,8.0,14.6,6.083333333333333,6.800000000000001,4.95,11.75,240.03,0.0300000000000011,0.23926,0.28804,0.26365,0.2148749999999999,18.49990517731842,-0.0243849999999999,92.0,276.0,0.5486725663716814,31.0,0.0,1,6.083333333333333,2025-01-21,615.0,594.4270629882812,0.1131364285714285,0.117315,0.123695,0.0041785714285714,0.0105585714285714,0,0.1417,0.11244,0.0292599999999999,0.0139335714285714,0.19383392928089,0.1126348256501183,0.350597609561753,0.1244367390132565,0.1792541755586322,-0.0661177469872036,0.6941915781066677,1.44,2.211709956437777,2.4710730984947253,0.0041048400576211,0.0372554221612686,0.0013068579868649,-0.0044920601870236,1,15.0600004196167,17.5,3.7463575624738414,14.6,11.75,real_post_mid,1.46,2.6,136.39999999999998,0.005683333333333333
NTRS,2024-12-31,2025-01-23,1.0,103.61,100.19,5.72,9.33,2.0,9.6,9.446,12.0,9.4987,9.4846,9.4779,8.8334,4.0,0.0,7.0,1.0,2632000250.0,8486721480.0,8270400000.0,6.0,6354.4,120.8,3392.0,3453.74,22.81,-16.23,46.43,48.99,-48.85,32.51,38.41,-3.63,1.72,110.0,110.0,110.0,2025-02-21,2.425,3.9,6.324999999999999,5.75,2.9000000000000004,1.025,3.925,112.97,2.969999999999999,0.27829,0.21,0.244145,0.15634,35.96428352003932,-0.043905,223.0,602.0,0.8565656565656565,30.0,0.0,1,5.75,2025-01-22,620.0,597.7686157226562,0.1075599999999999,0.117315,0.122195,0.009755,0.014635,0,0.13195,0.10268,0.02927,0.009755,0.1317997616209772,0.0765874335106382,0.2071713147410358,0.1149770498017961,0.142004562134541,-0.034444562134541,0.8096715209252371,1.27,0.992239596159076,4.279505443410966,0.7024902817718001,0.0416531902237016,0.0378677395501001,0.0,1,15.100000381469728,17.809999465942383,4.344000381469728,6.324999999999999,3.925,real_post_mid,0.6325,2.6,174.14999999999998,0.01583181818181818
BRO,2024-12-31,2025-01-27,1.0,102.89,105.04,4.81,2.67,0.77,3.8568,3.71,14.0,3.7636,3.7632,3.7642,3.6886,1.0,0.0,2.0,3.0,1212358160.0,4774600000.0,4708576600.0,10.0,3816.8,3474.4,192.0,72.88,11.26,2.77,15.49,28.17,-2.15,24.34,13.65,-1.27,0.64,105.0,105.0,105.0,2025-02-21,3.35,2.2,5.550000000000001,5.2857142857142865,2.175,1.875,4.05,111.71,6.709999999999994,0.22951,0.23926,0.234385,0.19048,18.732000767967232,-0.0048799999999999,1221.0,70.0,0.087248322147651,28.0,0.0,1,5.2857142857142865,2025-01-24,620.0,599.2767333984375,0.1124349999999999,0.117315,0.122195,0.00488,0.00976,0,0.1417,0.10268,0.03902,0.009755,0.1393211225004198,0.1081006205673758,0.2749003984063745,0.0810060677695694,0.1385842570780233,-0.0261492570780234,0.5845257569477229,1.11,-0.0878911767162844,0.8418342916550178,-0.6742860190502143,0.0276012381179142,0.0284529699236779,-0.0029191770004679,1,14.850000381469728,17.549999237060547,3.606500381469729,5.550000000000001,4.05,real_post_mid,0.555,2.6,91.90000000000009,0.008752380952380961
OTIS,2024-12-31,2025-01-29,0.0,92.57,98.2,2.25,-3.62,0.96,3.88,3.6,13.0,3.8249,3.8401,3.8582,3.8683,1.0,0.0,2.0,1.0,3471733760.0,14350000000.0,14142000000.0,13.0,4492.0,4424.8,-4.27,78.77,0.71,-1.47,2.15,1.05,-9.43,-9.24,-37.59,0.49,-6.35,95.0,95.0,95.0,2025-02-21,2.85,3.0999999999999996,5.949999999999999,6.263157894736842,2.25,1.8,4.05,98.37,3.3700000000000045,0.22951,0.37584,0.302675,0.2148749999999999,29.008011893945664,-0.082925,70.0,12.0,0.6475,24.0,0.0,1,6.263157894736842,2025-01-28,615.0,595.8760986328125,0.1221907142857142,0.12317,0.1311949999999999,0.0009792857142857,0.0090042857142857,0,0.1598257142857142,0.11244,0.0473857142857142,0.0139421428571428,0.2540749453873297,0.17116393321513,0.5338645418326693,0.1473373289585885,0.1454363758869884,-0.0232456616012741,1.0130706851020357,1.04,-0.7913124584331845,0.9081567343733477,-0.6796769399833723,0.0024377013342002,0.0053551544661831,-0.0085771769224769,1,16.40999984741211,18.1299991607666,4.190928418840681,5.949999999999999,4.05,real_post_mid,0.595,2.6,127.89999999999995,0.013463157894736837
GEN,2024-12-31,2025-01-30,0.0,27.38,28.27,1.86,-1.34,0.55,1.98,1.94,7.0,1.95,1.95,1.95,1.96,0.0,0.0,0.0,0.0,890863070.0,3815000000.0,3809610000.0,7.0,1178.21,1148.14,-270.46,370.88,4.01,1.23,2.68,47.37,3.7,-3.0,12.65,-0.37,2.91,27.0,27.0,27.0,2025-02-21,1.1,0.8500000000000001,1.95,7.222222222222223,0.55,0.6499999999999999,1.2,27.05,0.0500000000000007,0.24902,0.42462,0.33682,0.234385,30.412386437859983,0.0048799999999999,33.0,24.0,0.1067415730337078,23.0,0.0,1,7.222222222222223,2025-01-29,610.0,593.204833984375,0.12707,0.1275575,0.1319449999999999,0.0004874999999999,0.0048749999999999,0,0.16122,0.11244,0.04878,0.0097599999999999,0.3114686607292893,0.202704824172577,0.6135458167330677,0.1426006936966544,0.146365258187726,-0.019295258187726,0.9742796580439652,0.98,-1.240682268427307,0.9097832712533814,-0.6335762270286003,-0.0076346961319874,0.000781549420181,-0.0130216457390942,1,16.559999465942383,18.149999618530273,3.852999465942382,1.9500000000000002,1.2,real_post_mid,0.19500000000000003,2.6,52.90000000000001,0.0195925925925926
EG,2024-12-31,2025-02-03,1.0,365.14,354.61,-5.44,-2.63,-17.03,43.48,28.0,8.0,44.9191,57.0668,59.202,61.2339,0.0,0.0,1.0,8.0,4067725710.0,17029000000.0,15516000000.0,7.0,96172.0,95509.6,4089.6,4919.7,6.49,2.86,17.51,-16.55,-29.97,-18.97,-15.29,14.31,-3.72,350.0,340.0,350.0,2025-02-21,8.85,9.55,18.4,5.257142857142857,3.2,10.9,14.099999999999998,337.14,12.860000000000014,0.28804,0.25877,0.273405,0.24414,10.703900806495865,-0.024385,341.0,8.0,0.4844192634560906,21.0,2.857142857142858,1,2.399999999999999,2025-01-31,610.0,593.2146606445312,0.1235842857142857,0.1273567647058823,0.1322499999999999,0.0037724789915966,0.0086657142857142,0,0.16122,0.11244,0.04878,0.0132457142857142,0.2053211059553555,0.1801723182624114,0.549800796812749,0.1447981776527558,0.1369624123783848,-0.013378126664099,1.0572110635195535,1.29,0.9536376511732496,2.455226364097319,0.0388431336648775,-0.0101156484409612,0.0231205694812399,-0.0130052960731554,1,16.43000030517578,18.43000030517578,4.071571733747209,18.4,14.099999999999998,real_post_mid,1.8399999999999999,2.6,243.4000000000001,0.006954285714285717
ESS,2024-12-31,2025-02-04,0.0,284.25,293.76,1.02,-2.25,1.36,6.13,6.13,1.0,0.0,0.0,7.3449,7.3449,1.0,0.0,0.0,0.0,454503840.0,1772616120.0,1722784000.0,16.0,50047.2,46120.8,-1061.33,4784.35,7.52,1.89,4.73,-1.47,-7.59,15.19,-2.27,0.47,-2.86,290.0,300.0,290.0,2025-02-21,4.15,7.85,12.0,4.137931034482759,9.5,2.475,11.975,294.74,4.740000000000009,0.24902,0.19048,0.21975,0.170975,22.195676905574523,-0.009755,54.0,1.0,0.0833333333333333,18.0,3.4482758620689724,1,0.6896551724137865,2025-02-03,610.0,589.2225341796875,0.1403071428571428,0.1342414705882352,0.136825,-0.0060656722689075,-0.0034821428571428,1,0.18073,0.13195,0.0487799999999999,0.0160328571428571,0.4195930918975316,0.2882729388297873,0.7569721115537849,0.1107466973650752,0.1387273172674096,0.0015798255897331,0.7983049016337624,1.31,1.0230980248968429,2.7903966032774745,0.1630087455334954,-0.0026695146999967,0.0199459420796526,-0.0196474240238132,1,18.6200008392334,19.549999237060547,4.589286553519113,12.0,11.975,real_post_mid,1.2000000000000002,2.6,-120.09999999999998,-0.004141379310344827
EL,2024-12-31,2025-02-04,1.0,72.16,63.28,-3.73,9.78,0.3198,2.42,2.12,27.0,2.23,2.24,2.24,2.24,0.0,0.0,1.0,2.0,9685462500.0,155525000000.0,15227200000.0,26.0,1420.51,300.69,671.25,437.05,-6.43,19.13,-3.61,-68.84,342.86,-142.94,-201.05,3.07,-27.9,83.0,66.0,83.0,2025-02-07,4.425,4.375,8.8,10.602409638554215,0.01,16.725,16.735000000000003,65.03,17.97,1.30265,1.23436,1.268505,0.5904750000000001,53.45110977095083,-0.73657,140.0,711.0,0.5746449456975773,4.0,20.481927710843372,0,-9.879518072289155,2025-02-03,610.0,589.2225341796875,0.1403071428571428,0.1342414705882352,0.136825,-0.0060656722689075,-0.0034821428571428,1,0.18073,0.13195,0.0487799999999999,0.0160328571428571,0.4195930918975316,0.2882729388297873,0.7569721115537849,0.1107466973650752,0.1387273172674096,0.0015798255897331,0.7983049016337624,1.31,1.0230980248968429,2.7903966032774745,0.1630087455334954,-0.0026695146999967,0.0199459420796526,-0.0196474240238132,1,18.6200008392334,19.549999237060547,4.589286553519113,8.8,16.735000000000003,real_post_mid,0.8800000000000001,2.6,-884.1000000000004,-0.10651807228915668
HII,2024-12-31,2025-02-06,1.0,189.05,202.66,-15.5,-21.17,3.09,15.2,11.61,9.0,13.8945,13.8521,14.1321,16.2566,1.0,0.0,2.0,0.0,3095503690.0,11736200000.0,11483000000.0,9.0,28045.6,29629.6,-488.53,2478.81,-2.38,-7.66,5.45,-30.81,-41.55,-26.69,-57.06,-3.06,-3.24,195.0,170.0,195.0,2025-02-21,9.55,8.3,17.85,9.153846153846152,0.1,26.65,26.75,170.29,24.710000000000008,0.56121,0.54169,0.55145,0.297795,45.99782391875963,-0.190235,63.0,0.0,1.2252252252252251,16.0,12.82051282051282,0,-3.666666666666666,2025-02-05,615.0,595.5803833007812,0.117315,0.1239155882352941,0.128898125,0.0066005882352941,0.011583125,0,0.15146,0.11244,0.03902,0.014635,0.1771933466538653,0.1396461288416076,0.4223107569721115,0.1005882050320559,0.1340692506357601,-0.0167542506357601,0.7502705098675785,1.04,-0.9986669207361863,1.0127224999376057,-0.8379848686845625,0.0040046020873605,0.0207280839244874,-0.0090691901614412,1,15.770000457763672,17.959999084472656,4.038500457763671,17.85,26.75,real_post_mid,1.7850000000000001,2.6,-1071.0999999999997,-0.054928205128205114
AES,2024-12-31,2025-02-28,1.0,11.15,13.04,3.95,-11.12,0.4631,1.98,1.69,14.0,1.9092,1.9174,1.9094,1.9296,2.0,0.0,4.0,2.0,2485786490.0,12887630000.0,10885000000.0,9.0,3829.6,3315.04,184.43,206.7,-4.22,11.79,-1.5,18.33,86.84,-1.75,-22.16,-4.78,-4.65,10.0,11.0,10.0,2025-03-21,0.75,0.425,1.175,11.75,1.325,0.1,1.425,13.05,3.0500000000000007,0.52218,0.60999,0.566085,0.46853,17.23327768797971,-0.0341449999999999,7161.0,759.0,1.769765886287625,22.0,10.000000000000009,1,1.7499999999999911,2025-02-27,595.0,576.6844482421875,0.1644683333333333,0.161215,0.161215,-0.0032533333333333,-0.0032533333333333,1,0.21,0.1417,0.0683,0.0113816666666666,1.0,0.4444567572892042,0.9362549800796812,0.1237709934787985,0.1139543691493858,0.0505139641839475,1.0861452211327136,1.36,1.3130643285971944,1.3463172187592525,-0.3714799133468443,-0.0414987779319868,-0.0322074512380319,-0.0454865883785815,1,21.1299991607666,21.219999313354492,4.6831658274332675,1.175,1.425,real_post_mid,0.11750000000000001,2.6,-39.35,-0.03935
MKC,2025-02-28,2025-03-25,0.0,80.14,78.03,0.11,2.82,0.6441,0.6693,0.6056,10.0,0.6429,0.6429,0.6894,0.6898,1.0,0.0,2.0,0.0,1614108380.0,1621400000.0,1609933810.0,6.0,-18046.24,-17748.7,-166.72,532.69,,,0.33,-5.88,-3.61,,,,,80.0,80.0,80.0,2025-04-17,2.475,2.2750000000000004,4.75,5.9375,1.975,1.175,3.15,75.32,4.680000000000007,0.26853,0.30755,0.2880399999999999,0.190485,33.86855992223301,-0.0682849999999999,2346.0,724.0,0.759268413247652,24.0,0.0,1,5.9375,2025-03-24,580.0,567.5736694335938,0.14414375,0.15146,0.152436,0.0073162499999999,0.00829225,0,0.17341,0.1343875,0.0390225,0.0097549999999999,0.2860967864653234,0.3130737016105203,0.7410358565737052,0.1797900316947228,0.2078127403451167,-0.0636689903451167,0.8651540391418913,1.23,0.3148835066625001,4.713667147858626,2.1438024728133125,0.0152642385889689,-0.0402256486516278,-0.0605665174275209,1,17.479999542236328,19.040000915527344,3.065624542236326,4.75,3.15,real_post_mid,0.47500000000000003,2.6,109.9,0.013737500000000001
CB,2025-03-31,2025-04-22,1.0,291.43,268.32,-0.35,8.24,3.2282,3.56,2.59,17.0,3.2219,3.1804,3.2163,5.8839,2.0,0.0,4.0,6.0,11218000000.0,11411000000.0,10966000000.0,4.0,19914.4,17430.24,1372.83,399.74,12.31,271.81,12.88,8.66,5.61,13657.14,21.24,-71.2,1.5,280.0,285.0,280.0,2025-05-16,9.5,9.05,18.55,6.625,9.65,5.300000000000001,14.95,294.33,14.329999999999984,0.31731,0.31731,0.31731,0.239265,24.59582112130093,-0.0341449999999999,183.0,11.0,0.7577854671280276,25.0,1.7857142857142794,1,4.839285714285721,2025-04-21,515.0,508.055908203125,0.3005857142857143,0.278285,0.26853,-0.0223007142857142,-0.0320557142857143,1,0.3396085714285714,0.2615585714285714,0.07805,-2.1428571428949716e-06,0.5534131790158779,0.6150710341500027,0.9800796812749004,0.2375204075038245,0.5081948090829292,-0.2076090947972149,0.4673806250253631,1.19,-0.6918386311625854,5.878730905128022,0.036582853219496,-0.0375695288801243,-0.0885322873996306,-0.1590788000065464,0,33.81999969482422,31.829999923706055,3.761428266252789,18.55,14.95,real_post_mid,1.8550000000000002,2.6,171.90000000000012,0.006139285714285719
KVUE,2025-03-31,2025-05-08,1.0,21.49,20.18,11.96,19.23,0.2277,0.2368,0.22,11.0,0.2277,0.2302,0.2319,0.297,0.0,0.0,0.0,3.0,3683499670.0,3791000000.0,3631478000.0,12.0,1788.0,1701.6,23.79,60.81,,296.38,,,-7.14,,,,,22.5,24.5,22.5,2025-05-09,0.99,1.07,2.06,9.155555555555557,1.905,,,24.44,1.9400000000000013,0.01488,2.01483,1.0148549999999998,0.28804,71.61762025116887,-0.9755849999999998,625.0,50.0,0.0811348476771249,2.0,8.888888888888879,1,0.2666666666666764,2025-05-07,562.0,554.7901611328125,0.20512,0.2034916666666666,0.209995,-0.0016283333333333,0.004875,0,0.23926,0.17097,0.0682899999999999,-5.000000000005e-06,0.1934799293289859,0.3284640540395647,0.8844621513944223,0.1506097190962795,0.4347294498816226,-0.2296094498816226,0.346444712078491,1.12,-1.143339865102326,0.8811621319499504,-0.7408322202591715,0.0119199208247937,0.1125540140003114,-0.0817254547941568,0,23.549999237060547,24.700000762939453,3.0379992370605464,2.06,2.0,intrinsic_fallback,0.20600000000000002,2.6,-17.199999999999996,-0.007644444444444442
KEYS,2025-04-30,2025-05-20,1.0,135.46,185.11,20.18,-12.05,1.6464,1.66,1.6348,12.0,1.6467,1.6467,1.6467,1.5943,0.0,0.0,0.0,1.0,1282001720.0,1290406720.0,1279000000.0,10.0,3131.68,5399.55,-937.07,1139.8,3.1,,-7.44,-40.49,-41.21,-10.09,-1.36,-1.41,-0.75,165.0,165.0,165.0,2025-06-20,6.55,8.100000000000001,14.650000000000002,8.87878787878788,4.35,6.4,10.75,159.36,5.639999999999986,0.37584,0.37584,0.37584,0.283165,24.65809919114517,-0.0487699999999999,152.0,36.0,1.8942857142857144,32.0,0.0,1,8.87878787878788,2025-05-19,600.0,588.108154296875,0.1514599999999999,0.156335,0.161215,0.004875,0.009755,0,0.19048,0.13195,0.05853,0.009755,0.0339901477832511,0.1673661073285798,0.6653386454183267,0.0424799935878519,0.1910027233211554,-0.0395427233211554,0.2224051722886971,1.05,-0.8680779961407475,1.4513831048177015,-0.2787463160895486,0.0203433002737452,0.1300126938676329,-0.0009554392070569,1,18.13999938964844,20.690000534057617,2.9939993896484385,14.650000000000002,10.75,real_post_mid,1.4650000000000003,2.6,240.90000000000018,0.01460000000000001
CPRT,2025-04-30,2025-05-22,1.0,60.41,56.59,0.41,7.19,0.4167,0.4305,0.41,6.0,0.4167,0.4167,0.4167,0.4202,0.0,0.0,0.0,3.0,1228817830.0,1269000000.0,1199990000.0,6.0,-21065.44,-21092.54,4.33,76.19,14.03,,12.25,21.21,33.33,13.04,12.19,0.08,-0.6,62.5,55.0,62.5,2025-06-20,1.475,2.575,4.050000000000001,6.480000000000001,0.1,9.1,9.2,47.97,14.53,0.28804,0.26853,0.278285,0.24414,12.269795353684176,-0.02927,2042.0,144.0,2.431761786600496,30.0,12.0,0,-5.519999999999999,2025-05-21,585.0,576.2540893554688,0.170975,0.17585,0.180725,0.004875,0.00975,0,0.21975,0.1417,0.07805,0.00975,0.141441158503967,0.2259540020372057,0.7928286852589641,0.1488927811079401,0.1660429890178854,0.0049320109821145,0.8967122429475297,1.09,-0.2427297135137092,1.4152428822971703,-0.2505792385182425,-0.0080498299794126,0.1054717846923134,-0.0201562669294708,1,20.8700008392334,22.65999984741211,3.7725008392333983,4.050000000000001,9.2,real_post_mid,0.4050000000000001,2.6,-558.0999999999999,-0.08929599999999999
WSM,2025-04-30,2025-05-22,0.0,141.93,195.18,13.01,-17.82,1.7587,2.02,1.6,21.0,1.7455,1.7434,1.7287,1.7277,1.0,0.0,2.0,1.0,1669268640.0,1706000000.0,1637400000.0,17.0,16023.2,18899.9,-1238.5,1690.18,,,-4.06,-8.85,246.94,,,,,170.0,160.0,170.0,2025-06-20,10.4,12.2,22.6,13.294117647058826,2.7,14.5,17.2,158.84,11.159999999999997,0.58072,0.59047,0.5855950000000001,0.40999,29.987448663325345,-0.126825,408.0,30.0,1.34477866061294,30.0,5.882352941176472,1,7.411764705882354,2025-05-21,585.0,576.2540893554688,0.170975,0.17585,0.180725,0.004875,0.00975,0,0.21975,0.1417,0.07805,0.00975,0.141441158503967,0.2259540020372057,0.7928286852589641,0.1488927811079401,0.1660429890178854,0.0049320109821145,0.8967122429475297,1.09,-0.2427297135137092,1.4152428822971703,-0.2505792385182425,-0.0080498299794126,0.1054717846923134,-0.0201562669294708,1,20.8700008392334,22.65999984741211,3.7725008392333983,22.6,17.2,real_post_mid,2.2600000000000002,2.6,311.40000000000015,0.01831764705882354
COO,2025-04-30,2025-05-29,1.0,82.23,90.38,-2.76,-11.53,0.9292,0.95,0.9,16.0,0.9286,0.9286,0.9292,0.9334,0.0,0.0,1.0,2.0,995173100.0,1008000000.0,972900000.0,14.0,2156.02,2258.26,-48.87,150.24,3.55,,6.24,8.24,-11.54,9.57,18.88,1.48,2.44,80.0,70.0,80.0,2025-06-20,3.7,3.45,7.15,8.937500000000002,0.15,10.8,10.95,69.47,10.53,0.44414,0.45389,0.449015,0.331945,26.07262563611459,-0.09756,255.0,3038.0,0.1880777813197322,23.0,12.5,0,-3.5624999999999982,2025-05-28,590.0,581.06884765625,0.161215,0.1645934615384615,0.1748053571428571,0.0033784615384615,0.0135903571428571,0,0.20024,0.13195,0.0682899999999999,0.0048799999999999,0.1228162454256915,0.1966525491877982,0.7091633466135459,0.221381014073049,0.1683281164055086,-0.0071131164055086,1.315175496526879,0.95,-1.373722663091835,0.5873470512943576,-0.4366677548343357,-0.0086363166821615,0.0669511202601682,-0.011969408329393,1,19.309999465942383,21.670000076293945,3.1884994659423818,7.15,10.95,real_post_mid,0.7150000000000001,2.6,-454.0999999999999,-0.05676249999999999
MKC,2025-05-31,2025-06-26,1.0,71.8,81.46,8.04,-4.78,0.6528,0.68,0.62,11.0,0.6605,0.6704,0.6774,0.6885,0.0,0.0,0.0,4.0,1661408640.0,1681000000.0,1646516000.0,8.0,-18187.36,-17655.42,-297.71,504.64,0.17,,-0.37,-4.76,-25.0,1.3,-4.74,0.23,-0.72,75.0,75.0,75.0,2025-07-18,1.4,3.0,4.4,5.866666666666667,2.05,0.825,2.875,71.42,3.5799999999999983,0.25877,0.31731,0.2880399999999999,0.18073,37.25524232745451,-0.0438999999999999,3301.0,1091.0,0.5260840108401084,23.0,0.0,1,5.866666666666667,2025-06-25,610.0,602.0135498046875,0.13195,0.1479742857142857,0.1514599999999999,0.0160242857142857,0.0195099999999999,0,0.16122,0.12219,0.03903,0.0097549999999999,0.0,0.1087932236101431,0.4063745019920319,0.0978361430236308,0.1185447991635977,0.0134052008364022,0.8253094502156276,1.09,-0.1642821851681879,0.8095045111691945,-0.4641036002312083,0.0190529433017558,0.0514666329517017,0.0,1,16.760000228881836,19.670000076293945,3.5650002288818357,4.4,2.875,real_post_mid,0.44000000000000006,2.6,105.90000000000005,0.014120000000000006
DAL,2025-06-30,2025-07-10,1.0,51.68,40.88,9.87,38.89,2.031,2.3,1.603,18.0,2.0107,1.9999,1.9962,2.6506,1.0,0.0,2.0,2.0,16183963190.0,16489000000.0,15574000000.0,6.0,3981.12,3656.59,209.07,116.37,2.12,-77.22,5.01,2.22,-75.14,17.41,-7.33,0.74,-0.42,51.0,57.0,51.0,2025-07-11,1.61,1.95,3.5599999999999996,6.980392156862744,5.675,0.01,5.685,56.65,5.649999999999999,1.16607,1.20509,1.18558,0.39536,66.65260884967695,-0.7121749999999998,3236.0,3611.0,0.88451643294561,2.0,11.764705882352944,0,-4.7843137254901995,2025-07-09,625.0,618.8110961914062,0.136825,0.1437914285714285,0.1485894117647058,0.0069664285714285,0.0117644117647058,0,0.16122,0.12219,0.03903,0.0048799999999999,0.1891420213414294,0.1234289390446577,0.446215139442231,0.0981035068929395,0.0979117965990511,0.0389132034009488,1.0019579897473796,1.07,-0.4615125230828028,23.501675676025993,4.097295294824285,0.01037793349002,0.0446721837228125,-0.0020470701118314,1,15.9399995803833,19.020000457763672,2.2574995803833,3.56,5.685,real_post_mid,0.35600000000000004,2.6,-250.69999999999993,-0.04915686274509803
ARE,2025-06-30,2025-07-21,0.0,71.37,76.26,9.67,2.64,0.6318,0.6318,0.6318,1.0,0.6318,0.6318,0.6318,0.6318,0.0,0.0,0.0,0.0,748020030.0,763595000.0,732146180.0,6.0,-1264.32,-133.87,-729.12,354.69,-1.64,-75.63,6.27,-42.7,-26.09,-21.18,-28.91,-1.57,-7.44,77.5,80.0,77.5,2025-08-15,3.0,2.175,5.175,6.67741935483871,4.699999999999999,1.075,5.7749999999999995,76.09,1.4099999999999966,0.28804,0.30755,0.297795,0.2978,-0.0016790073708347,0.0195149999999999,244.0,8.0,0.580715059588299,28.0,3.2258064516129004,1,3.4516129032258096,2025-07-18,630.0,622.301513671875,0.13195,0.1458828571428571,0.1508861764705882,0.0139328571428571,0.0189361764705882,0,0.1640057142857142,0.12219,0.0418157142857142,0.0111478571428571,0.0952721829954769,0.1087932236101431,0.3545816733067729,0.0629294736645928,0.0767719034969805,0.0551780965030195,0.8196940651219874,1.17,0.0767479022590774,0.9353493467391604,-0.3588839823528439,0.0063500269902057,0.0533952090184737,-0.0007324129021104,1,16.40999984741211,19.579999923706055,3.214999847412109,5.175,5.7749999999999995,real_post_mid,0.5175,2.6,-114.34999999999997,-0.014754838709677415
DPZ,2025-06-30,2025-07-21,0.0,447.28,486.14,3.34,-4.92,3.9584,4.29,3.77,21.0,3.9603,3.9436,3.977,3.9865,0.0,0.0,0.0,2.0,1142302020.0,1174000000.0,1120874000.0,25.0,12030.69,11038.14,76.76,588.44,2.53,-76.37,4.99,20.95,-11.45,12.16,-0.26,0.96,-0.53,470.0,480.0,470.0,2025-08-15,18.5,18.55,37.05,7.882978723404255,18.9,7.05,25.95,451.26,18.74000000000001,0.3856,0.33682,0.36121,0.234385,35.11115417624097,-0.078045,279.0,161.0,0.8901890189018902,28.0,2.127659574468077,1,5.755319148936178,2025-07-18,630.0,622.301513671875,0.13195,0.1458828571428571,0.1508861764705882,0.0139328571428571,0.0189361764705882,0,0.1640057142857142,0.12219,0.0418157142857142,0.0111478571428571,0.0952721829954769,0.1087932236101431,0.3545816733067729,0.0629294736645928,0.0767719034969805,0.0551780965030195,0.8196940651219874,1.17,0.0767479022590774,0.9353493467391604,-0.3588839823528439,0.0063500269902057,0.0533952090184737,-0.0007324129021104,1,16.40999984741211,19.579999923706055,3.214999847412109,37.05,25.95,real_post_mid,3.705,2.6,736.8999999999997,0.015678723404255315
ROP,2025-06-30,2025-07-21,1.0,561.99,551.3,-1.79,0.11,4.8331,4.87,4.78,14.0,4.8331,4.8323,4.8566,4.8658,0.0,0.0,3.0,10.0,1924751080.0,1943700000.0,1900000000.0,12.0,13927.52,13556.03,150.4,72.42,12.02,-73.25,13.24,8.39,-0.62,-5.1,9.25,-1.56,-0.71,550.0,560.0,550.0,2025-08-15,11.45,16.0,27.45,4.990909090909091,20.55,4.625,25.175,529.64,20.360000000000017,0.21975,0.23926,0.229505,0.185605,19.128123570292583,-0.01463,33.0,67.0,0.3376623376623376,28.0,1.8181818181818077,1,3.1727272727272835,2025-07-18,630.0,622.301513671875,0.13195,0.1458828571428571,0.1508861764705882,0.0139328571428571,0.0189361764705882,0,0.1640057142857142,0.12219,0.0418157142857142,0.0111478571428571,0.0952721829954769,0.1087932236101431,0.3545816733067729,0.0629294736645928,0.0767719034969805,0.0551780965030195,0.8196940651219874,1.17,0.0767479022590774,0.9353493467391604,-0.3588839823528439,0.0063500269902057,0.0533952090184737,-0.0007324129021104,1,16.40999984741211,19.579999923706055,3.214999847412109,27.45,25.175,real_post_mid,2.745,2.6,-49.60000000000016,-0.0009018181818181847
STLD,2025-06-30,2025-07-21,0.0,125.9,117.39,6.85,14.6,2.0775,2.18,2.02,4.0,2.642,2.725,2.74,2.5457,0.0,0.0,0.0,3.0,4761716210.0,4972246010.0,4563000000.0,6.0,46734.88,46293.73,36.43,241.93,-6.92,-75.09,-6.86,-60.76,5.88,-52.24,-63.36,-9.75,-9.7,130.0,130.0,130.0,2025-08-15,6.050000000000001,3.95,10.0,7.6923076923076925,5.7,3.2,8.9,126.42,3.5799999999999983,0.34658,0.33682,0.3417,0.32219,5.709686859818562,-0.0146299999999999,148.0,9.0,0.547683923705722,28.0,0.0,1,7.6923076923076925,2025-07-18,630.0,622.301513671875,0.13195,0.1458828571428571,0.1508861764705882,0.0139328571428571,0.0189361764705882,0,0.1640057142857142,0.12219,0.0418157142857142,0.0111478571428571,0.0952721829954769,0.1087932236101431,0.3545816733067729,0.0629294736645928,0.0767719034969805,0.0551780965030195,0.8196940651219874,1.17,0.0767479022590774,0.9353493467391604,-0.3588839823528439,0.0063500269902057,0.0533952090184737,-0.0007324129021104,1,16.40999984741211,19.579999923706055,3.214999847412109,10.0,8.9,real_post_mid,1.0,2.6,7.399999999999965,0.0005692307692307665
WRB,2025-06-30,2025-07-21,1.0,73.75,70.85,-8.07,-4.3,1.0451,1.09,1.0,13.0,1.0451,1.0451,1.0428,1.053,1.0,0.0,2.0,2.0,3099738750.0,3132600000.0,3068909000.0,4.0,-4552.8,-4950.4,193.49,207.02,8.92,-73.99,11.55,-35.26,-10.62,6.77,-6.18,-1.82,-2.45,69.0,69.5,69.5,2025-08-15,1.75,2.375,4.125,5.978260869565218,1.15,1.9,3.05,70.79,1.2900000000000065,0.25877,0.27829,0.26853,0.21,21.796447324321303,0.009755,40.0,141.0,0.9626168224299064,28.0,0.7246376811594235,1,5.253623188405794,2025-07-18,630.0,622.301513671875,0.13195,0.1458828571428571,0.1508861764705882,0.0139328571428571,0.0189361764705882,0,0.1640057142857142,0.12219,0.0418157142857142,0.0111478571428571,0.0952721829954769,0.1087932236101431,0.3545816733067729,0.0629294736645928,0.0767719034969805,0.0551780965030195,0.8196940651219874,1.17,0.0767479022590774,0.9353493467391604,-0.3588839823528439,0.0063500269902057,0.0533952090184737,-0.0007324129021104,1,16.40999984741211,19.579999923706055,3.214999847412109,4.125,3.05,real_post_mid,0.41250000000000003,2.6,63.65000000000001,0.009224637681159421
MSCI,2025-06-30,2025-07-22,1.0,544.78,533.41,-3.36,-1.3,4.1073,4.2385,4.02,14.0,4.0966,4.0938,4.0955,4.131,1.0,0.0,1.0,0.0,764280290.0,775300000.0,749000000.0,12.0,13011.04,12180.86,378.03,161.06,9.69,-73.89,13.0,13.64,-4.31,10.97,11.09,0.56,0.64,580.0,530.0,580.0,2025-08-15,20.45,21.1,41.55,7.163793103448275,0.75,48.400000000000006,49.150000000000006,557.02,22.980000000000015,0.33682,0.34658,0.3417,0.22463,34.261047702663156,-0.068295,32.0,31.0,0.2405871091257179,25.0,8.62068965517241,0,-1.4568965517241343,2025-07-21,631.0,623.4815063476562,0.1354321428571428,0.1417,0.1472771428571428,0.0062678571428571,0.0118449999999999,0,0.16122,0.12219,0.03903,0.0062728571428571,0.1745843230403796,0.1192473060633678,0.3784860557768924,0.0629218260559761,0.0762147302928479,0.0592174125642948,0.8255861539390728,1.46,2.228652776285186,1.893752953125981,-0.1801015500765151,0.0063379328457915,0.0555517437425587,0.0,1,16.649999618530273,19.510000228881836,3.1067853328159867,41.55,49.150000000000006,real_post_mid,4.155,2.6,-1178.1000000000008,-0.020312068965517256
NOC,2025-06-30,2025-07-22,1.0,497.7,472.65,13.28,19.28,6.6807,7.61,6.07,18.0,6.6152,6.5901,6.6246,7.1284,1.0,0.0,1.0,0.0,10154204170.0,10795445000.0,9904000000.0,17.0,28657.97,34966.68,-1306.38,4570.58,-6.56,-76.93,2.82,-47.47,-48.04,-30.36,-46.5,-4.36,-4.52,515.0,570.0,515.0,2025-08-15,16.049999999999997,16.15,32.199999999999996,6.252427184466018,55.05,0.55,55.599999999999994,583.96,68.96000000000004,0.27829,0.31731,0.2977999999999999,0.19048,36.03760913364673,-0.0585349999999999,70.0,28.0,1.6499567847882457,25.0,10.679611650485432,0,-4.427184466019414,2025-07-21,631.0,623.4815063476562,0.1354321428571428,0.1417,0.1472771428571428,0.0062678571428571,0.0118449999999999,0,0.16122,0.12219,0.03903,0.0062728571428571,0.1745843230403796,0.1192473060633678,0.3784860557768924,0.0629218260559761,0.0762147302928479,0.0592174125642948,0.8255861539390728,1.46,2.228652776285186,1.893752953125981,-0.1801015500765151,0.0063379328457915,0.0555517437425587,0.0,1,16.649999618530273,19.510000228881836,3.1067853328159867,32.199999999999996,55.599999999999994,real_post_mid,3.2199999999999998,2.6,-2664.5999999999995,-0.05173980582524271
SHW,2025-06-30,2025-07-22,0.0,333.5,331.25,1.97,2.66,3.8139,3.96,3.6217,23.0,3.8139,3.8112,3.8241,3.9016,1.0,0.0,1.0,2.0,6302469250.0,6511000000.0,6202000000.0,17.0,-84257.22,-84331.56,-235.05,458.04,-1.15,-77.03,0.15,3.69,7.66,2.4,3.93,1.07,0.7,340.0,340.0,340.0,2025-08-15,11.2,8.3,19.5,5.735294117647059,8.95,5.7,14.65,364.4,24.399999999999977,0.27829,0.26853,0.27341,0.209995,23.194104092754472,-0.0243899999999999,335.0,52.0,1.0516273849607185,25.0,0.0,1,5.735294117647059,2025-07-21,631.0,623.4815063476562,0.1354321428571428,0.1417,0.1472771428571428,0.0062678571428571,0.0118449999999999,0,0.16122,0.12219,0.03903,0.0062728571428571,0.1745843230403796,0.1192473060633678,0.3784860557768924,0.0629218260559761,0.0762147302928479,0.0592174125642948,0.8255861539390728,1.46,2.228652776285186,1.893752953125981,-0.1801015500765151,0.0063379328457915,0.0555517437425587,0.0,1,16.649999618530273,19.510000228881836,3.1067853328159867,19.5,14.65,real_post_mid,1.9500000000000002,2.6,287.3999999999999,0.008452941176470587
PNR,2025-06-30,2025-07-22,0.0,97.27,87.75,7.81,19.51,1.3317,1.37,1.31,18.0,1.3311,1.3311,1.3311,1.3368,2.0,0.0,2.0,0.0,1117008720.0,1143000000.0,1110800000.0,17.0,6124.72,5747.59,-247.7,583.44,-0.67,-75.25,-0.38,18.09,2.78,10.76,12.33,1.56,2.33,105.0,105.0,105.0,2025-08-15,3.175,2.875,6.05,5.761904761904762,1.65,2.725,4.375,104.98,0.019999999999996,0.27829,0.26853,0.27341,0.21,23.19227533740536,-0.024395,1447.0,104.0,0.2258522727272727,25.0,0.0,1,5.761904761904762,2025-07-21,631.0,623.4815063476562,0.1354321428571428,0.1417,0.1472771428571428,0.0062678571428571,0.0118449999999999,0,0.16122,0.12219,0.03903,0.0062728571428571,0.1745843230403796,0.1192473060633678,0.3784860557768924,0.0629218260559761,0.0762147302928479,0.0592174125642948,0.8255861539390728,1.46,2.228652776285186,1.893752953125981,-0.1801015500765151,0.0063379328457915,0.0555517437425587,0.0,1,16.649999618530273,19.510000228881836,3.1067853328159867,6.05,4.375,real_post_mid,0.605,2.6,104.39999999999999,0.009942857142857142
SYF,2025-06-30,2025-07-22,1.0,62.34,49.91,13.35,41.57,1.6961,1.97,1.49,15.0,1.6821,1.6156,1.625,1.7356,3.0,0.0,7.0,0.0,3709697390.0,3773400000.0,3550000000.0,11.0,18427.92,17687.67,940.58,833.57,-15.26,-76.42,26.72,60.17,-1.05,-14.19,-46.94,0.09,-19.68,70.0,72.5,70.0,2025-08-15,2.15,2.825,4.975,7.107142857142856,3.3,1.2000000000000002,4.5,71.49,1.4899999999999949,0.31731,0.36609,0.3417,0.29292,14.275680421422296,-0.0439,824.0,211.0,0.7254960914010824,25.0,3.571428571428581,1,3.535714285714275,2025-07-21,631.0,623.4815063476562,0.1354321428571428,0.1417,0.1472771428571428,0.0062678571428571,0.0118449999999999,0,0.16122,0.12219,0.03903,0.0062728571428571,0.1745843230403796,0.1192473060633678,0.3784860557768924,0.0629218260559761,0.0762147302928479,0.0592174125642948,0.8255861539390728,1.46,2.228652776285186,1.893752953125981,-0.1801015500765151,0.0063379328457915,0.0555517437425587,0.0,1,16.649999618530273,19.510000228881836,3.1067853328159867,4.975,4.5,real_post_mid,0.4975,2.6,-4.850000000000035,-0.0006928571428571478
IVZ,2025-06-30,2025-07-22,0.0,14.81,13.51,43.48,57.29,0.3867,0.4143,0.35,12.0,0.3876,0.3869,0.3845,0.4583,0.0,0.0,1.0,1.0,1088463940.0,1103200000.0,1074630620.0,6.0,4854.24,4586.3,76.8,102.82,3.65,-74.79,5.14,33.33,-15.38,16.17,30.13,2.53,3.69,20.0,21.0,20.0,2025-08-15,0.9,0.775,1.675,8.375,1.625,0.225,1.85,21.12,1.120000000000001,0.36609,0.43438,0.400235,0.31243,21.93836121278749,-0.05854,745.0,929.0,0.2303094700491433,25.0,5.000000000000004,1,3.3749999999999956,2025-07-21,631.0,623.4815063476562,0.1354321428571428,0.1417,0.1472771428571428,0.0062678571428571,0.0118449999999999,0,0.16122,0.12219,0.03903,0.0062728571428571,0.1745843230403796,0.1192473060633678,0.3784860557768924,0.0629218260559761,0.0762147302928479,0.0592174125642948,0.8255861539390728,1.46,2.228652776285186,1.893752953125981,-0.1801015500765151,0.0063379328457915,0.0555517437425587,0.0,1,16.649999618530273,19.510000228881836,3.1067853328159867,1.675,1.85,real_post_mid,0.1675,2.6,-36.85,-0.018425
IPG,2025-06-30,2025-07-22,1.0,23.42,23.99,9.69,7.09,0.5703,0.6448,0.53,6.0,0.5483,0.5525,0.5425,0.602,3.0,0.0,2.0,2.0,2148050000.0,2155000000.0,2141100000.0,2.0,6466.4,6385.76,242.82,342.36,-6.94,-78.28,-2.01,-8.33,-70.27,-94.21,-122.8,-0.23,-9.19,24.0,27.0,24.0,2025-08-15,0.65,0.675,1.3250000000000002,5.520833333333334,2.95,0.725,3.675,26.09,2.09,0.23926,0.28804,0.26365,0.2197549999999999,16.648966432770727,0.136585,12.0,2.0,0.2313624678663239,25.0,12.5,0,-6.979166666666666,2025-07-21,631.0,623.4815063476562,0.1354321428571428,0.1417,0.1472771428571428,0.0062678571428571,0.0118449999999999,0,0.16122,0.12219,0.03903,0.0062728571428571,0.1745843230403796,0.1192473060633678,0.3784860557768924,0.0629218260559761,0.0762147302928479,0.0592174125642948,0.8255861539390728,1.46,2.228652776285186,1.893752953125981,-0.1801015500765151,0.0063379328457915,0.0555517437425587,0.0,1,16.649999618530273,19.510000228881836,3.1067853328159867,1.3250000000000002,3.675,real_post_mid,0.13250000000000003,2.6,-250.84999999999994,-0.10452083333333331
BKR,2025-06-30,2025-07-22,1.0,39.0,35.89,2.62,11.51,0.5542,0.59,0.52,19.0,0.5544,0.5527,0.5553,0.5945,2.0,0.0,4.0,2.0,6630858880.0,6723106240.0,6448000000.0,20.0,860.32,866.43,53.9,164.21,0.14,-76.91,7.63,-6.98,-42.86,-7.05,13.94,3.04,1.42,40.0,45.0,40.0,2025-08-15,1.3,1.5,2.8,6.999999999999999,4.800000000000001,0.175,4.9750000000000005,42.8,2.799999999999997,0.31731,0.35633,0.33682,0.278285,17.37871860340835,-0.0341449999999999,1372.0,260.0,0.1526156506701254,25.0,12.5,0,-5.500000000000001,2025-07-21,631.0,623.4815063476562,0.1354321428571428,0.1417,0.1472771428571428,0.0062678571428571,0.0118449999999999,0,0.16122,0.12219,0.03903,0.0062728571428571,0.1745843230403796,0.1192473060633678,0.3784860557768924,0.0629218260559761,0.0762147302928479,0.0592174125642948,0.8255861539390728,1.46,2.228652776285186,1.893752953125981,-0.1801015500765151,0.0063379328457915,0.0555517437425587,0.0,1,16.649999618530273,19.510000228881836,3.1067853328159867,2.8,4.9750000000000005,real_post_mid,0.27999999999999997,2.6,-248.10000000000005,-0.06202500000000001
CSGP,2025-06-30,2025-07-22,1.0,79.65,81.83,6.92,4.07,0.1371,0.18,0.1,14.0,0.1356,0.1345,0.1684,0.165,0.0,0.0,0.0,3.0,771920650.0,773900000.0,770000000.0,15.0,-59600.29,-60044.27,178.2,95.23,11.55,-73.24,11.44,93.2,-22.72,147.37,0.0,0.57,0.67,85.0,90.0,85.0,2025-08-15,3.75,3.5,7.25,8.529411764705882,6.9,0.525,7.425000000000001,89.66,4.659999999999997,0.40511,0.40511,0.40511,0.25877,36.123522006368646,-0.09268,194.0,111.0,1.9862091084028224,25.0,5.882352941176472,1,2.6470588235294104,2025-07-21,631.0,623.4815063476562,0.1354321428571428,0.1417,0.1472771428571428,0.0062678571428571,0.0118449999999999,0,0.16122,0.12219,0.03903,0.0062728571428571,0.1745843230403796,0.1192473060633678,0.3784860557768924,0.0629218260559761,0.0762147302928479,0.0592174125642948,0.8255861539390728,1.46,2.228652776285186,1.893752953125981,-0.1801015500765151,0.0063379328457915,0.0555517437425587,0.0,1,16.649999618530273,19.510000228881836,3.1067853328159867,7.25,7.425000000000001,real_post_mid,0.7250000000000001,2.6,-92.60000000000008,-0.010894117647058834
OTIS,2025-06-30,2025-07-23,0.0,95.98,92.74,-7.8,-4.58,1.0279,1.063,1.0,8.0,1.0281,1.0242,1.0242,1.0515,2.0,0.0,3.0,1.0,3709466490.0,3755783950.0,3659000000.0,6.0,4434.4,4479.84,-67.71,69.05,-2.53,-76.51,-0.52,4.55,-1.08,-22.96,-20.68,0.57,-3.04,100.0,90.0,100.0,2025-08-15,3.2750000000000004,3.05,6.325,6.325,0.05,10.95,11.0,87.43,12.569999999999991,0.24902,0.35633,0.3026749999999999,0.17585,41.90137936730816,-0.1365799999999999,122.0,38.0,0.6597938144329897,24.0,9.999999999999998,0,-3.674999999999998,2025-07-22,631.0,623.5707397460938,0.13195,0.1461368181818181,0.1476257142857142,0.0141868181818181,0.0156757142857142,0,0.1612199999999999,0.12219,0.0390299999999999,0.0097549999999999,0.0952721829954769,0.1087932236101431,0.350597609561753,0.0430547123045092,0.0746574482322903,0.0572925517677096,0.5766968108868138,1.16,-0.1085445660077069,0.7215265824372862,-0.4078325905075765,0.0108013834208153,0.0581878986298098,0.0,1,16.5,19.530000686645508,3.3049999999999997,6.325,11.0,real_post_mid,0.6325000000000001,2.6,-533.35,-0.053335
NTRS,2025-06-30,2025-07-23,1.0,120.81,92.4,2.83,34.45,2.0126,2.0799,1.9,11.0,2.0128,2.0065,2.0021,2.0395,1.0,0.0,2.0,2.0,1958378860.0,1973000000.0,1944000000.0,7.0,7370.4,6008.0,463.89,520.5,-1.45,-77.87,28.16,97.92,-15.93,54.5,79.42,8.76,6.69,125.0,130.0,125.0,2025-08-15,5.0,2.825,7.825,6.260000000000001,5.55,1.65,7.199999999999999,126.02,1.019999999999996,0.30755,0.28804,0.297795,0.22951,22.930203663594096,-0.004875,750.0,50.0,2.655,24.0,4.0000000000000036,1,2.259999999999997,2025-07-22,631.0,623.5707397460938,0.13195,0.1461368181818181,0.1476257142857142,0.0141868181818181,0.0156757142857142,0,0.1612199999999999,0.12219,0.0390299999999999,0.0097549999999999,0.0952721829954769,0.1087932236101431,0.350597609561753,0.0430547123045092,0.0746574482322903,0.0572925517677096,0.5766968108868138,1.16,-0.1085445660077069,0.7215265824372862,-0.4078325905075765,0.0108013834208153,0.0581878986298098,0.0,1,16.5,19.530000686645508,3.3049999999999997,7.825,7.199999999999999,real_post_mid,0.7825000000000001,2.6,-18.34999999999992,-0.0014679999999999936
PKG,2025-06-30,2025-07-23,1.0,188.7,188.71,9.34,9.33,2.423,2.48,2.3925,7.0,2.4201,2.4247,2.648,2.696,1.0,0.0,1.0,0.0,2183276510.0,2248138630.0,2130500000.0,7.0,15991.84,15644.7,93.44,326.58,8.16,-74.46,8.13,34.3,-5.71,28.51,43.01,2.53,3.19,210.0,210.0,210.0,2025-08-15,4.425,8.5,12.925,6.154761904761905,3.025,6.15,9.175,193.42,16.580000000000013,0.2978,0.2978,0.2978,0.209995,29.48455339153795,-0.043905,18.0,19.0,0.5,24.0,0.0,1,6.154761904761905,2025-07-22,631.0,623.5707397460938,0.13195,0.1461368181818181,0.1476257142857142,0.0141868181818181,0.0156757142857142,0,0.1612199999999999,0.12219,0.0390299999999999,0.0097549999999999,0.0952721829954769,0.1087932236101431,0.350597609561753,0.0430547123045092,0.0746574482322903,0.0572925517677096,0.5766968108868138,1.16,-0.1085445660077069,0.7215265824372862,-0.4078325905075765,0.0108013834208153,0.0581878986298098,0.0,1,16.5,19.530000686645508,3.3049999999999997,12.925,9.175,real_post_mid,1.2925000000000002,2.6,243.14999999999995,0.011578571428571426
MOH,2025-06-30,2025-07-23,0.0,291.14,313.81,-34.65,-39.37,5.5314,6.11,5.11,13.0,5.5849,6.2063,6.2054,6.1955,0.0,0.0,0.0,10.0,10940744230.0,11232171000.0,10480259150.0,11.0,19248.48,20665.57,-809.6,1231.84,12.24,-72.58,18.3,6.11,20.4,2.12,1.64,-0.8,-0.41,180.0,160.0,180.0,2025-08-15,13.35,12.95,26.299999999999997,14.61111111111111,2.35,23.049999999999997,25.4,167.49,12.509999999999993,0.69779,0.73681,0.7173,0.566085,21.081137599330837,-0.102435,20.0,15.0,1.52561669829222,24.0,11.111111111111116,1,3.4999999999999947,2025-07-22,631.0,623.5707397460938,0.13195,0.1461368181818181,0.1476257142857142,0.0141868181818181,0.0156757142857142,0,0.1612199999999999,0.12219,0.0390299999999999,0.0097549999999999,0.0952721829954769,0.1087932236101431,0.350597609561753,0.0430547123045092,0.0746574482322903,0.0572925517677096,0.5766968108868138,1.16,-0.1085445660077069,0.7215265824372862,-0.4078325905075765,0.0108013834208153,0.0581878986298098,0.0,1,16.5,19.530000686645508,3.3049999999999997,26.299999999999997,25.4,real_post_mid,2.63,2.6,-175.60000000000014,-0.009755555555555562
ROL,2025-06-30,2025-07-23,0.0,57.13,55.47,-3.45,-0.56,0.3033,0.32,0.29,8.0,0.3033,0.3033,0.303,0.3038,1.0,0.0,1.0,2.0,988769700.0,993600000.0,981000000.0,7.0,-2901.41,-2891.69,-2.56,17.7,9.91,-75.73,9.79,10.0,-4.35,7.59,7.72,0.2,-0.36,55.0,57.5,55.0,2025-08-15,1.7999999999999998,1.6,3.4,6.181818181818182,3.3,0.2249999999999999,3.525,57.33,2.3299999999999983,0.25877,0.33682,0.297795,0.17097,42.58802196141641,-0.07804,269.0,2.0,1.5789473684210529,24.0,4.545454545454541,1,1.6363636363636402,2025-07-22,631.0,623.5707397460938,0.13195,0.1461368181818181,0.1476257142857142,0.0141868181818181,0.0156757142857142,0,0.1612199999999999,0.12219,0.0390299999999999,0.0097549999999999,0.0952721829954769,0.1087932236101431,0.350597609561753,0.0430547123045092,0.0746574482322903,0.0572925517677096,0.5766968108868138,1.16,-0.1085445660077069,0.7215265824372862,-0.4078325905075765,0.0108013834208153,0.0581878986298098,0.0,1,16.5,19.530000686645508,3.3049999999999997,3.4,3.525,real_post_mid,0.34,2.6,-49.1,-0.008927272727272728
TDY,2025-06-30,2025-07-23,1.0,491.0,459.13,11.32,19.05,5.0496,5.16,4.93,9.0,5.0323,5.0276,5.092,5.1574,1.0,0.0,1.0,0.0,1475785030.0,1490485200.0,1456352000.0,9.0,44256.48,43328.29,531.07,298.78,7.39,-74.43,1.27,8.79,-10.33,8.87,10.67,-0.22,0.53,560.0,550.0,560.0,2025-08-15,13.0,15.9,28.9,5.160714285714285,7.35,14.45,21.799999999999997,538.47,21.529999999999973,0.24902,0.25877,0.253895,0.20024,21.13275172807656,-0.0536549999999999,4.0,2.0,0.6578947368421053,24.0,1.7857142857142905,1,3.3749999999999942,2025-07-22,631.0,623.5707397460938,0.13195,0.1461368181818181,0.1476257142857142,0.0141868181818181,0.0156757142857142,0,0.1612199999999999,0.12219,0.0390299999999999,0.0097549999999999,0.0952721829954769,0.1087932236101431,0.350597609561753,0.0430547123045092,0.0746574482322903,0.0572925517677096,0.5766968108868138,1.16,-0.1085445660077069,0.7215265824372862,-0.4078325905075765,0.0108013834208153,0.0581878986298098,0.0,1,16.5,19.530000686645508,3.3049999999999997,28.9,21.799999999999997,real_post_mid,2.89,2.6,418.4000000000001,0.007471428571428573
RJF,2025-06-30,2025-07-23,0.0,150.96,137.26,6.56,17.2,2.3577,2.53,2.26,12.0,2.3594,2.374,2.374,2.4865,3.0,0.0,3.0,6.0,3378343760.0,3414900000.0,3344000000.0,9.0,-26910.56,-26559.3,-496.0,615.43,4.93,-4.8,14.42,4.76,0.0,14.37,15.11,3.42,1.63,160.0,165.0,160.0,2025-08-15,5.300000000000001,4.0,9.3,5.8125,8.45,0.8999999999999999,9.35,163.32,3.319999999999993,0.28804,0.27829,0.283165,0.20024,29.285045821340915,-0.02927,153.0,3.0,4.835616438356165,24.0,3.125,1,2.6875,2025-07-22,631.0,623.5707397460938,0.13195,0.1461368181818181,0.1476257142857142,0.0141868181818181,0.0156757142857142,0,0.1612199999999999,0.12219,0.0390299999999999,0.0097549999999999,0.0952721829954769,0.1087932236101431,0.350597609561753,0.0430547123045092,0.0746574482322903,0.0572925517677096,0.5766968108868138,1.16,-0.1085445660077069,0.7215265824372862,-0.4078325905075765,0.0108013834208153,0.0581878986298098,0.0,1,16.5,19.530000686645508,3.3049999999999997,9.3,9.35,real_post_mid,0.9300000000000002,2.6,-100.59999999999991,-0.0062874999999999945
MCO,2025-06-30,2025-07-23,1.0,476.27,439.58,6.64,15.54,3.3892,3.58,3.1924,20.0,3.3459,3.2746,3.2865,3.5998,5.0,0.0,10.0,0.0,1847538110.0,1881000000.0,1804979000.0,19.0,20576.26,19544.58,375.35,318.94,7.73,-72.86,18.5,13.65,46.18,7.77,9.98,0.62,0.94,500.0,510.0,500.0,2025-08-15,13.8,13.4,27.200000000000003,5.44,19.85,4.5,24.35,516.46,16.460000000000036,0.26853,0.26853,0.26853,0.20024,25.43105053439094,-0.0341449999999999,88.0,24.0,0.6480769230769231,24.0,2.0000000000000018,1,3.4399999999999986,2025-07-22,631.0,623.5707397460938,0.13195,0.1461368181818181,0.1476257142857142,0.0141868181818181,0.0156757142857142,0,0.1612199999999999,0.12219,0.0390299999999999,0.0097549999999999,0.0952721829954769,0.1087932236101431,0.350597609561753,0.0430547123045092,0.0746574482322903,0.0572925517677096,0.5766968108868138,1.16,-0.1085445660077069,0.7215265824372862,-0.4078325905075765,0.0108013834208153,0.0581878986298098,0.0,1,16.5,19.530000686645508,3.3049999999999997,27.200000000000003,24.35,real_post_mid,2.7200000000000006,2.6,10.400000000000079,0.00020800000000000156
TEL,2025-06-30,2025-07-23,1.0,165.82,143.52,21.84,40.77,2.0769,2.1712,2.01,17.0,2.0704,2.0603,2.0638,2.0289,6.0,0.0,6.0,0.0,4318702630.0,4401000000.0,4231000000.0,16.0,4504.26,9032.57,-1412.19,2382.35,4.44,8.0,1.07,-97.85,-98.04,7.02,10.2,1.05,1.02,180.0,210.0,180.0,2025-08-15,6.050000000000001,5.25,11.3,6.277777777777778,26.0,0.32,26.32,202.71,22.710000000000008,0.2978,0.30755,0.302675,0.234385,22.562154125712404,-0.04878,72.0,31.0,0.3941290740341032,24.0,16.666666666666675,0,-10.388888888888896,2025-07-22,631.0,623.5707397460938,0.13195,0.1461368181818181,0.1476257142857142,0.0141868181818181,0.0156757142857142,0,0.1612199999999999,0.12219,0.0390299999999999,0.0097549999999999,0.0952721829954769,0.1087932236101431,0.350597609561753,0.0430547123045092,0.0746574482322903,0.0572925517677096,0.5766968108868138,1.16,-0.1085445660077069,0.7215265824372862,-0.4078325905075765,0.0108013834208153,0.0581878986298098,0.0,1,16.5,19.530000686645508,3.3049999999999997,11.3,26.32,real_post_mid,1.1300000000000001,2.6,-1617.5999999999997,-0.08986666666666665
APH,2025-06-30,2025-07-23,1.0,95.25,76.03,5.73,32.46,0.6658,0.6811,0.65,15.0,0.6633,0.6616,0.662,0.5604,3.0,0.0,2.0,0.0,5040465200.0,5142000000.0,4941000000.0,15.0,-8374.56,-8838.66,292.55,118.39,47.74,-68.4,25.46,-21.25,14.55,58.55,56.07,0.73,1.19,105.0,105.0,105.0,2025-08-15,3.375,5.8,9.175,8.738095238095239,2.825,3.0,5.825,109.21,4.209999999999994,0.44414,0.39536,0.4197499999999999,0.283165,32.539606908874326,-0.1219549999999999,2598.0,2999.0,0.9081768625075712,24.0,0.0,1,8.738095238095239,2025-07-22,631.0,623.5707397460938,0.13195,0.1461368181818181,0.1476257142857142,0.0141868181818181,0.0156757142857142,0,0.1612199999999999,0.12219,0.0390299999999999,0.0097549999999999,0.0952721829954769,0.1087932236101431,0.350597609561753,0.0430547123045092,0.0746574482322903,0.0572925517677096,0.5766968108868138,1.16,-0.1085445660077069,0.7215265824372862,-0.4078325905075765,0.0108013834208153,0.0581878986298098,0.0,1,16.5,19.530000686645508,3.3049999999999997,9.175,5.825,real_post_mid,0.9175000000000001,2.6,240.65000000000006,0.022919047619047624
CME,2025-06-30,2025-07-23,1.0,272.66,263.27,1.4,5.02,2.9177,3.0,2.8484,15.0,2.9404,2.9791,2.9692,2.7576,0.0,0.0,3.0,9.0,1682714980.0,1692143980.0,1676000000.0,11.0,4983.25,4829.87,98.1,81.09,10.38,-73.21,11.52,12.0,11.11,10.53,15.46,1.26,2.98,280.0,280.0,280.0,2025-08-15,4.6,9.25,13.85,4.946428571428571,4.6,6.35,10.95,273.92,6.079999999999984,0.22951,0.23926,0.234385,0.19536,16.64995626853254,-0.014635,1113.0,184.0,0.790650406504065,24.0,0.0,1,4.946428571428571,2025-07-22,631.0,623.5707397460938,0.13195,0.1461368181818181,0.1476257142857142,0.0141868181818181,0.0156757142857142,0,0.1612199999999999,0.12219,0.0390299999999999,0.0097549999999999,0.0952721829954769,0.1087932236101431,0.350597609561753,0.0430547123045092,0.0746574482322903,0.0572925517677096,0.5766968108868138,1.16,-0.1085445660077069,0.7215265824372862,-0.4078325905075765,0.0108013834208153,0.0581878986298098,0.0,1,16.5,19.530000686645508,3.3049999999999997,13.85,10.95,real_post_mid,1.385,2.6,148.90000000000003,0.005317857142857144
CCI,2025-06-30,2025-07-23,1.0,102.53,100.75,7.02,8.91,0.5195,0.5916,0.459,4.0,0.531,0.531,0.4824,0.3759,0.0,0.0,0.0,0.0,1037446540.0,1048000000.0,999600000.0,15.0,-58853.6,-15996.61,-19705.76,23233.24,-4.76,-83.85,-10.67,-249.25,90.34,-2.12,0.19,-0.84,2.42,110.0,115.0,110.0,2025-08-15,3.0,2.625,5.625,5.113636363636364,5.0,0.85,5.85,101.69,8.310000000000002,0.23926,0.25877,0.249015,0.22463,9.79258277613798,-0.0146299999999999,1327.0,295.0,1.038022813688213,24.0,4.545454545454541,1,0.5681818181818228,2025-07-22,631.0,623.5707397460938,0.13195,0.1461368181818181,0.1476257142857142,0.0141868181818181,0.0156757142857142,0,0.1612199999999999,0.12219,0.0390299999999999,0.0097549999999999,0.0952721829954769,0.1087932236101431,0.350597609561753,0.0430547123045092,0.0746574482322903,0.0572925517677096,0.5766968108868138,1.16,-0.1085445660077069,0.7215265824372862,-0.4078325905075765,0.0108013834208153,0.0581878986298098,0.0,1,16.5,19.530000686645508,3.3049999999999997,5.625,5.85,real_post_mid,0.5625,2.6,-81.34999999999997,-0.007395454545454543
GL,2025-06-30,2025-07-23,1.0,122.11,123.92,2.21,0.72,3.2578,3.37,3.22,9.0,3.257,3.267,3.3879,3.3922,0.0,0.0,0.0,9.0,1505500000.0,1509000000.0,1500000000.0,3.0,3640.16,3532.26,-143.53,701.67,4.54,-74.38,6.06,10.43,-2.23,2.19,2.23,-51.26,-0.54,125.0,130.0,125.0,2025-08-15,2.8,4.35,7.1499999999999995,5.72,8.0,1.075,9.075,135.43,10.430000000000009,0.28804,0.26853,0.278285,0.263655,5.257200352156973,4.999999999977245e-06,369.0,9.0,1.8688524590163935,24.0,4.0000000000000036,1,1.7199999999999962,2025-07-22,631.0,623.5707397460938,0.13195,0.1461368181818181,0.1476257142857142,0.0141868181818181,0.0156757142857142,0,0.1612199999999999,0.12219,0.0390299999999999,0.0097549999999999,0.0952721829954769,0.1087932236101431,0.350597609561753,0.0430547123045092,0.0746574482322903,0.0572925517677096,0.5766968108868138,1.16,-0.1085445660077069,0.7215265824372862,-0.4078325905075765,0.0108013834208153,0.0581878986298098,0.0,1,16.5,19.530000686645508,3.3049999999999997,7.1499999999999995,9.075,real_post_mid,0.715,2.6,-266.59999999999997,-0.021327999999999996
HAS,2025-06-30,2025-07-23,1.0,70.6,60.37,8.84,27.28,0.7712,0.91,0.63,12.0,0.7604,0.7671,0.777,1.0054,2.0,0.0,2.0,3.0,882250940.0,901000000.0,865000000.0,10.0,11263.2,9376.64,1076.59,497.82,17.14,-78.55,-13.86,70.49,126.09,32.49,46.9,4.21,3.9,77.5,75.0,77.5,2025-08-15,4.45,3.7,8.15,10.516129032258064,1.25,3.3,4.55,81.14,3.640000000000001,0.54169,0.48316,0.512425,0.25877,49.50090257110797,-0.16097,1792.0,256.0,0.2853834276891405,24.0,3.2258064516129004,1,7.290322580645164,2025-07-22,631.0,623.5707397460938,0.13195,0.1461368181818181,0.1476257142857142,0.0141868181818181,0.0156757142857142,0,0.1612199999999999,0.12219,0.0390299999999999,0.0097549999999999,0.0952721829954769,0.1087932236101431,0.350597609561753,0.0430547123045092,0.0746574482322903,0.0572925517677096,0.5766968108868138,1.16,-0.1085445660077069,0.7215265824372862,-0.4078325905075765,0.0108013834208153,0.0581878986298098,0.0,1,16.5,19.530000686645508,3.3049999999999997,8.15,4.55,real_post_mid,0.8150000000000001,2.6,275.90000000000003,0.03560000000000001
LII,2025-06-30,2025-07-23,1.0,564.18,524.05,17.13,26.09,6.8652,7.23,5.89,20.0,6.8777,6.8479,6.8594,7.0727,2.0,0.0,6.0,5.0,1473682210.0,1551100000.0,1309800000.0,15.0,25028.93,21869.21,1834.83,981.99,2.44,-79.92,6.32,-2.88,-39.82,-5.16,-6.71,-1.84,-1.42,620.0,670.0,620.0,2025-08-15,23.450000000000003,21.75,45.2,7.290322580645162,48.45,1.88,50.330000000000005,591.66,28.340000000000032,0.35633,0.35633,0.35633,0.24414,31.484859540313753,-0.0438999999999999,419.0,5.0,2.3448275862068964,24.0,8.064516129032251,0,-0.774193548387089,2025-07-22,631.0,623.5707397460938,0.13195,0.1461368181818181,0.1476257142857142,0.0141868181818181,0.0156757142857142,0,0.1612199999999999,0.12219,0.0390299999999999,0.0097549999999999,0.0952721829954769,0.1087932236101431,0.350597609561753,0.0430547123045092,0.0746574482322903,0.0572925517677096,0.5766968108868138,1.16,-0.1085445660077069,0.7215265824372862,-0.4078325905075765,0.0108013834208153,0.0581878986298098,0.0,1,16.5,19.530000686645508,3.3049999999999997,45.2,50.330000000000005,real_post_mid,4.5200000000000005,2.6,-967.6000000000003,-0.01560645161290323
MHK,2025-06-30,2025-07-24,1.0,103.91,106.87,11.64,8.54,2.6058,2.7502,2.55,18.0,2.6057,2.6048,2.6048,2.7949,0.0,0.0,0.0,0.0,2757029700.0,2847000000.0,2687344000.0,16.0,18040.54,17557.25,343.99,151.59,-5.73,-76.69,-3.32,-18.28,-22.05,-18.22,-34.52,-1.15,-1.67,115.0,120.0,115.0,2025-08-15,7.25,4.95,12.2,10.608695652173912,8.3,1.65,9.95,128.08,13.080000000000013,0.54169,0.51243,0.5270600000000001,0.34658,34.24278070807878,-0.107315,211.0,26.0,0.1711711711711711,23.0,4.347826086956519,1,6.260869565217393,2025-07-23,636.0,628.875732421875,0.12707,0.136825,0.1430978571428571,0.0097549999999999,0.0160278571428571,0,0.1417,0.11244,0.0292599999999999,-2.7755575615628914e-17,0.0,0.0941424971854393,0.2828685258964143,0.0628580914312915,0.0731557864391267,0.0539142135608733,0.8592360835816605,1.29,1.0396189489872232,1.2512765953985816,-0.2531674439327256,0.0160040231925215,0.0567525394983505,0.0,1,15.369999885559082,18.559999465942383,2.6629998855590813,12.2,9.95,real_post_mid,1.22,2.6,100.4,0.008730434782608695
NDAQ,2025-06-30,2025-07-24,1.0,88.12,75.36,6.11,24.07,0.813,0.84,0.7884,16.0,0.8017,0.792,0.7895,0.7807,9.0,0.0,13.0,3.0,1281092560.0,1304000000.0,1265000000.0,11.0,-39961.92,-40081.87,59.84,42.27,24.85,-71.76,24.12,25.4,3.95,29.12,33.41,-2.84,1.68,87.5,95.0,87.5,2025-08-15,2.6500000000000004,1.7,4.3500000000000005,4.9714285714285715,7.800000000000001,0.175,7.975,94.68,7.180000000000007,0.23926,0.24902,0.24414,0.18073,25.972802490374377,-0.029265,637.0,101.0,1.0601556970983723,23.0,8.571428571428562,0,-3.5999999999999908,2025-07-23,636.0,628.875732421875,0.12707,0.136825,0.1430978571428571,0.0097549999999999,0.0160278571428571,0,0.1417,0.11244,0.0292599999999999,-2.7755575615628914e-17,0.0,0.0941424971854393,0.2828685258964143,0.0628580914312915,0.0731557864391267,0.0539142135608733,0.8592360835816605,1.29,1.0396189489872232,1.2512765953985816,-0.2531674439327256,0.0160040231925215,0.0567525394983505,0.0,1,15.369999885559082,18.559999465942383,2.6629998855590813,4.3500000000000005,7.975,real_post_mid,0.43500000000000005,2.6,-408.5999999999999,-0.04669714285714285
POOL,2025-06-30,2025-07-24,1.0,300.74,291.59,8.51,11.92,5.1532,5.35,4.98,9.0,5.1579,5.1579,5.1619,5.1454,0.0,0.0,0.0,1.0,1781544690.0,1805200000.0,1716690480.0,12.0,30198.5,30284.05,-62.46,390.89,-4.4,-79.82,-4.09,-35.29,36.08,-25.06,-28.68,-1.06,-2.46,320.0,330.0,320.0,2025-08-15,12.8,16.0,28.8,9.0,11.05,6.375,17.425,321.75,1.75,0.43438,0.46365,0.449015,0.253895,43.455118425887775,-0.102435,41.0,2.0,0.7145669291338582,23.0,3.125,1,5.875,2025-07-23,636.0,628.875732421875,0.12707,0.136825,0.1430978571428571,0.0097549999999999,0.0160278571428571,0,0.1417,0.11244,0.0292599999999999,-2.7755575615628914e-17,0.0,0.0941424971854393,0.2828685258964143,0.0628580914312915,0.0731557864391267,0.0539142135608733,0.8592360835816605,1.29,1.0396189489872232,1.2512765953985816,-0.2531674439327256,0.0160040231925215,0.0567525394983505,0.0,1,15.369999885559082,18.559999465942383,2.6629998855590813,28.8,17.425,real_post_mid,2.8800000000000003,2.6,846.8999999999999,0.026465624999999996
TXT,2025-06-30,2025-07-24,1.0,78.76,68.42,2.76,18.28,1.4368,1.52,1.3725,13.0,1.4368,1.4347,1.4436,1.4675,1.0,0.0,1.0,0.0,3635291460.0,3795000000.0,3493777000.0,12.0,17009.76,16512.1,369.07,290.75,3.67,-77.12,6.68,6.67,-4.48,1.77,9.04,0.32,0.32,87.5,80.0,87.5,2025-08-15,2.575,2.625,5.2,5.942857142857143,0.1,7.95,8.05,78.89,8.61,0.2978,0.2978,0.2978,0.21975,26.20886501007388,-0.03415,109.0,52.0,1.3214285714285714,23.0,8.571428571428575,0,-2.6285714285714317,2025-07-23,636.0,628.875732421875,0.12707,0.136825,0.1430978571428571,0.0097549999999999,0.0160278571428571,0,0.1417,0.11244,0.0292599999999999,-2.7755575615628914e-17,0.0,0.0941424971854393,0.2828685258964143,0.0628580914312915,0.0731557864391267,0.0539142135608733,0.8592360835816605,1.29,1.0396189489872232,1.2512765953985816,-0.2531674439327256,0.0160040231925215,0.0567525394983505,0.0,1,15.369999885559082,18.559999465942383,2.6629998855590813,5.2,8.05,real_post_mid,0.52,2.6,-339.6000000000001,-0.03881142857142858
WAB,2025-06-30,2025-07-24,1.0,205.87,184.03,-2.51,9.06,2.1808,2.27,2.0,8.0,2.1771,2.1661,2.171,2.1671,1.0,0.0,2.0,1.0,2772532670.0,2808400000.0,2733080000.0,6.0,12902.18,11988.7,383.17,404.87,4.53,-74.87,6.85,20.63,35.71,11.49,15.05,1.84,1.66,210.0,195.0,210.0,2025-08-15,9.15,4.25,13.4,6.380952380952381,0.425,12.45,12.875,189.16,20.840000000000003,0.2978,0.30755,0.302675,0.20024,33.8432311885686,-0.04878,180.0,0.0,0.0475113122171945,23.0,7.14285714285714,0,-0.7619047619047583,2025-07-23,636.0,628.875732421875,0.12707,0.136825,0.1430978571428571,0.0097549999999999,0.0160278571428571,0,0.1417,0.11244,0.0292599999999999,-2.7755575615628914e-17,0.0,0.0941424971854393,0.2828685258964143,0.0628580914312915,0.0731557864391267,0.0539142135608733,0.8592360835816605,1.29,1.0396189489872232,1.2512765953985816,-0.2531674439327256,0.0160040231925215,0.0567525394983505,0.0,1,15.369999885559082,18.559999465942383,2.6629998855590813,13.4,12.875,real_post_mid,1.34,2.6,-84.09999999999997,-0.004004761904761903
VRSN,2025-06-30,2025-07-24,1.0,285.03,272.79,0.58,5.09,2.18,2.18,2.18,1.0,2.18,2.18,2.18,2.15,1.0,0.0,1.0,0.0,410965620.0,411355000.0,410576250.0,2.0,10764.0,10639.2,48.0,124.13,4.68,-74.17,4.25,9.38,5.0,1.77,4.75,0.5,0.04,290.0,310.0,290.0,2025-08-15,8.2,7.4,15.6,5.379310344827586,18.2,1.8,20.0,269.89,20.110000000000017,0.27829,0.25877,0.26853,0.20024,25.43105053439094,-0.0048799999999999,685.0,33.0,0.6354166666666666,23.0,6.896551724137923,0,-1.5172413793103363,2025-07-23,636.0,628.875732421875,0.12707,0.136825,0.1430978571428571,0.0097549999999999,0.0160278571428571,0,0.1417,0.11244,0.0292599999999999,-2.7755575615628914e-17,0.0,0.0941424971854393,0.2828685258964143,0.0628580914312915,0.0731557864391267,0.0539142135608733,0.8592360835816605,1.29,1.0396189489872232,1.2512765953985816,-0.2531674439327256,0.0160040231925215,0.0567525394983505,0.0,1,15.369999885559082,18.559999465942383,2.6629998855590813,15.6,20.0,real_post_mid,1.56,2.6,-598.6000000000001,-0.02064137931034483
WST,2025-06-30,2025-07-24,1.0,222.68,214.55,25.34,30.09,1.5084,1.54,1.43,12.0,1.5067,1.5045,1.5045,1.4362,6.0,0.0,2.0,0.0,726179720.0,735200000.0,720000000.0,11.0,23489.25,21937.32,755.46,362.48,0.42,-75.86,-2.1,-7.05,-20.33,-8.27,1.1,0.06,0.12,230.0,260.0,230.0,2025-08-15,13.85,15.25,29.1,12.65217391304348,34.15,0.675,34.824999999999996,246.2,16.19999999999999,0.64901,0.61974,0.6343749999999999,0.24414,61.51487684729064,-0.1609749999999999,589.0,265.0,0.5701643489254109,23.0,13.043478260869556,0,-0.3913043478260753,2025-07-23,636.0,628.875732421875,0.12707,0.136825,0.1430978571428571,0.0097549999999999,0.0160278571428571,0,0.1417,0.11244,0.0292599999999999,-2.7755575615628914e-17,0.0,0.0941424971854393,0.2828685258964143,0.0628580914312915,0.0731557864391267,0.0539142135608733,0.8592360835816605,1.29,1.0396189489872232,1.2512765953985816,-0.2531674439327256,0.0160040231925215,0.0567525394983505,0.0,1,15.369999885559082,18.559999465942383,2.6629998855590813,29.1,34.824999999999996,real_post_mid,2.91,2.6,-866.0999999999995,-0.03765652173913041
WY,2025-06-30,2025-07-24,1.0,26.65,24.81,-3.64,3.51,0.106,0.18,0.0691,11.0,0.1492,0.1862,0.1882,0.2153,0.0,0.0,0.0,7.0,1843482700.0,1954000000.0,1762287370.0,11.0,4070.24,3891.42,71.68,42.25,-1.84,-75.25,-7.28,-31.25,0.0,-11.04,-8.67,-0.77,-0.76,26.0,27.0,26.0,2025-08-15,0.775,0.7,1.475,5.673076923076923,0.925,0.375,1.3,25.84,0.1600000000000001,0.2978,0.27829,0.288045,0.23926,16.93658976895971,-0.0146399999999999,518.0,40.0,0.131578947368421,23.0,3.8461538461538542,1,1.8269230769230689,2025-07-23,636.0,628.875732421875,0.12707,0.136825,0.1430978571428571,0.0097549999999999,0.0160278571428571,0,0.1417,0.11244,0.0292599999999999,-2.7755575615628914e-17,0.0,0.0941424971854393,0.2828685258964143,0.0628580914312915,0.0731557864391267,0.0539142135608733,0.8592360835816605,1.29,1.0396189489872232,1.2512765953985816,-0.2531674439327256,0.0160040231925215,0.0567525394983505,0.0,1,15.369999885559082,18.559999465942383,2.6629998855590813,1.475,1.3,real_post_mid,0.14750000000000002,2.6,0.15000000000000258,5.769230769230868e-05
LKQ,2025-06-30,2025-07-24,0.0,37.65,37.41,-15.72,-15.18,0.9233,0.9634,0.91,7.0,0.9233,0.9233,0.9233,0.9737,0.0,0.0,0.0,7.0,3621569290.0,3790000000.0,3496990000.0,7.0,7355.36,7176.49,20.1,153.37,-6.48,-75.88,2.15,-3.66,-1.25,0.76,-0.69,0.55,0.49,37.5,32.5,37.5,2025-08-15,2.1,1.025,3.125,8.333333333333332,0.05,5.6,5.6499999999999995,30.97,6.530000000000001,0.37584,0.40511,0.390475,0.253895,34.97791151802293,-0.073165,827.0,6.0,0.8700564971751412,23.0,13.33333333333333,0,-4.999999999999998,2025-07-23,636.0,628.875732421875,0.12707,0.136825,0.1430978571428571,0.0097549999999999,0.0160278571428571,0,0.1417,0.11244,0.0292599999999999,-2.7755575615628914e-17,0.0,0.0941424971854393,0.2828685258964143,0.0628580914312915,0.0731557864391267,0.0539142135608733,0.8592360835816605,1.29,1.0396189489872232,1.2512765953985816,-0.2531674439327256,0.0160040231925215,0.0567525394983505,0.0,1,15.369999885559082,18.559999465942383,2.6629998855590813,3.125,5.6499999999999995,real_post_mid,0.3125,2.6,-286.34999999999997,-0.07636
LHX,2025-06-30,2025-07-24,1.0,246.65,216.08,10.77,26.44,2.4891,2.64,2.3767,19.0,2.4886,2.4795,2.4852,2.5945,0.0,0.0,0.0,1.0,5313197260.0,5375970000.0,5190278730.0,18.0,10069.25,9732.28,370.3,272.84,-1.52,-75.93,8.21,-21.24,-30.55,15.78,33.73,0.77,2.87,270.0,270.0,270.0,2025-08-15,7.6,6.7,14.3,5.296296296296297,4.9,5.15,10.05,270.55,0.5500000000000114,0.27829,0.25877,0.26853,0.19536,27.24835213942576,-0.0292649999999999,522.0,124.0,0.3063209076175041,23.0,0.0,1,5.296296296296297,2025-07-23,636.0,628.875732421875,0.12707,0.136825,0.1430978571428571,0.0097549999999999,0.0160278571428571,0,0.1417,0.11244,0.0292599999999999,-2.7755575615628914e-17,0.0,0.0941424971854393,0.2828685258964143,0.0628580914312915,0.0731557864391267,0.0539142135608733,0.8592360835816605,1.29,1.0396189489872232,1.2512765953985816,-0.2531674439327256,0.0160040231925215,0.0567525394983505,0.0,1,15.369999885559082,18.559999465942383,2.6629998855590813,14.3,10.05,real_post_mid,1.4300000000000002,2.6,279.4,0.010348148148148148
EW,2025-06-30,2025-07-24,1.0,75.85,76.04,-0.07,-0.32,0.6225,0.65,0.6,26.0,0.6225,0.6221,0.6225,0.6147,1.0,0.0,1.0,0.0,1485405380.0,1506860510.0,1451000000.0,26.0,-11828.45,-12000.35,95.05,15.64,6.23,-74.03,-2.85,-3.03,8.47,14.84,11.05,0.4,1.22,77.5,80.0,77.5,2025-08-15,2.975,4.25,7.225,9.32258064516129,3.25,0.575,3.825,78.26,0.7600000000000051,0.41487,0.52218,0.4685249999999999,0.20024,57.26161891041033,-0.1560949999999999,3560.0,445.0,1.804727370400215,23.0,3.2258064516129004,1,6.09677419354839,2025-07-23,636.0,628.875732421875,0.12707,0.136825,0.1430978571428571,0.0097549999999999,0.0160278571428571,0,0.1417,0.11244,0.0292599999999999,-2.7755575615628914e-17,0.0,0.0941424971854393,0.2828685258964143,0.0628580914312915,0.0731557864391267,0.0539142135608733,0.8592360835816605,1.29,1.0396189489872232,1.2512765953985816,-0.2531674439327256,0.0160040231925215,0.0567525394983505,0.0,1,15.369999885559082,18.559999465942383,2.6629998855590813,7.225,3.825,real_post_mid,0.7225,2.6,265.1499999999999,0.03421290322580644
ALLE,2025-06-30,2025-07-24,1.0,143.61,136.49,13.97,19.91,1.9861,2.05,1.94,11.0,1.9827,1.981,1.981,2.0388,0.0,0.0,0.0,0.0,999212370.0,1021000000.0,971700000.0,8.0,13119.01,11949.61,414.23,230.61,5.37,-75.03,4.26,20.0,0.0,12.37,14.12,1.07,1.6,155.0,165.0,155.0,2025-08-15,4.8,4.8,9.6,6.193548387096774,11.35,,,167.17,12.169999999999987,0.31731,0.30755,0.31243,0.20024,35.90884358096213,-0.0780449999999999,9.0,2.0,3.1,23.0,6.451612903225801,0,-0.2580645161290267,2025-07-23,636.0,628.875732421875,0.12707,0.136825,0.1430978571428571,0.0097549999999999,0.0160278571428571,0,0.1417,0.11244,0.0292599999999999,-2.7755575615628914e-17,0.0,0.0941424971854393,0.2828685258964143,0.0628580914312915,0.0731557864391267,0.0539142135608733,0.8592360835816605,1.29,1.0396189489872232,1.2512765953985816,-0.2531674439327256,0.0160040231925215,0.0567525394983505,0.0,1,15.369999885559082,18.559999465942383,2.6629998855590813,9.6,10.0,intrinsic_fallback,0.96,2.6,-138.60000000000002,-0.00894193548387097
AMP,2025-06-30,2025-07-24,1.0,521.34,465.94,-0.81,10.98,8.926,9.37,8.29,10.0,8.926,8.8933,9.352,9.4337,0.0,0.0,0.0,2.0,4329107000.0,4397000000.0,4273749000.0,7.0,7363.68,13774.05,-1364.91,5855.69,5.02,-74.78,10.02,-30.51,-44.9,-41.22,-43.64,-104.75,-13.62,540.0,520.0,540.0,2025-08-15,13.65,17.15,30.799999999999997,5.703703703703703,2.775,21.95,24.725,503.08,36.920000000000016,0.26853,0.30755,0.2880399999999999,0.20024,30.48187751701152,-0.0390249999999999,21.0,1.0,0.6314285714285715,23.0,3.703703703703709,1,1.9999999999999944,2025-07-23,636.0,628.875732421875,0.12707,0.136825,0.1430978571428571,0.0097549999999999,0.0160278571428571,0,0.1417,0.11244,0.0292599999999999,-2.7755575615628914e-17,0.0,0.0941424971854393,0.2828685258964143,0.0628580914312915,0.0731557864391267,0.0539142135608733,0.8592360835816605,1.29,1.0396189489872232,1.2512765953985816,-0.2531674439327256,0.0160040231925215,0.0567525394983505,0.0,1,15.369999885559082,18.559999465942383,2.6629998855590813,30.799999999999997,24.725,real_post_mid,3.08,2.6,296.8999999999995,0.005498148148148139
LH,2025-06-30,2025-07-24,1.0,262.53,228.31,1.97,17.25,4.1639,4.2621,4.08,15.0,4.1769,4.1724,4.1822,4.165,2.0,0.0,2.0,1.0,3486468980.0,3516000000.0,3452200000.0,13.0,42866.14,42472.61,318.51,167.86,5.3,-74.29,6.66,4.35,11.3,-0.16,1.46,0.09,-0.36,250.0,270.0,250.0,2025-08-15,8.05,7.25,15.3,6.12,16.35,0.9,17.25,270.38,20.379999999999995,0.2978,0.31731,0.307555,0.18073,41.23652680008455,-0.063415,169.0,26.0,0.1397670549084858,23.0,8.000000000000007,0,-1.880000000000007,2025-07-23,636.0,628.875732421875,0.12707,0.136825,0.1430978571428571,0.0097549999999999,0.0160278571428571,0,0.1417,0.11244,0.0292599999999999,-2.7755575615628914e-17,0.0,0.0941424971854393,0.2828685258964143,0.0628580914312915,0.0731557864391267,0.0539142135608733,0.8592360835816605,1.29,1.0396189489872232,1.2512765953985816,-0.2531674439327256,0.0160040231925215,0.0567525394983505,0.0,1,15.369999885559082,18.559999465942383,2.6629998855590813,15.3,17.25,real_post_mid,1.5300000000000002,2.6,-350.59999999999997,-0.014023999999999998
AOS,2025-06-30,2025-07-24,1.0,64.94,64.99,13.86,13.77,0.9923,1.06,0.9023,14.0,0.9897,0.9876,0.9871,0.9842,0.0,0.0,1.0,1.0,1000650140.0,1037000000.0,972433000.0,14.0,5112.8,5102.88,81.81,144.41,-1.52,-74.75,-0.31,-5.0,11.76,-4.03,-5.04,-0.29,-0.71,70.0,70.0,70.0,2025-08-15,2.95,1.625,4.575,6.5357142857142865,2.65,0.7,3.3499999999999996,72.21,2.2099999999999937,0.2978,0.32707,0.312435,0.20512,34.34794437242947,-0.05366,1936.0,25.0,3.033980582524272,23.0,0.0,1,6.5357142857142865,2025-07-23,636.0,628.875732421875,0.12707,0.136825,0.1430978571428571,0.0097549999999999,0.0160278571428571,0,0.1417,0.11244,0.0292599999999999,-2.7755575615628914e-17,0.0,0.0941424971854393,0.2828685258964143,0.0628580914312915,0.0731557864391267,0.0539142135608733,0.8592360835816605,1.29,1.0396189489872232,1.2512765953985816,-0.2531674439327256,0.0160040231925215,0.0567525394983505,0.0,1,15.369999885559082,18.559999465942383,2.6629998855590813,4.575,3.3499999999999996,real_post_mid,0.4575,2.6,74.15000000000006,0.010592857142857152
AON,2025-06-30,2025-07-25,0.0,354.46,335.85,5.2,11.03,3.4203,3.669,3.3,15.0,3.4169,3.4104,3.4123,3.4468,2.0,0.0,2.0,1.0,4159306150.0,4250182370.0,3948000000.0,9.0,2476.05,4033.76,-865.32,1136.74,16.19,-69.88,18.37,0.18,28.28,4.48,-0.27,-1.29,-5.11,360.0,370.0,360.0,2025-08-15,8.55,11.0,19.55,5.430555555555556,12.05,3.175,15.225,367.01,7.009999999999991,0.27829,0.27829,0.27829,0.195365,29.798052391390268,-0.0390299999999999,1170.0,42.0,1.0357142857142858,22.0,2.777777777777768,1,2.6527777777777883,2025-07-24,636.0,629.083984375,0.12707,0.1332795454545454,0.1403089285714285,0.0062095454545454,0.0132389285714285,0,0.15146,0.11244,0.03902,0.0048799999999999,0.0,0.0941424971854393,0.2828685258964143,0.0591788468310523,0.0668575798864619,0.0602124201135381,0.8851479059150865,1.27,0.7829172261433228,1.1962582906098769,-0.2684378834878501,0.0101586149761336,0.0455519434376625,0.0,1,15.390000343322754,18.559999465942383,2.683000343322753,19.55,15.225,real_post_mid,1.955,2.6,234.40000000000012,0.006511111111111114
HCA,2025-06-30,2025-07-25,1.0,374.19,327.92,-10.66,1.95,6.3209,6.7,5.98,19.0,6.2704,6.2703,6.2719,6.3233,1.0,0.0,1.0,2.0,18502636790.0,18848000000.0,18165000000.0,19.0,25378.45,23637.76,1174.13,879.12,5.66,-74.05,8.32,20.34,3.7,5.06,11.52,0.82,0.82,345.0,340.0,345.0,2025-08-15,15.15,17.5,32.65,9.463768115942027,7.3,11.0,18.3,395.79,50.79000000000002,0.49292,0.48316,0.48804,0.29292,39.98032948119007,-0.136585,8.0,67.0,2.1501084598698483,22.0,1.449275362318836,1,8.014492753623191,2025-07-24,636.0,629.083984375,0.12707,0.1332795454545454,0.1403089285714285,0.0062095454545454,0.0132389285714285,0,0.15146,0.11244,0.03902,0.0048799999999999,0.0,0.0941424971854393,0.2828685258964143,0.0591788468310523,0.0668575798864619,0.0602124201135381,0.8851479059150865,1.27,0.7829172261433228,1.1962582906098769,-0.2684378834878501,0.0101586149761336,0.0455519434376625,0.0,1,15.390000343322754,18.559999465942383,2.683000343322753,32.65,18.3,real_post_mid,3.265,2.6,1105.8999999999999,0.03205507246376811
UHS,2025-06-30,2025-07-28,1.0,178.08,171.88,-12.99,-9.85,4.9371,5.15,4.74,16.0,4.952,4.9342,4.9482,4.9955,2.0,0.0,2.0,1.0,4239164970.0,4292500000.0,4174000000.0,16.0,26724.24,23849.91,1610.71,834.35,6.66,-74.1,10.15,30.81,-1.63,14.94,16.99,0.67,0.98,155.0,165.0,155.0,2025-08-15,8.05,7.05,15.1,9.741935483870968,10.35,2.1,12.45,178.47,23.47,0.51243,0.51243,0.51243,0.3514549999999999,31.414046796635652,-0.121955,5.0,4.0,1.1935483870967742,21.0,6.451612903225801,1,3.2903225806451672,2025-07-25,639.0,631.7413940429688,0.12219,0.1288427272727272,0.1361278571428571,0.0066527272727272,0.0139378571428571,0,0.1444885714285714,0.1054685714285714,0.03902,0.0027885714285714,0.0,0.0794917707607355,0.2231075697211155,0.0549454097873187,0.0669811277231808,0.0552088722768191,0.8203118050564441,1.41,1.8254967758796408,1.0512517438644304,-0.289807661830253,0.0151693032456148,0.0493806896006343,0.0,1,14.93000030517578,18.31999969482422,2.711000305175782,15.100000000000001,12.45,real_post_mid,1.5100000000000002,2.6,111.40000000000019,0.00718709677419356
PFG,2025-06-30,2025-07-28,1.0,79.19,74.59,1.52,7.78,1.9732,2.09,1.86,12.0,1.9862,2.003,2.0145,2.0561,2.0,0.0,3.0,6.0,3982950000.0,4033000000.0,3937800000.0,4.0,10264.48,10629.89,189.55,509.16,-8.82,-77.08,4.91,9.7,-6.7,-95.39,-95.39,-10.4,-14.69,80.0,80.0,80.0,2025-08-15,1.9,2.475,4.375,5.46875,1.7,1.9,3.5999999999999996,77.64,2.359999999999999,0.15146,0.39536,0.27341,0.258775,5.352766906843206,-0.019515,20.0,0.0,0.0408163265306122,21.0,0.0,1,5.46875,2025-07-25,639.0,631.7413940429688,0.12219,0.1288427272727272,0.1361278571428571,0.0066527272727272,0.0139378571428571,0,0.1444885714285714,0.1054685714285714,0.03902,0.0027885714285714,0.0,0.0794917707607355,0.2231075697211155,0.0549454097873187,0.0669811277231808,0.0552088722768191,0.8203118050564441,1.41,1.8254967758796408,1.0512517438644304,-0.289807661830253,0.0151693032456148,0.0493806896006343,0.0,1,14.93000030517578,18.31999969482422,2.711000305175782,4.375,3.5999999999999996,real_post_mid,0.4375,2.6,31.150000000000034,0.0038937500000000044
HIG,2025-06-30,2025-07-28,1.0,124.68,122.22,-2.76,-0.8,2.8331,3.23,2.44,17.0,2.8233,2.8239,2.8239,2.8671,3.0,0.0,5.0,4.0,7028961450.0,7061544000.0,6991000000.0,3.0,18922.8,18233.96,842.66,629.65,5.8,-74.34,8.13,-5.98,-25.17,-15.7,-14.05,-3.03,-2.67,125.0,125.0,125.0,2025-08-15,2.35,3.55,5.9,4.720000000000001,1.75,1.85,3.5999999999999996,130.56,5.560000000000002,0.24902,0.23926,0.24414,0.17097,29.97050872450233,-0.0438999999999999,309.0,19.0,0.851063829787234,21.0,0.0,1,4.720000000000001,2025-07-25,639.0,631.7413940429688,0.12219,0.1288427272727272,0.1361278571428571,0.0066527272727272,0.0139378571428571,0,0.1444885714285714,0.1054685714285714,0.03902,0.0027885714285714,0.0,0.0794917707607355,0.2231075697211155,0.0549454097873187,0.0669811277231808,0.0552088722768191,0.8203118050564441,1.41,1.8254967758796408,1.0512517438644304,-0.289807661830253,0.0151693032456148,0.0493806896006343,0.0,1,14.93000030517578,18.31999969482422,2.711000305175782,5.9,3.5999999999999996,real_post_mid,0.5900000000000001,2.6,168.40000000000006,0.013472000000000005
CINF,2025-06-30,2025-07-28,1.0,146.23,139.85,0.59,5.18,1.3873,1.47,1.24,8.0,1.3748,1.3855,1.3827,1.3682,3.0,0.0,3.0,2.0,2794800000.0,2826000000.0,2768200000.0,4.0,25538.78,20934.28,2832.38,1806.69,-12.57,-77.37,13.84,-113.95,-107.64,-106.8,-111.9,-76.7,-37.39,150.0,155.0,150.0,2025-08-15,4.0,4.199999999999999,8.2,5.466666666666666,5.05,2.575,7.625,151.06,1.0600000000000025,0.28804,0.28804,0.28804,0.249015,13.548465490904052,-0.03902,837.0,1.0,0.1372549019607843,21.0,3.3333333333333437,1,2.133333333333322,2025-07-25,639.0,631.7413940429688,0.12219,0.1288427272727272,0.1361278571428571,0.0066527272727272,0.0139378571428571,0,0.1444885714285714,0.1054685714285714,0.03902,0.0027885714285714,0.0,0.0794917707607355,0.2231075697211155,0.0549454097873187,0.0669811277231808,0.0552088722768191,0.8203118050564441,1.41,1.8254967758796408,1.0512517438644304,-0.289807661830253,0.0151693032456148,0.0493806896006343,0.0,1,14.93000030517578,18.31999969482422,2.711000305175782,8.2,7.625,real_post_mid,0.82,2.6,-27.10000000000007,-0.0018066666666666713
SWK,2025-06-30,2025-07-29,1.0,67.65,60.02,1.42,14.31,0.4159,0.6545,0.0889,15.0,0.4085,0.3577,0.374,1.0194,1.0,0.0,7.0,1.0,3994319450.0,4084200000.0,3884000000.0,12.0,17141.92,16245.95,897.69,587.45,-3.23,-75.63,-3.16,33.93,-49.66,18.97,-0.47,0.74,0.19,77.5,67.5,77.5,2025-08-15,3.25,5.2,8.45,10.903225806451612,0.125,9.9,10.025,74.06,3.4399999999999977,0.70754,0.48316,0.5953499999999999,0.370965,37.68959435626102,-0.2585299999999999,1592.0,335.0,1.0727871250914411,18.0,12.903225806451612,0,-2.0,2025-07-28,638.0,631.5828247070312,0.12219,0.12707,0.1382192857142857,0.00488,0.0160292857142857,0,0.1486714285714286,0.1096514285714285,0.03902,0.0069714285714286,0.0,0.0794917707607355,0.2270916334661354,0.0596057743992524,0.0644082470301238,0.0577817529698761,0.9254369921195764,0.9,-2.0175580674884275,0.8345332520024996,-0.3151264770209716,0.0129936786847655,0.0409727378565454,-0.000251003555304,1,15.029999732971191,18.15999984741211,2.810999732971192,8.45,10.025,real_post_mid,0.845,2.6,-244.60000000000008,-0.031561290322580655
TER,2025-06-30,2025-07-29,1.0,90.35,74.21,0.22,22.02,0.5382,0.6104,0.48,14.0,0.5386,0.5377,0.5377,0.5299,0.0,0.0,0.0,1.0,650785480.0,675500000.0,642900000.0,15.0,10480.48,9886.69,213.55,141.34,14.31,-75.68,6.61,47.06,-21.05,47.64,55.33,4.01,4.65,90.0,110.0,90.0,2025-08-15,5.8,4.5,10.3,11.444444444444445,18.05,0.25,18.3,109.42,19.42,0.63925,0.63925,0.63925,0.45877,28.233085647242863,-0.1268249999999999,737.0,110.0,0.4425322679778734,18.0,22.222222222222232,0,-10.777777777777787,2025-07-28,638.0,631.5828247070312,0.12219,0.12707,0.1382192857142857,0.00488,0.0160292857142857,0,0.1486714285714286,0.1096514285714285,0.03902,0.0069714285714286,0.0,0.0794917707607355,0.2270916334661354,0.0596057743992524,0.0644082470301238,0.0577817529698761,0.9254369921195764,0.9,-2.0175580674884275,0.8345332520024996,-0.3151264770209716,0.0129936786847655,0.0409727378565454,-0.000251003555304,1,15.029999732971191,18.15999984741211,2.810999732971192,10.3,18.3,real_post_mid,1.03,2.6,-905.5999999999999,-0.10062222222222221
JCI,2025-06-30,2025-07-29,1.0,105.07,83.9,-1.74,23.05,1.0133,1.0449,0.99,18.0,1.0121,1.0056,1.0062,1.0003,2.0,0.0,6.0,3.0,5992661700.0,6155000000.0,5916000000.0,15.0,15732.85,14749.07,470.45,501.7,1.41,4.61,2.64,5.13,-28.7,882.47,552.11,2.09,13.85,110.0,105.0,110.0,2025-08-15,6.050000000000001,3.275,9.325,8.477272727272728,0.425,6.0,6.425,103.52,6.480000000000004,0.52218,0.41487,0.4685249999999999,0.24902,46.85022143962435,-0.1121899999999999,3932.0,652.0,1.28437454912711,18.0,4.545454545454541,1,3.931818181818187,2025-07-28,638.0,631.5828247070312,0.12219,0.12707,0.1382192857142857,0.00488,0.0160292857142857,0,0.1486714285714286,0.1096514285714285,0.03902,0.0069714285714286,0.0,0.0794917707607355,0.2270916334661354,0.0596057743992524,0.0644082470301238,0.0577817529698761,0.9254369921195764,0.9,-2.0175580674884275,0.8345332520024996,-0.3151264770209716,0.0129936786847655,0.0409727378565454,-0.000251003555304,1,15.029999732971191,18.15999984741211,2.810999732971192,9.325000000000001,6.425,real_post_mid,0.9325000000000001,2.6,194.15000000000012,0.01765000000000001
INCY,2025-06-30,2025-07-29,1.0,68.37,62.66,13.17,23.48,1.4745,2.36,1.29,15.0,1.4678,1.4023,1.4023,1.4599,3.0,0.0,3.0,2.0,1148829610.0,1189195000.0,1100000000.0,19.0,-15855.52,-14334.43,-287.39,624.15,19.53,-75.17,15.9,25.0,-44.06,-0.51,139.71,0.25,10.33,70.0,77.5,70.0,2025-08-15,2.5,1.875,4.375,6.25,7.6,,,86.92,16.92,0.37584,0.32707,0.351455,0.370965,-5.551208547324685,-0.039025,330.0,6.0,0.0270793036750483,18.0,10.71428571428572,0,-4.464285714285721,2025-07-28,638.0,631.5828247070312,0.12219,0.12707,0.1382192857142857,0.00488,0.0160292857142857,0,0.1486714285714286,0.1096514285714285,0.03902,0.0069714285714286,0.0,0.0794917707607355,0.2270916334661354,0.0596057743992524,0.0644082470301238,0.0577817529698761,0.9254369921195764,0.9,-2.0175580674884275,0.8345332520024996,-0.3151264770209716,0.0129936786847655,0.0409727378565454,-0.000251003555304,1,15.029999732971191,18.15999984741211,2.810999732971192,4.375,7.5,intrinsic_fallback,0.4375,2.6,-358.85,-0.05126428571428572
ACGL,2025-06-30,2025-07-29,1.0,90.32,90.68,-4.65,-5.03,2.2994,2.53,2.1509,11.0,2.2961,2.2869,2.2881,2.3426,3.0,0.0,6.0,3.0,4267950000.0,4268000000.0,4267900000.0,2.0,17036.32,15254.91,1063.15,529.17,18.41,-72.88,27.6,-37.14,-36.36,-37.59,-36.46,-12.76,-12.75,85.0,85.0,85.0,2025-08-15,3.55,2.05,5.6,6.588235294117646,2.2,1.6749999999999998,3.875,90.72,5.719999999999999,0.34658,0.36609,0.356335,0.26853,24.64113825473221,-0.073175,22.0,13.0,1.4270833333333333,18.0,0.0,1,6.588235294117646,2025-07-28,638.0,631.5828247070312,0.12219,0.12707,0.1382192857142857,0.00488,0.0160292857142857,0,0.1486714285714286,0.1096514285714285,0.03902,0.0069714285714286,0.0,0.0794917707607355,0.2270916334661354,0.0596057743992524,0.0644082470301238,0.0577817529698761,0.9254369921195764,0.9,-2.0175580674884275,0.8345332520024996,-0.3151264770209716,0.0129936786847655,0.0409727378565454,-0.000251003555304,1,15.029999732971191,18.15999984741211,2.810999732971192,5.6,3.875,real_post_mid,0.5599999999999999,2.6,113.89999999999996,0.013399999999999995
AMT,2025-06-30,2025-07-29,0.0,217.78,225.41,-1.41,-4.75,1.6645,1.72,1.59,7.0,1.6469,1.6436,1.6403,1.5892,2.0,0.0,2.0,0.0,2594172660.0,2622000000.0,2523000000.0,16.0,819.62,-23.24,-124.29,3320.93,-9.57,-74.69,-0.15,-46.94,-60.31,-26.28,1.42,3.05,5.3,220.0,210.0,220.0,2025-08-15,8.55,4.25,12.8,5.818181818181818,0.7,11.65,12.35,206.12,13.879999999999995,0.2978,0.31731,0.307555,0.21975,28.549365154200068,-0.068295,427.0,21.0,1.516357688113413,18.0,4.545454545454541,1,1.272727272727277,2025-07-28,638.0,631.5828247070312,0.12219,0.12707,0.1382192857142857,0.00488,0.0160292857142857,0,0.1486714285714286,0.1096514285714285,0.03902,0.0069714285714286,0.0,0.0794917707607355,0.2270916334661354,0.0596057743992524,0.0644082470301238,0.0577817529698761,0.9254369921195764,0.9,-2.0175580674884275,0.8345332520024996,-0.3151264770209716,0.0129936786847655,0.0409727378565454,-0.000251003555304,1,15.029999732971191,18.15999984741211,2.810999732971192,12.8,12.35,real_post_mid,1.2800000000000002,2.6,-85.59999999999991,-0.003890909090909087
BXP,2025-06-30,2025-07-29,1.0,68.6,63.73,2.67,10.51,0.0,0.0,0.0,0.0,0.0,0.0,0.0,0.0,0.0,0.0,0.0,0.0,858055980.0,867740000.0,838970000.0,6.0,3314.4,2150.88,1440.0,1073.67,3.07,-74.61,3.97,-9.09,-43.66,1.16,92.19,25.42,25.35,70.0,67.5,70.0,2025-08-15,1.85,2.175,4.0249999999999995,5.75,0.425,3.8,4.225,65.44,4.560000000000002,0.31731,0.32707,0.32219,0.288045,10.597783916322662,-0.0292699999999999,114.0,3.0,3.3008849557522124,18.0,3.57142857142857,1,2.17857142857143,2025-07-28,638.0,631.5828247070312,0.12219,0.12707,0.1382192857142857,0.00488,0.0160292857142857,0,0.1486714285714286,0.1096514285714285,0.03902,0.0069714285714286,0.0,0.0794917707607355,0.2270916334661354,0.0596057743992524,0.0644082470301238,0.0577817529698761,0.9254369921195764,0.9,-2.0175580674884275,0.8345332520024996,-0.3151264770209716,0.0129936786847655,0.0409727378565454,-0.000251003555304,1,15.029999732971191,18.15999984741211,2.810999732971192,4.025,4.225,real_post_mid,0.4025000000000001,2.6,-62.84999999999994,-0.008978571428571419
CARR,2025-06-30,2025-07-29,1.0,73.67,62.54,-2.71,14.6,0.9021,0.94,0.83,23.0,0.9016,0.8964,0.8954,0.8898,1.0,0.0,8.0,0.0,6096297600.0,6304100000.0,5975000000.0,20.0,4090.82,4261.0,-17.43,160.62,-3.73,-76.79,3.06,-24.19,-12.96,-36.07,63.38,-0.02,4.95,80.0,67.5,80.0,2025-08-15,2.675,2.95,5.625,7.03125,0.05,11.9,11.95,65.4,14.599999999999994,0.35633,0.44414,0.400235,0.25877,35.34548452783989,-0.107315,1327.0,332.0,0.8605542452830188,18.0,15.625,0,-8.59375,2025-07-28,638.0,631.5828247070312,0.12219,0.12707,0.1382192857142857,0.00488,0.0160292857142857,0,0.1486714285714286,0.1096514285714285,0.03902,0.0069714285714286,0.0,0.0794917707607355,0.2270916334661354,0.0596057743992524,0.0644082470301238,0.0577817529698761,0.9254369921195764,0.9,-2.0175580674884275,0.8345332520024996,-0.3151264770209716,0.0129936786847655,0.0409727378565454,-0.000251003555304,1,15.029999732971191,18.15999984741211,2.810999732971192,5.625,11.95,real_post_mid,0.5625,2.6,-691.3499999999999,-0.08641874999999999
DTE,2025-06-30,2025-07-29,0.0,131.62,137.0,4.16,0.07,1.4033,1.5,1.32,12.0,1.4839,1.5497,1.5507,1.5401,0.0,0.0,0.0,4.0,2747665520.0,3033494000.0,2444468080.0,4.0,10726.13,9832.22,137.99,448.76,37.04,-64.36,5.2,25.75,39.07,15.79,20.7,-5.43,-1.91,140.0,135.0,140.0,2025-08-15,1.625,3.6,5.225,3.7321428571428568,0.5,4.699999999999999,5.199999999999999,138.92,1.0800000000000125,0.21,0.18073,0.195365,0.18073,7.49110639060221,-0.019515,187.0,123.0,0.2664092664092664,18.0,3.57142857142857,1,0.1607142857142869,2025-07-28,638.0,631.5828247070312,0.12219,0.12707,0.1382192857142857,0.00488,0.0160292857142857,0,0.1486714285714286,0.1096514285714285,0.03902,0.0069714285714286,0.0,0.0794917707607355,0.2270916334661354,0.0596057743992524,0.0644082470301238,0.0577817529698761,0.9254369921195764,0.9,-2.0175580674884275,0.8345332520024996,-0.3151264770209716,0.0129936786847655,0.0409727378565454,-0.000251003555304,1,15.029999732971191,18.15999984741211,2.810999732971192,5.225,5.199999999999999,real_post_mid,0.5225,2.6,-52.34999999999996,-0.0037392857142857115
ECL,2025-06-30,2025-07-29,0.0,267.45,251.43,-3.01,3.17,1.8955,1.94,1.8573,19.0,1.8938,1.8944,1.8954,1.9083,3.0,0.0,3.0,1.0,4032056330.0,4084000000.0,3968116810.0,14.0,1748.19,1720.02,3.08,16.86,-1.52,-76.53,2.0,11.94,-17.13,3.87,7.35,1.0,1.31,270.0,260.0,270.0,2025-08-15,6.7,5.95,12.65,4.685185185185185,1.45,8.15,9.6,280.83,10.829999999999984,0.26853,0.25877,0.26365,0.19048,27.752702446425182,-0.048775,484.0,150.0,1.5120481927710845,18.0,3.703703703703709,1,0.981481481481476,2025-07-28,638.0,631.5828247070312,0.12219,0.12707,0.1382192857142857,0.00488,0.0160292857142857,0,0.1486714285714286,0.1096514285714285,0.03902,0.0069714285714286,0.0,0.0794917707607355,0.2270916334661354,0.0596057743992524,0.0644082470301238,0.0577817529698761,0.9254369921195764,0.9,-2.0175580674884275,0.8345332520024996,-0.3151264770209716,0.0129936786847655,0.0409727378565454,-0.000251003555304,1,15.029999732971191,18.15999984741211,2.810999732971192,12.65,9.6,real_post_mid,1.2650000000000001,2.6,175.90000000000006,0.006514814814814817
ESS,2025-06-30,2025-07-29,1.0,285.41,279.15,1.84,4.13,1.42,1.46,1.38,2.0,1.47,1.47,1.49,1.49,0.0,0.0,0.0,1.0,466232680.0,480546240.0,445505000.0,14.0,46799.04,49079.18,-986.72,1532.74,8.82,-73.82,6.84,-66.12,121.54,-8.38,94.23,-0.2,24.34,280.0,270.0,280.0,2025-08-15,8.5,4.25,12.75,4.553571428571428,1.84,12.3,14.14,259.38,20.620000000000005,0.25877,0.23926,0.249015,0.209995,15.669738770756783,-0.0195049999999999,16.0,0.0,1.0149253731343284,18.0,3.57142857142857,1,0.982142857142858,2025-07-28,638.0,631.5828247070312,0.12219,0.12707,0.1382192857142857,0.00488,0.0160292857142857,0,0.1486714285714286,0.1096514285714285,0.03902,0.0069714285714286,0.0,0.0794917707607355,0.2270916334661354,0.0596057743992524,0.0644082470301238,0.0577817529698761,0.9254369921195764,0.9,-2.0175580674884275,0.8345332520024996,-0.3151264770209716,0.0129936786847655,0.0409727378565454,-0.000251003555304,1,15.029999732971191,18.15999984741211,2.810999732971192,12.75,14.14,real_post_mid,1.2750000000000001,2.6,-269.10000000000014,-0.00961071428571429
CBRE,2025-06-30,2025-07-29,1.0,139.38,122.18,13.4,29.36,1.0706,1.16,0.95,11.0,1.0736,1.0714,1.0602,1.0379,2.0,0.0,3.0,1.0,9455969400.0,9559000000.0,9306447800.0,7.0,15974.24,15315.62,312.11,106.63,12.29,-75.09,11.96,10.26,-62.93,26.52,35.29,0.06,0.53,145.0,160.0,145.0,2025-08-15,5.8,3.5,9.3,6.413793103448276,13.1,0.35,13.45,158.93,13.930000000000009,0.37584,0.33682,0.35633,0.24414,31.484859540313764,-0.03902,167.0,30.0,0.0366941015089163,18.0,10.344827586206897,0,-3.931034482758619,2025-07-28,638.0,631.5828247070312,0.12219,0.12707,0.1382192857142857,0.00488,0.0160292857142857,0,0.1486714285714286,0.1096514285714285,0.03902,0.0069714285714286,0.0,0.0794917707607355,0.2270916334661354,0.0596057743992524,0.0644082470301238,0.0577817529698761,0.9254369921195764,0.9,-2.0175580674884275,0.8345332520024996,-0.3151264770209716,0.0129936786847655,0.0409727378565454,-0.000251003555304,1,15.029999732971191,18.15999984741211,2.810999732971192,9.3,13.45,real_post_mid,0.9300000000000002,2.6,-510.59999999999985,-0.035213793103448264
HUBB,2025-06-30,2025-07-29,1.0,406.62,363.18,5.09,17.66,4.3968,4.51,4.2471,13.0,4.4276,4.449,4.4498,4.6895,0.0,0.0,2.0,5.0,1507276300.0,1536000000.0,1469000000.0,10.0,17173.92,17588.35,415.25,871.02,-2.42,-75.74,3.94,-2.78,-14.63,-0.71,4.6,1.05,1.18,440.0,440.0,440.0,2025-08-15,14.4,16.2,30.6,6.954545454545453,9.05,11.0,20.05,427.65,12.350000000000025,0.37584,0.40511,0.390475,0.27341,29.98015237851336,-0.08292,400.0,485.0,0.3949367088607595,18.0,0.0,1,6.954545454545453,2025-07-28,638.0,631.5828247070312,0.12219,0.12707,0.1382192857142857,0.00488,0.0160292857142857,0,0.1486714285714286,0.1096514285714285,0.03902,0.0069714285714286,0.0,0.0794917707607355,0.2270916334661354,0.0596057743992524,0.0644082470301238,0.0577817529698761,0.9254369921195764,0.9,-2.0175580674884275,0.8345332520024996,-0.3151264770209716,0.0129936786847655,0.0409727378565454,-0.000251003555304,1,15.029999732971191,18.15999984741211,2.810999732971192,30.6,20.05,real_post_mid,3.0600000000000005,2.6,746.4,0.016963636363636365
INVH,2025-06-30,2025-07-30,0.0,32.8,35.11,-4.33,-10.62,0.1618,0.1636,0.16,2.0,0.1618,0.1618,0.16,0.1472,0.0,0.0,2.0,0.0,675594590.0,685000000.0,659080000.0,10.0,4368.64,4389.1,-17.6,124.34,4.4,-74.25,7.23,-25.0,23.21,6.31,1.07,-0.15,-0.92,32.5,30.0,32.5,2025-08-15,0.45,0.9,1.35,4.153846153846154,0.1,1.875,1.975,30.54,1.9600000000000009,0.22951,0.23926,0.234385,0.117315,49.947735563282635,-0.06829,358.0,13.0,0.995114006514658,17.0,7.692307692307687,0,-3.538461538461533,2025-07-29,636.0,629.9169311523438,0.1305557142857143,0.133275909090909,0.141705,0.0027201948051947,0.0111492857142857,0,0.1598257142857142,0.1110457142857142,0.0487799999999999,0.0048799999999999,0.1690677599099234,0.1046073017745135,0.3227091633466135,0.0692758776564769,0.065255519222654,0.0653001950630602,1.0616094773547855,1.07,-0.7458691642352533,0.8163731231144595,-0.3130547314493115,0.0101771795912586,0.0330942630437853,-0.0028879900982092,1,15.979999542236328,18.770000457763672,2.924428113664898,1.35,1.975,real_post_mid,0.135,2.6,-78.6,-0.024184615384615384
IEX,2025-06-30,2025-07-30,1.0,175.57,175.25,-6.43,-6.26,1.99,2.03,1.92,11.0,1.99,1.99,1.99,2.1027,2.0,0.0,2.0,1.0,859369580.0,878637000.0,842114800.0,10.0,8389.92,8027.71,212.37,131.95,1.72,-75.09,-0.45,-6.91,-14.22,-6.94,-2.08,0.65,-0.77,185.0,165.0,185.0,2025-08-15,5.9,5.075,10.975,5.932432432432433,1.72,21.25,22.97,164.77,20.22999999999999,0.35633,0.33682,0.3465749999999999,0.22463,35.18574623097453,-0.1024349999999999,0.0,146.0,0.3116883116883117,17.0,10.81081081081081,0,-4.878378378378377,2025-07-29,636.0,629.9169311523438,0.1305557142857143,0.133275909090909,0.141705,0.0027201948051947,0.0111492857142857,0,0.1598257142857142,0.1110457142857142,0.0487799999999999,0.0048799999999999,0.1690677599099234,0.1046073017745135,0.3227091633466135,0.0692758776564769,0.065255519222654,0.0653001950630602,1.0616094773547855,1.07,-0.7458691642352533,0.8163731231144595,-0.3130547314493115,0.0101771795912586,0.0330942630437853,-0.0028879900982092,1,15.979999542236328,18.770000457763672,2.924428113664898,10.975000000000001,22.97,real_post_mid,1.0975000000000001,2.6,-1311.8499999999997,-0.0709108108108108
UDR,2025-06-30,2025-07-30,0.0,40.83,42.6,-2.55,-6.6,0.13,0.13,0.13,2.0,0.13,0.13,0.11,0.11,1.0,0.0,1.0,0.0,422170230.0,425900000.0,413781530.0,9.0,9784.8,9292.0,96.0,318.7,2.01,-74.76,2.57,76.92,666.67,10.97,53.21,2.86,9.68,40.0,40.0,40.0,2025-08-15,0.85,0.52,1.37,3.4250000000000003,0.85,,,38.51,1.490000000000002,0.01488,0.0539,0.03439,0.03439,0.0,0.17073,54.0,3.0,1.0,17.0,0.0,1,3.4250000000000003,2025-07-29,636.0,629.9169311523438,0.1305557142857143,0.133275909090909,0.141705,0.0027201948051947,0.0111492857142857,0,0.1598257142857142,0.1110457142857142,0.0487799999999999,0.0048799999999999,0.1690677599099234,0.1046073017745135,0.3227091633466135,0.0692758776564769,0.065255519222654,0.0653001950630602,1.0616094773547855,1.07,-0.7458691642352533,0.8163731231144595,-0.3130547314493115,0.0101771795912586,0.0330942630437853,-0.0028879900982092,1,15.979999542236328,18.770000457763672,2.924428113664898,1.37,0.0,intrinsic_fallback,0.137,2.6,120.70000000000002,0.030175000000000004
PTC,2025-06-30,2025-07-30,0.0,172.34,156.34,17.51,29.53,1.2125,1.3,1.12,17.0,1.2109,1.2092,1.2096,1.3543,2.0,0.0,3.0,0.0,583253560.0,604253460.0,573000000.0,15.0,10780.38,8349.03,909.84,696.31,5.52,12.61,1.76,22.6,15.48,21.96,24.45,1.55,5.35,200.0,220.0,200.0,2025-08-15,8.55,4.0,12.55,6.275,15.95,1.5,17.45,205.84,5.840000000000003,0.34658,0.34658,0.34658,0.253895,26.74274337815223,-0.0731749999999999,39.0,2.0,0.3846153846153846,17.0,10.000000000000009,0,-3.725000000000009,2025-07-29,636.0,629.9169311523438,0.1305557142857143,0.133275909090909,0.141705,0.0027201948051947,0.0111492857142857,0,0.1598257142857142,0.1110457142857142,0.0487799999999999,0.0048799999999999,0.1690677599099234,0.1046073017745135,0.3227091633466135,0.0692758776564769,0.065255519222654,0.0653001950630602,1.0616094773547855,1.07,-0.7458691642352533,0.8163731231144595,-0.3130547314493115,0.0101771795912586,0.0330942630437853,-0.0028879900982092,1,15.979999542236328,18.770000457763672,2.924428113664898,12.55,17.45,real_post_mid,1.2550000000000001,2.6,-618.0999999999999,-0.030904999999999995
SW,2025-06-30,2025-07-30,0.0,43.15,40.47,9.76,17.02,0.5911,0.63,0.5,9.0,0.5929,0.5885,0.5885,0.7379,1.0,0.0,2.0,1.0,7941686670.0,8271000000.0,7704850000.0,9.0,1396.7,1445.05,-138.24,127.7,,2.72,,,0.0,,,,,50.0,45.0,50.0,2025-08-15,1.125,3.0,4.125,8.25,0.15,5.9,6.050000000000001,42.69,7.310000000000002,0.43438,0.48316,0.45877,0.40023,12.760206639492564,-0.107315,1225.0,204.0,0.0188679245283018,17.0,9.999999999999998,0,-1.7499999999999982,2025-07-29,636.0,629.9169311523438,0.1305557142857143,0.133275909090909,0.141705,0.0027201948051947,0.0111492857142857,0,0.1598257142857142,0.1110457142857142,0.0487799999999999,0.0048799999999999,0.1690677599099234,0.1046073017745135,0.3227091633466135,0.0692758776564769,0.065255519222654,0.0653001950630602,1.0616094773547855,1.07,-0.7458691642352533,0.8163731231144595,-0.3130547314493115,0.0101771795912586,0.0330942630437853,-0.0028879900982092,1,15.979999542236328,18.770000457763672,2.924428113664898,4.125,6.050000000000001,real_post_mid,0.41250000000000003,2.6,-236.35000000000008,-0.04727000000000001
WEC,2025-06-30,2025-07-30,1.0,104.2,108.79,3.99,-0.4,0.7063,0.82,0.67,8.0,0.718,0.7114,0.6796,0.7936,2.0,0.0,2.0,1.0,1753786930.0,1915945000.0,1241681980.0,5.0,7830.94,7428.93,189.18,128.18,17.51,-63.38,0.16,15.23,58.74,10.8,15.26,-1.92,-0.58,110.0,110.0,110.0,2025-08-15,1.375,4.225,5.6,5.09090909090909,1.0,2.4,3.4,107.36,2.640000000000001,0.20024,0.3856,0.29292,0.190485,34.970299057763214,-0.107315,5999.0,284.0,0.1931668856767411,17.0,0.0,1,5.09090909090909,2025-07-29,636.0,629.9169311523438,0.1305557142857143,0.133275909090909,0.141705,0.0027201948051947,0.0111492857142857,0,0.1598257142857142,0.1110457142857142,0.0487799999999999,0.0048799999999999,0.1690677599099234,0.1046073017745135,0.3227091633466135,0.0692758776564769,0.065255519222654,0.0653001950630602,1.0616094773547855,1.07,-0.7458691642352533,0.8163731231144595,-0.3130547314493115,0.0101771795912586,0.0330942630437853,-0.0028879900982092,1,15.979999542236328,18.770000457763672,2.924428113664898,5.6,3.4,real_post_mid,0.5599999999999999,2.6,161.39999999999998,0.014672727272727271
VRSK,2025-06-30,2025-07-30,1.0,311.5,294.51,-11.57,-6.46,1.7714,1.81,1.71,15.0,1.7714,1.7717,1.7717,1.7806,0.0,0.0,1.0,1.0,768302960.0,772000000.0,763000000.0,14.0,4907.34,4658.2,160.11,96.47,6.96,-73.87,7.15,6.13,7.45,9.45,7.38,1.71,0.18,290.0,280.0,290.0,2025-08-15,10.65,6.05,16.7,5.758620689655173,1.35,11.7,13.05,267.86,22.139999999999983,0.32707,0.32707,0.32707,0.20024,38.77763169963617,-0.08293,0.0,5.0,0.1,17.0,3.4482758620689613,1,2.3103448275862113,2025-07-29,636.0,629.9169311523438,0.1305557142857143,0.133275909090909,0.141705,0.0027201948051947,0.0111492857142857,0,0.1598257142857142,0.1110457142857142,0.0487799999999999,0.0048799999999999,0.1690677599099234,0.1046073017745135,0.3227091633466135,0.0692758776564769,0.065255519222654,0.0653001950630602,1.0616094773547855,1.07,-0.7458691642352533,0.8163731231144595,-0.3130547314493115,0.0101771795912586,0.0330942630437853,-0.0028879900982092,1,15.979999542236328,18.770000457763672,2.924428113664898,16.7,13.05,real_post_mid,1.67,2.6,195.39999999999986,0.006737931034482754
PSA,2025-06-30,2025-07-30,1.0,293.42,300.0,-1.63,-3.78,2.5541,2.65,2.5,8.0,2.5504,2.5504,2.5512,2.5508,1.0,0.0,1.0,0.0,1198037540.0,1223600000.0,1176426310.0,8.0,20373.22,21080.12,5.25,743.8,2.24,-74.8,3.8,-6.73,-3.39,-11.45,3.28,-0.01,0.46,290.0,270.0,290.0,2025-08-15,8.75,5.35,14.1,4.862068965517241,1.1749999999999998,17.5,18.675,282.94,7.060000000000002,0.27829,0.26853,0.27341,0.23926,12.490399034417171,-0.0390249999999999,60.0,15.0,0.074074074074074,17.0,6.896551724137934,0,-2.034482758620693,2025-07-29,636.0,629.9169311523438,0.1305557142857143,0.133275909090909,0.141705,0.0027201948051947,0.0111492857142857,0,0.1598257142857142,0.1110457142857142,0.0487799999999999,0.0048799999999999,0.1690677599099234,0.1046073017745135,0.3227091633466135,0.0692758776564769,0.065255519222654,0.0653001950630602,1.0616094773547855,1.07,-0.7458691642352533,0.8163731231144595,-0.3130547314493115,0.0101771795912586,0.0330942630437853,-0.0028879900982092,1,15.979999542236328,18.770000457763672,2.924428113664898,14.1,18.675,real_post_mid,1.4100000000000001,2.6,-601.1000000000001,-0.020727586206896558
TT,2025-06-30,2025-07-30,1.0,437.41,392.62,-1.36,9.89,3.7933,3.91,3.7476,22.0,3.7933,3.7869,3.7834,3.7509,1.0,0.0,7.0,1.0,5773921330.0,5872000000.0,5727100000.0,19.0,10142.02,8885.8,498.47,405.83,11.22,-76.37,12.05,39.69,3.83,29.96,29.2,1.15,2.44,470.0,440.0,470.0,2025-08-15,16.05,13.9,29.950000000000003,6.372340425531915,0.725,31.799999999999997,32.525,423.43,46.56999999999999,0.37584,0.36609,0.370965,0.22463,39.44711765260874,-0.097555,91.0,222.0,1.4406474820143884,17.0,6.382978723404253,0,-0.0106382978723384,2025-07-29,636.0,629.9169311523438,0.1305557142857143,0.133275909090909,0.141705,0.0027201948051947,0.0111492857142857,0,0.1598257142857142,0.1110457142857142,0.0487799999999999,0.0048799999999999,0.1690677599099234,0.1046073017745135,0.3227091633466135,0.0692758776564769,0.065255519222654,0.0653001950630602,1.0616094773547855,1.07,-0.7458691642352533,0.8163731231144595,-0.3130547314493115,0.0101771795912586,0.0330942630437853,-0.0028879900982092,1,15.979999542236328,18.770000457763672,2.924428113664898,29.950000000000003,32.525,real_post_mid,2.9950000000000006,2.6,-559.5999999999997,-0.011906382978723398
GRMN,2025-06-30,2025-07-30,1.0,208.72,186.78,6.12,18.58,1.8972,2.0,1.813,6.0,1.8638,1.8638,1.8638,1.8099,1.0,0.0,1.0,0.0,1704575000.0,1716000000.0,1679400000.0,4.0,26634.59,24857.09,805.25,818.33,11.11,-75.62,18.64,13.38,-33.2,10.46,11.53,-0.44,0.08,240.0,220.0,240.0,2025-08-15,11.55,11.1,22.65,9.4375,0.22,21.5,21.72,232.34,7.659999999999997,0.56121,0.53194,0.546575,0.249015,54.44083611581211,-0.19512,91.0,176.0,0.6915077989601387,17.0,8.333333333333337,1,1.1041666666666623,2025-07-29,636.0,629.9169311523438,0.1305557142857143,0.133275909090909,0.141705,0.0027201948051947,0.0111492857142857,0,0.1598257142857142,0.1110457142857142,0.0487799999999999,0.0048799999999999,0.1690677599099234,0.1046073017745135,0.3227091633466135,0.0692758776564769,0.065255519222654,0.0653001950630602,1.0616094773547855,1.07,-0.7458691642352533,0.8163731231144595,-0.3130547314493115,0.0101771795912586,0.0330942630437853,-0.0028879900982092,1,15.979999542236328,18.770000457763672,2.924428113664898,22.65,21.72,real_post_mid,2.265,2.6,-136.10000000000002,-0.005670833333333334
AEP,2025-06-30,2025-07-30,1.0,103.76,107.54,9.15,5.31,1.2673,1.35,1.2,14.0,1.2179,1.1759,1.231,1.2644,1.0,0.0,3.0,5.0,4968548980.0,5334000000.0,4713800000.0,6.0,3372.51,2924.67,318.78,216.14,10.66,-71.69,3.92,21.26,24.19,7.56,17.32,0.89,1.47,110.0,115.0,110.0,2025-08-15,1.45,3.025,4.475,4.068181818181818,3.5,0.7749999999999999,4.275,111.99,1.9899999999999949,0.18073,0.28804,0.234385,0.1953599999999999,16.649956268532556,-0.048775,3574.0,325.0,0.2145030425963489,17.0,4.545454545454541,0,-0.4772727272727231,2025-07-29,636.0,629.9169311523438,0.1305557142857143,0.133275909090909,0.141705,0.0027201948051947,0.0111492857142857,0,0.1598257142857142,0.1110457142857142,0.0487799999999999,0.0048799999999999,0.1690677599099234,0.1046073017745135,0.3227091633466135,0.0692758776564769,0.065255519222654,0.0653001950630602,1.0616094773547855,1.07,-0.7458691642352533,0.8163731231144595,-0.3130547314493115,0.0101771795912586,0.0330942630437853,-0.0028879900982092,1,15.979999542236328,18.770000457763672,2.924428113664898,4.475,4.275,real_post_mid,0.4475,2.6,-27.350000000000072,-0.002486363636363643
ALL,2025-06-30,2025-07-30,1.0,201.31,197.24,-4.49,-2.51,3.2557,4.47,2.72,17.0,3.2857,3.1991,3.2127,3.1192,4.0,0.0,7.0,6.0,16596225999.0,16874000000.0,16318452000.0,2.0,44648.61,37952.62,4597.43,1716.44,6.64,-74.4,11.78,-31.19,-53.98,-43.83,-53.94,-4.43,-5.82,195.0,200.0,195.0,2025-08-15,4.6,5.35,9.95,5.102564102564102,9.55,1.15,10.7,206.78,11.78,0.2978,0.2978,0.2978,0.2148749999999999,27.845869711215588,-0.04878,95.0,13.0,0.6866952789699571,17.0,2.564102564102555,1,2.538461538461547,2025-07-29,636.0,629.9169311523438,0.1305557142857143,0.133275909090909,0.141705,0.0027201948051947,0.0111492857142857,0,0.1598257142857142,0.1110457142857142,0.0487799999999999,0.0048799999999999,0.1690677599099234,0.1046073017745135,0.3227091633466135,0.0692758776564769,0.065255519222654,0.0653001950630602,1.0616094773547855,1.07,-0.7458691642352533,0.8163731231144595,-0.3130547314493115,0.0101771795912586,0.0330942630437853,-0.0028879900982092,1,15.979999542236328,18.770000457763672,2.924428113664898,9.95,10.7,real_post_mid,0.995,2.6,-177.1,-0.009082051282051282
BG,2025-06-30,2025-07-30,1.0,80.28,78.48,0.02,2.32,1.0834,1.26,0.946,6.0,1.1318,1.2348,1.2197,1.8296,0.0,0.0,0.0,3.0,12425752510.0,13048000000.0,11411000000.0,4.0,44596.19,42917.46,803.71,825.45,-13.22,-78.08,-11.09,-40.46,-15.02,-13.75,-50.34,-1.4,-1.4,77.5,80.0,77.5,2025-08-15,2.075,3.075,5.15,6.645161290322581,3.125,1.3,4.425,81.78,4.280000000000001,0.3856,0.3856,0.3856,0.29292,24.035269709543563,-0.058535,354.0,178.0,1.0305810397553516,17.0,3.2258064516129004,1,3.4193548387096806,2025-07-29,636.0,629.9169311523438,0.1305557142857143,0.133275909090909,0.141705,0.0027201948051947,0.0111492857142857,0,0.1598257142857142,0.1110457142857142,0.0487799999999999,0.0048799999999999,0.1690677599099234,0.1046073017745135,0.3227091633466135,0.0692758776564769,0.065255519222654,0.0653001950630602,1.0616094773547855,1.07,-0.7458691642352533,0.8163731231144595,-0.3130547314493115,0.0101771795912586,0.0330942630437853,-0.0028879900982092,1,15.979999542236328,18.770000457763672,2.924428113664898,5.15,4.425,real_post_mid,0.515,2.6,18.400000000000052,0.0023741935483871037
CTSH,2025-06-30,2025-07-30,1.0,78.03,75.23,-5.77,-2.26,1.2597,1.29,1.23,22.0,1.2597,1.2601,1.2568,1.2289,3.0,0.0,4.0,1.0,5189357150.0,5256400000.0,5160000000.0,20.0,4169.92,3893.39,120.06,59.86,7.46,-74.08,2.5,9.82,1.65,17.78,22.73,-0.32,2.08,75.0,72.5,75.0,2025-08-15,2.4,2.925,5.324999999999999,7.1,0.7,3.8,4.5,70.0,5.0,0.36609,0.45389,0.40999,0.234385,42.83153247640186,-0.131705,2453.0,10.0,1.2411347517730495,17.0,3.3333333333333326,1,3.766666666666667,2025-07-29,636.0,629.9169311523438,0.1305557142857143,0.133275909090909,0.141705,0.0027201948051947,0.0111492857142857,0,0.1598257142857142,0.1110457142857142,0.0487799999999999,0.0048799999999999,0.1690677599099234,0.1046073017745135,0.3227091633466135,0.0692758776564769,0.065255519222654,0.0653001950630602,1.0616094773547855,1.07,-0.7458691642352533,0.8163731231144595,-0.3130547314493115,0.0101771795912586,0.0330942630437853,-0.0028879900982092,1,15.979999542236328,18.770000457763672,2.924428113664898,5.324999999999999,4.5,real_post_mid,0.5325,2.6,26.64999999999993,0.003553333333333324
AWK,2025-06-30,2025-07-30,0.0,139.11,146.43,0.39,-4.63,1.5266,1.67,1.47,9.0,1.5371,1.5218,1.5285,1.4923,1.0,0.0,2.0,1.0,1228000000.0,1287000000.0,1129000000.0,3.0,2980.96,2785.38,90.54,304.22,12.96,-75.62,10.51,12.9,-13.93,20.46,13.8,0.17,0.24,140.0,140.0,140.0,2025-08-15,3.05,3.1500000000000004,6.2,4.428571428571429,1.725,2.425,4.15,143.92,3.919999999999987,0.20024,0.30755,0.253895,0.185605,26.896945587742955,-0.0536549999999999,110.0,9.0,0.4622641509433962,17.0,0.0,1,4.428571428571429,2025-07-29,636.0,629.9169311523438,0.1305557142857143,0.133275909090909,0.141705,0.0027201948051947,0.0111492857142857,0,0.1598257142857142,0.1110457142857142,0.0487799999999999,0.0048799999999999,0.1690677599099234,0.1046073017745135,0.3227091633466135,0.0692758776564769,0.065255519222654,0.0653001950630602,1.0616094773547855,1.07,-0.7458691642352533,0.8163731231144595,-0.3130547314493115,0.0101771795912586,0.0330942630437853,-0.0028879900982092,1,15.979999542236328,18.770000457763672,2.924428113664898,6.2,4.15,real_post_mid,0.6200000000000001,2.6,140.39999999999998,0.010028571428571427
EG,2025-06-30,2025-07-30,1.0,339.85,337.38,-2.15,-1.43,14.8239,16.0,13.85,12.0,14.969,15.0708,15.0727,15.8773,2.0,0.0,3.0,6.0,4073500000.0,4139000000.0,4012000000.0,4.0,98863.2,98939.68,3602.24,8068.49,3.87,-75.18,13.4,-69.98,135.1,-67.09,-67.09,-13.43,-14.55,330.0,340.0,330.0,2025-08-15,10.6,7.65,18.25,5.53030303030303,10.0,3.825,13.825,331.84,1.839999999999975,0.31731,0.31731,0.31731,0.229505,27.671677539314853,-0.063415,37.0,0.0,0.2727272727272727,17.0,3.0303030303030276,1,2.5000000000000027,2025-07-29,636.0,629.9169311523438,0.1305557142857143,0.133275909090909,0.141705,0.0027201948051947,0.0111492857142857,0,0.1598257142857142,0.1110457142857142,0.0487799999999999,0.0048799999999999,0.1690677599099234,0.1046073017745135,0.3227091633466135,0.0692758776564769,0.065255519222654,0.0653001950630602,1.0616094773547855,1.07,-0.7458691642352533,0.8163731231144595,-0.3130547314493115,0.0101771795912586,0.0330942630437853,-0.0028879900982092,1,15.979999542236328,18.770000457763672,2.924428113664898,18.25,13.825,real_post_mid,1.8250000000000002,2.6,257.40000000000003,0.007800000000000001
FFIV,2025-06-30,2025-07-30,1.0,294.32,265.77,1.59,12.5,3.4975,3.57,3.46,12.0,3.4975,3.4938,3.4938,3.504,1.0,0.0,2.0,0.0,752642030.0,765561000.0,740005000.0,11.0,14236.64,13008.7,914.13,920.02,7.3,-4.61,6.88,17.53,4.91,7.91,13.53,1.43,1.19,300.0,310.0,300.0,2025-08-15,11.25,11.35,22.6,7.533333333333333,15.6,1.55,17.150000000000002,315.34,15.339999999999977,0.44414,0.43438,0.43926,0.23926,45.531120520876016,-0.12195,60.0,7.0,4.556521739130435,17.0,3.3333333333333437,1,4.1999999999999895,2025-07-29,636.0,629.9169311523438,0.1305557142857143,0.133275909090909,0.141705,0.0027201948051947,0.0111492857142857,0,0.1598257142857142,0.1110457142857142,0.0487799999999999,0.0048799999999999,0.1690677599099234,0.1046073017745135,0.3227091633466135,0.0692758776564769,0.065255519222654,0.0653001950630602,1.0616094773547855,1.07,-0.7458691642352533,0.8163731231144595,-0.3130547314493115,0.0101771795912586,0.0330942630437853,-0.0028879900982092,1,15.979999542236328,18.770000457763672,2.924428113664898,22.6,17.150000000000002,real_post_mid,2.2600000000000002,2.6,316.39999999999986,0.010546666666666663
FE,2025-06-30,2025-07-30,1.0,40.26,42.75,3.8,-2.25,0.4865,0.53,0.46,11.0,0.5168,0.5066,0.5074,0.5049,0.0,0.0,1.0,6.0,3389257270.0,3532516000.0,3237413080.0,4.0,3165.58,3033.34,104.53,158.88,14.54,-72.05,7.05,21.82,0.0,26.02,23.2,1.85,1.41,42.0,42.0,42.0,2025-08-15,0.6000000000000001,1.1,1.7000000000000002,4.0476190476190474,0.95,0.475,1.425,43.47,1.4699999999999989,0.18073,0.28804,0.234385,0.185605,20.81191202508692,-0.05366,3507.0,174.0,0.0757180156657963,17.0,0.0,1,4.0476190476190474,2025-07-29,636.0,629.9169311523438,0.1305557142857143,0.133275909090909,0.141705,0.0027201948051947,0.0111492857142857,0,0.1598257142857142,0.1110457142857142,0.0487799999999999,0.0048799999999999,0.1690677599099234,0.1046073017745135,0.3227091633466135,0.0692758776564769,0.065255519222654,0.0653001950630602,1.0616094773547855,1.07,-0.7458691642352533,0.8163731231144595,-0.3130547314493115,0.0101771795912586,0.0330942630437853,-0.0028879900982092,1,15.979999542236328,18.770000457763672,2.924428113664898,1.7000000000000002,1.425,real_post_mid,0.17000000000000004,2.6,7.900000000000009,0.001880952380952383
EXR,2025-06-30,2025-07-30,0.0,147.44,148.28,1.29,0.71,1.1826,1.2358,1.13,6.0,1.1793,1.1793,1.168,1.1017,1.0,0.0,1.0,0.0,720269400.0,726912000.0,713335000.0,5.0,14961.5,14007.11,509.44,672.78,3.12,-74.84,24.23,26.73,3.23,1.0,15.75,-1.51,5.05,150.0,135.0,150.0,2025-08-15,5.55,3.525,9.075,6.05,0.35,15.0,15.35,137.05,12.949999999999989,0.33682,0.34658,0.3417,0.26853,21.413520632133455,-0.058535,37.0,4.0,0.703125,17.0,9.999999999999998,0,-3.9499999999999984,2025-07-29,636.0,629.9169311523438,0.1305557142857143,0.133275909090909,0.141705,0.0027201948051947,0.0111492857142857,0,0.1598257142857142,0.1110457142857142,0.0487799999999999,0.0048799999999999,0.1690677599099234,0.1046073017745135,0.3227091633466135,0.0692758776564769,0.065255519222654,0.0653001950630602,1.0616094773547855,1.07,-0.7458691642352533,0.8163731231144595,-0.3130547314493115,0.0101771795912586,0.0330942630437853,-0.0028879900982092,1,15.979999542236328,18.770000457763672,2.924428113664898,9.075,15.35,real_post_mid,0.9075,2.6,-720.85,-0.04805666666666667
NCLH,2025-06-30,2025-07-31,0.0,20.98,17.37,21.83,47.15,0.5151,0.5406,0.488,19.0,0.5133,0.5102,0.5091,0.4956,3.0,0.0,6.0,1.0,2557517410.0,2588000000.0,2528000000.0,15.0,-3566.32,-3810.77,91.14,155.83,-2.91,-77.56,8.42,-56.25,-73.08,-11.35,-7.99,2.03,-0.53,23.5,24.5,23.5,2025-08-01,0.79,1.11,1.9,8.085106382978724,1.03,0.01,1.04,24.5,1.0,1.20509,1.53679,1.37094,0.42462,69.02709090113352,-0.96095,876.0,478.0,0.3298800909295989,2.0,4.255319148936176,1,3.829787234042547,2025-07-30,639.0,629.1236572265625,0.12707,0.1310586363636363,0.1406592857142857,0.0039886363636363,0.0135892857142857,0,0.1417,0.12219,0.01951,0.0048749999999999,0.0986228599474555,0.0941424971854393,0.2948207171314741,0.0408396912650332,0.0648491300796026,0.0622208699203974,0.6297646740195635,1.29,0.7565332011284679,1.0574451677843406,-0.2587041109526384,0.0003942349687,0.0268836165054346,-0.004143684173762,1,15.479999542236328,18.350000381469727,2.7729995422363274,1.9000000000000001,1.04,real_post_mid,0.19000000000000003,2.6,64.4,0.02740425531914894
CMS,2025-06-30,2025-07-31,1.0,70.13,72.91,5.23,1.22,0.6806,0.72,0.65,13.0,0.6836,0.664,0.6647,0.6795,1.0,0.0,3.0,3.0,1703637420.0,1719530110.0,1680000000.0,4.0,4679.52,4615.39,26.67,82.79,12.45,-67.44,3.47,5.15,17.24,7.74,19.9,-0.31,1.26,70.0,75.0,70.0,2025-08-15,3.05,1.375,4.425,6.321428571428571,4.2,0.2249999999999999,4.425,72.3,2.299999999999997,0.27829,0.39536,0.336825,0.136825,59.378015289838935,-0.1658549999999999,1003.0,3.0,0.160377358490566,16.0,7.14285714285714,0,-0.8214285714285685,2025-07-30,639.0,629.1236572265625,0.12707,0.1310586363636363,0.1406592857142857,0.0039886363636363,0.0135892857142857,0,0.1417,0.12219,0.01951,0.0048749999999999,0.0986228599474555,0.0941424971854393,0.2948207171314741,0.0408396912650332,0.0648491300796026,0.0622208699203974,0.6297646740195635,1.29,0.7565332011284679,1.0574451677843406,-0.2587041109526384,0.0003942349687,0.0268836165054346,-0.004143684173762,1,15.479999542236328,18.350000381469727,2.7729995422363274,4.425,4.425,real_post_mid,0.4425,2.6,-46.85,-0.006692857142857143
AES,2025-06-30,2025-07-31,1.0,10.77,10.18,22.1,29.17,0.3955,0.52,0.32,8.0,0.4253,0.4741,0.4741,0.4577,0.0,0.0,0.0,2.0,3011734200.0,3245000000.0,2856119580.0,4.0,3812.26,3769.56,140.78,262.73,-5.15,-76.17,-3.58,-46.0,-50.0,-32.24,-33.39,-5.06,-5.26,13.0,13.0,13.0,2025-08-01,0.425,0.6,1.025,7.884615384615384,0.25,0.04,0.29,13.23,0.2300000000000004,0.98071,1.66362,1.322165,0.497795,62.350009265106856,-0.74145,916.0,75.0,0.3577535950252623,2.0,0.0,1,7.884615384615384,2025-07-30,639.0,629.1236572265625,0.12707,0.1310586363636363,0.1406592857142857,0.0039886363636363,0.0135892857142857,0,0.1417,0.12219,0.01951,0.0048749999999999,0.0986228599474555,0.0941424971854393,0.2948207171314741,0.0408396912650332,0.0648491300796026,0.0622208699203974,0.6297646740195635,1.29,0.7565332011284679,1.0574451677843406,-0.2587041109526384,0.0003942349687,0.0268836165054346,-0.004143684173762,1,15.479999542236328,18.350000381469727,2.7729995422363274,1.025,0.29,real_post_mid,0.1025,2.6,60.649999999999984,0.04665384615384614
BAX,2025-06-30,2025-07-31,0.0,31.23,30.71,-30.32,-29.14,0.609,0.64,0.59,12.0,0.6093,0.6085,0.6085,0.6113,1.0,0.0,1.0,0.0,2822667470.0,2864000000.0,2801000000.0,11.0,8048.16,8092.58,114.99,464.34,5.42,-75.32,-2.62,-15.38,-5.17,-22.62,-49.57,-5.79,-2.41,28.0,22.0,28.0,2025-08-01,0.6,0.675,1.275,4.553571428571428,0.1,6.15,6.25,21.96,6.039999999999999,0.01488,0.85388,0.43438,0.390475,10.107509553846857,-0.268285,75.0,72.0,1.3747667039940277,2.0,21.42857142857143,0,-16.875000000000004,2025-07-30,639.0,629.1236572265625,0.12707,0.1310586363636363,0.1406592857142857,0.0039886363636363,0.0135892857142857,0,0.1417,0.12219,0.01951,0.0048749999999999,0.0986228599474555,0.0941424971854393,0.2948207171314741,0.0408396912650332,0.0648491300796026,0.0622208699203974,0.6297646740195635,1.29,0.7565332011284679,1.0574451677843406,-0.2587041109526384,0.0003942349687,0.0268836165054346,-0.004143684173762,1,15.479999542236328,18.350000381469727,2.7729995422363274,1.275,6.25,real_post_mid,0.1275,2.6,-512.85,-0.1831607142857143
KMB,2025-06-30,2025-08-01,0.0,132.36,130.35,-1.3,0.22,1.6712,1.8,1.47,14.0,1.6662,1.6734,1.6695,1.6692,1.0,0.0,5.0,2.0,4611923000.0,4879175000.0,3969800000.0,7.0,7107.39,7360.58,-253.75,421.61,-6.0,-75.87,-2.7,-3.98,44.03,-5.52,-9.85,-1.3,-0.68,123.0,133.0,123.0,2025-08-01,3.1,3.075,6.175000000000001,5.020325203252033,,,,130.64,7.639999999999986,0.84413,1.48801,1.16607,0.20024,82.82778906926686,-0.936565,2.0,0.0,0.6739832149774048,1.0,8.130081300813007,0,-3.1097560975609744,2025-07-31,633.0,626.763671875,0.136825,0.1323886363636363,0.1458835714285714,-0.0044363636363636,0.0090585714285714,0,0.1626128571428571,0.11244,0.0501728571428571,0.0007014285714285,0.37501601537476,0.1234289390446577,0.4422310756972111,0.0487928004896567,0.0669650834664368,0.0698599165335631,0.7286304737320585,1.46,1.753994746899025,1.1681933927394608,-0.2309668985288198,-0.0036883986202657,0.0233626828498263,-0.0078793668024707,1,16.719999313354492,19.13999938964844,3.037499313354491,6.175000000000001,10.0,intrinsic_fallback,0.6175000000000002,2.6,-446.8499999999999,-0.03632926829268292
BEN,2025-06-30,2025-08-01,0.0,,,,,0.502,0.6162,0.45,8.0,0.4918,0.4859,0.4826,0.4794,2.0,0.0,5.0,2.0,2087000000.0,2087000000.0,2087000000.0,1.0,10750.56,10442.82,-336.96,679.64,-1.92,-6.23,7.82,-16.07,-27.69,-45.97,12.61,-0.04,0.89,24.0,25.0,24.0,2025-08-15,0.7749999999999999,1.35,2.125,8.854166666666668,1.325,0.125,1.45,25.33,1.3299999999999983,0.3856,0.70754,0.54657,0.29292,46.40759646522861,-0.27316,265.0,7.0,1.0404255319148936,15.0,4.166666666666674,1,4.687499999999994,2025-07-31,633.0,626.763671875,0.136825,0.1323886363636363,0.1458835714285714,-0.0044363636363636,0.0090585714285714,0,0.1626128571428571,0.11244,0.0501728571428571,0.0007014285714285,0.37501601537476,0.1234289390446577,0.4422310756972111,0.0487928004896567,0.0669650834664368,0.0698599165335631,0.7286304737320585,1.46,1.753994746899025,1.1681933927394608,-0.2309668985288198,-0.0036883986202657,0.0233626828498263,-0.0078793668024707,1,16.719999313354492,19.13999938964844,3.037499313354491,2.125,1.45,real_post_mid,0.21250000000000002,2.6,43.65,0.0181875
PLTR,2025-06-30,2025-08-04,1.0,134.36,108.86,19.57,47.58,0.1385,0.1556,0.13,20.0,0.1385,0.1384,0.1384,0.1316,11.0,0.0,11.0,2.0,939467320.0,959559610.0,924164000.0,19.0,1563.84,1551.03,37.33,55.6,39.34,-69.16,30.43,62.5,-7.14,104.51,117.66,-1.24,7.17,155.0,172.5,155.0,2025-08-08,9.025,9.65,18.674999999999997,12.048387096774192,18.525,0.29,18.815,186.96,31.960000000000008,1.08802,1.09778,1.0929,0.5855950000000001,46.418245036142366,-0.4536450000000001,3723.0,8456.0,0.6714290290546817,7.0,11.290322580645151,1,0.7580645161290409,2025-08-01,623.0,616.4907836914062,0.1647021428571428,0.15634,0.1608667857142857,-0.0083621428571428,-0.0038353571428571,1,0.2002399999999999,0.13195,0.0682899999999999,0.0013928571428571,1.0,0.2071216426312121,0.7529880478087649,0.1054295544840798,0.0893604329481314,0.0753417099090114,1.1798236759358105,1.26,0.3889387001905448,5.497443798379857,0.589742560640128,-0.0241405905887579,0.0020468349405993,-0.0241405905887579,1,20.3799991607666,21.239999771118164,3.909784875052317,18.675,18.815,real_post_mid,1.8675000000000002,2.6,-203.35000000000008,-0.013119354838709683
WAT,2025-06-30,2025-08-04,1.0,350.22,339.02,-18.45,-15.76,2.9384,3.1,2.88,15.0,2.9458,2.9458,2.9344,2.9254,1.0,0.0,3.0,0.0,748511250.0,770000000.0,740000000.0,15.0,15938.88,15486.13,89.08,259.76,3.9,-77.63,0.46,1.81,-45.12,9.34,13.37,-0.71,1.91,290.0,280.0,290.0,2025-08-15,12.25,12.4,24.65,8.5,2.55,11.95,14.5,291.55,1.5500000000000114,0.52218,0.56121,0.541695,0.31731,41.42275634812949,-0.131705,35.0,29.0,0.1743589743589743,14.0,3.4482758620689613,1,5.051724137931039,2025-08-01,623.0,616.4907836914062,0.1647021428571428,0.15634,0.1608667857142857,-0.0083621428571428,-0.0038353571428571,1,0.2002399999999999,0.13195,0.0682899999999999,0.0013928571428571,1.0,0.2071216426312121,0.7529880478087649,0.1054295544840798,0.0893604329481314,0.0753417099090114,1.1798236759358105,1.26,0.3889387001905448,5.497443798379857,0.589742560640128,-0.0241405905887579,0.0020468349405993,-0.0241405905887579,1,20.3799991607666,21.239999771118164,3.909784875052317,24.65,14.5,real_post_mid,2.465,2.6,765.8999999999999,0.026410344827586203
OKE,2025-06-30,2025-08-04,1.0,82.14,79.29,-2.81,0.68,1.3274,1.58,1.11,9.0,1.3671,1.2884,1.2949,1.2874,2.0,0.0,2.0,3.0,8328518020.0,8567369000.0,7939000000.0,3.0,3325.73,3749.29,-86.23,412.31,68.23,-62.83,30.89,-4.59,-33.76,22.06,18.61,-7.11,-6.56,80.0,75.0,80.0,2025-08-15,1.75,2.625,4.375,5.46875,0.3,4.449999999999999,4.749999999999999,73.93,6.069999999999993,0.34658,0.34658,0.34658,0.27341,21.11200877142363,-0.03903,2622.0,213.0,1.089629282027217,14.0,6.25,0,-0.78125,2025-08-01,623.0,616.4907836914062,0.1647021428571428,0.15634,0.1608667857142857,-0.0083621428571428,-0.0038353571428571,1,0.2002399999999999,0.13195,0.0682899999999999,0.0013928571428571,1.0,0.2071216426312121,0.7529880478087649,0.1054295544840798,0.0893604329481314,0.0753417099090114,1.1798236759358105,1.26,0.3889387001905448,5.497443798379857,0.589742560640128,-0.0241405905887579,0.0020468349405993,-0.0241405905887579,1,20.3799991607666,21.239999771118164,3.909784875052317,4.375,4.749999999999999,real_post_mid,0.4375,2.6,-83.84999999999991,-0.010481249999999989
IDXX,2025-06-30,2025-08-04,1.0,547.01,473.71,24.82,44.13,3.3009,3.35,3.26,9.0,3.3009,3.289,3.2679,3.2558,2.0,0.0,3.0,0.0,1067294080.0,1083100000.0,1057900000.0,8.0,19953.5,18778.31,850.82,335.49,3.56,-74.38,6.03,5.34,12.98,5.16,5.88,0.92,0.69,540.0,640.0,540.0,2025-08-15,20.9,22.5,43.4,8.037037037037036,103.1,,,650.84,110.84000000000005,0.54169,0.49292,0.517305,0.239265,53.7477890219503,-0.1853599999999999,16.0,99.0,1.4012096774193548,14.0,18.518518518518512,0,-10.481481481481476,2025-08-01,623.0,616.4907836914062,0.1647021428571428,0.15634,0.1608667857142857,-0.0083621428571428,-0.0038353571428571,1,0.2002399999999999,0.13195,0.0682899999999999,0.0013928571428571,1.0,0.2071216426312121,0.7529880478087649,0.1054295544840798,0.0893604329481314,0.0753417099090114,1.1798236759358105,1.26,0.3889387001905448,5.497443798379857,0.589742560640128,-0.0241405905887579,0.0020468349405993,-0.0241405905887579,1,20.3799991607666,21.239999771118164,3.909784875052317,43.4,100.0,intrinsic_fallback,4.34,2.6,-6096.6,-0.1129
AXON,2025-06-30,2025-08-04,1.0,795.48,601.67,-6.36,23.8,1.4619,1.88,1.23,15.0,1.4593,1.461,1.4287,1.3847,1.0,0.0,2.0,0.0,640966630.0,662000000.0,626000000.0,14.0,23340.03,21248.23,1389.22,581.02,31.26,-71.01,32.94,22.61,-32.21,-22.48,-147.96,4.35,-4.89,750.0,870.0,750.0,2025-08-15,42.95,47.2,90.15,12.02,120.1,1.6,121.7,754.24,4.240000000000009,0.79535,0.75632,0.775835,0.419745,45.897645762307704,-0.25853,122.0,23.0,1.2931354359925789,14.0,15.999999999999991,0,-3.9799999999999938,2025-08-01,623.0,616.4907836914062,0.1647021428571428,0.15634,0.1608667857142857,-0.0083621428571428,-0.0038353571428571,1,0.2002399999999999,0.13195,0.0682899999999999,0.0013928571428571,1.0,0.2071216426312121,0.7529880478087649,0.1054295544840798,0.0893604329481314,0.0753417099090114,1.1798236759358105,1.26,0.3889387001905448,5.497443798379857,0.589742560640128,-0.0241405905887579,0.0020468349405993,-0.0241405905887579,1,20.3799991607666,21.239999771118164,3.909784875052317,90.15,121.7,real_post_mid,9.015,2.6,-4059.1,-0.054121333333333334
STE,2025-06-30,2025-08-06,1.0,233.32,225.86,-5.19,-2.06,2.2638,2.33,2.18,8.0,2.265,2.265,2.2671,2.2883,1.0,0.0,0.0,2.0,1362714290.0,1369700000.0,1346552000.0,7.0,477.02,761.11,-19.46,229.62,5.61,0.0,6.63,13.78,-3.88,1.24,8.31,1.38,0.45,220.0,240.0,220.0,2025-08-15,9.9,6.4,16.3,7.40909090909091,16.200000000000003,0.2,16.400000000000002,245.56,25.56,0.52218,0.57096,0.54657,0.13195,75.85853596062718,-0.27316,39.0,1.0,1.6,10.0,9.090909090909085,0,-1.6818181818181728,2025-08-05,629.0,622.688232421875,0.1423971428571428,0.14658,0.15634,0.0041828571428571,0.0139428571428571,0,0.1793357142857143,0.12219,0.0571457142857143,0.0083657142857142,0.4753263773375676,0.1401576153969871,0.5258964143426295,0.1802274165966227,0.0980679324673956,0.0443292103897472,1.8377813426069984,1.23,0.0456670564106846,0.6892105654717244,-0.3381211577009113,-0.0114756380928591,0.0117452055492786,-0.0143304866618855,1,17.850000381469727,20.030000686645508,3.6102860957554417,16.3,16.400000000000002,real_post_mid,1.6300000000000001,2.6,-175.60000000000014,-0.007981818181818189
VTRS,2025-06-30,2025-08-07,1.0,9.26,8.77,1.4,7.07,0.5558,0.5801,0.5288,5.0,0.5538,0.5538,0.5522,0.5533,1.0,0.0,1.0,0.0,3455485330.0,3546000000.0,3398000000.0,6.0,3700.8,3644.3,54.18,160.57,-11.17,-77.92,-5.23,-25.37,-7.41,-324.06,-1513.54,-5.37,-94.14,9.0,10.0,9.0,2025-08-15,0.3,0.525,0.825,9.166666666666666,0.75,0.05,0.8,10.61,1.6099999999999994,0.73681,0.7173,0.727055,0.08805,87.88949941888853,-0.28292,2047.0,951.0,0.2848857045377004,9.0,11.111111111111116,0,-1.94444444444445,2025-08-06,633.0,627.4578247070312,0.13195,0.138260294117647,0.1475095238095237,0.006310294117647,0.0155595238095237,0,0.17097,0.11244,0.05853,0.0097549999999999,0.2295814641194957,0.1087932236101431,0.3625498007968127,0.194010277887833,0.1009576033015045,0.0309923966984954,1.9217005113367405,1.35,0.7466220669268334,0.8596506467403161,-0.4007149031012654,-0.002647861831925,0.0200535494255602,-0.0067805741025197,1,16.770000457763672,19.469999313354492,3.5750004577636716,0.825,0.8,real_post_mid,0.0825,2.6,-8.350000000000009,-0.009277777777777788
LNT,2025-06-30,2025-08-07,1.0,61.26,61.76,7.93,7.06,0.6415,0.687,0.6,8.0,0.6415,0.6466,0.6493,0.6778,2.0,0.0,2.0,1.0,916930020.0,985154360.0,848705670.0,2.0,5336.8,4800.48,224.21,148.54,9.41,-71.67,0.53,33.87,18.57,11.71,15.77,1.28,1.25,65.0,65.0,65.0,2025-08-15,1.1,0.7749999999999999,1.875,2.8846153846153846,1.175,0.425,1.6,64.62,0.3799999999999954,0.1417,0.27829,0.209995,0.209995,0.0,0.009755,559.0,0.0,1.0,9.0,0.0,1,2.8846153846153846,2025-08-06,633.0,627.4578247070312,0.13195,0.138260294117647,0.1475095238095237,0.006310294117647,0.0155595238095237,0,0.17097,0.11244,0.05853,0.0097549999999999,0.2295814641194957,0.1087932236101431,0.3625498007968127,0.194010277887833,0.1009576033015045,0.0309923966984954,1.9217005113367405,1.35,0.7466220669268334,0.8596506467403161,-0.4007149031012654,-0.002647861831925,0.0200535494255602,-0.0067805741025197,1,16.770000457763672,19.469999313354492,3.5750004577636716,1.875,1.6,real_post_mid,0.1875,2.6,6.1499999999999915,0.0009461538461538448
EPAM,2025-06-30,2025-08-07,1.0,183.31,177.1,-13.95,-10.93,2.6122,2.66,2.58,15.0,2.6058,2.6043,2.6034,2.4769,2.0,0.0,3.0,1.0,1333357170.0,1341085000.0,1324320000.0,14.0,18526.86,17589.25,336.03,359.21,11.69,-72.47,2.02,-2.03,-15.14,-1.0,-10.13,-1.55,-1.85,150.0,160.0,150.0,2025-08-15,8.899999999999999,9.0,17.9,11.933333333333332,10.45,1.025,11.475,157.71,7.710000000000008,0.86364,1.02949,0.946565,0.370965,60.80934748274023,-0.439015,20.0,46.0,0.2418952618453865,9.0,6.666666666666665,1,5.266666666666667,2025-08-06,633.0,627.4578247070312,0.13195,0.138260294117647,0.1475095238095237,0.006310294117647,0.0155595238095237,0,0.17097,0.11244,0.05853,0.0097549999999999,0.2295814641194957,0.1087932236101431,0.3625498007968127,0.194010277887833,0.1009576033015045,0.0309923966984954,1.9217005113367405,1.35,0.7466220669268334,0.8596506467403161,-0.4007149031012654,-0.002647861831925,0.0200535494255602,-0.0067805741025197,1,16.770000457763672,19.469999313354492,3.5750004577636716,17.9,11.475,real_post_mid,1.79,2.6,460.89999999999986,0.03072666666666666
DE,2025-07-31,2025-08-14,1.0,503.47,531.48,-4.89,-9.9,4.5859,5.6,3.7847,16.0,4.653,4.6219,4.6178,5.3113,3.0,0.0,4.0,0.0,10327149840.0,10694000000.0,9789390000.0,9.0,16780.48,15908.82,1003.23,2290.83,-16.48,51.6,-20.63,-22.16,108.15,-17.91,-22.4,0.31,-1.75,512.5,490.0,512.5,2025-08-15,14.025,13.175,27.200000000000003,5.307317073170732,0.01,23.525,23.535,488.8,23.69999999999999,0.88315,0.91242,0.897785,0.21975,75.52309294541566,-0.5707200000000001,113.0,129.0,1.534719198955159,2.0,4.390243902439028,1,0.9170731707317036,2025-08-13,645.0,639.4659423828125,0.11244,0.1290773529411764,0.1370573809523809,0.0166373529411764,0.0246173809523809,0,0.1417,0.10268,0.03902,0.0097499999999999,0.0,0.0502203398917064,0.1115537848605577,0.0858177802511765,0.1051197068275147,0.0073202931724852,0.8163814649139985,1.0,-1.3654272054435452,1.350375748468979,0.0423890565243091,0.0191377287890035,0.0365673339230656,0.0,1,14.489999771118164,18.329999923706055,3.2459997711181643,27.200000000000003,23.535,real_post_mid,2.7200000000000006,2.6,91.9000000000002,0.001793170731707321
KEYS,2025-07-31,2025-08-19,0.0,162.45,162.47,0.63,0.62,1.6719,1.69,1.65,9.0,1.6717,1.672,1.6722,1.691,0.0,0.0,0.0,1.0,1318184560.0,1325121030.0,1315000000.0,9.0,3303.2,5034.27,-1444.14,1044.7,7.4,0.62,-0.93,20.57,75.26,53.96,16.95,-0.42,1.29,165.0,160.0,165.0,2025-09-19,7.25,7.2,14.45,8.757575757575758,2.125,7.9,10.025,178.15,13.150000000000006,0.37584,0.37584,0.37584,0.229505,38.93545125585355,-0.048775,267.0,69.0,0.9897810218978104,32.0,3.0303030303030276,1,5.72727272727273,2025-08-18,647.0,637.8893432617188,0.1159221428571428,0.1319449999999999,0.1393811904761905,0.0160228571428571,0.0234590476190476,0,0.1486714285714286,0.10268,0.0459914285714286,0.0097535714285714,0.0666283980483006,0.0606744223449311,0.147410358565737,0.0804540635175924,0.1044539670268181,0.0114681758303247,0.7702346383544836,0.97,-1.36077252703364,1.2223575236752138,-0.0361683861213691,0.0116053372277842,0.0250486769634676,-0.002558316317498,1,14.989999771118164,18.450000762939453,3.397785485403878,14.45,10.025,real_post_mid,1.445,2.6,295.39999999999986,0.017903030303030296
NDSN,2025-07-31,2025-08-20,1.0,214.3,195.84,-0.36,9.03,2.6366,2.69,2.57,10.0,2.6366,2.6366,2.6376,2.5757,0.0,0.0,0.0,1.0,723569000.0,733800000.0,709000000.0,10.0,3532.38,3516.79,154.15,264.74,4.96,10.97,1.42,3.42,17.48,0.4,0.08,-1.48,-1.21,220.0,220.0,220.0,2025-09-19,6.05,8.45,14.5,6.59090909090909,6.35,5.550000000000001,11.9,225.08,5.0800000000000125,0.26853,0.2978,0.283165,0.23926,15.505094203026504,-0.014635,152.0,108.0,0.1541850220264317,31.0,0.0,1,6.59090909090909,2025-08-19,643.0,634.4286499023438,0.1263728571428571,0.1322935714285714,0.1407754761904762,0.0059207142857142,0.014402619047619,0,0.1598257142857142,0.10268,0.0571457142857142,0.0048799999999999,0.2665955963754153,0.0920495362676245,0.2749003984063745,0.0519194458300157,0.1068819938655719,0.0194908632772851,0.4857641961219026,1.03,-0.9565643296245206,1.35622149817767,0.0630240660056262,-0.0044811607172615,0.0175580886413386,-0.0079696621058342,1,15.56999969482422,18.899999618530273,2.9327139805385034,14.5,11.9,real_post_mid,1.4500000000000002,2.6,112.39999999999995,0.005109090909090907
A,2025-07-31,2025-08-27,1.0,119.54,113.28,-0.71,4.78,1.3677,1.39,1.3558,16.0,1.3669,1.3669,1.3653,1.3956,1.0,0.0,2.0,0.0,1665986310.0,1675000000.0,1659000000.0,13.0,5786.9,5721.7,77.97,168.6,6.04,-0.77,0.49,7.38,0.0,-16.97,-17.36,-2.5,-5.09,120.0,125.0,120.0,2025-09-19,3.75,5.15,8.9,7.416666666666667,6.7,1.2999999999999998,8.0,126.32,6.319999999999993,0.36609,0.36609,0.36609,0.26365,27.98219017181568,-0.0439,968.0,61.0,0.3004418262150221,24.0,4.166666666666674,1,3.249999999999993,2025-08-26,649.0,639.733642578125,0.1124357142857142,0.1249807142857142,0.136825,0.012545,0.0243892857142857,0,0.1500657142857143,0.0943142857142857,0.0557514285714285,0.0097542857142857,1.3666056249728771e-05,0.050207473328687,0.1075697211155378,0.1324696852767233,0.1185777799884574,-0.0061420657027431,1.1171543714987586,1.07,-0.8185506636225119,0.8249207921001592,-0.5256140493427826,0.0083618428590792,0.0129053824015474,-0.0002324531495303,1,14.619999885559082,17.899999618530273,3.3764284569876537,8.9,8.0,real_post_mid,0.8900000000000001,2.6,-1.599999999999977,-0.00013333333333333142
COO,2025-07-31,2025-08-27,1.0,72.91,79.96,1.64,-7.32,1.0676,1.09,1.04,15.0,1.068,1.0679,1.068,1.05,1.0,0.0,1.0,1.0,1063389680.0,1072744000.0,1054000000.0,14.0,2239.79,2249.61,65.01,140.29,6.33,3.9,5.9,12.94,4.35,1.59,14.29,0.79,1.29,75.0,65.0,75.0,2025-09-19,2.825,3.375,6.2,8.266666666666666,0.15,10.45,10.6,68.17,6.829999999999998,0.44414,0.36609,0.405115,0.283165,30.10256346963208,-0.068295,181.0,70.0,2.606741573033708,24.0,13.33333333333333,0,-5.066666666666665,2025-08-26,649.0,639.733642578125,0.1124357142857142,0.1249807142857142,0.136825,0.012545,0.0243892857142857,0,0.1500657142857143,0.0943142857142857,0.0557514285714285,0.0097542857142857,1.3666056249728771e-05,0.050207473328687,0.1075697211155378,0.1324696852767233,0.1185777799884574,-0.0061420657027431,1.1171543714987586,1.07,-0.8185506636225119,0.8249207921001592,-0.5256140493427826,0.0083618428590792,0.0129053824015474,-0.0002324531495303,1,14.619999885559082,17.899999618530273,3.3764284569876537,6.2,10.6,real_post_mid,0.6200000000000001,2.6,-504.59999999999997,-0.06727999999999999
SJM,2025-07-31,2025-08-27,0.0,108.7,112.47,-2.79,-6.05,1.9263,2.08,1.82,14.0,1.8813,1.8999,1.9039,2.3851,5.0,0.0,9.0,0.0,2114005350.0,2153000000.0,2069000000.0,11.0,10854.26,10575.59,-125.11,772.62,-1.94,,10.2,5.24,15.49,-206.33,-299.73,3.25,-40.51,110.0,105.0,110.0,2025-09-19,3.85,3.25,7.1,6.454545454545454,0.925,4.05,4.975,108.78,1.2199999999999989,0.2978,0.32707,0.312435,0.2197549999999999,29.663770064173363,-0.08293,1348.0,240.0,0.5837170364169109,24.0,4.545454545454541,1,1.9090909090909127,2025-08-26,649.0,639.733642578125,0.1124357142857142,0.1249807142857142,0.136825,0.012545,0.0243892857142857,0,0.1500657142857143,0.0943142857142857,0.0557514285714285,0.0097542857142857,1.3666056249728771e-05,0.050207473328687,0.1075697211155378,0.1324696852767233,0.1185777799884574,-0.0061420657027431,1.1171543714987586,1.07,-0.8185506636225119,0.8249207921001592,-0.5256140493427826,0.0083618428590792,0.0129053824015474,-0.0002324531495303,1,14.619999885559082,17.899999618530273,3.3764284569876537,7.1,4.975,real_post_mid,0.71,2.6,138.9,0.012627272727272728
WSM,2025-07-31,2025-08-27,1.0,188.23,164.51,2.09,16.81,1.8102,1.9591,1.68,19.0,1.7852,1.7809,1.7777,1.7762,2.0,0.0,7.0,0.0,1827979890.0,1852210000.0,1793453000.0,17.0,15578.11,18396.46,-1209.17,1715.34,4.2,,-1.07,-61.67,-77.06,-7.21,-8.32,-3.63,-2.3,200.0,190.0,200.0,2025-09-19,9.9,11.6,21.5,10.75,2.175,13.95,16.125,198.25,1.75,0.52218,0.53194,0.52706,0.3417,35.16867149850111,-0.053655,285.0,1251.0,1.4471926787039326,24.0,5.000000000000004,1,5.749999999999996,2025-08-26,649.0,639.733642578125,0.1124357142857142,0.1249807142857142,0.136825,0.012545,0.0243892857142857,0,0.1500657142857143,0.0943142857142857,0.0557514285714285,0.0097542857142857,1.3666056249728771e-05,0.050207473328687,0.1075697211155378,0.1324696852767233,0.1185777799884574,-0.0061420657027431,1.1171543714987586,1.07,-0.8185506636225119,0.8249207921001592,-0.5256140493427826,0.0083618428590792,0.0129053824015474,-0.0002324531495303,1,14.619999885559082,17.899999618530273,3.3764284569876537,21.5,16.125,real_post_mid,2.15,2.6,319.9,0.015995
DELL,2025-07-31,2025-08-28,1.0,133.51,111.27,0.4,20.47,2.294,2.42,2.22,20.0,2.2903,2.2825,2.2732,2.0948,1.0,0.0,3.0,2.0,29192374520.0,29547835000.0,28998000000.0,18.0,27797.06,27699.36,65.29,326.38,5.1,,7.92,22.05,-14.84,24.61,20.73,-0.69,0.64,132.0,122.0,132.0,2025-08-29,5.825,5.325,11.15,8.446969696969697,0.01,10.325,10.335,122.15,9.849999999999994,1.41972,1.42948,1.4246,0.322185,77.38417801488137,-0.9512,1121.0,304.0,2.3784281244248113,2.0,7.57575757575758,1,0.8712121212121176,2025-08-27,650.0,641.1912841796875,0.112435,0.1284628571428571,0.1319449999999999,0.0160278571428571,0.0195099999999999,0,0.15146,0.09292,0.05854,0.009755,2.6551648032006223e-16,0.0502053289015171,0.1075697211155378,0.1268291181321562,0.1181012116433455,-0.0056662116433455,1.0739019216430068,1.12,-0.4764041479038339,0.8996669776267984,-0.4695610307100117,0.0133519696417236,0.0178981584233954,0.0,1,14.850000381469728,17.940000534057617,3.6065003814697274,11.15,10.335,real_post_mid,1.115,2.6,-32.60000000000005,-0.0024696969696969737
BBY,2025-07-31,2025-08-28,1.0,66.44,66.28,9.36,9.63,1.2248,1.35,1.16,20.0,1.2242,1.2218,1.2218,1.3026,3.0,0.0,3.0,1.0,9232136850.0,9467000000.0,9155300000.0,18.0,5790.05,5782.9,46.37,107.43,-0.9,,-2.43,-4.17,-55.43,-19.96,0.31,0.04,0.04,75.0,74.0,75.0,2025-08-29,3.375,2.9,6.275,8.366666666666667,0.01,1.34,1.35,73.64,1.3599999999999994,1.40997,1.40997,1.40997,0.28804,79.57119655028121,-1.00486,857.0,1282.0,1.3727908689248896,2.0,1.3333333333333308,1,7.033333333333337,2025-08-27,650.0,641.1912841796875,0.112435,0.1284628571428571,0.1319449999999999,0.0160278571428571,0.0195099999999999,0,0.15146,0.09292,0.05854,0.009755,2.6551648032006223e-16,0.0502053289015171,0.1075697211155378,0.1268291181321562,0.1181012116433455,-0.0056662116433455,1.0739019216430068,1.12,-0.4764041479038339,0.8996669776267984,-0.4695610307100117,0.0133519696417236,0.0178981584233954,0.0,1,14.850000381469728,17.940000534057617,3.6065003814697274,6.275,1.35,real_post_mid,0.6275000000000001,2.6,427.15000000000003,0.056953333333333335
LEN,2025-08-31,2025-09-18,0.0,134.25,106.42,-1.03,24.85,2.0947,2.15,2.01,11.0,2.0824,2.0824,2.0824,2.7835,1.0,0.0,1.0,0.0,9048120430.0,9328000000.0,8867000000.0,11.0,3215.2,3759.3,393.17,2000.04,-4.43,9.77,2.49,-44.93,-14.23,-46.14,-47.63,-6.32,-6.39,133.0,128.0,133.0,2025-09-19,4.199999999999999,4.4,8.6,6.466165413533834,0.04,5.3,5.34,127.32,5.680000000000007,1.06851,1.11729,1.0929,0.3417,68.734559429042,-0.668275,206.0,111.0,0.6407478223921819,2.0,3.759398496240607,1,2.706766917293227,2025-09-17,658.0,653.6357421875,0.12707,0.1356630952380952,0.1410078571428571,0.0085930952380952,0.0139378571428571,0,0.15146,0.10268,0.04878,0.0,0.6190941038656781,0.0941424971854393,0.3466135458167331,0.0699384674721272,0.0890452748397447,0.0380247251602552,0.78542592628296,1.2,0.0165991240941256,1.2277373913980345,-0.58029133859027,0.0106867427990289,0.0246851575310307,-0.0026176103916133,1,15.720000267028809,18.440000534057617,3.013000267028808,8.6,5.34,real_post_mid,0.86,2.6,237.4,0.017849624060150376
LW,2025-08-31,2025-09-30,1.0,57.53,52.76,0.96,10.08,0.5335,0.63,0.438,8.0,0.531,0.538,0.523,0.7773,1.0,0.0,2.0,1.0,1615749940.0,1635279100.0,1599000000.0,7.0,1364.0,925.89,612.8,767.46,4.27,,-1.65,-8.33,-55.47,15.73,10.78,-0.54,1.03,55.0,62.5,55.0,2025-10-17,4.0,2.7,6.7,12.181818181818183,7.25,0.125,7.375,65.01,10.010000000000003,0.73681,0.6295,0.683155,0.31243,54.26660128374966,-0.2439,399.0,237.0,1.5838786436644854,18.0,13.636363636363647,0,-1.454545454545464,2025-09-29,666.0,659.9224243164062,0.1291614285714286,0.1417,0.14658,0.0125385714285713,0.0174185714285713,0,0.1584314285714285,0.11244,0.0459914285714285,0.0062742857142857,0.7203474870265785,0.1004213799388838,0.3625498007968127,0.0783062028006041,0.0759494725704496,0.053211956000979,1.0310302382675334,1.18,-0.1003943209285036,2.16190169345261,0.6597514402954284,-0.0047387392578681,0.025580977989813,-0.0047387392578681,1,16.1200008392334,18.760000228881836,3.2038579820905397,6.7,7.375,real_post_mid,0.67,2.6,-137.09999999999997,-0.02492727272727272
PAYX,2025-08-31,2025-09-30,1.0,139.46,145.96,-9.1,-13.15,1.2029,1.22,1.1628,12.0,1.2042,1.2064,1.215,1.2257,1.0,0.0,1.0,4.0,1537436120.0,1545100000.0,1532341180.0,10.0,1501.09,1546.54,-14.85,74.47,4.84,,4.05,7.97,46.08,8.19,6.46,0.72,0.69,130.0,125.0,130.0,2025-10-17,3.95,3.925,7.875,6.0576923076923075,0.675,6.449999999999999,7.124999999999999,126.56,3.4399999999999977,0.39536,0.28804,0.3417,0.23926,29.979514193737195,-0.0438999999999999,2357.0,694.0,1.7583497053045187,18.0,3.846153846153843,1,2.211538461538464,2025-09-29,666.0,659.9224243164062,0.1291614285714286,0.1417,0.14658,0.0125385714285713,0.0174185714285713,0,0.1584314285714285,0.11244,0.0459914285714285,0.0062742857142857,0.7203474870265785,0.1004213799388838,0.3625498007968127,0.0783062028006041,0.0759494725704496,0.053211956000979,1.0310302382675334,1.18,-0.1003943209285036,2.16190169345261,0.6597514402954284,-0.0047387392578681,0.025580977989813,-0.0047387392578681,1,16.1200008392334,18.760000228881836,3.2038579820905397,7.875,7.124999999999999,real_post_mid,0.7875000000000001,2.6,-6.34999999999992,-0.0004884615384615322
MKC,2025-08-31,2025-10-07,1.0,70.91,72.21,-7.46,-9.13,0.8161,0.85,0.79,9.0,0.8168,0.8227,0.8218,0.8218,0.0,0.0,0.0,3.0,1711981360.0,1732000000.0,1694483600.0,8.0,-18068.32,-17728.26,36.03,407.5,0.99,3.36,0.29,0.0,15.0,4.79,4.29,-0.18,0.47,70.0,65.0,70.0,2025-10-17,1.275,3.15,4.425,6.321428571428571,0.075,4.6,4.675,67.54,2.4599999999999937,0.41487,0.4734,0.444135,0.278285,37.34224954124309,-0.15609,2019.0,1386.0,0.9784675615212528,11.0,7.14285714285714,0,-0.8214285714285685,2025-10-06,674.0,667.8074951171875,0.13195,0.1433266666666666,0.14658,0.0113766666666666,0.0146299999999999,0,0.16122,0.1194042857142857,0.0418157142857142,0.0083621428571428,0.8322773015281405,0.1087932236101431,0.4342629482071713,0.0270711948978698,0.0566692007382741,0.0752807992617258,0.4777056063115788,1.27,-0.0116405049294937,0.8474400722520876,-1.6642541543107945,0.0119484813824126,0.0405290937764588,0.0,1,16.3700008392334,19.1200008392334,3.175000839233398,4.425,4.675,real_post_mid,0.4425,2.6,-71.85,-0.010264285714285714
DAL,2025-09-30,2025-10-09,1.0,60.68,56.65,-1.83,5.15,1.5197,1.67,1.3971,17.0,1.5222,1.4987,1.4845,1.3574,3.0,0.0,7.0,1.0,15964285710.0,16288000000.0,14886000000.0,7.0,4168.8,3766.14,299.47,135.56,-0.06,18.58,3.91,-11.02,356.52,29.72,-7.28,-0.47,-0.98,57.0,57.5,57.0,2025-10-10,2.065,1.895,3.96,6.947368421052631,0.47,0.01,0.48,57.48,0.4799999999999969,1.18558,1.16607,1.175825,0.48804,58.49382348563774,-0.6829100000000001,2168.0,3561.0,0.9397963934981376,2.0,0.8771929824561431,1,6.070175438596488,2025-10-08,675.0,669.2990112304688,0.13195,0.1410057142857143,0.14658,0.0090557142857142,0.0146299999999999,0,0.16122,0.11244,0.04878,0.0048799999999999,0.8096446700507619,0.1087932236101431,0.4382470119521912,0.0581273803796887,0.0616800228957631,0.0702699771042369,0.9424020558150868,1.47,0.8422567697397837,1.3176874674904695,-0.2829219308110609,0.0069712436657927,0.0378978947202037,0.0,1,16.299999237060547,19.260000228881836,3.1049992370605466,3.96,0.48,real_post_mid,0.396,2.6,305.8,0.053649122807017544
ABT,2025-09-30,2025-10-15,1.0,131.33,120.51,-1.43,7.42,1.2994,1.33,1.28,24.0,1.2994,1.2995,1.299,1.3376,1.0,0.0,2.0,2.0,11393152630.0,11503000000.0,11221000000.0,24.0,7370.69,7321.21,21.88,17.18,7.37,7.57,4.95,10.53,15.6,18.14,21.71,5.32,2.17,131.0,127.0,131.0,2025-10-17,3.48,3.135,6.615,5.049618320610687,0.1,3.97,4.069999999999999,128.54,2.460000000000008,0.44414,0.87339,0.658765,0.322185,51.09257474213111,-0.40487,67.0,69.0,0.9023650156180276,3.0,3.053435114503822,1,1.9961832061068652,2025-10-14,663.0,658.4805908203125,0.166095,0.166095,0.164875,0.0,-0.0012199999999999,1,0.21,0.13195,0.0780499999999999,0.0048799999999999,0.83530901416943,0.211303275612502,0.796812749003984,0.2518072718788527,0.1257073875139788,0.0403876124860211,2.003122305368501,1.24,-0.1595193673866226,1.0010414971244006,-0.3354244241280879,-0.0102971407676487,0.0047751412509358,-0.016163807548837,1,20.809999465942383,22.030000686645508,4.200499465942382,6.615,4.069999999999999,real_post_mid,0.6615000000000001,2.6,185.75000000000006,0.014179389312977103
TRV,2025-09-30,2025-10-16,1.0,271.95,265.97,-3.82,-1.65,6.3023,7.92,5.21,20.0,5.826,5.571,5.5447,5.1904,11.0,0.0,11.0,0.0,11145142860.0,11367000000.0,11081000000.0,7.0,32503.52,20370.58,5249.06,2052.93,7.38,2.59,10.39,159.36,240.84,129.06,186.74,9.31,9.71,270.0,260.0,270.0,2025-10-17,6.300000000000001,6.65,12.95,4.796296296296297,0.03,7.4,7.430000000000001,262.01,7.990000000000009,0.82461,0.8051,0.814855,0.22463,72.43313227506735,-0.521935,254.0,375.0,0.7482915717539863,2.0,3.703703703703709,1,1.0925925925925877,2025-10-15,666.0,661.4039916992188,0.166095,0.1686485714285714,0.166095,0.0025535714285714,0.0,0,0.21,0.13195,0.0780499999999999,0.0048799999999999,0.83530901416943,0.211303275612502,0.796812749003984,0.2489820028222339,0.1263813308649005,0.0397136691350994,1.970085305466449,1.13,-0.7181305716029607,1.441081853276747,-0.2538320821261305,-0.0117959527786175,0.0106274755210775,-0.0117959527786175,1,20.63999938964844,21.940000534057617,4.030499389648437,12.950000000000001,7.430000000000001,real_post_mid,1.2950000000000002,2.6,419.90000000000003,0.015551851851851853
SNA,2025-09-30,2025-10-16,1.0,334.01,336.71,3.04,2.22,4.645,4.81,4.5,8.0,4.645,4.6425,4.6243,4.58,1.0,0.0,2.0,0.0,1159553810.0,1175400000.0,1145203000.0,9.0,24880.16,25455.1,167.04,930.37,0.09,3.05,1.72,-6.9,4.66,-7.06,-6.62,-0.34,-1.83,330.0,340.0,330.0,2025-10-17,11.25,8.9,20.15,6.1060606060606055,9.95,0.05,10.0,339.75,9.75,1.00998,1.03924,1.02461,0.20024,80.45695435336371,-0.712175,12.0,29.0,0.8621212121212121,2.0,3.0303030303030276,1,3.075757575757578,2025-10-15,666.0,661.4039916992188,0.166095,0.1686485714285714,0.166095,0.0025535714285714,0.0,0,0.21,0.13195,0.0780499999999999,0.0048799999999999,0.83530901416943,0.211303275612502,0.796812749003984,0.2489820028222339,0.1263813308649005,0.0397136691350994,1.970085305466449,1.13,-0.7181305716029607,1.441081853276747,-0.2538320821261305,-0.0117959527786175,0.0106274755210775,-0.0117959527786175,1,20.63999938964844,21.940000534057617,4.030499389648437,20.15,10.0,real_post_mid,2.015,2.6,810.8999999999997,0.024572727272727263
RF,2025-09-30,2025-10-17,1.0,26.93,26.01,-12.44,-9.34,0.5987,0.65,0.57,21.0,0.5978,0.5956,0.5939,0.5758,2.0,0.0,7.0,5.0,1934062960.0,1951800000.0,1924943540.0,9.0,3151.95,2968.96,84.42,9.32,5.33,4.97,2.68,11.11,11.11,8.86,12.96,2.6,1.96,23.0,24.0,23.0,2025-10-17,0.75,0.425,1.175,5.108695652173913,,,,23.58,0.5799999999999983,1.14656,1.19534,1.17095,0.27341,76.6505828600709,-0.721935,0.0,70.0,1.7949595519601742,1.0,4.347826086956519,1,0.7608695652173942,2025-10-16,660.0,656.899658203125,0.20024,0.190485,0.185605,-0.009755,-0.014635,1,0.2504128571428571,0.15146,0.0989528571428571,0.0006964285714285,1.0,0.3138133276148609,0.8884462151394422,0.2510637347975658,0.1288150659639742,0.0714249340360258,1.9490246185006104,1.18,-1.0807661891248863,1.3426154031552566,-0.2715079109818845,-0.015674279933642,0.0049934784849765,-0.0185258797925731,1,25.309999465942383,24.8700008392334,5.285999465942378,1.175,1.0,intrinsic_fallback,0.11750000000000001,2.6,3.1500000000000035,0.0013695652173913058
STT,2025-09-30,2025-10-17,1.0,111.7,108.51,-0.3,2.64,2.6481,2.82,2.53,13.0,2.6209,2.5792,2.5542,2.5511,4.0,0.0,7.0,1.0,3466168160.0,3521000000.0,3422599000.0,10.0,20624.48,19947.87,323.52,154.71,5.87,5.13,15.66,17.67,24.02,-6.24,-2.52,0.88,-1.32,115.0,115.0,115.0,2025-10-17,1.475,3.45,4.925000000000001,4.282608695652175,,,,111.37,3.629999999999995,0.99046,0.9612,0.97583,0.283165,70.98213828228278,-0.624375,557.0,382.0,1.4229415904292753,1.0,0.0,1,4.282608695652175,2025-10-16,660.0,656.899658203125,0.20024,0.190485,0.185605,-0.009755,-0.014635,1,0.2504128571428571,0.15146,0.0989528571428571,0.0006964285714285,1.0,0.3138133276148609,0.8884462151394422,0.2510637347975658,0.1288150659639742,0.0714249340360258,1.9490246185006104,1.18,-1.0807661891248863,1.3426154031552566,-0.2715079109818845,-0.015674279933642,0.0049934784849765,-0.0185258797925731,1,25.309999465942383,24.8700008392334,5.285999465942378,4.925000000000001,0.0,intrinsic_fallback,0.4925000000000001,2.6,440.6500000000001,0.03831739130434783
TFC,2025-09-30,2025-10-17,1.0,45.38,44.25,-6.13,-3.73,0.9931,1.02,0.96,16.0,0.9892,0.9869,0.9902,0.9981,2.0,0.0,4.0,3.0,5197841820.0,5228929030.0,5180000000.0,10.0,11968.37,11970.9,48.78,86.08,563.21,2.36,1.6,0.0,4.6,134.57,128.93,247.09,479.2,41.0,43.0,41.0,2025-10-17,0.89,0.845,1.735,4.2317073170731705,,,,42.6,1.6000000000000014,0.98071,1.03924,1.0099749999999998,0.2978,70.51412163667416,-0.5999849999999999,31.0,311.0,1.9052301707369783,1.0,4.878048780487809,0,-0.6463414634146387,2025-10-16,660.0,656.899658203125,0.20024,0.190485,0.185605,-0.009755,-0.014635,1,0.2504128571428571,0.15146,0.0989528571428571,0.0006964285714285,1.0,0.3138133276148609,0.8884462151394422,0.2510637347975658,0.1288150659639742,0.0714249340360258,1.9490246185006104,1.18,-1.0807661891248863,1.3426154031552566,-0.2715079109818845,-0.015674279933642,0.0049934784849765,-0.0185258797925731,1,25.309999465942383,24.8700008392334,5.285999465942378,1.7349999999999999,2.0,intrinsic_fallback,0.1735,2.6,-46.45000000000001,-0.01132926829268293
WRB,2025-09-30,2025-10-20,0.0,73.39,68.54,0.12,7.21,1.1028,1.17,1.04,15.0,1.0955,1.0495,1.0473,1.066,5.0,0.0,6.0,1.0,3152988000.0,3173100000.0,3146000000.0,4.0,-4537.12,-4799.71,27.75,202.25,10.77,3.48,11.56,0.96,3.96,18.58,7.01,-2.65,-0.5,75.0,75.0,75.0,2025-11-21,2.175,2.675,4.85,6.466666666666667,2.15,1.7000000000000002,3.85,78.1,3.0999999999999943,0.26853,0.24902,0.258775,0.2197549999999999,15.078736353975462,-0.0195149999999999,129.0,5.0,0.0950226244343891,35.0,0.0,1,6.466666666666667,2025-10-17,666.0,660.62841796875,0.166095,0.1702735714285714,0.166095,0.0041785714285714,0.0,0,0.2002399999999999,0.1417,0.0585399999999999,0.0048749999999999,0.5916751373098373,0.211303275612502,0.7928286852589641,0.1309378925294387,0.1292928364681499,0.03680216353185,1.0127234896087534,1.26,-0.3159114950438394,0.767803389493788,-0.3668648226399914,0.0174114706353449,0.0059976544737594,-0.0129547378917808,1,20.780000686645508,22.09000015258789,4.170500686645507,4.85,3.85,real_post_mid,0.485,2.6,48.899999999999956,0.0065199999999999945
STLD,2025-09-30,2025-10-20,1.0,139.27,132.24,5.03,10.62,2.6307,2.69,2.6,10.0,2.6349,2.5788,2.6178,3.105,0.0,0.0,5.0,4.0,4762032360.0,4912768790.0,4562000000.0,8.0,46410.88,46475.98,67.68,260.57,-1.46,4.48,-5.79,-26.1,39.58,-22.56,-31.53,-3.18,-3.68,145.0,155.0,145.0,2025-11-21,6.05,7.65,13.7,9.448275862068964,12.9,3.25,16.15,158.16,13.159999999999997,0.3856,0.3856,0.3856,0.400235,-3.795383817427388,-0.0438999999999999,272.0,65.0,0.6777163904235728,35.0,6.896551724137923,1,2.551724137931042,2025-10-17,666.0,660.62841796875,0.166095,0.1702735714285714,0.166095,0.0041785714285714,0.0,0,0.2002399999999999,0.1417,0.0585399999999999,0.0048749999999999,0.5916751373098373,0.211303275612502,0.7928286852589641,0.1309378925294387,0.1292928364681499,0.03680216353185,1.0127234896087534,1.26,-0.3159114950438394,0.767803389493788,-0.3668648226399914,0.0174114706353449,0.0059976544737594,-0.0129547378917808,1,20.780000686645508,22.09000015258789,4.170500686645507,13.7,16.15,real_post_mid,1.37,2.6,-384.59999999999997,-0.026524137931034482
PNR,2025-09-30,2025-10-21,1.0,110.3,103.63,-1.16,5.2,1.1807,1.202,1.16,18.0,1.1807,1.1807,1.1807,1.1754,0.0,0.0,1.0,2.0,1005273770.0,1019000000.0,991900000.0,18.0,4950.5,5754.47,-248.34,595.53,2.17,11.15,-0.28,-26.23,-18.92,-20.57,0.24,0.83,-0.42,110.0,110.0,110.0,2025-11-21,4.4,5.7,10.1,9.181818181818183,3.175,3.5999999999999996,6.7749999999999995,104.79,5.209999999999994,0.35633,0.42462,0.390475,0.27341,29.98015237851336,-0.0877999999999999,1663.0,443.0,0.7967781908302355,32.0,0.0,1,9.181818181818183,2025-10-20,673.0,667.499267578125,0.14658,0.15146,0.1521571428571428,0.00488,0.0055771428571428,0,0.1779414285714285,0.12219,0.0557514285714285,0.0034857142857143,0.3583039352187986,0.152715380903876,0.6414342629482072,0.1053748296670679,0.1330475191523701,0.0135324808476298,0.7920089779831928,1.79,3.3000160813684625,1.4345563050969712,-0.2410923127045109,0.012457805416941,0.0114509185900202,-0.002688997924911,1,18.229999542236328,20.309999465942383,3.5719995422363287,10.100000000000001,6.7749999999999995,real_post_mid,1.0100000000000002,2.6,228.90000000000018,0.020809090909090926
PCAR,2025-09-30,2025-10-21,0.0,99.46,101.11,0.39,-1.25,1.1482,1.2002,1.05,10.0,1.1854,1.1956,1.1956,1.2831,1.0,0.0,0.0,3.0,6007750000.0,6279000000.0,5650000000.0,8.0,-13937.12,-12181.01,-846.72,1026.5,-14.39,0.89,-7.31,-35.68,42.71,-38.34,-34.72,-2.76,-3.48,98.8,100.0,100.0,2025-11-21,3.0,5.55,8.55,8.653846153846155,3.1,2.825,5.925000000000001,102.99,2.989999999999995,0.34658,0.37584,0.36121,0.26365,27.009219013870055,-0.053655,341.0,256.0,0.6548223350253807,32.0,1.2145748987854257,1,7.43927125506073,2025-10-20,673.0,667.499267578125,0.14658,0.15146,0.1521571428571428,0.00488,0.0055771428571428,0,0.1779414285714285,0.12219,0.0557514285714285,0.0034857142857143,0.3583039352187986,0.152715380903876,0.6414342629482072,0.1053748296670679,0.1330475191523701,0.0135324808476298,0.7920089779831928,1.79,3.3000160813684625,1.4345563050969712,-0.2410923127045109,0.012457805416941,0.0114509185900202,-0.002688997924911,1,18.229999542236328,20.309999465942383,3.5719995422363287,8.55,5.925000000000001,real_post_mid,0.8550000000000001,2.6,174.4,0.017651821862348177
OMC,2025-09-30,2025-10-21,1.0,75.01,77.88,4.93,1.07,2.1736,2.1821,2.17,4.0,2.1696,2.1565,2.1565,2.1584,0.0,0.0,1.0,2.0,4019107080.0,4037000000.0,3996900000.0,4.0,10797.09,10496.3,220.16,87.86,4.2,8.81,5.91,5.13,20.59,-12.15,-7.06,-0.23,-1.59,77.5,82.5,77.5,2025-11-21,3.175,2.8,5.975,7.709677419354838,5.35,1.325,6.675,74.87,2.6299999999999955,0.28804,0.35633,0.322185,0.31731,1.5131058242935016,0.058535,60.0,94.0,0.5302166476624858,32.0,6.451612903225801,1,1.2580645161290374,2025-10-20,673.0,667.499267578125,0.14658,0.15146,0.1521571428571428,0.00488,0.0055771428571428,0,0.1779414285714285,0.12219,0.0557514285714285,0.0034857142857143,0.3583039352187986,0.152715380903876,0.6414342629482072,0.1053748296670679,0.1330475191523701,0.0135324808476298,0.7920089779831928,1.79,3.3000160813684625,1.4345563050969712,-0.2410923127045109,0.012457805416941,0.0114509185900202,-0.002688997924911,1,18.229999542236328,20.309999465942383,3.5719995422363287,5.975,6.675,real_post_mid,0.5975,2.6,-132.35000000000002,-0.017077419354838714
NOC,2025-09-30,2025-10-21,1.0,573.03,568.5,4.59,5.43,6.4554,6.67,6.3,18.0,6.4943,6.4977,6.4977,7.3804,2.0,0.0,5.0,4.0,10714199690.0,10883000000.0,10650321490.0,17.0,32654.46,34625.44,-235.01,4766.64,1.3,9.33,2.06,28.14,145.48,23.18,30.73,-0.09,3.1,605.0,600.0,605.0,2025-11-21,20.25,20.6,40.85,6.752066115702479,12.35,18.950000000000003,31.300000000000004,566.7,38.299999999999955,0.28804,0.28804,0.28804,0.229505,20.321830301347035,-0.053655,28.0,148.0,1.7441176470588236,32.0,0.8264462809917328,1,5.925619834710746,2025-10-20,673.0,667.499267578125,0.14658,0.15146,0.1521571428571428,0.00488,0.0055771428571428,0,0.1779414285714285,0.12219,0.0557514285714285,0.0034857142857143,0.3583039352187986,0.152715380903876,0.6414342629482072,0.1053748296670679,0.1330475191523701,0.0135324808476298,0.7920089779831928,1.79,3.3000160813684625,1.4345563050969712,-0.2410923127045109,0.012457805416941,0.0114509185900202,-0.002688997924911,1,18.229999542236328,20.309999465942383,3.5719995422363287,40.85,31.300000000000004,real_post_mid,4.085,2.6,543.8999999999997,0.008990082644628096
NDAQ,2025-09-30,2025-10-21,1.0,89.57,88.28,0.85,2.32,0.8477,0.87,0.77,16.0,0.8368,0.8318,0.828,0.8073,9.0,0.0,11.0,1.0,1301077850.0,1317000000.0,1228000000.0,11.0,-39861.28,-39998.91,80.06,29.09,16.63,0.0,22.78,23.19,7.59,34.57,34.28,-0.32,3.58,90.0,87.5,90.0,2025-11-21,2.6,3.95,6.550000000000001,7.277777777777779,1.325,3.5999999999999996,4.925,87.66,2.3400000000000034,0.28804,0.33682,0.31243,0.24414,21.85769612393176,-0.0731649999999999,162.0,454.0,0.6512096774193549,32.0,2.777777777777779,1,4.5,2025-10-20,673.0,667.499267578125,0.14658,0.15146,0.1521571428571428,0.00488,0.0055771428571428,0,0.1779414285714285,0.12219,0.0557514285714285,0.0034857142857143,0.3583039352187986,0.152715380903876,0.6414342629482072,0.1053748296670679,0.1330475191523701,0.0135324808476298,0.7920089779831928,1.79,3.3000160813684625,1.4345563050969712,-0.2410923127045109,0.012457805416941,0.0114509185900202,-0.002688997924911,1,18.229999542236328,20.309999465942383,3.5719995422363287,6.550000000000001,4.925,real_post_mid,0.6550000000000001,2.6,94.40000000000008,0.010488888888888898
GPC,2025-09-30,2025-10-21,0.0,137.33,134.68,-2.05,-0.13,1.9911,2.0345,1.8568,10.0,1.9911,2.0073,2.0073,2.0441,1.0,0.0,1.0,1.0,6124728410.0,6190000000.0,6051604070.0,10.0,7667.68,7311.33,110.19,98.45,3.39,5.09,2.03,-13.93,20.0,-1.09,-1.27,1.14,-0.33,130.0,135.0,130.0,2025-11-21,6.35,3.9,10.25,7.884615384615384,6.45,2.525,8.975,128.56,1.4399999999999975,0.33682,0.31731,0.327065,0.2148749999999999,34.302050051213065,-0.06341,291.0,27.0,0.2938728323699422,32.0,3.8461538461538542,1,4.038461538461529,2025-10-20,673.0,667.499267578125,0.14658,0.15146,0.1521571428571428,0.00488,0.0055771428571428,0,0.1779414285714285,0.12219,0.0557514285714285,0.0034857142857143,0.3583039352187986,0.152715380903876,0.6414342629482072,0.1053748296670679,0.1330475191523701,0.0135324808476298,0.7920089779831928,1.79,3.3000160813684625,1.4345563050969712,-0.2410923127045109,0.012457805416941,0.0114509185900202,-0.002688997924911,1,18.229999542236328,20.309999465942383,3.5719995422363287,10.25,8.975,real_post_mid,1.0250000000000001,2.6,22.40000000000002,0.0017230769230769246
ELV,2025-09-30,2025-10-21,1.0,313.71,296.6,11.49,17.92,4.9422,5.94,4.4734,20.0,4.9497,4.9363,4.9357,5.1947,1.0,0.0,2.0,2.0,49499550670.0,50347041000.0,48649000000.0,11.0,13170.69,13092.01,944.05,1290.23,14.04,1.81,6.73,-12.65,-26.15,-16.33,-23.24,0.0,-2.24,360.0,350.0,360.0,2025-11-21,17.45,21.4,38.849999999999994,10.791666666666664,7.9,21.9,29.799999999999997,321.73,38.26999999999998,0.46365,0.45389,0.45877,0.331945,27.64457135383744,-0.06341,524.0,1273.0,1.1233926128590972,32.0,2.777777777777779,1,8.013888888888886,2025-10-20,673.0,667.499267578125,0.14658,0.15146,0.1521571428571428,0.00488,0.0055771428571428,0,0.1779414285714285,0.12219,0.0557514285714285,0.0034857142857143,0.3583039352187986,0.152715380903876,0.6414342629482072,0.1053748296670679,0.1330475191523701,0.0135324808476298,0.7920089779831928,1.79,3.3000160813684625,1.4345563050969712,-0.2410923127045109,0.012457805416941,0.0114509185900202,-0.002688997924911,1,18.229999542236328,20.309999465942383,3.5719995422363287,38.849999999999994,29.799999999999997,real_post_mid,3.885,2.6,513.8999999999997,0.014274999999999993
EFX,2025-09-30,2025-10-21,1.0,257.58,245.86,-10.73,-6.48,1.9357,2.02,1.86,19.0,1.9348,1.9428,1.9428,1.989,0.0,0.0,4.0,3.0,1523052100.0,1548500000.0,1505300000.0,18.0,9202.26,8751.14,287.05,130.1,7.44,6.59,7.42,9.89,30.72,10.0,10.13,0.86,0.49,230.0,230.0,230.0,2025-11-21,11.65,8.850000000000001,20.5,8.91304347826087,8.85,7.75,16.6,213.73,16.27000000000001,0.39536,0.35633,0.375845,0.31243,16.872646968830235,-0.0390249999999999,34.0,58.0,0.4619289340101523,32.0,0.0,1,8.91304347826087,2025-10-20,673.0,667.499267578125,0.14658,0.15146,0.1521571428571428,0.00488,0.0055771428571428,0,0.1779414285714285,0.12219,0.0557514285714285,0.0034857142857143,0.3583039352187986,0.152715380903876,0.6414342629482072,0.1053748296670679,0.1330475191523701,0.0135324808476298,0.7920089779831928,1.79,3.3000160813684625,1.4345563050969712,-0.2410923127045109,0.012457805416941,0.0114509185900202,-0.002688997924911,1,18.229999542236328,20.309999465942383,3.5719995422363287,20.5,16.6,real_post_mid,2.0500000000000003,2.6,182.39999999999984,0.007930434782608688
DGX,2025-09-30,2025-10-21,1.0,183.6,170.48,0.57,8.31,2.5036,2.57,2.46,15.0,2.505,2.5025,2.5025,2.4959,0.0,0.0,2.0,3.0,2734982810.0,2770000000.0,2708071960.0,13.0,11831.2,11515.55,198.34,50.69,15.19,4.11,8.97,11.49,18.55,24.69,23.38,0.61,1.05,190.0,180.0,190.0,2025-11-21,7.95,6.95,14.9,7.842105263157895,1.3,9.45,10.75,191.25,1.25,0.32707,0.33682,0.331945,0.20024,39.67675367907335,-0.102435,297.0,53.0,4.192607003891051,32.0,5.263157894736848,1,2.578947368421047,2025-10-20,673.0,667.499267578125,0.14658,0.15146,0.1521571428571428,0.00488,0.0055771428571428,0,0.1779414285714285,0.12219,0.0557514285714285,0.0034857142857143,0.3583039352187986,0.152715380903876,0.6414342629482072,0.1053748296670679,0.1330475191523701,0.0135324808476298,0.7920089779831928,1.79,3.3000160813684625,1.4345563050969712,-0.2410923127045109,0.012457805416941,0.0114509185900202,-0.002688997924911,1,18.229999542236328,20.309999465942383,3.5719995422363287,14.9,10.75,real_post_mid,1.4900000000000002,2.6,263.4,0.013863157894736841
CB,2025-09-30,2025-10-21,1.0,273.89,270.15,-1.69,-0.33,6.1505,6.83,4.88,21.0,6.1505,5.4752,5.4597,5.5367,7.0,0.0,13.0,1.0,12944166670.0,13132000000.0,12809000000.0,6.0,21616.03,19819.62,1567.37,926.0,6.93,10.52,9.78,14.13,66.85,33.79,95.99,1.22,11.33,270.0,275.0,270.0,2025-11-21,6.3,7.2,13.5,5.0,10.65,3.45,14.099999999999998,298.29,28.29000000000002,0.21,0.21,0.21,0.18073,13.938095238095231,-0.0243949999999999,491.0,14.0,1.2387387387387387,32.0,1.85185185185186,1,3.14814814814814,2025-10-20,673.0,667.499267578125,0.14658,0.15146,0.1521571428571428,0.00488,0.0055771428571428,0,0.1779414285714285,0.12219,0.0557514285714285,0.0034857142857143,0.3583039352187986,0.152715380903876,0.6414342629482072,0.1053748296670679,0.1330475191523701,0.0135324808476298,0.7920089779831928,1.79,3.3000160813684625,1.4345563050969712,-0.2410923127045109,0.012457805416941,0.0114509185900202,-0.002688997924911,1,18.229999542236328,20.309999465942383,3.5719995422363287,13.5,14.099999999999998,real_post_mid,1.35,2.6,-197.5999999999998,-0.007318518518518511
NTRS,2025-09-30,2025-10-22,1.0,131.78,128.76,-4.78,-2.55,2.2417,2.37,2.1,13.0,2.2112,2.1963,2.1828,2.0755,4.0,0.0,8.0,2.0,2030960340.0,2072000000.0,1991900000.0,9.0,7746.08,6946.37,238.08,270.83,-23.39,2.49,14.16,-50.92,12.11,-43.84,-51.87,-2.58,-9.28,130.0,125.0,130.0,2025-11-21,4.800000000000001,5.5,10.3,7.923076923076923,1.95,6.95,8.9,127.13,2.8700000000000045,0.35633,0.32707,0.3417,0.27341,19.98536728124086,-0.02439,90.0,18.0,1.1314199395770392,31.0,3.846153846153843,1,4.07692307692308,2025-10-21,672.0,667.4892578125,0.1417,0.1510533333333333,0.1525057142857142,0.0093533333333333,0.0108057142857142,0,0.18073,0.12219,0.05854,0.0097599999999999,0.2940608984021704,0.1380646544791722,0.5816733067729084,0.1030274440244827,0.1321824346400119,0.009517565359988,0.7794336993797212,1.41,0.6360321929123965,0.7293976527674388,-0.3711155429452148,0.0136809909324202,0.0066731721542181,-0.0027039535209257,1,17.8700008392334,19.989999771118164,3.7000008392333985,10.3,8.9,real_post_mid,1.03,2.6,34.400000000000034,0.002646153846153849
MOH,2025-09-30,2025-10-22,0.0,181.87,158.22,7.29,23.33,3.8925,4.35,2.89,17.0,3.8982,3.9051,4.0164,5.6551,0.0,0.0,0.0,1.0,10983598130.0,11328000000.0,10606000000.0,12.0,19084.0,20020.26,-1785.2,2364.11,15.66,2.51,17.83,-6.48,-9.87,-10.21,-14.06,-2.08,-1.13,200.0,160.0,200.0,2025-11-21,12.7,14.75,27.45,13.724999999999998,0.7250000000000001,38.35,39.075,141.56,58.44,0.60999,0.58072,0.5953550000000001,0.45877,22.941774235540148,-0.048785,506.0,114.0,2.622159090909091,31.0,19.999999999999996,0,-6.274999999999999,2025-10-21,672.0,667.4892578125,0.1417,0.1510533333333333,0.1525057142857142,0.0093533333333333,0.0108057142857142,0,0.18073,0.12219,0.05854,0.0097599999999999,0.2940608984021704,0.1380646544791722,0.5816733067729084,0.1030274440244827,0.1321824346400119,0.009517565359988,0.7794336993797212,1.41,0.6360321929123965,0.7293976527674388,-0.3711155429452148,0.0136809909324202,0.0066731721542181,-0.0027039535209257,1,17.8700008392334,19.989999771118164,3.7000008392333985,27.45,39.075,real_post_mid,2.745,2.6,-1439.6000000000004,-0.07198000000000002
MCO,2025-09-30,2025-10-22,1.0,488.29,513.09,-3.17,-7.85,3.6837,4.1,3.36,21.0,3.5863,3.4665,3.4545,3.4655,7.0,0.0,14.0,1.0,1947728250.0,2010600000.0,1881000000.0,20.0,20958.85,20121.45,521.4,209.34,4.46,-1.35,15.76,8.54,-7.05,6.83,6.57,-0.43,0.89,490.0,480.0,490.0,2025-11-21,15.15,17.5,32.65,6.663265306122448,8.15,17.4,25.549999999999997,479.65,10.350000000000025,0.2978,0.27829,0.288045,0.234385,18.629033657935388,-0.0487849999999999,25.0,65.0,1.381188118811881,31.0,2.0408163265306145,1,4.622448979591834,2025-10-21,672.0,667.4892578125,0.1417,0.1510533333333333,0.1525057142857142,0.0093533333333333,0.0108057142857142,0,0.18073,0.12219,0.05854,0.0097599999999999,0.2940608984021704,0.1380646544791722,0.5816733067729084,0.1030274440244827,0.1321824346400119,0.009517565359988,0.7794336993797212,1.41,0.6360321929123965,0.7293976527674388,-0.3711155429452148,0.0136809909324202,0.0066731721542181,-0.0027039535209257,1,17.8700008392334,19.989999771118164,3.7000008392333985,32.65,25.549999999999997,real_post_mid,3.265,2.6,380.9000000000001,0.007773469387755104
ORLY,2025-09-30,2025-10-22,1.0,103.45,98.16,-2.17,3.11,0.8304,0.86,0.81,20.0,0.8318,0.832,0.832,0.8245,0.0,0.0,0.0,1.0,4691134370.0,4749000000.0,4635000000.0,23.0,-344965.57,-330386.77,-6918.69,9003.99,5.92,9.38,5.2,11.43,25.81,6.54,5.93,0.66,0.0,101.33,98.67,101.33,2025-11-21,3.5,3.4000000000000004,6.9,6.809434520872397,1.95,4.3,6.25,100.43,0.8999999999999915,0.28804,0.30755,0.297795,0.278285,6.551486761026889,-0.029265,1014.0,68.0,0.5733082706766918,31.0,2.625086351524719,1,4.184348169347678,2025-10-21,672.0,667.4892578125,0.1417,0.1510533333333333,0.1525057142857142,0.0093533333333333,0.0108057142857142,0,0.18073,0.12219,0.05854,0.0097599999999999,0.2940608984021704,0.1380646544791722,0.5816733067729084,0.1030274440244827,0.1321824346400119,0.009517565359988,0.7794336993797212,1.41,0.6360321929123965,0.7293976527674388,-0.3711155429452148,0.0136809909324202,0.0066731721542181,-0.0027039535209257,1,17.8700008392334,19.989999771118164,3.7000008392333985,6.9,6.25,real_post_mid,0.6900000000000001,2.6,-6.59999999999997,-0.0006513372150399655
TDY,2025-09-30,2025-10-22,1.0,567.92,549.93,-4.26,-1.13,5.4715,5.69,5.4,11.0,5.4724,5.4669,5.4669,5.536,0.0,0.0,0.0,1.0,1527185960.0,1562753650.0,1515800000.0,9.0,44834.02,43881.66,326.81,312.75,10.16,4.4,3.23,13.54,5.05,12.28,12.63,-0.55,0.4,580.0,540.0,580.0,2025-11-21,18.0,18.5,36.5,6.293103448275862,5.25,43.4,48.65,494.87,85.13,0.2978,0.23926,0.26853,0.24414,9.082784046475252,-0.0487799999999999,10.0,6.0,0.4590163934426229,31.0,6.896551724137934,0,-0.6034482758620721,2025-10-21,672.0,667.4892578125,0.1417,0.1510533333333333,0.1525057142857142,0.0093533333333333,0.0108057142857142,0,0.18073,0.12219,0.05854,0.0097599999999999,0.2940608984021704,0.1380646544791722,0.5816733067729084,0.1030274440244827,0.1321824346400119,0.009517565359988,0.7794336993797212,1.41,0.6360321929123965,0.7293976527674388,-0.3711155429452148,0.0136809909324202,0.0066731721542181,-0.0027039535209257,1,17.8700008392334,19.989999771118164,3.7000008392333985,36.5,48.65,real_post_mid,3.6500000000000004,2.6,-1582.6,-0.027286206896551722
WAB,2025-09-30,2025-10-22,1.0,197.96,200.7,-2.29,-3.62,2.2755,2.3498,2.19,10.0,2.2846,2.2695,2.2707,2.1783,1.0,0.0,5.0,0.0,2882191880.0,2951000000.0,2852000000.0,8.0,13244.7,12321.15,486.63,418.08,2.34,3.68,5.75,15.82,-0.44,11.3,9.77,1.6,1.18,200.0,200.0,200.0,2025-11-21,6.4,7.9,14.3,7.15,3.6,6.05,9.65,200.22,0.2199999999999988,0.30755,0.31731,0.31243,0.21,32.78494382741734,-0.0438999999999999,44.0,44.0,0.3383838383838384,31.0,0.0,1,7.15,2025-10-21,672.0,667.4892578125,0.1417,0.1510533333333333,0.1525057142857142,0.0093533333333333,0.0108057142857142,0,0.18073,0.12219,0.05854,0.0097599999999999,0.2940608984021704,0.1380646544791722,0.5816733067729084,0.1030274440244827,0.1321824346400119,0.009517565359988,0.7794336993797212,1.41,0.6360321929123965,0.7293976527674388,-0.3711155429452148,0.0136809909324202,0.0066731721542181,-0.0027039535209257,1,17.8700008392334,19.989999771118164,3.7000008392333985,14.3,9.65,real_post_mid,1.4300000000000002,2.6,319.4,0.015969999999999998
PKG,2025-09-30,2025-10-22,0.0,212.71,205.93,-1.87,1.36,2.8172,2.89,2.7252,8.0,2.8105,2.8484,2.832,2.9176,1.0,0.0,2.0,3.0,2314836410.0,2373331830.0,2241491540.0,7.0,16210.72,15878.56,84.22,312.07,4.63,1.42,7.86,12.73,7.36,16.94,20.91,1.15,2.07,210.0,210.0,210.0,2025-11-21,7.0,7.5,14.5,6.904761904761905,8.0,4.2,12.2,197.31,12.689999999999998,0.30755,0.28804,0.297795,0.24902,16.378716902567213,-0.0439,201.0,5.0,1.4285714285714286,31.0,0.0,1,6.904761904761905,2025-10-21,672.0,667.4892578125,0.1417,0.1510533333333333,0.1525057142857142,0.0093533333333333,0.0108057142857142,0,0.18073,0.12219,0.05854,0.0097599999999999,0.2940608984021704,0.1380646544791722,0.5816733067729084,0.1030274440244827,0.1321824346400119,0.009517565359988,0.7794336993797212,1.41,0.6360321929123965,0.7293976527674388,-0.3711155429452148,0.0136809909324202,0.0066731721542181,-0.0027039535209257,1,17.8700008392334,19.989999771118164,3.7000008392333985,14.5,12.2,real_post_mid,1.4500000000000002,2.6,82.40000000000006,0.0039238095238095265
LII,2025-09-30,2025-10-22,1.0,533.83,664.54,-7.64,-25.8,6.8415,7.41,5.85,19.0,7.0239,7.1457,7.3282,7.1206,0.0,0.0,1.0,11.0,1483440560.0,1557708000.0,1416000000.0,16.0,27167.68,23800.71,944.93,1167.43,3.43,39.93,6.4,14.49,132.05,10.27,10.59,1.17,1.53,550.0,500.0,550.0,2025-11-21,28.15,26.35,54.5,9.909090909090908,2.8,56.9,59.7,465.12,84.88,0.43438,0.42462,0.4295,0.31731,26.12107101280559,-0.0682899999999999,10.0,10.0,0.7402376910016978,31.0,9.090909090909092,1,0.8181818181818148,2025-10-21,672.0,667.4892578125,0.1417,0.1510533333333333,0.1525057142857142,0.0093533333333333,0.0108057142857142,0,0.18073,0.12219,0.05854,0.0097599999999999,0.2940608984021704,0.1380646544791722,0.5816733067729084,0.1030274440244827,0.1321824346400119,0.009517565359988,0.7794336993797212,1.41,0.6360321929123965,0.7293976527674388,-0.3711155429452148,0.0136809909324202,0.0066731721542181,-0.0027039535209257,1,17.8700008392334,19.989999771118164,3.7000008392333985,54.5,59.7,real_post_mid,5.45,2.6,-1067.6000000000001,-0.019410909090909093
APH,2025-09-30,2025-10-22,1.0,123.69,104.46,4.24,23.43,0.7984,0.83,0.78,16.0,0.7986,0.7956,0.7956,0.6938,0.0,0.0,3.0,0.0,5556211940.0,5763000000.0,5416000000.0,16.0,-7982.34,-8634.35,366.54,101.1,56.53,17.45,31.4,84.09,28.57,94.19,86.11,2.73,4.02,125.0,135.0,125.0,2025-11-21,6.9,7.25,14.15,11.32,12.95,1.975,14.925,131.6,6.599999999999994,0.48316,0.49292,0.48804,0.3856,20.990082780099996,-0.082925,3199.0,771.0,0.526589062892555,31.0,8.000000000000007,1,3.319999999999993,2025-10-21,672.0,667.4892578125,0.1417,0.1510533333333333,0.1525057142857142,0.0093533333333333,0.0108057142857142,0,0.18073,0.12219,0.05854,0.0097599999999999,0.2940608984021704,0.1380646544791722,0.5816733067729084,0.1030274440244827,0.1321824346400119,0.009517565359988,0.7794336993797212,1.41,0.6360321929123965,0.7293976527674388,-0.3711155429452148,0.0136809909324202,0.0066731721542181,-0.0027039535209257,1,17.8700008392334,19.989999771118164,3.7000008392333985,14.15,14.925,real_post_mid,1.415,2.6,-221.60000000000002,-0.017728
AVY,2025-09-30,2025-10-22,0.0,163.2,178.45,9.71,0.33,2.3255,2.35,2.3,10.0,2.3244,2.3475,2.3589,2.4054,0.0,0.0,1.0,1.0,2218325960.0,2237000000.0,2198377000.0,10.0,9313.63,9432.52,-240.79,244.09,-0.66,3.36,3.09,0.0,5.22,6.96,-0.73,-0.87,-0.01,165.0,185.0,165.0,2025-11-21,5.25,6.2,11.45,6.939393939393939,22.9,0.525,23.424999999999997,170.46,5.460000000000008,0.2978,0.2978,0.2978,0.239265,19.655809267965076,-0.039025,2028.0,31.0,0.2084942084942085,31.0,12.12121212121211,0,-5.181818181818172,2025-10-21,672.0,667.4892578125,0.1417,0.1510533333333333,0.1525057142857142,0.0093533333333333,0.0108057142857142,0,0.18073,0.12219,0.05854,0.0097599999999999,0.2940608984021704,0.1380646544791722,0.5816733067729084,0.1030274440244827,0.1321824346400119,0.009517565359988,0.7794336993797212,1.41,0.6360321929123965,0.7293976527674388,-0.3711155429452148,0.0136809909324202,0.0066731721542181,-0.0027039535209257,1,17.8700008392334,19.989999771118164,3.7000008392333985,11.45,23.424999999999997,real_post_mid,1.145,2.6,-1314.5999999999997,-0.07967272727272726
CME,2025-09-30,2025-10-22,1.0,261.08,277.18,2.58,-3.38,2.628,2.67,2.56,14.0,2.6369,2.7032,2.706,2.7816,1.0,0.0,4.0,10.0,1529904530.0,1538676240.0,1518000000.0,10.0,5098.3,4930.15,85.93,86.02,10.41,3.03,11.19,15.62,5.71,13.99,12.86,0.26,1.45,270.0,270.0,270.0,2025-11-21,7.550000000000001,8.7,16.25,6.018518518518518,6.0,5.85,11.85,273.09,3.089999999999975,0.24902,0.26853,0.258775,0.209995,18.85035262293498,-0.0341449999999999,1822.0,133.0,0.4347357065803667,31.0,0.0,1,6.018518518518518,2025-10-21,672.0,667.4892578125,0.1417,0.1510533333333333,0.1525057142857142,0.0093533333333333,0.0108057142857142,0,0.18073,0.12219,0.05854,0.0097599999999999,0.2940608984021704,0.1380646544791722,0.5816733067729084,0.1030274440244827,0.1321824346400119,0.009517565359988,0.7794336993797212,1.41,0.6360321929123965,0.7293976527674388,-0.3711155429452148,0.0136809909324202,0.0066731721542181,-0.0027039535209257,1,17.8700008392334,19.989999771118164,3.7000008392333985,16.25,11.85,real_post_mid,1.625,2.6,274.90000000000003,0.010181481481481482
CCI,2025-09-30,2025-10-22,1.0,94.28,113.91,3.63,-14.23,0.49,0.49,0.49,1.0,0.49,0.49,0.5139,0.5686,0.0,0.0,0.0,3.0,1052885770.0,1066000000.0,1026400000.0,15.0,-58129.28,-33335.12,-1195.68,23334.31,-4.25,-0.09,-4.86,15.59,163.26,1.04,2.22,-1.48,3.02,100.0,97.5,100.0,2025-11-21,2.8,3.5999999999999996,6.3999999999999995,6.4,1.95,3.35,5.300000000000001,90.01,9.989999999999997,0.28804,0.26853,0.278285,0.239265,14.021596564672906,-0.014635,1477.0,177.0,0.2608471074380165,31.0,2.500000000000002,1,3.899999999999998,2025-10-21,672.0,667.4892578125,0.1417,0.1510533333333333,0.1525057142857142,0.0093533333333333,0.0108057142857142,0,0.18073,0.12219,0.05854,0.0097599999999999,0.2940608984021704,0.1380646544791722,0.5816733067729084,0.1030274440244827,0.1321824346400119,0.009517565359988,0.7794336993797212,1.41,0.6360321929123965,0.7293976527674388,-0.3711155429452148,0.0136809909324202,0.0066731721542181,-0.0027039535209257,1,17.8700008392334,19.989999771118164,3.7000008392333985,6.3999999999999995,5.300000000000001,real_post_mid,0.64,2.6,43.39999999999987,0.004339999999999987
GL,2025-09-30,2025-10-22,1.0,145.25,131.52,-6.62,3.12,4.5427,4.76,4.0,11.0,4.5427,4.505,4.4301,3.844,1.0,0.0,2.0,1.0,1519282000.0,1523000000.0,1514000000.0,4.0,3687.01,3998.25,120.26,496.48,2.85,0.06,5.24,10.1,6.51,-1.57,-2.83,-51.68,-1.4,135.0,135.0,135.0,2025-11-21,5.85,4.05,9.9,7.333333333333332,3.875,3.475,7.35,132.42,2.5800000000000125,0.32707,0.2978,0.312435,0.24414,21.85894666090547,-0.043905,285.0,0.0,0.2386363636363636,31.0,0.0,1,7.333333333333332,2025-10-21,672.0,667.4892578125,0.1417,0.1510533333333333,0.1525057142857142,0.0093533333333333,0.0108057142857142,0,0.18073,0.12219,0.05854,0.0097599999999999,0.2940608984021704,0.1380646544791722,0.5816733067729084,0.1030274440244827,0.1321824346400119,0.009517565359988,0.7794336993797212,1.41,0.6360321929123965,0.7293976527674388,-0.3711155429452148,0.0136809909324202,0.0066731721542181,-0.0027039535209257,1,17.8700008392334,19.989999771118164,3.7000008392333985,9.899999999999999,7.35,real_post_mid,0.9899999999999999,2.6,153.39999999999992,0.011362962962962957
FE,2025-09-30,2025-10-22,1.0,43.33,41.4,9.14,14.23,0.7683,0.8,0.7327,8.0,0.7526,0.7884,0.8002,0.83,2.0,0.0,2.0,3.0,3943693340.0,3969667000.0,3912000000.0,5.0,3272.78,3016.09,201.0,124.13,3.05,-10.23,6.2,-7.14,-22.39,18.98,52.72,-2.53,6.21,47.0,46.0,47.0,2025-11-21,1.0499999999999998,1.25,2.3,4.8936170212765955,0.6499999999999999,1.35,2.0,46.89,0.1099999999999994,0.17097,0.24902,0.209995,0.20512,2.3214838448534443,-0.0243849999999999,717.0,2.0,0.7323232323232324,31.0,2.127659574468088,1,2.7659574468085073,2025-10-21,672.0,667.4892578125,0.1417,0.1510533333333333,0.1525057142857142,0.0093533333333333,0.0108057142857142,0,0.18073,0.12219,0.05854,0.0097599999999999,0.2940608984021704,0.1380646544791722,0.5816733067729084,0.1030274440244827,0.1321824346400119,0.009517565359988,0.7794336993797212,1.41,0.6360321929123965,0.7293976527674388,-0.3711155429452148,0.0136809909324202,0.0066731721542181,-0.0027039535209257,1,17.8700008392334,19.989999771118164,3.7000008392333985,2.3,2.0,real_post_mid,0.22999999999999998,2.6,4.399999999999984,0.0009361702127659541
POOL,2025-09-30,2025-10-23,1.0,312.94,324.9,-4.04,-7.57,3.3679,3.4,3.3166,11.0,3.377,3.3845,3.3845,3.4361,0.0,0.0,0.0,2.0,1458560040.0,1530427000.0,1440043390.0,14.0,30263.01,30469.06,-136.43,311.4,0.83,66.54,-3.1,3.61,291.67,0.73,0.44,0.03,-0.06,300.0,290.0,300.0,2025-11-21,11.85,13.65,25.5,8.5,6.35,12.4,18.75,239.98,60.02000000000001,0.36609,0.37584,0.370965,0.31243,15.77911662825334,-0.03902,103.0,7.0,0.4764957264957264,30.0,3.3333333333333326,1,5.166666666666668,2025-10-22,669.0,664.0191040039062,0.15146,0.15146,0.15634,0.0,0.0048799999999999,0,0.18073,0.12219,0.05854,-2.7755575615628914e-17,0.4117576123002713,0.1673661073285799,0.7091633466135459,0.1149796111641498,0.1320497102687697,0.0194102897312302,0.8707297496535512,1.23,-0.577578217917606,0.9752875992119088,-0.32515223918686,0.0039538804384426,0.0069208117015546,-0.0078887121271189,1,18.600000381469727,20.309999465942383,3.4540003814697258,25.5,18.75,real_post_mid,2.5500000000000003,2.6,417.3999999999999,0.013913333333333331
ROP,2025-09-30,2025-10-23,1.0,503.99,563.03,-4.77,-14.75,5.1105,5.18,5.0717,16.0,5.1126,5.1127,5.1127,5.1117,0.0,0.0,0.0,2.0,2025103370.0,2051850000.0,2005300000.0,16.0,14045.6,13771.42,104.61,51.16,13.21,3.23,13.39,8.71,1.88,13.41,10.95,-0.29,-0.58,510.0,480.0,510.0,2025-11-21,14.5,14.8,29.3,5.745098039215686,3.15,31.9,35.05,443.75,66.25,0.23926,0.25877,0.249015,0.21,15.66773085958677,-0.0292649999999999,9.0,3.0,0.55,30.0,5.882352941176472,0,-0.1372549019607856,2025-10-22,669.0,664.0191040039062,0.15146,0.15146,0.15634,0.0,0.0048799999999999,0,0.18073,0.12219,0.05854,-2.7755575615628914e-17,0.4117576123002713,0.1673661073285799,0.7091633466135459,0.1149796111641498,0.1320497102687697,0.0194102897312302,0.8707297496535512,1.23,-0.577578217917606,0.9752875992119088,-0.32515223918686,0.0039538804384426,0.0069208117015546,-0.0078887121271189,1,18.600000381469727,20.309999465942383,3.4540003814697258,29.3,35.05,real_post_mid,2.93,2.6,-870.5999999999997,-0.01707058823529411
WST,2025-09-30,2025-10-23,1.0,250.8,263.51,22.51,16.6,1.6852,1.72,1.65,12.0,1.6864,1.6812,1.6812,1.6115,1.0,0.0,1.0,0.0,787697920.0,791900000.0,780481400.0,11.0,24550.37,22857.29,931.24,263.29,9.15,9.74,0.16,21.05,26.9,17.39,20.95,2.71,2.02,280.0,300.0,280.0,2025-11-21,16.75,18.5,35.25,12.589285714285714,21.5,2.8,24.3,271.07,8.930000000000007,0.56121,0.55145,0.55633,0.249015,55.23969586396563,-0.1463399999999999,58.0,31.0,0.6777546777546778,30.0,7.14285714285714,1,5.446428571428574,2025-10-22,669.0,664.0191040039062,0.15146,0.15146,0.15634,0.0,0.0048799999999999,0,0.18073,0.12219,0.05854,-2.7755575615628914e-17,0.4117576123002713,0.1673661073285799,0.7091633466135459,0.1149796111641498,0.1320497102687697,0.0194102897312302,0.8707297496535512,1.23,-0.577578217917606,0.9752875992119088,-0.32515223918686,0.0039538804384426,0.0069208117015546,-0.0078887121271189,1,18.600000381469727,20.309999465942383,3.4540003814697258,35.25,24.3,real_post_mid,3.5250000000000004,2.6,739.8999999999999,0.026424999999999994
VRSN,2025-09-30,2025-10-23,1.0,286.64,305.79,-12.58,-18.05,2.24,2.24,2.24,1.0,2.24,2.24,2.24,2.23,1.0,0.0,1.0,0.0,416848720.0,417448450.0,416249000.0,2.0,10908.0,10764.0,112.0,79.6,5.89,1.89,4.52,9.95,5.24,2.61,5.45,0.19,-0.29,250.0,250.0,250.0,2025-11-21,11.15,8.2,19.35,7.740000000000001,5.95,9.55,15.5,251.42,1.4199999999999875,0.33682,0.33682,0.33682,0.2831599999999999,15.931357995368458,-0.0438999999999999,65.0,43.0,1.2994100294985251,30.0,0.0,1,7.740000000000001,2025-10-22,669.0,664.0191040039062,0.15146,0.15146,0.15634,0.0,0.0048799999999999,0,0.18073,0.12219,0.05854,-2.7755575615628914e-17,0.4117576123002713,0.1673661073285799,0.7091633466135459,0.1149796111641498,0.1320497102687697,0.0194102897312302,0.8707297496535512,1.23,-0.577578217917606,0.9752875992119088,-0.32515223918686,0.0039538804384426,0.0069208117015546,-0.0078887121271189,1,18.600000381469727,20.309999465942383,3.4540003814697258,19.35,15.5,real_post_mid,1.9350000000000003,2.6,188.90000000000012,0.0075560000000000046
MHK,2025-09-30,2025-10-23,1.0,127.83,120.9,0.84,6.62,2.6396,2.75,2.56,18.0,2.639,2.6419,2.6452,2.7169,0.0,0.0,0.0,3.0,2730675930.0,2828859540.0,2675040000.0,17.0,18487.17,17757.07,280.89,130.25,0.03,10.94,-2.57,-7.67,82.24,-11.1,-11.82,-0.34,-0.91,130.0,120.0,130.0,2025-11-21,6.5,8.05,14.55,11.192307692307692,1.125,11.05,12.175,109.93,20.069999999999993,0.48316,0.50267,0.492915,0.395355,19.792459146100235,-0.0731699999999999,121.0,2.0,0.3522727272727273,30.0,7.692307692307687,1,3.500000000000006,2025-10-22,669.0,664.0191040039062,0.15146,0.15146,0.15634,0.0,0.0048799999999999,0,0.18073,0.12219,0.05854,-2.7755575615628914e-17,0.4117576123002713,0.1673661073285799,0.7091633466135459,0.1149796111641498,0.1320497102687697,0.0194102897312302,0.8707297496535512,1.23,-0.577578217917606,0.9752875992119088,-0.32515223918686,0.0039538804384426,0.0069208117015546,-0.0078887121271189,1,18.600000381469727,20.309999465942383,3.4540003814697258,14.55,12.175,real_post_mid,1.455,2.6,89.4,0.006876923076923077
TXT,2025-09-30,2025-10-23,1.0,83.01,79.5,-4.26,-0.04,1.4564,1.5019,1.34,13.0,1.4571,1.4576,1.4576,1.5626,2.0,0.0,2.0,1.0,3709253900.0,3867000000.0,3606000000.0,12.0,17372.0,16610.91,372.91,67.03,3.01,12.5,5.86,0.65,21.09,-2.45,2.08,-0.21,-0.08,82.5,82.5,82.5,2025-11-21,3.05,2.925,5.975,7.242424242424242,1.7999999999999998,2.7,4.5,81.33,1.1700000000000017,0.30755,0.32707,0.31731,0.24414,23.059468658409756,-0.0195099999999999,18.0,38.0,1.9234042553191488,30.0,0.0,1,7.242424242424242,2025-10-22,669.0,664.0191040039062,0.15146,0.15146,0.15634,0.0,0.0048799999999999,0,0.18073,0.12219,0.05854,-2.7755575615628914e-17,0.4117576123002713,0.1673661073285799,0.7091633466135459,0.1149796111641498,0.1320497102687697,0.0194102897312302,0.8707297496535512,1.23,-0.577578217917606,0.9752875992119088,-0.32515223918686,0.0039538804384426,0.0069208117015546,-0.0078887121271189,1,18.600000381469727,20.309999465942383,3.4540003814697258,5.975,4.5,real_post_mid,0.5975,2.6,85.14999999999996,0.010321212121212116
HAS,2025-09-30,2025-10-23,1.0,74.82,74.98,4.17,3.95,1.6332,1.86,1.3961,12.0,1.6316,1.6116,1.5945,1.6173,1.0,0.0,5.0,1.0,1347494480.0,1402540000.0,1311000000.0,10.0,12955.36,10466.02,1004.37,619.78,-1.46,10.56,-11.8,6.56,25.0,-362.97,5.47,4.08,1.5,75.0,77.5,75.0,2025-11-21,3.7,3.4,7.1,9.466666666666669,3.6,1.5,5.1,79.2,4.200000000000003,0.40511,0.42462,0.414865,0.3417,17.635857447603446,-0.06829,352.0,1148.0,0.1023723568849922,30.0,3.3333333333333437,1,6.133333333333323,2025-10-22,669.0,664.0191040039062,0.15146,0.15146,0.15634,0.0,0.0048799999999999,0,0.18073,0.12219,0.05854,-2.7755575615628914e-17,0.4117576123002713,0.1673661073285799,0.7091633466135459,0.1149796111641498,0.1320497102687697,0.0194102897312302,0.8707297496535512,1.23,-0.577578217917606,0.9752875992119088,-0.32515223918686,0.0039538804384426,0.0069208117015546,-0.0078887121271189,1,18.600000381469727,20.309999465942383,3.4540003814697258,7.1,5.1,real_post_mid,0.71,2.6,126.4,0.016853333333333335
ALLE,2025-09-30,2025-10-23,1.0,177.44,165.39,-3.51,3.53,2.2431,2.57,2.17,11.0,2.2423,2.2359,2.2313,2.113,2.0,0.0,4.0,0.0,1050171230.0,1083800000.0,1038000000.0,10.0,13291.49,12492.52,357.8,221.14,5.84,8.5,4.28,4.08,9.68,4.94,5.12,1.29,-0.14,175.0,170.0,175.0,2025-11-21,7.15,5.55,12.7,7.257142857142856,1.525,8.2,9.725,162.87,12.129999999999995,0.32707,0.30755,0.31731,0.205115,35.358167092118116,-0.0780449999999999,6.0,1.0,0.1213235294117647,30.0,2.857142857142858,1,4.399999999999999,2025-10-22,669.0,664.0191040039062,0.15146,0.15146,0.15634,0.0,0.0048799999999999,0,0.18073,0.12219,0.05854,-2.7755575615628914e-17,0.4117576123002713,0.1673661073285799,0.7091633466135459,0.1149796111641498,0.1320497102687697,0.0194102897312302,0.8707297496535512,1.23,-0.577578217917606,0.9752875992119088,-0.32515223918686,0.0039538804384426,0.0069208117015546,-0.0078887121271189,1,18.600000381469727,20.309999465942383,3.4540003814697258,12.7,9.725,real_post_mid,1.27,2.6,167.89999999999998,0.009594285714285713
CBRE,2025-09-30,2025-10-23,1.0,163.09,147.57,0.68,11.27,1.4562,1.48,1.43,11.0,1.4618,1.4769,1.495,1.4822,1.0,0.0,1.0,2.0,10113553820.0,10326000000.0,9944543000.0,7.0,16356.32,15707.33,384.11,88.97,16.23,9.46,13.04,46.91,38.37,31.94,52.03,74.62,0.9,165.0,165.0,165.0,2025-11-21,5.75,6.199999999999999,11.95,7.242424242424242,4.1,5.15,9.25,156.79,8.210000000000008,0.32707,0.30755,0.31731,0.253895,19.985187986511615,-0.0341449999999999,1857.0,53.0,0.5664739884393064,30.0,0.0,1,7.242424242424242,2025-10-22,669.0,664.0191040039062,0.15146,0.15146,0.15634,0.0,0.0048799999999999,0,0.18073,0.12219,0.05854,-2.7755575615628914e-17,0.4117576123002713,0.1673661073285799,0.7091633466135459,0.1149796111641498,0.1320497102687697,0.0194102897312302,0.8707297496535512,1.23,-0.577578217917606,0.9752875992119088,-0.32515223918686,0.0039538804384426,0.0069208117015546,-0.0078887121271189,1,18.600000381469727,20.309999465942383,3.4540003814697258,11.95,9.25,real_post_mid,1.195,2.6,147.89999999999992,0.00896363636363636
CNP,2025-09-30,2025-10-23,1.0,38.8,38.36,2.06,3.23,0.4379,0.5,0.4,10.0,0.4358,0.4304,0.4247,0.4172,2.0,0.0,4.0,1.0,2054862630.0,2249907610.0,1873458650.0,6.0,5007.82,5071.86,42.03,99.25,2.05,-33.42,1.87,-19.44,-45.28,-5.32,-10.71,-4.49,-3.06,40.0,39.0,40.0,2025-11-21,1.05,1.05,2.1,5.250000000000001,0.65,1.2000000000000002,1.85,39.56,0.4399999999999977,0.21,0.01488,0.11244,0.209995,-86.76182853077195,0.11219,1258.0,121.0,0.3644314868804664,30.0,2.500000000000002,1,2.7499999999999987,2025-10-22,669.0,664.0191040039062,0.15146,0.15146,0.15634,0.0,0.0048799999999999,0,0.18073,0.12219,0.05854,-2.7755575615628914e-17,0.4117576123002713,0.1673661073285799,0.7091633466135459,0.1149796111641498,0.1320497102687697,0.0194102897312302,0.8707297496535512,1.23,-0.577578217917606,0.9752875992119088,-0.32515223918686,0.0039538804384426,0.0069208117015546,-0.0078887121271189,1,18.600000381469727,20.309999465942383,3.4540003814697258,2.1,1.85,real_post_mid,0.21000000000000002,2.6,1.3999999999999981,0.0003499999999999995
BKR,2025-09-30,2025-10-23,1.0,48.93,46.05,-0.08,6.17,0.6194,0.67,0.59,19.0,0.6172,0.6182,0.6168,0.6078,1.0,0.0,2.0,3.0,6830611390.0,6907000000.0,6776089000.0,17.0,1066.5,959.11,56.58,164.41,-3.21,7.52,5.19,10.53,57.5,13.86,4.72,2.5,0.98,47.0,47.0,47.0,2025-11-21,2.325,1.85,4.175000000000001,8.882978723404257,1.8,1.475,3.2750000000000004,48.88,1.8800000000000023,0.3856,0.3856,0.3856,0.312435,18.97432572614107,-0.0341449999999999,1924.0,26.0,0.0544235924932975,30.0,0.0,1,8.882978723404257,2025-10-22,669.0,664.0191040039062,0.15146,0.15146,0.15634,0.0,0.0048799999999999,0,0.18073,0.12219,0.05854,-2.7755575615628914e-17,0.4117576123002713,0.1673661073285799,0.7091633466135459,0.1149796111641498,0.1320497102687697,0.0194102897312302,0.8707297496535512,1.23,-0.577578217917606,0.9752875992119088,-0.32515223918686,0.0039538804384426,0.0069208117015546,-0.0078887121271189,1,18.600000381469727,20.309999465942383,3.4540003814697258,4.175000000000001,3.2750000000000004,real_post_mid,0.4175000000000001,2.6,45.65000000000003,0.009712765957446814
DOC,2025-09-30,2025-10-23,0.0,18.89,17.6,-1.85,5.34,0.06,0.06,0.06,1.0,0.06,0.06,0.06,0.055,0.0,0.0,0.0,1.0,681011860.0,689915150.0,662000000.0,6.0,2119.04,2054.38,-357.76,516.15,-0.17,-1.22,18.78,-71.43,0.0,-21.09,14.83,-0.41,2.4,17.5,17.5,17.5,2025-11-21,1.375,0.2249999999999999,1.6,9.142857142857142,1.3250000000000002,0.15,1.475,17.84,0.3399999999999998,0.2978,0.31731,0.307555,0.22463,26.962657085724512,-0.063415,483.0,14.0,0.2785388127853881,30.0,0.0,1,9.142857142857142,2025-10-22,669.0,664.0191040039062,0.15146,0.15146,0.15634,0.0,0.0048799999999999,0,0.18073,0.12219,0.05854,-2.7755575615628914e-17,0.4117576123002713,0.1673661073285799,0.7091633466135459,0.1149796111641498,0.1320497102687697,0.0194102897312302,0.8707297496535512,1.23,-0.577578217917606,0.9752875992119088,-0.32515223918686,0.0039538804384426,0.0069208117015546,-0.0078887121271189,1,18.600000381469727,20.309999465942383,3.4540003814697258,1.5999999999999999,1.475,real_post_mid,0.16,2.6,-6.100000000000023,-0.0034857142857142986
DOV,2025-09-30,2025-10-23,1.0,169.09,186.5,7.17,-2.83,2.5066,2.56,2.47,17.0,2.5076,2.5133,2.5133,2.4948,0.0,0.0,2.0,6.0,2109411290.0,2150000000.0,2075400000.0,15.0,32671.89,23107.2,209.71,9991.31,5.17,9.84,-4.1,3.39,19.02,12.02,9.62,1.3,0.7,170.0,180.0,170.0,2025-11-21,5.25,6.55,11.8,6.9411764705882355,9.95,1.875,11.825,183.58,13.580000000000013,0.31731,0.28804,0.302675,0.239265,20.949863715206085,-0.029265,527.0,30.0,0.1189044756179024,30.0,5.882352941176472,1,1.0588235294117636,2025-10-22,669.0,664.0191040039062,0.15146,0.15146,0.15634,0.0,0.0048799999999999,0,0.18073,0.12219,0.05854,-2.7755575615628914e-17,0.4117576123002713,0.1673661073285799,0.7091633466135459,0.1149796111641498,0.1320497102687697,0.0194102897312302,0.8707297496535512,1.23,-0.577578217917606,0.9752875992119088,-0.32515223918686,0.0039538804384426,0.0069208117015546,-0.0078887121271189,1,18.600000381469727,20.309999465942383,3.4540003814697258,11.8,11.825,real_post_mid,1.1800000000000002,2.6,-123.09999999999987,-0.0072411764705882274
HCA,2025-09-30,2025-10-24,1.0,416.62,334.32,7.3,33.72,5.726,5.98,5.376,19.0,5.713,5.723,5.7209,5.5921,1.0,0.0,2.0,3.0,18559790490.0,18847000000.0,18359000000.0,19.0,26790.4,24107.61,2220.43,1124.73,6.36,1.55,7.76,24.36,6.05,7.97,8.64,0.34,0.34,440.0,470.0,440.0,2025-11-21,16.3,15.85,32.15,7.306818181818181,33.45,4.1,37.55,491.0,51.0,0.31731,0.33682,0.327065,0.26365,19.389112255973583,-0.0438999999999999,76.0,30.0,1.0380059230009873,29.0,6.818181818181812,1,0.4886363636363686,2025-10-23,672.0,667.9566650390625,0.1417,0.1502399999999999,0.15634,0.0085399999999999,0.01464,0,0.17097,0.1207971428571428,0.0501728571428571,0.0041835714285714,0.2940608984021704,0.1380646544791722,0.5776892430278885,0.0957400480197699,0.1327578126884584,0.0089421873115415,0.721163192440073,1.22,-0.5910749180020092,0.7103958530594358,-0.3617906967991998,0.0168321092846701,0.0161246788225628,-0.0020056001411662,1,17.299999237060547,19.649999618530273,3.129999237060547,32.15,37.55,real_post_mid,3.215,2.6,-864.0999999999999,-0.01963863636363636
KDP,2025-09-30,2025-10-27,1.0,25.5,33.85,14.63,-13.65,0.5376,0.55,0.52,16.0,0.5378,0.5382,0.5408,0.5407,1.0,0.0,1.0,4.0,4155046000.0,4179000000.0,4088000000.0,13.0,8460.06,8367.15,40.62,38.51,6.14,14.53,3.96,8.89,16.67,0.19,4.3,-1.21,-0.38,27.0,29.0,27.0,2025-11-21,1.25,0.95,2.2,8.148148148148149,2.125,0.175,2.3,27.74,0.7399999999999984,0.37584,0.35633,0.366085,0.283165,22.650477348156848,-0.0390149999999999,128783.0,1108.0,0.1944172632229489,28.0,7.407407407407418,1,0.7407407407407307,2025-10-24,677.0,673.4155883789062,0.13195,0.144955,0.1486714285714285,0.0130049999999999,0.0167214285714285,0,0.16122,0.11244,0.04878,0.0048799999999999,0.1250480461242795,0.1087932236101431,0.4382470119521912,0.1010009035733064,0.1335934369054825,-0.0016434369054825,0.756031927262749,1.29,-0.1666463649835814,4.862218791866703,0.3897016006457903,0.0193560707689102,0.0291771361442043,0.0,1,16.3700008392334,19.200000762939453,3.175000839233398,2.2,2.3,real_post_mid,0.22000000000000003,2.6,-34.599999999999966,-0.012814814814814801
WM,2025-09-30,2025-10-27,0.0,218.69,235.56,-2.25,-9.25,2.0126,2.1466,1.84,22.0,2.0221,2.0276,2.026,2.0689,0.0,0.0,2.0,7.0,6498204660.0,6561803000.0,6446664850.0,20.0,5095.98,4985.66,73.52,183.12,19.03,6.85,10.87,5.49,14.97,18.56,11.25,0.25,-1.29,220.0,200.0,220.0,2025-11-21,3.75,8.399999999999999,12.15,5.5227272727272725,0.45,15.8,16.25,216.62,3.3799999999999955,0.23926,0.23926,0.23926,0.19536,18.348240407924433,-0.03414,1046.0,250.0,1.1109280615046675,28.0,9.090909090909092,0,-3.568181818181821,2025-10-24,677.0,673.4155883789062,0.13195,0.144955,0.1486714285714285,0.0130049999999999,0.0167214285714285,0,0.16122,0.11244,0.04878,0.0048799999999999,0.1250480461242795,0.1087932236101431,0.4382470119521912,0.1010009035733064,0.1335934369054825,-0.0016434369054825,0.756031927262749,1.29,-0.1666463649835814,4.862218791866703,0.3897016006457903,0.0193560707689102,0.0291771361442043,0.0,1,16.3700008392334,19.200000762939453,3.175000839233398,12.149999999999999,16.25,real_post_mid,1.2149999999999999,2.6,-534.1000000000001,-0.024277272727272734
WELL,2025-09-30,2025-10-27,0.0,174.9,165.96,4.41,10.03,0.53,0.53,0.53,1.0,0.0,0.0,0.0,0.49,0.0,0.0,0.0,0.0,2703492440.0,2817000000.0,2566348740.0,4.0,17458.4,14304.8,1168.0,1253.76,40.35,5.34,25.93,7.14,12.5,52.63,85.75,1.79,4.31,180.0,180.0,180.0,2025-11-21,4.25,6.05,10.3,5.722222222222222,4.25,4.0,8.25,199.93,19.930000000000007,0.24902,0.26853,0.258775,0.22463,13.19486039996135,-0.0390249999999999,1175.0,977.0,0.1288998357963875,28.0,0.0,1,5.722222222222222,2025-10-24,677.0,673.4155883789062,0.13195,0.144955,0.1486714285714285,0.0130049999999999,0.0167214285714285,0,0.16122,0.11244,0.04878,0.0048799999999999,0.1250480461242795,0.1087932236101431,0.4382470119521912,0.1010009035733064,0.1335934369054825,-0.0016434369054825,0.756031927262749,1.29,-0.1666463649835814,4.862218791866703,0.3897016006457903,0.0193560707689102,0.0291771361442043,0.0,1,16.3700008392334,19.200000762939453,3.175000839233398,10.3,8.25,real_post_mid,1.03,2.6,99.40000000000008,0.005522222222222226
UHS,2025-09-30,2025-10-27,1.0,200.85,162.82,6.56,31.45,4.9293,5.98,4.3,14.0,4.8785,4.6648,4.6648,4.5178,3.0,0.0,5.0,0.0,4356468880.0,4497852000.0,4271700000.0,16.0,27847.33,24955.13,1627.78,596.65,9.63,4.49,10.07,24.13,10.54,14.26,14.64,0.15,0.51,210.0,220.0,210.0,2025-11-21,10.0,8.95,18.95,9.023809523809522,13.15,2.85,15.999999999999998,231.92,21.919999999999987,0.40511,0.41487,0.40999,0.297795,27.36530159272177,-0.09756,593.0,9.0,0.205607476635514,28.0,4.761904761904767,1,4.261904761904755,2025-10-24,677.0,673.4155883789062,0.13195,0.144955,0.1486714285714285,0.0130049999999999,0.0167214285714285,0,0.16122,0.11244,0.04878,0.0048799999999999,0.1250480461242795,0.1087932236101431,0.4382470119521912,0.1010009035733064,0.1335934369054825,-0.0016434369054825,0.756031927262749,1.29,-0.1666463649835814,4.862218791866703,0.3897016006457903,0.0193560707689102,0.0291771361442043,0.0,1,16.3700008392334,19.200000762939453,3.175000839233398,18.95,15.999999999999998,real_post_mid,1.895,2.6,102.9000000000001,0.004900000000000005
RVTY,2025-09-30,2025-10-27,0.0,84.06,94.47,15.58,2.85,1.1387,1.16,1.12,16.0,1.1379,1.1351,1.1351,1.2732,1.0,0.0,2.0,0.0,699573420.0,702369000.0,695700000.0,15.0,2745.58,2491.02,-579.36,925.18,4.13,8.35,77.27,-3.28,16.83,-11.1,-10.6,-1.23,-2.08,100.0,95.0,100.0,2025-11-21,6.65,7.35,14.0,14.000000000000002,1.825,5.1,6.925,98.27,1.730000000000004,0.63925,0.6295,0.6343749999999999,0.370965,41.52275862068965,-0.2243849999999999,29.0,67.0,1.5959821428571428,28.0,5.000000000000004,1,8.999999999999996,2025-10-24,677.0,673.4155883789062,0.13195,0.144955,0.1486714285714285,0.0130049999999999,0.0167214285714285,0,0.16122,0.11244,0.04878,0.0048799999999999,0.1250480461242795,0.1087932236101431,0.4382470119521912,0.1010009035733064,0.1335934369054825,-0.0016434369054825,0.756031927262749,1.29,-0.1666463649835814,4.862218791866703,0.3897016006457903,0.0193560707689102,0.0291771361442043,0.0,1,16.3700008392334,19.200000762939453,3.175000839233398,14.0,6.925,real_post_mid,1.4000000000000001,2.6,564.9,0.05649
PFG,2025-09-30,2025-10-27,0.0,82.62,80.19,-3.69,-0.77,2.1998,2.27,2.124,12.0,2.2049,2.1704,2.1704,2.1567,7.0,0.0,8.0,1.0,4138100000.0,4139000000.0,4137200000.0,2.0,10862.24,10354.24,72.43,334.86,-14.83,-0.67,-0.46,32.52,19.34,13.34,13.34,8.12,3.4,80.0,85.0,80.0,2025-11-21,2.825,2.8499999999999996,5.675,7.09375,3.85,1.45,5.3,84.29,4.290000000000006,0.32707,0.31731,0.32219,0.27341,15.140134703125485,-0.0536599999999999,239.0,1.0,8.0,28.0,6.25,1,0.84375,2025-10-24,677.0,673.4155883789062,0.13195,0.144955,0.1486714285714285,0.0130049999999999,0.0167214285714285,0,0.16122,0.11244,0.04878,0.0048799999999999,0.1250480461242795,0.1087932236101431,0.4382470119521912,0.1010009035733064,0.1335934369054825,-0.0016434369054825,0.756031927262749,1.29,-0.1666463649835814,4.862218791866703,0.3897016006457903,0.0193560707689102,0.0291771361442043,0.0,1,16.3700008392334,19.200000762939453,3.175000839233398,5.675,5.3,real_post_mid,0.5675,2.6,-21.85,-0.00273125
NXPI,2025-09-30,2025-10-27,0.0,226.04,226.74,-1.98,-2.28,3.1184,3.3162,2.85,26.0,3.1184,3.1187,3.1187,3.1187,1.0,0.0,2.0,0.0,3155778830.0,3203215000.0,3007000000.0,27.0,7531.46,7326.56,62.35,53.37,-6.43,3.21,-5.83,-15.0,3.03,-18.39,-23.33,-2.9,-5.17,220.0,212.5,220.0,2025-10-31,6.85,7.45,14.3,6.5,1.275,8.850000000000001,10.125000000000002,209.12,10.879999999999995,0.59047,0.59047,0.59047,0.517305,12.390976679594226,-0.160965,273.0,99.0,1.088855869242199,7.0,3.409090909090906,1,3.090909090909094,2025-10-24,677.0,673.4155883789062,0.13195,0.144955,0.1486714285714285,0.0130049999999999,0.0167214285714285,0,0.16122,0.11244,0.04878,0.0048799999999999,0.1250480461242795,0.1087932236101431,0.4382470119521912,0.1010009035733064,0.1335934369054825,-0.0016434369054825,0.756031927262749,1.29,-0.1666463649835814,4.862218791866703,0.3897016006457903,0.0193560707689102,0.0291771361442043,0.0,1,16.3700008392334,19.200000762939453,3.175000839233398,14.3,10.125000000000002,real_post_mid,1.4300000000000002,2.6,271.89999999999986,0.012359090909090903
HIG,2025-09-30,2025-10-27,1.0,133.11,124.64,-6.12,0.26,3.2146,3.65,2.5592,20.0,3.1904,3.0098,3.0098,2.9368,8.0,0.0,11.0,2.0,7213064810.0,7241287620.0,7184842000.0,2.0,20491.97,18653.36,992.82,536.9,7.99,3.19,8.21,36.4,55.0,37.86,36.62,3.67,3.73,125.0,125.0,125.0,2025-11-21,4.15,3.2,7.35,5.880000000000001,1.25,3.5999999999999996,4.85,136.45,11.449999999999989,0.27829,0.24902,0.263655,0.18073,31.45208700764255,-0.0243949999999999,34.0,19.0,3.442105263157895,28.0,0.0,1,5.880000000000001,2025-10-24,677.0,673.4155883789062,0.13195,0.144955,0.1486714285714285,0.0130049999999999,0.0167214285714285,0,0.16122,0.11244,0.04878,0.0048799999999999,0.1250480461242795,0.1087932236101431,0.4382470119521912,0.1010009035733064,0.1335934369054825,-0.0016434369054825,0.756031927262749,1.29,-0.1666463649835814,4.862218791866703,0.3897016006457903,0.0193560707689102,0.0291771361442043,0.0,1,16.3700008392334,19.200000762939453,3.175000839233398,7.3500000000000005,4.85,real_post_mid,0.7350000000000001,2.6,173.9000000000001,0.013912000000000008
CINF,2025-09-30,2025-10-27,1.0,156.9,152.42,0.47,3.42,2.0588,2.35,1.5,8.0,1.8922,1.6854,1.6768,1.633,2.0,0.0,4.0,0.0,2877566670.0,2898000000.0,2865000000.0,3.0,27776.35,22832.35,2232.32,1265.03,27.67,26.58,18.31,52.71,920.83,107.01,117.25,0.0,11.03,155.0,150.0,155.0,2025-11-21,5.75,3.5,9.25,5.967741935483871,1.825,4.7,6.525,166.02,11.02000000000001,0.26853,0.25877,0.26365,0.21,20.348947468234403,-0.03414,650.0,8.0,0.1206896551724138,28.0,3.2258064516129004,1,2.74193548387097,2025-10-24,677.0,673.4155883789062,0.13195,0.144955,0.1486714285714285,0.0130049999999999,0.0167214285714285,0,0.16122,0.11244,0.04878,0.0048799999999999,0.1250480461242795,0.1087932236101431,0.4382470119521912,0.1010009035733064,0.1335934369054825,-0.0016434369054825,0.756031927262749,1.29,-0.1666463649835814,4.862218791866703,0.3897016006457903,0.0193560707689102,0.0291771361442043,0.0,1,16.3700008392334,19.200000762939453,3.175000839233398,9.25,6.525,real_post_mid,0.925,2.6,177.39999999999998,0.011445161290322579
BRO,2025-09-30,2025-10-27,1.0,93.78,91.91,-6.42,-4.52,0.9299,0.99,0.88,13.0,0.9321,0.9237,0.932,0.9372,3.0,0.0,6.0,3.0,1538908040.0,1599000000.0,1448426000.0,7.0,4225.76,3997.34,168.43,153.43,8.23,-9.82,10.51,10.75,-20.16,-5.96,-1.17,-0.55,-2.57,90.0,85.0,90.0,2025-11-21,2.275,3.825,6.1,6.777777777777777,0.35,7.65,8.0,80.32,9.680000000000009,0.30755,0.2978,0.302675,0.23926,20.951515652102096,-0.0439,1041.0,68.0,0.5445544554455446,28.0,5.555555555555558,1,1.2222222222222188,2025-10-24,677.0,673.4155883789062,0.13195,0.144955,0.1486714285714285,0.0130049999999999,0.0167214285714285,0,0.16122,0.11244,0.04878,0.0048799999999999,0.1250480461242795,0.1087932236101431,0.4382470119521912,0.1010009035733064,0.1335934369054825,-0.0016434369054825,0.756031927262749,1.29,-0.1666463649835814,4.862218791866703,0.3897016006457903,0.0193560707689102,0.0291771361442043,0.0,1,16.3700008392334,19.200000762939453,3.175000839233398,6.1,8.0,real_post_mid,0.61,2.6,-253.60000000000002,-0.02817777777777778
ARE,2025-09-30,2025-10-27,1.0,83.85,79.48,-7.13,-2.03,0.39,0.39,0.39,1.0,0.39,0.0,0.6431,0.6431,0.0,0.0,0.0,1.0,754358240.0,770845000.0,735108210.0,7.0,-1992.96,-618.48,-217.12,578.91,0.91,2.54,5.33,-45.45,-5.88,13.0,151.03,-0.68,39.91,77.5,65.0,77.5,2025-11-21,2.7,2.325,5.025,6.483870967741937,0.12,14.4,14.519999999999998,50.89,26.61,0.30755,0.27829,0.2929199999999999,0.346575,-18.31728799672268,0.0439,313.0,45.0,0.4501347708894879,28.0,16.129032258064512,0,-9.645161290322577,2025-10-24,677.0,673.4155883789062,0.13195,0.144955,0.1486714285714285,0.0130049999999999,0.0167214285714285,0,0.16122,0.11244,0.04878,0.0048799999999999,0.1250480461242795,0.1087932236101431,0.4382470119521912,0.1010009035733064,0.1335934369054825,-0.0016434369054825,0.756031927262749,1.29,-0.1666463649835814,4.862218791866703,0.3897016006457903,0.0193560707689102,0.0291771361442043,0.0,1,16.3700008392334,19.200000762939453,3.175000839233398,5.025,14.519999999999998,real_post_mid,0.5025000000000001,2.6,-1002.3499999999997,-0.1293354838709677
ACGL,2025-09-30,2025-10-27,1.0,90.88,86.12,-5.44,-0.21,2.2545,2.64,1.8231,17.0,1.9321,1.6956,1.7144,1.6685,6.0,0.0,10.0,0.0,4410000000.0,4436000000.0,4395000000.0,3.0,17934.24,15992.45,1007.87,347.75,22.43,8.3,26.29,0.39,67.53,8.24,22.27,-2.32,-0.04,85.0,85.0,85.0,2025-11-21,4.4,1.725,6.125,7.205882352941176,2.7249999999999996,2.3,5.0249999999999995,92.46,7.459999999999994,0.31731,0.28804,0.302675,0.2880399999999999,4.835219294622966,-0.01951,27.0,0.0,0.2058823529411764,28.0,0.0,1,7.205882352941176,2025-10-24,677.0,673.4155883789062,0.13195,0.144955,0.1486714285714285,0.0130049999999999,0.0167214285714285,0,0.16122,0.11244,0.04878,0.0048799999999999,0.1250480461242795,0.1087932236101431,0.4382470119521912,0.1010009035733064,0.1335934369054825,-0.0016434369054825,0.756031927262749,1.29,-0.1666463649835814,4.862218791866703,0.3897016006457903,0.0193560707689102,0.0291771361442043,0.0,1,16.3700008392334,19.200000762939453,3.175000839233398,6.125,5.0249999999999995,real_post_mid,0.6125,2.6,46.15000000000005,0.005429411764705888
EG,2025-09-30,2025-10-27,0.0,349.11,332.28,-1.47,3.52,14.5182,18.91,9.553,15.0,13.8748,9.309,9.302,9.4051,7.0,0.0,10.0,0.0,3827500000.0,3921000000.0,3706000000.0,4.0,106978.72,101327.55,-6654.26,12561.52,6.56,3.92,12.37,3.03,254.29,-1.84,-1.84,-0.21,-1.66,350.0,310.0,350.0,2025-11-21,10.85,11.45,22.299999999999997,6.371428571428571,1.375,44.5,45.875,311.34,38.660000000000025,0.27829,0.2978,0.288045,0.27341,5.0808033466993034,-0.0487849999999999,174.0,3.0,0.0,28.0,11.428571428571432,0,-5.057142857142861,2025-10-24,677.0,673.4155883789062,0.13195,0.144955,0.1486714285714285,0.0130049999999999,0.0167214285714285,0,0.16122,0.11244,0.04878,0.0048799999999999,0.1250480461242795,0.1087932236101431,0.4382470119521912,0.1010009035733064,0.1335934369054825,-0.0016434369054825,0.756031927262749,1.29,-0.1666463649835814,4.862218791866703,0.3897016006457903,0.0193560707689102,0.0291771361442043,0.0,1,16.3700008392334,19.200000762939453,3.175000839233398,22.299999999999997,45.875,real_post_mid,2.23,2.6,-2583.1000000000004,-0.07380285714285716
OKE,2025-09-30,2025-10-28,1.0,73.89,82.19,-6.48,-15.93,1.4474,1.58,1.28,8.0,1.4712,1.4765,1.4765,1.4838,1.0,0.0,2.0,3.0,8542723080.0,10155077000.0,7395000000.0,4.0,3374.11,3670.32,-170.37,425.07,61.16,-1.94,35.17,0.75,28.85,21.23,18.23,-6.02,-6.69,67.5,67.5,65.0,2025-11-21,4.9,1.075,5.9750000000000005,8.851851851851853,2.95,1.275,4.225,70.53,5.530000000000001,0.26853,0.39536,0.331945,0.283165,14.695205531036764,-0.0048799999999999,179.0,16.0,1.590062111801242,25.0,0.0,1,8.851851851851853,2025-10-27,686.0,681.3603515625,0.13195,0.13885625,0.14658,0.00690625,0.0146299999999999,0,0.15146,0.1152257142857142,0.0362342857142857,0.0013928571428571,0.1250480461242795,0.1087932236101431,0.4422310756972111,0.106917664401624,0.1376224413581826,-0.0056724413581826,0.7768912057253448,1.52,1.2822694085059183,11.506924388371155,1.460068247545338,0.0207656916758378,0.0353871889360914,0.0,1,15.789999961853027,18.989999771118164,2.594999961853027,5.9750000000000005,4.225,real_post_mid,0.5975,2.6,112.65000000000008,0.0166888888888889
ZBRA,2025-09-30,2025-10-28,1.0,299.77,332.39,-8.49,-17.47,3.7523,3.9,3.67,17.0,3.7523,3.7438,3.7438,3.4351,1.0,0.0,1.0,0.0,1316551400.0,1340000000.0,1304878000.0,15.0,23346.53,21827.98,735.67,363.88,6.24,-1.15,11.41,13.52,-10.2,2.49,9.58,-0.76,0.43,310.0,270.0,310.0,2025-11-21,19.75,15.15,34.9,11.258064516129032,2.05,39.75,41.8,240.95,69.05000000000001,0.59047,0.49292,0.541695,0.43438,19.81096373420468,-0.11707,44.0,53.0,1.763076923076923,25.0,12.903225806451612,0,-1.64516129032258,2025-10-27,686.0,681.3603515625,0.13195,0.13885625,0.14658,0.00690625,0.0146299999999999,0,0.15146,0.1152257142857142,0.0362342857142857,0.0013928571428571,0.1250480461242795,0.1087932236101431,0.4422310756972111,0.106917664401624,0.1376224413581826,-0.0056724413581826,0.7768912057253448,1.52,1.2822694085059183,11.506924388371155,1.460068247545338,0.0207656916758378,0.0353871889360914,0.0,1,15.789999961853027,18.989999771118164,2.594999961853027,34.9,41.8,real_post_mid,3.49,2.6,-1041.5999999999997,-0.03359999999999999
PYPL,2025-09-30,2025-10-28,1.0,67.3,69.71,8.5,4.75,1.2045,1.4,1.15,33.0,1.2119,1.2172,1.206,1.199,3.0,0.0,4.0,9.0,8234777020.0,8472000000.0,7981000000.0,32.0,7015.78,6701.24,222.43,149.94,5.11,6.38,5.59,8.4,-3.01,7.24,13.51,0.62,1.35,70.0,70.0,70.0,2025-10-31,3.1500000000000004,2.8600000000000003,6.010000000000001,8.585714285714287,1.02,1.335,2.355,69.27,0.730000000000004,1.02949,1.02949,1.02949,0.566085,45.013064721366895,-0.57072,8171.0,3952.0,0.6095424798353669,4.0,0.0,1,8.585714285714287,2025-10-27,686.0,681.3603515625,0.13195,0.13885625,0.14658,0.00690625,0.0146299999999999,0,0.15146,0.1152257142857142,0.0362342857142857,0.0013928571428571,0.1250480461242795,0.1087932236101431,0.4422310756972111,0.106917664401624,0.1376224413581826,-0.0056724413581826,0.7768912057253448,1.52,1.2822694085059183,11.506924388371155,1.460068247545338,0.0207656916758378,0.0353871889360914,0.0,1,15.789999961853027,18.989999771118164,2.594999961853027,6.010000000000001,2.355,real_post_mid,0.6010000000000001,2.6,302.80000000000007,0.04325714285714287
RCL,2025-09-30,2025-10-28,1.0,326.89,331.15,-10.38,-11.54,5.6798,5.82,5.58,21.0,5.6755,5.6542,5.6473,5.8316,4.0,0.0,9.0,0.0,5168342070.0,5226000000.0,5140000000.0,20.0,-3180.7,-4186.02,411.11,191.4,10.41,13.48,15.48,36.45,61.62,20.08,20.93,2.05,2.55,320.0,280.0,320.0,2025-10-31,12.4,12.025,24.425,7.6328125,0.05,39.400000000000006,39.45,286.83,33.170000000000016,0.91242,0.91242,0.91242,0.45389,50.254268867407546,-0.443895,295.0,530.0,2.004697592483852,4.0,12.5,0,-4.8671875,2025-10-27,686.0,681.3603515625,0.13195,0.13885625,0.14658,0.00690625,0.0146299999999999,0,0.15146,0.1152257142857142,0.0362342857142857,0.0013928571428571,0.1250480461242795,0.1087932236101431,0.4422310756972111,0.106917664401624,0.1376224413581826,-0.0056724413581826,0.7768912057253448,1.52,1.2822694085059183,11.506924388371155,1.460068247545338,0.0207656916758378,0.0353871889360914,0.0,1,15.789999961853027,18.989999771118164,2.594999961853027,24.425,39.45,real_post_mid,2.4425000000000003,2.6,-1749.35,-0.0546671875
REG,2025-09-30,2025-10-28,1.0,71.52,72.31,0.03,-1.06,0.5545,0.59,0.4963,5.0,0.5545,0.5521,0.5345,0.5458,0.0,0.0,0.0,0.0,375495790.0,378198000.0,373298000.0,4.0,8860.32,8759.04,79.68,53.98,6.78,-0.2,8.49,3.7,-3.45,10.13,9.4,0.97,1.59,75.0,70.0,75.0,2025-11-21,0.875,2.775,3.65,4.866666666666666,0.28,5.5,5.78,70.87,4.1299999999999955,0.20024,0.23926,0.21975,0.239265,-8.880546075085325,0.014635,122.0,6.0,0.0,25.0,6.666666666666665,0,-1.799999999999999,2025-10-27,686.0,681.3603515625,0.13195,0.13885625,0.14658,0.00690625,0.0146299999999999,0,0.15146,0.1152257142857142,0.0362342857142857,0.0013928571428571,0.1250480461242795,0.1087932236101431,0.4422310756972111,0.106917664401624,0.1376224413581826,-0.0056724413581826,0.7768912057253448,1.52,1.2822694085059183,11.506924388371155,1.460068247545338,0.0207656916758378,0.0353871889360914,0.0,1,15.789999961853027,18.989999771118164,2.594999961853027,3.65,5.78,real_post_mid,0.365,2.6,-252.1,-0.033613333333333335
REGN,2025-09-30,2025-10-28,1.0,563.9,554.58,16.06,18.01,9.6446,10.57,7.61,23.0,9.6765,9.6706,9.667,9.1438,1.0,0.0,5.0,9.0,3589088000.0,3797000000.0,3489910000.0,21.0,99223.07,89846.79,4769.86,3927.32,3.62,21.36,6.28,11.51,56.81,-6.02,0.93,-0.88,-0.78,585.0,650.0,585.0,2025-10-31,15.65,16.05,31.700000000000003,5.418803418803419,68.0,2.4,70.4,651.8,66.79999999999995,0.6295,0.66852,0.64901,0.39048,39.83451718771667,-0.2487749999999999,4.0,46.0,1.303125,4.0,11.111111111111116,0,-5.692307692307697,2025-10-27,686.0,681.3603515625,0.13195,0.13885625,0.14658,0.00690625,0.0146299999999999,0,0.15146,0.1152257142857142,0.0362342857142857,0.0013928571428571,0.1250480461242795,0.1087932236101431,0.4422310756972111,0.106917664401624,0.1376224413581826,-0.0056724413581826,0.7768912057253448,1.52,1.2822694085059183,11.506924388371155,1.460068247545338,0.0207656916758378,0.0353871889360914,0.0,1,15.789999961853027,18.989999771118164,2.594999961853027,31.700000000000003,70.4,real_post_mid,3.1700000000000004,2.6,-4189.6,-0.07161709401709403
SHW,2025-09-30,2025-10-28,1.0,341.91,331.98,3.67,6.77,3.4394,3.55,3.31,22.0,3.4459,3.4646,3.4668,3.4649,0.0,0.0,0.0,9.0,6197356730.0,6280600000.0,6077000000.0,18.0,-85229.15,-84521.0,-145.0,516.96,0.69,19.01,0.18,-8.65,50.22,-12.29,-10.75,0.53,-2.23,340.0,350.0,340.0,2025-11-21,9.35,13.95,23.299999999999997,6.852941176470588,11.85,5.4,17.25,337.06,2.9399999999999977,0.30755,0.35633,0.33194,0.239265,27.919202265469668,-0.06829,149.0,60.0,0.3489631982066131,25.0,2.941176470588225,1,3.911764705882363,2025-10-27,686.0,681.3603515625,0.13195,0.13885625,0.14658,0.00690625,0.0146299999999999,0,0.15146,0.1152257142857142,0.0362342857142857,0.0013928571428571,0.1250480461242795,0.1087932236101431,0.4422310756972111,0.106917664401624,0.1376224413581826,-0.0056724413581826,0.7768912057253448,1.52,1.2822694085059183,11.506924388371155,1.460068247545338,0.0207656916758378,0.0353871889360914,0.0,1,15.789999961853027,18.989999771118164,2.594999961853027,23.299999999999997,17.25,real_post_mid,2.3299999999999996,2.6,369.39999999999975,0.010864705882352934
TER,2025-09-30,2025-10-28,1.0,135.31,107.65,6.7,34.12,0.7911,0.85,0.75,16.0,0.7911,0.7911,0.7911,0.8825,0.0,0.0,2.0,11.0,743853930.0,763585000.0,735000000.0,13.0,10582.24,10146.08,230.68,134.62,-10.7,-4.94,3.93,-33.72,-24.0,-48.73,-56.86,-1.11,-14.9,150.0,175.0,150.0,2025-11-21,9.45,11.3,20.75,13.833333333333334,26.6,1.75,28.35,158.91,8.909999999999997,0.67828,0.65876,0.66852,0.53194,20.43020403278885,-0.12195,827.0,42.0,0.5955882352941176,25.0,16.666666666666675,0,-2.833333333333341,2025-10-27,686.0,681.3603515625,0.13195,0.13885625,0.14658,0.00690625,0.0146299999999999,0,0.15146,0.1152257142857142,0.0362342857142857,0.0013928571428571,0.1250480461242795,0.1087932236101431,0.4422310756972111,0.106917664401624,0.1376224413581826,-0.0056724413581826,0.7768912057253448,1.52,1.2822694085059183,11.506924388371155,1.460068247545338,0.0207656916758378,0.0353871889360914,0.0,1,15.789999961853027,18.989999771118164,2.594999961853027,20.75,28.35,real_post_mid,2.075,2.6,-970.1000000000001,-0.06467333333333335
SYY,2025-09-30,2025-10-28,1.0,81.94,80.11,-7.38,-5.27,1.1212,1.1593,1.1085,15.0,1.1197,1.1163,1.1157,1.1402,1.0,0.0,0.0,1.0,21079209060.0,21240000000.0,20774000000.0,12.0,2273.38,1644.19,339.82,503.43,1.13,-2.74,3.62,0.0,-27.82,-5.82,-5.68,-0.35,-0.26,77.5,75.0,77.5,2025-11-21,2.325,1.7000000000000002,4.025,5.193548387096775,0.36,3.5,3.86,76.63,0.8700000000000045,0.23926,0.24902,0.24414,0.185605,23.97599737855328,-0.029265,1174.0,110.0,1.5225375626043405,25.0,3.2258064516129004,1,1.9677419354838743,2025-10-27,686.0,681.3603515625,0.13195,0.13885625,0.14658,0.00690625,0.0146299999999999,0,0.15146,0.1152257142857142,0.0362342857142857,0.0013928571428571,0.1250480461242795,0.1087932236101431,0.4422310756972111,0.106917664401624,0.1376224413581826,-0.0056724413581826,0.7768912057253448,1.52,1.2822694085059183,11.506924388371155,1.460068247545338,0.0207656916758378,0.0353871889360914,0.0,1,15.789999961853027,18.989999771118164,2.594999961853027,4.025,3.86,real_post_mid,0.4025000000000001,2.6,-26.349999999999962,-0.003399999999999995
UNH,2025-09-30,2025-10-28,1.0,344.08,266.04,6.91,38.26,2.8081,3.566,2.22,23.0,2.8448,2.8694,2.8117,4.6507,0.0,0.0,2.0,3.0,113057137470.0,114512000000.0,109935000000.0,19.0,44874.24,45699.97,-261.03,422.03,12.91,1.86,9.0,-40.0,-43.33,-19.26,-34.6,-4.38,-3.36,367.5,355.0,367.5,2025-10-31,10.825,10.825,21.65,5.891156462585034,1.24,12.8,14.04,341.56,25.94,0.74657,0.65876,0.702665,0.46853,33.32099933823372,-0.32682,494.0,1008.0,0.5389063030839151,4.0,3.401360544217691,1,2.489795918367343,2025-10-27,686.0,681.3603515625,0.13195,0.13885625,0.14658,0.00690625,0.0146299999999999,0,0.15146,0.1152257142857142,0.0362342857142857,0.0013928571428571,0.1250480461242795,0.1087932236101431,0.4422310756972111,0.106917664401624,0.1376224413581826,-0.0056724413581826,0.7768912057253448,1.52,1.2822694085059183,11.506924388371155,1.460068247545338,0.0207656916758378,0.0353871889360914,0.0,1,15.789999961853027,18.989999771118164,2.594999961853027,21.65,14.04,real_post_mid,2.165,2.6,541.8999999999999,0.014745578231292513
UPS,2025-09-30,2025-10-28,1.0,83.72,87.18,15.1,10.53,1.2991,1.49,1.1,25.0,1.3071,1.3274,1.3458,1.5292,0.0,0.0,2.0,11.0,20839585890.0,21575000000.0,20145000000.0,21.0,12729.57,12393.48,398.79,376.17,-2.53,-1.25,0.4,-13.41,4.03,-4.38,-5.55,0.47,-0.27,89.0,97.0,89.0,2025-10-31,3.45,3.25,6.7,7.528089887640449,8.5,0.025,8.525,96.42,7.420000000000002,0.89291,0.91242,0.902665,0.36121,59.98404723790111,-0.48292,2446.0,2680.0,0.8167441739289018,4.0,8.98876404494382,0,-1.460674157303372,2025-10-27,686.0,681.3603515625,0.13195,0.13885625,0.14658,0.00690625,0.0146299999999999,0,0.15146,0.1152257142857142,0.0362342857142857,0.0013928571428571,0.1250480461242795,0.1087932236101431,0.4422310756972111,0.106917664401624,0.1376224413581826,-0.0056724413581826,0.7768912057253448,1.52,1.2822694085059183,11.506924388371155,1.460068247545338,0.0207656916758378,0.0353871889360914,0.0,1,15.789999961853027,18.989999771118164,2.594999961853027,6.7,8.525,real_post_mid,0.67,2.6,-252.1,-0.028325842696629213
VLTO,2025-09-30,2025-10-28,1.0,104.63,105.78,-2.01,-3.07,0.9462,0.98,0.92,13.0,0.9462,0.9462,0.9462,0.9252,0.0,0.0,0.0,1.0,1398319070.0,1412000000.0,1380000000.0,15.0,2862.24,2476.93,142.4,90.79,6.44,2.93,,9.41,-2.11,4.4,4.68,0.64,-0.38,105.0,100.0,105.0,2025-11-21,1.65,3.1500000000000004,4.800000000000001,4.571428571428572,1.475,6.199999999999999,7.674999999999999,98.98,6.019999999999996,0.18073,0.25877,0.21975,0.21975,0.0,0.009755,1.0,0.0,0.0,25.0,4.761904761904767,0,-0.1904761904761951,2025-10-27,686.0,681.3603515625,0.13195,0.13885625,0.14658,0.00690625,0.0146299999999999,0,0.15146,0.1152257142857142,0.0362342857142857,0.0013928571428571,0.1250480461242795,0.1087932236101431,0.4422310756972111,0.106917664401624,0.1376224413581826,-0.0056724413581826,0.7768912057253448,1.52,1.2822694085059183,11.506924388371155,1.460068247545338,0.0207656916758378,0.0353871889360914,0.0,1,15.789999961853027,18.989999771118164,2.594999961853027,4.800000000000001,7.674999999999999,real_post_mid,0.4800000000000001,2.6,-338.09999999999985,-0.032199999999999986
XYL,2025-09-30,2025-10-28,1.0,143.03,130.6,5.22,15.24,1.2333,1.26,1.2,18.0,1.232,1.231,1.2305,1.1859,2.0,0.0,4.0,1.0,2222389100.0,2260000000.0,2200213750.0,18.0,6216.54,5714.34,307.86,87.09,6.09,11.21,10.21,15.6,22.33,12.41,20.55,1.01,1.6,150.0,155.0,150.0,2025-11-21,4.6,4.9,9.5,6.333333333333334,4.5,1.95,6.45,140.39,9.610000000000014,0.2978,0.30755,0.302675,0.24414,19.33922524159578,-0.078045,897.0,51.0,0.6284584980237155,25.0,3.3333333333333437,1,2.9999999999999902,2025-10-27,686.0,681.3603515625,0.13195,0.13885625,0.14658,0.00690625,0.0146299999999999,0,0.15146,0.1152257142857142,0.0362342857142857,0.0013928571428571,0.1250480461242795,0.1087932236101431,0.4422310756972111,0.106917664401624,0.1376224413581826,-0.0056724413581826,0.7768912057253448,1.52,1.2822694085059183,11.506924388371155,1.460068247545338,0.0207656916758378,0.0353871889360914,0.0,1,15.789999961853027,18.989999771118164,2.594999961853027,9.5,6.45,real_post_mid,0.9500000000000001,2.6,207.39999999999998,0.013826666666666666
NEE,2025-09-30,2025-10-28,1.0,75.85,70.99,10.18,17.72,1.0216,1.12,0.76,16.0,1.0045,0.9497,0.9497,0.9838,3.0,0.0,8.0,1.0,9221660050.0,17638160000.0,7761479000.0,9.0,-50927.52,-51069.09,153.11,114.78,10.4,7.25,-3.86,9.38,6.06,22.06,14.43,4.51,1.0,86.0,82.0,86.0,2025-10-31,1.83,1.77,3.6,4.186046511627907,0.08,4.05,4.13,81.4,4.599999999999994,0.50267,0.50267,0.50267,0.351455,30.08236019655041,-0.2146249999999999,1823.0,2561.0,0.8121666835648382,4.0,4.651162790697672,0,-0.4651162790697647,2025-10-27,686.0,681.3603515625,0.13195,0.13885625,0.14658,0.00690625,0.0146299999999999,0,0.15146,0.1152257142857142,0.0362342857142857,0.0013928571428571,0.1250480461242795,0.1087932236101431,0.4422310756972111,0.106917664401624,0.1376224413581826,-0.0056724413581826,0.7768912057253448,1.52,1.2822694085059183,11.506924388371155,1.460068247545338,0.0207656916758378,0.0353871889360914,0.0,1,15.789999961853027,18.989999771118164,2.594999961853027,3.6,4.13,real_post_mid,0.36000000000000004,2.6,-91.59999999999998,-0.010651162790697673
MSCI,2025-09-30,2025-10-28,1.0,565.42,559.15,5.01,6.19,4.3683,4.482,4.27,15.0,4.3719,4.367,4.3691,4.325,3.0,0.0,4.0,6.0,797827710.0,817000000.0,787400000.0,14.0,13211.68,12565.38,261.7,162.32,9.14,3.6,12.26,14.56,4.25,-1.88,11.14,0.28,0.99,550.0,570.0,550.0,2025-11-21,16.75,20.700000000000003,37.45,6.809090909090909,24.95,6.75,31.7,561.99,11.990000000000007,0.30755,0.34658,0.327065,0.239265,26.844816779539233,-0.06829,380.0,19.0,0.924812030075188,25.0,3.6363636363636376,1,3.172727272727271,2025-10-27,686.0,681.3603515625,0.13195,0.13885625,0.14658,0.00690625,0.0146299999999999,0,0.15146,0.1152257142857142,0.0362342857142857,0.0013928571428571,0.1250480461242795,0.1087932236101431,0.4422310756972111,0.106917664401624,0.1376224413581826,-0.0056724413581826,0.7768912057253448,1.52,1.2822694085059183,11.506924388371155,1.460068247545338,0.0207656916758378,0.0353871889360914,0.0,1,15.789999961853027,18.989999771118164,2.594999961853027,37.45,31.7,real_post_mid,3.7450000000000006,2.6,197.90000000000032,0.003598181818181824
LH,2025-09-30,2025-10-28,1.0,280.61,263.91,-7.46,-1.6,4.1381,4.337,4.04,15.0,4.1914,4.1148,4.1262,4.0644,0.0,0.0,4.0,0.0,3560305370.0,3584700000.0,3532000000.0,13.0,43372.34,42651.18,302.1,151.47,9.51,5.45,7.16,10.41,13.28,12.69,33.82,0.9,2.03,280.0,250.0,280.0,2025-11-21,6.3,9.85,16.15,5.767857142857142,0.37,31.5,31.87,265.64,14.360000000000014,0.27829,0.27829,0.27829,0.22463,19.28204391102806,-0.0390249999999999,296.0,33.0,0.1725352112676056,25.0,10.71428571428571,0,-4.946428571428568,2025-10-27,686.0,681.3603515625,0.13195,0.13885625,0.14658,0.00690625,0.0146299999999999,0,0.15146,0.1152257142857142,0.0362342857142857,0.0013928571428571,0.1250480461242795,0.1087932236101431,0.4422310756972111,0.106917664401624,0.1376224413581826,-0.0056724413581826,0.7768912057253448,1.52,1.2822694085059183,11.506924388371155,1.460068247545338,0.0207656916758378,0.0353871889360914,0.0,1,15.789999961853027,18.989999771118164,2.594999961853027,16.15,31.87,real_post_mid,1.615,2.6,-1736.1,-0.06200357142857143
AMT,2025-09-30,2025-10-28,1.0,194.27,208.74,-5.95,-12.47,1.6536,1.73,1.6089,6.0,1.6532,1.6532,1.6604,1.6478,0.0,0.0,0.0,1.0,2655929390.0,2677400000.0,2620200000.0,14.0,-2576.86,-124.56,-1591.3,3216.91,-9.43,2.5,-2.35,-59.38,-25.0,-12.66,-6.74,2.12,1.31,190.0,180.0,190.0,2025-11-21,5.65,5.9,11.55,6.078947368421053,1.3,11.3,12.6,179.56,10.439999999999998,0.27829,0.30755,0.2929199999999999,0.26853,8.326505530520269,-0.0341449999999999,286.0,118.0,0.7338877338877339,25.0,5.263157894736848,1,0.8157894736842053,2025-10-27,686.0,681.3603515625,0.13195,0.13885625,0.14658,0.00690625,0.0146299999999999,0,0.15146,0.1152257142857142,0.0362342857142857,0.0013928571428571,0.1250480461242795,0.1087932236101431,0.4422310756972111,0.106917664401624,0.1376224413581826,-0.0056724413581826,0.7768912057253448,1.52,1.2822694085059183,11.506924388371155,1.460068247545338,0.0207656916758378,0.0353871889360914,0.0,1,15.789999961853027,18.989999771118164,2.594999961853027,11.55,12.6,real_post_mid,1.155,2.6,-223.0999999999999,-0.01174210526315789
AOS,2025-09-30,2025-10-28,1.0,72.45,70.83,-7.74,-5.63,0.9071,0.96,0.879,14.0,0.9007,0.9007,0.9023,0.9108,1.0,0.0,1.0,1.0,948115070.0,966811200.0,928000000.0,13.0,5361.44,5101.5,159.57,136.12,-1.27,4.92,-1.44,0.94,12.63,-0.57,-0.44,0.69,0.17,70.0,65.0,70.0,2025-11-21,1.55,3.025,4.575,6.5357142857142865,0.525,5.05,5.575,65.1,4.900000000000006,0.28804,0.32707,0.307555,0.258775,15.860577782835604,-0.04878,1212.0,21.0,0.0699912510936133,25.0,7.14285714285714,0,-0.6071428571428532,2025-10-27,686.0,681.3603515625,0.13195,0.13885625,0.14658,0.00690625,0.0146299999999999,0,0.15146,0.1152257142857142,0.0362342857142857,0.0013928571428571,0.1250480461242795,0.1087932236101431,0.4422310756972111,0.106917664401624,0.1376224413581826,-0.0056724413581826,0.7768912057253448,1.52,1.2822694085059183,11.506924388371155,1.460068247545338,0.0207656916758378,0.0353871889360914,0.0,1,15.789999961853027,18.989999771118164,2.594999961853027,4.575,5.575,real_post_mid,0.4575,2.6,-148.35,-0.021192857142857142
BXP,2025-09-30,2025-10-28,0.0,74.82,66.43,-0.98,11.53,0.385,0.45,0.32,2.0,0.45,0.0,0.0,0.43,0.0,0.0,0.0,0.0,851907850.0,864840000.0,833782000.0,3.0,6002.4,2829.6,-184.0,2327.4,2.11,0.37,3.68,12.0,40.0,1.95,2.11,-26.61,0.0,75.0,70.0,75.0,2025-11-21,2.425,2.875,5.3,7.066666666666667,0.7,4.9,5.6000000000000005,70.04,4.959999999999994,0.32707,0.35633,0.3417,0.2929199999999999,14.275680421422312,-0.01951,194.0,10.0,0.72,25.0,6.666666666666665,1,0.4000000000000021,2025-10-27,686.0,681.3603515625,0.13195,0.13885625,0.14658,0.00690625,0.0146299999999999,0,0.15146,0.1152257142857142,0.0362342857142857,0.0013928571428571,0.1250480461242795,0.1087932236101431,0.4422310756972111,0.106917664401624,0.1376224413581826,-0.0056724413581826,0.7768912057253448,1.52,1.2822694085059183,11.506924388371155,1.460068247545338,0.0207656916758378,0.0353871889360914,0.0,1,15.789999961853027,18.989999771118164,2.594999961853027,5.3,5.6000000000000005,real_post_mid,0.53,2.6,-85.60000000000007,-0.011413333333333341
CARR,2025-09-30,2025-10-28,1.0,58.84,68.2,-0.17,-13.87,0.5692,0.8,0.5,21.0,0.6138,0.6715,0.8122,0.9112,0.0,0.0,1.0,9.0,5551578330.0,6355000000.0,5359000000.0,19.0,4130.91,4208.45,3.43,185.08,3.02,17.15,3.68,5.75,95.74,44.99,21.69,4.18,2.21,57.5,60.0,57.5,2025-11-21,3.55,2.5999999999999996,6.1499999999999995,10.695652173913045,4.025,1.0,5.025,52.41,5.090000000000003,0.50267,0.50267,0.50267,0.3465749999999999,31.053176039946685,-0.1219449999999999,510.0,238.0,0.5900783289817232,25.0,4.347826086956519,1,6.347826086956524,2025-10-27,686.0,681.3603515625,0.13195,0.13885625,0.14658,0.00690625,0.0146299999999999,0,0.15146,0.1152257142857142,0.0362342857142857,0.0013928571428571,0.1250480461242795,0.1087932236101431,0.4422310756972111,0.106917664401624,0.1376224413581826,-0.0056724413581826,0.7768912057253448,1.52,1.2822694085059183,11.506924388371155,1.460068247545338,0.0207656916758378,0.0353871889360914,0.0,1,15.789999961853027,18.989999771118164,2.594999961853027,6.1499999999999995,5.025,real_post_mid,0.615,2.6,48.39999999999991,0.00841739130434781
CSGP,2025-09-30,2025-10-28,1.0,83.99,96.25,-6.86,-18.72,0.1888,0.22,0.17,6.0,0.1895,0.1738,0.1802,0.1761,1.0,0.0,1.0,1.0,825203660.0,828400000.0,819000000.0,6.0,-59495.01,-59861.48,198.93,95.44,15.27,6.71,11.97,13.33,-12.01,68.72,-68.94,-1.44,-1.1,80.0,70.0,80.0,2025-11-21,2.7750000000000004,4.4,7.175000000000001,8.96875,0.175,10.55,10.725,67.25,12.75,0.43438,0.42462,0.4295,0.33194,22.714784633294524,-0.08292,2110.0,526.0,0.1171761280931586,25.0,12.5,0,-3.53125,2025-10-27,686.0,681.3603515625,0.13195,0.13885625,0.14658,0.00690625,0.0146299999999999,0,0.15146,0.1152257142857142,0.0362342857142857,0.0013928571428571,0.1250480461242795,0.1087932236101431,0.4422310756972111,0.106917664401624,0.1376224413581826,-0.0056724413581826,0.7768912057253448,1.52,1.2822694085059183,11.506924388371155,1.460068247545338,0.0207656916758378,0.0353871889360914,0.0,1,15.789999961853027,18.989999771118164,2.594999961853027,7.175000000000001,10.725,real_post_mid,0.7175000000000001,2.6,-429.34999999999997,-0.053668749999999994
BKNG,2025-09-30,2025-10-28,1.0,5548.0,5612.91,-7.7,-8.77,95.9174,105.5,92.18,26.0,95.6052,95.6921,95.426,96.3319,5.0,0.0,8.0,0.0,8733171410.0,8965000000.0,8635000000.0,32.0,185715.81,159193.11,11876.11,2921.11,16.03,42.76,11.06,32.22,123.3,-27.5,21.23,0.0,1.42,5260.0,5075.0,5260.0,2025-10-31,139.55,136.65,276.20000000000005,5.250950570342206,14.73,187.8,202.53,5077.74,182.26000000000025,0.63925,0.61974,0.6294949999999999,0.370965,41.06942866901246,-0.3121849999999999,13.0,4.0,0.7558402411454408,4.0,3.5171102661596954,1,1.7338403041825106,2025-10-27,686.0,681.3603515625,0.13195,0.13885625,0.14658,0.00690625,0.0146299999999999,0,0.15146,0.1152257142857142,0.0362342857142857,0.0013928571428571,0.1250480461242795,0.1087932236101431,0.4422310756972111,0.106917664401624,0.1376224413581826,-0.0056724413581826,0.7768912057253448,1.52,1.2822694085059183,11.506924388371155,1.460068247545338,0.0207656916758378,0.0353871889360914,0.0,1,15.789999961853027,18.989999771118164,2.594999961853027,276.20000000000005,202.53,real_post_mid,27.620000000000005,2.6,4602.400000000003,0.008749809885931565
EIX,2025-09-30,2025-10-28,1.0,55.01,51.69,1.89,8.43,2.1791,2.518,1.8044,9.0,1.8782,1.5524,1.5524,1.7149,4.0,0.0,6.0,0.0,5745317720.0,6012500000.0,5540473010.0,4.0,5256.29,4752.78,480.45,374.04,4.77,19.21,5.77,-21.14,-29.09,-4.51,-13.89,-2.15,-3.7,57.5,55.0,57.5,2025-11-21,1.95,2.325,4.275,7.434782608695653,0.95,2.9749999999999996,3.925,58.58,1.0799999999999983,0.36609,0.35633,0.36121,0.32219,10.802580216494574,-0.05853,2792.0,60.0,0.1737436696532917,25.0,4.347826086956519,1,3.0869565217391344,2025-10-27,686.0,681.3603515625,0.13195,0.13885625,0.14658,0.00690625,0.0146299999999999,0,0.15146,0.1152257142857142,0.0362342857142857,0.0013928571428571,0.1250480461242795,0.1087932236101431,0.4422310756972111,0.106917664401624,0.1376224413581826,-0.0056724413581826,0.7768912057253448,1.52,1.2822694085059183,11.506924388371155,1.460068247545338,0.0207656916758378,0.0353871889360914,0.0,1,15.789999961853027,18.989999771118164,2.594999961853027,4.275,3.925,real_post_mid,0.42750000000000005,2.6,-10.349999999999952,-0.0017999999999999915
EQR,2025-09-30,2025-10-28,0.0,64.53,65.3,-4.76,-5.88,0.4223,0.47,0.359,4.0,0.4232,0.4232,0.3876,0.3134,0.0,0.0,0.0,1.0,779704300.0,791297000.0,767843000.0,14.0,28222.4,28387.28,-44.64,308.13,4.72,1.05,3.85,-27.66,30.77,16.37,-49.77,-0.69,-31.89,62.5,60.0,62.5,2025-11-21,2.05,1.075,3.125,5.0,0.325,3.075,3.4000000000000004,60.55,1.9500000000000028,0.22951,0.22951,0.22951,0.24902,-8.500718922922749,-0.0146399999999999,25.0,0.0,0.7931034482758621,25.0,4.0000000000000036,1,0.9999999999999964,2025-10-27,686.0,681.3603515625,0.13195,0.13885625,0.14658,0.00690625,0.0146299999999999,0,0.15146,0.1152257142857142,0.0362342857142857,0.0013928571428571,0.1250480461242795,0.1087932236101431,0.4422310756972111,0.106917664401624,0.1376224413581826,-0.0056724413581826,0.7768912057253448,1.52,1.2822694085059183,11.506924388371155,1.460068247545338,0.0207656916758378,0.0353871889360914,0.0,1,15.789999961853027,18.989999771118164,2.594999961853027,3.125,3.4000000000000004,real_post_mid,0.3125,2.6,-61.35000000000004,-0.009816000000000005
HUBB,2025-09-30,2025-10-28,1.0,425.22,437.44,7.08,4.09,4.9756,5.07,4.87,13.0,4.9758,4.9826,4.9856,5.0228,0.0,0.0,2.0,3.0,1533133480.0,1551000000.0,1509300000.0,10.0,18880.16,17743.68,537.28,866.73,2.19,8.72,3.34,12.81,40.86,6.63,9.79,1.83,1.57,430.0,470.0,430.0,2025-11-21,21.45,16.05,37.5,8.720930232558139,46.7,3.825,50.525000000000006,421.84,8.160000000000025,0.41487,0.41487,0.41487,0.302675,27.043411189047166,-0.0780449999999999,10.0,14.0,0.1942857142857142,25.0,9.302325581395344,0,-0.581395348837205,2025-10-27,686.0,681.3603515625,0.13195,0.13885625,0.14658,0.00690625,0.0146299999999999,0,0.15146,0.1152257142857142,0.0362342857142857,0.0013928571428571,0.1250480461242795,0.1087932236101431,0.4422310756972111,0.106917664401624,0.1376224413581826,-0.0056724413581826,0.7768912057253448,1.52,1.2822694085059183,11.506924388371155,1.460068247545338,0.0207656916758378,0.0353871889360914,0.0,1,15.789999961853027,18.989999771118164,2.594999961853027,37.5,50.525000000000006,real_post_mid,3.75,2.6,-1680.1000000000004,-0.03907209302325582
INCY,2025-09-30,2025-10-28,1.0,82.7,77.55,10.82,18.18,1.6372,1.85,1.29,16.0,1.6398,1.6358,1.6449,1.5593,3.0,0.0,4.0,2.0,1253689340.0,1309971000.0,1200000000.0,20.0,-15595.76,-15142.12,386.09,935.89,16.46,15.45,16.95,186.26,96.25,258.42,165.13,1.04,71.29,92.5,90.0,92.5,2025-11-21,5.65,5.75,11.4,12.324324324324325,3.5,5.699999999999999,9.2,102.06,9.560000000000002,0.54169,0.63925,0.59047,0.45389,23.130726370518403,-0.092675,67.0,56.0,0.4726443768996961,25.0,2.7027027027026973,1,9.621621621621628,2025-10-27,686.0,681.3603515625,0.13195,0.13885625,0.14658,0.00690625,0.0146299999999999,0,0.15146,0.1152257142857142,0.0362342857142857,0.0013928571428571,0.1250480461242795,0.1087932236101431,0.4422310756972111,0.106917664401624,0.1376224413581826,-0.0056724413581826,0.7768912057253448,1.52,1.2822694085059183,11.506924388371155,1.460068247545338,0.0207656916758378,0.0353871889360914,0.0,1,15.789999961853027,18.989999771118164,2.594999961853027,11.4,9.2,real_post_mid,1.1400000000000001,2.6,103.4000000000001,0.01117837837837839
IVZ,2025-09-30,2025-10-28,1.0,22.72,21.48,5.46,11.55,0.439,0.493,0.39,11.0,0.4461,0.4657,0.4735,0.4716,0.0,0.0,4.0,5.0,1182902880.0,1202000000.0,1165181120.0,6.0,4768.8,4665.41,213.87,227.16,2.17,-0.9,5.04,-16.28,-18.18,3.91,3.58,-2.83,0.19,23.0,24.0,23.0,2025-11-21,1.2000000000000002,0.75,1.95,8.478260869565219,1.4500000000000002,0.525,1.975,23.22,0.2199999999999988,0.37584,0.40511,0.390475,0.36609,6.244958063896534,-0.0243849999999999,3185.0,165.0,0.1222444889779559,25.0,4.347826086956519,1,4.1304347826087,2025-10-27,686.0,681.3603515625,0.13195,0.13885625,0.14658,0.00690625,0.0146299999999999,0,0.15146,0.1152257142857142,0.0362342857142857,0.0013928571428571,0.1250480461242795,0.1087932236101431,0.4422310756972111,0.106917664401624,0.1376224413581826,-0.0056724413581826,0.7768912057253448,1.52,1.2822694085059183,11.506924388371155,1.460068247545338,0.0207656916758378,0.0353871889360914,0.0,1,15.789999961853027,18.989999771118164,2.594999961853027,1.9500000000000002,1.975,real_post_mid,0.19500000000000003,2.6,-24.599999999999994,-0.01069565217391304
ECL,2025-09-30,2025-10-28,0.0,271.0,263.13,-1.0,1.96,2.0719,2.12,2.02,21.0,2.07,2.0678,2.0638,2.0732,1.0,0.0,2.0,2.0,4120846290.0,4182046570.0,3985987000.0,16.0,1733.23,1736.48,-5.81,13.61,0.99,8.94,1.64,12.5,26.0,7.98,5.56,1.02,0.76,280.0,260.0,280.0,2025-11-21,8.6,7.35,15.95,5.696428571428571,1.0,22.65,23.65,267.07,12.930000000000009,0.28804,0.25877,0.273405,0.24414,10.703900806495865,-0.05365,910.0,30.0,0.1824623560673162,25.0,7.14285714285714,0,-1.4464285714285685,2025-10-27,686.0,681.3603515625,0.13195,0.13885625,0.14658,0.00690625,0.0146299999999999,0,0.15146,0.1152257142857142,0.0362342857142857,0.0013928571428571,0.1250480461242795,0.1087932236101431,0.4422310756972111,0.106917664401624,0.1376224413581826,-0.0056724413581826,0.7768912057253448,1.52,1.2822694085059183,11.506924388371155,1.460068247545338,0.0207656916758378,0.0353871889360914,0.0,1,15.789999961853027,18.989999771118164,2.594999961853027,15.95,23.65,real_post_mid,1.595,2.6,-932.1,-0.033289285714285716
MGM,2025-09-30,2025-10-29,0.0,36.53,36.45,-14.56,-14.38,0.2994,0.6709,-0.15,11.0,0.3245,0.3601,0.4006,0.4447,1.0,0.0,1.0,5.0,4237749720.0,4314547290.0,4113900000.0,14.0,-430.24,-1776.93,438.83,386.96,1.79,2.99,4.36,-8.14,14.49,-27.98,-15.06,2.6,-1.83,32.0,31.0,32.0,2025-10-31,1.11,1.16,2.27,7.09375,0.065,1.41,1.475,32.03,0.0300000000000011,0.98071,0.99046,0.985585,0.31731,67.80490774514628,-0.53169,38.0,374.0,0.4974591402279906,3.0,3.125,1,3.96875,2025-10-28,687.0,683.1700439453125,0.1417,0.14658,0.15634,0.0048799999999999,0.01464,0,0.1612199999999999,0.12219,0.0390299999999999,4.999999999977245e-06,0.2499679692504803,0.1380646544791722,0.5776892430278885,0.1019969727617197,0.1376072586588146,0.0040927413411853,0.7412179688472138,1.06,-1.6131966610729989,1.6868890148636602,-0.2763504612986595,0.0234921924949049,0.0352278067425693,0.0,1,16.420000076293945,19.549999237060547,2.2500000762939454,2.27,1.475,real_post_mid,0.227,2.6,54.199999999999996,0.016937499999999998
MAS,2025-09-30,2025-10-29,0.0,70.04,68.13,-6.88,-4.27,1.0287,1.1,0.98,22.0,1.0301,1.0283,1.029,0.9004,1.0,0.0,2.0,1.0,1941485090.0,2015218570.0,1845000000.0,21.0,6491.39,6118.34,80.42,248.51,-1.91,13.88,-2.44,8.33,50.5,3.06,3.78,0.15,1.1,70.0,65.0,70.0,2025-11-21,1.95,3.175,5.125,7.321428571428572,0.35,5.6,5.949999999999999,62.24,7.759999999999998,0.36609,0.34658,0.356335,0.327065,8.214180476237253,-0.024395,231.0,436.0,0.7132442284325637,24.0,7.14285714285714,1,0.1785714285714323,2025-10-28,687.0,683.1700439453125,0.1417,0.14658,0.15634,0.0048799999999999,0.01464,0,0.1612199999999999,0.12219,0.0390299999999999,4.999999999977245e-06,0.2499679692504803,0.1380646544791722,0.5776892430278885,0.1019969727617197,0.1376072586588146,0.0040927413411853,0.7412179688472138,1.06,-1.6131966610729989,1.6868890148636602,-0.2763504612986595,0.0234921924949049,0.0352278067425693,0.0,1,16.420000076293945,19.549999237060547,2.2500000762939454,5.125,5.949999999999999,real_post_mid,0.5125000000000001,2.6,-136.34999999999994,-0.019478571428571418
KLAC,2025-09-30,2025-10-29,1.0,1064.13,879.03,16.08,40.53,8.6172,9.0072,8.526,21.0,8.6075,8.6075,8.6037,8.1197,1.0,0.0,1.0,0.0,3169988890.0,3255000000.0,3149549000.0,20.0,-20755.55,-14299.49,-3189.54,4961.42,30.04,-0.45,23.98,59.89,183.16,47.56,53.29,2.51,6.43,1210.0,1220.0,1210.0,2025-11-21,62.3,62.75,125.05,10.334710743801653,57.6,52.1,109.7,1097.12,112.88000000000012,0.51243,0.50267,0.50755,0.45389,10.572357403211493,-0.0731699999999999,63.0,6.0,1.083547557840617,24.0,0.8264462809917328,1,9.50826446280992,2025-10-28,687.0,683.1700439453125,0.1417,0.14658,0.15634,0.0048799999999999,0.01464,0,0.1612199999999999,0.12219,0.0390299999999999,4.999999999977245e-06,0.2499679692504803,0.1380646544791722,0.5776892430278885,0.1019969727617197,0.1376072586588146,0.0040927413411853,0.7412179688472138,1.06,-1.6131966610729989,1.6868890148636602,-0.2763504612986595,0.0234921924949049,0.0352278067425693,0.0,1,16.420000076293945,19.549999237060547,2.2500000762939454,125.05,109.7,real_post_mid,12.505,2.6,281.89999999999935,0.002329752066115697
INVH,2025-09-30,2025-10-29,1.0,29.04,30.65,-5.41,-10.38,0.1515,0.1515,0.1515,1.0,0.1581,0.1581,0.1693,0.1693,0.0,0.0,0.0,1.0,682971610.0,694100000.0,672749000.0,9.0,4352.8,4335.33,156.0,193.79,4.28,1.03,6.57,32.08,-8.12,21.81,1.98,-0.28,-0.64,27.5,27.5,27.5,2025-11-21,1.475,0.75,2.225,8.090909090909092,1.4,0.35,1.75,28.19,0.6900000000000013,0.36609,0.3856,0.375845,0.283165,24.659101491306252,-0.12683,33.0,11.0,1.1156716417910448,24.0,0.0,1,8.090909090909092,2025-10-28,687.0,683.1700439453125,0.1417,0.14658,0.15634,0.0048799999999999,0.01464,0,0.1612199999999999,0.12219,0.0390299999999999,4.999999999977245e-06,0.2499679692504803,0.1380646544791722,0.5776892430278885,0.1019969727617197,0.1376072586588146,0.0040927413411853,0.7412179688472138,1.06,-1.6131966610729989,1.6868890148636602,-0.2763504612986595,0.0234921924949049,0.0352278067425693,0.0,1,16.420000076293945,19.549999237060547,2.2500000762939454,2.225,1.75,real_post_mid,0.22250000000000003,2.6,22.650000000000006,0.008236363636363639
NI,2025-09-30,2025-10-29,0.0,43.21,42.45,-1.74,0.02,0.1963,0.215,0.18,10.0,0.2003,0.2032,0.1961,0.1923,1.0,0.0,1.0,3.0,972468970.0,1172000000.0,608406900.0,3.0,2861.66,2649.54,96.02,114.86,18.28,-41.23,7.23,4.76,-77.55,9.26,10.93,-3.13,-1.36,45.0,40.0,45.0,2025-11-21,0.675,1.5,2.175,4.833333333333333,0.15,3.0,3.15,42.78,2.219999999999999,0.28804,0.07341,0.180725,0.20512,-13.498409185226151,0.0829249999999999,3479.0,3218.0,0.0589864303517031,24.0,11.111111111111116,0,-6.277777777777783,2025-10-28,687.0,683.1700439453125,0.1417,0.14658,0.15634,0.0048799999999999,0.01464,0,0.1612199999999999,0.12219,0.0390299999999999,4.999999999977245e-06,0.2499679692504803,0.1380646544791722,0.5776892430278885,0.1019969727617197,0.1376072586588146,0.0040927413411853,0.7412179688472138,1.06,-1.6131966610729989,1.6868890148636602,-0.2763504612986595,0.0234921924949049,0.0352278067425693,0.0,1,16.420000076293945,19.549999237060547,2.2500000762939454,2.175,3.15,real_post_mid,0.2175,2.6,-121.85000000000001,-0.02707777777777778
MAA,2025-09-30,2025-10-29,0.0,138.61,142.43,-8.9,-11.34,0.85,0.85,0.85,1.0,0.85,0.85,0.845,0.865,0.0,0.0,1.0,0.0,555484730.0,561600000.0,548981800.0,15.0,21791.2,18565.6,1136.0,1344.91,0.63,0.11,1.61,-14.56,-42.86,6.2,-8.65,-2.79,-2.8,130.0,130.0,130.0,2025-11-21,3.8,2.275,6.074999999999999,4.6730769230769225,2.375,3.775,6.15,133.61,3.6100000000000136,0.23926,0.21,0.22463,0.23926,-6.512932377687755,0.0,30.0,9.0,2.0,24.0,0.0,1,4.6730769230769225,2025-10-28,687.0,683.1700439453125,0.1417,0.14658,0.15634,0.0048799999999999,0.01464,0,0.1612199999999999,0.12219,0.0390299999999999,4.999999999977245e-06,0.2499679692504803,0.1380646544791722,0.5776892430278885,0.1019969727617197,0.1376072586588146,0.0040927413411853,0.7412179688472138,1.06,-1.6131966610729989,1.6868890148636602,-0.2763504612986595,0.0234921924949049,0.0352278067425693,0.0,1,16.420000076293945,19.549999237060547,2.2500000762939454,6.074999999999999,6.15,real_post_mid,0.6074999999999999,2.6,-70.8500000000001,-0.005450000000000007
TYL,2025-09-30,2025-10-29,1.0,529.23,584.56,-9.68,-18.23,2.8586,2.95,2.68,19.0,2.8586,2.8586,2.8586,2.8217,0.0,0.0,0.0,1.0,594349350.0,600315000.0,585800000.0,17.0,8506.94,7763.43,423.5,221.36,10.19,5.48,9.79,21.25,4.68,20.85,22.5,2.11,1.62,510.0,480.0,510.0,2025-11-21,20.9,18.25,39.15,7.676470588235294,4.8,36.6,41.4,472.77,37.23000000000002,0.3856,0.36609,0.375845,0.31243,16.872646968830235,-0.063415,19.0,0.0,1.0,24.0,5.882352941176472,1,1.7941176470588225,2025-10-28,687.0,683.1700439453125,0.1417,0.14658,0.15634,0.0048799999999999,0.01464,0,0.1612199999999999,0.12219,0.0390299999999999,4.999999999977245e-06,0.2499679692504803,0.1380646544791722,0.5776892430278885,0.1019969727617197,0.1376072586588146,0.0040927413411853,0.7412179688472138,1.06,-1.6131966610729989,1.6868890148636602,-0.2763504612986595,0.0234921924949049,0.0352278067425693,0.0,1,16.420000076293945,19.549999237060547,2.2500000762939454,39.15,41.4,real_post_mid,3.915,2.6,-619.1,-0.01213921568627451
OTIS,2025-09-30,2025-10-29,1.0,91.29,85.69,2.29,8.97,1.0026,1.02,0.99,10.0,1.0031,1.001,1.001,0.9988,0.0,0.0,1.0,2.0,3642618270.0,3674036150.0,3602000000.0,8.0,4288.86,4431.37,14.85,116.42,-0.17,7.31,-0.06,-6.6,7.61,-3.43,0.17,0.41,0.05,90.0,92.5,90.0,2025-11-21,4.15,2.3,6.45,7.166666666666667,3.7,1.05,4.75,88.06,1.9399999999999975,0.35633,0.32707,0.3417,0.229505,32.83435762364647,-0.131705,335.0,84.0,0.5157967032967034,24.0,2.777777777777768,1,4.388888888888899,2025-10-28,687.0,683.1700439453125,0.1417,0.14658,0.15634,0.0048799999999999,0.01464,0,0.1612199999999999,0.12219,0.0390299999999999,4.999999999977245e-06,0.2499679692504803,0.1380646544791722,0.5776892430278885,0.1019969727617197,0.1376072586588146,0.0040927413411853,0.7412179688472138,1.06,-1.6131966610729989,1.6868890148636602,-0.2763504612986595,0.0234921924949049,0.0352278067425693,0.0,1,16.420000076293945,19.549999237060547,2.2500000762939454,6.45,4.75,real_post_mid,0.645,2.6,102.90000000000002,0.011433333333333335
PRU,2025-09-30,2025-10-29,1.0,103.83,103.58,-2.54,-2.31,3.7195,3.986,3.3952,15.0,3.6415,3.57,3.574,3.5637,4.0,0.0,11.0,2.0,13875434190.0,15158000000.0,13022170940.0,5.0,772.0,5925.92,-1477.41,2521.75,-7.79,1.73,16.09,-56.34,-55.02,-12.02,-47.7,-1.3,-4.1,100.0,100.0,100.0,2025-11-21,3.65,2.825,6.4750000000000005,6.4750000000000005,4.0,1.5,5.5,106.75,6.75,0.25877,0.35633,0.30755,0.23926,22.204519590310507,-0.05853,247.0,3.0,0.8088642659279779,24.0,0.0,1,6.4750000000000005,2025-10-28,687.0,683.1700439453125,0.1417,0.14658,0.15634,0.0048799999999999,0.01464,0,0.1612199999999999,0.12219,0.0390299999999999,4.999999999977245e-06,0.2499679692504803,0.1380646544791722,0.5776892430278885,0.1019969727617197,0.1376072586588146,0.0040927413411853,0.7412179688472138,1.06,-1.6131966610729989,1.6868890148636602,-0.2763504612986595,0.0234921924949049,0.0352278067425693,0.0,1,16.420000076293945,19.549999237060547,2.2500000762939454,6.475,5.5,real_post_mid,0.6475,2.6,30.14999999999997,0.003014999999999997
PSA,2025-09-30,2025-10-29,1.0,288.53,271.94,0.23,6.34,2.5359,2.59,2.4852,6.0,2.5359,2.5586,2.5632,2.5909,0.0,0.0,0.0,2.0,1211701530.0,1221165180.0,1198000000.0,6.0,20466.14,20378.94,176.9,183.23,2.38,1.51,3.45,-3.07,6.33,-18.23,2.3,-0.82,-0.03,300.0,280.0,300.0,2025-11-21,7.2,8.75,15.95,5.316666666666666,1.1749999999999998,19.4,20.575,269.51,30.49000000000001,0.25877,0.26853,0.26365,0.229505,12.950881850938735,-0.0390249999999999,288.0,0.0,1.377659574468085,24.0,6.666666666666665,0,-1.3499999999999988,2025-10-28,687.0,683.1700439453125,0.1417,0.14658,0.15634,0.0048799999999999,0.01464,0,0.1612199999999999,0.12219,0.0390299999999999,4.999999999977245e-06,0.2499679692504803,0.1380646544791722,0.5776892430278885,0.1019969727617197,0.1376072586588146,0.0040927413411853,0.7412179688472138,1.06,-1.6131966610729989,1.6868890148636602,-0.2763504612986595,0.0234921924949049,0.0352278067425693,0.0,1,16.420000076293945,19.549999237060547,2.2500000762939454,15.95,20.575,real_post_mid,1.595,2.6,-624.6,-0.02082
ROL,2025-09-30,2025-10-29,1.0,58.52,57.27,-7.95,-5.94,0.3291,0.3381,0.32,11.0,0.33,0.3298,0.3292,0.3292,1.0,0.0,1.0,0.0,1019057120.0,1027200000.0,998200000.0,9.0,-2914.08,-2907.9,21.65,31.25,12.06,21.52,10.32,11.11,36.36,10.03,8.75,-0.21,-0.61,57.5,57.5,57.5,2025-11-21,1.25,2.325,3.575,6.217391304347827,1.525,1.7999999999999998,3.3249999999999997,60.31,2.8100000000000023,0.31731,0.27829,0.2977999999999999,0.2929199999999999,1.6386836803223628,-0.0585349999999999,765.0,0.0,0.4838709677419355,24.0,0.0,1,6.217391304347827,2025-10-28,687.0,683.1700439453125,0.1417,0.14658,0.15634,0.0048799999999999,0.01464,0,0.1612199999999999,0.12219,0.0390299999999999,4.999999999977245e-06,0.2499679692504803,0.1380646544791722,0.5776892430278885,0.1019969727617197,0.1376072586588146,0.0040927413411853,0.7412179688472138,1.06,-1.6131966610729989,1.6868890148636602,-0.2763504612986595,0.0234921924949049,0.0352278067425693,0.0,1,16.420000076293945,19.549999237060547,2.2500000762939454,3.575,3.3249999999999997,real_post_mid,0.35750000000000004,2.6,-13.349999999999959,-0.0023217391304347756
SW,2025-09-30,2025-10-29,0.0,42.21,44.38,-10.35,-14.74,0.7234,0.7506,0.7,6.0,0.7234,0.734,0.734,0.8227,0.0,0.0,0.0,2.0,7891656360.0,8213600000.0,7670518240.0,9.0,1085.28,1409.07,-289.79,210.05,,-4.74,,,-30.14,,,,,45.0,35.0,45.0,2025-11-21,1.125,3.1,4.225,9.388888888888888,0.15,8.75,8.9,33.78,11.22,0.41487,0.46365,0.43926,0.400235,8.884259891635928,-0.0243899999999999,439.0,625.0,0.114854517611026,24.0,22.22222222222222,0,-12.833333333333334,2025-10-28,687.0,683.1700439453125,0.1417,0.14658,0.15634,0.0048799999999999,0.01464,0,0.1612199999999999,0.12219,0.0390299999999999,4.999999999977245e-06,0.2499679692504803,0.1380646544791722,0.5776892430278885,0.1019969727617197,0.1376072586588146,0.0040927413411853,0.7412179688472138,1.06,-1.6131966610729989,1.6868890148636602,-0.2763504612986595,0.0234921924949049,0.0352278067425693,0.0,1,16.420000076293945,19.549999237060547,2.2500000762939454,4.225,8.9,real_post_mid,0.4225,2.6,-512.3500000000001,-0.11385555555555558
IEX,2025-09-30,2025-10-29,1.0,162.19,163.51,6.91,6.05,1.9303,1.9548,1.91,12.0,1.9295,1.9401,1.9401,2.1732,0.0,0.0,0.0,2.0,861535550.0,869300000.0,855941000.0,12.0,8645.92,8158.34,308.05,124.17,7.21,6.28,1.26,0.49,18.29,3.96,1.98,-0.12,-1.12,165.0,170.0,165.0,2025-11-21,6.4,4.15,10.55,6.3939393939393945,8.9,2.7,11.6,170.65,5.650000000000006,0.2978,0.30755,0.302675,0.26853,11.281077062856207,-0.034145,4.0,0.0,0.3928571428571428,24.0,3.0303030303030276,1,3.363636363636367,2025-10-28,687.0,683.1700439453125,0.1417,0.14658,0.15634,0.0048799999999999,0.01464,0,0.1612199999999999,0.12219,0.0390299999999999,4.999999999977245e-06,0.2499679692504803,0.1380646544791722,0.5776892430278885,0.1019969727617197,0.1376072586588146,0.0040927413411853,0.7412179688472138,1.06,-1.6131966610729989,1.6868890148636602,-0.2763504612986595,0.0234921924949049,0.0352278067425693,0.0,1,16.420000076293945,19.549999237060547,2.2500000762939454,10.55,11.6,real_post_mid,1.0550000000000002,2.6,-213.0999999999999,-0.01291515151515151
UDR,2025-09-30,2025-10-29,0.0,36.94,39.29,-9.15,-14.58,0.1281,0.16,0.0841,9.0,0.1296,0.1284,0.1274,0.1341,1.0,0.0,1.0,2.0,429556040.0,446600000.0,425149000.0,9.0,9496.8,9352.8,85.63,315.91,2.43,0.82,2.54,-12.5,-69.57,2.1,12.7,2.65,1.66,35.0,35.0,35.0,2025-11-21,1.7,0.775,2.475,7.071428571428571,2.1,1.65,3.75,35.59,0.5900000000000034,0.45389,0.23926,0.346575,0.17097,50.668686431508334,-0.11707,2.0,0.0,160.0,24.0,0.0,1,7.071428571428571,2025-10-28,687.0,683.1700439453125,0.1417,0.14658,0.15634,0.0048799999999999,0.01464,0,0.1612199999999999,0.12219,0.0390299999999999,4.999999999977245e-06,0.2499679692504803,0.1380646544791722,0.5776892430278885,0.1019969727617197,0.1376072586588146,0.0040927413411853,0.7412179688472138,1.06,-1.6131966610729989,1.6868890148636602,-0.2763504612986595,0.0234921924949049,0.0352278067425693,0.0,1,16.420000076293945,19.549999237060547,2.2500000762939454,2.475,3.75,real_post_mid,0.24750000000000003,2.6,-154.85,-0.04424285714285714
VTR,2025-09-30,2025-10-29,1.0,69.2,67.18,1.23,4.27,0.05,0.05,0.05,1.0,0.0,0.0,0.0,0.0,0.0,0.0,0.0,0.0,1435602670.0,1448916000.0,1428400000.0,3.0,6107.1,4969.5,513.6,146.79,18.31,4.63,11.07,200.0,50.0,15.2,14.55,-1.43,-1.25,70.0,75.0,70.0,2025-11-21,2.075,1.3250000000000002,3.4000000000000004,4.857142857142858,4.95,0.4,5.3500000000000005,79.24,9.239999999999997,0.27829,0.20024,0.239265,0.24414,-2.037489812550933,-5.000000000005e-06,1193.0,0.0,0.5227272727272727,24.0,7.14285714285714,0,-2.285714285714282,2025-10-28,687.0,683.1700439453125,0.1417,0.14658,0.15634,0.0048799999999999,0.01464,0,0.1612199999999999,0.12219,0.0390299999999999,4.999999999977245e-06,0.2499679692504803,0.1380646544791722,0.5776892430278885,0.1019969727617197,0.1376072586588146,0.0040927413411853,0.7412179688472138,1.06,-1.6131966610729989,1.6868890148636602,-0.2763504612986595,0.0234921924949049,0.0352278067425693,0.0,1,16.420000076293945,19.549999237060547,2.2500000762939454,3.4000000000000004,5.3500000000000005,real_post_mid,0.3400000000000001,2.6,-231.6,-0.03308571428571429
ODFL,2025-09-30,2025-10-29,1.0,141.04,149.25,-3.48,-8.79,1.2162,1.23,1.19,20.0,1.2182,1.2325,1.2355,1.321,0.0,0.0,1.0,7.0,1402647600.0,1423826100.0,1333200000.0,18.0,-4536.34,-4655.82,78.19,78.48,-6.07,2.39,-2.64,-14.19,6.72,-12.38,-15.13,-3.52,-2.72,135.0,140.0,135.0,2025-11-21,8.15,6.75,14.9,11.037037037037036,6.800000000000001,4.15,10.95,134.28,0.7199999999999989,0.53194,0.54169,0.536815,0.40511,24.534523066605814,-0.131705,20.0,3.0,0.6805555555555556,24.0,3.703703703703698,1,7.333333333333338,2025-10-28,687.0,683.1700439453125,0.1417,0.14658,0.15634,0.0048799999999999,0.01464,0,0.1612199999999999,0.12219,0.0390299999999999,4.999999999977245e-06,0.2499679692504803,0.1380646544791722,0.5776892430278885,0.1019969727617197,0.1376072586588146,0.0040927413411853,0.7412179688472138,1.06,-1.6131966610729989,1.6868890148636602,-0.2763504612986595,0.0234921924949049,0.0352278067425693,0.0,1,16.420000076293945,19.549999237060547,2.2500000762939454,14.9,10.95,real_post_mid,1.4900000000000002,2.6,243.4000000000001,0.018029629629629635
GRMN,2025-09-30,2025-10-29,0.0,245.53,218.76,-10.56,0.39,1.99,2.09,1.86,8.0,1.9813,1.9714,1.9686,1.9752,1.0,0.0,1.0,0.0,1795116670.0,1855000000.0,1752000000.0,6.0,27682.14,26229.63,307.46,686.34,20.44,18.21,19.57,37.34,34.78,34.51,38.09,1.53,3.33,250.0,220.0,250.0,2025-11-21,11.1,11.6,22.7,9.079999999999998,0.28,34.55,34.83,192.23,57.77000000000001,0.46365,0.43438,0.449015,0.26365,41.28258521430242,-0.131705,93.0,237.0,0.9305177111716622,24.0,12.0,0,-2.9200000000000017,2025-10-28,687.0,683.1700439453125,0.1417,0.14658,0.15634,0.0048799999999999,0.01464,0,0.1612199999999999,0.12219,0.0390299999999999,4.999999999977245e-06,0.2499679692504803,0.1380646544791722,0.5776892430278885,0.1019969727617197,0.1376072586588146,0.0040927413411853,0.7412179688472138,1.06,-1.6131966610729989,1.6868890148636602,-0.2763504612986595,0.0234921924949049,0.0352278067425693,0.0,1,16.420000076293945,19.549999237060547,2.2500000762939454,22.7,34.83,real_post_mid,2.27,2.6,-1442.5999999999997,-0.057703999999999984
VRSK,2025-09-30,2025-10-29,1.0,248.78,278.71,-16.39,-25.37,1.7037,1.79,1.63,15.0,1.6966,1.6954,1.6981,1.7761,1.0,0.0,2.0,2.0,776240940.0,783500000.0,767200000.0,15.0,5202.74,4817.79,163.38,105.14,7.78,2.6,7.38,8.05,8.67,-10.74,11.17,0.91,1.4,230.0,220.0,230.0,2025-11-21,10.25,7.35,17.6,7.652173913043479,2.35,14.3,16.650000000000002,223.16,6.840000000000003,0.37584,0.36609,0.370965,0.26853,27.613117140431036,-0.092675,5.0,1.0,0.2483660130718954,24.0,4.347826086956519,1,3.3043478260869605,2025-10-28,687.0,683.1700439453125,0.1417,0.14658,0.15634,0.0048799999999999,0.01464,0,0.1612199999999999,0.12219,0.0390299999999999,4.999999999977245e-06,0.2499679692504803,0.1380646544791722,0.5776892430278885,0.1019969727617197,0.1376072586588146,0.0040927413411853,0.7412179688472138,1.06,-1.6131966610729989,1.6868890148636602,-0.2763504612986595,0.0234921924949049,0.0352278067425693,0.0,1,16.420000076293945,19.549999237060547,2.2500000762939454,17.6,16.650000000000002,real_post_mid,1.7600000000000002,2.6,-83.6000000000001,-0.0036347826086956564
AEP,2025-09-30,2025-10-29,0.0,109.78,113.14,11.23,7.93,1.805,1.9076,1.7486,14.0,1.793,1.8727,1.8975,1.8813,1.0,0.0,1.0,6.0,5569178040.0,5875600000.0,5294500000.0,5.0,3893.15,3117.62,315.63,247.93,9.93,-9.78,4.86,14.4,-7.14,46.38,59.71,7.24,8.57,115.0,120.0,115.0,2025-11-21,2.375,2.875,5.25,4.565217391304348,7.35,0.6,7.949999999999999,120.84,5.840000000000003,0.18073,0.25877,0.21975,0.20024,8.878270762229807,-0.01951,1072.0,627.0,0.4714747039827772,24.0,4.347826086956519,1,0.2173913043478288,2025-10-28,687.0,683.1700439453125,0.1417,0.14658,0.15634,0.0048799999999999,0.01464,0,0.1612199999999999,0.12219,0.0390299999999999,4.999999999977245e-06,0.2499679692504803,0.1380646544791722,0.5776892430278885,0.1019969727617197,0.1376072586588146,0.0040927413411853,0.7412179688472138,1.06,-1.6131966610729989,1.6868890148636602,-0.2763504612986595,0.0234921924949049,0.0352278067425693,0.0,1,16.420000076293945,19.549999237060547,2.2500000762939454,5.25,7.949999999999999,real_post_mid,0.525,2.6,-325.09999999999997,-0.028269565217391303
AVB,2025-09-30,2025-10-29,0.0,193.56,186.28,-8.92,-5.36,1.4916,2.08,1.19,3.0,1.4952,1.6478,1.2155,1.3798,0.0,0.0,0.0,1.0,768295830.0,775200000.0,764000000.0,6.0,45428.8,44585.3,-492.32,2042.91,4.7,1.92,5.09,-33.71,-6.35,9.25,-4.35,-0.53,-2.84,185.0,175.0,185.0,2025-11-21,4.5,4.300000000000001,8.8,4.756756756756757,0.75,10.65,11.4,180.68,4.319999999999993,0.24902,0.21975,0.234385,0.2197549999999999,6.241867013674097,0.0,205.0,4.0,5.173913043478261,24.0,5.405405405405405,0,-0.6486486486486482,2025-10-28,687.0,683.1700439453125,0.1417,0.14658,0.15634,0.0048799999999999,0.01464,0,0.1612199999999999,0.12219,0.0390299999999999,4.999999999977245e-06,0.2499679692504803,0.1380646544791722,0.5776892430278885,0.1019969727617197,0.1376072586588146,0.0040927413411853,0.7412179688472138,1.06,-1.6131966610729989,1.6868890148636602,-0.2763504612986595,0.0234921924949049,0.0352278067425693,0.0,1,16.420000076293945,19.549999237060547,2.2500000762939454,8.8,11.4,real_post_mid,0.8800000000000001,2.6,-350.59999999999997,-0.01895135135135135
AWK,2025-09-30,2025-10-29,1.0,137.04,140.24,-5.09,-7.26,1.8836,1.9104,1.81,9.0,1.8919,1.8922,1.8922,1.893,0.0,0.0,0.0,1.0,1326000000.0,1354000000.0,1298000000.0,2.0,2802.02,2801.27,-7.94,267.05,11.05,11.73,11.43,5.71,40.95,15.25,8.91,-0.46,-0.76,135.0,125.0,135.0,2025-11-21,3.05,3.125,6.175,4.574074074074074,0.625,8.75,9.375,132.74,2.259999999999991,0.21975,0.22951,0.22463,0.23926,-6.512932377687755,0.01463,491.0,17.0,1.095505617977528,24.0,7.4074074074074066,0,-2.833333333333332,2025-10-28,687.0,683.1700439453125,0.1417,0.14658,0.15634,0.0048799999999999,0.01464,0,0.1612199999999999,0.12219,0.0390299999999999,4.999999999977245e-06,0.2499679692504803,0.1380646544791722,0.5776892430278885,0.1019969727617197,0.1376072586588146,0.0040927413411853,0.7412179688472138,1.06,-1.6131966610729989,1.6868890148636602,-0.2763504612986595,0.0234921924949049,0.0352278067425693,0.0,1,16.420000076293945,19.549999237060547,2.2500000762939454,6.175,9.375,real_post_mid,0.6175,2.6,-384.3500000000001,-0.028470370370370375
CHRW,2025-09-30,2025-10-29,1.0,131.87,115.32,-1.89,12.19,1.3039,1.36,1.23,24.0,1.3039,1.302,1.2986,1.2184,2.0,0.0,5.0,9.0,4217631250.0,4494000000.0,3902000000.0,22.0,6879.65,6432.81,213.77,58.15,-7.74,2.22,-0.91,12.17,16.22,18.53,21.24,1.37,1.25,130.0,155.0,130.0,2025-11-21,4.5,6.300000000000001,10.8,8.307692307692308,25.5,0.2,25.7,151.68,21.680000000000007,0.39536,0.41487,0.405115,0.283165,30.10256346963208,-0.112195,1242.0,12.0,0.4028268551236749,24.0,19.23076923076923,0,-10.923076923076922,2025-10-28,687.0,683.1700439453125,0.1417,0.14658,0.15634,0.0048799999999999,0.01464,0,0.1612199999999999,0.12219,0.0390299999999999,4.999999999977245e-06,0.2499679692504803,0.1380646544791722,0.5776892430278885,0.1019969727617197,0.1376072586588146,0.0040927413411853,0.7412179688472138,1.06,-1.6131966610729989,1.6868890148636602,-0.2763504612986595,0.0234921924949049,0.0352278067425693,0.0,1,16.420000076293945,19.549999237060547,2.2500000762939454,10.8,25.7,real_post_mid,1.08,2.6,-1600.5999999999997,-0.1231230769230769
CTSH,2025-09-30,2025-10-29,1.0,67.08,71.76,6.87,-0.1,1.3024,1.34,1.26,21.0,1.3021,1.2992,1.2609,1.2842,1.0,0.0,3.0,0.0,5317799950.0,5339851000.0,5280000000.0,21.0,4282.59,4061.68,125.74,51.43,8.14,2.54,3.78,11.97,6.5,13.66,15.4,-0.27,0.98,67.5,72.5,67.5,2025-11-21,3.05,2.9,5.949999999999999,8.814814814814815,5.199999999999999,0.675,5.874999999999999,75.98,8.480000000000004,0.40511,0.45389,0.4295,0.322185,24.9860302677532,-0.11219,2236.0,66.0,0.8968,24.0,7.407407407407418,1,1.4074074074073968,2025-10-28,687.0,683.1700439453125,0.1417,0.14658,0.15634,0.0048799999999999,0.01464,0,0.1612199999999999,0.12219,0.0390299999999999,4.999999999977245e-06,0.2499679692504803,0.1380646544791722,0.5776892430278885,0.1019969727617197,0.1376072586588146,0.0040927413411853,0.7412179688472138,1.06,-1.6131966610729989,1.6868890148636602,-0.2763504612986595,0.0234921924949049,0.0352278067425693,0.0,1,16.420000076293945,19.549999237060547,2.2500000762939454,5.949999999999999,5.874999999999999,real_post_mid,0.595,2.6,-54.59999999999998,-0.008088888888888887
FTV,2025-09-30,2025-10-29,0.0,48.91,47.93,2.92,5.03,0.5691,0.6,0.55,17.0,0.5691,0.568,0.5698,0.6277,0.0,0.0,3.0,3.0,1007305940.0,1018000000.0,987700000.0,15.0,1950.27,2915.31,-480.03,304.53,-2.16,3.03,1.15,-64.52,-61.18,-10.47,-12.79,-0.83,-2.11,50.0,50.0,50.0,2025-11-21,1.4,1.7999999999999998,3.1999999999999997,6.4,2.4,0.45,2.85,52.82,2.8200000000000003,0.33682,0.27829,0.307555,0.195365,36.47802832013786,0.01951,653.0,13.0,0.3973384030418251,24.0,0.0,1,6.4,2025-10-28,687.0,683.1700439453125,0.1417,0.14658,0.15634,0.0048799999999999,0.01464,0,0.1612199999999999,0.12219,0.0390299999999999,4.999999999977245e-06,0.2499679692504803,0.1380646544791722,0.5776892430278885,0.1019969727617197,0.1376072586588146,0.0040927413411853,0.7412179688472138,1.06,-1.6131966610729989,1.6868890148636602,-0.2763504612986595,0.0234921924949049,0.0352278067425693,0.0,1,16.420000076293945,19.549999237060547,2.2500000762939454,3.1999999999999997,2.85,real_post_mid,0.32,2.6,0.3999999999999635,7.99999999999927e-05
EXR,2025-09-30,2025-10-29,0.0,141.45,134.36,0.22,5.51,1.1858,1.25,1.1281,6.0,1.1858,1.1858,1.193,1.1934,0.0,0.0,0.0,0.0,737436000.0,744600000.0,724137000.0,5.0,14951.52,14044.97,-189.18,964.17,1.65,0.2,17.0,-0.84,-7.81,6.66,22.71,-2.91,7.62,145.0,135.0,145.0,2025-11-21,6.05,3.625,9.675,6.672413793103448,0.75,10.0,10.75,131.46,13.539999999999992,0.32707,0.31731,0.32219,0.239265,25.73791861944815,-0.0731699999999999,15.0,1.0,0.8048780487804879,24.0,6.896551724137934,0,-0.2241379310344857,2025-10-28,687.0,683.1700439453125,0.1417,0.14658,0.15634,0.0048799999999999,0.01464,0,0.1612199999999999,0.12219,0.0390299999999999,4.999999999977245e-06,0.2499679692504803,0.1380646544791722,0.5776892430278885,0.1019969727617197,0.1376072586588146,0.0040927413411853,0.7412179688472138,1.06,-1.6131966610729989,1.6868890148636602,-0.2763504612986595,0.0234921924949049,0.0352278067425693,0.0,1,16.420000076293945,19.549999237060547,2.2500000762939454,9.675,10.75,real_post_mid,0.9675000000000001,2.6,-206.84999999999994,-0.014265517241379306
ETR,2025-09-30,2025-10-29,1.0,93.55,90.43,2.04,5.56,1.437,1.51,1.37,16.0,1.4312,1.4601,1.5046,1.5274,2.0,0.0,3.0,3.0,3785432340.0,4768782490.0,3423000000.0,8.0,17557.12,16829.38,374.88,150.42,12.7,16.93,-0.22,-45.31,28.05,59.53,35.59,-3.53,4.25,95.0,95.0,95.0,2025-11-21,2.85,2.625,5.475,5.763157894736842,2.925,2.0,4.925,93.7,1.2999999999999972,0.27829,0.28804,0.283165,0.258775,8.61335263892078,-0.02927,2801.0,21.0,0.9303135888501742,24.0,0.0,1,5.763157894736842,2025-10-28,687.0,683.1700439453125,0.1417,0.14658,0.15634,0.0048799999999999,0.01464,0,0.1612199999999999,0.12219,0.0390299999999999,4.999999999977245e-06,0.2499679692504803,0.1380646544791722,0.5776892430278885,0.1019969727617197,0.1376072586588146,0.0040927413411853,0.7412179688472138,1.06,-1.6131966610729989,1.6868890148636602,-0.2763504612986595,0.0234921924949049,0.0352278067425693,0.0,1,16.420000076293945,19.549999237060547,2.2500000762939454,5.475,4.925,real_post_mid,0.5475,2.6,-2.3500000000000165,-0.00024736842105263333
EQIX,2025-09-30,2025-10-29,1.0,781.72,785.17,2.05,1.6,3.4343,3.79,2.52,7.0,3.5978,3.5978,3.6265,3.7339,0.0,0.0,3.0,6.0,2326728970.0,2340600000.0,2315170000.0,19.0,5581.87,3107.86,1535.47,488.42,4.49,1.39,6.16,20.25,4.11,9.71,13.3,2.07,1.71,820.0,830.0,820.0,2025-11-21,25.35,28.299999999999997,53.65,6.5426829268292686,29.75,15.6,45.35,754.68,65.32000000000005,0.31731,0.32707,0.32219,0.26365,18.16940314721127,-0.0536599999999999,57.0,2.0,0.1828298887122416,24.0,1.2195121951219523,1,5.323170731707316,2025-10-28,687.0,683.1700439453125,0.1417,0.14658,0.15634,0.0048799999999999,0.01464,0,0.1612199999999999,0.12219,0.0390299999999999,4.999999999977245e-06,0.2499679692504803,0.1380646544791722,0.5776892430278885,0.1019969727617197,0.1376072586588146,0.0040927413411853,0.7412179688472138,1.06,-1.6131966610729989,1.6868890148636602,-0.2763504612986595,0.0234921924949049,0.0352278067425693,0.0,1,16.420000076293945,19.549999237060547,2.2500000762939454,53.65,45.35,real_post_mid,5.365,2.6,290.8999999999997,0.0035475609756097522
DVA,2025-09-30,2025-10-29,0.0,130.59,140.37,-3.09,-9.84,3.1731,3.25,3.1023,6.0,3.1748,3.1783,3.1783,3.2205,0.0,0.0,0.0,2.0,3434905580.0,3467000000.0,3360500000.0,6.0,12625.63,11825.49,-621.82,1298.8,6.05,4.84,5.41,18.0,47.5,6.95,6.21,0.31,0.02,130.0,120.0,130.0,2025-11-21,6.45,6.25,12.7,9.769230769230768,0.8,12.4,13.2,120.25,9.75,0.49292,0.4734,0.48316,0.34658,28.26806854872093,-0.126825,277.0,20.0,1.4387755102040816,24.0,7.692307692307687,1,2.076923076923081,2025-10-28,687.0,683.1700439453125,0.1417,0.14658,0.15634,0.0048799999999999,0.01464,0,0.1612199999999999,0.12219,0.0390299999999999,4.999999999977245e-06,0.2499679692504803,0.1380646544791722,0.5776892430278885,0.1019969727617197,0.1376072586588146,0.0040927413411853,0.7412179688472138,1.06,-1.6131966610729989,1.6868890148636602,-0.2763504612986595,0.0234921924949049,0.0352278067425693,0.0,1,16.420000076293945,19.549999237060547,2.2500000762939454,12.7,13.2,real_post_mid,1.27,2.6,-179.6,-0.013815384615384615
ESS,2025-09-30,2025-10-29,0.0,266.22,260.18,-7.15,-5.0,1.82,2.18,1.46,2.0,1.82,1.6811,1.6109,1.4011,1.0,0.0,1.0,0.0,473174570.0,484000000.0,469011000.0,11.0,47087.04,48079.15,-221.76,1484.43,6.21,1.13,6.82,2.07,2.78,47.6,103.49,-0.33,28.46,260.0,250.0,260.0,2025-11-21,5.35,8.0,13.35,5.134615384615385,2.625,11.35,13.975,261.2,1.1999999999999886,0.25877,0.23926,0.249015,0.23926,3.91743469268919,-0.0097549999999999,301.0,0.0,17.0,24.0,3.846153846153843,1,1.2884615384615414,2025-10-28,687.0,683.1700439453125,0.1417,0.14658,0.15634,0.0048799999999999,0.01464,0,0.1612199999999999,0.12219,0.0390299999999999,4.999999999977245e-06,0.2499679692504803,0.1380646544791722,0.5776892430278885,0.1019969727617197,0.1376072586588146,0.0040927413411853,0.7412179688472138,1.06,-1.6131966610729989,1.6868890148636602,-0.2763504612986595,0.0234921924949049,0.0352278067425693,0.0,1,16.420000076293945,19.549999237060547,2.2500000762939454,13.35,13.975,real_post_mid,1.335,2.6,-198.6,-0.007638461538461538
MSI,2025-09-30,2025-10-30,1.0,457.29,436.71,-5.53,-1.08,3.8502,3.87,3.8398,12.0,3.8502,3.8502,3.8462,3.8232,0.0,0.0,0.0,0.0,2988797180.0,3003000000.0,2984000000.0,11.0,19436.64,18261.6,628.27,81.89,5.21,9.38,7.69,10.19,12.26,11.6,7.45,0.15,0.52,430.0,410.0,430.0,2025-11-21,15.55,11.8,27.35,6.3604651162790695,1.675,24.799999999999997,26.475,368.99,61.00999999999999,0.31731,0.30755,0.31243,0.20512,34.34689370418973,-0.0682899999999999,198.0,100.0,0.3396464646464646,23.0,4.651162790697672,1,1.7093023255813975,2025-10-29,687.0,683.4981689453125,0.14658,0.1526799999999999,0.1601703571428571,0.0060999999999999,0.0135903571428571,0,0.17097,0.12219,0.04878,0.0,0.3124919923126199,0.152715380903876,0.6414342629482072,0.0704764183530035,0.1374421677454058,0.0091378322545941,0.5127714405927601,1.4,0.5131756759690881,2.6924580658458623,-0.1085265131489235,0.0293350971740893,0.0318382271572281,0.0,1,16.920000076293945,19.829999923706055,2.262000076293946,27.35,26.475,real_post_mid,2.7350000000000003,2.6,-188.60000000000002,-0.004386046511627908
KIM,2025-09-30,2025-10-30,0.0,21.85,20.74,-3.94,1.21,0.1929,0.22,0.17,5.0,0.1861,0.1773,0.1684,0.1684,0.0,0.0,0.0,0.0,521398800.0,524216000.0,518662000.0,5.0,15554.4,15456.19,3.2,83.1,4.99,-2.13,11.54,5.88,0.0,2.87,28.06,0.8,7.06,22.5,20.0,22.5,2025-11-21,0.15,1.2000000000000002,1.35,6.000000000000001,0.1,2.0,2.1,20.36,2.140000000000001,0.22951,0.23926,0.234385,0.297795,-27.05377903876102,-0.0048799999999999,241.0,16.0,5.669642857142857,23.0,11.111111111111116,0,-5.111111111111115,2025-10-29,687.0,683.4981689453125,0.14658,0.1526799999999999,0.1601703571428571,0.0060999999999999,0.0135903571428571,0,0.17097,0.12219,0.04878,0.0,0.3124919923126199,0.152715380903876,0.6414342629482072,0.0704764183530035,0.1374421677454058,0.0091378322545941,0.5127714405927601,1.4,0.5131756759690881,2.6924580658458623,-0.1085265131489235,0.0293350971740893,0.0318382271572281,0.0,1,16.920000076293945,19.829999923706055,2.262000076293946,1.35,2.1,real_post_mid,0.135,2.6,-91.1,-0.04048888888888889
LKQ,2025-09-30,2025-10-30,1.0,30.54,29.64,2.03,5.13,0.7566,0.83,0.63,7.0,0.7543,0.7543,0.7543,0.7566,0.0,0.0,0.0,4.0,3535601670.0,3572000000.0,3497900000.0,6.0,7150.69,7215.78,53.12,199.43,-1.86,5.17,0.79,-11.22,10.13,-0.93,-5.17,-0.06,-0.3,30.0,32.5,30.0,2025-11-21,1.7,1.2000000000000002,2.9000000000000004,9.666666666666668,2.1,0.425,2.525,29.56,0.4400000000000013,0.55145,0.41487,0.48316,0.3465749999999999,28.26910340259957,-0.01951,1033.0,15.0,2.3535031847133756,23.0,8.333333333333325,1,1.3333333333333428,2025-10-29,687.0,683.4981689453125,0.14658,0.1526799999999999,0.1601703571428571,0.0060999999999999,0.0135903571428571,0,0.17097,0.12219,0.04878,0.0,0.3124919923126199,0.152715380903876,0.6414342629482072,0.0704764183530035,0.1374421677454058,0.0091378322545941,0.5127714405927601,1.4,0.5131756759690881,2.6924580658458623,-0.1085265131489235,0.0293350971740893,0.0318382271572281,0.0,1,16.920000076293945,19.829999923706055,2.262000076293946,2.9000000000000004,2.525,real_post_mid,0.29000000000000004,2.6,5.900000000000041,0.0019666666666666804
MPWR,2025-09-30,2025-10-30,1.0,920.64,785.62,18.13,38.43,4.6269,4.67,4.6,14.0,4.6269,4.6223,4.6223,4.321,1.0,0.0,3.0,0.0,720923360.0,724100000.0,720000000.0,14.0,12976.62,12522.28,241.11,92.47,30.97,4.24,26.62,32.81,4.21,42.04,41.38,-0.21,1.82,1100.0,1000.0,1100.0,2025-11-21,68.7,69.3,138.0,12.545454545454543,15.75,110.5,126.25,872.35,227.65,0.63925,0.61974,0.6294949999999999,0.48804,22.471187221502937,-0.1219449999999999,75.0,101.0,1.055921052631579,23.0,9.090909090909092,1,3.4545454545454515,2025-10-29,687.0,683.4981689453125,0.14658,0.1526799999999999,0.1601703571428571,0.0060999999999999,0.0135903571428571,0,0.17097,0.12219,0.04878,0.0,0.3124919923126199,0.152715380903876,0.6414342629482072,0.0704764183530035,0.1374421677454058,0.0091378322545941,0.5127714405927601,1.4,0.5131756759690881,2.6924580658458623,-0.1085265131489235,0.0293350971740893,0.0318382271572281,0.0,1,16.920000076293945,19.829999923706055,2.262000076293946,138.0,126.25,real_post_mid,13.8,2.6,-207.60000000000005,-0.0018872727272727277
PWR,2025-09-30,2025-10-30,1.0,414.42,395.17,9.51,14.84,3.2591,3.47,2.99,22.0,3.2685,3.2789,3.2822,3.1642,0.0,0.0,1.0,4.0,7417496070.0,7600058000.0,7186000000.0,22.0,16615.36,16080.58,165.24,243.51,21.07,8.66,16.28,30.53,39.33,24.16,26.46,0.12,0.25,450.0,450.0,450.0,2025-11-21,22.75,22.1,44.85,9.966666666666669,16.6,15.4,32.0,430.15,19.850000000000023,0.51243,0.49292,0.502675,0.370965,26.20182026160044,-0.107315,520.0,129.0,0.3955062263129399,23.0,0.0,1,9.966666666666669,2025-10-29,687.0,683.4981689453125,0.14658,0.1526799999999999,0.1601703571428571,0.0060999999999999,0.0135903571428571,0,0.17097,0.12219,0.04878,0.0,0.3124919923126199,0.152715380903876,0.6414342629482072,0.0704764183530035,0.1374421677454058,0.0091378322545941,0.5127714405927601,1.4,0.5131756759690881,2.6924580658458623,-0.1085265131489235,0.0293350971740893,0.0318382271572281,0.0,1,16.920000076293945,19.829999923706055,2.262000076293946,44.85,32.0,real_post_mid,4.485,2.6,833.9000000000002,0.018531111111111116
WY,2025-09-30,2025-10-30,1.0,24.79,25.08,-5.16,-6.26,-0.0776,-0.06,-0.09,10.0,-0.0746,-0.0372,-0.0119,-0.0116,0.0,0.0,1.0,7.0,1661429320.0,1711000000.0,1618000000.0,10.0,4115.04,3993.95,175.79,163.31,-2.84,6.86,-7.29,-42.86,9.09,-27.32,-34.07,-3.59,-4.47,23.0,23.0,23.0,2025-11-21,0.925,0.6,1.525,6.6304347826086945,0.7,0.6000000000000001,1.3,21.78,1.2199999999999989,0.34658,0.31731,0.331945,0.297795,10.28784889062946,-0.1073199999999999,207.0,174.0,7.638766519823789,23.0,0.0,1,6.6304347826086945,2025-10-29,687.0,683.4981689453125,0.14658,0.1526799999999999,0.1601703571428571,0.0060999999999999,0.0135903571428571,0,0.17097,0.12219,0.04878,0.0,0.3124919923126199,0.152715380903876,0.6414342629482072,0.0704764183530035,0.1374421677454058,0.0091378322545941,0.5127714405927601,1.4,0.5131756759690881,2.6924580658458623,-0.1085265131489235,0.0293350971740893,0.0318382271572281,0.0,1,16.920000076293945,19.829999923706055,2.262000076293946,1.525,1.3,real_post_mid,0.1525,2.6,4.649999999999986,0.0020217391304347765
RSG,2025-09-30,2025-10-30,1.0,229.48,231.21,-8.52,-9.21,1.7843,1.8865,1.6862,22.0,1.7847,1.7878,1.7898,1.8188,1.0,0.0,2.0,8.0,4250541430.0,4300000000.0,4186100000.0,21.0,14782.05,14495.84,139.03,148.37,4.62,5.64,6.19,9.94,12.03,10.97,6.34,0.3,0.33,210.0,210.0,210.0,2025-11-21,7.2,5.4,12.6,6.000000000000001,4.65,5.550000000000001,10.2,219.0,9.0,0.31731,0.27829,0.2977999999999999,0.253895,14.743116185359296,-0.0829249999999999,10.0,0.0,1.1040217719987904,23.0,0.0,1,6.000000000000001,2025-10-29,687.0,683.4981689453125,0.14658,0.1526799999999999,0.1601703571428571,0.0060999999999999,0.0135903571428571,0,0.17097,0.12219,0.04878,0.0,0.3124919923126199,0.152715380903876,0.6414342629482072,0.0704764183530035,0.1374421677454058,0.0091378322545941,0.5127714405927601,1.4,0.5131756759690881,2.6924580658458623,-0.1085265131489235,0.0293350971740893,0.0318382271572281,0.0,1,16.920000076293945,19.829999923706055,2.262000076293946,12.600000000000001,10.2,real_post_mid,1.2600000000000002,2.6,111.40000000000019,0.005304761904761914
SYK,2025-09-30,2025-10-30,1.0,369.67,377.79,-0.19,-2.33,3.1319,3.16,3.05,26.0,3.1341,3.1388,3.1388,3.137,0.0,0.0,1.0,1.0,6044753380.0,6119000000.0,5841100000.0,24.0,7507.1,7088.99,170.02,77.73,11.07,2.66,10.83,11.39,10.21,17.12,17.53,0.96,1.24,370.0,360.0,370.0,2025-11-21,11.35,10.35,21.7,5.864864864864865,2.475,15.75,18.225,368.27,1.7300000000000182,0.2978,0.28804,0.29292,0.209995,28.3097774136283,-0.063415,89.0,44.0,0.5942028985507246,23.0,2.7027027027026973,1,3.1621621621621676,2025-10-29,687.0,683.4981689453125,0.14658,0.1526799999999999,0.1601703571428571,0.0060999999999999,0.0135903571428571,0,0.17097,0.12219,0.04878,0.0,0.3124919923126199,0.152715380903876,0.6414342629482072,0.0704764183530035,0.1374421677454058,0.0091378322545941,0.5127714405927601,1.4,0.5131756759690881,2.6924580658458623,-0.1085265131489235,0.0293350971740893,0.0318382271572281,0.0,1,16.920000076293945,19.829999923706055,2.262000076293946,21.7,18.225,real_post_mid,2.17,2.6,127.8999999999998,0.0034567567567567515
TT,2025-09-30,2025-10-30,1.0,421.96,439.25,5.78,1.62,3.7782,3.849,3.65,21.0,3.7826,3.8002,3.8295,3.8216,0.0,0.0,1.0,10.0,5780977290.0,5879000000.0,5663256390.0,18.0,10336.22,9297.63,522.22,412.74,8.27,22.56,11.32,17.58,43.17,11.64,12.57,1.13,0.77,430.0,450.0,430.0,2025-11-21,17.3,18.55,35.85,8.337209302325583,24.6,4.6,29.200000000000003,410.1,19.899999999999977,0.42462,0.41487,0.419745,0.27341,34.86283338693731,-0.09268,90.0,14.0,0.5046296296296297,23.0,4.651162790697683,1,3.6860465116279,2025-10-29,687.0,683.4981689453125,0.14658,0.1526799999999999,0.1601703571428571,0.0060999999999999,0.0135903571428571,0,0.17097,0.12219,0.04878,0.0,0.3124919923126199,0.152715380903876,0.6414342629482072,0.0704764183530035,0.1374421677454058,0.0091378322545941,0.5127714405927601,1.4,0.5131756759690881,2.6924580658458623,-0.1085265131489235,0.0293350971740893,0.0318382271572281,0.0,1,16.920000076293945,19.829999923706055,2.262000076293946,35.85,29.200000000000003,real_post_mid,3.5850000000000004,2.6,303.8999999999998,0.007067441860465112
VICI,2025-09-30,2025-10-30,1.0,32.61,33.11,-9.48,-10.84,0.69,0.69,0.69,2.0,0.69,0.69,0.69,0.69,0.0,0.0,0.0,0.0,1002283040.0,1013000000.0,994988000.0,11.0,-651.2,-625.23,33.28,59.18,4.63,1.74,5.83,-2.58,0.13,14.1,15.13,0.05,10.03,30.0,30.0,30.0,2025-11-21,0.575,0.75,1.325,4.416666666666667,0.7,0.5,1.2,28.82,1.1799999999999995,0.22951,0.21,0.2197549999999999,0.20512,6.659689199335615,-0.0487849999999999,150.0,3435.0,0.1088772038354469,23.0,0.0,1,4.416666666666667,2025-10-29,687.0,683.4981689453125,0.14658,0.1526799999999999,0.1601703571428571,0.0060999999999999,0.0135903571428571,0,0.17097,0.12219,0.04878,0.0,0.3124919923126199,0.152715380903876,0.6414342629482072,0.0704764183530035,0.1374421677454058,0.0091378322545941,0.5127714405927601,1.4,0.5131756759690881,2.6924580658458623,-0.1085265131489235,0.0293350971740893,0.0318382271572281,0.0,1,16.920000076293945,19.829999923706055,2.262000076293946,1.325,1.2,real_post_mid,0.1325,2.6,-3.3500000000000005,-0.0011166666666666668
VMC,2025-09-30,2025-10-30,1.0,307.62,274.94,-5.73,5.48,2.719,2.82,2.56,18.0,2.7179,2.6766,2.6766,2.6495,3.0,0.0,6.0,1.0,2264993620.0,2371017790.0,2061000000.0,16.0,13018.02,12459.95,257.31,356.98,4.37,28.62,-2.73,4.26,145.0,9.49,3.84,0.34,-0.12,300.0,290.0,300.0,2025-11-21,7.45,12.4,19.85,6.616666666666666,2.925,13.5,16.425,287.83,12.170000000000016,0.31731,0.33682,0.327065,0.24414,25.354287374069372,-0.0487799999999999,236.0,2.0,1.3333333333333333,23.0,3.3333333333333326,1,3.2833333333333337,2025-10-29,687.0,683.4981689453125,0.14658,0.1526799999999999,0.1601703571428571,0.0060999999999999,0.0135903571428571,0,0.17097,0.12219,0.04878,0.0,0.3124919923126199,0.152715380903876,0.6414342629482072,0.0704764183530035,0.1374421677454058,0.0091378322545941,0.5127714405927601,1.4,0.5131756759690881,2.6924580658458623,-0.1085265131489235,0.0293350971740893,0.0318382271572281,0.0,1,16.920000076293945,19.829999923706055,2.262000076293946,19.85,16.425,real_post_mid,1.9850000000000003,2.6,141.40000000000003,0.004713333333333334
WEC,2025-09-30,2025-10-30,1.0,114.59,110.24,-1.74,2.14,0.812,0.83,0.7947,7.0,0.799,0.7962,0.7862,0.8639,2.0,0.0,3.0,0.0,1897991270.0,2061356720.0,1435517540.0,7.0,8037.15,7598.62,212.22,138.32,13.4,-36.2,2.09,13.43,-66.52,8.04,10.99,-1.45,-0.44,115.0,110.0,115.0,2025-11-21,2.225,2.95,5.175000000000001,4.500000000000001,0.8,4.6,5.3999999999999995,111.14,3.859999999999999,0.20024,0.24902,0.22463,0.195365,13.028090637937936,-0.0243899999999999,384.0,522.0,0.9260450160771704,23.0,4.347826086956519,1,0.152173913043482,2025-10-29,687.0,683.4981689453125,0.14658,0.1526799999999999,0.1601703571428571,0.0060999999999999,0.0135903571428571,0,0.17097,0.12219,0.04878,0.0,0.3124919923126199,0.152715380903876,0.6414342629482072,0.0704764183530035,0.1374421677454058,0.0091378322545941,0.5127714405927601,1.4,0.5131756759690881,2.6924580658458623,-0.1085265131489235,0.0293350971740893,0.0318382271572281,0.0,1,16.920000076293945,19.829999923706055,2.262000076293946,5.175000000000001,5.3999999999999995,real_post_mid,0.5175000000000001,2.6,-76.84999999999988,-0.006682608695652164
WTW,2025-09-30,2025-10-30,1.0,345.45,314.77,-8.24,0.71,3.049,3.23,2.85,19.0,3.0552,3.0394,3.0172,2.9905,1.0,0.0,6.0,3.0,2284415400.0,2312000000.0,2241000000.0,10.0,4039.22,3469.4,177.98,293.7,-0.22,1.71,2.75,12.16,-8.63,15.71,73.58,-39.55,6.92,320.0,310.0,320.0,2025-11-21,9.15,11.4,20.55,6.421875000000001,4.225,10.65,14.875,315.05,4.949999999999989,0.30755,0.32707,0.31731,0.23926,24.59739686741672,-0.0780449999999999,106.0,412.0,1.0114503816793894,23.0,3.125,1,3.296875000000001,2025-10-29,687.0,683.4981689453125,0.14658,0.1526799999999999,0.1601703571428571,0.0060999999999999,0.0135903571428571,0,0.17097,0.12219,0.04878,0.0,0.3124919923126199,0.152715380903876,0.6414342629482072,0.0704764183530035,0.1374421677454058,0.0091378322545941,0.5127714405927601,1.4,0.5131756759690881,2.6924580658458623,-0.1085265131489235,0.0293350971740893,0.0318382271572281,0.0,1,16.920000076293945,19.829999923706055,2.262000076293946,20.55,14.875,real_post_mid,2.055,2.6,359.40000000000003,0.011231250000000002
K,2025-09-30,2025-10-30,1.0,82.02,79.92,1.35,4.02,0.8665,0.98,0.81,13.0,0.8657,0.8739,0.8739,0.908,1.0,0.0,1.0,2.0,3250950450.0,3323200000.0,3205000000.0,11.0,12981.79,13148.74,-72.47,299.11,0.34,3.89,-2.2,-6.93,4.44,-11.13,-8.64,-2.25,-1.43,82.5,82.5,82.5,2025-11-21,0.825,0.3,1.125,1.3636363636363635,0.825,,,83.45,0.9500000000000028,0.04415,0.07341,0.05878,0.03439,41.49370534195304,-0.01951,299.0,0.0,0.2093023255813953,23.0,0.0,1,1.3636363636363635,2025-10-29,687.0,683.4981689453125,0.14658,0.1526799999999999,0.1601703571428571,0.0060999999999999,0.0135903571428571,0,0.17097,0.12219,0.04878,0.0,0.3124919923126199,0.152715380903876,0.6414342629482072,0.0704764183530035,0.1374421677454058,0.0091378322545941,0.5127714405927601,1.4,0.5131756759690881,2.6924580658458623,-0.1085265131489235,0.0293350971740893,0.0318382271572281,0.0,1,16.920000076293945,19.829999923706055,2.262000076293946,1.125,0.0,intrinsic_fallback,0.1125,2.6,98.65,0.011957575757575759
XEL,2025-09-30,2025-10-30,0.0,80.65,73.47,1.17,11.05,1.3183,1.37,1.274,14.0,1.3214,1.3627,1.3705,1.3822,0.0,0.0,1.0,6.0,3947910000.0,4024883000.0,3868717000.0,6.0,4111.52,4063.14,-440.21,634.44,8.55,-15.85,-1.09,38.89,-10.71,16.16,28.51,1.46,2.72,80.0,80.0,80.0,2025-11-21,1.75,1.925,3.675,4.59375,2.475,1.05,3.5250000000000004,79.67,0.3299999999999983,0.22951,0.23926,0.234385,0.2148749999999999,8.323911513108785,0.0048749999999999,467.0,20.0,0.2184873949579832,23.0,0.0,1,4.59375,2025-10-29,687.0,683.4981689453125,0.14658,0.1526799999999999,0.1601703571428571,0.0060999999999999,0.0135903571428571,0,0.17097,0.12219,0.04878,0.0,0.3124919923126199,0.152715380903876,0.6414342629482072,0.0704764183530035,0.1374421677454058,0.0091378322545941,0.5127714405927601,1.4,0.5131756759690881,2.6924580658458623,-0.1085265131489235,0.0293350971740893,0.0318382271572281,0.0,1,16.920000076293945,19.829999923706055,2.262000076293946,3.675,3.5250000000000004,real_post_mid,0.3675,2.6,-24.350000000000055,-0.003043750000000007
RMD,2025-09-30,2025-10-30,1.0,273.73,279.2,-7.84,-9.65,2.4987,2.5649,2.45,12.0,2.5048,2.5085,2.5023,2.4388,0.0,0.0,0.0,0.0,1332902740.0,1358700000.0,1300000000.0,19.0,-4082.72,-1262.43,-1364.16,1944.27,7.92,0.75,9.85,11.27,144.33,9.41,13.8,2.39,1.71,250.0,250.0,250.0,2025-11-21,14.95,11.35,26.299999999999997,10.52,4.95,7.800000000000001,12.75,250.75,0.75,0.50267,0.53194,0.5173049999999999,0.26365,49.03393549260107,-0.1658499999999999,80.0,1.0,4.6104651162790695,23.0,0.0,1,10.52,2025-10-29,687.0,683.4981689453125,0.14658,0.1526799999999999,0.1601703571428571,0.0060999999999999,0.0135903571428571,0,0.17097,0.12219,0.04878,0.0,0.3124919923126199,0.152715380903876,0.6414342629482072,0.0704764183530035,0.1374421677454058,0.0091378322545941,0.5127714405927601,1.4,0.5131756759690881,2.6924580658458623,-0.1085265131489235,0.0293350971740893,0.0318382271572281,0.0,1,16.920000076293945,19.829999923706055,2.262000076293946,26.299999999999997,12.75,real_post_mid,2.63,2.6,1089.3999999999999,0.043576
IP,2025-09-30,2025-10-30,0.0,46.4,46.41,-16.75,-16.76,0.5564,0.74,0.43,9.0,0.5386,0.5541,0.5653,0.6795,1.0,0.0,2.0,4.0,6456099090.0,6944900000.0,6059583330.0,9.0,9911.52,12189.95,-2253.42,1427.9,42.94,14.68,9.4,-85.82,183.33,28.75,-16.26,-1.08,-2.16,44.0,39.0,44.0,2025-10-31,1.95,1.75,3.7,8.409090909090908,0.02,5.05,5.069999999999999,38.64,5.359999999999999,1.40021,1.42948,1.414845,0.32219,77.22789422162852,-0.956075,1.0,151.0,0.4572419687295762,2.0,11.363636363636363,0,-2.954545454545457,2025-10-29,687.0,683.4981689453125,0.14658,0.1526799999999999,0.1601703571428571,0.0060999999999999,0.0135903571428571,0,0.17097,0.12219,0.04878,0.0,0.3124919923126199,0.152715380903876,0.6414342629482072,0.0704764183530035,0.1374421677454058,0.0091378322545941,0.5127714405927601,1.4,0.5131756759690881,2.6924580658458623,-0.1085265131489235,0.0293350971740893,0.0318382271572281,0.0,1,16.920000076293945,19.829999923706055,2.262000076293946,3.7,5.069999999999999,real_post_mid,0.37000000000000005,2.6,-176.59999999999994,-0.04013636363636362
EME,2025-09-30,2025-10-30,1.0,649.54,624.67,-0.24,3.73,6.5275,6.8,6.32,8.0,6.5275,6.4975,6.5,6.2157,1.0,0.0,1.0,0.0,4280359140.0,4375000000.0,4171100000.0,9.0,56157.79,50142.16,2143.49,1308.54,17.39,11.3,15.49,28.0,27.76,25.76,24.76,0.72,0.57,780.0,680.0,780.0,2025-11-21,39.65,40.6,80.25,10.288461538461538,1.75,104.85,106.6,581.58,198.41999999999996,0.51243,0.51243,0.51243,0.3856,24.750697656265256,-0.092685,95.0,77.0,0.7700729927007299,23.0,12.82051282051282,0,-2.532051282051281,2025-10-29,687.0,683.4981689453125,0.14658,0.1526799999999999,0.1601703571428571,0.0060999999999999,0.0135903571428571,0,0.17097,0.12219,0.04878,0.0,0.3124919923126199,0.152715380903876,0.6414342629482072,0.0704764183530035,0.1374421677454058,0.0091378322545941,0.5127714405927601,1.4,0.5131756759690881,2.6924580658458623,-0.1085265131489235,0.0293350971740893,0.0318382271572281,0.0,1,16.920000076293945,19.829999923706055,2.262000076293946,80.25,106.6,real_post_mid,8.025,2.6,-3440.099999999999,-0.04410384615384614
AJG,2025-09-30,2025-10-30,0.0,309.74,284.17,-15.4,-7.79,2.5367,2.62,2.46,16.0,2.5129,2.446,2.4083,2.4303,2.0,0.0,12.0,2.0,3461139800.0,3504000000.0,3435999000.0,5.0,3085.92,4985.38,-1144.1,1173.09,16.05,-13.59,14.59,3.1,-14.34,28.19,30.44,2.47,2.14,260.0,250.0,260.0,2025-11-21,10.8,7.3,18.1,6.961538461538462,3.15,13.15,16.3,251.41,8.590000000000003,0.35633,0.32707,0.3417,0.302675,11.420836991513015,-0.0487799999999999,0.0,0.0,4.796407185628743,23.0,3.846153846153843,1,3.115384615384618,2025-10-29,687.0,683.4981689453125,0.14658,0.1526799999999999,0.1601703571428571,0.0060999999999999,0.0135903571428571,0,0.17097,0.12219,0.04878,0.0,0.3124919923126199,0.152715380903876,0.6414342629482072,0.0704764183530035,0.1374421677454058,0.0091378322545941,0.5127714405927601,1.4,0.5131756759690881,2.6924580658458623,-0.1085265131489235,0.0293350971740893,0.0318382271572281,0.0,1,16.920000076293945,19.829999923706055,2.262000076293946,18.1,16.3,real_post_mid,1.8100000000000003,2.6,-3.5999999999999566,-0.0001384615384615368
AME,2025-09-30,2025-10-30,1.0,188.0,182.36,5.49,8.75,1.759,1.79,1.74,17.0,1.759,1.757,1.7546,1.7632,1.0,0.0,1.0,1.0,1813661410.0,1845570960.0,1765627500.0,15.0,5576.5,5610.47,63.74,324.01,2.49,2.66,4.01,7.23,17.11,3.74,3.15,-0.23,0.16,185.0,200.0,185.0,2025-11-21,5.35,5.45,10.8,5.837837837837838,18.9,0.6,19.5,195.02,10.02000000000001,0.2978,0.28804,0.29292,0.22463,23.31353270517548,-0.053655,23.0,33.0,0.3160621761658031,23.0,8.108108108108114,0,-2.2702702702702764,2025-10-29,687.0,683.4981689453125,0.14658,0.1526799999999999,0.1601703571428571,0.0060999999999999,0.0135903571428571,0,0.17097,0.12219,0.04878,0.0,0.3124919923126199,0.152715380903876,0.6414342629482072,0.0704764183530035,0.1374421677454058,0.0091378322545941,0.5127714405927601,1.4,0.5131756759690881,2.6924580658458623,-0.1085265131489235,0.0293350971740893,0.0318382271572281,0.0,1,16.920000076293945,19.829999923706055,2.262000076293946,10.8,19.5,real_post_mid,1.08,2.6,-980.5999999999999,-0.0530054054054054
AMP,2025-09-30,2025-10-30,1.0,491.25,501.52,-7.56,-9.45,9.7608,9.96,9.42,12.0,9.6017,9.55,9.55,9.476,6.0,0.0,8.0,1.0,4565549330.0,4626000000.0,4524000000.0,6.0,7952.48,12419.42,-3157.76,5877.32,3.67,0.48,9.21,6.8,56.26,29.35,28.54,-104.5,5.97,480.0,450.0,480.0,2025-11-21,13.7,15.8,29.5,6.145833333333333,1.775,29.799999999999997,31.574999999999996,447.56,32.44,0.28804,0.32707,0.307555,0.239265,22.20415860577783,-0.058535,5.0,54.0,1.1666666666666667,23.0,6.25,0,-0.1041666666666669,2025-10-29,687.0,683.4981689453125,0.14658,0.1526799999999999,0.1601703571428571,0.0060999999999999,0.0135903571428571,0,0.17097,0.12219,0.04878,0.0,0.3124919923126199,0.152715380903876,0.6414342629482072,0.0704764183530035,0.1374421677454058,0.0091378322545941,0.5127714405927601,1.4,0.5131756759690881,2.6924580658458623,-0.1085265131489235,0.0293350971740893,0.0318382271572281,0.0,1,16.920000076293945,19.829999923706055,2.262000076293946,29.5,31.574999999999996,real_post_mid,2.95,2.6,-505.0999999999996,-0.01052291666666666
APTV,2025-09-30,2025-10-30,1.0,86.22,65.65,-4.76,25.09,1.8269,1.973,1.67,18.0,1.8236,1.7817,1.7603,1.864,1.0,0.0,10.0,0.0,5108340090.0,5257600000.0,4947000000.0,16.0,9452.5,8359.79,713.91,282.0,3.11,7.94,-1.47,34.18,25.44,-40.75,-3.57,1.14,-0.65,85.0,82.5,85.0,2025-11-21,5.15,3.5,8.65,10.176470588235295,1.6749999999999998,5.4,7.075,74.13,10.870000000000005,0.54169,0.46365,0.50267,0.40511,19.40835936101218,-0.1121899999999999,375.0,41.0,0.2002124269782262,23.0,2.941176470588236,1,7.23529411764706,2025-10-29,687.0,683.4981689453125,0.14658,0.1526799999999999,0.1601703571428571,0.0060999999999999,0.0135903571428571,0,0.17097,0.12219,0.04878,0.0,0.3124919923126199,0.152715380903876,0.6414342629482072,0.0704764183530035,0.1374421677454058,0.0091378322545941,0.5127714405927601,1.4,0.5131756759690881,2.6924580658458623,-0.1085265131489235,0.0293350971740893,0.0318382271572281,0.0,1,16.920000076293945,19.829999923706055,2.262000076293946,8.65,7.075,real_post_mid,0.8650000000000001,2.6,68.40000000000002,0.008047058823529414
BAX,2025-09-30,2025-10-30,1.0,22.77,21.96,-15.85,-12.75,0.5979,0.61,0.58,13.0,0.5979,0.5964,0.5964,0.6473,1.0,0.0,1.0,0.0,2877440210.0,2895000000.0,2866000000.0,11.0,7987.36,7815.65,149.23,133.06,4.31,7.05,3.46,-13.24,7.27,3.12,7.26,1.98,0.19,22.5,18.5,22.5,2025-10-31,1.05,1.2,2.25,10.0,0.14,4.2,4.34,18.47,4.030000000000001,1.64411,1.75142,1.697765,0.39048,77.00035046075283,-0.931685,114.0,139.0,0.747796278158668,2.0,17.777777777777782,0,-7.777777777777782,2025-10-29,687.0,683.4981689453125,0.14658,0.1526799999999999,0.1601703571428571,0.0060999999999999,0.0135903571428571,0,0.17097,0.12219,0.04878,0.0,0.3124919923126199,0.152715380903876,0.6414342629482072,0.0704764183530035,0.1374421677454058,0.0091378322545941,0.5127714405927601,1.4,0.5131756759690881,2.6924580658458623,-0.1085265131489235,0.0293350971740893,0.0318382271572281,0.0,1,16.920000076293945,19.829999923706055,2.262000076293946,2.25,4.34,real_post_mid,0.225,2.6,-234.1,-0.10404444444444444
BLDR,2025-09-30,2025-10-30,1.0,121.25,130.18,-7.88,-14.2,1.7238,1.9424,1.5276,16.0,1.7275,1.7645,1.7645,2.4792,0.0,0.0,0.0,3.0,3845927340.0,4015110780.0,3724600000.0,20.0,62368.29,62013.97,238.09,125.04,-4.99,15.76,-4.85,-32.0,57.62,-27.5,-36.4,-2.14,-3.63,115.0,115.0,115.0,2025-11-21,6.0,6.45,12.45,10.826086956521738,6.15,4.35,10.5,101.62,13.379999999999995,0.49292,0.59047,0.541695,0.473405,12.606725186682546,-0.058535,123.0,15.0,0.9689067201604814,23.0,0.0,1,10.826086956521738,2025-10-29,687.0,683.4981689453125,0.14658,0.1526799999999999,0.1601703571428571,0.0060999999999999,0.0135903571428571,0,0.17097,0.12219,0.04878,0.0,0.3124919923126199,0.152715380903876,0.6414342629482072,0.0704764183530035,0.1374421677454058,0.0091378322545941,0.5127714405927601,1.4,0.5131756759690881,2.6924580658458623,-0.1085265131489235,0.0293350971740893,0.0318382271572281,0.0,1,16.920000076293945,19.829999923706055,2.262000076293946,12.45,10.5,real_post_mid,1.245,2.6,67.89999999999992,0.00590434782608695
ICE,2025-09-30,2025-10-30,1.0,168.48,184.6,-11.85,-19.54,1.6066,1.71,1.5798,15.0,1.6056,1.6884,1.705,1.7352,1.0,0.0,0.0,12.0,2413872880.0,2473000000.0,2394000000.0,9.0,4550.22,4387.92,145.16,90.53,12.6,1.02,18.05,19.08,5.23,17.15,89.12,20.58,25.0,150.0,145.0,150.0,2025-11-21,5.5,3.65,9.15,6.1000000000000005,1.725,5.3,7.025,154.43,4.430000000000007,0.32707,0.27829,0.30268,0.24414,19.340557684683496,-0.068295,48.0,34.0,0.2374594009382894,23.0,3.3333333333333326,1,2.766666666666668,2025-10-29,687.0,683.4981689453125,0.14658,0.1526799999999999,0.1601703571428571,0.0060999999999999,0.0135903571428571,0,0.17097,0.12219,0.04878,0.0,0.3124919923126199,0.152715380903876,0.6414342629482072,0.0704764183530035,0.1374421677454058,0.0091378322545941,0.5127714405927601,1.4,0.5131756759690881,2.6924580658458623,-0.1085265131489235,0.0293350971740893,0.0318382271572281,0.0,1,16.920000076293945,19.829999923706055,2.262000076293946,9.15,7.025,real_post_mid,0.915,2.6,118.4,0.007893333333333334
CAH,2025-09-30,2025-10-30,1.0,156.96,156.0,20.95,21.69,2.1733,2.4159,2.1,14.0,2.1745,2.1825,2.1825,2.1662,6.0,0.0,5.0,2.0,59265286640.0,60238300000.0,57573187960.0,13.0,8992.48,8539.97,453.12,611.69,0.02,-0.7,-2.99,12.98,48.73,72.94,97.83,0.34,0.66,165.0,190.0,165.0,2025-10-31,3.6,4.2,7.800000000000001,4.7272727272727275,26.35,,,190.77,25.77000000000001,0.78559,0.81486,0.800225,0.24414,69.4910806335718,-0.4731599999999999,38.0,14.0,1.0455249303189842,2.0,15.15151515151516,0,-10.424242424242433,2025-10-29,687.0,683.4981689453125,0.14658,0.1526799999999999,0.1601703571428571,0.0060999999999999,0.0135903571428571,0,0.17097,0.12219,0.04878,0.0,0.3124919923126199,0.152715380903876,0.6414342629482072,0.0704764183530035,0.1374421677454058,0.0091378322545941,0.5127714405927601,1.4,0.5131756759690881,2.6924580658458623,-0.1085265131489235,0.0293350971740893,0.0318382271572281,0.0,1,16.920000076293945,19.829999923706055,2.262000076293946,7.800000000000001,25.0,intrinsic_fallback,0.7800000000000001,2.6,-1800.6,-0.10912727272727273
COIN,2025-09-30,2025-10-30,1.0,337.49,314.69,-2.66,4.39,1.0958,1.39,0.77,19.0,1.1329,1.1801,1.1813,1.325,1.0,0.0,3.0,5.0,1802105610.0,2028900000.0,1665000000.0,22.0,-3554.56,-8396.16,2140.82,5465.68,5.06,-26.4,-14.33,3571.43,2041.67,46955125.0,28.54,-9.44,0.77,347.5,345.0,347.5,2025-10-31,14.875,13.375,28.25,8.129496402877697,0.03,4.875,4.905,343.78,3.7200000000000273,1.39045,1.36119,1.37582,0.61974,54.954863281533925,-0.6926650000000001,414.0,341.0,0.7815270840593178,2.0,0.7194244604316502,1,7.410071942446047,2025-10-29,687.0,683.4981689453125,0.14658,0.1526799999999999,0.1601703571428571,0.0060999999999999,0.0135903571428571,0,0.17097,0.12219,0.04878,0.0,0.3124919923126199,0.152715380903876,0.6414342629482072,0.0704764183530035,0.1374421677454058,0.0091378322545941,0.5127714405927601,1.4,0.5131756759690881,2.6924580658458623,-0.1085265131489235,0.0293350971740893,0.0318382271572281,0.0,1,16.920000076293945,19.829999923706055,2.262000076293946,28.25,4.905,real_post_mid,2.825,2.6,2049.4,0.05897553956834533
HII,2025-09-30,2025-10-30,1.0,287.91,269.83,10.82,18.25,3.4377,3.93,3.13,8.0,3.4343,3.4343,3.445,3.4788,2.0,0.0,2.0,0.0,2948158330.0,3078270000.0,2877000000.0,9.0,33851.68,29495.81,2168.7,1328.06,3.53,12.73,0.24,-11.87,1.85,-6.56,-12.99,-1.69,-0.95,300.0,320.0,300.0,2025-11-21,15.15,14.9,30.049999999999997,10.016666666666666,25.95,3.0749999999999997,29.025,305.49,5.490000000000009,0.52218,0.48316,0.50267,0.29292,41.7271768754849,-0.1121949999999999,162.0,15.0,8.045454545454545,23.0,6.666666666666665,1,3.3500000000000005,2025-10-29,687.0,683.4981689453125,0.14658,0.1526799999999999,0.1601703571428571,0.0060999999999999,0.0135903571428571,0,0.17097,0.12219,0.04878,0.0,0.3124919923126199,0.152715380903876,0.6414342629482072,0.0704764183530035,0.1374421677454058,0.0091378322545941,0.5127714405927601,1.4,0.5131756759690881,2.6924580658458623,-0.1085265131489235,0.0293350971740893,0.0318382271572281,0.0,1,16.920000076293945,19.829999923706055,2.262000076293946,30.05,29.025,real_post_mid,3.0050000000000003,2.6,-200.59999999999982,-0.006686666666666661
CMS,2025-09-30,2025-10-30,1.0,73.26,74.08,-0.07,-1.17,0.8588,0.92,0.8314,11.0,0.8659,0.8437,0.8438,0.864,1.0,0.0,3.0,3.0,1814317730.0,1872294110.0,1781600000.0,4.0,4773.6,4698.78,102.61,96.53,14.37,-24.89,4.84,7.58,-30.39,10.87,12.01,-2.1,-0.36,70.0,75.0,70.0,2025-11-21,2.975,0.675,3.65,5.214285714285715,3.1,0.375,3.475,74.04,4.040000000000006,0.20024,0.22951,0.2148749999999999,0.23926,-11.34845840605004,-0.0146349999999999,668.0,0.0,0.9791976225854384,23.0,7.14285714285714,0,-1.9285714285714244,2025-10-29,687.0,683.4981689453125,0.14658,0.1526799999999999,0.1601703571428571,0.0060999999999999,0.0135903571428571,0,0.17097,0.12219,0.04878,0.0,0.3124919923126199,0.152715380903876,0.6414342629482072,0.0704764183530035,0.1374421677454058,0.0091378322545941,0.5127714405927601,1.4,0.5131756759690881,2.6924580658458623,-0.1085265131489235,0.0293350971740893,0.0318382271572281,0.0,1,16.920000076293945,19.829999923706055,2.262000076293946,3.6500000000000004,3.475,real_post_mid,0.36500000000000005,2.6,-21.59999999999998,-0.0030857142857142828
ERIE,2025-09-30,2025-10-30,1.0,318.16,350.75,-2.68,-11.72,3.37,3.37,3.37,1.0,3.34,3.34,3.34,3.34,1.0,0.0,1.0,0.0,1084561000.0,1084561000.0,1084561000.0,1.0,7686.72,10353.17,-977.76,1216.59,7.28,7.15,14.14,6.91,26.15,16.06,5.71,-0.23,-0.28,300.0,290.0,300.0,2025-11-21,13.25,10.1,23.35,7.783333333333334,6.7,13.15,19.85,296.36,3.6399999999999864,0.39536,0.37584,0.3856,0.3465749999999999,10.120591286307064,-0.0536549999999999,0.0,0.0,2.6666666666666665,23.0,3.3333333333333326,1,4.450000000000001,2025-10-29,687.0,683.4981689453125,0.14658,0.1526799999999999,0.1601703571428571,0.0060999999999999,0.0135903571428571,0,0.17097,0.12219,0.04878,0.0,0.3124919923126199,0.152715380903876,0.6414342629482072,0.0704764183530035,0.1374421677454058,0.0091378322545941,0.5127714405927601,1.4,0.5131756759690881,2.6924580658458623,-0.1085265131489235,0.0293350971740893,0.0318382271572281,0.0,1,16.920000076293945,19.829999923706055,2.262000076293946,23.35,19.85,real_post_mid,2.3350000000000004,2.6,113.89999999999996,0.0037966666666666656
DXCM,2025-09-30,2025-10-30,1.0,67.29,79.28,1.35,-13.98,0.5674,0.61,0.52,23.0,0.5674,0.5677,0.5657,0.5683,2.0,0.0,3.0,0.0,1178368380.0,1211600000.0,1153000000.0,23.0,1113.57,1142.55,52.86,127.76,15.21,11.69,10.7,11.63,50.0,26.2,34.56,-2.87,2.64,68.0,58.0,68.0,2025-10-31,4.0,3.9,7.9,11.617647058823527,0.01,9.4,9.41,58.22,9.78,1.94654,1.98556,1.96605,0.5709599999999999,70.95902952620737,-1.380455,66.0,23.0,0.2634062634062634,2.0,14.70588235294118,0,-3.0882352941176503,2025-10-29,687.0,683.4981689453125,0.14658,0.1526799999999999,0.1601703571428571,0.0060999999999999,0.0135903571428571,0,0.17097,0.12219,0.04878,0.0,0.3124919923126199,0.152715380903876,0.6414342629482072,0.0704764183530035,0.1374421677454058,0.0091378322545941,0.5127714405927601,1.4,0.5131756759690881,2.6924580658458623,-0.1085265131489235,0.0293350971740893,0.0318382271572281,0.0,1,16.920000076293945,19.829999923706055,2.262000076293946,7.9,9.41,real_post_mid,0.79,2.6,-232.59999999999997,-0.03420588235294117
DTE,2025-09-30,2025-10-30,1.0,141.43,138.51,-2.38,-0.32,2.1132,2.18,2.0397,12.0,2.0998,2.1936,2.1936,2.1869,1.0,0.0,2.0,6.0,3231808760.0,4041842160.0,2929100000.0,4.0,10587.57,10383.36,219.63,221.38,18.92,-23.0,6.78,-4.9,-35.24,-6.64,-14.94,-7.22,-4.97,140.0,135.0,140.0,2025-11-21,3.05,3.9,6.949999999999999,4.9642857142857135,0.85,4.65,5.5,135.77,4.22999999999999,0.24902,0.24902,0.24902,0.190485,23.506144084812455,-0.0682899999999999,59.0,3.0,0.0465116279069767,23.0,3.57142857142857,1,1.3928571428571437,2025-10-29,687.0,683.4981689453125,0.14658,0.1526799999999999,0.1601703571428571,0.0060999999999999,0.0135903571428571,0,0.17097,0.12219,0.04878,0.0,0.3124919923126199,0.152715380903876,0.6414342629482072,0.0704764183530035,0.1374421677454058,0.0091378322545941,0.5127714405927601,1.4,0.5131756759690881,2.6924580658458623,-0.1085265131489235,0.0293350971740893,0.0318382271572281,0.0,1,16.920000076293945,19.829999923706055,2.262000076293946,6.949999999999999,5.5,real_post_mid,0.695,2.6,72.89999999999993,0.005207142857142853
EW,2025-09-30,2025-10-30,1.0,77.77,79.33,7.34,5.23,0.5919,0.62,0.57,25.0,0.5913,0.5901,0.5874,0.5846,0.0,0.0,6.0,1.0,1496941120.0,1517300000.0,1473000000.0,27.0,-11722.05,-11919.15,126.93,36.0,10.56,8.46,-2.26,-4.29,4.69,-6.1,18.15,-0.87,1.8,82.5,82.5,82.5,2025-11-21,3.45,2.9000000000000004,6.3500000000000005,7.696969696969698,2.05,1.95,4.0,85.13,2.6299999999999955,0.39536,0.37584,0.3856,0.253895,34.15586099585063,-0.107315,4589.0,571.0,0.7372178275130233,23.0,0.0,1,7.696969696969698,2025-10-29,687.0,683.4981689453125,0.14658,0.1526799999999999,0.1601703571428571,0.0060999999999999,0.0135903571428571,0,0.17097,0.12219,0.04878,0.0,0.3124919923126199,0.152715380903876,0.6414342629482072,0.0704764183530035,0.1374421677454058,0.0091378322545941,0.5127714405927601,1.4,0.5131756759690881,2.6924580658458623,-0.1085265131489235,0.0293350971740893,0.0318382271572281,0.0,1,16.920000076293945,19.829999923706055,2.262000076293946,6.3500000000000005,4.0,real_post_mid,0.6350000000000001,2.6,168.90000000000003,0.020472727272727278
FRT,2025-09-30,2025-10-31,0.0,99.64,90.61,-3.46,6.16,0.7779,0.96,0.68,5.0,0.7799,0.7799,0.78,0.8312,0.0,0.0,0.0,0.0,315249050.0,321631300.0,302680070.0,7.0,29879.52,29292.48,99.33,349.71,5.23,0.77,6.01,28.99,25.35,20.4,29.13,0.26,12.05,95.0,95.0,95.0,2025-11-21,3.4499999999999997,2.425,5.875,6.184210526315789,2.7249999999999996,1.625,4.35,97.97,2.969999999999999,0.36609,0.26853,0.31731,0.253895,19.985187986511615,-0.1024399999999999,15.0,0.0,1.1602067183462532,22.0,0.0,1,6.184210526315789,2025-10-30,682.0,675.98095703125,0.146585,0.15634,0.1653978571428571,0.0097549999999999,0.0188128571428571,0,0.1626128571428571,0.1333428571428571,0.0292699999999999,0.0013928571428571,0.3125560538116594,0.1527303918940653,0.6613545816733067,0.1385862520971142,0.1438887301686523,0.0026962698313476,0.963148760397544,1.28,-0.2043098115363298,1.193548165110611,-0.3713069559346177,0.0120131924901418,0.0170243397562084,-0.0109981449191913,1,16.90999984741211,19.979999542236328,2.2514998474121075,5.875,4.35,real_post_mid,0.5875,2.6,91.15000000000003,0.009594736842105267
TROW,2025-09-30,2025-10-31,1.0,101.07,103.06,1.44,-0.51,2.543,2.63,2.4522,12.0,2.5266,2.4423,2.4323,2.3096,1.0,0.0,11.0,0.0,1898278000.0,1916300000.0,1873212000.0,4.0,8937.12,8819.78,503.57,695.5,-0.58,-2.3,6.47,-0.88,0.45,-12.71,-15.3,-4.53,-4.83,105.0,100.0,105.0,2025-11-21,1.65,3.4250000000000003,5.075,4.833333333333333,0.825,4.35,5.175,100.31,4.689999999999998,0.26853,0.18073,0.22463,0.23926,-6.512932377687755,0.009755,2368.0,264.0,0.2273218142548596,22.0,4.761904761904767,1,0.0714285714285658,2025-10-30,682.0,675.98095703125,0.146585,0.15634,0.1653978571428571,0.0097549999999999,0.0188128571428571,0,0.1626128571428571,0.1333428571428571,0.0292699999999999,0.0013928571428571,0.3125560538116594,0.1527303918940653,0.6613545816733067,0.1385862520971142,0.1438887301686523,0.0026962698313476,0.963148760397544,1.28,-0.2043098115363298,1.193548165110611,-0.3713069559346177,0.0120131924901418,0.0170243397562084,-0.0109981449191913,1,16.90999984741211,19.979999542236328,2.2514998474121075,5.075,5.175,real_post_mid,0.5075000000000001,2.6,-63.34999999999997,-0.006033333333333331
LYB,2025-09-30,2025-10-31,1.0,48.42,53.42,-4.13,-13.1,0.8025,0.95,0.59,15.0,0.8612,0.8698,0.9033,1.1806,0.0,0.0,2.0,8.0,7387672700.0,7909000000.0,6506000000.0,13.0,9076.46,9700.27,-80.51,412.35,-11.75,-0.25,-4.01,-72.32,87.88,-57.85,-66.97,-6.07,-7.2,45.0,45.0,45.0,2025-11-21,3.25,3.0,6.25,13.88888888888889,3.05,1.45,4.5,44.8,0.2000000000000028,0.69779,0.7173,0.7075450000000001,0.541695,23.440205216629337,-0.17073,184.0,252.0,2.398805715504372,22.0,0.0,1,13.88888888888889,2025-10-30,682.0,675.98095703125,0.146585,0.15634,0.1653978571428571,0.0097549999999999,0.0188128571428571,0,0.1626128571428571,0.1333428571428571,0.0292699999999999,0.0013928571428571,0.3125560538116594,0.1527303918940653,0.6613545816733067,0.1385862520971142,0.1438887301686523,0.0026962698313476,0.963148760397544,1.28,-0.2043098115363298,1.193548165110611,-0.3713069559346177,0.0120131924901418,0.0170243397562084,-0.0109981449191913,1,16.90999984741211,19.979999542236328,2.2514998474121075,6.25,4.5,real_post_mid,0.625,2.6,109.9,0.024422222222222224
GWW,2025-09-30,2025-10-31,1.0,944.0,932.44,3.71,4.99,9.9536,10.339,9.77,18.0,9.9536,9.996,9.9987,10.5684,1.0,0.0,3.0,5.0,4642925150.0,4676000000.0,4621000000.0,15.0,23063.1,22679.48,457.5,517.4,5.61,5.76,4.05,2.15,1.12,4.05,4.47,-0.75,-0.16,960.0,970.0,960.0,2025-11-21,26.5,29.4,55.900000000000006,5.822916666666667,21.5,14.75,36.25,952.15,7.850000000000023,0.28804,0.30755,0.297795,0.205115,31.12208062593396,-0.06341,717.0,8.0,1.78743961352657,22.0,1.041666666666674,1,4.781249999999993,2025-10-30,682.0,675.98095703125,0.146585,0.15634,0.1653978571428571,0.0097549999999999,0.0188128571428571,0,0.1626128571428571,0.1333428571428571,0.0292699999999999,0.0013928571428571,0.3125560538116594,0.1527303918940653,0.6613545816733067,0.1385862520971142,0.1438887301686523,0.0026962698313476,0.963148760397544,1.28,-0.2043098115363298,1.193548165110611,-0.3713069559346177,0.0120131924901418,0.0170243397562084,-0.0109981449191913,1,16.90999984741211,19.979999542236328,2.2514998474121075,55.9,36.25,real_post_mid,5.59,2.6,1403.3999999999999,0.014618749999999998
D,2025-09-30,2025-10-31,1.0,60.9,60.41,-3.63,-2.85,0.9478,1.03,0.8976,15.0,0.9636,1.0781,1.1935,1.1253,1.0,0.0,2.0,6.0,4250043000.0,4631000000.0,3930000000.0,7.0,4365.52,3737.49,365.51,176.8,9.29,-6.53,3.81,15.38,-19.35,25.37,36.15,2.71,5.68,60.0,57.5,60.0,2025-11-21,1.225,1.6,2.825,4.708333333333334,0.6499999999999999,2.0250000000000004,2.6750000000000003,61.47,1.4699999999999989,0.23926,0.23926,0.23926,0.23926,0.0,-0.01951,4687.0,1319.0,0.3716612377850163,22.0,4.1666666666666625,1,0.5416666666666714,2025-10-30,682.0,675.98095703125,0.146585,0.15634,0.1653978571428571,0.0097549999999999,0.0188128571428571,0,0.1626128571428571,0.1333428571428571,0.0292699999999999,0.0013928571428571,0.3125560538116594,0.1527303918940653,0.6613545816733067,0.1385862520971142,0.1438887301686523,0.0026962698313476,0.963148760397544,1.28,-0.2043098115363298,1.193548165110611,-0.3713069559346177,0.0120131924901418,0.0170243397562084,-0.0109981449191913,1,16.90999984741211,19.979999542236328,2.2514998474121075,2.825,2.6750000000000003,real_post_mid,0.28250000000000003,2.6,-15.850000000000012,-0.0026416666666666685
LIN,2025-09-30,2025-10-31,1.0,466.81,459.41,-10.39,-8.95,4.1788,4.25,4.13,18.0,4.1771,4.1783,4.1787,4.1998,1.0,0.0,3.0,1.0,8616225190.0,8913000000.0,8455000000.0,15.0,33677.94,33448.53,102.0,29.49,2.76,4.72,1.03,6.23,3.54,5.07,7.88,12.32,1.32,430.0,415.0,430.0,2025-11-21,10.85,9.95,20.799999999999997,4.83720930232558,3.45,19.7,23.15,412.74,17.25999999999999,0.24902,0.24902,0.24902,0.22463,9.794394024576338,-0.0146349999999999,12.0,14.0,2.063420158550396,22.0,3.488372093023251,1,1.3488372093023293,2025-10-30,682.0,675.98095703125,0.146585,0.15634,0.1653978571428571,0.0097549999999999,0.0188128571428571,0,0.1626128571428571,0.1333428571428571,0.0292699999999999,0.0013928571428571,0.3125560538116594,0.1527303918940653,0.6613545816733067,0.1385862520971142,0.1438887301686523,0.0026962698313476,0.963148760397544,1.28,-0.2043098115363298,1.193548165110611,-0.3713069559346177,0.0120131924901418,0.0170243397562084,-0.0109981449191913,1,16.90999984741211,19.979999542236328,2.2514998474121075,20.799999999999997,23.15,real_post_mid,2.0799999999999996,2.6,-445.6000000000002,-0.010362790697674424
CHTR,2025-09-30,2025-10-31,0.0,275.1,264.69,-15.0,-11.66,9.2949,9.92,8.04,14.0,9.3034,9.3512,9.4734,9.4453,0.0,0.0,2.0,9.0,13749387290.0,13828400000.0,13688368590.0,19.0,14463.73,14966.05,-1487.18,1873.5,0.59,0.23,0.86,8.13,9.03,0.0,0.54,6.06,-0.01,230.0,222.5,230.0,2025-10-31,16.6,15.6,32.2,14.000000000000002,,,,233.84,3.8400000000000034,3.35138,3.34163,3.3465049999999996,0.61974,81.48097791576583,-2.6389599999999995,1.0,2.0,1.0276603454523494,1.0,3.2608695652173947,1,10.739130434782608,2025-10-30,682.0,675.98095703125,0.146585,0.15634,0.1653978571428571,0.0097549999999999,0.0188128571428571,0,0.1626128571428571,0.1333428571428571,0.0292699999999999,0.0013928571428571,0.3125560538116594,0.1527303918940653,0.6613545816733067,0.1385862520971142,0.1438887301686523,0.0026962698313476,0.963148760397544,1.28,-0.2043098115363298,1.193548165110611,-0.3713069559346177,0.0120131924901418,0.0170243397562084,-0.0109981449191913,1,16.90999984741211,19.979999542236328,2.2514998474121075,32.2,7.5,intrinsic_fallback,3.2200000000000006,2.6,2145.4000000000005,0.09327826086956524
CHD,2025-09-30,2025-10-31,1.0,87.92,94.01,-0.26,-6.72,0.7368,0.79,0.71,18.0,0.7368,0.7369,0.7374,0.8628,2.0,0.0,2.0,4.0,1535775950.0,1553061600.0,1513000000.0,15.0,5696.08,5474.85,150.39,99.57,-0.32,2.67,2.45,1.08,3.3,-18.03,-22.32,-4.17,-4.92,80.0,85.0,80.0,2025-11-21,3.825,1.325,5.15,6.4375,5.949999999999999,0.35,6.299999999999999,84.02,4.019999999999996,0.34658,0.27829,0.312435,0.253895,18.73669723302448,-0.048785,5.0,14.0,0.71375,22.0,6.25,1,0.1875,2025-10-30,682.0,675.98095703125,0.146585,0.15634,0.1653978571428571,0.0097549999999999,0.0188128571428571,0,0.1626128571428571,0.1333428571428571,0.0292699999999999,0.0013928571428571,0.3125560538116594,0.1527303918940653,0.6613545816733067,0.1385862520971142,0.1438887301686523,0.0026962698313476,0.963148760397544,1.28,-0.2043098115363298,1.193548165110611,-0.3713069559346177,0.0120131924901418,0.0170243397562084,-0.0109981449191913,1,16.90999984741211,19.979999542236328,2.2514998474121075,5.15,6.299999999999999,real_post_mid,0.515,2.6,-169.09999999999985,-0.021137499999999983
AON,2025-09-30,2025-10-31,0.0,360.13,353.46,-5.4,-3.62,2.9146,3.04,2.7659,19.0,2.9282,2.9287,2.9211,2.9169,0.0,0.0,3.0,7.0,3957238140.0,4007000000.0,3908000000.0,13.0,408.03,2777.53,-1748.96,1065.14,10.51,-12.14,17.15,-9.22,-53.09,6.11,30.95,-0.15,3.22,330.0,340.0,330.0,2025-11-21,10.25,12.55,22.8,6.909090909090909,13.25,2.6,15.85,346.51,16.50999999999999,0.33682,0.37584,0.35633,0.2148749999999999,39.69775208374261,-0.09268,1.0,340.0,0.0520420301348136,22.0,3.0303030303030276,1,3.8787878787878816,2025-10-30,682.0,675.98095703125,0.146585,0.15634,0.1653978571428571,0.0097549999999999,0.0188128571428571,0,0.1626128571428571,0.1333428571428571,0.0292699999999999,0.0013928571428571,0.3125560538116594,0.1527303918940653,0.6613545816733067,0.1385862520971142,0.1438887301686523,0.0026962698313476,0.963148760397544,1.28,-0.2043098115363298,1.193548165110611,-0.3713069559346177,0.0120131924901418,0.0170243397562084,-0.0109981449191913,1,16.90999984741211,19.979999542236328,2.2514998474121075,22.8,15.85,real_post_mid,2.2800000000000002,2.6,464.40000000000003,0.014072727272727273
SPG,2025-09-30,2025-11-03,0.0,185.23,169.31,-4.62,4.35,1.675,1.71,1.64,2.0,1.685,1.695,1.6872,1.6772,0.0,0.0,0.0,2.0,1408320750.0,1430979000.0,1379015070.0,10.0,-2078.88,-1531.49,-253.76,398.66,2.76,1.73,4.47,-9.93,-6.21,13.37,-1.31,1.28,-2.05,175.0,185.0,175.0,2025-11-21,5.2,3.5,8.7,4.9714285714285715,9.15,1.1749999999999998,10.325,183.08,8.080000000000013,0.27829,0.23926,0.258775,0.2197549999999999,15.078736353975462,-0.0195149999999999,108.0,6.0,0.2693498452012384,21.0,5.714285714285716,0,-0.7428571428571447,2025-10-31,684.0,678.1983642578125,0.1444885714285714,0.15634,0.1653982142857142,0.0118514285714285,0.0209096428571428,0,0.1737585714285714,0.1249785714285714,0.0487799999999999,0.0048799999999999,0.2727035539238525,0.1464364981504316,0.6095617529880478,0.1298993109386806,0.1441411747619144,0.000347396666657,0.901195034335208,1.21,-0.5821028507327722,1.4413568616510084,-0.3252777478031036,0.0071022648739387,0.0191866558812945,-0.0077539413100081,1,17.440000534057617,20.489999771118164,2.991143391200474,8.7,10.325,real_post_mid,0.87,2.6,-252.1,-0.014405714285714286
SBAC,2025-09-30,2025-11-03,1.0,192.09,219.16,0.74,-11.7,2.1614,2.27,1.91,7.0,2.1533,2.13,2.13,2.28,1.0,0.0,1.0,1.0,715267680.0,723231000.0,705000000.0,14.0,-9335.84,-4549.04,-2068.19,1832.15,5.83,5.23,-0.04,20.04,25.82,0.92,-5.55,-3.08,-5.77,190.0,195.0,190.0,2025-11-21,7.15,5.8,12.95,6.81578947368421,9.6,2.95,12.55,195.02,5.02000000000001,0.33682,0.36609,0.351455,0.307555,12.490930560100152,-0.03902,15.0,3.0,0.0441176470588235,21.0,2.6315789473684292,1,4.1842105263157805,2025-10-31,684.0,678.1983642578125,0.1444885714285714,0.15634,0.1653982142857142,0.0118514285714285,0.0209096428571428,0,0.1737585714285714,0.1249785714285714,0.0487799999999999,0.0048799999999999,0.2727035539238525,0.1464364981504316,0.6095617529880478,0.1298993109386806,0.1441411747619144,0.000347396666657,0.901195034335208,1.21,-0.5821028507327722,1.4413568616510084,-0.3252777478031036,0.0071022648739387,0.0191866558812945,-0.0077539413100081,1,17.440000534057617,20.489999771118164,2.991143391200474,12.95,12.55,real_post_mid,1.295,2.6,-92.10000000000014,-0.004847368421052638
PNW,2025-09-30,2025-11-03,1.0,90.18,92.34,-0.81,-3.13,3.091,3.2058,3.0,6.0,3.0786,3.0297,3.0234,2.9866,0.0,0.0,1.0,1.0,1793503010.0,1824921250.0,1731000000.0,3.0,9619.68,9686.98,299.52,523.86,3.8,31.63,8.03,-10.23,4050.0,-0.36,-1.97,-2.0,-1.34,90.0,90.0,90.0,2025-11-21,1.225,3.2,4.425000000000001,4.916666666666668,1.525,1.925,3.4499999999999997,89.15,0.8499999999999943,0.21,0.2978,0.2539,0.22463,11.5281606931863,-0.04878,97.0,58.0,0.6470588235294118,21.0,0.0,1,4.916666666666668,2025-10-31,684.0,678.1983642578125,0.1444885714285714,0.15634,0.1653982142857142,0.0118514285714285,0.0209096428571428,0,0.1737585714285714,0.1249785714285714,0.0487799999999999,0.0048799999999999,0.2727035539238525,0.1464364981504316,0.6095617529880478,0.1298993109386806,0.1441411747619144,0.000347396666657,0.901195034335208,1.21,-0.5821028507327722,1.4413568616510084,-0.3252777478031036,0.0071022648739387,0.0191866558812945,-0.0077539413100081,1,17.440000534057617,20.489999771118164,2.991143391200474,4.425000000000001,3.4499999999999997,real_post_mid,0.4425000000000001,2.6,50.650000000000084,0.005627777777777787
PEG,2025-09-30,2025-11-03,1.0,82.0,88.17,-0.78,-7.72,1.0177,1.088,0.97,15.0,1.0173,1.0041,1.0051,1.0266,2.0,0.0,4.0,2.0,2847732470.0,3066950000.0,2663031000.0,7.0,5527.79,5315.59,174.78,131.68,15.77,-12.94,0.44,22.22,-46.15,35.44,40.38,4.33,5.11,80.0,82.5,80.0,2025-11-21,2.7750000000000004,1.75,4.525,5.65625,3.175,1.25,4.425,81.27,1.269999999999996,0.30755,0.27829,0.2929199999999999,0.283165,3.330260822067445,-0.0195149999999999,117.0,44.0,0.3348519362186788,21.0,3.125,1,2.53125,2025-10-31,684.0,678.1983642578125,0.1444885714285714,0.15634,0.1653982142857142,0.0118514285714285,0.0209096428571428,0,0.1737585714285714,0.1249785714285714,0.0487799999999999,0.0048799999999999,0.2727035539238525,0.1464364981504316,0.6095617529880478,0.1298993109386806,0.1441411747619144,0.000347396666657,0.901195034335208,1.21,-0.5821028507327722,1.4413568616510084,-0.3252777478031036,0.0071022648739387,0.0191866558812945,-0.0077539413100081,1,17.440000534057617,20.489999771118164,2.991143391200474,4.525,4.425,real_post_mid,0.45250000000000007,2.6,-37.84999999999995,-0.004731249999999994
WMB,2025-09-30,2025-11-03,0.0,64.48,59.0,-8.45,0.05,0.5173,0.6,0.4919,10.0,0.5155,0.5235,0.5227,0.5432,2.0,0.0,4.0,3.0,2956578660.0,2995000000.0,2897000000.0,5.0,2760.42,2710.55,-6.85,118.4,18.58,-9.12,2.16,6.98,-23.33,21.06,27.44,-19.92,2.23,58.0,56.0,58.0,2025-11-07,1.075,1.1,2.175,3.75,0.175,1.825,2.0,59.58,1.5799999999999983,0.34658,0.32707,0.336825,0.21487,36.20722927336155,-0.03415,92.0,180.0,0.0975232198142414,7.0,3.4482758620689613,1,0.3017241379310387,2025-10-31,684.0,678.1983642578125,0.1444885714285714,0.15634,0.1653982142857142,0.0118514285714285,0.0209096428571428,0,0.1737585714285714,0.1249785714285714,0.0487799999999999,0.0048799999999999,0.2727035539238525,0.1464364981504316,0.6095617529880478,0.1298993109386806,0.1441411747619144,0.000347396666657,0.901195034335208,1.21,-0.5821028507327722,1.4413568616510084,-0.3252777478031036,0.0071022648739387,0.0191866558812945,-0.0077539413100081,1,17.440000534057617,20.489999771118164,2.991143391200474,2.175,2.0,real_post_mid,0.2175,2.6,-6.850000000000017,-0.0011810344827586237
O,2025-09-30,2025-11-03,0.0,60.4,57.2,-3.64,1.75,0.4008,0.4281,0.3735,2.0,0.4281,0.3987,0.2873,0.2873,0.0,0.0,1.0,0.0,1348638200.0,1423528590.0,1281543000.0,8.0,-5501.28,-4245.46,-430.4,305.95,5.3,2.16,21.7,-24.14,-21.26,2.16,4.31,-0.17,-0.41,57.5,57.5,57.5,2025-11-21,1.425,0.7749999999999999,2.2,3.82608695652174,0.45,1.6,2.0500000000000003,56.67,0.8299999999999983,0.20024,0.19048,0.19536,0.180725,7.491298116298106,-0.0243899999999999,1475.0,91.0,0.4493710691823899,21.0,0.0,1,3.82608695652174,2025-10-31,684.0,678.1983642578125,0.1444885714285714,0.15634,0.1653982142857142,0.0118514285714285,0.0209096428571428,0,0.1737585714285714,0.1249785714285714,0.0487799999999999,0.0048799999999999,0.2727035539238525,0.1464364981504316,0.6095617529880478,0.1298993109386806,0.1441411747619144,0.000347396666657,0.901195034335208,1.21,-0.5821028507327722,1.4413568616510084,-0.3252777478031036,0.0071022648739387,0.0191866558812945,-0.0077539413100081,1,17.440000534057617,20.489999771118164,2.991143391200474,2.2,2.0500000000000003,real_post_mid,0.22000000000000003,2.6,-9.600000000000012,-0.0016695652173913064
IDXX,2025-09-30,2025-11-03,1.0,631.19,641.94,14.54,12.62,3.1398,3.18,2.99,11.0,3.1368,3.1317,3.1317,3.1049,1.0,0.0,1.0,0.0,1071341440.0,1083200000.0,1055300000.0,10.0,21217.25,19431.23,846.76,289.99,10.55,11.12,6.67,20.2,22.64,36.15,41.41,0.75,7.33,630.0,720.0,630.0,2025-11-21,32.0,31.1,63.1,10.015873015873016,92.9,0.475,93.375,725.91,95.90999999999995,0.52218,0.52218,0.52218,0.253895,51.37787736029722,-0.1560949999999999,1.0,13.0,3.4962962962962965,21.0,14.28571428571428,0,-4.269841269841264,2025-10-31,684.0,678.1983642578125,0.1444885714285714,0.15634,0.1653982142857142,0.0118514285714285,0.0209096428571428,0,0.1737585714285714,0.1249785714285714,0.0487799999999999,0.0048799999999999,0.2727035539238525,0.1464364981504316,0.6095617529880478,0.1298993109386806,0.1441411747619144,0.000347396666657,0.901195034335208,1.21,-0.5821028507327722,1.4413568616510084,-0.3252777478031036,0.0071022648739387,0.0191866558812945,-0.0077539413100081,1,17.440000534057617,20.489999771118164,2.991143391200474,63.1,93.375,real_post_mid,6.3100000000000005,2.6,-3661.1,-0.058112698412698414
FANG,2025-09-30,2025-11-03,1.0,147.47,145.68,-4.2,-3.03,2.9449,3.23,2.4,24.0,2.9224,2.8439,2.7984,3.1111,1.0,0.0,8.0,7.0,3529706450.0,3833000000.0,3347292000.0,6.0,8574.82,7929.54,312.11,339.64,47.63,-9.43,38.85,-40.93,-41.19,35.5,-1.47,-14.43,-15.54,142.78,140.31,145.0,2025-11-21,3.975,6.449999999999999,10.425,7.301442779100714,1.7999999999999998,8.05,9.85,146.44,1.4399999999999975,0.33682,0.41487,0.375845,0.3514549999999999,6.489377269885198,-0.0243899999999999,821.0,46.0,0.3323643410852713,21.0,1.7299341644487989,1,5.571508614651916,2025-10-31,684.0,678.1983642578125,0.1444885714285714,0.15634,0.1653982142857142,0.0118514285714285,0.0209096428571428,0,0.1737585714285714,0.1249785714285714,0.0487799999999999,0.0048799999999999,0.2727035539238525,0.1464364981504316,0.6095617529880478,0.1298993109386806,0.1441411747619144,0.000347396666657,0.901195034335208,1.21,-0.5821028507327722,1.4413568616510084,-0.3252777478031036,0.0071022648739387,0.0191866558812945,-0.0077539413100081,1,17.440000534057617,20.489999771118164,2.991143391200474,10.424999999999999,9.85,real_post_mid,1.0425,2.6,-49.35000000000007,-0.0034563664378764584
CLX,2025-09-30,2025-11-03,1.0,123.19,125.37,-11.41,-12.95,0.7782,0.96,0.5967,14.0,0.7853,0.8893,0.9131,1.3267,1.0,0.0,1.0,8.0,1398099600.0,1452030000.0,1347000000.0,12.0,26484.4,26835.56,-147.81,347.34,-8.05,-1.07,-5.26,-15.2,35.51,971.43,1.71,2.37,1.37,115.0,110.0,115.0,2025-11-21,2.95,5.15,8.100000000000001,7.043478260869566,1.025,5.65,6.675000000000001,103.92,11.079999999999998,0.36609,0.35633,0.36121,0.27341,24.307189723429595,-0.06829,284.0,21.0,0.5348226018396847,21.0,4.347826086956519,1,2.6956521739130475,2025-10-31,684.0,678.1983642578125,0.1444885714285714,0.15634,0.1653982142857142,0.0118514285714285,0.0209096428571428,0,0.1737585714285714,0.1249785714285714,0.0487799999999999,0.0048799999999999,0.2727035539238525,0.1464364981504316,0.6095617529880478,0.1298993109386806,0.1441411747619144,0.000347396666657,0.901195034335208,1.21,-0.5821028507327722,1.4413568616510084,-0.3252777478031036,0.0071022648739387,0.0191866558812945,-0.0077539413100081,1,17.440000534057617,20.489999771118164,2.991143391200474,8.100000000000001,6.675000000000001,real_post_mid,0.8100000000000002,2.6,58.900000000000055,0.005121739130434787
ON,2025-09-30,2025-11-03,1.0,49.27,47.24,2.42,6.82,0.5908,0.6,0.5776,30.0,0.5905,0.5905,0.5909,0.5831,14.0,0.0,13.0,7.0,1517012770.0,1530000000.0,1511500000.0,30.0,4828.64,4775.37,63.62,63.28,-15.36,1.59,-16.2,-44.79,-3.64,-34.79,-50.22,-7.6,-9.22,50.0,48.5,50.0,2025-11-07,3.375,3.4,6.775,13.55,0.525,2.33,2.855,47.83,2.1700000000000017,1.20509,1.25387,1.22948,0.73193,40.46832807365717,-0.5658350000000001,172.0,328.0,2.53128763980499,7.0,3.0000000000000027,1,10.549999999999995,2025-10-31,684.0,678.1983642578125,0.1444885714285714,0.15634,0.1653982142857142,0.0118514285714285,0.0209096428571428,0,0.1737585714285714,0.1249785714285714,0.0487799999999999,0.0048799999999999,0.2727035539238525,0.1464364981504316,0.6095617529880478,0.1298993109386806,0.1441411747619144,0.000347396666657,0.901195034335208,1.21,-0.5821028507327722,1.4413568616510084,-0.3252777478031036,0.0071022648739387,0.0191866558812945,-0.0077539413100081,1,17.440000534057617,20.489999771118164,2.991143391200474,6.775,2.855,real_post_mid,0.6775000000000001,2.6,321.65,0.06433
JKHY,2025-09-30,2025-11-04,1.0,146.26,166.76,4.21,-8.6,1.65,1.69,1.58,7.0,1.6486,1.6533,1.6529,1.7206,2.0,0.0,0.0,1.0,635646140.0,645800000.0,629000000.0,13.0,7856.8,8088.19,247.36,744.32,8.64,1.96,6.02,21.89,38.14,15.99,23.77,2.73,2.9,150.0,160.0,150.0,2025-11-21,5.3,4.0,9.3,6.200000000000001,10.85,1.4,12.25,170.8,20.80000000000001,0.36609,0.33682,0.351455,0.26853,23.59477031198874,-0.07805,42.0,3.0,1.3125,18.0,6.666666666666665,0,-0.4666666666666641,2025-11-03,686.0,679.4711303710938,0.1451857142857142,0.1520699999999999,0.1616842857142857,0.0068842857142857,0.0164985714285714,0,0.17097,0.1291614285714286,0.0418085714285714,0.00488,0.2817980208352744,0.1485294590682463,0.6135458167330677,0.0946724485893877,0.1441378861606932,0.001047828125021,0.6568186277120884,1.27,-0.2045226232304332,4.420121853122671,0.1712725690893085,-0.0027727195852735,0.0211144294852627,-0.005891805943581,1,17.170000076293945,20.3799991607666,2.6514286477225166,9.3,12.25,real_post_mid,0.9300000000000002,2.6,-390.59999999999997,-0.026039999999999997
LDOS,2025-09-30,2025-11-04,1.0,195.58,174.49,2.03,14.36,2.7159,2.96,2.52,12.0,2.7137,2.7089,2.7011,2.6636,0.0,0.0,3.0,1.0,4280521750.0,4347000000.0,4198000000.0,12.0,21201.44,18429.98,1452.05,563.84,2.93,0.19,6.86,22.05,8.08,17.7,20.21,1.33,1.93,195.0,195.0,195.0,2025-11-21,6.7,7.65,14.35,7.35897435897436,5.35,4.45,9.8,186.49,8.509999999999991,0.43438,0.39536,0.4148699999999999,0.302675,27.043411189047156,-0.0975599999999999,600.0,28.0,1.6161971830985915,18.0,0.0,1,7.35897435897436,2025-11-03,686.0,679.4711303710938,0.1451857142857142,0.1520699999999999,0.1616842857142857,0.0068842857142857,0.0164985714285714,0,0.17097,0.1291614285714286,0.0418085714285714,0.00488,0.2817980208352744,0.1485294590682463,0.6135458167330677,0.0946724485893877,0.1441378861606932,0.001047828125021,0.6568186277120884,1.27,-0.2045226232304332,4.420121853122671,0.1712725690893085,-0.0027727195852735,0.0211144294852627,-0.005891805943581,1,17.170000076293945,20.3799991607666,2.6514286477225166,14.350000000000001,9.8,real_post_mid,1.4350000000000003,2.6,308.9,0.01584102564102564
LYV,2025-09-30,2025-11-04,0.0,156.32,149.29,-3.56,0.98,1.4886,2.23,0.84,7.0,1.6843,1.98,2.2833,2.55,0.0,0.0,0.0,0.0,8625391150.0,9572700000.0,8350000000.0,18.0,13543.36,11078.13,-1749.09,6002.79,16.32,107.17,1.21,-60.19,337.57,-3.36,4.47,-1.19,-0.78,150.0,135.0,150.0,2025-11-21,5.25,4.35,9.6,6.4,0.5750000000000001,15.3,15.875,130.63,19.370000000000005,0.39536,0.33682,0.36609,0.370965,-1.3316397607145682,-0.034145,85.0,8.0,0.1081081081081081,18.0,9.999999999999998,0,-3.599999999999998,2025-11-03,686.0,679.4711303710938,0.1451857142857142,0.1520699999999999,0.1616842857142857,0.0068842857142857,0.0164985714285714,0,0.17097,0.1291614285714286,0.0418085714285714,0.00488,0.2817980208352744,0.1485294590682463,0.6135458167330677,0.0946724485893877,0.1441378861606932,0.001047828125021,0.6568186277120884,1.27,-0.2045226232304332,4.420121853122671,0.1712725690893085,-0.0027727195852735,0.0211144294852627,-0.005891805943581,1,17.170000076293945,20.3799991607666,2.6514286477225166,9.6,15.875,real_post_mid,0.96,2.6,-726.1,-0.04840666666666667
MLM,2025-09-30,2025-11-04,1.0,634.77,598.04,-1.5,4.55,6.6808,6.98,6.41,12.0,6.6683,6.6372,6.6372,6.5489,2.0,0.0,4.0,1.0,2060824250.0,2129700000.0,1992100000.0,16.0,16730.24,15778.53,452.22,146.59,2.66,33.85,-1.67,14.08,181.74,14.62,15.08,0.73,2.73,620.0,610.0,620.0,2025-11-21,15.8,16.55,32.35,5.217741935483871,9.15,18.95,28.1,603.18,16.82000000000005,0.28804,0.30755,0.297795,0.258775,13.102973522053778,-0.034145,7.0,34.0,0.1052631578947368,18.0,1.6129032258064502,1,3.604838709677421,2025-11-03,686.0,679.4711303710938,0.1451857142857142,0.1520699999999999,0.1616842857142857,0.0068842857142857,0.0164985714285714,0,0.17097,0.1291614285714286,0.0418085714285714,0.00488,0.2817980208352744,0.1485294590682463,0.6135458167330677,0.0946724485893877,0.1441378861606932,0.001047828125021,0.6568186277120884,1.27,-0.2045226232304332,4.420121853122671,0.1712725690893085,-0.0027727195852735,0.0211144294852627,-0.005891805943581,1,17.170000076293945,20.3799991607666,2.6514286477225166,32.35,28.1,real_post_mid,3.2350000000000003,2.6,98.89999999999998,0.0015951612903225803
MPC,2025-09-30,2025-11-04,0.0,193.14,162.44,-4.85,13.14,3.1637,3.5701,2.69,19.0,3.2084,3.2634,3.0505,3.9479,2.0,0.0,6.0,7.0,31707197780.0,40000000000.0,21636000000.0,11.0,49533.23,46364.73,792.79,1003.9,-10.85,7.24,-7.94,-3.88,1750.0,-13.85,-24.86,0.57,-1.04,195.0,185.0,195.0,2025-11-21,6.699999999999999,6.0,12.7,6.512820512820512,1.525,11.15,12.675,190.62,4.3799999999999955,0.35633,0.37584,0.366085,0.336825,7.992679295791947,-0.0634099999999999,240.0,41.0,1.3909531502423262,18.0,5.128205128205132,1,1.3846153846153797,2025-11-03,686.0,679.4711303710938,0.1451857142857142,0.1520699999999999,0.1616842857142857,0.0068842857142857,0.0164985714285714,0,0.17097,0.1291614285714286,0.0418085714285714,0.00488,0.2817980208352744,0.1485294590682463,0.6135458167330677,0.0946724485893877,0.1441378861606932,0.001047828125021,0.6568186277120884,1.27,-0.2045226232304332,4.420121853122671,0.1712725690893085,-0.0027727195852735,0.0211144294852627,-0.005891805943581,1,17.170000076293945,20.3799991607666,2.6514286477225166,12.7,12.675,real_post_mid,1.27,2.6,-127.10000000000014,-0.006517948717948725
MTCH,2025-09-30,2025-11-04,0.0,34.32,37.27,-8.07,-15.35,0.9111,0.97,0.83,6.0,0.8983,0.8778,0.8778,0.8778,3.0,0.0,3.0,1.0,912428460.0,916873280.0,871000000.0,18.0,8357.09,8457.16,-157.31,201.81,-0.04,3.92,1.67,2.9,4.41,-11.6,-5.19,0.34,-1.22,32.0,33.5,32.0,2025-11-07,1.78,1.505,3.285,10.265625,1.53,0.05,1.58,32.87,0.8699999999999974,1.11729,1.2929,1.205095,0.522185,56.66856139972367,-0.7999850000000001,6.0,12.0,1.7583497053045187,4.0,4.6875,1,5.578125,2025-11-03,686.0,679.4711303710938,0.1451857142857142,0.1520699999999999,0.1616842857142857,0.0068842857142857,0.0164985714285714,0,0.17097,0.1291614285714286,0.0418085714285714,0.00488,0.2817980208352744,0.1485294590682463,0.6135458167330677,0.0946724485893877,0.1441378861606932,0.001047828125021,0.6568186277120884,1.27,-0.2045226232304332,4.420121853122671,0.1712725690893085,-0.0027727195852735,0.0211144294852627,-0.005891805943581,1,17.170000076293945,20.3799991607666,2.6514286477225166,3.285,1.58,real_post_mid,0.3285,2.6,135.05,0.042203125
SWK,2025-09-30,2025-11-04,1.0,75.42,68.27,-11.65,-2.4,1.1941,1.32,1.0898,15.0,1.1941,1.19,1.229,1.2626,0.0,0.0,2.0,3.0,3768068910.0,3808000000.0,3733000000.0,9.0,18948.27,16881.37,912.11,577.87,-1.97,5.36,-2.98,-0.92,44.0,12.16,-28.5,-1.9,-2.1,67.5,70.0,67.5,2025-11-21,2.575,3.4000000000000004,5.9750000000000005,8.851851851851853,3.8,1.375,5.175,66.15,1.3499999999999943,0.51243,0.48316,0.497795,0.419745,15.67914502958044,-0.0097599999999999,1260.0,668.0,0.3548387096774194,18.0,3.703703703703698,1,5.148148148148155,2025-11-03,686.0,679.4711303710938,0.1451857142857142,0.1520699999999999,0.1616842857142857,0.0068842857142857,0.0164985714285714,0,0.17097,0.1291614285714286,0.0418085714285714,0.00488,0.2817980208352744,0.1485294590682463,0.6135458167330677,0.0946724485893877,0.1441378861606932,0.001047828125021,0.6568186277120884,1.27,-0.2045226232304332,4.420121853122671,0.1712725690893085,-0.0027727195852735,0.0211144294852627,-0.005891805943581,1,17.170000076293945,20.3799991607666,2.6514286477225166,5.9750000000000005,5.175,real_post_mid,0.5975,2.6,17.650000000000066,0.0026148148148148246
TAP,2025-09-30,2025-11-04,0.0,46.39,50.21,-5.86,-13.03,1.695,1.84,1.54,16.0,1.6988,1.7144,1.7262,2.0555,0.0,0.0,1.0,10.0,3008011930.0,3063450110.0,2936344000.0,14.0,9149.2,8877.7,-38.27,582.98,-1.58,38.92,-3.24,6.77,310.0,-1.33,-2.67,-0.84,-0.21,42.5,45.0,42.5,2025-11-21,2.25,1.175,3.425,8.058823529411764,3.4,0.275,3.675,46.11,3.609999999999999,0.48316,0.40511,0.444135,0.31731,28.555506771589723,-0.0829249999999999,59.0,19.0,1.0982367758186398,18.0,5.882352941176472,1,2.1764705882352926,2025-11-03,686.0,679.4711303710938,0.1451857142857142,0.1520699999999999,0.1616842857142857,0.0068842857142857,0.0164985714285714,0,0.17097,0.1291614285714286,0.0418085714285714,0.00488,0.2817980208352744,0.1485294590682463,0.6135458167330677,0.0946724485893877,0.1441378861606932,0.001047828125021,0.6568186277120884,1.27,-0.2045226232304332,4.420121853122671,0.1712725690893085,-0.0027727195852735,0.0211144294852627,-0.005891805943581,1,17.170000076293945,20.3799991607666,2.6514286477225166,3.425,3.675,real_post_mid,0.3425,2.6,-61.85,-0.014552941176470588
WAT,2025-09-30,2025-11-04,1.0,328.39,277.72,11.86,32.27,3.2048,3.23,3.17,12.0,3.2071,3.2088,3.2039,3.2002,0.0,0.0,1.0,1.0,781009650.0,787900000.0,775627190.0,12.0,15970.43,15824.1,245.02,236.18,8.86,16.57,2.36,12.17,31.11,1.38,-0.48,-0.99,-2.29,350.0,370.0,350.0,2025-11-21,12.25,17.3,29.55,8.442857142857143,26.45,1.775,28.225,393.99,43.99000000000001,0.45389,0.50267,0.47828,0.288045,39.77481809818516,-0.107315,41.0,3.0,0.760806916426513,18.0,5.714285714285716,1,2.728571428571427,2025-11-03,686.0,679.4711303710938,0.1451857142857142,0.1520699999999999,0.1616842857142857,0.0068842857142857,0.0164985714285714,0,0.17097,0.1291614285714286,0.0418085714285714,0.00488,0.2817980208352744,0.1485294590682463,0.6135458167330677,0.0946724485893877,0.1441378861606932,0.001047828125021,0.6568186277120884,1.27,-0.2045226232304332,4.420121853122671,0.1712725690893085,-0.0027727195852735,0.0211144294852627,-0.005891805943581,1,17.170000076293945,20.3799991607666,2.6514286477225166,29.55,28.225,real_post_mid,2.955,2.6,-165.60000000000008,-0.004731428571428574
YUM,2025-09-30,2025-11-04,1.0,150.69,141.34,-0.76,5.81,1.4811,1.58,1.41,28.0,1.4804,1.476,1.4749,1.5248,2.0,0.0,7.0,5.0,1970195220.0,2028000000.0,1935000000.0,22.0,3540.74,3542.1,73.02,98.1,9.64,8.17,7.82,6.67,10.77,2.62,2.47,-2.42,-2.25,140.0,150.0,140.0,2025-11-21,4.050000000000001,4.300000000000001,8.350000000000001,5.964285714285715,10.35,0.4499999999999999,10.8,152.98,12.97999999999999,0.34658,0.33682,0.3417,0.20512,39.97073456248172,-0.087805,112.0,204.0,6.028840494408476,18.0,7.14285714285714,0,-1.1785714285714244,2025-11-03,686.0,679.4711303710938,0.1451857142857142,0.1520699999999999,0.1616842857142857,0.0068842857142857,0.0164985714285714,0,0.17097,0.1291614285714286,0.0418085714285714,0.00488,0.2817980208352744,0.1485294590682463,0.6135458167330677,0.0946724485893877,0.1441378861606932,0.001047828125021,0.6568186277120884,1.27,-0.2045226232304332,4.420121853122671,0.1712725690893085,-0.0027727195852735,0.0211144294852627,-0.005891805943581,1,17.170000076293945,20.3799991607666,2.6514286477225166,8.350000000000001,10.8,real_post_mid,0.8350000000000002,2.6,-331.09999999999997,-0.023649999999999997
ZTS,2025-09-30,2025-11-04,1.0,146.42,146.5,-15.0,-15.04,1.6216,1.6522,1.59,12.0,1.6216,1.6423,1.6423,1.6568,0.0,0.0,1.0,5.0,2405417480.0,2426464820.0,2377510000.0,10.0,13753.12,13535.07,167.47,110.26,4.19,10.81,7.07,3.21,8.78,11.65,9.16,2.06,1.83,145.0,120.0,145.0,2025-11-21,5.3,5.3,10.6,7.310344827586207,0.09,24.2,24.29,122.06,22.94,0.42462,0.39536,0.4099899999999999,0.297795,27.365301592721757,-0.0975549999999999,217.0,129.0,1.6258442143178748,18.0,17.24137931034483,0,-9.931034482758625,2025-11-03,686.0,679.4711303710938,0.1451857142857142,0.1520699999999999,0.1616842857142857,0.0068842857142857,0.0164985714285714,0,0.17097,0.1291614285714286,0.0418085714285714,0.00488,0.2817980208352744,0.1485294590682463,0.6135458167330677,0.0946724485893877,0.1441378861606932,0.001047828125021,0.6568186277120884,1.27,-0.2045226232304332,4.420121853122671,0.1712725690893085,-0.0027727195852735,0.0211144294852627,-0.005891805943581,1,17.170000076293945,20.3799991607666,2.6514286477225166,10.6,24.29,real_post_mid,1.06,2.6,-1477.6,-0.10190344827586206
IT,2025-09-30,2025-11-04,0.0,257.2,243.71,-11.68,-6.79,2.4269,2.74,2.24,13.0,2.4261,2.4152,2.4093,2.6754,2.0,0.0,4.0,0.0,1520664680.0,1545000000.0,1509670000.0,11.0,54244.32,50820.32,-1854.19,4687.67,5.73,9.93,5.67,9.63,30.26,2.84,2.61,0.65,-0.59,250.0,240.0,250.0,2025-11-21,13.9,19.8,33.7,13.48,3.1500000000000004,16.75,19.9,234.18,15.819999999999991,0.7173,0.81486,0.7660800000000001,0.48316,36.93086883876359,-0.219505,60.0,17.0,0.2954248366013072,18.0,4.0000000000000036,1,9.479999999999997,2025-11-03,686.0,679.4711303710938,0.1451857142857142,0.1520699999999999,0.1616842857142857,0.0068842857142857,0.0164985714285714,0,0.17097,0.1291614285714286,0.0418085714285714,0.00488,0.2817980208352744,0.1485294590682463,0.6135458167330677,0.0946724485893877,0.1441378861606932,0.001047828125021,0.6568186277120884,1.27,-0.2045226232304332,4.420121853122671,0.1712725690893085,-0.0027727195852735,0.0211144294852627,-0.005891805943581,1,17.170000076293945,20.3799991607666,2.6514286477225166,33.7,19.9,real_post_mid,3.3700000000000006,2.6,1040.4000000000003,0.041616000000000014
IFF,2025-09-30,2025-11-04,1.0,62.18,66.16,-1.11,-7.06,1.0162,1.073,0.91,13.0,1.0178,1.0286,1.0261,1.0557,0.0,0.0,1.0,4.0,2634692660.0,2663200000.0,2579190000.0,11.0,6818.21,6462.12,135.04,93.44,-4.33,-2.78,-0.35,-0.86,-4.17,64.76,3.66,0.29,0.55,62.5,65.0,62.5,2025-11-21,2.6,2.8,5.4,8.64,3.2,1.025,4.225,67.45,4.950000000000003,0.50267,0.48316,0.492915,0.32219,34.63578913200045,-0.1365799999999999,103.0,0.0,1.3076923076923077,18.0,4.0000000000000036,1,4.639999999999997,2025-11-03,686.0,679.4711303710938,0.1451857142857142,0.1520699999999999,0.1616842857142857,0.0068842857142857,0.0164985714285714,0,0.17097,0.1291614285714286,0.0418085714285714,0.00488,0.2817980208352744,0.1485294590682463,0.6135458167330677,0.0946724485893877,0.1441378861606932,0.001047828125021,0.6568186277120884,1.27,-0.2045226232304332,4.420121853122671,0.1712725690893085,-0.0027727195852735,0.0211144294852627,-0.005891805943581,1,17.170000076293945,20.3799991607666,2.6514286477225166,5.4,4.225,real_post_mid,0.54,2.6,60.90000000000007,0.009744000000000011
EXC,2025-09-30,2025-11-04,1.0,45.34,45.06,2.29,2.93,0.7785,0.8,0.75,12.0,0.768,0.7532,0.7532,0.7389,2.0,0.0,5.0,2.0,6481762150.0,6794213070.0,6352620000.0,7.0,3977.23,3698.63,188.37,76.72,1.23,-19.17,5.66,-17.02,-57.61,1.23,1.53,0.43,0.05,46.0,46.0,46.0,2025-11-21,1.0,0.975,1.975,4.293478260869565,0.8,0.8,1.6,45.75,0.25,0.21,0.26853,0.239265,0.209995,12.233297807869942,-0.0097599999999999,379.0,108.0,0.2988095238095238,18.0,0.0,1,4.293478260869565,2025-11-03,686.0,679.4711303710938,0.1451857142857142,0.1520699999999999,0.1616842857142857,0.0068842857142857,0.0164985714285714,0,0.17097,0.1291614285714286,0.0418085714285714,0.00488,0.2817980208352744,0.1485294590682463,0.6135458167330677,0.0946724485893877,0.1441378861606932,0.001047828125021,0.6568186277120884,1.27,-0.2045226232304332,4.420121853122671,0.1712725690893085,-0.0027727195852735,0.0211144294852627,-0.005891805943581,1,17.170000076293945,20.3799991607666,2.6514286477225166,1.975,1.6,real_post_mid,0.1975,2.6,15.15,0.0032934782608695654
GPN,2025-09-30,2025-11-04,1.0,87.96,85.54,-9.1,-6.52,3.2344,3.3,3.12,28.0,3.2344,3.235,3.2352,3.2144,0.0,0.0,1.0,5.0,2410610570.0,2454000000.0,2381000000.0,22.0,4047.78,4009.7,32.11,62.77,-0.72,-18.88,3.36,5.8,15.24,-16.44,17.93,0.1,4.53,75.0,80.0,75.0,2025-11-21,7.4,4.7,12.1,16.133333333333336,5.5,1.175,6.675,73.49,1.5100000000000051,0.92217,0.85388,0.8880250000000001,0.414865,53.282283719489875,-0.3560850000000001,341.0,164.0,0.4234972677595628,18.0,6.666666666666665,1,9.466666666666672,2025-11-03,686.0,679.4711303710938,0.1451857142857142,0.1520699999999999,0.1616842857142857,0.0068842857142857,0.0164985714285714,0,0.17097,0.1291614285714286,0.0418085714285714,0.00488,0.2817980208352744,0.1485294590682463,0.6135458167330677,0.0946724485893877,0.1441378861606932,0.001047828125021,0.6568186277120884,1.27,-0.2045226232304332,4.420121853122671,0.1712725690893085,-0.0027727195852735,0.0211144294852627,-0.005891805943581,1,17.170000076293945,20.3799991607666,2.6514286477225166,12.100000000000001,6.675,real_post_mid,1.2100000000000002,2.6,418.90000000000015,0.05585333333333335
AFL,2025-09-30,2025-11-04,1.0,112.32,102.31,-3.12,6.35,1.7765,1.93,1.68,13.0,1.7536,1.7448,1.7512,1.7312,4.0,0.0,5.0,1.0,4475333330.0,4483000000.0,4469000000.0,3.0,8307.04,8346.62,771.41,1016.37,-18.21,22.15,-13.44,-5.46,4.22,-59.29,-59.29,-17.21,-19.66,107.0,111.0,107.0,2025-11-07,1.9,1.6749999999999998,3.5749999999999997,3.3411214953271027,5.0,0.02,5.02,114.09,7.090000000000003,0.42462,0.37584,0.40023,0.234385,41.43742348149813,-0.146335,46.0,25.0,0.7971698113207547,4.0,3.738317757009346,0,-0.3971962616822435,2025-11-03,686.0,679.4711303710938,0.1451857142857142,0.1520699999999999,0.1616842857142857,0.0068842857142857,0.0164985714285714,0,0.17097,0.1291614285714286,0.0418085714285714,0.00488,0.2817980208352744,0.1485294590682463,0.6135458167330677,0.0946724485893877,0.1441378861606932,0.001047828125021,0.6568186277120884,1.27,-0.2045226232304332,4.420121853122671,0.1712725690893085,-0.0027727195852735,0.0211144294852627,-0.005891805943581,1,17.170000076293945,20.3799991607666,2.6514286477225166,3.5749999999999997,5.02,real_post_mid,0.3575,2.6,-182.84999999999997,-0.01708878504672897
HSIC,2025-09-30,2025-11-04,1.0,67.03,66.31,6.83,7.98,1.2779,1.3,1.2366,15.0,1.2774,1.2772,1.2772,1.2575,1.0,0.0,1.0,2.0,3276208150.0,3312070000.0,3245000000.0,13.0,4536.59,4728.71,38.49,211.6,3.32,2.27,2.05,-10.57,-4.35,-1.26,10.06,-3.08,0.33,65.0,70.0,65.0,2025-11-21,2.9000000000000004,3.4,6.300000000000001,9.692307692307692,7.5,1.325,8.825,73.4,8.400000000000006,0.52218,0.57096,0.54657,0.131945,75.85945075653622,-0.16097,216.0,1526.0,0.8652680652680653,18.0,7.692307692307687,1,2.000000000000006,2025-11-03,686.0,679.4711303710938,0.1451857142857142,0.1520699999999999,0.1616842857142857,0.0068842857142857,0.0164985714285714,0,0.17097,0.1291614285714286,0.0418085714285714,0.00488,0.2817980208352744,0.1485294590682463,0.6135458167330677,0.0946724485893877,0.1441378861606932,0.001047828125021,0.6568186277120884,1.27,-0.2045226232304332,4.420121853122671,0.1712725690893085,-0.0027727195852735,0.0211144294852627,-0.005891805943581,1,17.170000076293945,20.3799991607666,2.6514286477225166,6.300000000000001,8.825,real_post_mid,0.6300000000000001,2.6,-318.09999999999985,-0.048938461538461514
AIZ,2025-09-30,2025-11-04,1.0,220.0,210.04,-2.45,2.17,4.2753,4.5869,4.05,7.0,4.2181,3.914,3.914,3.8076,1.0,0.0,3.0,1.0,3153750000.0,3154300000.0,3153200000.0,2.0,49979.62,45082.81,3474.69,1356.27,7.98,2.75,6.93,25.0,50.44,20.83,24.09,0.96,1.19,210.0,220.0,210.0,2025-11-21,7.15,4.7,11.85,5.642857142857143,11.0,,,226.82,16.819999999999993,0.30755,0.31731,0.31243,0.239265,23.418045642223852,-0.058535,13.0,0.0,,18.0,4.761904761904767,1,0.880952380952376,2025-11-03,686.0,679.4711303710938,0.1451857142857142,0.1520699999999999,0.1616842857142857,0.0068842857142857,0.0164985714285714,0,0.17097,0.1291614285714286,0.0418085714285714,0.00488,0.2817980208352744,0.1485294590682463,0.6135458167330677,0.0946724485893877,0.1441378861606932,0.001047828125021,0.6568186277120884,1.27,-0.2045226232304332,4.420121853122671,0.1712725690893085,-0.0027727195852735,0.0211144294852627,-0.005891805943581,1,17.170000076293945,20.3799991607666,2.6514286477225166,11.850000000000001,10.0,intrinsic_fallback,1.1850000000000003,2.6,63.90000000000011,0.0030428571428571484
ANET,2025-09-30,2025-11-04,1.0,145.5,138.78,5.53,10.64,0.7145,0.75,0.69,21.0,0.7145,0.7143,0.7156,0.6275,2.0,0.0,2.0,0.0,2266535660.0,2333706000.0,2220000000.0,21.0,-54875.74,-55202.02,130.59,41.33,30.43,9.98,22.5,37.74,12.31,52.85,40.97,0.34,3.34,157.5,141.0,157.5,2025-11-07,8.3,8.3,16.6,10.53968253968254,0.15,16.75,16.9,134.65,22.84999999999999,1.25387,1.27338,1.263625,0.614865,51.34118112572955,-0.614615,511.0,607.0,0.5472827049035227,4.0,10.476190476190473,1,0.0634920634920686,2025-11-03,686.0,679.4711303710938,0.1451857142857142,0.1520699999999999,0.1616842857142857,0.0068842857142857,0.0164985714285714,0,0.17097,0.1291614285714286,0.0418085714285714,0.00488,0.2817980208352744,0.1485294590682463,0.6135458167330677,0.0946724485893877,0.1441378861606932,0.001047828125021,0.6568186277120884,1.27,-0.2045226232304332,4.420121853122671,0.1712725690893085,-0.0027727195852735,0.0211144294852627,-0.005891805943581,1,17.170000076293945,20.3799991607666,2.6514286477225166,16.6,16.9,real_post_mid,1.6600000000000001,2.6,-198.5999999999997,-0.012609523809523791
AXON,2025-09-30,2025-11-04,0.0,715.51,863.65,-1.31,-18.24,1.5411,2.11,1.29,15.0,1.5411,1.5358,1.5526,1.5724,1.0,0.0,1.0,2.0,704833480.0,733889000.0,688899000.0,15.0,25130.06,22406.8,439.31,1162.43,32.85,10.75,32.75,76.67,50.35,-89.08,-96.85,-0.45,-6.55,720.0,640.0,720.0,2025-11-21,50.95,48.0,98.95,13.743055555555555,3.725,82.75,86.475,521.99,198.01,0.75632,0.79535,0.775835,0.478285,38.35222695547378,-0.25853,97.0,13.0,2.1923076923076925,18.0,11.111111111111116,1,2.6319444444444393,2025-11-03,686.0,679.4711303710938,0.1451857142857142,0.1520699999999999,0.1616842857142857,0.0068842857142857,0.0164985714285714,0,0.17097,0.1291614285714286,0.0418085714285714,0.00488,0.2817980208352744,0.1485294590682463,0.6135458167330677,0.0946724485893877,0.1441378861606932,0.001047828125021,0.6568186277120884,1.27,-0.2045226232304332,4.420121853122671,0.1712725690893085,-0.0027727195852735,0.0211144294852627,-0.005891805943581,1,17.170000076293945,20.3799991607666,2.6514286477225166,98.95,86.475,real_post_mid,9.895000000000001,2.6,255.40000000000074,0.0035472222222222324
AIG,2025-09-30,2025-11-04,1.0,81.02,79.06,-0.38,2.09,1.712,1.9,1.5683,17.0,1.712,1.5855,1.5829,1.5797,1.0,0.0,15.0,1.0,6934025000.0,6993000000.0,6875050000.0,2.0,20513.76,19434.5,855.57,410.02,7.19,3.94,-1.54,56.03,54.7,53.9,150.24,3.96,12.54,79.0,77.5,79.0,2025-11-07,1.7,1.7,3.4,4.30379746835443,0.15,2.625,2.775,76.93,2.069999999999993,0.51243,0.51243,0.51243,0.185605,63.77944304587943,-0.19512,19.0,45.0,1.421875,4.0,1.898734177215189,1,2.4050632911392413,2025-11-03,686.0,679.4711303710938,0.1451857142857142,0.1520699999999999,0.1616842857142857,0.0068842857142857,0.0164985714285714,0,0.17097,0.1291614285714286,0.0418085714285714,0.00488,0.2817980208352744,0.1485294590682463,0.6135458167330677,0.0946724485893877,0.1441378861606932,0.001047828125021,0.6568186277120884,1.27,-0.2045226232304332,4.420121853122671,0.1712725690893085,-0.0027727195852735,0.0211144294852627,-0.005891805943581,1,17.170000076293945,20.3799991607666,2.6514286477225166,3.4,2.775,real_post_mid,0.34,2.6,25.899999999999995,0.003278481012658227
BR,2025-09-30,2025-11-04,1.0,234.69,266.89,-5.04,-16.5,1.2457,1.34,1.15,8.0,1.2445,1.2363,1.2363,1.1814,1.0,0.0,3.0,0.0,1541532570.0,1555000000.0,1521000000.0,7.0,44396.64,40262.69,2243.33,2251.08,4.93,14.0,7.46,9.42,-17.29,-18.52,13.87,0.55,1.5,220.0,220.0,220.0,2025-11-21,7.9,5.1,13.0,5.909090909090909,4.15,5.2,9.35,228.39,8.389999999999986,0.36609,0.2978,0.331945,0.25877,22.04431457018483,-0.08293,5.0,18.0,0.1794871794871795,18.0,0.0,1,5.909090909090909,2025-11-03,686.0,679.4711303710938,0.1451857142857142,0.1520699999999999,0.1616842857142857,0.0068842857142857,0.0164985714285714,0,0.17097,0.1291614285714286,0.0418085714285714,0.00488,0.2817980208352744,0.1485294590682463,0.6135458167330677,0.0946724485893877,0.1441378861606932,0.001047828125021,0.6568186277120884,1.27,-0.2045226232304332,4.420121853122671,0.1712725690893085,-0.0027727195852735,0.0211144294852627,-0.005891805943581,1,17.170000076293945,20.3799991607666,2.6514286477225166,13.0,9.35,real_post_mid,1.3,2.6,232.40000000000006,0.010563636363636367
CDW,2025-09-30,2025-11-04,1.0,159.27,165.51,-11.06,-14.41,2.6221,2.6499,2.595,10.0,2.6221,2.6221,2.6221,2.614,5.0,0.0,5.0,4.0,5749488780.0,5909000000.0,5648530000.0,8.0,11694.56,10757.66,409.28,126.61,10.2,14.95,1.05,4.0,20.93,-1.28,-2.98,-1.04,-0.96,155.0,145.0,155.0,2025-11-21,6.1,6.0,12.1,7.806451612903226,0.825,9.8,10.625,140.2,14.800000000000011,0.44414,0.44414,0.44414,0.370965,16.47566082766695,-0.0975599999999999,15.0,40.0,1.181818181818182,18.0,6.451612903225811,1,1.3548387096774146,2025-11-03,686.0,679.4711303710938,0.1451857142857142,0.1520699999999999,0.1616842857142857,0.0068842857142857,0.0164985714285714,0,0.17097,0.1291614285714286,0.0418085714285714,0.00488,0.2817980208352744,0.1485294590682463,0.6135458167330677,0.0946724485893877,0.1441378861606932,0.001047828125021,0.6568186277120884,1.27,-0.2045226232304332,4.420121853122671,0.1712725690893085,-0.0027727195852735,0.0211144294852627,-0.005891805943581,1,17.170000076293945,20.3799991607666,2.6514286477225166,12.1,10.625,real_post_mid,1.21,2.6,23.899999999999967,0.0015419354838709656
CTVA,2025-09-30,2025-11-04,1.0,63.37,71.17,-1.37,-12.18,-0.4657,-0.3,-0.5366,15.0,-0.4657,-0.4518,-0.4512,-0.3713,0.0,0.0,0.0,5.0,2467574240.0,2556000000.0,2305000000.0,13.0,7678.93,6652.12,730.41,575.31,5.63,46.16,-1.03,20.22,94.69,25.7,13.86,2.32,2.05,60.0,65.0,60.0,2025-11-21,3.35,1.05,4.4,7.333333333333333,4.05,0.4,4.45,65.54,5.540000000000006,0.3856,0.35633,0.370965,0.28804,22.35386087636299,-0.08292,293.0,8.0,2.237639553429027,18.0,8.333333333333325,0,-0.999999999999992,2025-11-03,686.0,679.4711303710938,0.1451857142857142,0.1520699999999999,0.1616842857142857,0.0068842857142857,0.0164985714285714,0,0.17097,0.1291614285714286,0.0418085714285714,0.00488,0.2817980208352744,0.1485294590682463,0.6135458167330677,0.0946724485893877,0.1441378861606932,0.001047828125021,0.6568186277120884,1.27,-0.2045226232304332,4.420121853122671,0.1712725690893085,-0.0027727195852735,0.0211144294852627,-0.005891805943581,1,17.170000076293945,20.3799991607666,2.6514286477225166,4.4,4.45,real_post_mid,0.44000000000000006,2.6,-51.59999999999999,-0.008599999999999998
ES,2025-09-30,2025-11-04,1.0,72.53,65.43,1.78,12.82,1.1485,1.2,0.89,14.0,1.1443,1.1448,1.1518,1.1451,2.0,0.0,3.0,4.0,3200790010.0,3812300000.0,2936337930.0,5.0,3630.56,3608.38,43.52,58.71,12.02,-31.09,6.57,1.05,-36.0,30.77,10.05,21.45,-0.42,75.0,75.0,75.0,2025-11-21,1.175,2.0250000000000004,3.2,4.2666666666666675,0.45,2.4,2.85,64.55,10.450000000000005,0.21,0.26853,0.239265,0.19048,20.38952625749691,0.0292649999999999,662.0,5.0,0.0921985815602836,18.0,0.0,1,4.2666666666666675,2025-11-03,686.0,679.4711303710938,0.1451857142857142,0.1520699999999999,0.1616842857142857,0.0068842857142857,0.0164985714285714,0,0.17097,0.1291614285714286,0.0418085714285714,0.00488,0.2817980208352744,0.1485294590682463,0.6135458167330677,0.0946724485893877,0.1441378861606932,0.001047828125021,0.6568186277120884,1.27,-0.2045226232304332,4.420121853122671,0.1712725690893085,-0.0027727195852735,0.0211144294852627,-0.005891805943581,1,17.170000076293945,20.3799991607666,2.6514286477225166,3.2,2.85,real_post_mid,0.32000000000000006,2.6,0.4000000000000026,5.333333333333368e-05
EXPD,2025-09-30,2025-11-04,1.0,123.52,118.73,9.89,14.32,1.3914,1.45,1.29,14.0,1.3914,1.3667,1.3628,1.3177,2.0,0.0,3.0,0.0,2724051550.0,3149512000.0,2541581730.0,12.0,14436.64,13572.16,500.16,217.31,8.73,-0.55,17.25,8.06,-8.84,13.63,10.64,3.35,0.16,125.0,140.0,125.0,2025-11-21,2.575,4.05,6.625,5.3,13.65,0.1,13.75,143.21,18.210000000000008,0.32707,0.24902,0.288045,0.20024,30.483084240309672,-0.039025,240.0,2.0,1.195121951219512,18.0,12.00000000000001,0,-6.700000000000011,2025-11-03,686.0,679.4711303710938,0.1451857142857142,0.1520699999999999,0.1616842857142857,0.0068842857142857,0.0164985714285714,0,0.17097,0.1291614285714286,0.0418085714285714,0.00488,0.2817980208352744,0.1485294590682463,0.6135458167330677,0.0946724485893877,0.1441378861606932,0.001047828125021,0.6568186277120884,1.27,-0.2045226232304332,4.420121853122671,0.1712725690893085,-0.0027727195852735,0.0211144294852627,-0.005891805943581,1,17.170000076293945,20.3799991607666,2.6514286477225166,6.625,13.75,real_post_mid,0.6625000000000001,2.6,-781.35,-0.06250800000000001
BALL,2025-09-30,2025-11-04,0.0,50.25,52.55,-4.82,-8.98,1.0217,1.07,0.98,14.0,1.0295,1.0311,1.0387,1.0352,1.0,0.0,1.0,5.0,3319405300.0,3490000000.0,3167800000.0,12.0,2602.72,2736.86,-51.31,202.45,12.23,7.06,-7.23,2.7,0.0,20.71,-42.77,-5.8,-5.15,47.5,50.0,47.5,2025-11-21,1.725,2.0,3.725,7.842105263157895,2.075,0.55,2.625,49.87,2.3699999999999974,0.44414,0.44414,0.44414,0.288045,35.145449632998606,-0.12683,70.0,51.0,0.2537485582468281,18.0,5.263157894736836,1,2.5789473684210584,2025-11-03,686.0,679.4711303710938,0.1451857142857142,0.1520699999999999,0.1616842857142857,0.0068842857142857,0.0164985714285714,0,0.17097,0.1291614285714286,0.0418085714285714,0.00488,0.2817980208352744,0.1485294590682463,0.6135458167330677,0.0946724485893877,0.1441378861606932,0.001047828125021,0.6568186277120884,1.27,-0.2045226232304332,4.420121853122671,0.1712725690893085,-0.0027727195852735,0.0211144294852627,-0.005891805943581,1,17.170000076293945,20.3799991607666,2.6514286477225166,3.725,2.625,real_post_mid,0.37250000000000005,2.6,70.15,0.01476842105263158
MET,2025-09-30,2025-11-05,1.0,82.35,73.82,-4.46,6.58,2.3198,2.51,2.24,15.0,2.3105,2.2981,2.2769,2.3841,2.0,0.0,9.0,4.0,18690273670.0,19245000000.0,18348000000.0,6.0,17884.32,18366.75,-142.65,211.99,-1.8,-5.95,6.63,-11.4,3.06,-14.39,-18.47,1.34,-1.16,80.0,75.0,80.0,2025-11-21,1.975,2.45,4.425,5.53125,0.425,4.1,4.5249999999999995,75.07,4.930000000000007,0.31731,0.32707,0.32219,0.22463,30.28026940625097,-0.068295,738.0,178.0,1.3573687539531942,17.0,6.25,0,-0.71875,2025-11-04,677.0,671.4169921875,0.15634,0.1581690625,0.1667914285714285,0.0018290625,0.0104514285714285,0,0.1890871428571428,0.13195,0.0571371428571428,0.0041785714285714,0.4273094914180286,0.1820168337532836,0.7250996015936255,0.1173898487501085,0.1505004106944104,0.0058395893055895,0.7799968665100018,1.17,-0.7737305757377133,1.876192882919801,-0.1723699025774819,-0.0172036989355366,0.0054049963450606,-0.0176755071289431,1,19.0,21.290000915527344,3.3659999999999997,4.425000000000001,4.5249999999999995,real_post_mid,0.4425000000000001,2.6,-56.84999999999989,-0.007106249999999986
PPL,2025-09-30,2025-11-05,1.0,37.15,36.37,-2.1,,0.4557,0.49,0.42,12.0,0.4621,0.47,0.4737,0.4598,0.0,0.0,0.0,5.0,2194042460.0,2409660000.0,2073000000.0,4.0,33.06,223.0,-27.09,117.09,7.66,-19.13,3.56,-15.79,-42.56,2.36,4.1,-1.6,-0.68,36.0,37.0,36.0,2025-11-21,0.8999999999999999,0.55,1.45,4.027777777777778,0.975,0.325,1.3,36.12,0.1199999999999974,0.23926,0.21975,0.229505,0.185605,19.128123570292583,-0.02439,65.0,22.0,0.0486257928118393,17.0,2.777777777777768,1,1.2500000000000098,2025-11-04,677.0,671.4169921875,0.15634,0.1581690625,0.1667914285714285,0.0018290625,0.0104514285714285,0,0.1890871428571428,0.13195,0.0571371428571428,0.0041785714285714,0.4273094914180286,0.1820168337532836,0.7250996015936255,0.1173898487501085,0.1505004106944104,0.0058395893055895,0.7799968665100018,1.17,-0.7737305757377133,1.876192882919801,-0.1723699025774819,-0.0172036989355366,0.0054049963450606,-0.0176755071289431,1,19.0,21.290000915527344,3.3659999999999997,1.45,1.3,real_post_mid,0.145,2.6,-2.100000000000008,-0.0005833333333333356
SRE,2025-09-30,2025-11-05,1.0,92.46,82.59,-0.08,11.87,0.9118,0.93,0.852,12.0,0.9177,0.9003,0.8914,0.9045,2.0,0.0,3.0,3.0,2946367610.0,3250400000.0,2644149880.0,7.0,20676.98,20328.68,389.97,287.21,1.08,-21.01,-12.3,0.0,-38.19,7.55,6.96,1.32,1.07,90.0,95.0,90.0,2025-11-21,3.45,1.425,4.875,5.416666666666667,3.9,0.825,4.7250000000000005,92.5,2.5,0.22951,0.32707,0.27829,0.24902,10.517805167271566,-0.02927,524.0,2.0,0.1287878787878787,17.0,5.555555555555558,0,-0.138888888888891,2025-11-04,677.0,671.4169921875,0.15634,0.1581690625,0.1667914285714285,0.0018290625,0.0104514285714285,0,0.1890871428571428,0.13195,0.0571371428571428,0.0041785714285714,0.4273094914180286,0.1820168337532836,0.7250996015936255,0.1173898487501085,0.1505004106944104,0.0058395893055895,0.7799968665100018,1.17,-0.7737305757377133,1.876192882919801,-0.1723699025774819,-0.0172036989355366,0.0054049963450606,-0.0176755071289431,1,19.0,21.290000915527344,3.3659999999999997,4.875,4.7250000000000005,real_post_mid,0.48750000000000004,2.6,-36.35000000000006,-0.004038888888888896
ZBH,2025-09-30,2025-11-05,1.0,98.83,98.43,-11.41,-11.05,1.8598,1.95,1.72,24.0,1.8618,1.8719,1.8782,1.8352,0.0,0.0,2.0,5.0,2009689280.0,2027000000.0,1977500000.0,22.0,9113.76,8843.66,130.07,61.48,6.97,8.81,3.93,2.99,14.36,-3.49,-14.6,0.0,-3.65,105.0,90.0,105.0,2025-11-21,3.35,5.05,8.4,8.0,0.2,16.85,17.05,92.18,12.819999999999991,0.46365,0.46365,0.46365,0.2880399999999999,37.87555267982315,-0.15122,474.0,43.0,2.3214285714285716,17.0,14.28571428571429,0,-6.28571428571429,2025-11-04,677.0,671.4169921875,0.15634,0.1581690625,0.1667914285714285,0.0018290625,0.0104514285714285,0,0.1890871428571428,0.13195,0.0571371428571428,0.0041785714285714,0.4273094914180286,0.1820168337532836,0.7250996015936255,0.1173898487501085,0.1505004106944104,0.0058395893055895,0.7799968665100018,1.17,-0.7737305757377133,1.876192882919801,-0.1723699025774819,-0.0172036989355366,0.0054049963450606,-0.0176755071289431,1,19.0,21.290000915527344,3.3659999999999997,8.4,17.05,real_post_mid,0.8400000000000001,2.6,-951.6,-0.09062857142857143
TECH,2025-09-30,2025-11-05,0.0,61.92,50.15,-3.2,19.52,0.4215,0.46,0.39,13.0,0.4215,0.4221,0.4243,0.4394,0.0,0.0,0.0,2.0,291341420.0,298000000.0,285317000.0,13.0,-53284.32,-53615.23,118.19,75.72,4.2,6.45,6.59,16.67,21.74,-26.57,-42.23,0.43,-9.84,60.0,60.0,60.0,2025-11-21,4.525,3.4749999999999996,8.0,13.333333333333334,2.2,3.7,5.9,61.53,1.5300000000000011,0.74657,0.77583,0.7612,0.60511,20.505780346820803,-0.25853,58.0,25.0,0.9417209461775796,17.0,0.0,1,13.333333333333334,2025-11-04,677.0,671.4169921875,0.15634,0.1581690625,0.1667914285714285,0.0018290625,0.0104514285714285,0,0.1890871428571428,0.13195,0.0571371428571428,0.0041785714285714,0.4273094914180286,0.1820168337532836,0.7250996015936255,0.1173898487501085,0.1505004106944104,0.0058395893055895,0.7799968665100018,1.17,-0.7737305757377133,1.876192882919801,-0.1723699025774819,-0.0172036989355366,0.0054049963450606,-0.0176755071289431,1,19.0,21.290000915527344,3.3659999999999997,8.0,5.9,real_post_mid,0.8,2.6,127.39999999999998,0.02123333333333333
TRGP,2025-09-30,2025-11-05,0.0,162.6,166.89,0.06,-2.52,2.2227,2.36,1.9405,4.0,2.2252,2.1777,2.1777,2.1878,1.0,0.0,3.0,1.0,4656642190.0,5846686970.0,3842000000.0,5.0,6296.13,7089.99,-482.46,211.85,11.26,-17.03,6.18,42.86,0.62,44.31,18.3,0.57,1.19,155.0,170.0,155.0,2025-11-21,5.55,5.0,10.55,6.806451612903226,16.75,0.85,17.6,170.54,15.539999999999992,0.42462,0.36609,0.395355,0.302675,23.442222812409096,-0.04878,244.0,15.0,0.5480769230769231,17.0,9.6774193548387,0,-2.870967741935475,2025-11-04,677.0,671.4169921875,0.15634,0.1581690625,0.1667914285714285,0.0018290625,0.0104514285714285,0,0.1890871428571428,0.13195,0.0571371428571428,0.0041785714285714,0.4273094914180286,0.1820168337532836,0.7250996015936255,0.1173898487501085,0.1505004106944104,0.0058395893055895,0.7799968665100018,1.17,-0.7737305757377133,1.876192882919801,-0.1723699025774819,-0.0172036989355366,0.0054049963450606,-0.0176755071289431,1,19.0,21.290000915527344,3.3659999999999997,10.55,17.6,real_post_mid,1.0550000000000002,2.6,-813.1,-0.052458064516129034
TRMB,2025-09-30,2025-11-05,1.0,80.81,82.52,-0.3,-2.36,0.7171,0.75,0.71,11.0,0.7138,0.714,0.714,0.7091,0.0,0.0,0.0,1.0,870297400.0,881000000.0,866000000.0,10.0,9442.08,9126.46,217.39,115.36,0.56,4.18,-4.63,14.52,16.39,40.25,107.47,5.59,7.52,80.0,80.0,80.0,2025-11-21,2.575,4.699999999999999,7.275,9.093749999999998,1.75,3.05,4.8,77.03,2.969999999999999,0.46365,0.59047,0.5270600000000001,0.36609,30.5411148635829,-0.18536,1075.0,20.0,2.1908396946564888,17.0,0.0,1,9.093749999999998,2025-11-04,677.0,671.4169921875,0.15634,0.1581690625,0.1667914285714285,0.0018290625,0.0104514285714285,0,0.1890871428571428,0.13195,0.0571371428571428,0.0041785714285714,0.4273094914180286,0.1820168337532836,0.7250996015936255,0.1173898487501085,0.1505004106944104,0.0058395893055895,0.7799968665100018,1.17,-0.7737305757377133,1.876192882919801,-0.1723699025774819,-0.0172036989355366,0.0054049963450606,-0.0176755071289431,1,19.0,21.290000915527344,3.3659999999999997,7.2749999999999995,4.8,real_post_mid,0.7275,2.6,172.14999999999998,0.021518749999999996
STE,2025-09-30,2025-11-05,1.0,240.64,236.24,1.06,2.94,2.3513,2.42,2.31,8.0,2.355,2.355,2.355,2.3675,0.0,0.0,0.0,1.0,1432396250.0,1439834000.0,1424800000.0,8.0,769.63,750.36,134.27,305.52,8.72,1.5,6.81,9.35,4.93,15.36,32.61,0.4,3.18,240.0,260.0,240.0,2025-11-21,7.75,6.4,14.15,5.895833333333334,20.65,1.25,21.9,263.29,23.29000000000002,0.31731,0.36609,0.3417,0.26365,22.84167398302605,-0.092685,253.0,2.0,1.181818181818182,17.0,8.333333333333325,0,-2.437499999999991,2025-11-04,677.0,671.4169921875,0.15634,0.1581690625,0.1667914285714285,0.0018290625,0.0104514285714285,0,0.1890871428571428,0.13195,0.0571371428571428,0.0041785714285714,0.4273094914180286,0.1820168337532836,0.7250996015936255,0.1173898487501085,0.1505004106944104,0.0058395893055895,0.7799968665100018,1.17,-0.7737305757377133,1.876192882919801,-0.1723699025774819,-0.0172036989355366,0.0054049963450606,-0.0176755071289431,1,19.0,21.290000915527344,3.3659999999999997,14.15,21.9,real_post_mid,1.415,2.6,-919.0999999999999,-0.03829583333333333
HST,2025-09-30,2025-11-05,1.0,16.62,15.27,-2.47,6.16,0.0435,0.05,0.0341,4.0,0.0435,0.0435,0.0385,0.0375,1.0,0.0,2.0,0.0,1305780680.0,1371000000.0,1266095000.0,15.0,11153.6,10500.83,558.4,305.66,8.19,-0.5,7.62,-5.88,-8.57,1.81,-5.14,0.11,-2.45,16.0,17.0,16.0,2025-11-21,0.525,0.45,0.975,6.093750000000001,1.4,0.1,1.5,17.42,1.4200000000000017,0.35633,0.35633,0.35633,0.2880399999999999,19.1648191283361,-0.05853,46.0,3.0,1.131578947368421,17.0,6.25,0,-0.1562499999999991,2025-11-04,677.0,671.4169921875,0.15634,0.1581690625,0.1667914285714285,0.0018290625,0.0104514285714285,0,0.1890871428571428,0.13195,0.0571371428571428,0.0041785714285714,0.4273094914180286,0.1820168337532836,0.7250996015936255,0.1173898487501085,0.1505004106944104,0.0058395893055895,0.7799968665100018,1.17,-0.7737305757377133,1.876192882919801,-0.1723699025774819,-0.0172036989355366,0.0054049963450606,-0.0176755071289431,1,19.0,21.290000915527344,3.3659999999999997,0.9750000000000001,1.5,real_post_mid,0.09750000000000002,2.6,-64.85,-0.04053125
AMCR,2025-09-30,2025-11-05,1.0,8.07,9.64,,-16.29,0.1834,0.19,0.17,10.0,0.1834,0.1844,0.1862,0.1945,0.0,0.0,0.0,1.0,5752198390.0,5895580000.0,5548700000.0,10.0,3221.92,3118.27,58.77,67.2,-2.29,2.84,-1.41,0.0,-14.29,-3.81,1.95,-0.67,0.39,8.0,8.0,8.0,2025-11-21,0.3249999999999999,0.425,0.75,9.375,0.35,0.125,0.475,8.5,0.5,0.55145,0.54169,0.54657,0.32707,40.1595404065353,-0.170725,11346.0,407.0,3.800143266475645,17.0,0.0,1,9.375,2025-11-04,677.0,671.4169921875,0.15634,0.1581690625,0.1667914285714285,0.0018290625,0.0104514285714285,0,0.1890871428571428,0.13195,0.0571371428571428,0.0041785714285714,0.4273094914180286,0.1820168337532836,0.7250996015936255,0.1173898487501085,0.1505004106944104,0.0058395893055895,0.7799968665100018,1.17,-0.7737305757377133,1.876192882919801,-0.1723699025774819,-0.0172036989355366,0.0054049963450606,-0.0176755071289431,1,19.0,21.290000915527344,3.3659999999999997,0.7499999999999999,0.475,real_post_mid,0.075,2.6,17.399999999999988,0.021749999999999985
AEE,2025-09-30,2025-11-05,1.0,104.88,102.32,-3.43,-1.02,2.1105,2.1481,2.08,5.0,2.1156,2.0287,2.0287,2.0251,2.0,0.0,3.0,0.0,2519553710.0,2965070130.0,2270583420.0,5.0,8931.1,8825.25,370.5,393.91,31.19,5.91,8.0,4.12,-5.61,4.62,13.85,-9.49,-2.81,100.0,105.0,100.0,2025-11-21,3.4000000000000004,1.175,4.575,4.575,3.25,0.75,4.0,104.53,4.530000000000001,0.24902,0.23926,0.24414,0.03927,83.91496682231507,-0.0487749999999999,29.0,0.0,0.1818181818181818,17.0,5.000000000000004,0,-0.4250000000000042,2025-11-04,677.0,671.4169921875,0.15634,0.1581690625,0.1667914285714285,0.0018290625,0.0104514285714285,0,0.1890871428571428,0.13195,0.0571371428571428,0.0041785714285714,0.4273094914180286,0.1820168337532836,0.7250996015936255,0.1173898487501085,0.1505004106944104,0.0058395893055895,0.7799968665100018,1.17,-0.7737305757377133,1.876192882919801,-0.1723699025774819,-0.0172036989355366,0.0054049963450606,-0.0176755071289431,1,19.0,21.290000915527344,3.3659999999999997,4.575,4.0,real_post_mid,0.4575,2.6,9.150000000000016,0.0009150000000000016
AES,2025-09-30,2025-11-05,0.0,14.27,12.85,-0.35,10.66,0.7661,0.84,0.67,10.0,0.7623,0.7122,0.7122,0.7117,3.0,0.0,3.0,1.0,3224398710.0,3352419000.0,3015029540.0,5.0,4251.94,3942.19,41.58,269.97,-2.96,-2.43,-3.56,34.21,88.89,-6.22,-16.84,-2.9,-2.36,13.5,14.5,13.5,2025-11-07,0.45,0.5,0.95,7.037037037037036,0.7250000000000001,0.04,0.7650000000000001,14.13,0.6300000000000008,0.98071,0.97095,0.97583,0.614865,36.99056188065544,-0.0634099999999999,549.0,363.0,0.3219661335841957,3.0,7.407407407407418,0,-0.3703703703703818,2025-11-04,677.0,671.4169921875,0.15634,0.1581690625,0.1667914285714285,0.0018290625,0.0104514285714285,0,0.1890871428571428,0.13195,0.0571371428571428,0.0041785714285714,0.4273094914180286,0.1820168337532836,0.7250996015936255,0.1173898487501085,0.1505004106944104,0.0058395893055895,0.7799968665100018,1.17,-0.7737305757377133,1.876192882919801,-0.1723699025774819,-0.0172036989355366,0.0054049963450606,-0.0176755071289431,1,19.0,21.290000915527344,3.3659999999999997,0.95,0.7650000000000001,real_post_mid,0.095,2.6,6.399999999999983,0.004740740740740728
ALL,2025-09-30,2025-11-05,1.0,208.83,205.0,-6.74,-5.0,7.5432,9.18,4.6333,20.0,7.5052,5.913,4.9863,4.541,1.0,0.0,17.0,0.0,16942000000.0,16942000000.0,16942000000.0,1.0,51949.9,41969.27,6045.18,2284.02,5.21,1.74,10.67,268.94,68.27,343.94,411.93,7.62,12.98,195.0,200.0,195.0,2025-11-21,5.6,4.75,10.35,5.3076923076923075,6.45,2.875,9.325,214.32,19.319999999999993,0.31731,0.2978,0.307555,0.27341,11.102079302888926,-0.05854,108.0,30.0,1.35678391959799,17.0,2.564102564102555,1,2.7435897435897525,2025-11-04,677.0,671.4169921875,0.15634,0.1581690625,0.1667914285714285,0.0018290625,0.0104514285714285,0,0.1890871428571428,0.13195,0.0571371428571428,0.0041785714285714,0.4273094914180286,0.1820168337532836,0.7250996015936255,0.1173898487501085,0.1505004106944104,0.0058395893055895,0.7799968665100018,1.17,-0.7737305757377133,1.876192882919801,-0.1723699025774819,-0.0172036989355366,0.0054049963450606,-0.0176755071289431,1,19.0,21.290000915527344,3.3659999999999997,10.35,9.325,real_post_mid,1.035,2.6,-3.5999999999999566,-0.00018461538461538238
BG,2025-09-30,2025-11-05,1.0,84.13,82.75,13.6,15.49,1.9684,2.25,0.91,5.0,1.6853,1.1585,1.1585,2.0459,1.0,0.0,1.0,0.0,23191604310.0,24224000000.0,22350812940.0,3.0,45466.34,43489.31,1317.76,831.65,-3.56,9.67,-9.95,-24.28,-27.62,110.59,48.84,0.77,0.89,92.5,95.0,92.5,2025-11-21,3.8,2.725,6.525,7.054054054054054,3.125,0.85,3.975,94.58,2.0799999999999983,0.36609,0.43438,0.400235,0.27341,31.68763351530976,-0.07317,86.0,0.0,2.010845986984815,17.0,2.7027027027026973,1,4.351351351351357,2025-11-04,677.0,671.4169921875,0.15634,0.1581690625,0.1667914285714285,0.0018290625,0.0104514285714285,0,0.1890871428571428,0.13195,0.0571371428571428,0.0041785714285714,0.4273094914180286,0.1820168337532836,0.7250996015936255,0.1173898487501085,0.1505004106944104,0.0058395893055895,0.7799968665100018,1.17,-0.7737305757377133,1.876192882919801,-0.1723699025774819,-0.0172036989355366,0.0054049963450606,-0.0176755071289431,1,19.0,21.290000915527344,3.3659999999999997,6.525,3.975,real_post_mid,0.6525000000000001,2.6,187.15000000000003,0.020232432432432435
CPAY,2025-09-30,2025-11-05,1.0,288.7,304.5,-9.36,-14.06,5.6425,5.69,5.6,13.0,5.6418,5.6329,5.6301,5.6464,1.0,0.0,6.0,0.0,1163517980.0,1171000000.0,1154000000.0,11.0,-4310.16,-1261.64,-941.52,1420.45,12.95,9.58,,12.75,50.88,13.27,10.63,-0.2,-0.91,260.0,280.0,260.0,2025-11-21,10.5,9.0,19.5,7.5,22.05,1.8,23.85,288.82,28.819999999999993,0.43438,0.43438,0.43438,0.351455,19.09042773608361,-0.102435,0.0,0.0,0.15,17.0,7.692307692307687,0,-0.1923076923076871,2025-11-04,677.0,671.4169921875,0.15634,0.1581690625,0.1667914285714285,0.0018290625,0.0104514285714285,0,0.1890871428571428,0.13195,0.0571371428571428,0.0041785714285714,0.4273094914180286,0.1820168337532836,0.7250996015936255,0.1173898487501085,0.1505004106944104,0.0058395893055895,0.7799968665100018,1.17,-0.7737305757377133,1.876192882919801,-0.1723699025774819,-0.0172036989355366,0.0054049963450606,-0.0176755071289431,1,19.0,21.290000915527344,3.3659999999999997,19.5,23.85,real_post_mid,1.9500000000000002,2.6,-632.6000000000001,-0.024330769230769236
CRL,2025-09-30,2025-11-05,1.0,174.95,149.78,-4.14,11.96,2.3398,2.48,2.297,14.0,2.3398,2.3462,2.3512,2.3776,0.0,0.0,1.0,1.0,990788240.0,1013523000.0,979000000.0,11.0,19591.9,17172.02,993.51,676.88,0.59,4.87,-1.64,11.43,33.33,-7.38,-33.97,0.12,-5.08,180.0,170.0,180.0,2025-11-21,9.95,11.25,21.2,11.777777777777777,2.075,11.05,13.125,167.64,12.360000000000014,0.70754,0.66852,0.6880299999999999,0.43438,36.86612502361815,-0.2195049999999999,434.0,0.0,0.6395534290271132,17.0,5.555555555555558,1,6.222222222222219,2025-11-04,677.0,671.4169921875,0.15634,0.1581690625,0.1667914285714285,0.0018290625,0.0104514285714285,0,0.1890871428571428,0.13195,0.0571371428571428,0.0041785714285714,0.4273094914180286,0.1820168337532836,0.7250996015936255,0.1173898487501085,0.1505004106944104,0.0058395893055895,0.7799968665100018,1.17,-0.7737305757377133,1.876192882919801,-0.1723699025774819,-0.0172036989355366,0.0054049963450606,-0.0176755071289431,1,19.0,21.290000915527344,3.3659999999999997,21.2,13.125,real_post_mid,2.12,2.6,592.8999999999999,0.03293888888888888
NWS,2025-09-30,2025-11-06,1.0,30.89,32.95,-7.8,-13.57,0.1884,0.2153,0.15,3.0,0.1888,0.1913,0.1938,0.21,0.0,0.0,0.0,2.0,2109081770.0,2153000000.0,2068583260.0,11.0,1742.88,1576.21,131.52,46.9,,-10.23,,,-48.48,,,,,30.0,30.0,30.0,2025-11-21,0.675,1.9,2.575,8.583333333333334,0.8999999999999999,1.5,2.4,29.0,1.0,0.40511,0.60999,0.5075500000000001,0.5075449999999999,0.0009851246182925,-0.112195,64.0,1.0,0.0,16.0,0.0,1,8.583333333333334,2025-11-05,679.0,673.7437133789062,0.15146,0.1526799999999999,0.166095,0.0012199999999999,0.0146349999999999,0,0.18073,0.13195,0.0487799999999999,0.0048799999999999,0.3636482230380737,0.1673661073285799,0.7171314741035857,0.1253427026304716,0.1501667208936776,0.0012932791063223,0.8346902821379302,1.17,-0.6946781023085637,1.065096956710493,-0.4892707646516285,-0.014271370443403,0.0126434838272775,-0.014271370443403,1,18.010000228881836,20.600000381469727,2.864000228881835,2.575,2.4,real_post_mid,0.2575,2.6,-10.849999999999973,-0.003616666666666658
PH,2025-09-30,2025-11-06,1.0,750.68,727.74,11.12,14.62,6.6233,6.89,6.5,21.0,6.6233,6.6186,6.6096,6.8897,3.0,0.0,7.0,2.0,4942674870.0,5000000000.0,4867244000.0,17.0,17181.49,16439.76,584.63,546.05,-2.25,4.59,-1.09,6.61,12.85,3.26,4.03,1.47,1.27,770.0,850.0,760.0,2025-11-21,31.6,19.0,50.6,6.571428571428571,86.1,1.0750000000000002,87.175,839.57,79.57000000000005,0.35633,0.40511,0.38072,0.24902,34.59235133431394,-0.0877999999999999,112.0,6.0,0.622478386167147,16.0,10.389610389610391,0,-3.818181818181822,2025-11-05,679.0,673.7437133789062,0.15146,0.1526799999999999,0.166095,0.0012199999999999,0.0146349999999999,0,0.18073,0.13195,0.0487799999999999,0.0048799999999999,0.3636482230380737,0.1673661073285799,0.7171314741035857,0.1253427026304716,0.1501667208936776,0.0012932791063223,0.8346902821379302,1.17,-0.6946781023085637,1.065096956710493,-0.4892707646516285,-0.014271370443403,0.0126434838272775,-0.014271370443403,1,18.010000228881836,20.600000381469727,2.864000228881835,50.6,87.175,real_post_mid,5.0600000000000005,2.6,-4166.1,-0.05410519480519481
SOLV,2025-09-30,2025-11-06,1.0,72.16,73.39,-8.15,-9.69,1.4322,1.46,1.4,11.0,1.4314,1.43,1.4156,1.375,0.0,0.0,0.0,0.0,2050854830.0,2081050670.0,1952564760.0,9.0,1960.03,1984.61,-190.34,1056.85,3.84,4.4,,8.33,116.67,-4.37,-12.3,-0.27,-1.83,70.0,70.0,70.0,2025-11-21,1.625,3.55,5.175,7.392857142857142,2.9749999999999996,1.125,4.1,82.9,12.900000000000006,0.44414,0.39536,0.4197499999999999,0.351455,16.270399047051804,-0.0634149999999999,67.0,0.0,0.3095238095238095,16.0,0.0,1,7.392857142857142,2025-11-05,679.0,673.7437133789062,0.15146,0.1526799999999999,0.166095,0.0012199999999999,0.0146349999999999,0,0.18073,0.13195,0.0487799999999999,0.0048799999999999,0.3636482230380737,0.1673661073285799,0.7171314741035857,0.1253427026304716,0.1501667208936776,0.0012932791063223,0.8346902821379302,1.17,-0.6946781023085637,1.065096956710493,-0.4892707646516285,-0.014271370443403,0.0126434838272775,-0.014271370443403,1,18.010000228881836,20.600000381469727,2.864000228881835,5.175,4.1,real_post_mid,0.5175,2.6,53.15000000000002,0.007592857142857146
TTD,2025-09-30,2025-11-06,1.0,53.49,54.23,-14.19,-15.36,0.4418,0.51,0.39,20.0,0.4433,0.4433,0.4409,0.4343,0.0,0.0,0.0,1.0,719341870.0,732000000.0,716000000.0,33.0,-7366.24,-7505.99,64.74,74.31,18.73,12.66,24.68,5.13,24.24,24.12,23.29,-2.85,0.63,48.0,43.0,48.0,2025-11-07,3.85,4.175,8.024999999999999,16.718749999999996,0.01,5.0,5.01,43.0,5.0,2.83432,2.85383,2.844075,0.60999,78.55225336884577,-1.960925,284.0,393.0,0.7246094526374369,2.0,10.416666666666664,1,6.302083333333334,2025-11-05,679.0,673.7437133789062,0.15146,0.1526799999999999,0.166095,0.0012199999999999,0.0146349999999999,0,0.18073,0.13195,0.0487799999999999,0.0048799999999999,0.3636482230380737,0.1673661073285799,0.7171314741035857,0.1253427026304716,0.1501667208936776,0.0012932791063223,0.8346902821379302,1.17,-0.6946781023085637,1.065096956710493,-0.4892707646516285,-0.014271370443403,0.0126434838272775,-0.014271370443403,1,18.010000228881836,20.600000381469727,2.864000228881835,8.025,5.01,real_post_mid,0.8025000000000001,2.6,218.65000000000003,0.04555208333333334
VTRS,2025-09-30,2025-11-06,1.0,10.14,9.7,-0.3,4.23,0.6174,0.6448,0.597,7.0,0.6157,0.6157,0.6124,0.6142,1.0,0.0,1.0,1.0,3600816500.0,3635000000.0,3544280000.0,6.0,3947.33,3747.39,162.46,145.75,-5.65,10.07,-5.6,-10.14,24.0,6.94,197.12,-0.86,12.82,11.0,10.0,11.0,2025-11-21,0.375,0.6000000000000001,0.975,8.863636363636363,0.05,0.95,1.0,10.46,0.5399999999999991,0.54169,0.52218,0.531935,0.3465749999999999,34.84636280748589,0.1121949999999999,2138.0,692.0,0.4081486776268763,16.0,9.090909090909092,0,-0.2272727272727301,2025-11-05,679.0,673.7437133789062,0.15146,0.1526799999999999,0.166095,0.0012199999999999,0.0146349999999999,0,0.18073,0.13195,0.0487799999999999,0.0048799999999999,0.3636482230380737,0.1673661073285799,0.7171314741035857,0.1253427026304716,0.1501667208936776,0.0012932791063223,0.8346902821379302,1.17,-0.6946781023085637,1.065096956710493,-0.4892707646516285,-0.014271370443403,0.0126434838272775,-0.014271370443403,1,18.010000228881836,20.600000381469727,2.864000228881835,0.9750000000000001,1.0,real_post_mid,0.09750000000000002,2.6,-14.849999999999993,-0.013499999999999993
MTD,2025-09-30,2025-11-06,1.0,1309.12,1255.97,9.97,14.62,10.6663,10.84,10.5745,12.0,10.6672,10.6738,10.6738,10.5108,0.0,0.0,1.0,4.0,997354340.0,1006016120.0,992783000.0,10.0,36385.76,33420.96,1357.33,444.71,3.85,11.26,1.37,4.56,23.2,0.04,-0.08,-0.64,-1.07,1440.0,1440.0,1440.0,2025-11-21,46.9,46.0,92.9,6.45138888888889,27.5,28.0,55.5,1452.35,12.349999999999907,0.3856,0.39536,0.39048,0.249015,36.22848801475108,-0.1024399999999999,4.0,0.0,0.8,16.0,0.0,1,6.45138888888889,2025-11-05,679.0,673.7437133789062,0.15146,0.1526799999999999,0.166095,0.0012199999999999,0.0146349999999999,0,0.18073,0.13195,0.0487799999999999,0.0048799999999999,0.3636482230380737,0.1673661073285799,0.7171314741035857,0.1253427026304716,0.1501667208936776,0.0012932791063223,0.8346902821379302,1.17,-0.6946781023085637,1.065096956710493,-0.4892707646516285,-0.014271370443403,0.0126434838272775,-0.014271370443403,1,18.010000228881836,20.600000381469727,2.864000228881835,92.9,55.5,real_post_mid,9.290000000000001,2.6,2808.4000000000005,0.019502777777777782
CMI,2025-09-30,2025-11-06,0.0,434.17,387.03,6.59,19.58,4.7677,5.34,4.19,14.0,4.762,4.7694,4.7694,4.9937,1.0,0.0,1.0,3.0,7989095790.0,8416000000.0,7381000000.0,16.0,19208.05,14400.26,1081.67,2531.39,-1.74,5.74,-0.54,22.24,7.89,17.94,17.32,1.46,2.3,440.0,470.0,440.0,2025-11-21,16.55,16.85,33.400000000000006,7.590909090909093,35.6,1.9,37.5,472.51,32.50999999999999,0.45389,0.45389,0.45389,0.297795,34.390491088149105,-0.14146,244.0,17.0,1.9013035381750465,16.0,6.818181818181812,1,0.7727272727272805,2025-11-05,679.0,673.7437133789062,0.15146,0.1526799999999999,0.166095,0.0012199999999999,0.0146349999999999,0,0.18073,0.13195,0.0487799999999999,0.0048799999999999,0.3636482230380737,0.1673661073285799,0.7171314741035857,0.1253427026304716,0.1501667208936776,0.0012932791063223,0.8346902821379302,1.17,-0.6946781023085637,1.065096956710493,-0.4892707646516285,-0.014271370443403,0.0126434838272775,-0.014271370443403,1,18.010000228881836,20.600000381469727,2.864000228881835,33.400000000000006,37.5,real_post_mid,3.3400000000000007,2.6,-746.5999999999996,-0.01696818181818181
MNST,2025-09-30,2025-11-06,1.0,68.15,64.69,-2.7,2.5,0.4813,0.5021,0.46,11.0,0.4844,0.4828,0.488,0.4623,1.0,0.0,2.0,2.0,2109145350.0,2168000000.0,2031300000.0,17.0,1943.26,2027.76,78.42,226.89,11.1,13.86,4.25,26.83,15.56,23.68,19.82,2.07,2.17,67.5,70.0,67.5,2025-11-21,2.6,2.125,4.725,6.999999999999999,2.975,0.675,3.65,72.04,4.540000000000006,0.41487,0.41487,0.41487,0.26853,35.27370019524189,-0.12195,205.0,211.0,0.3064762876083631,16.0,3.703703703703698,1,3.296296296296301,2025-11-05,679.0,673.7437133789062,0.15146,0.1526799999999999,0.166095,0.0012199999999999,0.0146349999999999,0,0.18073,0.13195,0.0487799999999999,0.0048799999999999,0.3636482230380737,0.1673661073285799,0.7171314741035857,0.1253427026304716,0.1501667208936776,0.0012932791063223,0.8346902821379302,1.17,-0.6946781023085637,1.065096956710493,-0.4892707646516285,-0.014271370443403,0.0126434838272775,-0.014271370443403,1,18.010000228881836,20.600000381469727,2.864000228881835,4.725,3.65,real_post_mid,0.4725,2.6,57.64999999999998,0.008540740740740738
DD,2025-09-30,2025-11-06,1.0,78.88,70.47,-50.37,-44.44,0.635,1.06,0.43,4.0,0.0,1.1333,1.1572,1.1545,1.0,0.0,1.0,4.0,1768150000.0,1789300000.0,1747000000.0,2.0,15942.72,15437.15,873.17,827.88,2.71,6.23,0.16,15.46,8.74,-1.01,12.08,0.75,1.36,40.0,40.0,40.0,2025-11-21,1.475,1.875,3.35,8.375,1.275,0.725,2.0,38.54,1.4600000000000009,0.49292,0.52218,0.50755,0.32219,36.52053984829081,-0.1463399999999999,24.0,239.0,0.3332283464566929,16.0,0.0,1,8.375,2025-11-05,679.0,673.7437133789062,0.15146,0.1526799999999999,0.166095,0.0012199999999999,0.0146349999999999,0,0.18073,0.13195,0.0487799999999999,0.0048799999999999,0.3636482230380737,0.1673661073285799,0.7171314741035857,0.1253427026304716,0.1501667208936776,0.0012932791063223,0.8346902821379302,1.17,-0.6946781023085637,1.065096956710493,-0.4892707646516285,-0.014271370443403,0.0126434838272775,-0.014271370443403,1,18.010000228881836,20.600000381469727,2.864000228881835,3.35,2.0,real_post_mid,0.335,2.6,98.90000000000002,0.024725000000000004
ED,2025-09-30,2025-11-06,1.0,100.04,104.48,-3.05,-7.17,1.7486,1.8318,1.7,9.0,1.7497,1.7683,1.7726,1.7647,0.0,0.0,1.0,4.0,4220420460.0,4334061650.0,4052000000.0,6.0,5006.59,4778.32,285.85,213.29,11.65,-25.07,6.62,15.25,-69.91,18.15,10.94,-13.49,-0.07,95.0,97.5,95.0,2025-11-21,2.6,1.975,4.575,4.815789473684211,4.05,0.6,4.6499999999999995,100.16,5.159999999999997,0.23926,0.31731,0.278285,0.195365,29.7967910595253,-0.048775,44.0,0.0,1.2608695652173914,16.0,2.6315789473684292,1,2.1842105263157814,2025-11-05,679.0,673.7437133789062,0.15146,0.1526799999999999,0.166095,0.0012199999999999,0.0146349999999999,0,0.18073,0.13195,0.0487799999999999,0.0048799999999999,0.3636482230380737,0.1673661073285799,0.7171314741035857,0.1253427026304716,0.1501667208936776,0.0012932791063223,0.8346902821379302,1.17,-0.6946781023085637,1.065096956710493,-0.4892707646516285,-0.014271370443403,0.0126434838272775,-0.014271370443403,1,18.010000228881836,20.600000381469727,2.864000228881835,4.575,4.6499999999999995,real_post_mid,0.4575,2.6,-55.84999999999993,-0.005878947368421045
EPAM,2025-09-30,2025-11-06,1.0,149.87,158.0,12.1,6.33,3.0273,3.08,2.9854,15.0,3.026,3.0278,3.0285,2.895,1.0,0.0,2.0,0.0,1375330680.0,1385158000.0,1371100000.0,15.0,18956.08,18225.06,316.61,118.64,18.04,3.98,4.85,13.06,14.94,11.51,4.91,-0.51,-1.17,160.0,175.0,160.0,2025-11-21,8.850000000000001,7.9,16.75,10.46875,16.9,1.725,18.625,180.98,20.97999999999999,0.61974,0.6295,0.62462,0.52706,15.619096410617653,-0.151215,209.0,10.0,0.4515366430260047,16.0,9.375,1,1.09375,2025-11-05,679.0,673.7437133789062,0.15146,0.1526799999999999,0.166095,0.0012199999999999,0.0146349999999999,0,0.18073,0.13195,0.0487799999999999,0.0048799999999999,0.3636482230380737,0.1673661073285799,0.7171314741035857,0.1253427026304716,0.1501667208936776,0.0012932791063223,0.8346902821379302,1.17,-0.6946781023085637,1.065096956710493,-0.4892707646516285,-0.014271370443403,0.0126434838272775,-0.014271370443403,1,18.010000228881836,20.600000381469727,2.864000228881835,16.75,18.625,real_post_mid,1.675,2.6,-357.6,-0.022350000000000002
EVRG,2025-09-30,2025-11-06,0.0,77.69,72.42,-2.74,4.34,2.059,2.13,1.8425,8.0,2.0518,2.0374,2.1008,2.1006,0.0,0.0,1.0,2.0,2323202970.0,3306008440.0,1797905450.0,3.0,11063.84,11293.23,-147.84,242.27,-1.42,4.24,5.01,-8.89,51.85,-1.06,-6.81,-21.17,-1.35,77.5,75.0,77.5,2025-11-21,0.92,1.525,2.4450000000000003,3.15483870967742,0.6,2.6,3.2,75.85,1.6500000000000057,0.02463,0.19048,0.107555,0.31243,-190.48393845009525,0.07805,373.0,2.0,0.2105263157894736,16.0,3.2258064516129004,0,-0.0709677419354806,2025-11-05,679.0,673.7437133789062,0.15146,0.1526799999999999,0.166095,0.0012199999999999,0.0146349999999999,0,0.18073,0.13195,0.0487799999999999,0.0048799999999999,0.3636482230380737,0.1673661073285799,0.7171314741035857,0.1253427026304716,0.1501667208936776,0.0012932791063223,0.8346902821379302,1.17,-0.6946781023085637,1.065096956710493,-0.4892707646516285,-0.014271370443403,0.0126434838272775,-0.014271370443403,1,18.010000228881836,20.600000381469727,2.864000228881835,2.445,3.2,real_post_mid,0.2445,2.6,-102.55000000000003,-0.013232258064516132
GEN,2025-09-30,2025-11-06,1.0,27.3,30.45,-6.78,-16.42,0.6103,0.6235,0.6,9.0,0.6093,0.6092,0.6103,0.6053,0.0,0.0,0.0,1.0,1196139330.0,1208000000.0,1191100000.0,7.0,488.16,926.88,-217.6,401.32,30.26,27.48,10.43,20.75,93.94,8.22,6.95,-1.55,-7.73,25.0,26.0,25.0,2025-11-21,1.525,0.7,2.2249999999999996,8.899999999999999,0.95,0.35,1.3,26.54,1.5399999999999991,0.48316,0.51243,0.497795,0.278285,44.09646541246899,-0.16585,422.0,0.0,0.2982456140350877,16.0,4.0000000000000036,1,4.899999999999995,2025-11-05,679.0,673.7437133789062,0.15146,0.1526799999999999,0.166095,0.0012199999999999,0.0146349999999999,0,0.18073,0.13195,0.0487799999999999,0.0048799999999999,0.3636482230380737,0.1673661073285799,0.7171314741035857,0.1253427026304716,0.1501667208936776,0.0012932791063223,0.8346902821379302,1.17,-0.6946781023085637,1.065096956710493,-0.4892707646516285,-0.014271370443403,0.0126434838272775,-0.014271370443403,1,18.010000228881836,20.600000381469727,2.864000228881835,2.2249999999999996,1.3,real_post_mid,0.22249999999999998,2.6,67.64999999999998,0.02705999999999999
DUK,2025-09-30,2025-11-06,1.0,125.56,125.32,-1.24,-1.05,1.7496,1.7835,1.68,17.0,1.7503,1.7272,1.7372,1.7425,1.0,0.0,6.0,1.0,8553308540.0,8803850930.0,8313675380.0,9.0,4330.4,3716.86,318.76,191.98,4.68,-8.98,4.57,5.93,-28.98,4.22,6.56,-19.69,0.43,125.0,125.0,125.0,2025-11-21,1.2999999999999998,3.2,4.5,3.5999999999999996,0.8,3.075,3.875,122.8,2.200000000000003,0.17097,0.25877,0.21487,0.190485,11.348722483362028,-0.0243849999999999,2244.0,149.0,0.354059985369422,16.0,0.0,1,3.5999999999999996,2025-11-05,679.0,673.7437133789062,0.15146,0.1526799999999999,0.166095,0.0012199999999999,0.0146349999999999,0,0.18073,0.13195,0.0487799999999999,0.0048799999999999,0.3636482230380737,0.1673661073285799,0.7171314741035857,0.1253427026304716,0.1501667208936776,0.0012932791063223,0.8346902821379302,1.17,-0.6946781023085637,1.065096956710493,-0.4892707646516285,-0.014271370443403,0.0126434838272775,-0.014271370443403,1,18.010000228881836,20.600000381469727,2.864000228881835,4.5,3.875,real_post_mid,0.45,2.6,14.9,0.0011920000000000001
CEG,2025-09-30,2025-11-07,0.0,371.0,335.76,-3.4,6.74,3.1202,3.3353,3.0,11.0,3.1047,3.1199,3.1254,3.1244,1.0,0.0,1.0,2.0,6554186990.0,8411121069.0,5396500850.0,6.0,556.96,-240.51,-15.89,679.12,11.43,-10.12,0.8,-25.97,-10.75,-8.36,-13.55,-10.18,-4.5,350.0,360.0,350.0,2025-11-07,10.5,10.2,20.7,5.914285714285715,,,,358.39,8.389999999999986,1.34167,1.47826,1.409965,0.5855950000000001,58.4674087654658,-0.8536349999999999,56.0,36.0,1.558245658511852,1.0,2.857142857142847,1,3.0571428571428676,2025-11-06,673.0,666.514892578125,0.1619121428571428,0.16122,0.17097,-0.0006921428571428,0.0090578571428571,0,0.1918742857142857,0.1417,0.0501742857142857,0.0048749999999999,0.4999999999999999,0.198745510105613,0.7649402390438247,0.1242347319724461,0.1538023810990015,0.0081097617581413,0.8077555827466487,1.0,-1.5558894367737006,2.353232736682356,0.008407823924251,-0.0140034484028924,-0.0041597531232345,-0.0248475813671804,1,19.5,21.350000381469727,3.308785714285712,20.7,10.0,intrinsic_fallback,2.07,2.6,860.3999999999999,0.02458285714285714
IPG,2025-09-30,2025-11-10,1.0,26.12,25.27,-4.36,-1.15,0.7304,0.7749,0.6528,6.0,0.7309,0.745,0.7634,0.657,0.0,0.0,0.0,2.0,2187200000.0,2196000000.0,2178400000.0,2.0,7156.45,6439.4,344.7,333.8,-6.39,9.22,-3.16,22.95,127.27,-21.24,-23.41,3.33,-2.13,26.0,25.0,26.0,2025-11-21,0.4499999999999999,0.925,1.375,5.288461538461538,0.175,0.775,0.95,25.72,0.2800000000000011,0.33682,0.32707,0.331945,0.24414,26.45167121059212,-0.039025,69.0,19.0,1.6666666666666667,14.0,3.846153846153843,1,1.4423076923076947,2025-11-07,673.0,667.1710815429688,0.1591271428571428,0.15817,0.166095,-0.0009571428571428,0.0069678571428571,0,0.19048,0.1417,0.04878,0.0069628571428571,0.4215857702743439,0.1903843885702031,0.7330677290836654,0.1180649314724477,0.1535307648105939,0.0055963780465488,0.7689985236385732,1.08,-1.027186851973647,3.4038909620893647,0.4519230958374971,-0.0162596716477065,-0.0002831527670454,-0.0238875364180384,1,19.079999923706055,21.190000534057617,3.1672856379917693,1.375,0.95,real_post_mid,0.1375,2.6,26.150000000000002,0.01005769230769231
