ticker,fiscal_quarter_end,announcement_date,eps_beat,price_1m_before,price_3m_before,price_change_1m_pct,price_change_3m_pct,eps_estimate_average,eps_estimate_high,eps_estimate_low,eps_estimate_analyst_count,eps_estimate_average_7_days_ago,eps_estimate_average_30_days_ago,eps_estimate_average_60_days_ago,eps_estimate_average_90_days_ago,eps_estimate_revision_up_trailing_7_days,eps_estimate_revision_down_trailing_7_days,eps_estimate_revision_up_trailing_30_days,eps_estimate_revision_down_trailing_30_days,revenue_estimate_average,revenue_estimate_high,revenue_estimate_low,revenue_estimate_analyst_count,elo_before,elo_decay,elo_momentum,elo_vol_4q,total_revenue_yoy_growth_lag1,total_revenue_qoq_growth_lag1,total_revenue_ttm_yoy_growth_lag1,actual_eps_yoy_growth_lag1,actual_eps_qoq_growth_lag1,ebitda_yoy_growth_lag1,operating_income_yoy_growth_lag1,gross_margin_yoy_change_lag1,operating_margin_yoy_change_lag1,stock_price_pre,stock_price_post,atm_strike_pre,atm_expiration_pre,atm_call_mid_pre,atm_put_mid_pre,straddle_price_pre,straddle_pct_pre,atm_call_mid_post,atm_put_mid_post,exit_premium,expiry_close,exit_intrinsic_at_expiry,iv_call_pre,iv_put_pre,iv_avg_pre,iv_avg_post,iv_crush_pct,iv_term_slope,atm_open_interest_pre,atm_volume_pre,chain_pc_volume_ratio,dte_pre,actual_move_pct,crush_profitable,crush_pnl_pct,spy_join_date,spy_spot,spy_spy_close,spy_atm_iv_30d,spy_atm_iv_60d,spy_atm_iv_90d,spy_term_slope_30_60,spy_term_slope_30_90,spy_backwardation_flag,spy_iv_25d_put,spy_iv_25d_call,spy_risk_reversal_25d,spy_butterfly_25d,spy_iv_rank_30d,spy_iv_rank_252d,spy_iv_percentile_252d,spy_rv_5d,spy_rv_21d,spy_vrp_30d,spy_vol_expansion,spy_pc_ratio,spy_pc_ratio_z_20d,spy_voi_ratio,spy_voi_ratio_z_20d,spy_spy_ret_5d,spy_spy_ret_21d,spy_spy_dd_from_60d_high,spy_spy_above_200d_ma,spy_vix_close,spy_vix3m_close,spy_vix_minus_atm_iv_30d,entry_premium,exit_cost,exit_source,half_spread,commission,pnl_dollars,pnl_pct_notional
MKC,2024-08-31,2024-10-01,1.0,80.03,69.87,5.07,20.35,0.67,0.7,0.66,12.0,0.67,0.67,0.67,0.67,1.0,0.0,2.0,0.0,1667570000.0,1682480000.0,1646220000.0,11.0,-17687.2,-18043.68,330.67,227.47,-0.96,2.53,2.29,15.0,9.52,5.4,6.27,0.61,0.97,80.0,80.0,80.0,2024-10-18,3.4000000000000004,1.275,4.675000000000001,5.843750000000001,2.325,0.55,2.875,80.18,0.18000000000000682,0.26853,0.31731,0.29291999999999996,0.15634,46.62706541035094,-0.06828999999999996,401.0,410.0,0.48045178105994785,18.0,0.0,1,5.843750000000001,2024-09-30,575.0,563.6588134765625,0.12707,0.15146,0.1523472727272727,0.0243899999999999,0.0252772727272727,0,0.16122,0.1043066666666666,0.0569133333333333,0.0056933333333333,0.2941602098344841,0.1917969792139592,0.6653386454183267,0.0479939929194181,0.1363363012426776,-0.0092663012426776,0.352026514449656,1.25,0.2766988508346175,0.8934674023204349,-0.7094656969745842,0.0071797245416533,0.0307511424780388,0.0,1,16.729999542236328,19.219999313354492,4.022999542236327,4.675000000000001,0.18000000000000682,expiry_intrinsic,0.23375000000000004,1.9500000000000002,424.17499999999944,0.053021874999999934
BK,2024-09-30,2024-10-11,1.0,68.1,64.69,8.88,14.62,1.42,1.47,1.38,14.0,1.4,1.38,1.38,1.38,6.0,0.0,12.0,0.0,4542070000.0,4606710000.0,4401000000.0,12.0,7098.4,6507.36,269.87,110.93,123.73,4.05,75.8,9.42,17.05,10.97,13.36,-54.32,-15.06,75.0,75.0,75.0,2024-10-18,1.5,1.9,3.4,4.533333333333333,1.5,0.525,2.025,76.67,1.6700000000000017,0.39536,0.37584,0.3856,0.317305,17.711358921161825,-0.14634,1199.0,1071.0,1.704489544895449,8.0,0.0,1,4.533333333333333,2024-10-10,577.0,565.9871215820312,0.16122,0.16122,0.15634,0.0,-0.0048799999999999,1,0.20024,0.1403071428571428,0.0599328571428571,0.0090535714285714,0.7834299690297083,0.4155710427656061,0.900398406374502,0.1283319894291399,0.0976775504008147,0.0635424495991852,1.313833003617887,1.2,-0.5438023720497828,0.440229522081081,-0.7742450342551279,0.0146348001724405,0.0423456250718687,-0.0017501685524917,1,20.93000030517578,21.020000457763672,4.808000305175781,3.4,1.6700000000000017,expiry_intrinsic,0.17,1.9500000000000002,154.04999999999984,0.02053999999999998
PLD,2024-09-30,2024-10-16,1.0,129.28,122.62,-1.79,3.55,0.63,0.67,0.62,5.0,0.64,0.64,0.64,0.62,2.0,0.0,2.0,0.0,1946480000.0,2086500000.0,1892580000.0,8.0,33256.8,31788.96,1110.4,629.78,-18.08,2.62,16.4,-29.77,46.03,-14.71,-27.51,-3.71,-6.64,120.0,120.0,120.0,2024-10-18,2.025,1.25,3.275,2.7291666666666665,2.7,0.07,2.77,122.5,2.5,0.26853,0.43438,0.35145499999999996,0.11244,68.00728400506466,-0.09267999999999998,434.0,307.0,1.137533512064343,3.0,0.0,1,2.7291666666666665,2024-10-15,580.0,569.5728759765625,0.1612199999999999,0.1577342857142857,0.1551917647058823,-0.0034857142857142,-0.0060282352941176,1,0.1918742857142857,0.1333428571428571,0.0585314285714285,0.0013885714285714,0.7368917898370907,0.4155710427656058,0.8884462151394422,0.1086117693490364,0.1035686350931574,0.0576513649068425,1.0486936440877372,1.34,0.3372698910583105,0.8225345636973922,-0.4910684575017071,0.0115323955692325,0.0332570818644037,-0.0077696278185275,1,20.63999938964844,20.799999237060547,4.517999389648441,3.275,2.5,expiry_intrinsic,0.16375,1.9500000000000002,59.17499999999998,0.004931249999999999
ARE,2024-09-30,2024-10-21,0.0,121.25,121.41,-1.43,-1.56,0.88,0.91,0.87,4.0,0.88,0.88,0.88,0.84,0.0,0.0,0.0,0.0,765520000.0,774290000.0,746860000.0,6.0,242.4,-444.0,256.0,199.36,7.22,-0.05,9.04,72.55,-1.12,1.47,17.04,1.31,2.25,120.0,120.0,120.0,2024-11-15,5.0,2.85,7.85,6.541666666666666,2.425,4.05,6.475,105.58,14.420000000000002,0.28804,0.28804,0.28804,0.25877,10.161783085682549,-0.02926500000000004,339.0,28.0,0.10673234811165845,28.0,0.0,1,6.541666666666666,2024-10-18,600.0,574.2981567382812,0.12707,0.1312485714285714,0.1319449999999999,0.0041785714285713,0.0048749999999999,0,0.17097,0.12219,0.04878,0.0195099999999999,0.0921350739022552,0.1917969792139592,0.6693227091633466,0.0958807900229148,0.087439418122468,0.0396305818775319,1.0965396623365415,1.26,-0.2144723743509695,0.507356934510485,-1.0146373374692372,0.0086442192888969,0.0269764516779325,0.0,1,18.030000686645508,19.190000534057617,5.323000686645507,7.85,14.420000000000002,expiry_intrinsic,0.3925,1.9500000000000002,-698.2000000000003,-0.05818333333333336
WRB,2024-09-30,2024-10-21,0.0,57.45,52.21,6.23,16.89,0.92,0.98,0.85,14.0,0.93,0.95,0.95,0.94,1.0,0.0,4.0,1.0,3443780000.0,3470890000.0,3402900000.0,6.0,-5085.6,-5789.6,245.33,170.08,10.62,1.76,9.92,-8.77,-33.33,-6.4,6.67,-1.76,-0.54,59.75,57.5,59.75,2024-11-15,2.575,1.725,4.300000000000001,7.196652719665273,0.7749999999999999,2.6,3.375,60.74,0.990000000000002,0.23926,0.37584,0.30755,0.21975,28.548203544139163,-0.20487,292.0,34.0,0.3187855787476281,28.0,3.765690376569042,1,3.4309623430962315,2024-10-18,600.0,574.2981567382812,0.12707,0.1312485714285714,0.1319449999999999,0.0041785714285713,0.0048749999999999,0,0.17097,0.12219,0.04878,0.0195099999999999,0.0921350739022552,0.1917969792139592,0.6693227091633466,0.0958807900229148,0.087439418122468,0.0396305818775319,1.0965396623365415,1.26,-0.2144723743509695,0.507356934510485,-1.0146373374692372,0.0086442192888969,0.0269764516779325,0.0,1,18.030000686645508,19.190000534057617,5.323000686645507,4.300000000000001,0.990000000000002,expiry_intrinsic,0.21500000000000005,1.9500000000000002,307.5499999999999,0.05147280334728032
PKG,2024-09-30,2024-10-22,1.0,212.9,193.28,1.77,12.1,2.5,2.58,2.45,6.0,2.49,2.48,2.48,2.43,1.0,0.0,3.0,0.0,2094470000.0,2124400000.0,2045000000.0,6.0,15354.4,14578.72,320.0,393.83,6.31,4.84,-5.09,-4.76,27.91,-1.15,-2.95,-1.69,-1.27,220.0,230.0,220.0,2024-11-15,6.5,6.6,13.1,5.954545454545455,10.899999999999999,2.1,12.999999999999998,235.81,15.810000000000002,0.28804,0.28804,0.28804,0.22463,22.014303568948762,-0.04390000000000002,9.0,1.0,2.0,25.0,4.545454545454541,1,1.4090909090909136,2024-10-21,600.0,573.3550415039062,0.13195,0.136825,0.1319449999999999,0.0048749999999999,-5.000000000032756e-06,1,0.18073,0.13195,0.0487799999999999,0.0243899999999999,0.1842701478045099,0.2237740635516469,0.7410358565737052,0.0780997820209745,0.0874024789789387,0.0445475210210612,0.8935648385876346,1.2,-0.6520389056516837,0.562325017014662,-1.0803796736704707,-0.0011808668941,0.0270654800301761,-0.0016422048779181,1,18.3700008392334,19.239999771118164,5.175000839233398,13.1,15.810000000000002,expiry_intrinsic,0.655,1.9500000000000002,-338.4500000000003,-0.015384090909090922
PCAR,2024-09-30,2024-10-22,1.0,98.91,98.9,5.94,5.96,1.82,1.89,1.77,14.0,1.82,1.82,1.82,1.84,1.0,0.0,4.0,0.0,7649970000.0,8047000000.0,7302530000.0,11.0,-11487.2,-12141.76,97.6,530.57,-1.35,0.42,15.17,-8.58,-6.17,-5.3,-16.3,-2.3,-2.62,110.0,105.0,110.0,2024-11-15,4.75,5.3,10.05,9.136363636363637,0.7,6.35,7.05,112.26,2.260000000000005,0.41487,0.46365,0.43926,0.263655,39.97746209534217,-0.11707499999999998,657.0,453.0,3.487958115183246,25.0,4.545454545454541,1,4.590909090909095,2024-10-21,600.0,573.3550415039062,0.13195,0.136825,0.1319449999999999,0.0048749999999999,-5.000000000032756e-06,1,0.18073,0.13195,0.0487799999999999,0.0243899999999999,0.1842701478045099,0.2237740635516469,0.7410358565737052,0.0780997820209745,0.0874024789789387,0.0445475210210612,0.8935648385876346,1.2,-0.6520389056516837,0.562325017014662,-1.0803796736704707,-0.0011808668941,0.0270654800301761,-0.0016422048779181,1,18.3700008392334,19.239999771118164,5.175000839233398,10.05,2.260000000000005,expiry_intrinsic,0.5025000000000001,1.9500000000000002,726.7999999999995,0.06607272727272723
BKR,2024-09-30,2024-10-22,1.0,36.04,34.9,-0.17,3.09,0.61,0.63,0.56,19.0,0.61,0.61,0.61,0.55,1.0,0.0,3.0,3.0,7216390000.0,7378000000.0,7113830000.0,19.0,741.6,506.4,136.53,52.31,13.05,11.23,18.54,46.15,32.56,21.73,64.79,0.11,3.72,36.0,37.0,36.0,2024-11-15,1.45,1.0750000000000002,2.5250000000000004,7.01388888888889,1.65,0.7,2.3499999999999996,42.94,6.939999999999998,0.30755,0.35633,0.33194,0.30268,8.81484605651624,-0.039020000000000055,749.0,14.0,1.1869918699186992,25.0,2.777777777777768,1,4.236111111111122,2024-10-21,600.0,573.3550415039062,0.13195,0.136825,0.1319449999999999,0.0048749999999999,-5.000000000032756e-06,1,0.18073,0.13195,0.0487799999999999,0.0243899999999999,0.1842701478045099,0.2237740635516469,0.7410358565737052,0.0780997820209745,0.0874024789789387,0.0445475210210612,0.8935648385876346,1.2,-0.6520389056516837,0.562325017014662,-1.0803796736704707,-0.0011808668941,0.0270654800301761,-0.0016422048779181,1,18.3700008392334,19.239999771118164,5.175000839233398,2.5250000000000004,6.939999999999998,expiry_intrinsic,0.12625000000000003,1.9500000000000002,-456.0749999999997,-0.12668749999999993
IPG,2024-09-30,2024-10-22,0.0,31.11,29.57,-4.28,0.71,0.7,0.72,0.65,9.0,0.7,0.7,0.7,0.7,0.0,0.0,0.0,0.0,2301940000.0,2324120000.0,2285100000.0,6.0,6428.0,6255.2,38.4,71.84,1.63,8.58,0.11,7.02,69.44,4.42,2.41,0.57,0.09,32.0,30.0,32.0,2024-11-15,0.8,1.1,1.9000000000000001,5.9375,0.125,2.0,2.125,27.09,4.91,0.27829,0.28804,0.283165,0.22463,20.671693182420146,-0.029270000000000018,91.0,112.0,0.8718801996672213,25.0,6.25,0,-0.3125,2024-10-21,600.0,573.3550415039062,0.13195,0.136825,0.1319449999999999,0.0048749999999999,-5.000000000032756e-06,1,0.18073,0.13195,0.0487799999999999,0.0243899999999999,0.1842701478045099,0.2237740635516469,0.7410358565737052,0.0780997820209745,0.0874024789789387,0.0445475210210612,0.8935648385876346,1.2,-0.6520389056516837,0.562325017014662,-1.0803796736704707,-0.0011808668941,0.0270654800301761,-0.0016422048779181,1,18.3700008392334,19.239999771118164,5.175000839233398,1.9000000000000001,4.91,expiry_intrinsic,0.09500000000000001,1.9500000000000002,-312.45,-0.097640625
IVZ,2024-09-30,2024-10-22,1.0,17.17,16.58,5.07,8.81,0.43,0.47,0.37,15.0,0.43,0.42,0.42,0.43,1.0,0.0,6.0,0.0,1106660000.0,1128580000.0,1083100000.0,9.0,4511.2,4505.44,-33.6,153.6,2.81,0.54,-2.3,38.71,30.3,9.1,1.47,1.14,-0.19,18.0,17.0,18.0,2024-11-15,0.7749999999999999,0.8500000000000001,1.625,9.027777777777777,0.375,1.0,1.375,17.67,0.3299999999999983,0.3856,0.4734,0.4295,0.375845,12.492433061699652,-0.07804500000000003,1082.0,2767.0,1.1447839831401476,25.0,5.555555555555558,1,3.4722222222222188,2024-10-21,600.0,573.3550415039062,0.13195,0.136825,0.1319449999999999,0.0048749999999999,-5.000000000032756e-06,1,0.18073,0.13195,0.0487799999999999,0.0243899999999999,0.1842701478045099,0.2237740635516469,0.7410358565737052,0.0780997820209745,0.0874024789789387,0.0445475210210612,0.8935648385876346,1.2,-0.6520389056516837,0.562325017014662,-1.0803796736704707,-0.0011808668941,0.0270654800301761,-0.0016422048779181,1,18.3700008392334,19.239999771118164,5.175000839233398,1.625,0.3299999999999983,expiry_intrinsic,0.08125,1.9500000000000002,119.42500000000017,0.06634722222222232
NTRS,2024-09-30,2024-10-23,1.0,91.51,87.98,12.02,16.52,1.74,1.79,1.68,11.0,1.74,1.71,1.71,1.71,1.0,0.0,11.0,0.0,1875560000.0,1886000000.0,1859000000.0,6.0,4818.4,-534.56,2602.67,3806.93,57.66,31.84,52.73,178.21,352.08,128.0,166.3,-1.85,10.18,95.0,105.0,95.0,2024-11-15,3.85,2.675,6.525,6.868421052631579,8.75,0.4,9.15,107.6,12.599999999999994,0.33682,0.32707,0.33194500000000005,0.22951,30.859027850999425,-0.07805000000000006,411.0,19.0,0.6548881036513545,24.0,10.526315789473696,0,-3.657894736842117,2024-10-22,600.0,573.050537109375,0.136825,0.1319449999999999,0.1319449999999999,-0.00488,-0.00488,1,0.18073,0.13195,0.0487799999999999,0.019515,0.2763108210162909,0.2557183844832509,0.7888446215139442,0.0428390099858035,0.08749731154241,0.0493276884575899,0.4896037287390187,1.06,-1.5921159639028604,0.4920121044505344,-1.174754773892288,0.0061057351561024,0.0239614254488473,-0.0021724249229565,1,18.200000762939453,19.170000076293945,4.517500762939452,6.525,12.599999999999994,expiry_intrinsic,0.32625000000000004,1.9500000000000002,-642.0749999999995,-0.0675868421052631
VLTO,2024-09-30,2024-10-23,1.0,110.25,99.61,0.62,11.36,0.85,0.88,0.81,11.0,0.85,0.85,0.85,0.83,1.0,0.0,1.0,0.0,1304220000.0,1316000000.0,1289000000.0,11.0,2156.0,1743.2,181.33,70.09,,3.37,,,1.19,,,,,110.0,105.0,110.0,2024-11-15,4.7,2.15,6.85,6.2272727272727275,1.225,3.8000000000000003,5.025,102.68,7.319999999999993,0.30755,0.27829,0.29291999999999996,0.22463,23.313532705175465,-0.09755999999999995,60.0,23.0,0.5087890625,24.0,4.545454545454541,1,1.681818181818186,2024-10-22,600.0,573.050537109375,0.136825,0.1319449999999999,0.1319449999999999,-0.00488,-0.00488,1,0.18073,0.13195,0.0487799999999999,0.019515,0.2763108210162909,0.2557183844832509,0.7888446215139442,0.0428390099858035,0.08749731154241,0.0493276884575899,0.4896037287390187,1.06,-1.5921159639028604,0.4920121044505344,-1.174754773892288,0.0061057351561024,0.0239614254488473,-0.0021724249229565,1,18.200000762939453,19.170000076293945,4.517500762939452,6.85,7.319999999999993,expiry_intrinsic,0.3425,1.9500000000000002,-83.19999999999936,-0.007563636363636305
TDY,2024-09-30,2024-10-23,1.0,432.74,415.7,8.63,13.08,4.97,4.99,4.93,8.0,4.97,4.97,4.97,5.0,1.0,0.0,1.0,0.0,1416900000.0,1438640000.0,1381240000.0,7.0,42741.6,42031.2,179.2,660.94,-3.55,1.78,1.37,-1.93,0.66,-3.36,-3.55,-0.28,0.0,440.0,470.0,440.0,2024-11-15,14.55,11.600000000000001,26.150000000000002,5.943181818181819,36.2,1.25,37.45,470.15,30.149999999999977,0.26853,0.30755,0.28803999999999996,0.19048500000000002,33.86855992223301,-0.05365499999999995,1.0,1.0,0.47058823529411764,24.0,6.818181818181812,0,-0.8749999999999929,2024-10-22,600.0,573.050537109375,0.136825,0.1319449999999999,0.1319449999999999,-0.00488,-0.00488,1,0.18073,0.13195,0.0487799999999999,0.019515,0.2763108210162909,0.2557183844832509,0.7888446215139442,0.0428390099858035,0.08749731154241,0.0493276884575899,0.4896037287390187,1.06,-1.5921159639028604,0.4920121044505344,-1.174754773892288,0.0061057351561024,0.0239614254488473,-0.0021724249229565,1,18.200000762939453,19.170000076293945,4.517500762939452,26.150000000000002,30.149999999999977,expiry_intrinsic,1.3075,1.9500000000000002,-532.6999999999975,-0.012106818181818127
APH,2024-09-30,2024-10-23,1.0,65.67,61.76,4.26,10.86,0.45,0.47,0.44,15.0,0.45,0.45,0.45,0.45,0.0,0.0,2.0,1.0,3804120000.0,3909000000.0,3750000000.0,15.0,-8996.0,-9290.24,147.2,51.11,18.2,10.85,3.07,-38.89,-45.0,16.37,23.22,1.14,0.87,67.5,70.0,67.5,2024-11-15,2.675,2.75,5.425,8.037037037037036,3.4,0.8999999999999999,4.3,70.52,3.019999999999996,0.42462,0.36609,0.395355,0.26365,33.3130983546433,-0.009755000000000014,4905.0,1976.0,0.12134395288133325,24.0,3.703703703703698,1,4.333333333333338,2024-10-22,600.0,573.050537109375,0.136825,0.1319449999999999,0.1319449999999999,-0.00488,-0.00488,1,0.18073,0.13195,0.0487799999999999,0.019515,0.2763108210162909,0.2557183844832509,0.7888446215139442,0.0428390099858035,0.08749731154241,0.0493276884575899,0.4896037287390187,1.06,-1.5921159639028604,0.4920121044505344,-1.174754773892288,0.0061057351561024,0.0239614254488473,-0.0021724249229565,1,18.200000762939453,19.170000076293945,4.517500762939452,5.425,3.019999999999996,expiry_intrinsic,0.27125,1.9500000000000002,211.42500000000038,0.03132222222222228
CME,2024-09-30,2024-10-23,1.0,215.86,199.38,5.23,13.92,2.65,2.73,2.61,15.0,2.63,2.48,2.44,2.41,0.0,0.0,11.0,1.0,1579190000.0,1646000000.0,1456000000.0,14.0,4722.4,4426.08,112.53,64.43,12.67,3.0,9.81,11.3,2.4,11.6,19.32,1.76,3.64,230.0,230.0,230.0,2024-11-15,3.3,6.449999999999999,9.75,4.239130434782608,4.3,3.9499999999999997,8.25,225.28,4.719999999999999,0.20024,0.20024,0.20024,0.18073,9.743308030363563,-0.014634999999999981,1258.0,717.0,0.575249500998004,24.0,0.0,1,4.239130434782608,2024-10-22,600.0,573.050537109375,0.136825,0.1319449999999999,0.1319449999999999,-0.00488,-0.00488,1,0.18073,0.13195,0.0487799999999999,0.019515,0.2763108210162909,0.2557183844832509,0.7888446215139442,0.0428390099858035,0.08749731154241,0.0493276884575899,0.4896037287390187,1.06,-1.5921159639028604,0.4920121044505344,-1.174754773892288,0.0061057351561024,0.0239614254488473,-0.0021724249229565,1,18.200000762939453,19.170000076293945,4.517500762939452,9.75,4.719999999999999,expiry_intrinsic,0.48750000000000004,1.9500000000000002,452.3000000000001,0.019665217391304352
HLT,2024-09-30,2024-10-23,1.0,224.66,213.18,3.93,9.53,1.85,1.91,1.8,19.0,1.85,1.85,1.84,1.9,1.0,0.0,2.0,2.0,2905150000.0,2963000000.0,2825530000.0,11.0,5340.0,4909.6,208.53,61.0,10.94,14.69,14.53,17.18,24.84,6.98,7.57,-1.34,-0.77,240.0,240.0,240.0,2024-11-15,6.15,7.35,13.5,5.625,3.35,7.449999999999999,10.799999999999999,248.41,8.409999999999997,0.27829,0.27829,0.27829,0.21975,21.035610334543097,-0.03902999999999998,760.0,113.0,8.02359108781127,24.0,0.0,1,5.625,2024-10-22,600.0,573.050537109375,0.136825,0.1319449999999999,0.1319449999999999,-0.00488,-0.00488,1,0.18073,0.13195,0.0487799999999999,0.019515,0.2763108210162909,0.2557183844832509,0.7888446215139442,0.0428390099858035,0.08749731154241,0.0493276884575899,0.4896037287390187,1.06,-1.5921159639028604,0.4920121044505344,-1.174754773892288,0.0061057351561024,0.0239614254488473,-0.0021724249229565,1,18.200000762939453,19.170000076293945,4.517500762939452,13.5,8.409999999999997,expiry_intrinsic,0.675,1.9500000000000002,439.55000000000035,0.01831458333333335
MHK,2024-09-30,2024-10-24,1.0,157.08,160.71,-3.32,-5.5,2.89,2.97,2.76,16.0,2.88,2.88,2.88,2.71,2.0,0.0,3.0,2.0,2700240000.0,2774540000.0,2631900000.0,16.0,17428.0,16364.48,398.93,243.66,-5.06,4.55,-5.04,8.7,61.29,24.85,39.78,1.03,2.45,150.0,130.0,150.0,2024-11-15,8.4,6.2,14.600000000000001,9.733333333333334,0.65,18.75,19.4,140.33,9.669999999999987,0.48316,0.48316,0.48316,0.37584,22.21210365096448,-0.08779999999999999,64.0,1.0,2.4776119402985075,23.0,13.33333333333333,0,-3.599999999999996,2024-10-23,595.0,567.8143920898438,0.1417,0.136825,0.1382192857142857,-0.0048749999999999,-0.0034807142857142,1,0.19048,0.1417,0.04878,0.02439,0.3683514942280719,0.287662705414855,0.8087649402390438,0.0756964190949694,0.0941789284329969,0.047521071567003,0.8037511187953609,0.97,-1.9136062937420149,1.7362974115286185,1.8022453233950777,-0.0074016987886722,0.0117102143889258,-0.0112898928411366,1,19.239999771118164,20.040000915527344,5.069999771118164,14.600000000000001,9.669999999999987,expiry_intrinsic,0.7300000000000001,1.9500000000000002,418.0500000000014,0.027870000000000093
NDAQ,2024-09-30,2024-10-24,1.0,73.67,66.96,2.13,12.37,0.69,0.73,0.67,15.0,0.69,0.68,0.68,0.69,2.0,0.0,10.0,1.0,1169360000.0,1189000000.0,1155000000.0,13.0,-40176.8,-40286.88,77.33,89.63,25.05,7.05,2.16,-2.82,9.52,36.01,10.73,-0.28,-3.06,75.0,75.0,75.0,2024-11-15,1.7000000000000002,2.575,4.275,5.7,1.25,1.65,2.9,78.76,3.760000000000005,0.27829,0.28804,0.283165,0.20024,29.285045821340915,-0.068295,472.0,168.0,0.6839622641509434,23.0,0.0,1,5.7,2024-10-23,595.0,567.8143920898438,0.1417,0.136825,0.1382192857142857,-0.0048749999999999,-0.0034807142857142,1,0.19048,0.1417,0.04878,0.02439,0.3683514942280719,0.287662705414855,0.8087649402390438,0.0756964190949694,0.0941789284329969,0.047521071567003,0.8037511187953609,0.97,-1.9136062937420149,1.7362974115286185,1.8022453233950777,-0.0074016987886722,0.0117102143889258,-0.0112898928411366,1,19.239999771118164,20.040000915527344,5.069999771118164,4.275,3.760000000000005,expiry_intrinsic,0.21375000000000002,1.9500000000000002,28.174999999999525,0.003756666666666603
POOL,2024-09-30,2024-10-24,1.0,371.91,371.82,1.46,1.48,3.14,3.25,2.92,9.0,3.17,3.17,3.17,3.15,0.0,0.0,2.0,2.0,1402970000.0,1430200000.0,1356450000.0,11.0,29951.2,29241.44,420.27,85.19,-4.72,57.9,-8.77,-15.57,144.61,-16.11,-16.98,-0.61,-2.27,350.0,370.0,350.0,2024-11-15,15.3,15.5,30.8,8.8,20.85,5.0,25.85,359.42,9.420000000000016,0.41487,0.46365,0.43926,0.32219,26.65164139689478,-0.068295,1.0,2.0,13.590909090909092,23.0,5.714285714285716,1,3.0857142857142845,2024-10-23,595.0,567.8143920898438,0.1417,0.136825,0.1382192857142857,-0.0048749999999999,-0.0034807142857142,1,0.19048,0.1417,0.04878,0.02439,0.3683514942280719,0.287662705414855,0.8087649402390438,0.0756964190949694,0.0941789284329969,0.047521071567003,0.8037511187953609,0.97,-1.9136062937420149,1.7362974115286185,1.8022453233950777,-0.0074016987886722,0.0117102143889258,-0.0112898928411366,1,19.239999771118164,20.040000915527344,5.069999771118164,30.8,9.420000000000016,expiry_intrinsic,1.54,1.9500000000000002,1982.0499999999986,0.05662999999999996
UHS,2024-09-30,2024-10-24,1.0,241.52,213.69,-6.98,5.13,3.7,4.09,3.38,14.0,3.7,3.71,3.72,3.27,0.0,0.0,0.0,0.0,3902170000.0,3993600000.0,3854100000.0,15.0,22983.2,18487.2,1685.33,1216.29,10.13,1.67,7.77,70.36,16.49,38.74,55.79,0.79,3.27,230.0,200.0,230.0,2024-11-15,13.649999999999999,8.85,22.5,9.782608695652174,0.9750000000000001,28.0,28.975,201.69,28.310000000000002,0.4734,0.48316,0.47828,0.400235,16.31784728610855,-0.09267999999999998,166.0,0.0,0.9434782608695652,23.0,13.043478260869568,0,-3.2608695652173942,2024-10-23,595.0,567.8143920898438,0.1417,0.136825,0.1382192857142857,-0.0048749999999999,-0.0034807142857142,1,0.19048,0.1417,0.04878,0.02439,0.3683514942280719,0.287662705414855,0.8087649402390438,0.0756964190949694,0.0941789284329969,0.047521071567003,0.8037511187953609,0.97,-1.9136062937420149,1.7362974115286185,1.8022453233950777,-0.0074016987886722,0.0117102143889258,-0.0112898928411366,1,19.239999771118164,20.040000915527344,5.069999771118164,22.5,28.310000000000002,expiry_intrinsic,1.125,1.9500000000000002,-695.4500000000003,-0.030236956521739144
WST,2024-09-30,2024-10-24,1.0,309.71,284.76,6.76,16.12,1.5,1.57,1.46,9.0,1.5,1.5,1.5,1.99,0.0,0.0,0.0,0.0,709620000.0,714100000.0,704000000.0,9.0,20940.0,20817.12,550.4,871.01,-6.92,0.96,1.07,-27.96,-2.56,-23.69,-30.17,-5.79,-6.2,290.0,310.0,290.0,2024-11-15,15.85,17.85,33.7,11.620689655172415,20.85,2.775,23.625,314.49,24.49000000000001,0.60023,0.57096,0.5855950000000001,0.2978,49.14574065693868,-0.1512150000000001,309.0,46.0,0.5510204081632653,23.0,6.896551724137923,1,4.724137931034492,2024-10-23,595.0,567.8143920898438,0.1417,0.136825,0.1382192857142857,-0.0048749999999999,-0.0034807142857142,1,0.19048,0.1417,0.04878,0.02439,0.3683514942280719,0.287662705414855,0.8087649402390438,0.0756964190949694,0.0941789284329969,0.047521071567003,0.8037511187953609,0.97,-1.9136062937420149,1.7362974115286185,1.8022453233950777,-0.0074016987886722,0.0117102143889258,-0.0112898928411366,1,19.239999771118164,20.040000915527344,5.069999771118164,33.7,24.49000000000001,expiry_intrinsic,1.6850000000000003,1.9500000000000002,750.5499999999993,0.025881034482758594
WY,2024-09-30,2024-10-24,1.0,33.78,31.6,-4.88,1.68,0.01,0.06,-0.02,10.0,0.03,0.06,0.06,0.17,0.0,0.0,0.0,4.0,1675180000.0,1771300000.0,1451390000.0,9.0,3772.0,3714.4,55.47,47.36,-2.9,7.96,-17.79,-34.38,31.25,-11.53,-15.36,-2.65,-2.05,32.0,32.0,32.0,2024-11-15,0.7749999999999999,0.8500000000000001,1.625,5.078125,0.675,0.8,1.475,30.93,1.0700000000000003,0.24902,0.25877,0.253895,0.23926,5.76419385966639,-0.014634999999999981,186.0,79.0,0.9392523364485982,23.0,0.0,1,5.078125,2024-10-23,595.0,567.8143920898438,0.1417,0.136825,0.1382192857142857,-0.0048749999999999,-0.0034807142857142,1,0.19048,0.1417,0.04878,0.02439,0.3683514942280719,0.287662705414855,0.8087649402390438,0.0756964190949694,0.0941789284329969,0.047521071567003,0.8037511187953609,0.97,-1.9136062937420149,1.7362974115286185,1.8022453233950777,-0.0074016987886722,0.0117102143889258,-0.0112898928411366,1,19.239999771118164,20.040000915527344,5.069999771118164,1.625,1.0700000000000003,expiry_intrinsic,0.08125,1.9500000000000002,45.42499999999997,0.014195312499999991
LHX,2024-09-30,2024-10-24,1.0,234.74,229.41,4.02,6.43,3.26,3.35,3.08,21.0,3.26,3.25,3.25,3.24,1.0,0.0,7.0,0.0,5279120000.0,5384000000.0,5154000000.0,19.0,9570.4,9155.04,224.0,97.53,12.91,1.69,98.96,9.09,5.88,19.22,-2.11,-0.74,-1.48,250.0,250.0,250.0,2024-11-15,5.0,8.65,13.65,5.46,6.9,3.55,10.45,247.0,3.0,0.26853,0.27829,0.27341,0.21,23.19227533740536,-0.043899999999999995,1961.0,6.0,2.0,23.0,0.0,1,5.46,2024-10-23,595.0,567.8143920898438,0.1417,0.136825,0.1382192857142857,-0.0048749999999999,-0.0034807142857142,1,0.19048,0.1417,0.04878,0.02439,0.3683514942280719,0.287662705414855,0.8087649402390438,0.0756964190949694,0.0941789284329969,0.047521071567003,0.8037511187953609,0.97,-1.9136062937420149,1.7362974115286185,1.8022453233950777,-0.0074016987886722,0.0117102143889258,-0.0112898928411366,1,19.239999771118164,20.040000915527344,5.069999771118164,13.65,3.0,expiry_intrinsic,0.6825000000000001,1.9500000000000002,994.8000000000001,0.039792
AJG,2024-09-30,2024-10-24,0.0,279.33,283.58,2.94,1.4,2.27,2.36,2.23,18.0,2.27,2.29,2.32,2.32,0.0,0.0,0.0,1.0,2777300000.0,2824000000.0,2734280000.0,6.0,5684.0,5482.72,81.6,94.96,13.66,-14.78,18.12,18.95,-35.24,21.89,24.47,-0.49,1.5,290.0,280.0,290.0,2024-11-15,7.25,7.4,14.65,5.051724137931035,3.75,9.75,13.5,294.58,4.579999999999984,0.24902,0.24902,0.24902,0.24414,1.9596819532567649,-0.01951,204.0,6.0,1.565217391304348,23.0,3.4482758620689613,1,1.6034482758620734,2024-10-23,595.0,567.8143920898438,0.1417,0.136825,0.1382192857142857,-0.0048749999999999,-0.0034807142857142,1,0.19048,0.1417,0.04878,0.02439,0.3683514942280719,0.287662705414855,0.8087649402390438,0.0756964190949694,0.0941789284329969,0.047521071567003,0.8037511187953609,0.97,-1.9136062937420149,1.7362974115286185,1.8022453233950777,-0.0074016987886722,0.0117102143889258,-0.0112898928411366,1,19.239999771118164,20.040000915527344,5.069999771118164,14.65,4.579999999999984,expiry_intrinsic,0.7325,1.9500000000000002,931.8000000000015,0.032131034482758676
ALLE,2024-09-30,2024-10-24,1.0,143.84,136.77,0.99,6.21,1.98,2.01,1.96,8.0,1.98,1.98,1.98,1.97,0.0,0.0,2.0,0.0,970890000.0,987220000.0,958910000.0,8.0,11357.6,10558.88,512.0,148.95,5.82,8.02,6.76,11.36,26.45,14.71,13.22,0.32,1.41,150.0,145.0,150.0,2024-11-15,5.35,3.6500000000000004,9.0,6.0,1.5,7.55,9.05,139.76,10.240000000000009,0.30755,0.28804,0.29779500000000003,0.253895,14.741684715995918,-0.058530000000000026,3.0,6.0,0.09090909090909091,23.0,3.3333333333333326,1,2.6666666666666674,2024-10-23,595.0,567.8143920898438,0.1417,0.136825,0.1382192857142857,-0.0048749999999999,-0.0034807142857142,1,0.19048,0.1417,0.04878,0.02439,0.3683514942280719,0.287662705414855,0.8087649402390438,0.0756964190949694,0.0941789284329969,0.047521071567003,0.8037511187953609,0.97,-1.9136062937420149,1.7362974115286185,1.8022453233950777,-0.0074016987886722,0.0117102143889258,-0.0112898928411366,1,19.239999771118164,20.040000915527344,5.069999771118164,9.0,10.240000000000009,expiry_intrinsic,0.45,1.9500000000000002,-170.9500000000009,-0.011396666666666727
CINF,2024-09-30,2024-10-24,0.0,136.19,123.96,1.51,11.52,1.46,1.66,1.24,9.0,1.46,1.4,1.36,1.39,1.0,0.0,3.0,2.0,2526180000.0,2550000000.0,2509000000.0,5.0,19432.8,17908.32,332.8,606.32,-2.34,-13.32,34.98,6.61,-25.0,-38.01,-41.09,0.0,-10.35,140.0,140.0,140.0,2024-11-15,3.9499999999999997,4.55,8.5,6.071428571428571,3.9499999999999997,2.375,6.324999999999999,151.78,11.780000000000001,0.30755,0.2978,0.302675,0.22951,24.172792599322715,-0.05366000000000004,1085.0,3.0,0.03773584905660377,23.0,0.0,1,6.071428571428571,2024-10-23,595.0,567.8143920898438,0.1417,0.136825,0.1382192857142857,-0.0048749999999999,-0.0034807142857142,1,0.19048,0.1417,0.04878,0.02439,0.3683514942280719,0.287662705414855,0.8087649402390438,0.0756964190949694,0.0941789284329969,0.047521071567003,0.8037511187953609,0.97,-1.9136062937420149,1.7362974115286185,1.8022453233950777,-0.0074016987886722,0.0117102143889258,-0.0112898928411366,1,19.239999771118164,20.040000915527344,5.069999771118164,8.5,11.780000000000001,expiry_intrinsic,0.42500000000000004,1.9500000000000002,-372.4500000000001,-0.026603571428571435
LH,2024-09-30,2024-10-24,1.0,220.6,210.9,4.29,9.09,3.48,3.65,3.31,15.0,3.49,3.53,3.53,3.74,0.0,0.0,1.0,1.0,3259980000.0,3320340000.0,3207000000.0,13.0,42362.4,41546.4,344.53,208.48,6.17,1.39,3.91,3.68,7.07,14.83,10.7,1.0,0.37,220.0,230.0,220.0,2024-11-15,7.949999999999999,7.800000000000001,15.75,7.159090909090909,11.3,2.0,13.3,235.21,15.210000000000008,0.34658,0.36609,0.356335,0.22951,35.591507991075815,-0.06829000000000002,1182.0,411.0,0.9584775086505191,23.0,4.545454545454541,1,2.6136363636363678,2024-10-23,595.0,567.8143920898438,0.1417,0.136825,0.1382192857142857,-0.0048749999999999,-0.0034807142857142,1,0.19048,0.1417,0.04878,0.02439,0.3683514942280719,0.287662705414855,0.8087649402390438,0.0756964190949694,0.0941789284329969,0.047521071567003,0.8037511187953609,0.97,-1.9136062937420149,1.7362974115286185,1.8022453233950777,-0.0074016987886722,0.0117102143889258,-0.0112898928411366,1,19.239999771118164,20.040000915527344,5.069999771118164,15.75,15.210000000000008,expiry_intrinsic,0.7875000000000001,1.9500000000000002,-26.700000000000802,-0.0012136363636364
DTE,2024-09-30,2024-10-24,1.0,125.29,118.19,3.58,9.8,1.88,2.1,1.77,14.0,1.83,1.77,1.78,1.83,5.0,0.0,7.0,1.0,2982140000.0,3330530000.0,2521440000.0,5.0,9085.6,8604.32,522.67,509.11,7.12,-11.27,-29.71,44.44,-14.37,21.66,26.45,2.72,2.67,130.0,125.0,130.0,2024-11-15,2.45,2.6,5.050000000000001,3.884615384615385,1.125,4.3,5.425,120.09,9.909999999999997,0.17097,0.21,0.19048500000000002,0.21,-10.244901173320722,0.014629999999999976,515.0,27.0,2.3981481481481484,23.0,3.8461538461538436,1,0.038461538461541434,2024-10-23,595.0,567.8143920898438,0.1417,0.136825,0.1382192857142857,-0.0048749999999999,-0.0034807142857142,1,0.19048,0.1417,0.04878,0.02439,0.3683514942280719,0.287662705414855,0.8087649402390438,0.0756964190949694,0.0941789284329969,0.047521071567003,0.8037511187953609,0.97,-1.9136062937420149,1.7362974115286185,1.8022453233950777,-0.0074016987886722,0.0117102143889258,-0.0112898928411366,1,19.239999771118164,20.040000915527344,5.069999771118164,5.050000000000001,9.909999999999997,expiry_intrinsic,0.25250000000000006,1.9500000000000002,-513.1999999999996,-0.03947692307692305
EW,2024-09-30,2024-10-24,1.0,66.33,62.37,6.06,12.79,0.64,0.7,0.54,26.0,0.64,0.65,0.68,0.68,0.0,0.0,1.0,1.0,1521020000.0,1619300000.0,1340860000.0,23.0,-12074.4,-12125.92,44.8,25.04,6.98,4.21,5.37,6.06,6.06,36.95,-1.59,-0.59,-2.29,70.0,70.0,70.0,2024-11-15,4.199999999999999,3.3499999999999996,7.549999999999999,10.785714285714285,2.05,2.575,4.625,67.76,2.239999999999995,0.54169,0.53194,0.536815,0.34657499999999997,35.43865204958879,-0.13170500000000002,15600.0,1559.0,0.47546603814013283,23.0,0.0,1,10.785714285714285,2024-10-23,595.0,567.8143920898438,0.1417,0.136825,0.1382192857142857,-0.0048749999999999,-0.0034807142857142,1,0.19048,0.1417,0.04878,0.02439,0.3683514942280719,0.287662705414855,0.8087649402390438,0.0756964190949694,0.0941789284329969,0.047521071567003,0.8037511187953609,0.97,-1.9136062937420149,1.7362974115286185,1.8022453233950777,-0.0074016987886722,0.0117102143889258,-0.0112898928411366,1,19.239999771118164,20.040000915527344,5.069999771118164,7.549999999999999,2.239999999999995,expiry_intrinsic,0.37749999999999995,1.9500000000000002,491.30000000000047,0.07018571428571435
HIG,2024-09-30,2024-10-24,0.0,116.47,109.63,3.43,9.88,2.54,2.86,2.26,19.0,2.54,2.52,2.51,2.53,1.0,0.0,8.0,1.0,6689800000.0,6723020000.0,6674350000.0,4.0,17991.2,16889.6,126.93,769.09,7.44,1.09,10.07,32.98,6.84,21.35,35.71,3.01,2.94,120.0,115.0,120.0,2024-11-15,3.35,3.075,6.425000000000001,5.354166666666668,0.35,7.75,8.1,117.95,2.049999999999997,0.26853,0.26853,0.26853,0.22951,14.53096488288087,-0.039024999999999976,168.0,6.0,9.97584541062802,23.0,4.1666666666666625,1,1.1875000000000053,2024-10-23,595.0,567.8143920898438,0.1417,0.136825,0.1382192857142857,-0.0048749999999999,-0.0034807142857142,1,0.19048,0.1417,0.04878,0.02439,0.3683514942280719,0.287662705414855,0.8087649402390438,0.0756964190949694,0.0941789284329969,0.047521071567003,0.8037511187953609,0.97,-1.9136062937420149,1.7362974115286185,1.8022453233950777,-0.0074016987886722,0.0117102143889258,-0.0112898928411366,1,19.239999771118164,20.040000915527344,5.069999771118164,6.425000000000001,2.049999999999997,expiry_intrinsic,0.32125000000000004,1.9500000000000002,403.42500000000035,0.03361875000000003
KDP,2024-09-30,2024-10-24,0.0,37.83,33.74,-7.64,3.56,0.51,0.51,0.5,15.0,0.51,0.51,0.51,0.52,1.0,0.0,2.0,0.0,3926270000.0,3963000000.0,3883600000.0,12.0,8320.8,8252.8,27.2,33.31,3.51,13.09,4.79,7.14,18.42,12.6,11.96,1.51,1.65,37.0,35.0,37.0,2024-11-15,0.8,1.0,1.8,4.864864864864865,0.1,2.425,2.525,31.66,5.34,0.23926,0.24902,0.24414,0.19048,21.9791922667322,-0.04877999999999999,708.0,231.0,0.24389367816091953,23.0,5.405405405405405,0,-0.5405405405405403,2024-10-23,595.0,567.8143920898438,0.1417,0.136825,0.1382192857142857,-0.0048749999999999,-0.0034807142857142,1,0.19048,0.1417,0.04878,0.02439,0.3683514942280719,0.287662705414855,0.8087649402390438,0.0756964190949694,0.0941789284329969,0.047521071567003,0.8037511187953609,0.97,-1.9136062937420149,1.7362974115286185,1.8022453233950777,-0.0074016987886722,0.0117102143889258,-0.0112898928411366,1,19.239999771118164,20.040000915527344,5.069999771118164,1.8,5.34,expiry_intrinsic,0.09000000000000001,1.9500000000000002,-364.95,-0.09863513513513514
DOC,2024-09-30,2024-10-24,0.0,22.77,21.9,1.01,5.02,0.07,0.15,0.03,8.0,0.07,0.06,0.06,0.12,0.0,0.0,1.0,1.0,680250000.0,694440000.0,658560000.0,10.0,2108.0,1854.56,51.2,257.6,27.51,14.66,10.58,320.0,2000.0,70.55,11.37,1.3,-2.32,22.5,22.5,22.5,2024-11-15,0.8,0.375,1.175,5.222222222222222,0.35,0.75,1.1,20.86,1.6400000000000006,0.15146,0.2978,0.22463,0.258775,-15.200552018875477,-0.009759999999999991,385.0,45.0,0.09740259740259741,23.0,0.0,1,5.222222222222222,2024-10-23,595.0,567.8143920898438,0.1417,0.136825,0.1382192857142857,-0.0048749999999999,-0.0034807142857142,1,0.19048,0.1417,0.04878,0.02439,0.3683514942280719,0.287662705414855,0.8087649402390438,0.0756964190949694,0.0941789284329969,0.047521071567003,0.8037511187953609,0.97,-1.9136062937420149,1.7362974115286185,1.8022453233950777,-0.0074016987886722,0.0117102143889258,-0.0112898928411366,1,19.239999771118164,20.040000915527344,5.069999771118164,1.175,1.6400000000000006,expiry_intrinsic,0.058750000000000004,1.9500000000000002,-54.32500000000005,-0.02414444444444447
HCA,2024-09-30,2024-10-25,0.0,405.11,354.78,-10.26,2.47,4.97,5.55,4.75,14.0,4.96,4.93,4.95,4.76,1.0,0.0,2.0,0.0,17537800000.0,17824000000.0,17214900000.0,18.0,23556.0,20447.04,783.47,967.48,10.28,0.88,8.77,28.21,2.61,16.52,18.74,1.11,1.11,400.0,360.0,400.0,2024-11-15,18.6,18.75,37.35,9.3375,1.375,43.8,45.175,342.96,57.04000000000002,0.4734,0.48316,0.47828,0.39536,17.33712469683031,-0.13170500000000002,199.0,89.0,1.6732495511669658,22.0,9.999999999999998,0,-0.6624999999999979,2024-10-24,595.0,569.0423583984375,0.1361285714285714,0.136825,0.1385678571428571,0.0006964285714285,0.0024392857142856,0,0.1890871428571429,0.1403071428571428,0.04878,0.0285685714285714,0.2631621534146079,0.2511549100644504,0.7569721115537849,0.0797349767800417,0.093779356453551,0.0423492149750204,0.8502401785998026,0.92,-1.9902581802372716,0.424712434358764,-1.1837401335721704,-0.0053403058022802,0.0161393160408975,-0.0091516893762884,1,19.079999923706055,19.850000381469727,5.467142780848912,37.35,57.04000000000002,expiry_intrinsic,1.8675000000000002,1.9500000000000002,-2157.7000000000016,-0.05394250000000004
AON,2024-09-30,2024-10-25,0.0,346.92,323.0,8.22,16.24,2.48,2.73,2.36,18.0,2.48,2.48,2.47,2.51,0.0,0.0,4.0,0.0,3693890000.0,3751000000.0,3650000000.0,12.0,5479.2,6507.36,-1187.73,854.1,18.35,-7.62,8.71,6.16,-48.23,28.64,-22.09,-1.44,-9.05,360.0,370.0,360.0,2024-11-15,7.6,10.35,17.95,4.986111111111111,13.5,2.1500000000000004,15.65,379.29,19.29000000000002,0.24902,0.26853,0.258775,0.17585,32.04521302289633,-0.04877999999999999,330.0,166.0,2.479768786127168,22.0,2.777777777777768,1,2.208333333333343,2024-10-24,595.0,569.0423583984375,0.1361285714285714,0.136825,0.1385678571428571,0.0006964285714285,0.0024392857142856,0,0.1890871428571429,0.1403071428571428,0.04878,0.0285685714285714,0.2631621534146079,0.2511549100644504,0.7569721115537849,0.0797349767800417,0.093779356453551,0.0423492149750204,0.8502401785998026,0.92,-1.9902581802372716,0.424712434358764,-1.1837401335721704,-0.0053403058022802,0.0161393160408975,-0.0091516893762884,1,19.079999923706055,19.850000381469727,5.467142780848912,17.95,19.29000000000002,expiry_intrinsic,0.8975,1.9500000000000002,-225.7000000000021,-0.006269444444444503
SBAC,2024-09-30,2024-10-28,1.0,238.64,217.94,0.54,10.09,2.27,2.35,2.16,12.0,2.27,2.26,2.27,2.14,0.0,0.0,3.0,0.0,669810000.0,679200000.0,660090000.0,12.0,-3623.2,-2020.0,-234.67,1037.04,-2.66,0.4,1.06,-19.25,6.34,-0.82,46.94,1.08,18.12,240.0,230.0,240.0,2024-11-15,8.05,6.1,14.15,5.895833333333334,2.35,11.05,13.4,221.09,18.909999999999997,0.2978,0.31731,0.307555,0.283165,7.930288891417803,-0.034150000000000014,148.0,2.0,2.25,21.0,4.1666666666666625,1,1.7291666666666714,2024-10-25,595.0,568.8458251953125,0.1451871428571428,0.1399304545454545,0.141705,-0.0052566883116882,-0.0034821428571428,1,0.1974514285714285,0.13195,0.0655014285714285,0.0195135714285714,0.4341892329269606,0.3105128409149416,0.8406374501992032,0.0682003889466289,0.0931146834517239,0.0520724594054188,0.7324343102340886,1.17,-0.4529624625967163,0.8687081821842678,-0.0892305198026933,-0.0094939039573715,0.0117769259186926,-0.0094939039573715,1,20.329999923706055,20.940000534057617,5.8112856379917694,14.15,18.909999999999997,expiry_intrinsic,0.7075,1.9500000000000002,-548.6999999999996,-0.022862499999999984
WELL,2024-09-30,2024-10-28,1.0,127.2,112.24,2.65,16.33,0.38,0.48,0.32,9.0,0.38,0.38,0.37,0.37,0.0,0.0,0.0,0.0,1969570000.0,2089500000.0,1846790000.0,8.0,12370.4,12358.88,512.0,677.74,13.35,-2.07,13.01,110.0,90.91,-5.46,1.89,-1.38,-1.5,130.0,135.0,130.0,2024-11-15,3.75,3.55,7.3,5.615384615384615,7.5,0.875,8.375,136.02,6.02000000000001,0.27829,0.30755,0.29291999999999996,0.263655,9.990782466202372,-0.04389999999999997,339.0,12.0,1.3189655172413792,21.0,3.8461538461538547,1,1.7692307692307603,2024-10-25,595.0,568.8458251953125,0.1451871428571428,0.1399304545454545,0.141705,-0.0052566883116882,-0.0034821428571428,1,0.1974514285714285,0.13195,0.0655014285714285,0.0195135714285714,0.4341892329269606,0.3105128409149416,0.8406374501992032,0.0682003889466289,0.0931146834517239,0.0520724594054188,0.7324343102340886,1.17,-0.4529624625967163,0.8687081821842678,-0.0892305198026933,-0.0094939039573715,0.0117769259186926,-0.0094939039573715,1,20.329999923706055,20.940000534057617,5.8112856379917694,7.3,6.02000000000001,expiry_intrinsic,0.365,1.9500000000000002,89.54999999999896,0.006888461538461459
CNP,2024-09-30,2024-10-28,0.0,29.1,28.51,2.23,4.35,0.32,0.44,0.28,14.0,0.39,0.44,0.45,0.45,0.0,0.0,0.0,0.0,1932990000.0,2137920000.0,1759720000.0,6.0,5116.0,4956.0,53.33,61.45,1.6,-27.29,-5.02,28.57,-34.55,17.87,22.89,6.37,4.24,29.0,30.0,29.0,2024-11-15,1.0,0.6000000000000001,1.6,5.517241379310345,0.8999999999999999,0.4,1.2999999999999998,30.86,1.8599999999999994,0.28804,0.27829,0.283165,0.22463,20.671693182420146,-0.05365500000000001,678.0,94.0,0.5274151436031331,21.0,3.4482758620689724,1,2.068965517241373,2024-10-25,595.0,568.8458251953125,0.1451871428571428,0.1399304545454545,0.141705,-0.0052566883116882,-0.0034821428571428,1,0.1974514285714285,0.13195,0.0655014285714285,0.0195135714285714,0.4341892329269606,0.3105128409149416,0.8406374501992032,0.0682003889466289,0.0931146834517239,0.0520724594054188,0.7324343102340886,1.17,-0.4529624625967163,0.8687081821842678,-0.0892305198026933,-0.0094939039573715,0.0117769259186926,-0.0094939039573715,1,20.329999923706055,20.940000534057617,5.8112856379917694,1.6,1.8599999999999994,expiry_intrinsic,0.08000000000000002,1.9500000000000002,-35.94999999999994,-0.01239655172413791
BRO,2024-09-30,2024-10-28,1.0,102.65,99.84,0.68,3.52,0.87,0.91,0.84,13.0,0.87,0.87,0.87,0.87,0.0,0.0,3.0,0.0,1165630000.0,1194000000.0,1142220000.0,10.0,3688.8,3279.2,192.0,61.45,11.39,-6.71,16.11,36.76,-18.42,27.25,16.38,0.47,1.27,105.0,105.0,105.0,2024-11-15,2.5,2.6999999999999997,5.199999999999999,4.952380952380952,2.425,1.9,4.324999999999999,110.05,5.049999999999997,0.28804,0.22951,0.258775,0.13194999999999998,49.00975751135156,0.004875000000000018,1057.0,35.0,0.09216589861751152,21.0,0.0,1,4.952380952380952,2024-10-25,595.0,568.8458251953125,0.1451871428571428,0.1399304545454545,0.141705,-0.0052566883116882,-0.0034821428571428,1,0.1974514285714285,0.13195,0.0655014285714285,0.0195135714285714,0.4341892329269606,0.3105128409149416,0.8406374501992032,0.0682003889466289,0.0931146834517239,0.0520724594054188,0.7324343102340886,1.17,-0.4529624625967163,0.8687081821842678,-0.0892305198026933,-0.0094939039573715,0.0117769259186926,-0.0094939039573715,1,20.329999923706055,20.940000534057617,5.8112856379917694,5.199999999999999,5.049999999999997,expiry_intrinsic,0.25999999999999995,1.9500000000000002,-12.949999999999783,-0.0012333333333333126
OKE,2024-09-30,2024-10-29,0.0,90.24,83.33,5.88,14.66,1.23,1.33,1.04,10.0,1.23,1.28,1.29,1.3,0.0,0.0,0.0,1.0,6169370000.0,6510680000.0,5828050000.0,2.0,3792.8,3578.4,21.33,244.75,34.56,2.36,-14.83,27.88,22.02,65.41,110.09,8.18,9.03,95.0,95.0,95.0,2024-11-15,2.6,2.175,4.775,5.026315789473684,2.175,1.775,3.9499999999999997,109.81,14.810000000000002,0.22951,0.32707,0.27829000000000004,0.234385,15.776707750907335,-0.034145000000000036,926.0,100.0,0.2330049261083744,18.0,0.0,1,5.026315789473684,2024-10-28,595.0,570.6043701171875,0.1430942857142857,0.1385995454545454,0.141705,-0.0044947402597402,-0.0013892857142856,1,0.1932685714285714,0.1347357142857143,0.0585328571428571,0.0209078571428571,0.3946758010572874,0.2967990152256228,0.8406374501992032,0.0770487587295865,0.0932079697936959,0.0498863159205898,0.8266327321593236,1.56,1.641024061400327,1.0619021742669976,0.3541870264417513,-0.0047975010030499,0.0163789885026579,-0.0064318274014191,1,19.799999237060547,20.170000076293945,5.490570665631976,4.775,14.810000000000002,expiry_intrinsic,0.23875000000000002,1.9500000000000002,-1029.3250000000003,-0.10835000000000003
RSG,2024-09-30,2024-10-29,1.0,199.38,194.32,2.47,5.14,1.61,1.7,1.47,19.0,1.61,1.62,1.62,1.62,1.0,0.0,1.0,2.0,4120840000.0,4159570000.0,4091300000.0,18.0,13655.2,13161.44,344.53,127.93,8.64,4.82,9.35,14.18,11.03,12.38,13.2,0.26,0.81,200.0,200.0,200.0,2024-11-15,5.35,4.449999999999999,9.799999999999999,4.8999999999999995,3.05,3.65,6.699999999999999,208.04,8.039999999999992,0.27829,0.27829,0.27829,0.20512,26.292716231269537,-0.063415,650.0,4.0,0.6956521739130435,18.0,0.0,1,4.8999999999999995,2024-10-28,595.0,570.6043701171875,0.1430942857142857,0.1385995454545454,0.141705,-0.0044947402597402,-0.0013892857142856,1,0.1932685714285714,0.1347357142857143,0.0585328571428571,0.0209078571428571,0.3946758010572874,0.2967990152256228,0.8406374501992032,0.0770487587295865,0.0932079697936959,0.0498863159205898,0.8266327321593236,1.56,1.641024061400327,1.0619021742669976,0.3541870264417513,-0.0047975010030499,0.0163789885026579,-0.0064318274014191,1,19.799999237060547,20.170000076293945,5.490570665631976,9.799999999999999,8.039999999999992,expiry_intrinsic,0.49,1.9500000000000002,125.0500000000007,0.006252500000000035
INCY,2024-09-30,2024-10-29,0.0,65.83,65.07,11.8,13.11,1.07,1.84,0.72,15.0,1.16,1.31,1.34,1.44,1.0,0.0,2.0,4.0,1077500000.0,1098000000.0,1066310000.0,18.0,-13292.0,-11568.8,-1125.87,477.37,9.34,18.49,9.33,-283.84,-384.38,-222.95,-336.72,-0.22,-66.84,65.0,75.0,65.0,2024-11-15,3.0,1.95,4.95,7.615384615384616,9.5,,,75.87,10.870000000000005,0.44414,0.40511,0.42462500000000003,0.351455,17.23167500735944,-0.063415,920.0,439.0,0.37292464878671777,18.0,15.384615384615374,0,-7.7692307692307585,2024-10-28,595.0,570.6043701171875,0.1430942857142857,0.1385995454545454,0.141705,-0.0044947402597402,-0.0013892857142856,1,0.1932685714285714,0.1347357142857143,0.0585328571428571,0.0209078571428571,0.3946758010572874,0.2967990152256228,0.8406374501992032,0.0770487587295865,0.0932079697936959,0.0498863159205898,0.8266327321593236,1.56,1.641024061400327,1.0619021742669976,0.3541870264417513,-0.0047975010030499,0.0163789885026579,-0.0064318274014191,1,19.799999237060547,20.170000076293945,5.490570665631976,4.95,10.870000000000005,expiry_intrinsic,0.24750000000000003,1.9500000000000002,-618.7000000000005,-0.09518461538461546
SYK,2024-09-30,2024-10-29,1.0,360.27,327.45,-0.35,9.64,2.77,2.96,2.71,27.0,2.77,2.77,2.77,2.77,0.0,0.0,2.0,0.0,5373280000.0,5410550000.0,5305000000.0,25.0,6589.6,6143.84,201.6,142.11,8.53,3.41,10.31,10.63,12.4,8.46,8.83,0.5,0.06,360.0,360.0,360.0,2024-11-15,9.15,11.899999999999999,21.049999999999997,5.847222222222221,9.75,5.4,15.15,390.08,30.079999999999984,0.33682,0.32707,0.33194500000000005,0.24414,26.451671210592124,-0.07805000000000006,157.0,196.0,0.8844221105527639,18.0,0.0,1,5.847222222222221,2024-10-28,595.0,570.6043701171875,0.1430942857142857,0.1385995454545454,0.141705,-0.0044947402597402,-0.0013892857142856,1,0.1932685714285714,0.1347357142857143,0.0585328571428571,0.0209078571428571,0.3946758010572874,0.2967990152256228,0.8406374501992032,0.0770487587295865,0.0932079697936959,0.0498863159205898,0.8266327321593236,1.56,1.641024061400327,1.0619021742669976,0.3541870264417513,-0.0047975010030499,0.0163789885026579,-0.0064318274014191,1,19.799999237060547,20.170000076293945,5.490570665631976,21.049999999999997,30.079999999999984,expiry_intrinsic,1.0525,1.9500000000000002,-1010.1999999999988,-0.02806111111111108
SYY,2024-09-30,2024-10-29,0.0,77.66,76.65,-4.49,-3.24,1.13,1.17,1.09,14.0,1.13,1.13,1.13,1.13,0.0,0.0,0.0,1.0,20463400000.0,20734000000.0,20288700000.0,13.0,1447.2,897.76,211.2,334.68,2.67,0.47,3.17,6.67,-16.52,6.1,3.78,0.44,0.04,75.0,75.0,75.0,2024-11-15,2.075,1.8,3.875,5.166666666666667,1.15,1.7000000000000002,2.85,74.95,0.04999999999999716,0.28804,0.28804,0.28804,0.22463,22.014303568948762,-0.058530000000000026,4547.0,334.0,1.521832498210451,18.0,0.0,1,5.166666666666667,2024-10-28,595.0,570.6043701171875,0.1430942857142857,0.1385995454545454,0.141705,-0.0044947402597402,-0.0013892857142856,1,0.1932685714285714,0.1347357142857143,0.0585328571428571,0.0209078571428571,0.3946758010572874,0.2967990152256228,0.8406374501992032,0.0770487587295865,0.0932079697936959,0.0498863159205898,0.8266327321593236,1.56,1.641024061400327,1.0619021742669976,0.3541870264417513,-0.0047975010030499,0.0163789885026579,-0.0064318274014191,1,19.799999237060547,20.170000076293945,5.490570665631976,3.875,0.04999999999999716,expiry_intrinsic,0.19375,1.9500000000000002,361.1750000000003,0.04815666666666671
ZBRA,2024-09-30,2024-10-29,1.0,368.6,351.19,4.36,9.54,3.23,3.36,3.13,14.0,3.23,3.24,3.24,3.17,0.0,0.0,1.0,0.0,1216860000.0,1248000000.0,1203000000.0,13.0,20495.2,18463.2,1098.67,438.18,0.25,3.57,-18.88,-3.34,11.97,-12.99,-13.92,0.54,-2.26,370.0,380.0,370.0,2024-11-15,14.350000000000001,19.2,33.55,9.067567567567567,19.5,4.625,24.125,385.91,15.910000000000025,0.52218,0.50267,0.5124249999999999,0.31731,38.07679172561838,-0.15609499999999993,45.0,15.0,1.1812297734627832,18.0,2.7027027027026973,1,6.364864864864869,2024-10-28,595.0,570.6043701171875,0.1430942857142857,0.1385995454545454,0.141705,-0.0044947402597402,-0.0013892857142856,1,0.1932685714285714,0.1347357142857143,0.0585328571428571,0.0209078571428571,0.3946758010572874,0.2967990152256228,0.8406374501992032,0.0770487587295865,0.0932079697936959,0.0498863159205898,0.8266327321593236,1.56,1.641024061400327,1.0619021742669976,0.3541870264417513,-0.0047975010030499,0.0163789885026579,-0.0064318274014191,1,19.799999237060547,20.170000076293945,5.490570665631976,33.55,15.910000000000025,expiry_intrinsic,1.6775,1.9500000000000002,1594.2999999999972,0.043089189189189116
BXP,2024-09-30,2024-10-29,0.0,80.77,71.31,6.71,20.87,0.54,0.63,0.43,8.0,0.54,0.54,0.54,0.52,0.0,0.0,2.0,0.0,834620000.0,855260000.0,800820000.0,7.0,1797.6,1951.2,-76.8,143.1,4.08,1.32,4.86,-23.08,13.64,0.39,-9.37,-2.02,-4.38,87.5,82.5,87.5,2024-11-15,3.0,2.85,5.85,6.685714285714285,0.875,5.449999999999999,6.324999999999999,78.53,8.969999999999999,0.3856,0.37584,0.38072,0.36609,3.8427190586257556,-0.053649999999999975,454.0,1.0,0.24696356275303644,18.0,5.714285714285716,1,0.9714285714285689,2024-10-28,595.0,570.6043701171875,0.1430942857142857,0.1385995454545454,0.141705,-0.0044947402597402,-0.0013892857142856,1,0.1932685714285714,0.1347357142857143,0.0585328571428571,0.0209078571428571,0.3946758010572874,0.2967990152256228,0.8406374501992032,0.0770487587295865,0.0932079697936959,0.0498863159205898,0.8266327321593236,1.56,1.641024061400327,1.0619021742669976,0.3541870264417513,-0.0047975010030499,0.0163789885026579,-0.0064318274014191,1,19.799999237060547,20.170000076293945,5.490570665631976,5.85,8.969999999999999,expiry_intrinsic,0.2925,1.9500000000000002,-343.19999999999993,-0.039222857142857136
CB,2024-09-30,2024-10-29,1.0,289.57,275.66,-0.82,4.19,4.98,5.55,4.36,21.0,4.98,4.91,4.92,4.92,0.0,0.0,7.0,0.0,12542600000.0,12715000000.0,12252000000.0,7.0,17024.8,15931.68,791.47,533.94,17.79,7.96,16.3,9.35,-0.55,22.64,-13.23,-71.1,-4.86,290.0,285.0,290.0,2024-11-15,7.7,6.75,14.45,4.982758620689655,2.95,8.55,11.5,288.0,2.0,0.28804,0.27829,0.283165,0.22463,20.671693182420146,-0.04877999999999999,992.0,13.0,0.3768796992481203,18.0,1.7241379310344862,1,3.2586206896551686,2024-10-28,595.0,570.6043701171875,0.1430942857142857,0.1385995454545454,0.141705,-0.0044947402597402,-0.0013892857142856,1,0.1932685714285714,0.1347357142857143,0.0585328571428571,0.0209078571428571,0.3946758010572874,0.2967990152256228,0.8406374501992032,0.0770487587295865,0.0932079697936959,0.0498863159205898,0.8266327321593236,1.56,1.641024061400327,1.0619021742669976,0.3541870264417513,-0.0047975010030499,0.0163789885026579,-0.0064318274014191,1,19.799999237060547,20.170000076293945,5.490570665631976,14.45,2.0,expiry_intrinsic,0.7225,1.9500000000000002,1170.8,0.04037241379310345
HUBB,2024-09-30,2024-10-29,1.0,428.48,395.65,2.72,11.24,4.45,4.56,4.39,11.0,4.45,4.45,4.45,4.46,0.0,0.0,3.0,0.0,1482570000.0,1500200000.0,1466000000.0,10.0,17506.4,16781.92,273.07,144.42,6.34,3.82,7.68,7.37,21.39,10.88,6.43,-0.96,0.02,450.0,430.0,450.0,2024-11-15,19.25,16.0,35.25,7.833333333333334,5.9,22.0,27.9,437.61,12.389999999999986,0.4734,0.41487,0.444135,0.3417,23.063933263534736,-0.102435,600.0,601.0,0.043142305215711524,18.0,4.444444444444439,1,3.3888888888888946,2024-10-28,595.0,570.6043701171875,0.1430942857142857,0.1385995454545454,0.141705,-0.0044947402597402,-0.0013892857142856,1,0.1932685714285714,0.1347357142857143,0.0585328571428571,0.0209078571428571,0.3946758010572874,0.2967990152256228,0.8406374501992032,0.0770487587295865,0.0932079697936959,0.0498863159205898,0.8266327321593236,1.56,1.641024061400327,1.0619021742669976,0.3541870264417513,-0.0047975010030499,0.0163789885026579,-0.0064318274014191,1,19.799999237060547,20.170000076293945,5.490570665631976,35.25,12.389999999999986,expiry_intrinsic,1.7625000000000002,1.9500000000000002,2107.8000000000015,0.046840000000000034
ECL,2024-09-30,2024-10-29,1.0,254.59,230.69,-0.33,10.0,1.82,1.87,1.78,19.0,1.82,1.82,1.82,1.81,1.0,0.0,1.0,0.0,4036950000.0,4125000000.0,3973000000.0,17.0,1696.8,1652.0,24.0,2.08,3.47,6.23,6.86,35.48,25.37,23.18,29.64,4.23,3.41,260.0,250.0,260.0,2024-11-15,5.75,8.8,14.55,5.596153846153847,1.775,8.6,10.375,245.24,14.759999999999991,0.30755,0.31731,0.31243,0.21975,29.664244790833145,-0.07804499999999998,486.0,331.0,1.3551859099804304,18.0,3.8461538461538436,1,1.750000000000003,2024-10-28,595.0,570.6043701171875,0.1430942857142857,0.1385995454545454,0.141705,-0.0044947402597402,-0.0013892857142856,1,0.1932685714285714,0.1347357142857143,0.0585328571428571,0.0209078571428571,0.3946758010572874,0.2967990152256228,0.8406374501992032,0.0770487587295865,0.0932079697936959,0.0498863159205898,0.8266327321593236,1.56,1.641024061400327,1.0619021742669976,0.3541870264417513,-0.0047975010030499,0.0163789885026579,-0.0064318274014191,1,19.799999237060547,20.170000076293945,5.490570665631976,14.55,14.759999999999991,expiry_intrinsic,0.7275,1.9500000000000002,-95.69999999999902,-0.0036807692307691932
ESS,2024-09-30,2024-10-29,0.0,294.6,278.36,1.3,7.21,1.37,1.54,1.26,12.0,1.37,1.36,1.37,1.33,0.0,0.0,0.0,0.0,444890000.0,458830000.0,429240000.0,17.0,50143.2,43900.64,3232.0,4377.77,6.32,3.61,3.97,-6.45,-65.88,2.93,1.94,0.36,-1.34,300.0,300.0,300.0,2024-11-15,7.1,6.35,13.45,4.4833333333333325,3.375,8.65,12.025,301.76,1.759999999999991,0.25877,0.24902,0.253895,0.22951,9.604364008743769,-0.019509999999999972,375.0,0.0,3.0,18.0,0.0,1,4.4833333333333325,2024-10-28,595.0,570.6043701171875,0.1430942857142857,0.1385995454545454,0.141705,-0.0044947402597402,-0.0013892857142856,1,0.1932685714285714,0.1347357142857143,0.0585328571428571,0.0209078571428571,0.3946758010572874,0.2967990152256228,0.8406374501992032,0.0770487587295865,0.0932079697936959,0.0498863159205898,0.8266327321593236,1.56,1.641024061400327,1.0619021742669976,0.3541870264417513,-0.0047975010030499,0.0163789885026579,-0.0064318274014191,1,19.799999237060547,20.170000076293945,5.490570665631976,13.45,1.759999999999991,expiry_intrinsic,0.6725,1.9500000000000002,1099.8000000000009,0.036660000000000026
FE,2024-09-30,2024-10-29,0.0,44.05,41.91,-2.77,2.2,0.9,0.93,0.87,14.0,0.89,0.9,0.9,0.9,0.0,0.0,2.0,0.0,3906900000.0,5165300000.0,3429000000.0,6.0,3119.2,3108.96,-64.0,86.94,9.12,-0.21,3.4,19.15,1.82,-4.83,-12.06,3.76,-3.1,43.0,42.0,43.0,2024-11-15,1.175,0.6499999999999999,1.825,4.2441860465116275,0.3,1.425,1.725,41.51,1.490000000000002,0.19048,0.25877,0.22462500000000002,0.21975,2.1702838063439147,-0.03902,389.0,70.0,0.5175438596491229,18.0,2.3255813953488413,1,1.9186046511627861,2024-10-28,595.0,570.6043701171875,0.1430942857142857,0.1385995454545454,0.141705,-0.0044947402597402,-0.0013892857142856,1,0.1932685714285714,0.1347357142857143,0.0585328571428571,0.0209078571428571,0.3946758010572874,0.2967990152256228,0.8406374501992032,0.0770487587295865,0.0932079697936959,0.0498863159205898,0.8266327321593236,1.56,1.641024061400327,1.0619021742669976,0.3541870264417513,-0.0047975010030499,0.0163789885026579,-0.0064318274014191,1,19.799999237060547,20.170000076293945,5.490570665631976,1.825,1.490000000000002,expiry_intrinsic,0.09125,1.9500000000000002,22.424999999999798,0.00521511627906972
EIX,2024-09-30,2024-10-29,1.0,86.81,80.01,-4.23,3.91,1.38,1.47,1.33,13.0,1.41,1.44,1.45,1.46,0.0,0.0,0.0,0.0,5008610000.0,5399910000.0,4772000000.0,5.0,4370.4,3801.44,298.67,205.67,9.38,6.33,-3.04,21.78,8.85,16.03,24.31,2.14,2.5,85.0,82.5,85.0,2024-11-15,1.9,2.2,4.1,4.823529411764706,0.925,2.5,3.425,83.68,1.3199999999999932,0.27829,0.26853,0.27341,0.234385,14.273435499798829,-0.04877999999999999,711.0,3.0,2.5294117647058822,18.0,2.941176470588236,1,1.8823529411764697,2024-10-28,595.0,570.6043701171875,0.1430942857142857,0.1385995454545454,0.141705,-0.0044947402597402,-0.0013892857142856,1,0.1932685714285714,0.1347357142857143,0.0585328571428571,0.0209078571428571,0.3946758010572874,0.2967990152256228,0.8406374501992032,0.0770487587295865,0.0932079697936959,0.0498863159205898,0.8266327321593236,1.56,1.641024061400327,1.0619021742669976,0.3541870264417513,-0.0047975010030499,0.0163789885026579,-0.0064318274014191,1,19.799999237060547,20.170000076293945,5.490570665631976,4.1,1.3199999999999932,expiry_intrinsic,0.205,1.9500000000000002,255.55000000000064,0.030064705882353018
EQR,2024-09-30,2024-10-30,0.0,74.46,70.67,-0.68,4.64,0.42,0.53,0.35,12.0,0.41,0.41,0.4,0.4,0.0,0.0,0.0,0.0,743930000.0,763300000.0,736580000.0,15.0,28924.0,27028.32,541.87,693.27,2.35,0.46,4.33,27.03,-38.96,2.28,2.28,-0.13,-0.04,75.0,70.0,75.0,2024-11-15,1.4,1.9749999999999999,3.375,4.5,0.2,4.949999999999999,5.1499999999999995,73.59,1.4099999999999966,0.25877,0.25877,0.25877,0.234385,9.42342620860223,-0.04389500000000002,597.0,5.0,2.0,17.0,6.666666666666665,0,-2.166666666666665,2024-10-29,600.0,571.5277709960938,0.1437914285714285,0.136825,0.136825,-0.0069664285714285,-0.0069664285714285,1,0.19048,0.1347371428571428,0.0557428571428571,0.0188171428571428,0.4078379544718954,0.3013671701310069,0.8446215139442231,0.0792820510060303,0.0925320337142016,0.0512593948572269,0.856806533085658,1.15,-0.605538662589658,0.4456640672295623,-1.0182773641011695,-0.0026572981171303,0.0139604976120157,-0.0048239502594294,1,19.34000015258789,19.959999084472656,4.9608572954450345,3.375,1.4099999999999966,expiry_intrinsic,0.16875,1.9500000000000002,177.67500000000035,0.023690000000000048
NI,2024-09-30,2024-10-30,1.0,34.65,31.76,1.39,10.61,0.16,0.2,0.12,12.0,0.15,0.17,0.17,0.18,0.0,0.0,3.0,0.0,1152210000.0,1263300000.0,1091000000.0,3.0,2462.56,2248.8,132.27,82.01,-0.49,-36.43,-6.73,90.91,-75.29,24.63,40.32,8.85,6.35,35.0,35.0,35.0,2024-11-15,0.375,1.15,1.525,4.357142857142857,0.7749999999999999,0.5,1.275,36.57,1.5700000000000003,0.20024,0.2978,0.24902000000000002,0.21975499999999998,11.752068106979374,-0.14146000000000003,1253.0,6.0,2.3636363636363638,17.0,0.0,1,4.357142857142857,2024-10-29,600.0,571.5277709960938,0.1437914285714285,0.136825,0.136825,-0.0069664285714285,-0.0069664285714285,1,0.19048,0.1347371428571428,0.0557428571428571,0.0188171428571428,0.4078379544718954,0.3013671701310069,0.8446215139442231,0.0792820510060303,0.0925320337142016,0.0512593948572269,0.856806533085658,1.15,-0.605538662589658,0.4456640672295623,-1.0182773641011695,-0.0026572981171303,0.0139604976120157,-0.0048239502594294,1,19.34000015258789,19.959999084472656,4.9608572954450345,1.525,1.5700000000000003,expiry_intrinsic,0.07625,1.9500000000000002,-14.075000000000038,-0.004021428571428582
PSA,2024-09-30,2024-10-30,0.0,363.87,300.08,-7.71,11.91,2.6,2.62,2.59,8.0,2.6,2.6,2.6,2.7,0.0,0.0,0.0,0.0,1179700000.0,1212200000.0,1095960000.0,11.0,22140.0,22416.48,-332.8,1105.13,4.77,1.38,6.78,-11.33,2.31,4.26,-5.98,-0.67,-5.48,330.0,330.0,330.0,2024-11-15,9.149999999999999,7.2,16.349999999999998,4.954545454545454,6.65,6.95,13.600000000000001,335.01,5.009999999999991,0.28804,0.28804,0.28804,0.25877,10.161783085682549,-0.04390000000000002,28.0,13.0,0.2621951219512195,17.0,0.0,1,4.954545454545454,2024-10-29,600.0,571.5277709960938,0.1437914285714285,0.136825,0.136825,-0.0069664285714285,-0.0069664285714285,1,0.19048,0.1347371428571428,0.0557428571428571,0.0188171428571428,0.4078379544718954,0.3013671701310069,0.8446215139442231,0.0792820510060303,0.0925320337142016,0.0512593948572269,0.856806533085658,1.15,-0.605538662589658,0.4456640672295623,-1.0182773641011695,-0.0026572981171303,0.0139604976120157,-0.0048239502594294,1,19.34000015258789,19.959999084472656,4.9608572954450345,16.349999999999998,5.009999999999991,expiry_intrinsic,0.8174999999999999,1.9500000000000002,1050.3000000000009,0.03182727272727275
VRSK,2024-09-30,2024-10-30,1.0,267.96,261.37,2.86,5.46,1.6,1.65,1.57,14.0,1.6,1.6,1.6,1.6,0.0,0.0,2.0,0.0,722170000.0,726800000.0,718200000.0,12.0,4498.4,4029.92,288.0,176.23,6.19,1.82,7.81,15.23,6.75,36.76,4.15,1.52,-0.87,260.0,280.0,260.0,2024-11-15,10.05,5.35,15.4,5.923076923076923,17.05,0.95,18.0,280.8,20.80000000000001,0.34658,0.32707,0.33682500000000004,0.22951,31.86075855414534,-0.08293000000000006,28.0,0.0,2.138888888888889,17.0,7.692307692307687,0,-1.7692307692307638,2024-10-29,600.0,571.5277709960938,0.1437914285714285,0.136825,0.136825,-0.0069664285714285,-0.0069664285714285,1,0.19048,0.1347371428571428,0.0557428571428571,0.0188171428571428,0.4078379544718954,0.3013671701310069,0.8446215139442231,0.0792820510060303,0.0925320337142016,0.0512593948572269,0.856806533085658,1.15,-0.605538662589658,0.4456640672295623,-1.0182773641011695,-0.0026572981171303,0.0139604976120157,-0.0048239502594294,1,19.34000015258789,19.959999084472656,4.9608572954450345,15.4,20.80000000000001,expiry_intrinsic,0.77,1.9500000000000002,-618.9500000000011,-0.023805769230769273
VTR,2024-09-30,2024-10-30,1.0,64.13,55.3,3.66,20.22,-0.03,-0.01,-0.07,4.0,-0.03,-0.03,-0.01,0.03,0.0,0.0,0.0,1.0,1213430000.0,1227620000.0,1200000000.0,8.0,4139.1,3367.26,550.4,543.4,8.55,0.09,9.5,-72.22,266.67,-0.91,352.11,-0.35,30.05,65.0,65.0,65.0,2024-11-15,2.45,1.225,3.6750000000000003,5.653846153846154,1.5750000000000002,1.1,2.6750000000000003,63.6,1.3999999999999986,0.31731,0.30755,0.31243,0.249015,20.297346605639664,-0.04877999999999999,369.0,50.0,0.24242424242424243,17.0,0.0,1,5.653846153846154,2024-10-29,600.0,571.5277709960938,0.1437914285714285,0.136825,0.136825,-0.0069664285714285,-0.0069664285714285,1,0.19048,0.1347371428571428,0.0557428571428571,0.0188171428571428,0.4078379544718954,0.3013671701310069,0.8446215139442231,0.0792820510060303,0.0925320337142016,0.0512593948572269,0.856806533085658,1.15,-0.605538662589658,0.4456640672295623,-1.0182773641011695,-0.0026572981171303,0.0139604976120157,-0.0048239502594294,1,19.34000015258789,19.959999084472656,4.9608572954450345,3.6750000000000003,1.3999999999999986,expiry_intrinsic,0.18375000000000002,1.9500000000000002,207.17500000000018,0.03187307692307695
ALL,2024-09-30,2024-10-30,1.0,189.65,177.38,-0.11,6.8,2.43,4.31,1.38,18.0,2.47,3.21,3.03,2.98,0.0,0.0,3.0,0.0,14936500000.0,15373300000.0,14594000000.0,5.0,34132.0,26839.68,3545.07,688.25,12.5,3.12,10.48,136.43,-68.62,130.9,122.74,-83.25,19.97,185.0,185.0,185.0,2024-11-15,6.85,4.9,11.75,6.351351351351352,5.25,3.35,8.6,196.88,11.879999999999995,0.36609,0.36609,0.36609,0.27829,23.98317353656206,-0.08292500000000003,83.0,6.0,3.1859756097560976,17.0,0.0,1,6.351351351351352,2024-10-29,600.0,571.5277709960938,0.1437914285714285,0.136825,0.136825,-0.0069664285714285,-0.0069664285714285,1,0.19048,0.1347371428571428,0.0557428571428571,0.0188171428571428,0.4078379544718954,0.3013671701310069,0.8446215139442231,0.0792820510060303,0.0925320337142016,0.0512593948572269,0.856806533085658,1.15,-0.605538662589658,0.4456640672295623,-1.0182773641011695,-0.0026572981171303,0.0139604976120157,-0.0048239502594294,1,19.34000015258789,19.959999084472656,4.9608572954450345,11.75,11.879999999999995,expiry_intrinsic,0.5875,1.9500000000000002,-73.69999999999955,-0.0039837837837837595
AWK,2024-09-30,2024-10-30,0.0,146.24,144.5,-7.21,-6.1,1.84,1.93,1.75,9.0,1.84,1.84,1.83,1.78,0.0,0.0,2.0,0.0,1233980000.0,1283860000.0,1167000000.0,6.0,2799.2,2968.16,-217.6,245.88,4.74,13.65,9.44,-4.76,50.54,1.25,3.94,1.04,-0.3,135.0,140.0,135.0,2024-11-15,3.4,2.8,6.199999999999999,4.592592592592592,4.7,1.7999999999999998,6.5,134.23,0.7700000000000102,0.23926,0.28804,0.26365,0.258775,1.849042290915994,-0.034140000000000004,5.0,0.0,0.8155339805825242,17.0,3.703703703703698,1,0.8888888888888937,2024-10-29,600.0,571.5277709960938,0.1437914285714285,0.136825,0.136825,-0.0069664285714285,-0.0069664285714285,1,0.19048,0.1347371428571428,0.0557428571428571,0.0188171428571428,0.4078379544718954,0.3013671701310069,0.8446215139442231,0.0792820510060303,0.0925320337142016,0.0512593948572269,0.856806533085658,1.15,-0.605538662589658,0.4456640672295623,-1.0182773641011695,-0.0026572981171303,0.0139604976120157,-0.0048239502594294,1,19.34000015258789,19.959999084472656,4.9608572954450345,6.199999999999999,0.7700000000000102,expiry_intrinsic,0.31,1.9500000000000002,510.04999999999893,0.0377814814814814
EXC,2024-09-30,2024-10-30,1.0,40.55,38.26,-2.1,3.76,0.67,0.7,0.65,15.0,0.67,0.68,0.67,0.72,1.0,0.0,3.0,4.0,5854150000.0,6121800000.0,5500880000.0,7.0,3436.0,3287.68,78.4,92.44,11.27,-11.29,14.01,14.63,-30.88,9.42,29.69,0.98,2.42,39.0,39.0,39.0,2024-11-15,1.1,0.625,1.725,4.423076923076923,0.8,0.7250000000000001,1.5250000000000001,39.11,0.10999999999999943,0.21975,0.26853,0.24414,0.23926000000000003,1.9988531170639665,-0.043899999999999995,125.0,12.0,0.38555555555555554,17.0,0.0,1,4.423076923076923,2024-10-29,600.0,571.5277709960938,0.1437914285714285,0.136825,0.136825,-0.0069664285714285,-0.0069664285714285,1,0.19048,0.1347371428571428,0.0557428571428571,0.0188171428571428,0.4078379544718954,0.3013671701310069,0.8446215139442231,0.0792820510060303,0.0925320337142016,0.0512593948572269,0.856806533085658,1.15,-0.605538662589658,0.4456640672295623,-1.0182773641011695,-0.0026572981171303,0.0139604976120157,-0.0048239502594294,1,19.34000015258789,19.959999084472656,4.9608572954450345,1.725,0.10999999999999943,expiry_intrinsic,0.08625000000000001,1.9500000000000002,150.9250000000001,0.03869871794871797
EG,2024-09-30,2024-10-30,0.0,391.83,368.34,-3.02,3.17,11.91,14.58,9.78,11.0,11.8,10.86,10.45,10.37,0.0,0.0,6.0,0.0,3918000000.0,4437030000.0,3939000000.0,5.0,96524.0,98652.0,490.67,4111.31,13.17,1.3,21.24,10.78,3.25,10.98,15.71,16.53,0.47,380.0,360.0,380.0,2024-11-15,9.65,11.85,21.5,5.657894736842105,1.25,24.5,25.75,371.33,8.670000000000016,0.33682,0.32707,0.33194500000000005,0.27341,17.633945382518203,-0.06829000000000007,16.0,1.0,2.8427947598253276,17.0,5.263157894736848,1,0.3947368421052575,2024-10-29,600.0,571.5277709960938,0.1437914285714285,0.136825,0.136825,-0.0069664285714285,-0.0069664285714285,1,0.19048,0.1347371428571428,0.0557428571428571,0.0188171428571428,0.4078379544718954,0.3013671701310069,0.8446215139442231,0.0792820510060303,0.0925320337142016,0.0512593948572269,0.856806533085658,1.15,-0.605538662589658,0.4456640672295623,-1.0182773641011695,-0.0026572981171303,0.0139604976120157,-0.0048239502594294,1,19.34000015258789,19.959999084472656,4.9608572954450345,21.5,8.670000000000016,expiry_intrinsic,1.075,1.9500000000000002,1173.5499999999984,0.03088289473684206
LIN,2024-09-30,2024-10-31,1.0,475.02,454.0,-3.97,0.47,3.89,3.94,3.87,17.0,3.89,3.9,3.9,3.96,0.0,0.0,1.0,0.0,8346110000.0,8463010000.0,8262530000.0,12.0,33208.8,32822.4,168.53,31.46,0.77,2.06,-2.02,7.84,2.67,7.44,5.92,1.3,1.28,475.0,460.0,475.0,2024-11-15,10.1,10.1,20.2,4.252631578947368,1.25,18.4,19.65,449.1,25.899999999999977,0.25877,0.24902,0.253895,0.18073,28.817030662281645,-0.05365499999999998,163.0,155.0,1.4226327944572748,16.0,3.157894736842104,1,1.0947368421052643,2024-10-30,595.0,569.798828125,0.156335,0.1474713636363636,0.146585,-0.0088636363636363,-0.0097499999999999,1,0.20024,0.13195,0.0682899999999999,0.0097599999999999,0.6446623152443628,0.3835611950218346,0.896414342629482,0.0386186816576626,0.0868148732370444,0.0695201267629555,0.444839463765798,1.13,-0.6380048146073912,1.1369981019124642,0.5618548549147033,0.0034948674475343,0.020031019677664,-0.007834482072579,1,20.350000381469727,20.760000228881836,4.716500381469727,20.2,25.899999999999977,expiry_intrinsic,1.01,1.9500000000000002,-672.9499999999978,-0.014167368421052585
VICI,2024-09-30,2024-10-31,1.0,32.77,31.5,-3.08,0.83,0.67,0.67,0.66,9.0,0.67,0.67,0.67,0.66,0.0,0.0,0.0,0.0,952860000.0,962220000.0,932020000.0,13.0,-730.4,-722.08,-19.2,195.41,6.55,0.58,25.29,2.9,24.56,6.03,6.51,0.02,-0.04,32.5,32.5,32.5,2024-11-15,0.6499999999999999,0.6499999999999999,1.2999999999999998,3.9999999999999996,0.125,1.15,1.275,31.67,0.8299999999999983,0.23926,0.23926,0.23926,0.19048500000000002,20.38577279946501,-0.029265000000000013,1295.0,107.0,0.4271186440677966,16.0,0.0,1,3.9999999999999996,2024-10-30,595.0,569.798828125,0.156335,0.1474713636363636,0.146585,-0.0088636363636363,-0.0097499999999999,1,0.20024,0.13195,0.0682899999999999,0.0097599999999999,0.6446623152443628,0.3835611950218346,0.896414342629482,0.0386186816576626,0.0868148732370444,0.0695201267629555,0.444839463765798,1.13,-0.6380048146073912,1.1369981019124642,0.5618548549147033,0.0034948674475343,0.020031019677664,-0.007834482072579,1,20.350000381469727,20.760000228881836,4.716500381469727,1.2999999999999998,0.8299999999999983,expiry_intrinsic,0.06499999999999999,1.9500000000000002,38.550000000000146,0.011861538461538507
WEC,2024-09-30,2024-10-31,1.0,96.75,90.16,-1.26,5.96,0.7,0.74,0.68,14.0,0.7,0.75,0.76,1.02,0.0,0.0,0.0,0.0,1933560000.0,2122230000.0,1742510000.0,5.0,7277.6,7028.64,160.0,51.02,-3.17,-33.89,-6.23,-27.17,-65.99,-5.09,-14.23,-0.38,-2.65,95.0,95.0,95.0,2024-11-15,2.575,1.7999999999999998,4.375,4.605263157894736,1.95,1.7000000000000002,3.6500000000000004,97.98,2.980000000000004,0.23926,0.2978,0.26853,0.244145,9.08092205712583,-0.063415,44.0,8.0,1.7659574468085106,16.0,0.0,1,4.605263157894736,2024-10-30,595.0,569.798828125,0.156335,0.1474713636363636,0.146585,-0.0088636363636363,-0.0097499999999999,1,0.20024,0.13195,0.0682899999999999,0.0097599999999999,0.6446623152443628,0.3835611950218346,0.896414342629482,0.0386186816576626,0.0868148732370444,0.0695201267629555,0.444839463765798,1.13,-0.6380048146073912,1.1369981019124642,0.5618548549147033,0.0034948674475343,0.020031019677664,-0.007834482072579,1,20.350000381469727,20.760000228881836,4.716500381469727,4.375,2.980000000000004,expiry_intrinsic,0.21875,1.9500000000000002,115.6749999999996,0.012176315789473643
WTW,2024-09-30,2024-10-31,1.0,300.58,283.02,0.54,6.77,2.71,2.85,2.54,16.0,2.72,2.74,2.74,2.74,0.0,0.0,1.0,0.0,2286280000.0,2308170000.0,2263170000.0,12.0,2692.0,1691.04,417.07,356.4,4.96,-3.2,6.79,24.39,-22.49,3.96,49.3,42.16,2.78,290.0,300.0,290.0,2024-11-15,9.3,5.5,14.8,5.103448275862069,11.6,1.7999999999999998,13.399999999999999,312.65,22.649999999999977,0.28804,0.30755,0.29779500000000003,0.21487499999999998,27.84465823804968,-0.06341000000000002,370.0,4.0,0.04435483870967742,16.0,3.4482758620689724,1,1.655172413793097,2024-10-30,595.0,569.798828125,0.156335,0.1474713636363636,0.146585,-0.0088636363636363,-0.0097499999999999,1,0.20024,0.13195,0.0682899999999999,0.0097599999999999,0.6446623152443628,0.3835611950218346,0.896414342629482,0.0386186816576626,0.0868148732370444,0.0695201267629555,0.444839463765798,1.13,-0.6380048146073912,1.1369981019124642,0.5618548549147033,0.0034948674475343,0.020031019677664,-0.007834482072579,1,20.350000381469727,20.760000228881836,4.716500381469727,14.8,22.649999999999977,expiry_intrinsic,0.7400000000000001,1.9500000000000002,-860.9499999999978,-0.02968793103448268
XEL,2024-09-30,2024-10-31,0.0,65.32,59.75,2.28,11.82,1.26,1.33,1.19,13.0,1.26,1.33,1.33,1.31,0.0,0.0,1.0,0.0,3925270000.0,4197800000.0,3717280000.0,5.0,4252.0,4114.4,64.0,160.8,0.2,-17.02,-7.36,3.85,-38.64,19.51,7.42,6.82,1.0,65.0,65.0,65.0,2024-11-15,0.47500000000000003,2.3,2.775,4.269230769230769,2.325,0.47500000000000003,2.8000000000000003,69.46,4.459999999999994,0.21975,0.21975,0.21975,0.234385,-6.659840728100118,-0.01951,1026.0,135.0,0.13707165109034267,16.0,0.0,1,4.269230769230769,2024-10-30,595.0,569.798828125,0.156335,0.1474713636363636,0.146585,-0.0088636363636363,-0.0097499999999999,1,0.20024,0.13195,0.0682899999999999,0.0097599999999999,0.6446623152443628,0.3835611950218346,0.896414342629482,0.0386186816576626,0.0868148732370444,0.0695201267629555,0.444839463765798,1.13,-0.6380048146073912,1.1369981019124642,0.5618548549147033,0.0034948674475343,0.020031019677664,-0.007834482072579,1,20.350000381469727,20.760000228881836,4.716500381469727,2.775,4.459999999999994,expiry_intrinsic,0.13875,1.9500000000000002,-184.32499999999936,-0.02835769230769221
ICE,2024-09-30,2024-10-31,0.0,161.14,149.85,-3.27,4.02,1.55,1.58,1.53,15.0,1.55,1.51,1.5,1.5,1.0,0.0,15.0,0.0,2353650000.0,2370200000.0,2336800000.0,11.0,4314.4,4184.48,32.0,51.4,24.02,3.43,7.12,6.29,2.7,14.43,11.62,-2.12,-4.08,165.0,155.0,165.0,2024-11-15,4.8,2.925,7.725,4.681818181818182,0.30000000000000004,10.9,11.200000000000001,155.55,9.449999999999989,0.27829,0.27829,0.27829,0.24414,12.271371590786586,-0.063415,1270.0,183.0,0.3302662490211433,16.0,6.060606060606055,0,-1.3787878787878736,2024-10-30,595.0,569.798828125,0.156335,0.1474713636363636,0.146585,-0.0088636363636363,-0.0097499999999999,1,0.20024,0.13195,0.0682899999999999,0.0097599999999999,0.6446623152443628,0.3835611950218346,0.896414342629482,0.0386186816576626,0.0868148732370444,0.0695201267629555,0.444839463765798,1.13,-0.6380048146073912,1.1369981019124642,0.5618548549147033,0.0034948674475343,0.020031019677664,-0.007834482072579,1,20.350000381469727,20.760000228881836,4.716500381469727,7.725,9.449999999999989,expiry_intrinsic,0.38625,1.9500000000000002,-213.07499999999888,-0.012913636363636296
GWW,2024-09-30,2024-10-31,0.0,1039.9,952.79,6.67,16.42,9.97,10.13,9.77,15.0,9.97,9.98,10.02,10.27,0.0,0.0,2.0,0.0,4401370000.0,4431100000.0,4370000000.0,14.0,22741.6,21951.2,101.33,395.63,3.11,1.82,6.52,5.17,1.46,-1.1,-1.82,-0.02,-0.76,1100.0,1100.0,1100.0,2024-11-15,33.1,31.849999999999998,64.95,5.904545454545454,24.25,19.9,44.15,1178.33,78.32999999999993,0.35633,0.35633,0.35633,0.253895,28.74722869250414,-0.107315,123.0,7.0,2.625,16.0,0.0,1,5.904545454545454,2024-10-30,595.0,569.798828125,0.156335,0.1474713636363636,0.146585,-0.0088636363636363,-0.0097499999999999,1,0.20024,0.13195,0.0682899999999999,0.0097599999999999,0.6446623152443628,0.3835611950218346,0.896414342629482,0.0386186816576626,0.0868148732370444,0.0695201267629555,0.444839463765798,1.13,-0.6380048146073912,1.1369981019124642,0.5618548549147033,0.0034948674475343,0.020031019677664,-0.007834482072579,1,20.350000381469727,20.760000228881836,4.716500381469727,64.95,78.32999999999993,expiry_intrinsic,3.2475000000000005,1.9500000000000002,-1664.6999999999928,-0.015133636363636297
CPT,2024-09-30,2024-10-31,0.0,122.6,118.2,-5.55,-2.04,0.37,0.48,0.33,8.0,0.37,0.37,0.37,0.4,0.0,0.0,1.0,0.0,389390000.0,394270000.0,384900000.0,16.0,29282.4,25795.68,422.4,2611.39,0.43,1.05,5.58,-53.49,-48.05,-17.17,-5.01,-0.47,-1.13,120.0,115.0,120.0,2024-11-15,1.3,3.95,5.25,4.375,0.9249999999999999,6.6,7.5249999999999995,119.77,0.23000000000000398,0.04415,0.25877,0.15146,0.307555,-103.06021391786611,0.06829499999999997,108.0,6.0,4.0,16.0,4.1666666666666625,1,0.20833333333333748,2024-10-30,595.0,569.798828125,0.156335,0.1474713636363636,0.146585,-0.0088636363636363,-0.0097499999999999,1,0.20024,0.13195,0.0682899999999999,0.0097599999999999,0.6446623152443628,0.3835611950218346,0.896414342629482,0.0386186816576626,0.0868148732370444,0.0695201267629555,0.444839463765798,1.13,-0.6380048146073912,1.1369981019124642,0.5618548549147033,0.0034948674475343,0.020031019677664,-0.007834482072579,1,20.350000381469727,20.760000228881836,4.716500381469727,5.25,0.23000000000000398,expiry_intrinsic,0.2625,1.9500000000000002,473.7999999999996,0.0394833333333333
EME,2024-09-30,2024-10-31,1.0,428.28,349.7,4.15,27.56,4.98,5.02,4.94,3.0,4.98,4.98,4.98,4.98,0.0,0.0,0.0,0.0,3770500000.0,3796500000.0,3730000000.0,3.0,43797.6,31092.0,5840.0,1343.3,20.4,6.84,15.38,77.97,25.9,62.95,69.22,2.56,2.62,430.0,450.0,430.0,2024-11-15,21.4,18.4,39.8,9.255813953488373,27.95,5.0,32.95,498.86,68.86000000000001,0.56121,0.55145,0.55633,0.366085,34.19643017633419,-0.16097,83.0,6.0,0.5053763440860215,16.0,4.651162790697683,1,4.60465116279069,2024-10-30,595.0,569.798828125,0.156335,0.1474713636363636,0.146585,-0.0088636363636363,-0.0097499999999999,1,0.20024,0.13195,0.0682899999999999,0.0097599999999999,0.6446623152443628,0.3835611950218346,0.896414342629482,0.0386186816576626,0.0868148732370444,0.0695201267629555,0.444839463765798,1.13,-0.6380048146073912,1.1369981019124642,0.5618548549147033,0.0034948674475343,0.020031019677664,-0.007834482072579,1,20.350000381469727,20.760000228881836,4.716500381469727,39.8,68.86000000000001,expiry_intrinsic,1.99,1.9500000000000002,-3106.950000000001,-0.07225465116279073
TROW,2024-09-30,2024-11-01,1.0,107.34,106.47,4.4,5.25,2.33,2.44,2.16,11.0,2.33,2.29,2.28,2.28,0.0,0.0,9.0,0.0,1834950000.0,1864990000.0,1787300000.0,5.0,8536.8,7688.8,608.0,430.81,7.65,-0.97,3.48,11.88,-5.04,14.44,5.85,1.88,-0.55,110.0,115.0,110.0,2024-11-15,3.7,3.55,7.25,6.59090909090909,4.9,2.25,7.15,118.77,8.769999999999996,0.41487,0.40511,0.40999,0.41974500000000003,-2.3793263250323213,-0.102435,801.0,93.0,1.5569837189374465,15.0,4.545454545454541,1,2.0454545454545485,2024-10-31,585.0,558.6290283203125,0.1653985714285714,0.1567836363636363,0.15634,-0.008614935064935,-0.0090585714285714,1,0.21975,0.1598257142857143,0.0599242857142857,0.0243892857142857,0.8157837954471892,0.4429518892784095,0.9482071713147412,0.1474639762886978,0.1127345479037353,0.052664023524836,1.308063757124552,1.02,-1.1540848053547654,3.125548914478739,3.219086474569925,-0.0182997450443463,-0.0003866267341683,-0.0272839608383237,1,23.15999984741211,22.63999938964844,6.620142704554969,7.25,8.769999999999996,expiry_intrinsic,0.36250000000000004,1.9500000000000002,-190.1999999999996,-0.017290909090909055
SPG,2024-09-30,2024-11-01,0.0,168.54,151.07,-0.5,11.01,1.57,1.69,1.39,5.0,1.57,1.58,1.58,1.58,0.0,0.0,0.0,0.0,1325390000.0,1351790000.0,1284880000.0,8.0,-967.2,1404.0,-1004.8,997.55,6.47,1.09,6.89,1.34,79.76,0.28,14.62,1.17,3.67,170.0,175.0,170.0,2024-11-15,4.6,5.0,9.6,5.647058823529411,4.9,2.55,7.45,180.27,10.27000000000001,0.35633,0.34658,0.35145499999999996,0.273405,22.207679503777143,-0.06340999999999997,1018.0,75.0,0.7189901207464325,15.0,2.941176470588225,1,2.7058823529411864,2024-10-31,585.0,558.6290283203125,0.1653985714285714,0.1567836363636363,0.15634,-0.008614935064935,-0.0090585714285714,1,0.21975,0.1598257142857143,0.0599242857142857,0.0243892857142857,0.8157837954471892,0.4429518892784095,0.9482071713147412,0.1474639762886978,0.1127345479037353,0.052664023524836,1.308063757124552,1.02,-1.1540848053547654,3.125548914478739,3.219086474569925,-0.0182997450443463,-0.0003866267341683,-0.0272839608383237,1,23.15999984741211,22.63999938964844,6.620142704554969,9.6,10.27000000000001,expiry_intrinsic,0.48,1.9500000000000002,-116.95000000000105,-0.006879411764705945
PPL,2024-09-30,2024-11-01,0.0,33.06,30.64,-4.54,3.0,0.42,0.46,0.36,13.0,0.42,0.46,0.45,0.45,0.0,0.0,0.0,0.0,1914400000.0,2105410000.0,1547790000.0,3.0,282.4,23.2,96.0,61.45,3.18,-18.36,1.86,31.03,-29.63,18.45,27.87,3.86,4.0,33.0,32.0,33.0,2024-11-15,0.6000000000000001,0.9750000000000001,1.5750000000000002,4.772727272727273,0.22499999999999998,1.475,1.7000000000000002,33.7,0.7000000000000028,0.28804,0.2978,0.29292,0.26365,9.992489416905645,-0.05366000000000001,233.0,87.0,0.027266530334014997,15.0,3.0303030303030276,1,1.7424242424242458,2024-10-31,585.0,558.6290283203125,0.1653985714285714,0.1567836363636363,0.15634,-0.008614935064935,-0.0090585714285714,1,0.21975,0.1598257142857143,0.0599242857142857,0.0243892857142857,0.8157837954471892,0.4429518892784095,0.9482071713147412,0.1474639762886978,0.1127345479037353,0.052664023524836,1.308063757124552,1.02,-1.1540848053547654,3.125548914478739,3.219086474569925,-0.0182997450443463,-0.0003866267341683,-0.0272839608383237,1,23.15999984741211,22.63999938964844,6.620142704554969,1.5750000000000002,0.7000000000000028,expiry_intrinsic,0.07875000000000001,1.9500000000000002,77.67499999999973,0.023537878787878705
CHD,2024-09-30,2024-11-01,1.0,103.26,98.53,1.44,6.31,0.68,0.73,0.67,19.0,0.68,0.68,0.69,0.83,0.0,0.0,1.0,0.0,1495370000.0,1502200000.0,1490880000.0,16.0,5144.8,4753.12,262.93,116.0,3.92,0.53,7.95,1.09,-3.12,14.22,14.75,3.19,2.1,100.0,105.0,100.0,2024-11-15,2.4749999999999996,2.45,4.925,4.925,4.25,0.825,5.075,109.02,9.019999999999996,0.2978,0.30755,0.302675,0.24902,17.726934831089462,-0.05853500000000003,159.0,20.0,2.558651026392962,15.0,5.000000000000004,0,-0.07500000000000462,2024-10-31,585.0,558.6290283203125,0.1653985714285714,0.1567836363636363,0.15634,-0.008614935064935,-0.0090585714285714,1,0.21975,0.1598257142857143,0.0599242857142857,0.0243892857142857,0.8157837954471892,0.4429518892784095,0.9482071713147412,0.1474639762886978,0.1127345479037353,0.052664023524836,1.308063757124552,1.02,-1.1540848053547654,3.125548914478739,3.219086474569925,-0.0182997450443463,-0.0003866267341683,-0.0272839608383237,1,23.15999984741211,22.63999938964844,6.620142704554969,4.925,9.019999999999996,expiry_intrinsic,0.24625,1.9500000000000002,-436.0749999999996,-0.04360749999999996
D,2024-09-30,2024-11-01,1.0,58.36,56.08,1.08,5.19,0.93,0.96,0.84,16.0,0.93,0.92,0.92,0.95,0.0,0.0,1.0,0.0,4178550000.0,4363700000.0,4028000000.0,4.0,3368.8,3224.8,141.33,211.99,10.11,-4.02,1.49,22.64,18.18,4.92,35.52,4.06,4.33,60.0,57.5,60.0,2024-11-15,1.325,1.65,2.9749999999999996,4.958333333333333,0.35,2.925,3.275,57.63,2.3699999999999974,0.30755,0.30755,0.30755,0.28804,6.343683953828637,0.009759999999999991,1672.0,940.0,0.27422934648582,15.0,4.1666666666666625,1,0.7916666666666705,2024-10-31,585.0,558.6290283203125,0.1653985714285714,0.1567836363636363,0.15634,-0.008614935064935,-0.0090585714285714,1,0.21975,0.1598257142857143,0.0599242857142857,0.0243892857142857,0.8157837954471892,0.4429518892784095,0.9482071713147412,0.1474639762886978,0.1127345479037353,0.052664023524836,1.308063757124552,1.02,-1.1540848053547654,3.125548914478739,3.219086474569925,-0.0182997450443463,-0.0003866267341683,-0.0272839608383237,1,23.15999984741211,22.63999938964844,6.620142704554969,2.9749999999999996,2.3699999999999974,expiry_intrinsic,0.14875,1.9500000000000002,43.67500000000022,0.007279166666666703
O,2024-09-30,2024-11-04,0.0,62.01,60.44,-4.39,-1.9,0.36,0.5,0.28,9.0,0.36,0.38,0.38,0.38,0.0,0.0,0.0,1.0,1282140000.0,1334220000.0,1214210000.0,12.0,-3367.2,-2476.32,-460.8,307.8,31.42,6.26,25.61,0.0,81.25,30.63,39.55,1.84,2.52,60.0,60.0,60.0,2024-11-15,0.625,1.825,2.45,4.083333333333334,0.42500000000000004,1.65,2.075,56.54,3.460000000000001,0.22951,0.26853,0.24902,0.23926,3.9193639065135297,-0.043905,1046.0,364.0,0.3200241984271022,14.0,0.0,1,4.083333333333334,2024-11-01,585.0,560.9866333007812,0.16122,0.1514599999999999,0.15634,-0.00976,-0.0048799999999999,1,0.21,0.15146,0.0585399999999999,0.01951,0.7368917898370912,0.4155710427656061,0.9362549800796812,0.1572092598430486,0.1134516568850936,0.0477683431149063,1.385693820252212,1.33,0.5824900660587969,0.6549653744364257,-0.4960346259775041,-0.0138160315966682,0.0056705159430945,-0.0231787674769889,1,21.8799991607666,21.90999984741211,5.757999160766602,2.45,3.460000000000001,expiry_intrinsic,0.12250000000000001,1.9500000000000002,-115.20000000000007,-0.019200000000000012
VRTX,2024-09-30,2024-11-04,1.0,455.31,474.29,3.84,-0.31,4.14,4.9,3.77,22.0,4.14,4.1,4.1,4.07,0.0,0.0,4.0,1.0,2723570000.0,3641700000.0,2633100000.0,26.0,-20730.4,26956.0,-17399.47,23855.75,6.11,-1.55,9.62,-429.82,-369.54,-374.05,-442.43,-1.68,-174.02,462.5,500.0,462.5,2024-11-08,18.35,10.0,28.35,6.12972972972973,37.35,0.8,38.15,516.74,54.24000000000001,0.52218,0.54169,0.531935,0.41486500000000004,22.00832808519838,-0.15121500000000004,1.0,0.0,1.9400278940027893,7.0,8.108108108108114,0,-1.978378378378384,2024-11-01,585.0,560.9866333007812,0.16122,0.1514599999999999,0.15634,-0.00976,-0.0048799999999999,1,0.21,0.15146,0.0585399999999999,0.01951,0.7368917898370912,0.4155710427656061,0.9362549800796812,0.1572092598430486,0.1134516568850936,0.0477683431149063,1.385693820252212,1.33,0.5824900660587969,0.6549653744364257,-0.4960346259775041,-0.0138160315966682,0.0056705159430945,-0.0231787674769889,1,21.8799991607666,21.90999984741211,5.757999160766602,28.35,54.24000000000001,expiry_intrinsic,1.4175000000000002,1.9500000000000002,-2732.7000000000007,-0.05908540540540542
L,2024-09-30,2024-11-04,1.0,79.28,76.4,-3.49,0.14,0.0,0.0,0.0,0.0,0.0,0.0,0.0,0.0,0.0,0.0,0.0,0.0,0.0,0.0,0.0,0.0,48877.44,36734.98,8157.44,4048.56,,10.84,6.69,,3.43,,,,,80.0,80.0,80.0,2024-11-15,1.475,2.05,3.525,4.40625,0.575,1.625,2.2,83.67,3.6700000000000017,0.27829,0.27829,0.27829,0.166095,40.315857558661826,-0.04877999999999999,55.0,9.0,0.6666666666666666,14.0,0.0,1,4.40625,2024-11-01,585.0,560.9866333007812,0.16122,0.1514599999999999,0.15634,-0.00976,-0.0048799999999999,1,0.21,0.15146,0.0585399999999999,0.01951,0.7368917898370912,0.4155710427656061,0.9362549800796812,0.1572092598430486,0.1134516568850936,0.0477683431149063,1.385693820252212,1.33,0.5824900660587969,0.6549653744364257,-0.4960346259775041,-0.0138160315966682,0.0056705159430945,-0.0231787674769889,1,21.8799991607666,21.90999984741211,5.757999160766602,3.525,3.6700000000000017,expiry_intrinsic,0.17625000000000002,1.9500000000000002,-34.07500000000019,-0.0042593750000000236
AVB,2024-09-30,2024-11-04,1.0,221.02,209.16,-1.14,4.47,1.45,2.76,0.98,12.0,1.45,1.49,1.53,1.24,0.0,0.0,0.0,1.0,731530000.0,739700000.0,718480000.0,13.0,38984.8,36914.4,1696.0,1122.6,5.09,1.85,6.06,39.06,45.9,-16.42,4.86,-0.46,-0.07,220.0,230.0,220.0,2024-11-15,3.55,6.75,10.3,4.6818181818181825,8.6,1.725,10.325,229.41,9.409999999999997,0.2978,0.28804,0.29292,0.28803999999999996,1.6659838863853786,-0.058535000000000004,60.0,1.0,4.142857142857143,14.0,4.545454545454541,1,0.13636363636364113,2024-11-01,585.0,560.9866333007812,0.16122,0.1514599999999999,0.15634,-0.00976,-0.0048799999999999,1,0.21,0.15146,0.0585399999999999,0.01951,0.7368917898370912,0.4155710427656061,0.9362549800796812,0.1572092598430486,0.1134516568850936,0.0477683431149063,1.385693820252212,1.33,0.5824900660587969,0.6549653744364257,-0.4960346259775041,-0.0138160315966682,0.0056705159430945,-0.0231787674769889,1,21.8799991607666,21.90999984741211,5.757999160766602,10.3,9.409999999999997,expiry_intrinsic,0.515,1.9500000000000002,35.55000000000041,0.0016159090909091095
AIG,2024-09-30,2024-11-04,1.0,76.05,71.24,0.37,7.14,1.1,1.28,0.9,14.0,1.11,1.23,1.26,1.32,0.0,0.0,0.0,0.0,6687060000.0,6796000000.0,6474280000.0,6.0,18668.0,18679.52,98.13,361.74,-11.99,-3.01,-22.29,-49.78,-34.46,-4.76,-30.36,-65.6,-2.48,76.0,75.0,76.0,2024-11-08,2.025,2.225,4.25,5.592105263157895,0.875,1.425,2.3,75.58,0.4200000000000017,0.50267,0.50267,0.50267,0.41974500000000003,16.496906519187522,-0.17560499999999996,20.0,34.0,1.6730178242163491,7.0,1.3157894736842146,1,4.27631578947368,2024-11-01,585.0,560.9866333007812,0.16122,0.1514599999999999,0.15634,-0.00976,-0.0048799999999999,1,0.21,0.15146,0.0585399999999999,0.01951,0.7368917898370912,0.4155710427656061,0.9362549800796812,0.1572092598430486,0.1134516568850936,0.0477683431149063,1.385693820252212,1.33,0.5824900660587969,0.6549653744364257,-0.4960346259775041,-0.0138160315966682,0.0056705159430945,-0.0231787674769889,1,21.8799991607666,21.90999984741211,5.757999160766602,4.25,0.4200000000000017,expiry_intrinsic,0.21250000000000002,1.9500000000000002,359.79999999999984,0.04734210526315787
IT,2024-09-30,2024-11-05,1.0,513.71,467.26,-0.04,9.89,2.38,2.71,2.19,9.0,2.38,2.39,2.39,2.37,0.0,0.0,1.0,0.0,1475130000.0,1486000000.0,1464000000.0,8.0,46108.0,44367.2,793.6,309.04,6.11,8.29,6.83,12.98,9.9,10.3,12.6,0.25,1.16,510.0,540.0,510.0,2024-11-15,17.8,22.2,40.0,7.8431372549019605,27.1,2.95,30.05,522.86,12.860000000000014,0.56121,0.57096,0.566085,0.22463,60.31868005688191,-0.22438499999999995,12.0,2.0,0.6335877862595419,11.0,5.882352941176472,1,1.9607843137254886,2024-11-04,585.0,559.7782592773438,0.16122,0.1514599999999999,0.1514599999999999,-0.00976,-0.00976,1,0.21,0.1542485714285714,0.0557514285714285,0.0209042857142857,0.7368917898370912,0.4155710427656061,0.9362549800796812,0.1490736305731886,0.1090846914565401,0.0521353085434598,1.366586168807932,1.29,0.3350796888784531,1.4134921496132669,0.6000399061640126,-0.0189730598060795,-0.0055327054729165,-0.025282855761549,1,21.979999542236328,21.56999969482422,5.857999542236328,40.0,12.860000000000014,expiry_intrinsic,2.0,1.9500000000000002,2512.049999999999,0.049255882352941156
BR,2024-09-30,2024-11-05,1.0,215.33,211.91,1.38,3.02,0.97,1.05,0.91,6.0,0.97,0.95,0.95,1.17,0.0,0.0,1.0,0.0,1483690000.0,1500050000.0,1457000000.0,5.0,38287.2,32738.4,2662.4,3398.17,4.91,22.88,8.21,8.78,-24.41,7.85,5.61,0.36,0.11,210.0,220.0,210.0,2024-11-15,5.9,5.75,11.65,5.5476190476190474,10.0,,,227.78,17.78,0.40511,0.39536,0.400235,0.209995,47.53207490599273,-0.14146000000000003,31.0,0.0,7.7727272727272725,11.0,4.761904761904767,1,0.7857142857142803,2024-11-04,585.0,559.7782592773438,0.16122,0.1514599999999999,0.1514599999999999,-0.00976,-0.00976,1,0.21,0.1542485714285714,0.0557514285714285,0.0209042857142857,0.7368917898370912,0.4155710427656061,0.9362549800796812,0.1490736305731886,0.1090846914565401,0.0521353085434598,1.366586168807932,1.29,0.3350796888784531,1.4134921496132669,0.6000399061640126,-0.0189730598060795,-0.0055327054729165,-0.025282855761549,1,21.979999542236328,21.56999969482422,5.857999542236328,11.65,17.78,expiry_intrinsic,0.5825,1.9500000000000002,-673.2,-0.03205714285714286
BLDR,2024-09-30,2024-11-05,1.0,192.28,152.86,-5.87,18.4,2.98,3.28,2.58,16.0,2.98,2.96,2.95,3.35,0.0,0.0,0.0,1.0,4450790000.0,4550100000.0,4396300000.0,17.0,61504.8,58370.56,834.13,1106.32,-1.6,14.52,-18.76,-10.03,32.08,-11.62,-15.18,-2.4,-1.76,175.0,175.0,175.0,2024-11-15,7.4,9.55,16.950000000000003,9.685714285714289,4.6,2.575,7.175,176.28,1.2800000000000011,0.70754,0.69779,0.702665,0.31731,54.84192324934357,-0.20487,735.0,90.0,0.777292576419214,11.0,0.0,1,9.685714285714289,2024-11-04,585.0,559.7782592773438,0.16122,0.1514599999999999,0.1514599999999999,-0.00976,-0.00976,1,0.21,0.1542485714285714,0.0557514285714285,0.0209042857142857,0.7368917898370912,0.4155710427656061,0.9362549800796812,0.1490736305731886,0.1090846914565401,0.0521353085434598,1.366586168807932,1.29,0.3350796888784531,1.4134921496132669,0.6000399061640126,-0.0189730598060795,-0.0055327054729165,-0.025282855761549,1,21.979999542236328,21.56999969482422,5.857999542236328,16.950000000000003,1.2800000000000011,expiry_intrinsic,0.8475000000000001,1.9500000000000002,1480.3000000000002,0.08458857142857144
AIZ,2024-09-30,2024-11-05,1.0,197.53,170.19,-2.25,13.46,2.52,2.69,2.4,7.0,2.52,3.26,3.29,3.28,0.0,0.0,0.0,0.0,2939390000.0,2996000000.0,2914400000.0,5.0,40764.0,35391.84,2368.0,808.68,7.08,1.56,8.81,4.88,-14.64,11.27,14.0,-0.65,0.48,190.0,210.0,190.0,2024-11-15,5.85,4.75,10.6,5.578947368421053,16.7,0.05,16.75,218.82,28.819999999999993,0.3856,0.41487,0.400235,0.24902000000000002,37.781553337414266,-0.11707000000000001,26.0,0.0,0.45714285714285713,11.0,10.526315789473696,0,-4.9473684210526425,2024-11-04,585.0,559.7782592773438,0.16122,0.1514599999999999,0.1514599999999999,-0.00976,-0.00976,1,0.21,0.1542485714285714,0.0557514285714285,0.0209042857142857,0.7368917898370912,0.4155710427656061,0.9362549800796812,0.1490736305731886,0.1090846914565401,0.0521353085434598,1.366586168807932,1.29,0.3350796888784531,1.4134921496132669,0.6000399061640126,-0.0189730598060795,-0.0055327054729165,-0.025282855761549,1,21.979999542236328,21.56999969482422,5.857999542236328,10.6,28.819999999999993,expiry_intrinsic,0.53,1.9500000000000002,-1876.9499999999994,-0.09878684210526313
MTCH,2024-09-30,2024-11-06,1.0,37.53,34.87,0.93,8.63,0.48,0.91,0.36,21.0,0.48,0.46,0.46,0.48,0.0,0.0,1.0,0.0,900870000.0,906220000.0,895600000.0,21.0,7669.6,6547.36,567.47,131.57,4.16,0.51,6.32,6.15,7.81,1.22,-4.78,1.82,-2.22,37.0,31.0,37.0,2024-11-08,1.48,1.415,2.895,7.824324324324325,0.01,6.15,6.16,30.56,6.440000000000001,1.12705,1.049,1.088025,0.31243,71.28466717216976,-0.62438,395.0,69.0,0.12498314682486181,3.0,16.216216216216218,0,-8.391891891891893,2024-11-05,595.0,566.547119140625,0.1423971428571428,0.1379732352941176,0.141705,-0.0044239075630252,-0.0006921428571428,1,0.19048,0.1430942857142857,0.0473857142857143,0.0243899999999999,0.3815136476426799,0.292230860320239,0.8286852589641435,0.1865951067891331,0.1120442879072859,0.0303528549498569,1.6653692060012582,1.45,1.2516185083477538,1.3942123725450006,0.5174036856234693,-0.0087146278942633,0.015674593122682,-0.0134965392222015,1,20.489999771118164,20.190000534057617,6.250285485403879,2.895,6.440000000000001,expiry_intrinsic,0.14475000000000002,1.9500000000000002,-370.9250000000001,-0.10025000000000003
APP,2024-09-30,2024-11-06,1.0,139.95,76.73,20.44,119.67,0.92,1.03,0.84,12.0,0.92,0.93,0.92,0.84,1.0,0.0,4.0,0.0,1131130000.0,1139900000.0,1121000000.0,18.0,8052.0,5879.2,1408.0,474.91,-5.22,-32.8,18.43,185.37,27.17,90.67,192.72,17.35,36.56,165.0,245.0,165.0,2024-11-08,11.75,11.35,23.1,14.000000000000002,81.5,0.03,81.53,290.01,125.00999999999999,1.94654,1.92703,1.936785,1.16119,40.04548775419058,-1.219485,166.0,119.0,0.3723208818126148,3.0,48.484848484848484,0,-34.484848484848484,2024-11-05,595.0,566.547119140625,0.1423971428571428,0.1379732352941176,0.141705,-0.0044239075630252,-0.0006921428571428,1,0.19048,0.1430942857142857,0.0473857142857143,0.0243899999999999,0.3815136476426799,0.292230860320239,0.8286852589641435,0.1865951067891331,0.1120442879072859,0.0303528549498569,1.6653692060012582,1.45,1.2516185083477538,1.3942123725450006,0.5174036856234693,-0.0087146278942633,0.015674593122682,-0.0134965392222015,1,20.489999771118164,20.190000534057617,6.250285485403879,23.1,125.00999999999999,expiry_intrinsic,1.155,1.9500000000000002,-10308.45,-0.6247545454545455
AEP,2024-09-30,2024-11-06,1.0,98.06,98.04,-1.85,-1.83,1.8,1.85,1.67,17.0,1.8,1.81,1.81,1.8,0.0,0.0,2.0,0.0,5434230000.0,6009000000.0,4940970000.0,6.0,2800.8,2732.0,84.8,72.98,2.9,-9.19,0.81,10.62,-1.57,-6.65,-12.25,-2.78,-3.26,100.0,95.0,100.0,2024-11-15,2.075,2.375,4.45,4.45,0.125,4.675000000000001,4.800000000000001,96.31,3.6899999999999977,0.26853,0.39536,0.331945,0.141705,57.31069906159153,-0.09755999999999998,5042.0,400.0,0.5054592164418754,10.0,5.000000000000004,0,-0.5500000000000043,2024-11-05,595.0,566.547119140625,0.1423971428571428,0.1379732352941176,0.141705,-0.0044239075630252,-0.0006921428571428,1,0.19048,0.1430942857142857,0.0473857142857143,0.0243899999999999,0.3815136476426799,0.292230860320239,0.8286852589641435,0.1865951067891331,0.1120442879072859,0.0303528549498569,1.6653692060012582,1.45,1.2516185083477538,1.3942123725450006,0.5174036856234693,-0.0087146278942633,0.015674593122682,-0.0134965392222015,1,20.489999771118164,20.190000534057617,6.250285485403879,4.45,3.6899999999999977,expiry_intrinsic,0.22250000000000003,1.9500000000000002,51.80000000000024,0.005180000000000024
MRNA,2024-09-30,2024-11-07,1.0,58.39,84.93,-13.89,-40.8,-1.9,-1.33,-2.58,16.0,-1.91,-1.83,-1.7,-1.59,1.0,0.0,3.0,0.0,1250130000.0,1468720000.0,842200000.0,15.0,-1005.6,-3485.44,2266.67,1940.84,-35.76,32.34,-62.65,8.01,-8.47,25.15,27.0,160.46,-74.01,52.0,46.5,52.0,2024-11-08,3.375,3.575,6.95,13.365384615384615,0.01,5.925,5.935,46.83,5.170000000000002,2.26848,2.27824,2.27336,0.566085,75.09919238484007,-1.4877699999999998,90.0,5012.0,0.801821344520618,2.0,10.576923076923073,1,2.788461538461542,2024-11-06,605.0,580.6347045898438,0.12219,0.122195,0.1319449999999999,5.000000000005e-06,0.0097549999999999,0,0.15146,0.12219,0.02927,0.014635,0.0,0.1598198948762713,0.5856573705179283,0.262181678515312,0.136448825837753,-0.014258825837753,1.9214652592691697,1.3,0.4548563838146072,8.045159318414525,3.918250458804043,0.0190170213240006,0.0311776393449019,0.0,1,16.270000457763672,17.670000076293945,4.0510004577636725,6.95,5.170000000000002,expiry_intrinsic,0.34750000000000003,1.9500000000000002,141.29999999999984,0.027173076923076894
MSI,2024-09-30,2024-11-07,1.0,457.91,410.76,2.63,14.41,3.38,3.49,3.34,10.0,3.36,3.36,3.36,3.36,1.0,0.0,1.0,0.0,2760780000.0,2779000000.0,2744000000.0,9.0,16591.2,14956.0,928.0,150.94,9.36,10.0,9.29,22.26,15.3,17.74,24.32,1.47,2.95,470.0,510.0,470.0,2024-11-15,11.350000000000001,11.45,22.8,4.851063829787234,35.35,0.2,35.550000000000004,489.0,19.0,0.39536,0.3856,0.39048,0.18560500000000002,52.46747592706412,-0.14634,116.0,21.0,0.215625,9.0,8.51063829787233,0,-3.6595744680850952,2024-11-06,605.0,580.6347045898438,0.12219,0.122195,0.1319449999999999,5.000000000005e-06,0.0097549999999999,0,0.15146,0.12219,0.02927,0.014635,0.0,0.1598198948762713,0.5856573705179283,0.262181678515312,0.136448825837753,-0.014258825837753,1.9214652592691697,1.3,0.4548563838146072,8.045159318414525,3.918250458804043,0.0190170213240006,0.0311776393449019,0.0,1,16.270000457763672,17.670000076293945,4.0510004577636725,22.8,19.0,expiry_intrinsic,1.1400000000000001,1.9500000000000002,264.05000000000007,0.00561808510638298
PCG,2024-09-30,2024-11-07,1.0,19.65,18.2,3.61,11.87,0.33,0.35,0.26,14.0,0.33,0.3,0.3,0.3,0.0,0.0,5.0,0.0,6609040000.0,6898000000.0,6163000000.0,4.0,4469.6,4374.24,74.67,35.66,13.16,2.13,9.31,34.78,-16.22,39.37,42.44,3.88,3.88,20.5,20.5,20.5,2024-11-08,0.21500000000000002,0.48,0.6950000000000001,3.3902439024390247,0.14,,,20.6,0.10000000000000142,0.54169,0.57096,0.556325,0.21975,60.49970790455219,-0.30243,175.0,148.0,0.16443666374890584,2.0,0.0,1,3.3902439024390247,2024-11-06,605.0,580.6347045898438,0.12219,0.122195,0.1319449999999999,5.000000000005e-06,0.0097549999999999,0,0.15146,0.12219,0.02927,0.014635,0.0,0.1598198948762713,0.5856573705179283,0.262181678515312,0.136448825837753,-0.014258825837753,1.9214652592691697,1.3,0.4548563838146072,8.045159318414525,3.918250458804043,0.0190170213240006,0.0311776393449019,0.0,1,16.270000457763672,17.670000076293945,4.0510004577636725,0.6950000000000001,0.10000000000000142,expiry_intrinsic,0.03475,1.9500000000000002,54.074999999999854,0.026378048780487735
FTNT,2024-09-30,2024-11-07,1.0,77.78,69.69,7.59,20.07,0.52,0.55,0.51,31.0,0.52,0.51,0.51,0.52,0.0,0.0,2.0,1.0,1508100000.0,1506200000.0,1444980000.0,33.0,-11178.4,-11651.04,238.93,90.99,10.95,5.99,16.07,50.0,32.56,51.45,56.7,3.71,8.9,81.0,92.0,81.0,2024-11-08,4.175,4.300000000000001,8.475000000000001,10.462962962962964,11.425,0.05,11.475000000000001,92.04,11.040000000000006,1.77093,1.78069,1.7758099999999999,0.302675,82.95566530203118,-1.287775,483.0,112.0,0.4619494112516354,2.0,13.58024691358024,0,-3.117283950617276,2024-11-06,605.0,580.6347045898438,0.12219,0.122195,0.1319449999999999,5.000000000005e-06,0.0097549999999999,0,0.15146,0.12219,0.02927,0.014635,0.0,0.1598198948762713,0.5856573705179283,0.262181678515312,0.136448825837753,-0.014258825837753,1.9214652592691697,1.3,0.4548563838146072,8.045159318414525,3.918250458804043,0.0190170213240006,0.0311776393449019,0.0,1,16.270000457763672,17.670000076293945,4.0510004577636725,8.475000000000001,11.040000000000006,expiry_intrinsic,0.42375000000000007,1.9500000000000002,-300.8250000000005,-0.03713888888888895
DDOG,2024-09-30,2024-11-07,1.0,123.72,112.28,4.91,15.59,0.4,0.51,0.38,38.0,0.4,0.39,0.39,0.38,1.0,0.0,2.0,0.0,664320000.0,687160000.0,661900000.0,36.0,4772.0,4509.92,156.8,73.23,26.66,5.57,26.74,19.44,-2.27,452.56,157.34,0.86,6.28,129.0,125.0,129.0,2024-11-08,5.824999999999999,6.199999999999999,12.024999999999999,9.321705426356589,0.01,4.949999999999999,4.959999999999999,124.45,4.549999999999997,1.61484,1.54655,1.580695,0.283165,82.0860444298236,-1.1121699999999999,321.0,864.0,0.5732324652680129,2.0,3.100775193798455,1,6.220930232558134,2024-11-06,605.0,580.6347045898438,0.12219,0.122195,0.1319449999999999,5.000000000005e-06,0.0097549999999999,0,0.15146,0.12219,0.02927,0.014635,0.0,0.1598198948762713,0.5856573705179283,0.262181678515312,0.136448825837753,-0.014258825837753,1.9214652592691697,1.3,0.4548563838146072,8.045159318414525,3.918250458804043,0.0190170213240006,0.0311776393449019,0.0,1,16.270000457763672,17.670000076293945,4.0510004577636725,12.024999999999999,4.549999999999997,expiry_intrinsic,0.60125,1.9500000000000002,685.4250000000001,0.05313372093023256
ULTA,2024-10-31,2024-12-05,1.0,382.91,367.59,2.6,6.88,4.5234,4.99,4.13,25.0,4.5055,4.5087,4.6053,4.6571,1.0,0.0,2.0,1.0,2497590120.0,2548700000.0,2455000000.0,25.0,20698.4,19972.64,505.19,829.38,0.88,-6.37,3.52,-11.96,-18.08,-12.02,-15.94,-0.95,-2.58,400.0,430.0,400.0,2024-12-06,15.15,15.25,30.4,7.6,28.6,0.03,28.630000000000003,428.17,28.170000000000016,1.28314,1.2929,1.28802,0.37097,71.19842859582926,-0.85364,892.0,277.0,0.5168238772349711,2.0,7.499999999999996,1,0.10000000000000409,2024-12-04,608.0,596.9619140625,0.097805,0.1128997619047618,0.12707,0.0150947619047618,0.029265,0,0.12219,0.08317,0.03902,0.0048749999999999,7.396606014504746e-05,3.2763406083729236e-05,0.0239043824701195,0.0626891888969399,0.1146759743488693,-0.0168709743488693,0.5466636691154309,1.38,1.7659484229619589,1.6461937446423116,-0.1017084145112306,0.0116703939894475,0.0664256858298841,0.0,1,13.449999809265137,16.389999389648438,3.6694998092651367,30.4,28.170000000000016,expiry_intrinsic,1.52,1.9500000000000002,69.04999999999826,0.0017262499999999566
MU,2024-11-30,2024-12-18,1.0,97.51,89.25,6.55,16.41,1.7691,1.96,1.73,26.0,1.7677,1.7677,1.7684,1.5883,1.0,0.0,1.0,2.0,8706361430.0,8923829000.0,8315000000.0,24.0,4965.6,3048.16,598.01,709.72,81.53,16.95,50.57,143.36,47.62,575.9,145.91,44.7,52.3,109.0,87.0,109.0,2024-12-20,6.800000000000001,7.1,13.9,12.752293577981652,0.01,21.575000000000003,21.585000000000004,90.12,18.879999999999995,1.77093,1.76118,1.766055,0.7563249999999999,57.17432356296944,-1.1121699999999999,1394.0,3051.0,0.30043927055408787,3.0,20.18348623853211,0,-7.43119266055046,2024-12-17,603.0,593.6512451171875,0.1208007142857142,0.1340378571428571,0.136825,0.0132371428571428,0.0160242857142857,0,0.1500657142857143,0.1012857142857142,0.04878,0.004875,0.5374011230281979,0.162178634751773,0.5258964143426295,0.0869525344856484,0.0628928133008059,0.0579079009849083,1.3825511997653666,1.14,-0.2187630402919824,1.3409112652423902,0.2181671967078652,0.0024716562426145,0.0316515577263063,-0.0057913497022755,1,15.869999885559082,18.1299991607666,3.7899284569876546,13.9,18.879999999999995,expiry_intrinsic,0.6950000000000001,1.9500000000000002,-569.4499999999996,-0.05224311926605501
FDX,2024-11-30,2024-12-19,0.0,293.06,254.64,-5.86,8.34,4.0569,4.7,3.65,23.0,4.0569,4.0569,4.0569,4.5148,0.0,0.0,0.0,7.0,22092234450.0,22513000000.0,21758000000.0,20.0,5308.0,8078.88,-565.15,1582.49,-0.47,-0.73,-1.77,-20.88,-6.74,-14.2,-24.03,-1.46,-1.73,272.5,275.0,272.5,2024-12-20,15.15,13.85,29.0,10.642201834862385,3.375,0.12,3.495,275.73,3.230000000000018,1.83922,1.76118,1.8002,0.24414,86.43817353627374,-1.31704,14.0,24.0,0.4446608762294035,2.0,0.917431192660545,1,9.72477064220184,2024-12-18,584.0,575.9583740234375,0.185605,0.180725,0.180725,-0.0048799999999999,-0.0048799999999999,1,0.23926,0.1417,0.09756,0.0048749999999999,1.0,0.5810893173758869,0.9840637450199204,0.2137902652169387,0.125921372187118,0.0596836278128819,1.6978076199745369,1.09,-0.6310337493465259,10.50081476253228,4.113811769240102,-0.0348666062484664,-0.0031795991845859,-0.0354222241166574,1,27.6200008392334,24.239999771118164,9.059500839233396,29.0,3.230000000000018,expiry_intrinsic,1.4500000000000002,1.9500000000000002,2430.0499999999984,0.08917614678899076
LW,2024-11-30,2024-12-19,0.0,75.07,65.44,-16.74,-4.49,1.0052,1.08,0.86,10.0,1.033,1.0546,1.0778,1.2078,0.0,0.0,0.0,0.0,1673449580.0,1685045000.0,1664806250.0,9.0,1423.2,3350.88,-675.41,1188.73,-0.67,13.43,15.47,-55.21,-39.17,-23.08,-43.08,-8.95,-8.69,80.0,62.5,80.0,2024-12-20,3.175,4.8,7.975,9.96875,0.02,17.45,17.47,62.09,17.909999999999997,1.7124,1.65386,1.68313,0.3856,77.09030199687487,-1.27314,1810.0,113.0,0.8105844618674269,2.0,21.875,0,-11.90625,2024-12-18,584.0,575.9583740234375,0.185605,0.180725,0.180725,-0.0048799999999999,-0.0048799999999999,1,0.23926,0.1417,0.09756,0.0048749999999999,1.0,0.5810893173758869,0.9840637450199204,0.2137902652169387,0.125921372187118,0.0596836278128819,1.6978076199745369,1.09,-0.6310337493465259,10.50081476253228,4.113811769240102,-0.0348666062484664,-0.0031795991845859,-0.0354222241166574,1,27.6200008392334,24.239999771118164,9.059500839233396,7.975,17.909999999999997,expiry_intrinsic,0.39875,1.9500000000000002,-1035.3249999999998,-0.12941562499999998
FITB,2024-12-31,2025-01-21,0.0,42.93,43.87,4.5,2.26,0.88,3.3547,3.1095,17.0,3.1706,3.1708,3.1719,3.2205,2.0,0.0,3.0,5.0,2205227390.0,8652000000.0,8479000000.0,12.0,3538.4,3701.92,-94.4,42.37,4.32,1.6,27.05,-14.29,-3.7,-11.45,-13.95,-4.4,-4.66,44.0,44.0,44.0,2025-02-21,1.6,1.1,2.7,6.136363636363637,1.15,1.05,2.2,42.88,1.1199999999999974,0.23926,0.24902,0.24414,0.21975,9.990169574834109,0.019514999999999977,790.0,85.0,1.5965362411802437,35.0,0.0,1,6.136363636363637,2025-01-17,610.0,589.0353393554688,0.117315,0.1256764285714285,0.1319449999999999,0.0083614285714285,0.0146299999999999,0,0.15146,0.11244,0.03902,0.014635,0.2403178386968613,0.1396461288416076,0.446215139442231,0.1290557718273382,0.1766812902964613,-0.0593662902964612,0.7304439061475605,1.19,0.7925757898527013,1.9873964268360695,-0.290093655836163,0.0294407693854399,-0.01186356961496,-0.0135217696668693,1,15.970000267028809,18.190000534057617,4.238500267028808,2.7,1.1199999999999974,expiry_intrinsic,0.135,1.9500000000000002,142.5500000000003,0.03239772727272734
IBKR,2024-12-31,2025-01-21,1.0,175.92,147.44,9.61,30.79,0.46,7.0785,6.61,10.0,6.8015,6.7815,6.8059,6.9143,4.0,0.0,8.0,1.0,1388850340.0,5211800000.0,5180450700.0,5.0,-56176.8,-46039.2,-3377.07,2241.43,-32.69,-40.7,38.16,12.82,0.0,13.86,21.76,67.43,68.74,190.0,210.0,190.0,2025-02-21,7.9,7.15,15.05,7.921052631578948,20.75,1.05,21.8,218.73,28.72999999999999,0.31731,0.32707,0.32219,0.26365,18.16940314721127,0.0,209.0,106.0,0.31674862597628,35.0,10.526315789473696,0,-2.605263157894748,2025-01-17,610.0,589.0353393554688,0.117315,0.1256764285714285,0.1319449999999999,0.0083614285714285,0.0146299999999999,0,0.15146,0.11244,0.03902,0.014635,0.2403178386968613,0.1396461288416076,0.446215139442231,0.1290557718273382,0.1766812902964613,-0.0593662902964612,0.7304439061475605,1.19,0.7925757898527013,1.9873964268360695,-0.290093655836163,0.0294407693854399,-0.01186356961496,-0.0135217696668693,1,15.970000267028809,18.190000534057617,4.238500267028808,15.05,28.72999999999999,expiry_intrinsic,0.7525000000000001,1.9500000000000002,-1445.199999999999,-0.07606315789473679
APH,2024-12-31,2025-01-22,1.0,70.99,69.8,9.65,11.52,0.5,1.89,1.82,16.0,1.8429,1.8402,1.8404,1.7655,3.0,0.0,3.0,1.0,4697631980.0,15119300000.0,14904800000.0,17.0,-8860.0,-9129.12,117.87,51.04,26.24,11.89,7.37,-35.9,13.64,34.34,29.69,0.83,0.56,75.0,80.0,75.0,2025-02-21,2.075,3.8000000000000003,5.875,7.833333333333334,4.6,0.7,5.3,67.58,7.420000000000002,0.34658,0.31731,0.331945,0.22951,30.859027850999414,-0.034145000000000036,3211.0,5761.0,0.6879269261318507,31.0,6.666666666666665,1,1.1666666666666687,2025-01-21,615.0,594.4270629882812,0.1131364285714285,0.117315,0.123695,0.0041785714285714,0.0105585714285714,0,0.1417,0.11244,0.0292599999999999,0.0139335714285714,0.19383392928089,0.1126348256501183,0.350597609561753,0.1244367390132565,0.1792541755586322,-0.0661177469872036,0.6941915781066677,1.44,2.211709956437777,2.4710730984947253,0.0041048400576211,0.0372554221612686,0.0013068579868649,-0.0044920601870236,1,15.0600004196167,17.5,3.7463575624738414,5.875,7.420000000000002,expiry_intrinsic,0.29375,1.9500000000000002,-185.82500000000016,-0.024776666666666686
ELV,2024-12-31,2025-01-23,0.0,372.94,425.27,7.62,-5.62,3.85,33.11,32.18,20.0,32.9659,32.9701,33.0209,32.9528,0.0,0.0,0.0,1.0,45948094580.0,176288110740.0,173298000000.0,14.0,12797.6,15663.36,-1094.93,1599.53,5.36,3.43,6.11,-6.9,-17.29,-14.41,-16.99,0.0,-0.82,390.0,400.0,390.0,2025-02-21,19.95,17.2,37.15,9.525641025641026,18.15,6.5,24.65,385.1,4.899999999999977,0.42462,0.40511,0.41486500000000004,0.26365,36.4492063683367,-0.08780000000000004,311.0,228.0,0.8409785932721713,30.0,2.564102564102555,1,6.961538461538471,2025-01-22,620.0,597.7686157226562,0.1075599999999999,0.117315,0.122195,0.009755,0.014635,0,0.13195,0.10268,0.02927,0.009755,0.1317997616209772,0.0765874335106382,0.2071713147410358,0.1149770498017961,0.142004562134541,-0.034444562134541,0.8096715209252371,1.27,0.992239596159076,4.279505443410966,0.7024902817718001,0.0416531902237016,0.0378677395501001,0.0,1,15.100000381469728,17.809999465942383,4.344000381469728,37.15,4.899999999999977,expiry_intrinsic,1.8575,1.9500000000000002,3037.300000000002,0.07787948717948723
NTRS,2024-12-31,2025-01-23,1.0,103.61,100.19,5.72,9.33,2.0,9.6,9.446,12.0,9.4987,9.4846,9.4779,8.8334,4.0,0.0,7.0,1.0,2632000250.0,8486721480.0,8270400000.0,6.0,6354.4,120.8,3392.0,3453.74,22.81,-16.23,46.43,48.99,-48.85,32.51,38.41,-3.63,1.72,110.0,110.0,110.0,2025-02-21,2.425,3.9,6.324999999999999,5.75,2.9000000000000004,1.025,3.9250000000000003,112.97,2.969999999999999,0.27829,0.21,0.244145,0.15634,35.96428352003932,-0.043905,223.0,602.0,0.8565656565656565,30.0,0.0,1,5.75,2025-01-22,620.0,597.7686157226562,0.1075599999999999,0.117315,0.122195,0.009755,0.014635,0,0.13195,0.10268,0.02927,0.009755,0.1317997616209772,0.0765874335106382,0.2071713147410358,0.1149770498017961,0.142004562134541,-0.034444562134541,0.8096715209252371,1.27,0.992239596159076,4.279505443410966,0.7024902817718001,0.0416531902237016,0.0378677395501001,0.0,1,15.100000381469728,17.809999465942383,4.344000381469728,6.324999999999999,2.969999999999999,expiry_intrinsic,0.31625,1.9500000000000002,301.925,0.027447727272727273
BRO,2024-12-31,2025-01-27,1.0,102.89,105.04,4.81,2.67,0.77,3.8568,3.71,14.0,3.7636,3.7632,3.7642,3.6886,1.0,0.0,2.0,3.0,1212358160.0,4774600000.0,4708576600.0,10.0,3816.8,3474.4,192.0,72.88,11.26,2.77,15.49,28.17,-2.15,24.34,13.65,-1.27,0.64,105.0,105.0,105.0,2025-02-21,3.35,2.2,5.550000000000001,5.2857142857142865,2.175,1.875,4.05,111.71,6.709999999999994,0.22951,0.23926,0.234385,0.19048,18.732000767967232,-0.0048799999999999955,1221.0,70.0,0.087248322147651,28.0,0.0,1,5.2857142857142865,2025-01-24,620.0,599.2767333984375,0.1124349999999999,0.117315,0.122195,0.00488,0.00976,0,0.1417,0.10268,0.03902,0.009755,0.1393211225004198,0.1081006205673758,0.2749003984063745,0.0810060677695694,0.1385842570780233,-0.0261492570780234,0.5845257569477229,1.11,-0.0878911767162844,0.8418342916550178,-0.6742860190502143,0.0276012381179142,0.0284529699236779,-0.0029191770004679,1,14.850000381469728,17.549999237060547,3.606500381469729,5.550000000000001,6.709999999999994,expiry_intrinsic,0.2775,1.9500000000000002,-145.6999999999993,-0.01387619047619041
SYK,2024-12-31,2025-01-28,1.0,367.11,363.43,7.64,8.73,3.87,12.1,12.03,30.0,12.0566,12.0559,12.0546,12.006,1.0,0.0,1.0,0.0,6636335040.0,22634000000.0,22409000000.0,27.0,6813.6,6446.24,194.13,114.63,11.92,1.33,10.64,16.67,2.14,15.92,21.9,0.24,1.8,400.0,390.0,400.0,2025-02-21,11.0,10.0,21.0,5.25,3.5999999999999996,11.8,15.4,382.78,17.220000000000027,0.24902,0.24902,0.24902,0.18073,27.423500120472248,-0.03902,806.0,315.0,0.4630599185573008,25.0,2.500000000000002,1,2.749999999999998,2025-01-27,610.0,590.7996826171875,0.1305557142857143,0.128534,0.136825,-0.0020217142857142,0.0062692857142856,0,0.1681842857142857,0.12219,0.0459942857142857,0.0146314285714285,0.3524701730801547,0.2252373300827425,0.649402390438247,0.1492958185161508,0.1474760710495584,-0.0169203567638441,1.0123392727622973,1.19,0.3445328658870044,2.395205753161411,-0.0680416198618472,0.0029953096933867,0.0078696754015297,-0.0170233534160036,1,17.899999618530273,18.969999313354492,4.844428189958844,21.0,17.220000000000027,expiry_intrinsic,1.05,1.9500000000000002,271.0499999999973,0.0067762499999999325
SYF,2024-12-31,2025-01-28,0.0,65.92,56.31,1.12,18.38,1.92,6.97,6.25,15.0,6.5831,6.5598,6.5256,5.943,3.0,0.0,5.0,3.0,2537940740.0,16228687000.0,15002657740.0,13.0,17792.8,17229.76,308.27,394.81,32.17,3.6,38.29,31.08,25.16,103.77,90.02,8.55,10.01,70.0,70.0,70.0,2025-02-21,2.65,2.8,5.449999999999999,7.785714285714285,1.5,2.8,4.3,61.41,8.590000000000003,0.35633,0.3856,0.370965,0.307555,17.09325677624573,-0.03902,1725.0,1309.0,1.4169316977131607,25.0,0.0,1,7.785714285714285,2025-01-27,610.0,590.7996826171875,0.1305557142857143,0.128534,0.136825,-0.0020217142857142,0.0062692857142856,0,0.1681842857142857,0.12219,0.0459942857142857,0.0146314285714285,0.3524701730801547,0.2252373300827425,0.649402390438247,0.1492958185161508,0.1474760710495584,-0.0169203567638441,1.0123392727622973,1.19,0.3445328658870044,2.395205753161411,-0.0680416198618472,0.0029953096933867,0.0078696754015297,-0.0170233534160036,1,17.899999618530273,18.969999313354492,4.844428189958844,5.449999999999999,8.590000000000003,expiry_intrinsic,0.27249999999999996,1.9500000000000002,-343.2000000000004,-0.049028571428571484
PCAR,2024-12-31,2025-01-28,0.0,104.57,104.9,2.56,2.24,1.69,8.56,7.85,13.0,8.0136,8.0136,8.0252,8.1322,1.0,0.0,1.0,0.0,8052983020.0,34248830000.0,31320000000.0,16.0,-11391.2,-11548.16,-9.07,122.13,-5.26,-5.94,10.87,-20.94,-13.15,-21.14,-17.08,-1.5,-2.07,110.0,110.0,110.0,2025-02-21,3.7,3.7,7.4,6.7272727272727275,2.85,2.375,5.225,104.46,5.540000000000006,0.31731,0.33682,0.327065,0.234385,28.33687493311727,-0.03414499999999998,77.0,2039.0,0.9865051903114187,25.0,0.0,1,6.7272727272727275,2025-01-27,610.0,590.7996826171875,0.1305557142857143,0.128534,0.136825,-0.0020217142857142,0.0062692857142856,0,0.1681842857142857,0.12219,0.0459942857142857,0.0146314285714285,0.3524701730801547,0.2252373300827425,0.649402390438247,0.1492958185161508,0.1474760710495584,-0.0169203567638441,1.0123392727622973,1.19,0.3445328658870044,2.395205753161411,-0.0680416198618472,0.0029953096933867,0.0078696754015297,-0.0170233534160036,1,17.899999618530273,18.969999313354492,4.844428189958844,7.4,5.540000000000006,expiry_intrinsic,0.37000000000000005,1.9500000000000002,147.04999999999941,0.013368181818181765
BA,2024-12-31,2025-01-28,0.0,180.72,154.29,-1.63,15.22,-3.78,-14.07,-17.67,21.0,-15.9008,-15.9008,-15.9008,-15.9031,4.0,0.0,1.0,6.0,16547579500.0,66813000000.0,66403200000.0,8.0,-125775.2,-124997.6,-2304.0,2482.43,-1.46,5.77,5.46,-220.25,-260.0,-11381.82,-591.58,-26.13,-27.62,175.0,175.0,175.0,2025-01-31,4.225,3.9,8.125,4.642857142857143,1.255,2.48,3.735,176.52,1.5200000000000102,0.56121,0.55145,0.55633,0.34657499999999997,37.70334154189061,-0.229265,1759.0,3654.0,0.6644541391215909,4.0,0.0,1,4.642857142857143,2025-01-27,610.0,590.7996826171875,0.1305557142857143,0.128534,0.136825,-0.0020217142857142,0.0062692857142856,0,0.1681842857142857,0.12219,0.0459942857142857,0.0146314285714285,0.3524701730801547,0.2252373300827425,0.649402390438247,0.1492958185161508,0.1474760710495584,-0.0169203567638441,1.0123392727622973,1.19,0.3445328658870044,2.395205753161411,-0.0680416198618472,0.0029953096933867,0.0078696754015297,-0.0170233534160036,1,17.899999618530273,18.969999313354492,4.844428189958844,8.125,1.5200000000000102,expiry_intrinsic,0.40625,1.9500000000000002,617.9249999999989,0.03530999999999994
IVZ,2024-12-31,2025-01-28,1.0,17.68,17.81,9.39,8.59,0.47,1.72,1.65,17.0,1.6769,1.6793,1.6753,1.6716,0.0,0.0,3.0,7.0,1111576950.0,4443634580.0,4363500000.0,9.0,4538.4,4536.32,86.4,139.93,5.09,2.16,-1.56,25.71,2.33,-30.05,-55.86,-9.98,-9.16,18.0,19.0,18.0,2025-02-21,0.575,0.8999999999999999,1.4749999999999999,8.194444444444443,1.125,0.2,1.325,17.48,0.5199999999999996,0.35633,0.42462,0.390475,0.27341000000000004,29.980152378513342,-0.06829000000000002,1145.0,1278.0,0.05551335894915557,25.0,5.555555555555558,1,2.638888888888885,2025-01-27,610.0,590.7996826171875,0.1305557142857143,0.128534,0.136825,-0.0020217142857142,0.0062692857142856,0,0.1681842857142857,0.12219,0.0459942857142857,0.0146314285714285,0.3524701730801547,0.2252373300827425,0.649402390438247,0.1492958185161508,0.1474760710495584,-0.0169203567638441,1.0123392727622973,1.19,0.3445328658870044,2.395205753161411,-0.0680416198618472,0.0029953096933867,0.0078696754015297,-0.0170233534160036,1,17.899999618530273,18.969999313354492,4.844428189958844,1.4749999999999999,0.5199999999999996,expiry_intrinsic,0.07375,1.9500000000000002,86.17500000000003,0.047875000000000015
CB,2024-12-31,2025-01-28,1.0,277.68,283.64,-1.95,-4.01,5.45,23.1085,21.2209,20.0,22.0374,21.9674,21.9674,21.3786,1.0,0.0,8.0,3.0,10649597180.0,45611000000.0,43486703110.0,6.0,18637.6,16726.88,1134.93,553.32,8.48,8.4,15.11,15.15,5.95,20.51,-10.56,-73.08,-3.09,275.0,275.0,275.0,2025-02-21,8.05,5.8,13.850000000000001,5.036363636363637,6.0,4.45,10.45,267.25,7.75,0.23926,0.23926,0.23926,0.19048,20.38786257627685,-0.024385000000000018,678.0,167.0,2.1053283767038415,25.0,0.0,1,5.036363636363637,2025-01-27,610.0,590.7996826171875,0.1305557142857143,0.128534,0.136825,-0.0020217142857142,0.0062692857142856,0,0.1681842857142857,0.12219,0.0459942857142857,0.0146314285714285,0.3524701730801547,0.2252373300827425,0.649402390438247,0.1492958185161508,0.1474760710495584,-0.0169203567638441,1.0123392727622973,1.19,0.3445328658870044,2.395205753161411,-0.0680416198618472,0.0029953096933867,0.0078696754015297,-0.0170233534160036,1,17.899999618530273,18.969999313354492,4.844428189958844,13.850000000000001,7.75,expiry_intrinsic,0.6925000000000001,1.9500000000000002,538.8000000000001,0.019592727272727276
OTIS,2024-12-31,2025-01-29,0.0,92.57,98.2,2.25,-3.62,0.96,3.88,3.6,13.0,3.8249,3.8401,3.8582,3.8683,1.0,0.0,2.0,1.0,3471733760.0,14350000000.0,14142000000.0,13.0,4492.0,4424.8,-4.27,78.77,0.71,-1.47,2.15,1.05,-9.43,-9.24,-37.59,0.49,-6.35,95.0,95.0,95.0,2025-02-21,2.85,3.0999999999999996,5.949999999999999,6.263157894736842,2.25,1.8,4.05,98.37,3.3700000000000045,0.22951,0.37584,0.302675,0.21487499999999998,29.008011893945664,-0.08292500000000003,70.0,12.0,0.6475,24.0,0.0,1,6.263157894736842,2025-01-28,615.0,595.8760986328125,0.1221907142857142,0.12317,0.1311949999999999,0.0009792857142857,0.0090042857142857,0,0.1598257142857142,0.11244,0.0473857142857142,0.0139421428571428,0.2540749453873297,0.17116393321513,0.5338645418326693,0.1473373289585885,0.1454363758869884,-0.0232456616012741,1.0130706851020357,1.04,-0.7913124584331845,0.9081567343733477,-0.6796769399833723,0.0024377013342002,0.0053551544661831,-0.0085771769224769,1,16.40999984741211,18.1299991607666,4.190928418840681,5.949999999999999,3.3700000000000045,expiry_intrinsic,0.2975,1.9500000000000002,226.2999999999995,0.023821052631578896
NDAQ,2024-12-31,2025-01-29,1.0,77.4,73.92,5.59,10.57,0.75,2.83,2.78,18.0,2.8058,2.8021,2.7975,2.7577,4.0,0.0,10.0,5.0,1270059630.0,4748000000.0,4650400000.0,16.0,-40040.8,-40249.6,107.73,89.63,31.08,6.14,7.41,4.23,7.25,9.96,3.94,-3.66,-6.15,82.5,82.5,82.5,2025-02-21,1.7999999999999998,2.8,4.6,5.575757575757575,1.6,1.9,3.5,81.07,1.4300000000000068,0.27829,0.26853,0.27341,0.10756,60.65981492995868,-0.014635000000000009,1896.0,544.0,2.1397361912613357,24.0,0.0,1,5.575757575757575,2025-01-28,615.0,595.8760986328125,0.1221907142857142,0.12317,0.1311949999999999,0.0009792857142857,0.0090042857142857,0,0.1598257142857142,0.11244,0.0473857142857142,0.0139421428571428,0.2540749453873297,0.17116393321513,0.5338645418326693,0.1473373289585885,0.1454363758869884,-0.0232456616012741,1.0130706851020357,1.04,-0.7913124584331845,0.9081567343733477,-0.6796769399833723,0.0024377013342002,0.0053551544661831,-0.0085771769224769,1,16.40999984741211,18.1299991607666,4.190928418840681,4.6,1.4300000000000068,expiry_intrinsic,0.22999999999999998,1.9500000000000002,292.0499999999993,0.03539999999999991
LII,2024-12-31,2025-01-29,1.0,613.99,602.57,-1.57,0.29,4.24,21.48,20.89,20.0,21.1816,21.103,21.0951,21.0676,4.0,0.0,8.0,0.0,1289550660.0,5266830000.0,5193200000.0,17.0,21663.2,19166.24,1867.73,938.57,9.65,3.24,5.06,24.39,-2.2,55.46,62.37,1.24,6.58,660.0,610.0,660.0,2025-02-21,24.05,19.75,43.8,6.636363636363636,3.175,54.55,57.724999999999994,613.96,46.039999999999964,0.31731,0.32707,0.32219,0.24902,22.710202054688224,-0.039024999999999976,3.0,0.0,1.3707865168539326,24.0,7.57575757575758,0,-0.9393939393939439,2025-01-28,615.0,595.8760986328125,0.1221907142857142,0.12317,0.1311949999999999,0.0009792857142857,0.0090042857142857,0,0.1598257142857142,0.11244,0.0473857142857142,0.0139421428571428,0.2540749453873297,0.17116393321513,0.5338645418326693,0.1473373289585885,0.1454363758869884,-0.0232456616012741,1.0130706851020357,1.04,-0.7913124584331845,0.9081567343733477,-0.6796769399833723,0.0024377013342002,0.0053551544661831,-0.0085771769224769,1,16.40999984741211,18.1299991607666,4.190928418840681,43.8,46.039999999999964,expiry_intrinsic,2.19,1.9500000000000002,-444.9499999999966,-0.006741666666666615
SHW,2024-12-31,2025-01-30,1.0,339.93,357.97,7.54,2.12,2.06,11.4034,11.17,27.0,11.2987,11.3382,11.3499,11.3517,0.0,0.0,0.0,9.0,5085601490.0,23199520000.0,23004000000.0,24.0,-84524.0,-84490.4,59.73,315.59,0.75,-1.74,2.26,5.31,-8.92,1.22,0.96,1.45,0.03,360.0,360.0,360.0,2025-02-21,13.45,11.9,25.35,7.041666666666667,7.050000000000001,7.75,14.8,344.57,15.430000000000007,0.35633,0.34658,0.35145499999999996,0.21487499999999998,38.86130514575123,-0.10243999999999998,110.0,30.0,0.538638985005767,23.0,0.0,1,7.041666666666667,2025-01-29,610.0,593.204833984375,0.12707,0.1275575,0.1319449999999999,0.0004874999999999,0.0048749999999999,0,0.16122,0.11244,0.04878,0.0097599999999999,0.3114686607292893,0.202704824172577,0.6135458167330677,0.1426006936966544,0.146365258187726,-0.019295258187726,0.9742796580439652,0.98,-1.240682268427307,0.9097832712533814,-0.6335762270286003,-0.0076346961319874,0.000781549420181,-0.0130216457390942,1,16.559999465942383,18.149999618530273,3.852999465942382,25.35,15.430000000000007,expiry_intrinsic,1.2675,1.9500000000000002,863.2999999999994,0.02398055555555554
WY,2024-12-31,2025-01-30,1.0,28.15,31.18,9.98,-0.71,0.07,0.51,0.46,11.0,0.4837,0.474,0.4662,0.4611,1.0,0.0,4.0,0.0,1650246500.0,7192000000.0,7008000000.0,10.0,3900.0,3769.44,85.33,56.07,-16.86,-13.31,-18.61,-84.85,-76.19,-57.49,-77.9,-9.96,-12.82,30.0,31.0,30.0,2025-02-21,0.975,0.6,1.575,5.25,1.0499999999999998,0.3,1.3499999999999999,29.71,0.28999999999999915,0.20024,0.28804,0.24414000000000002,0.21975,9.99016957483412,-0.019510000000000027,505.0,67.0,0.5962264150943396,23.0,3.3333333333333437,1,1.9166666666666563,2025-01-29,610.0,593.204833984375,0.12707,0.1275575,0.1319449999999999,0.0004874999999999,0.0048749999999999,0,0.16122,0.11244,0.04878,0.0097599999999999,0.3114686607292893,0.202704824172577,0.6135458167330677,0.1426006936966544,0.146365258187726,-0.019295258187726,0.9742796580439652,0.98,-1.240682268427307,0.9097832712533814,-0.6335762270286003,-0.0076346961319874,0.000781549420181,-0.0130216457390942,1,16.559999465942383,18.149999618530273,3.852999465942382,1.575,0.28999999999999915,expiry_intrinsic,0.07875,1.9500000000000002,118.67500000000007,0.039558333333333355
LHX,2024-12-31,2025-01-30,1.0,210.28,247.48,0.85,-14.31,3.42,13.14,12.9225,22.0,13.0666,13.0711,13.0795,13.0746,1.0,0.0,2.0,7.0,5617597230.0,21421000000.0,21168000000.0,21.0,9749.6,9350.88,141.87,96.83,7.67,-0.13,92.2,4.7,3.09,5.87,-2.8,0.32,-1.06,210.0,210.0,210.0,2025-02-21,7.5,4.75,12.25,5.833333333333333,5.7,2.825,8.525,199.02,10.97999999999999,0.28804,0.27829,0.283165,0.20512,27.56166899157735,-0.039025000000000004,123.0,9.0,0.22524977293369663,23.0,0.0,1,5.833333333333333,2025-01-29,610.0,593.204833984375,0.12707,0.1275575,0.1319449999999999,0.0004874999999999,0.0048749999999999,0,0.16122,0.11244,0.04878,0.0097599999999999,0.3114686607292893,0.202704824172577,0.6135458167330677,0.1426006936966544,0.146365258187726,-0.019295258187726,0.9742796580439652,0.98,-1.240682268427307,0.9097832712533814,-0.6335762270286003,-0.0076346961319874,0.000781549420181,-0.0130216457390942,1,16.559999465942383,18.149999618530273,3.852999465942382,12.25,10.97999999999999,expiry_intrinsic,0.6125,1.9500000000000002,63.80000000000102,0.0030380952380952867
BKR,2024-12-31,2025-01-30,1.0,41.02,37.85,8.73,17.83,0.63,2.38,2.239,23.0,2.2932,2.2932,2.2955,2.2849,0.0,0.0,0.0,2.0,7149317860.0,27617000000.0,27366000000.0,23.0,904.8,605.6,166.4,43.72,4.02,-3.24,15.42,59.52,17.54,24.72,30.25,2.1,2.71,43.0,46.0,43.0,2025-02-21,1.375,1.35,2.725,6.337209302325582,3.4,0.25,3.65,45.62,2.6199999999999974,0.2978,0.33682,0.31731,0.27341,13.835050896599538,-0.024390000000000023,814.0,13.0,0.6213592233009708,23.0,6.976744186046502,0,-0.6395348837209198,2025-01-29,610.0,593.204833984375,0.12707,0.1275575,0.1319449999999999,0.0004874999999999,0.0048749999999999,0,0.16122,0.11244,0.04878,0.0097599999999999,0.3114686607292893,0.202704824172577,0.6135458167330677,0.1426006936966544,0.146365258187726,-0.019295258187726,0.9742796580439652,0.98,-1.240682268427307,0.9097832712533814,-0.6335762270286003,-0.0076346961319874,0.000781549420181,-0.0130216457390942,1,16.559999465942383,18.149999618530273,3.852999465942382,2.725,2.6199999999999974,expiry_intrinsic,0.13625,1.9500000000000002,-5.074999999999736,-0.0011802325581394737
GEN,2024-12-31,2025-01-30,0.0,27.38,28.27,1.86,-1.34,0.55,1.98,1.94,7.0,1.95,1.95,1.95,1.96,0.0,0.0,0.0,0.0,890863070.0,3815000000.0,3809610000.0,7.0,1178.21,1148.14,-270.46,370.88,4.01,1.23,2.68,47.37,3.7,-3.0,12.65,-0.37,2.91,27.0,27.0,27.0,2025-02-21,1.1,0.8500000000000001,1.9500000000000002,7.222222222222223,0.55,0.6499999999999999,1.2,27.05,0.05000000000000071,0.24902,0.42462,0.33682,0.234385,30.412386437859983,0.0048799999999999955,33.0,24.0,0.10674157303370786,23.0,0.0,1,7.222222222222223,2025-01-29,610.0,593.204833984375,0.12707,0.1275575,0.1319449999999999,0.0004874999999999,0.0048749999999999,0,0.16122,0.11244,0.04878,0.0097599999999999,0.3114686607292893,0.202704824172577,0.6135458167330677,0.1426006936966544,0.146365258187726,-0.019295258187726,0.9742796580439652,0.98,-1.240682268427307,0.9097832712533814,-0.6335762270286003,-0.0076346961319874,0.000781549420181,-0.0130216457390942,1,16.559999465942383,18.149999618530273,3.852999465942382,1.9500000000000002,0.05000000000000071,expiry_intrinsic,0.09750000000000002,1.9500000000000002,178.29999999999995,0.06603703703703702
INTC,2024-12-31,2025-01-30,1.0,20.05,23.2,-0.2,-13.75,0.12,-0.06,-0.27,35.0,-0.1437,-0.1457,-0.1454,0.2573,1.0,0.0,1.0,2.0,13902159810.0,53210000000.0,52147000000.0,42.0,8936.8,9913.44,-380.8,428.65,-6.17,3.51,-8.64,-212.2,-2400.0,-301.08,-113112.5,-27.48,-68.12,20.0,19.5,20.0,2025-01-31,0.97,1.2,2.17,10.85,0.01,0.595,0.605,19.43,0.5700000000000003,1.85874,1.82947,1.8441049999999999,0.536815,70.89021503656244,-1.1999749999999998,30261.0,10926.0,0.5461871675572944,2.0,2.500000000000002,1,8.349999999999998,2025-01-29,610.0,593.204833984375,0.12707,0.1275575,0.1319449999999999,0.0004874999999999,0.0048749999999999,0,0.16122,0.11244,0.04878,0.0097599999999999,0.3114686607292893,0.202704824172577,0.6135458167330677,0.1426006936966544,0.146365258187726,-0.019295258187726,0.9742796580439652,0.98,-1.240682268427307,0.9097832712533814,-0.6335762270286003,-0.0076346961319874,0.000781549420181,-0.0130216457390942,1,16.559999465942383,18.149999618530273,3.852999465942382,2.17,0.5700000000000003,expiry_intrinsic,0.1085,1.9500000000000002,147.19999999999996,0.07359999999999998
BEN,2024-12-31,2025-01-31,1.0,,,,,0.53,2.45,2.37,14.0,2.41,2.4,2.4,2.41,0.0,0.0,6.0,0.0,721045930.0,6552500000.0,6518600000.0,7.0,10409.76,10180.26,224.85,151.93,13.08,6.06,8.45,-15.71,-1.67,3.81,6.05,-0.18,-0.64,20.0,20.0,20.0,2025-02-21,0.75,0.55,1.3,6.5,1.025,0.225,1.25,20.53,0.5300000000000011,0.32707,0.32707,0.32707,0.29779500000000003,8.950683339957804,-0.024395,6489.0,91.0,1.685512367491166,22.0,0.0,1,6.5,2025-01-30,615.0,596.3886108398438,0.1187085714285714,0.122195,0.1319449999999999,0.0034864285714285,0.0132364285714285,0,0.15146,0.11244,0.03902,0.0132414285714285,0.1428479906281177,0.148654513888889,0.446215139442231,0.1423230955253925,0.1421460221147613,-0.0234374506861899,1.001245714850101,1.01,-1.035999501928723,0.741515371034527,-0.6555629929940797,-0.007724455525659,0.0168567786247626,-0.007724455525659,1,15.84000015258789,17.90999984741211,3.9691430097307463,1.3,0.5300000000000011,expiry_intrinsic,0.065,1.9500000000000002,68.5499999999999,0.03427499999999995
BR,2024-12-31,2025-01-31,1.0,226.09,210.21,5.37,13.32,1.49,7.76,7.68,6.0,7.73,7.73,7.73,7.74,0.0,0.0,0.0,0.0,1719973580.0,6541220000.0,6506000000.0,7.0,38681.57,38365.04,2000.26,2378.91,13.11,11.69,6.39,-47.12,56.0,37.58,69.37,3.15,4.41,240.0,240.0,240.0,2025-02-21,6.1,5.65,11.75,4.895833333333333,4.25,3.925,8.175,235.33,4.6699999999999875,0.26853,0.23926,0.253895,0.19048500000000002,24.974891195179097,-0.03902,80.0,24.0,0.4,22.0,0.0,1,4.895833333333333,2025-01-30,615.0,596.3886108398438,0.1187085714285714,0.122195,0.1319449999999999,0.0034864285714285,0.0132364285714285,0,0.15146,0.11244,0.03902,0.0132414285714285,0.1428479906281177,0.148654513888889,0.446215139442231,0.1423230955253925,0.1421460221147613,-0.0234374506861899,1.001245714850101,1.01,-1.035999501928723,0.741515371034527,-0.6555629929940797,-0.007724455525659,0.0168567786247626,-0.007724455525659,1,15.84000015258789,17.90999984741211,3.9691430097307463,11.75,4.6699999999999875,expiry_intrinsic,0.5875,1.9500000000000002,647.3000000000012,0.026970833333333385
AON,2024-12-31,2025-01-31,1.0,359.16,364.42,3.25,1.76,4.25,15.7,15.04,19.0,15.4287,15.4366,15.4398,15.3036,1.0,0.0,1.0,4.0,4204060160.0,15825000000.0,15706146000.0,15.0,3004.0,5789.28,-806.93,1068.36,26.01,-1.04,10.89,-32.33,-46.42,19.16,-9.84,-0.72,-6.66,370.0,380.0,370.0,2025-02-21,11.05,9.45,20.5,5.540540540540541,9.35,3.95,13.3,389.56,19.560000000000002,0.25877,0.2978,0.278285,0.18560500000000002,33.30398691988429,-0.07316500000000001,324.0,58.0,0.5991847826086957,22.0,2.7027027027026973,1,2.837837837837844,2025-01-30,615.0,596.3886108398438,0.1187085714285714,0.122195,0.1319449999999999,0.0034864285714285,0.0132364285714285,0,0.15146,0.11244,0.03902,0.0132414285714285,0.1428479906281177,0.148654513888889,0.446215139442231,0.1423230955253925,0.1421460221147613,-0.0234374506861899,1.001245714850101,1.01,-1.035999501928723,0.741515371034527,-0.6555629929940797,-0.007724455525659,0.0168567786247626,-0.007724455525659,1,15.84000015258789,17.90999984741211,3.9691430097307463,20.5,19.560000000000002,expiry_intrinsic,1.0250000000000001,1.9500000000000002,-10.45000000000024,-0.0002824324324324389
RVTY,2024-12-31,2025-01-31,1.0,111.61,121.04,13.01,4.21,1.38,4.869,4.84,16.0,4.852,4.8422,4.8482,4.7505,1.0,0.0,2.0,1.0,736588990.0,2759980000.0,2735600000.0,14.0,2365.6,1753.6,262.93,119.34,1.98,-1.1,,8.47,4.92,26.07,10.03,0.72,1.1,125.0,125.0,125.0,2025-02-21,6.300000000000001,4.65,10.950000000000001,8.760000000000002,2.675,3.5250000000000004,6.2,113.84,11.159999999999997,0.41487,0.46365,0.43926,0.278285,36.64686062924008,-0.13171,35.0,114.0,0.6797752808988764,22.0,0.0,1,8.760000000000002,2025-01-30,615.0,596.3886108398438,0.1187085714285714,0.122195,0.1319449999999999,0.0034864285714285,0.0132364285714285,0,0.15146,0.11244,0.03902,0.0132414285714285,0.1428479906281177,0.148654513888889,0.446215139442231,0.1423230955253925,0.1421460221147613,-0.0234374506861899,1.001245714850101,1.01,-1.035999501928723,0.741515371034527,-0.6555629929940797,-0.007724455525659,0.0168567786247626,-0.007724455525659,1,15.84000015258789,17.90999984741211,3.9691430097307463,10.950000000000001,11.159999999999997,expiry_intrinsic,0.5475000000000001,1.9500000000000002,-77.69999999999956,-0.006215999999999965
IDXX,2024-12-31,2025-02-03,1.0,415.53,415.98,12.88,12.76,2.4,11.04,10.42,8.0,10.6925,10.73,10.73,10.754,3.0,0.0,3.0,0.0,931291890.0,3909000000.0,3873390000.0,11.0,18664.8,17658.72,614.4,147.48,6.56,-2.79,7.79,10.67,-7.28,11.83,10.39,1.25,1.08,420.0,470.0,420.0,2025-02-21,20.9,15.25,36.15,8.607142857142856,46.45,0.875,47.325,452.77,32.76999999999998,0.48316,0.41487,0.449015,0.253895,43.455118425887775,-0.15121999999999997,55.0,30.0,3.4048442906574397,21.0,11.904761904761907,0,-3.297619047619051,2025-01-31,610.0,593.2146606445312,0.1235842857142857,0.1273567647058823,0.1322499999999999,0.0037724789915966,0.0086657142857142,0,0.16122,0.11244,0.04878,0.0132457142857142,0.2053211059553555,0.1801723182624114,0.549800796812749,0.1447981776527558,0.1369624123783848,-0.013378126664099,1.0572110635195535,1.29,0.9536376511732496,2.455226364097319,0.0388431336648775,-0.0101156484409612,0.0231205694812399,-0.0130052960731554,1,16.43000030517578,18.43000030517578,4.071571733747209,36.15,32.76999999999998,expiry_intrinsic,1.8075,1.9500000000000002,155.3000000000017,0.003697619047619088
DOC,2024-12-31,2025-02-03,0.0,20.42,22.51,-0.2,-9.46,0.05,0.15,0.14,2.0,0.145,0.15,0.15,0.4,0.0,0.0,0.0,0.0,734866370.0,2714213000.0,2652040200.0,11.0,2031.2,1869.92,128.0,257.6,25.92,0.7,13.42,0.0,-76.19,49.68,0.89,1.82,-4.14,20.0,20.0,20.0,2025-02-21,0.525,0.325,0.8500000000000001,4.25,0.35,0.5,0.85,19.74,0.26000000000000156,0.01488,0.31731,0.166095,0.24414,-46.98816942111443,-0.009754999999999986,102.0,6.0,0.02459016393442623,21.0,0.0,1,4.25,2025-01-31,610.0,593.2146606445312,0.1235842857142857,0.1273567647058823,0.1322499999999999,0.0037724789915966,0.0086657142857142,0,0.16122,0.11244,0.04878,0.0132457142857142,0.2053211059553555,0.1801723182624114,0.549800796812749,0.1447981776527558,0.1369624123783848,-0.013378126664099,1.0572110635195535,1.29,0.9536376511732496,2.455226364097319,0.0388431336648775,-0.0101156484409612,0.0231205694812399,-0.0130052960731554,1,16.43000030517578,18.43000030517578,4.071571733747209,0.8500000000000001,0.26000000000000156,expiry_intrinsic,0.04250000000000001,1.9500000000000002,52.799999999999855,0.026399999999999927
SPG,2024-12-31,2025-02-04,0.0,176.07,173.61,-1.54,-0.15,1.85,7.23,5.4,4.0,6.7354,6.6106,6.6106,6.7588,1.0,0.0,1.0,0.0,1450806860.0,5398882000.0,5351009580.0,5.0,-1389.6,27.36,-236.8,1031.18,4.94,1.54,6.55,22.69,-3.31,-11.97,10.59,2.04,2.65,175.0,180.0,175.0,2025-02-21,3.75,4.8,8.55,4.885714285714286,5.8,1.125,6.925,183.8,8.800000000000011,0.27829,0.26853,0.27341,0.19048500000000002,30.32990746497933,-0.04390499999999997,278.0,19.0,1.1090909090909091,18.0,2.857142857142847,1,2.028571428571439,2025-02-03,610.0,589.2225341796875,0.1403071428571428,0.1342414705882352,0.136825,-0.0060656722689075,-0.0034821428571428,1,0.18073,0.13195,0.0487799999999999,0.0160328571428571,0.4195930918975316,0.2882729388297873,0.7569721115537849,0.1107466973650752,0.1387273172674096,0.0015798255897331,0.7983049016337624,1.31,1.0230980248968429,2.7903966032774745,0.1630087455334954,-0.0026695146999967,0.0199459420796526,-0.0196474240238132,1,18.6200008392334,19.549999237060547,4.589286553519113,8.55,8.800000000000011,expiry_intrinsic,0.42750000000000005,1.9500000000000002,-69.70000000000107,-0.003982857142857204
VLTO,2024-12-31,2025-02-04,1.0,100.8,102.99,0.18,-1.95,0.89,3.5,3.33,15.0,3.4693,3.4732,3.4692,3.4656,0.0,0.0,1.0,2.0,1366102860.0,5205000000.0,5172000000.0,14.0,2284.0,1964.0,139.73,65.79,4.7,2.02,,18.67,4.71,12.24,12.82,1.98,1.69,100.0,95.0,100.0,2025-02-21,3.375,2.3,5.675,5.675,0.45,4.15,4.6000000000000005,98.15,1.8499999999999943,0.2978,0.32707,0.312435,0.209995,32.78761982492359,-0.04390500000000003,5.0,3.0,0.990990990990991,18.0,5.000000000000004,1,0.6749999999999954,2025-02-03,610.0,589.2225341796875,0.1403071428571428,0.1342414705882352,0.136825,-0.0060656722689075,-0.0034821428571428,1,0.18073,0.13195,0.0487799999999999,0.0160328571428571,0.4195930918975316,0.2882729388297873,0.7569721115537849,0.1107466973650752,0.1387273172674096,0.0015798255897331,0.7983049016337624,1.31,1.0230980248968429,2.7903966032774745,0.1630087455334954,-0.0026695146999967,0.0199459420796526,-0.0196474240238132,1,18.6200008392334,19.549999237060547,4.589286553519113,5.675,1.8499999999999943,expiry_intrinsic,0.28375,1.9500000000000002,352.1750000000006,0.03521750000000006
WEC,2024-12-31,2025-02-04,0.0,93.79,96.01,5.79,3.34,1.43,4.9,4.8526,9.0,4.8714,4.8702,4.8702,4.8701,1.0,0.0,1.0,1.0,2265397500.0,9304000000.0,8535000000.0,12.0,7469.6,7143.2,106.67,72.88,-4.8,5.16,-6.54,-24.0,13.43,-7.27,-18.71,-1.96,-3.52,100.0,100.0,100.0,2025-02-21,2.025,1.525,3.55,3.55,1.825,1.25,3.075,104.05,4.049999999999997,0.19048,0.21,0.20024,0.17585,12.180383539752295,-0.014630000000000004,435.0,36.0,0.00624512099921936,18.0,0.0,1,3.55,2025-02-03,610.0,589.2225341796875,0.1403071428571428,0.1342414705882352,0.136825,-0.0060656722689075,-0.0034821428571428,1,0.18073,0.13195,0.0487799999999999,0.0160328571428571,0.4195930918975316,0.2882729388297873,0.7569721115537849,0.1107466973650752,0.1387273172674096,0.0015798255897331,0.7983049016337624,1.31,1.0230980248968429,2.7903966032774745,0.1630087455334954,-0.0026695146999967,0.0199459420796526,-0.0196474240238132,1,18.6200008392334,19.549999237060547,4.589286553519113,3.55,4.049999999999997,expiry_intrinsic,0.1775,1.9500000000000002,-69.69999999999973,-0.006969999999999974
PRU,2024-12-31,2025-02-04,0.0,119.14,127.73,-1.0,-7.66,3.26,13.54,12.8,13.0,13.0946,13.3791,13.3727,13.3311,0.0,0.0,0.0,9.0,25146236840.0,71354100000.0,55390000000.0,10.0,6954.4,13552.8,-2773.33,2953.84,131.38,30.79,18.87,-63.95,-63.42,146.42,152.27,-3.85,15.36,120.0,115.0,120.0,2025-02-21,2.55,3.95,6.5,5.416666666666667,0.3,6.949999999999999,7.249999999999999,109.5,10.5,0.27829,0.32707,0.30268,0.258775,14.50541826351263,-0.05853999999999998,803.0,56.0,3.183368869936034,18.0,4.1666666666666625,1,1.2500000000000044,2025-02-03,610.0,589.2225341796875,0.1403071428571428,0.1342414705882352,0.136825,-0.0060656722689075,-0.0034821428571428,1,0.18073,0.13195,0.0487799999999999,0.0160328571428571,0.4195930918975316,0.2882729388297873,0.7569721115537849,0.1107466973650752,0.1387273172674096,0.0015798255897331,0.7983049016337624,1.31,1.0230980248968429,2.7903966032774745,0.1630087455334954,-0.0026695146999967,0.0199459420796526,-0.0196474240238132,1,18.6200008392334,19.549999237060547,4.589286553519113,6.5,10.5,expiry_intrinsic,0.325,1.9500000000000002,-434.45,-0.03620416666666666
IEX,2024-12-31,2025-02-04,1.0,207.02,234.9,5.62,-6.92,2.03,7.95,7.83,14.0,7.8789,7.8874,7.8874,7.861,0.0,0.0,0.0,4.0,847137100.0,3281310000.0,3258368300.0,13.0,8008.8,7752.8,53.33,143.78,0.6,-1.11,0.23,-10.38,-7.77,-33.57,-4.85,0.28,-1.27,220.0,200.0,220.0,2025-02-21,4.0,4.55,8.55,3.8863636363636362,0.3,21.8,22.1,192.98,27.02000000000001,0.21975,0.21975,0.21975,0.21487499999999998,2.2184300341297014,-0.009750000000000009,84.0,3.0,0.0,18.0,9.090909090909093,0,-5.204545454545457,2025-02-03,610.0,589.2225341796875,0.1403071428571428,0.1342414705882352,0.136825,-0.0060656722689075,-0.0034821428571428,1,0.18073,0.13195,0.0487799999999999,0.0160328571428571,0.4195930918975316,0.2882729388297873,0.7569721115537849,0.1107466973650752,0.1387273172674096,0.0015798255897331,0.7983049016337624,1.31,1.0230980248968429,2.7903966032774745,0.1630087455334954,-0.0026695146999967,0.0199459420796526,-0.0196474240238132,1,18.6200008392334,19.549999237060547,4.589286553519113,8.55,27.02000000000001,expiry_intrinsic,0.42750000000000005,1.9500000000000002,-1891.700000000001,-0.08598636363636368
AME,2024-12-31,2025-02-04,1.0,179.57,190.32,0.52,-5.16,1.85,6.86,6.78,16.0,6.8113,6.8144,6.816,6.76,1.0,0.0,1.0,3.0,1740587330.0,7159000000.0,6968000000.0,17.0,5687.2,6010.4,-120.53,251.44,5.28,-1.51,6.9,-10.37,-11.45,4.02,1.76,-1.05,-0.9,185.0,180.0,185.0,2025-02-21,4.7,5.55,10.25,5.540540540540541,1.3,6.199999999999999,7.499999999999999,186.19,1.1899999999999977,0.2978,0.32707,0.312435,0.20512,34.34794437242947,-0.09756000000000004,521.0,152.0,1.056840077071291,18.0,2.7027027027026973,1,2.837837837837844,2025-02-03,610.0,589.2225341796875,0.1403071428571428,0.1342414705882352,0.136825,-0.0060656722689075,-0.0034821428571428,1,0.18073,0.13195,0.0487799999999999,0.0160328571428571,0.4195930918975316,0.2882729388297873,0.7569721115537849,0.1107466973650752,0.1387273172674096,0.0015798255897331,0.7983049016337624,1.31,1.0230980248968429,2.7903966032774745,0.1630087455334954,-0.0026695146999967,0.0199459420796526,-0.0196474240238132,1,18.6200008392334,19.549999237060547,4.589286553519113,10.25,1.1899999999999977,expiry_intrinsic,0.5125000000000001,1.9500000000000002,852.8000000000003,0.046097297297297314
BALL,2024-12-31,2025-02-04,1.0,54.03,60.27,-4.05,-13.99,0.81,3.17,3.03,14.0,3.1288,3.1288,3.1288,3.0804,0.0,0.0,1.0,3.0,2414393670.0,12197100000.0,11779600000.0,13.0,2655.2,2239.2,138.67,111.71,-0.93,4.16,74.91,9.64,22.97,-5.53,-1.08,2.07,-0.02,55.0,52.5,55.0,2025-02-21,2.425,1.625,4.05,7.363636363636364,0.125,3.75,3.875,51.35,3.6499999999999986,0.40511,0.40511,0.40511,0.24414,39.73488682086347,-0.097555,1574.0,142.0,0.6875,18.0,4.545454545454541,1,2.818181818181823,2025-02-03,610.0,589.2225341796875,0.1403071428571428,0.1342414705882352,0.136825,-0.0060656722689075,-0.0034821428571428,1,0.18073,0.13195,0.0487799999999999,0.0160328571428571,0.4195930918975316,0.2882729388297873,0.7569721115537849,0.1107466973650752,0.1387273172674096,0.0015798255897331,0.7983049016337624,1.31,1.0230980248968429,2.7903966032774745,0.1630087455334954,-0.0026695146999967,0.0199459420796526,-0.0196474240238132,1,18.6200008392334,19.549999237060547,4.589286553519113,4.05,3.6499999999999986,expiry_intrinsic,0.2025,1.9500000000000002,17.800000000000125,0.003236363636363659
HUBB,2024-12-31,2025-02-04,1.0,430.96,472.12,-6.97,-15.08,4.02,16.59,15.57,14.0,16.4794,16.4745,16.4745,16.4188,2.0,0.0,2.0,3.0,1350456010.0,5776000000.0,5687217050.0,13.0,17634.4,17092.96,294.4,140.51,4.86,-0.68,7.71,13.67,2.75,11.95,9.95,-0.97,0.98,410.0,400.0,410.0,2025-02-21,16.95,17.65,34.599999999999994,8.439024390243901,7.35,16.65,24.0,377.48,32.51999999999998,0.4734,0.48316,0.47828,0.3417,28.556494103872204,-0.14145499999999994,1.0,11.0,0.6631578947368421,18.0,2.4390243902439046,1,5.9999999999999964,2025-02-03,610.0,589.2225341796875,0.1403071428571428,0.1342414705882352,0.136825,-0.0060656722689075,-0.0034821428571428,1,0.18073,0.13195,0.0487799999999999,0.0160328571428571,0.4195930918975316,0.2882729388297873,0.7569721115537849,0.1107466973650752,0.1387273172674096,0.0015798255897331,0.7983049016337624,1.31,1.0230980248968429,2.7903966032774745,0.1630087455334954,-0.0026695146999967,0.0199459420796526,-0.0196474240238132,1,18.6200008392334,19.549999237060547,4.589286553519113,34.599999999999994,32.51999999999998,expiry_intrinsic,1.7299999999999998,1.9500000000000002,33.05000000000127,0.0008060975609756407
NWS,2024-12-31,2025-02-05,1.0,30.27,31.32,9.81,6.13,0.3161,0.36,0.2883,3.0,0.29,0.29,0.29,0.275,1.0,0.0,1.0,0.0,2176004120.0,2206000000.0,2153200000.0,9.0,1500.0,1500.0,66.72,0.0,,,,,,,,,,35.0,35.0,35.0,2025-02-21,0.45,2.4,2.85,8.142857142857144,0.17,2.1,2.27,32.3,2.700000000000003,0.1417,0.36609,0.253895,0.205115,19.212666653537877,-0.03901999999999997,7.0,4.0,0.0,17.0,0.0,1,8.142857142857144,2025-02-04,610.0,593.17529296875,0.1319449999999999,0.1285038235294117,0.1349949999999999,-0.0034411764705882,0.0030499999999999,0,0.17097,0.11244,0.05853,0.00976,0.3332877742089794,0.2342180112293143,0.649402390438247,0.1014863417749096,0.1395181811831516,-0.0075731811831517,0.7274058543071462,1.08,-0.7802894186569614,1.689147191822205,-0.2768125381423662,-0.0045324953799276,0.0293172566986066,-0.0130707962876306,1,17.209999084472656,18.63999938964844,4.015499084472658,2.85,2.700000000000003,expiry_intrinsic,0.14250000000000002,1.9500000000000002,-1.200000000000277,-0.000342857142857222
NWSA,2024-12-31,2025-02-05,0.0,27.44,29.16,4.88,-1.3,0.31,0.71,0.67,4.0,0.68,0.68,0.68,0.7,2.0,0.0,2.0,0.0,2808045880.0,10053900000.0,9957000000.0,7.0,4254.72,4007.47,-313.76,596.32,4.82,-13.15,-6.85,1750.0,57.14,64.46,25.86,0.0,2.73,30.0,30.0,30.0,2025-02-21,0.45,1.875,2.325,7.75,0.1,1.625,1.725,28.53,1.4699999999999989,0.39536,0.40511,0.400235,0.2539,36.562269666570884,-0.13658000000000003,1431.0,7.0,0.012269938650306749,17.0,0.0,1,7.75,2025-02-04,610.0,593.17529296875,0.1319449999999999,0.1285038235294117,0.1349949999999999,-0.0034411764705882,0.0030499999999999,0,0.17097,0.11244,0.05853,0.00976,0.3332877742089794,0.2342180112293143,0.649402390438247,0.1014863417749096,0.1395181811831516,-0.0075731811831517,0.7274058543071462,1.08,-0.7802894186569614,1.689147191822205,-0.2768125381423662,-0.0045324953799276,0.0293172566986066,-0.0130707962876306,1,17.209999084472656,18.63999938964844,4.015499084472658,2.325,1.4699999999999989,expiry_intrinsic,0.11625000000000002,1.9500000000000002,71.92500000000014,0.023975000000000045
ODFL,2024-12-31,2025-02-05,1.0,182.67,222.91,6.01,-13.13,1.16,5.6,5.39,21.0,5.4323,5.4398,5.4479,5.4463,0.0,0.0,1.0,8.0,1356600470.0,5977250000.0,5788400000.0,17.0,-4784.8,-4862.08,86.93,60.71,-2.97,-1.9,-3.16,-53.72,-3.38,-7.68,-9.7,-1.65,-2.04,185.0,195.0,185.0,2025-02-21,5.95,7.15,13.100000000000001,7.0810810810810825,13.5,1.05,14.55,180.4,4.599999999999994,0.40511,0.42462,0.41486500000000004,0.27829,32.92034758294868,-0.07316500000000004,135.0,297.0,0.32574031890660593,17.0,5.405405405405395,1,1.6756756756756879,2025-02-04,610.0,593.17529296875,0.1319449999999999,0.1285038235294117,0.1349949999999999,-0.0034411764705882,0.0030499999999999,0,0.17097,0.11244,0.05853,0.00976,0.3332877742089794,0.2342180112293143,0.649402390438247,0.1014863417749096,0.1395181811831516,-0.0075731811831517,0.7274058543071462,1.08,-0.7802894186569614,1.689147191822205,-0.2768125381423662,-0.0045324953799276,0.0293172566986066,-0.0130707962876306,1,17.209999084472656,18.63999938964844,4.015499084472658,13.100000000000001,4.599999999999994,expiry_intrinsic,0.6550000000000001,1.9500000000000002,782.5500000000006,0.04230000000000003
ORLY,2024-12-31,2025-02-05,0.0,1210.47,1214.51,11.38,11.01,0.65,41.32,40.6,24.0,40.9157,40.9032,40.9033,40.8839,2.0,0.0,4.0,0.0,3934309090.0,16727624000.0,16586000000.0,28.0,-324120.8,-278483.04,-15754.67,9755.29,3.83,2.16,7.71,7.04,8.57,1.65,-0.06,0.18,-0.8,1340.0,1340.0,1340.0,2025-02-21,35.05,36.349999999999994,71.39999999999999,5.328358208955223,15.1,21.9,37.0,1303.41,36.58999999999992,0.31731,0.2978,0.307555,0.17097,44.40994293703565,-0.05853500000000003,39.0,11.0,1.4017094017094016,17.0,0.0,1,5.328358208955223,2025-02-04,610.0,593.17529296875,0.1319449999999999,0.1285038235294117,0.1349949999999999,-0.0034411764705882,0.0030499999999999,0,0.17097,0.11244,0.05853,0.00976,0.3332877742089794,0.2342180112293143,0.649402390438247,0.1014863417749096,0.1395181811831516,-0.0075731811831517,0.7274058543071462,1.08,-0.7802894186569614,1.689147191822205,-0.2768125381423662,-0.0045324953799276,0.0293172566986066,-0.0130707962876306,1,17.209999084472656,18.63999938964844,4.015499084472658,71.39999999999999,36.58999999999992,expiry_intrinsic,3.57,1.9500000000000002,3122.0500000000075,0.02329888059701498
STE,2024-12-31,2025-02-05,0.0,204.01,215.5,8.24,2.47,2.32,8.67,8.45,7.0,8.63,8.66,8.66,8.66,0.0,0.0,0.0,1.0,1459312430.0,5497720000.0,5347000000.0,8.0,822.62,527.94,-91.39,344.21,5.61,3.13,6.92,18.37,8.41,1.24,8.31,1.38,0.45,220.0,230.0,220.0,2025-02-21,6.35,7.15,13.5,6.136363636363637,7.0,2.75,9.75,220.56,0.5600000000000023,0.33682,0.37584,0.35633000000000004,0.141705,60.232088232817894,-0.07804500000000003,196.0,0.0,,17.0,4.545454545454541,1,1.5909090909090953,2025-02-04,610.0,593.17529296875,0.1319449999999999,0.1285038235294117,0.1349949999999999,-0.0034411764705882,0.0030499999999999,0,0.17097,0.11244,0.05853,0.00976,0.3332877742089794,0.2342180112293143,0.649402390438247,0.1014863417749096,0.1395181811831516,-0.0075731811831517,0.7274058543071462,1.08,-0.7802894186569614,1.689147191822205,-0.2768125381423662,-0.0045324953799276,0.0293172566986066,-0.0130707962876306,1,17.209999084472656,18.63999938964844,4.015499084472658,13.5,0.5600000000000023,expiry_intrinsic,0.675,1.9500000000000002,1224.5499999999997,0.05566136363636363
TECH,2024-12-31,2025-02-05,1.0,74.25,76.42,1.35,-1.53,0.39,1.84,1.74,15.0,1.78,1.78,1.78,1.78,0.0,0.0,0.0,0.0,301391740.0,1164100000.0,1152960000.0,15.0,-53643.68,-53874.21,144.11,35.53,8.96,2.62,4.24,-36.36,0.0,10.06,24.77,0.49,2.02,70.0,75.0,70.0,2025-02-21,4.225,1.625,5.85,8.357142857142856,5.3,0.525,5.825,64.92,5.079999999999998,0.43438,0.45389,0.444135,0.356335,19.768764001936347,-0.04877999999999999,21.0,2.0,21.37837837837838,17.0,7.14285714285714,1,1.2142857142857162,2025-02-04,610.0,593.17529296875,0.1319449999999999,0.1285038235294117,0.1349949999999999,-0.0034411764705882,0.0030499999999999,0,0.17097,0.11244,0.05853,0.00976,0.3332877742089794,0.2342180112293143,0.649402390438247,0.1014863417749096,0.1395181811831516,-0.0075731811831517,0.7274058543071462,1.08,-0.7802894186569614,1.689147191822205,-0.2768125381423662,-0.0045324953799276,0.0293172566986066,-0.0130707962876306,1,17.209999084472656,18.63999938964844,4.015499084472658,5.85,5.079999999999998,expiry_intrinsic,0.2925,1.9500000000000002,45.80000000000013,0.006542857142857162
MAA,2024-12-31,2025-02-05,1.0,149.77,154.69,4.74,1.41,1.01,8.87,3.97,2.0,6.42,6.42,8.87,3.98,0.0,0.0,0.0,0.0,557723010.0,2199600000.0,2184211000.0,20.0,16367.2,16169.44,750.93,840.68,1.68,0.86,4.51,-2.75,2.91,3.87,-2.07,-1.31,-1.13,155.0,160.0,155.0,2025-02-21,2.6500000000000004,3.0999999999999996,5.75,3.7096774193548385,5.4,0.875,6.275,160.67,5.6699999999999875,0.20024,0.22951,0.21487499999999998,0.18072500000000002,15.892961023851058,0.004875000000000018,86.0,4.0,0.25,17.0,3.2258064516129004,1,0.48387096774193816,2025-02-04,610.0,593.17529296875,0.1319449999999999,0.1285038235294117,0.1349949999999999,-0.0034411764705882,0.0030499999999999,0,0.17097,0.11244,0.05853,0.00976,0.3332877742089794,0.2342180112293143,0.649402390438247,0.1014863417749096,0.1395181811831516,-0.0075731811831517,0.7274058543071462,1.08,-0.7802894186569614,1.689147191822205,-0.2768125381423662,-0.0045324953799276,0.0293172566986066,-0.0130707962876306,1,17.209999084472656,18.63999938964844,4.015499084472658,5.75,5.6699999999999875,expiry_intrinsic,0.28750000000000003,1.9500000000000002,-22.699999999998752,-0.0014645161290321776
GL,2024-12-31,2025-02-05,1.0,111.2,108.6,10.67,13.32,3.12,12.42,12.27,11.0,12.3418,12.338,12.338,12.26,0.0,0.0,0.0,2.0,1474735440.0,5828151680.0,5797135000.0,7.0,4117.6,2706.4,569.6,564.28,5.15,1.06,8.21,28.78,17.51,18.44,20.04,6.2,3.58,125.0,120.0,125.0,2025-02-21,3.7,5.85,9.55,7.640000000000001,0.7250000000000001,5.699999999999999,6.424999999999999,122.59,2.4099999999999966,0.45389,0.43438,0.444135,0.234385,47.22663154221126,-0.12682500000000002,81.0,114.0,0.11026615969581749,17.0,4.0000000000000036,1,3.639999999999997,2025-02-04,610.0,593.17529296875,0.1319449999999999,0.1285038235294117,0.1349949999999999,-0.0034411764705882,0.0030499999999999,0,0.17097,0.11244,0.05853,0.00976,0.3332877742089794,0.2342180112293143,0.649402390438247,0.1014863417749096,0.1395181811831516,-0.0075731811831517,0.7274058543071462,1.08,-0.7802894186569614,1.689147191822205,-0.2768125381423662,-0.0045324953799276,0.0293172566986066,-0.0130707962876306,1,17.209999084472656,18.63999938964844,4.015499084472658,9.55,2.4099999999999966,expiry_intrinsic,0.47750000000000004,1.9500000000000002,664.3000000000004,0.05314400000000003
ALL,2024-12-31,2025-02-05,1.0,185.91,190.55,3.82,1.29,6.28,17.5444,15.8,19.0,16.8458,16.4308,16.2872,15.6536,6.0,0.0,13.0,1.0,21210603130.0,64660276630.0,60683000000.0,5.0,38157.6,30878.88,3726.4,315.16,14.75,5.77,11.24,382.72,142.86,972.26,7347.62,-64.5,9.29,190.0,190.0,190.0,2025-02-21,5.8,4.5,10.3,5.421052631578948,4.6,3.125,7.725,185.66,4.340000000000003,0.31731,0.30755,0.31243,0.24414,21.85769612393176,-0.058535000000000004,280.0,19.0,1.460698689956332,17.0,0.0,1,5.421052631578948,2025-02-04,610.0,593.17529296875,0.1319449999999999,0.1285038235294117,0.1349949999999999,-0.0034411764705882,0.0030499999999999,0,0.17097,0.11244,0.05853,0.00976,0.3332877742089794,0.2342180112293143,0.649402390438247,0.1014863417749096,0.1395181811831516,-0.0075731811831517,0.7274058543071462,1.08,-0.7802894186569614,1.689147191822205,-0.2768125381423662,-0.0045324953799276,0.0293172566986066,-0.0130707962876306,1,17.209999084472656,18.63999938964844,4.015499084472658,10.3,4.340000000000003,expiry_intrinsic,0.515,1.9500000000000002,542.5499999999997,0.028555263157894722
AVB,2024-12-31,2025-02-05,1.0,212.78,228.04,5.4,-1.65,1.27,5.259,5.245,2.0,5.1883,5.1883,5.2625,5.1325,1.0,0.0,1.0,0.0,739514500.0,2916491680.0,2757237350.0,10.0,42248.8,38082.4,3050.67,1550.16,5.26,1.14,6.11,104.13,38.76,50.78,1.81,-1.16,-1.05,220.0,220.0,220.0,2025-02-21,5.35,3.9,9.25,4.204545454545454,4.6,2.775,7.375,218.92,1.0800000000000125,0.24902,0.23926,0.24414,0.20024,17.98148603260424,-0.03414500000000001,67.0,0.0,0.21428571428571427,17.0,0.0,1,4.204545454545454,2025-02-04,610.0,593.17529296875,0.1319449999999999,0.1285038235294117,0.1349949999999999,-0.0034411764705882,0.0030499999999999,0,0.17097,0.11244,0.05853,0.00976,0.3332877742089794,0.2342180112293143,0.649402390438247,0.1014863417749096,0.1395181811831516,-0.0075731811831517,0.7274058543071462,1.08,-0.7802894186569614,1.689147191822205,-0.2768125381423662,-0.0045324953799276,0.0293172566986066,-0.0130707962876306,1,17.209999084472656,18.63999938964844,4.015499084472658,9.25,1.0800000000000125,expiry_intrinsic,0.4625,1.9500000000000002,768.7999999999987,0.03494545454545449
BDX,2024-12-31,2025-02-05,1.0,230.7,227.11,6.22,7.9,2.99,13.15,13.09,16.0,13.11,13.11,13.11,13.11,1.0,0.0,1.0,0.0,4940490640.0,20235100000.0,20080000000.0,15.0,21348.0,19397.76,736.0,440.09,9.82,3.57,4.83,-7.8,-2.0,3.59,3.19,0.18,-0.56,245.0,230.0,245.0,2025-02-21,4.5,7.1499999999999995,11.649999999999999,4.755102040816326,0.13,17.700000000000003,17.830000000000002,227.43,17.569999999999993,0.25877,0.28804,0.273405,0.17585,35.68149814377937,-0.06828500000000001,382.0,7.0,0.5590994371482176,17.0,6.122448979591832,0,-1.3673469387755057,2025-02-04,610.0,593.17529296875,0.1319449999999999,0.1285038235294117,0.1349949999999999,-0.0034411764705882,0.0030499999999999,0,0.17097,0.11244,0.05853,0.00976,0.3332877742089794,0.2342180112293143,0.649402390438247,0.1014863417749096,0.1395181811831516,-0.0075731811831517,0.7274058543071462,1.08,-0.7802894186569614,1.689147191822205,-0.2768125381423662,-0.0045324953799276,0.0293172566986066,-0.0130707962876306,1,17.209999084472656,18.63999938964844,4.015499084472658,11.649999999999999,17.569999999999993,expiry_intrinsic,0.5824999999999999,1.9500000000000002,-652.1999999999995,-0.026620408163265285
CTVA,2024-12-31,2025-02-05,0.0,56.94,58.64,12.08,8.83,0.2,2.68,2.492,20.0,2.5537,2.5604,2.5614,2.6667,0.0,0.0,1.0,7.0,3436083350.0,17151099999.0,16696759999.0,18.0,6711.2,7573.44,-511.47,617.22,-10.19,-61.94,-2.64,-230.43,-141.53,-226.25,-75.47,-3.73,-9.76,65.0,65.0,65.0,2025-02-21,2.375,1.55,3.925,6.038461538461538,0.475,2.95,3.4250000000000003,62.76,2.240000000000002,0.34658,0.34658,0.34658,0.26365,23.928097408967627,-0.07317000000000001,2133.0,17.0,0.15501519756838905,17.0,0.0,1,6.038461538461538,2025-02-04,610.0,593.17529296875,0.1319449999999999,0.1285038235294117,0.1349949999999999,-0.0034411764705882,0.0030499999999999,0,0.17097,0.11244,0.05853,0.00976,0.3332877742089794,0.2342180112293143,0.649402390438247,0.1014863417749096,0.1395181811831516,-0.0075731811831517,0.7274058543071462,1.08,-0.7802894186569614,1.689147191822205,-0.2768125381423662,-0.0045324953799276,0.0293172566986066,-0.0130707962876306,1,17.209999084472656,18.63999938964844,4.015499084472658,3.925,2.240000000000002,expiry_intrinsic,0.19625,1.9500000000000002,146.92499999999978,0.02260384615384612
COR,2024-12-31,2025-02-05,1.0,228.88,247.76,10.66,2.23,3.5202,3.61,3.4247,13.0,3.5139,3.5138,3.5114,3.4948,3.0,0.0,6.0,3.0,78219952150.0,79847000000.0,76519548470.0,11.0,3496.8,2481.33,889.39,524.81,,2.75,,,1.83,,,,,250.0,250.0,250.0,2025-02-21,6.449999999999999,4.95,11.399999999999999,4.56,2.55,6.55,9.1,241.43,8.569999999999993,0.24902,0.27829,0.263655,0.21487499999999998,18.501450759515272,-0.039024999999999976,514.0,24.0,1.2802197802197801,17.0,0.0,1,4.56,2025-02-04,610.0,593.17529296875,0.1319449999999999,0.1285038235294117,0.1349949999999999,-0.0034411764705882,0.0030499999999999,0,0.17097,0.11244,0.05853,0.00976,0.3332877742089794,0.2342180112293143,0.649402390438247,0.1014863417749096,0.1395181811831516,-0.0075731811831517,0.7274058543071462,1.08,-0.7802894186569614,1.689147191822205,-0.2768125381423662,-0.0045324953799276,0.0293172566986066,-0.0130707962876306,1,17.209999084472656,18.63999938964844,4.015499084472658,11.399999999999999,8.569999999999993,expiry_intrinsic,0.57,1.9500000000000002,224.05000000000058,0.008962000000000024
MPWR,2024-12-31,2025-02-06,1.0,624.87,761.3,5.77,-13.19,3.98,14.54,13.81,15.0,14.0418,14.0418,14.0469,14.0772,1.0,0.0,9.0,3.0,654688680.0,2197000000.0,2165000000.0,16.0,12284.0,11608.8,302.4,77.76,30.59,22.21,7.76,31.82,28.08,19.17,20.99,-0.12,-2.1,650.0,720.0,650.0,2025-02-21,47.95,44.2,92.15,14.176923076923078,77.7,4.75,82.45,661.08,11.080000000000041,0.83437,0.86364,0.849005,0.46852499999999997,44.81481263361229,-0.273165,499.0,56.0,0.6388174807197944,16.0,10.769230769230775,1,3.4076923076923027,2025-02-05,615.0,595.5803833007812,0.117315,0.1239155882352941,0.128898125,0.0066005882352941,0.011583125,0,0.15146,0.11244,0.03902,0.014635,0.1771933466538653,0.1396461288416076,0.4223107569721115,0.1005882050320559,0.1340692506357601,-0.0167542506357601,0.7502705098675785,1.04,-0.9986669207361863,1.0127224999376057,-0.8379848686845625,0.0040046020873605,0.0207280839244874,-0.0090691901614412,1,15.770000457763672,17.959999084472656,4.038500457763671,92.15,11.080000000000041,expiry_intrinsic,4.607500000000001,1.9500000000000002,7644.2999999999965,0.11760461538461534
MTD,2024-12-31,2025-02-06,1.0,1254.99,1310.03,8.15,3.61,11.72,42.02,40.3871,13.0,40.5727,40.5727,40.5829,40.3838,1.0,0.0,1.0,0.0,1067565660.0,3864000000.0,3823587490.0,13.0,31653.6,28088.8,1610.67,1195.83,1.28,0.82,-2.33,4.18,5.8,2.26,0.24,0.63,-0.3,1360.0,1410.0,1360.0,2025-02-21,42.2,37.1,79.30000000000001,5.8308823529411775,49.45,13.05,62.5,1286.54,73.46000000000004,0.34658,0.35633,0.35145499999999996,0.253895,27.75888805110184,-0.06828999999999996,1.0,0.0,0.01639344262295082,16.0,3.6764705882353033,1,2.1544117647058743,2025-02-05,615.0,595.5803833007812,0.117315,0.1239155882352941,0.128898125,0.0066005882352941,0.011583125,0,0.15146,0.11244,0.03902,0.014635,0.1771933466538653,0.1396461288416076,0.4223107569721115,0.1005882050320559,0.1340692506357601,-0.0167542506357601,0.7502705098675785,1.04,-0.9986669207361863,1.0127224999376057,-0.8379848686845625,0.0040046020873605,0.0207280839244874,-0.0090691901614412,1,15.770000457763672,17.959999084472656,4.038500457763671,79.30000000000001,73.46000000000004,expiry_intrinsic,3.9650000000000007,1.9500000000000002,185.54999999999742,0.0013643382352940988
SNA,2024-12-31,2025-02-06,1.0,335.66,359.27,1.25,-5.41,4.7943,19.55,19.18,10.0,19.4533,19.44,19.44,19.44,2.0,0.0,2.0,0.0,1163145290.0,4798000000.0,4691000000.0,11.0,25736.8,24866.4,334.61,157.09,7.6,-2.54,5.27,4.21,-7.3,3.39,3.02,3.0,-1.16,360.0,340.0,360.0,2025-02-21,8.7,11.5,20.2,5.611111111111111,0.85,22.35,23.200000000000003,335.88,24.120000000000005,0.34658,0.32707,0.33682500000000004,0.18072500000000002,46.344540933719294,-0.10731500000000005,48.0,20.0,1.9205607476635513,16.0,5.555555555555558,1,0.055555555555552694,2025-02-05,615.0,595.5803833007812,0.117315,0.1239155882352941,0.128898125,0.0066005882352941,0.011583125,0,0.15146,0.11244,0.03902,0.014635,0.1771933466538653,0.1396461288416076,0.4223107569721115,0.1005882050320559,0.1340692506357601,-0.0167542506357601,0.7502705098675785,1.04,-0.9986669207361863,1.0127224999376057,-0.8379848686845625,0.0040046020873605,0.0207280839244874,-0.0090691901614412,1,15.770000457763672,17.959999084472656,4.038500457763671,20.2,24.120000000000005,expiry_intrinsic,1.01,1.9500000000000002,-494.9500000000005,-0.013748611111111125
VRSN,2024-12-31,2025-02-06,0.0,209.22,183.56,5.24,19.95,2.01,8.05,8.0,3.0,8.03,8.03,8.03,7.99,2.0,0.0,2.0,0.0,400094710.0,1559000000.0,1556659000.0,4.0,10764.0,10120.8,208.0,164.1,3.8,0.9,4.63,13.11,2.99,3.81,5.9,0.94,1.37,220.0,220.0,220.0,2025-02-21,6.45,5.15,11.600000000000001,5.272727272727273,4.2,2.325,6.525,231.87,11.870000000000005,0.31731,0.31731,0.31731,0.18560500000000002,41.5067284359144,-0.07316999999999999,517.0,367.0,0.1378238341968912,16.0,0.0,1,5.272727272727273,2025-02-05,615.0,595.5803833007812,0.117315,0.1239155882352941,0.128898125,0.0066005882352941,0.011583125,0,0.15146,0.11244,0.03902,0.014635,0.1771933466538653,0.1396461288416076,0.4223107569721115,0.1005882050320559,0.1340692506357601,-0.0167542506357601,0.7502705098675785,1.04,-0.9986669207361863,1.0127224999376057,-0.8379848686845625,0.0040046020873605,0.0207280839244874,-0.0090691901614412,1,15.770000457763672,17.959999084472656,4.038500457763671,11.600000000000001,11.870000000000005,expiry_intrinsic,0.5800000000000001,1.9500000000000002,-86.95000000000032,-0.003952272727272742
XEL,2024-12-31,2025-02-06,0.0,65.64,67.37,2.25,-0.37,0.88,3.58,3.5077,16.0,3.5535,3.56,3.5613,3.5601,0.0,0.0,0.0,5.0,3170918080.0,15449000000.0,13987008000.0,12.0,4220.0,4188.0,-106.13,192.93,-0.49,20.34,-5.93,1.63,131.48,6.86,-0.44,1.68,0.01,65.0,65.0,65.0,2025-02-21,3.2,0.475,3.6750000000000003,5.653846153846154,2.15,0.4,2.55,69.94,4.939999999999998,0.18073,0.27829,0.22951,0.20512,10.626987930809113,-0.11707,488.0,0.0,0.08177302254489874,16.0,0.0,1,5.653846153846154,2025-02-05,615.0,595.5803833007812,0.117315,0.1239155882352941,0.128898125,0.0066005882352941,0.011583125,0,0.15146,0.11244,0.03902,0.014635,0.1771933466538653,0.1396461288416076,0.4223107569721115,0.1005882050320559,0.1340692506357601,-0.0167542506357601,0.7502705098675785,1.04,-0.9986669207361863,1.0127224999376057,-0.8379848686845625,0.0040046020873605,0.0207280839244874,-0.0090691901614412,1,15.770000457763672,17.959999084472656,4.038500457763671,3.6750000000000003,4.939999999999998,expiry_intrinsic,0.18375000000000002,1.9500000000000002,-146.82499999999973,-0.022588461538461498
LH,2024-12-31,2025-02-06,1.0,235.1,242.39,5.38,2.21,3.39,14.615,14.3872,18.0,14.5193,14.517,14.5193,14.5308,2.0,0.0,3.0,1.0,3415921630.0,13006682550.0,12818000000.0,17.0,42416.8,41845.6,217.6,198.02,7.37,1.9,4.04,3.55,-11.17,-11.67,0.71,-0.29,-0.51,250.0,250.0,250.0,2025-02-21,6.8,6.6,13.399999999999999,5.359999999999999,2.45,5.6,8.05,249.85,0.15000000000000568,0.31731,0.32707,0.32219,0.19536,39.3649709798566,-0.07804999999999998,119.0,17.0,5.983440662373505,16.0,0.0,1,5.359999999999999,2025-02-05,615.0,595.5803833007812,0.117315,0.1239155882352941,0.128898125,0.0066005882352941,0.011583125,0,0.15146,0.11244,0.03902,0.014635,0.1771933466538653,0.1396461288416076,0.4223107569721115,0.1005882050320559,0.1340692506357601,-0.0167542506357601,0.7502705098675785,1.04,-0.9986669207361863,1.0127224999376057,-0.8379848686845625,0.0040046020873605,0.0207280839244874,-0.0090691901614412,1,15.770000457763672,17.959999084472656,4.038500457763671,13.399999999999999,0.15000000000000568,expiry_intrinsic,0.6699999999999999,1.9500000000000002,1256.0499999999993,0.050241999999999974
APTV,2024-12-31,2025-02-06,1.0,61.82,56.25,2.69,12.85,1.65,6.364,6.06,23.0,6.1803,6.1446,6.1437,6.1685,9.0,0.0,10.0,3.0,4182288190.0,19839400000.0,19657808700.0,17.0,8020.0,7332.32,306.13,52.53,-5.08,-3.9,6.85,40.77,15.82,7.31,27.52,2.7,2.92,62.5,65.0,62.5,2025-02-21,2.55,3.5,6.05,9.68,2.7,1.025,3.725,66.68,4.180000000000007,0.60023,0.56121,0.58072,0.34658,40.318914451026316,-0.180485,2953.0,1450.0,1.3463203463203464,16.0,4.0000000000000036,1,5.679999999999996,2025-02-05,615.0,595.5803833007812,0.117315,0.1239155882352941,0.128898125,0.0066005882352941,0.011583125,0,0.15146,0.11244,0.03902,0.014635,0.1771933466538653,0.1396461288416076,0.4223107569721115,0.1005882050320559,0.1340692506357601,-0.0167542506357601,0.7502705098675785,1.04,-0.9986669207361863,1.0127224999376057,-0.8379848686845625,0.0040046020873605,0.0207280839244874,-0.0090691901614412,1,15.770000457763672,17.959999084472656,4.038500457763671,6.05,4.180000000000007,expiry_intrinsic,0.3025,1.9500000000000002,154.7999999999993,0.024767999999999887
CMS,2024-12-31,2025-02-06,0.0,65.71,67.25,3.99,1.61,0.87,3.3666,3.32,16.0,3.3393,3.3375,3.335,3.3352,1.0,0.0,5.0,1.0,1771484070.0,7913000000.0,7457632990.0,11.0,4693.6,4392.8,106.67,69.28,4.18,8.46,-7.94,37.7,27.27,18.69,35.42,5.1,4.86,70.0,70.0,70.0,2025-02-21,2.16,3.6,5.76,8.228571428571428,2.16,2.5,4.66,71.49,1.4899999999999949,0.09292,0.33682,0.21487,0.19536,9.079908782054265,-0.029264999999999985,783.0,0.0,0.004878048780487805,16.0,0.0,1,8.228571428571428,2025-02-05,615.0,595.5803833007812,0.117315,0.1239155882352941,0.128898125,0.0066005882352941,0.011583125,0,0.15146,0.11244,0.03902,0.014635,0.1771933466538653,0.1396461288416076,0.4223107569721115,0.1005882050320559,0.1340692506357601,-0.0167542506357601,0.7502705098675785,1.04,-0.9986669207361863,1.0127224999376057,-0.8379848686845625,0.0040046020873605,0.0207280839244874,-0.0090691901614412,1,15.770000457763672,17.959999084472656,4.038500457763671,5.76,1.4899999999999949,expiry_intrinsic,0.288,1.9500000000000002,396.2500000000005,0.05660714285714293
CPT,2024-12-31,2025-02-06,1.0,110.31,121.74,6.7,-3.32,0.36,1.8001,1.8001,1.0,1.7683,1.7683,1.7683,1.5147,1.0,0.0,1.0,0.0,385198710.0,1552669850.0,1540898000.0,15.0,29167.2,28717.92,-22.4,611.18,-0.91,0.02,4.75,-22.73,-15.0,-22.62,-15.64,-1.73,-3.18,115.0,120.0,115.0,2025-02-21,3.5250000000000004,2.5,6.025,5.239130434782608,5.5,1.0,6.5,119.89,4.890000000000001,0.27829,0.32707,0.30268,0.12707,58.018369234835475,-0.08293,597.0,1.0,0.04,16.0,4.347826086956519,1,0.8913043478260896,2025-02-05,615.0,595.5803833007812,0.117315,0.1239155882352941,0.128898125,0.0066005882352941,0.011583125,0,0.15146,0.11244,0.03902,0.014635,0.1771933466538653,0.1396461288416076,0.4223107569721115,0.1005882050320559,0.1340692506357601,-0.0167542506357601,0.7502705098675785,1.04,-0.9986669207361863,1.0127224999376057,-0.8379848686845625,0.0040046020873605,0.0207280839244874,-0.0090691901614412,1,15.770000457763672,17.959999084472656,4.038500457763671,6.025,4.890000000000001,expiry_intrinsic,0.30125,1.9500000000000002,81.42499999999997,0.007080434782608693
FTNT,2024-12-31,2025-02-06,1.0,95.93,92.04,9.16,13.78,0.61,2.3181,2.22,38.0,2.2456,2.2455,2.2455,2.0482,2.0,0.0,2.0,0.0,1611501570.0,5916000000.0,5859777210.0,40.0,-10932.0,-11449.44,298.67,90.12,13.0,5.15,15.57,53.66,10.53,82.9,55.31,6.33,8.5,105.0,107.0,105.0,2025-02-07,5.574999999999999,5.6,11.174999999999999,10.64285714285714,2.745,0.01,2.755,107.66,2.6599999999999966,1.78069,1.81971,1.8002,0.3417,81.01877569158982,-1.2682600000000002,370.0,2274.0,0.5233233862101461,2.0,1.904761904761898,1,8.738095238095243,2025-02-05,615.0,595.5803833007812,0.117315,0.1239155882352941,0.128898125,0.0066005882352941,0.011583125,0,0.15146,0.11244,0.03902,0.014635,0.1771933466538653,0.1396461288416076,0.4223107569721115,0.1005882050320559,0.1340692506357601,-0.0167542506357601,0.7502705098675785,1.04,-0.9986669207361863,1.0127224999376057,-0.8379848686845625,0.0040046020873605,0.0207280839244874,-0.0090691901614412,1,15.770000457763672,17.959999084472656,4.038500457763671,11.174999999999999,2.6599999999999966,expiry_intrinsic,0.55875,1.9500000000000002,793.6750000000002,0.07558809523809526
ROK,2024-12-31,2025-02-10,1.0,273.4,277.88,10.59,8.8,1.58,10.34,9.4,27.0,9.67,9.68,9.68,9.92,1.0,0.0,2.0,0.0,2324330450.0,8612570000.0,8213870000.0,25.0,16891.87,14812.79,1581.29,733.17,-8.23,-8.2,-5.07,-54.93,-32.47,-10.82,25.97,0.02,4.93,270.0,300.0,270.0,2025-02-21,8.4,10.899999999999999,19.299999999999997,7.148148148148146,34.3,0.15,34.449999999999996,295.22,25.220000000000027,0.42462,0.49292,0.45877,0.22951,49.97275323146675,-0.16585000000000005,124.0,141.0,1.3394970414201184,14.0,11.111111111111116,0,-3.96296296296297,2025-02-07,610.0,592.1797485351562,0.12219,0.1244891176470588,0.1343849999999999,0.0022991176470588,0.0121949999999999,0,0.1584314285714285,0.11244,0.0459914285714285,0.0132457142857143,0.265744609076991,0.1711593158983451,0.5139442231075697,0.112993998922401,0.1309582635204457,-0.0087682635204457,0.8628245051887082,1.02,-1.0147056094290023,2.0725871909306903,0.3075365305588984,-0.0017445828264772,0.0206241916472538,-0.0147271900834503,1,16.540000915527344,18.6299991607666,4.321000915527344,19.299999999999997,25.220000000000027,expiry_intrinsic,0.9649999999999999,1.9500000000000002,-690.450000000003,-0.025572222222222333
SMCI,2024-12-31,2025-02-11,1.0,32.6,20.33,18.44,89.92,0.5811,24.4,23.3,13.0,23.86,23.86,23.86,23.6,0.0,0.0,2.0,0.0,-619020000.0,15193300000.0,14713700000.0,15.0,-20052.96,-21236.54,14253.44,18104.91,6.04,-4.37,116.91,-48.45,-19.59,26.16,27.78,1.6,1.1,43.0,39.5,43.0,2025-02-14,4.5,4.825,9.325,21.686046511627904,0.35,3.7,4.05,47.91,4.909999999999997,2.61969,2.61969,2.61969,1.1368,56.60555256537987,-1.2146,1495.0,7260.0,0.49328954109278633,4.0,8.139534883720934,1,13.54651162790697,2025-02-10,615.0,596.2012939453125,0.1159207142857143,0.1236270588235294,0.1304215624999999,0.0077063445378151,0.0145008482142856,0,0.15146,0.10268,0.04878,0.0111492857142857,0.1518670368736542,0.1306331264775414,0.3386454183266932,0.10522660810623,0.1324894145639045,-0.0165687002781902,0.794226530871078,1.45,1.9494934076095911,3.759122466339592,1.866920658015901,0.0118440136973729,0.0260563357350229,-0.0080361146856964,1,15.8100004196167,18.229999542236328,4.2179289910452695,9.325,4.909999999999997,expiry_intrinsic,0.46625,1.9500000000000002,392.9250000000003,0.09137790697674425
PPL,2024-12-31,2025-02-13,0.0,31.98,33.7,7.6,2.11,0.3732,1.83,1.6981,15.0,1.7198,1.7078,1.7081,1.7096,2.0,0.0,3.0,1.0,2776800020.0,9850800420.0,7285000000.0,11.0,282.4,119.2,23.23,100.46,1.13,9.84,2.68,-2.33,10.53,0.89,-2.06,-0.99,-0.67,34.0,34.0,34.0,2025-02-21,0.8,0.25,1.05,3.088235294117647,0.2,0.45,0.65,34.72,0.7199999999999989,0.21975,0.21975,0.21975,0.166095,24.416382252559732,-0.11707,3035.0,63.0,0.13203883495145632,9.0,0.0,1,3.088235294117647,2025-02-12,615.0,594.732666015625,0.11244,0.1210467647058823,0.130116875,0.0086067647058823,0.0176768749999999,0,0.15146,0.11244,0.03902,0.01951,0.0886420842307394,0.10813294178487,0.2828685258964143,0.0981755544206336,0.1193761984420434,-0.0069361984420434,0.8224047649523479,1.14,-0.291820054023809,0.99444160733812,-0.6977793343789799,-0.0014233465522455,0.0377886892631189,-0.0104796281131388,1,15.890000343322754,18.309999465942383,4.646000343322754,1.05,0.7199999999999989,expiry_intrinsic,0.052500000000000005,1.9500000000000002,25.80000000000012,0.007588235294117683
WST,2024-12-31,2025-02-13,1.0,328.96,314.49,-39.47,-36.69,1.71,6.72,6.39,10.0,6.6332,6.6622,6.655,6.655,0.0,0.0,0.0,0.0,775406250.0,2894335500.0,2877000000.0,12.0,22284.0,21204.96,283.73,861.37,-0.08,6.4,-0.15,-14.35,21.71,-8.95,-12.19,-3.22,-3.1,320.0,220.0,320.0,2025-02-21,17.0,13.25,30.25,9.453125,0.05,105.1,105.14999999999999,210.91,109.09,0.77583,0.72706,0.751445,0.356335,52.580029143849515,-0.38048000000000004,4.0,13.0,5.219512195121951,9.0,31.25,0,-21.796875,2025-02-12,615.0,594.732666015625,0.11244,0.1210467647058823,0.130116875,0.0086067647058823,0.0176768749999999,0,0.15146,0.11244,0.03902,0.01951,0.0886420842307394,0.10813294178487,0.2828685258964143,0.0981755544206336,0.1193761984420434,-0.0069361984420434,0.8224047649523479,1.14,-0.291820054023809,0.99444160733812,-0.6977793343789799,-0.0014233465522455,0.0377886892631189,-0.0104796281131388,1,15.890000343322754,18.309999465942383,4.646000343322754,30.25,109.09,expiry_intrinsic,1.5125000000000002,1.9500000000000002,-8037.200000000001,-0.2511625
MRNA,2024-12-31,2025-02-14,0.0,34.77,36.85,-5.12,-10.47,-2.7599,-7.3,-9.81,20.0,-9.2577,-9.3226,-9.3594,-9.2345,3.0,0.0,6.0,5.0,1737425730.0,3379851290.0,3017000000.0,24.0,4244.0,-1149.76,1692.19,2189.59,1.31,739.37,-60.28,100.31,100.9,104.65,96.52,94.68,106.12,32.0,36.0,32.0,2025-02-14,1.555,1.615,3.17,9.90625,,,,32.99,0.990000000000002,2.38555,2.35628,2.370915,0.844125,64.3966569868595,-1.5511750000000002,756.0,1687.0,0.45182440136830104,1.0,12.5,0,-2.59375,2025-02-13,620.0,601.0115356445312,0.1082564285714285,0.1161888461538461,0.126460625,0.0079324175824175,0.0182041964285714,0,0.1430942857142857,0.10268,0.0404142857142857,0.0146307142857142,0.012650180346161,0.0810893173758865,0.199203187250996,0.1243297087249324,0.1231272832589486,-0.01487085468752,1.0097657110118723,1.24,0.3921391308787471,1.6054387561136363,-0.090174407772654,0.0056239317705728,0.0473042026613108,-3.280088259760561e-05,1,15.100000381469728,17.84000015258789,4.27435752432687,3.17,0.990000000000002,expiry_intrinsic,0.1585,1.9500000000000002,200.1999999999998,0.06256249999999994
GPC,2024-12-31,2025-02-18,1.0,118.52,120.76,2.64,0.74,1.554,8.18,8.0,13.0,8.1067,8.1718,8.1718,8.1718,0.0,0.0,0.0,3.0,5619990790.0,23488552140.0,23359500000.0,13.0,7122.4,9247.84,-791.47,923.1,2.5,0.13,3.05,-24.5,-22.95,-23.6,-21.99,0.61,-1.91,125.0,120.0,125.0,2025-02-21,4.15,4.15,8.3,6.64,0.175,3.625,3.8,121.63,3.3700000000000045,0.60023,0.60023,0.60023,0.32219,46.32224314012963,-0.292675,2065.0,1383.0,0.19334667333666833,7.0,4.0000000000000036,1,2.639999999999996,2025-02-14,620.0,600.9819946289062,0.1054671428571428,0.1206934615384615,0.12707,0.0152263186813186,0.0216028571428571,0,0.1417,0.10268,0.03902,0.0167228571428571,0.0,0.0630586953309692,0.1155378486055776,0.0882263431057861,0.1089604244109875,-0.0034932815538447,0.8097099803228133,1.07,-0.7414721219764119,1.693707477483964,-0.0325302528762114,0.0148641457522376,0.0285434308733223,-8.19514311339864e-05,1,14.770000457763672,17.809999465942383,4.223286172049388,8.3,3.3700000000000045,expiry_intrinsic,0.41500000000000004,1.9500000000000002,449.5499999999996,0.03596399999999997
POOL,2024-12-31,2025-02-20,1.0,359.18,366.49,-4.14,-6.05,0.8938,11.12,10.96,6.0,11.03,11.0167,11.0167,11.0167,3.0,0.0,2.0,2.0,1010288700.0,5306462000.0,5266300000.0,10.0,30450.4,29592.8,379.14,77.53,-2.82,-19.04,-7.96,-6.84,-34.47,-8.19,-9.3,-0.02,-0.88,340.0,340.0,340.0,2025-02-21,10.75,8.95,19.7,5.794117647058823,4.7,0.08,4.78,344.0,4.0,1.01973,0.94168,0.9807049999999999,0.263655,73.11576875818926,-0.6780299999999999,24.0,5.0,1.895582329317269,2.0,0.0,1,5.794117647058823,2025-02-19,620.0,604.1658935546875,0.112435,0.117315,0.1284628571428571,0.00488,0.0160278571428571,0,0.15146,0.09292,0.05854,0.009755,0.1219314034298286,0.1081006205673758,0.2749003984063745,0.0807633618945467,0.104093774676285,0.0083412253237149,0.7758712002298684,1.13,-0.1434749063566922,0.9404387778465346,-0.6073661579619086,0.0125887005104141,0.0256870058352947,0.0,1,15.270000457763672,17.93000030517578,4.026500457763673,19.7,4.0,expiry_intrinsic,0.985,1.9500000000000002,1469.55,0.04322205882352941
CNP,2024-12-31,2025-02-20,0.0,33.06,31.93,2.03,5.64,0.4013,1.64,1.5867,16.0,1.6192,1.6174,1.6154,1.6136,3.0,0.0,4.0,1.0,2599102080.0,10394000000.0,8611539750.0,12.0,5084.0,4997.6,30.82,62.04,-0.22,-2.57,-4.79,-22.5,-13.89,-14.66,-18.15,-7.2,-5.01,34.0,34.0,34.0,2025-02-21,0.4,0.525,0.925,2.7205882352941178,0.35,0.4,0.75,34.29,0.28999999999999915,0.34658,0.57096,0.45877,0.20024,56.35285655121304,-0.23901500000000003,3827.0,628.0,0.00623848381152935,2.0,0.0,1,2.7205882352941178,2025-02-19,620.0,604.1658935546875,0.112435,0.117315,0.1284628571428571,0.00488,0.0160278571428571,0,0.15146,0.09292,0.05854,0.009755,0.1219314034298286,0.1081006205673758,0.2749003984063745,0.0807633618945467,0.104093774676285,0.0083412253237149,0.7758712002298684,1.13,-0.1434749063566922,0.9404387778465346,-0.6073661579619086,0.0125887005104141,0.0256870058352947,0.0,1,15.270000457763672,17.93000030517578,4.026500457763673,0.925,0.28999999999999915,expiry_intrinsic,0.046250000000000006,1.9500000000000002,56.92500000000008,0.016742647058823553
SBAC,2024-12-31,2025-02-24,1.0,196.83,226.59,8.13,-6.07,2.2833,8.68,8.68,1.0,8.7,8.7,8.7,8.7,0.0,0.0,0.0,1.0,663269610.0,2673315000.0,2661711000.0,15.0,-3207.2,-2596.0,-383.95,978.34,-2.19,1.08,0.59,200.0,58.94,-2.15,51.08,-0.56,19.84,210.0,220.0,210.0,2025-03-21,8.55,5.15,13.700000000000001,6.523809523809525,11.399999999999999,2.95,14.349999999999998,221.64,11.639999999999986,0.27829,0.2978,0.288045,0.263655,8.467426964536799,-0.024390000000000023,53.0,6.0,0.1111111111111111,28.0,4.761904761904767,1,1.7619047619047574,2025-02-21,610.0,591.361572265625,0.12707,0.128945,0.136825,0.0018749999999999,0.0097549999999999,0,0.18073,0.11244,0.06829,0.0195149999999999,0.3780310984450782,0.202704824172577,0.6095617529880478,0.1320411839120223,0.1169569018937248,0.0101130981062751,1.1289729958134846,1.17,0.3056451373638179,3.9634821692831497,2.34350212546125,-0.0160562032616521,-0.0107182667147649,-0.0211933864947698,1,18.209999084472656,19.479999542236328,5.5029990844726555,13.700000000000001,11.639999999999986,expiry_intrinsic,0.685,1.9500000000000002,135.5500000000015,0.006454761904761976
PSA,2024-12-31,2025-02-24,0.0,292.19,350.04,3.82,-13.34,2.55,10.13,9.99,3.0,10.0581,10.0581,10.0331,10.0331,0.0,0.0,0.0,1.0,1193570370.0,4783200000.0,4670936640.0,9.0,20450.4,21636.96,-563.2,840.15,3.84,1.24,6.58,-32.5,-18.8,-13.79,-6.03,-1.82,-4.94,300.0,310.0,300.0,2025-03-21,10.75,7.3500000000000005,18.1,6.033333333333333,12.55,5.5,18.05,291.14,8.860000000000014,0.23926,0.28804,0.26365,0.258775,1.849042290915994,-0.019504999999999995,69.0,49.0,0.3797909407665505,28.0,3.3333333333333437,1,2.6999999999999895,2025-02-21,610.0,591.361572265625,0.12707,0.128945,0.136825,0.0018749999999999,0.0097549999999999,0,0.18073,0.11244,0.06829,0.0195149999999999,0.3780310984450782,0.202704824172577,0.6095617529880478,0.1320411839120223,0.1169569018937248,0.0101130981062751,1.1289729958134846,1.17,0.3056451373638179,3.9634821692831497,2.34350212546125,-0.0160562032616521,-0.0107182667147649,-0.0211933864947698,1,18.209999084472656,19.479999542236328,5.5029990844726555,18.1,8.860000000000014,expiry_intrinsic,0.9050000000000001,1.9500000000000002,831.5499999999988,0.027718333333333293
OKE,2024-12-31,2025-02-24,1.0,104.53,113.45,-6.13,-13.51,1.44,5.34,4.85,10.0,5.1307,5.1443,5.1143,5.126,0.0,0.0,0.0,4.0,3699220460.0,25364000000.0,20000700000.0,7.0,3632.8,3562.4,224.0,296.22,20.8,2.64,-7.93,19.19,-11.28,53.87,39.46,3.43,3.04,97.5,97.5,95.0,2025-03-21,5.15,1.775,6.925000000000001,7.102564102564103,3.35,3.65,7.0,99.34,4.340000000000003,0.2978,0.2978,0.2978,0.35633000000000004,-19.654130288784426,-0.04878500000000002,67.0,18.0,0.5286372613561554,28.0,0.0,1,7.102564102564103,2025-02-21,610.0,591.361572265625,0.12707,0.128945,0.136825,0.0018749999999999,0.0097549999999999,0,0.18073,0.11244,0.06829,0.0195149999999999,0.3780310984450782,0.202704824172577,0.6095617529880478,0.1320411839120223,0.1169569018937248,0.0101130981062751,1.1289729958134846,1.17,0.3056451373638179,3.9634821692831497,2.34350212546125,-0.0160562032616521,-0.0107182667147649,-0.0211933864947698,1,18.209999084472656,19.479999542236328,5.5029990844726555,6.925000000000001,4.340000000000003,expiry_intrinsic,0.34625000000000006,1.9500000000000002,221.92499999999976,0.022761538461538437
O,2024-12-31,2025-02-24,0.0,54.34,57.75,5.47,-0.76,0.3909,1.4776,1.0208,3.0,1.3717,1.374,1.374,1.326,0.0,0.0,0.0,2.0,1323712740.0,5284515520.0,4742064790.0,8.0,-3597.6,-2848.8,-439.84,302.2,28.08,-0.64,26.21,-9.09,3.45,22.11,36.04,-0.09,2.61,57.5,55.0,57.5,2025-03-21,0.95,1.4500000000000002,2.4000000000000004,4.173913043478262,0.5,1.9,2.4,55.8,1.7000000000000028,0.17097,0.21,0.19048500000000002,0.18073,5.121138147360691,-0.009760000000000019,4454.0,4298.0,0.16942108823813665,28.0,4.347826086956519,0,-0.1739130434782572,2025-02-21,610.0,591.361572265625,0.12707,0.128945,0.136825,0.0018749999999999,0.0097549999999999,0,0.18073,0.11244,0.06829,0.0195149999999999,0.3780310984450782,0.202704824172577,0.6095617529880478,0.1320411839120223,0.1169569018937248,0.0101130981062751,1.1289729958134846,1.17,0.3056451373638179,3.9634821692831497,2.34350212546125,-0.0160562032616521,-0.0107182667147649,-0.0211933864947698,1,18.209999084472656,19.479999542236328,5.5029990844726555,2.4000000000000004,1.7000000000000028,expiry_intrinsic,0.12000000000000002,1.9500000000000002,56.04999999999975,0.009747826086956478
PEG,2024-12-31,2025-02-25,1.0,88.05,94.2,-5.47,-11.65,0.8279,3.69,3.657,19.0,3.6675,3.6655,3.6677,3.6667,1.0,0.0,2.0,2.0,2903739110.0,11391000000.0,9791000000.0,13.0,5276.0,5202.56,38.17,33.4,7.57,9.04,3.42,5.88,42.86,94.5,16.33,1.47,1.83,85.0,82.5,85.0,2025-03-21,1.875,2.95,4.825,5.676470588235294,1.1749999999999998,3.55,4.725,82.98,2.019999999999996,0.22951,0.30755,0.26853,0.27341,-1.8173016050348176,-0.0048799999999999955,2786.0,21.0,0.7006451612903226,25.0,2.941176470588236,1,2.7352941176470584,2025-02-24,605.0,588.6705932617188,0.1347357142857143,0.136825,0.14658,0.0020892857142857,0.0118442857142856,0,0.1835157142857142,0.12219,0.0613257142857142,0.0181171428571428,0.5121743912804362,0.2522578679078015,0.6932270916334662,0.1290287165618729,0.1156645397790124,0.0190711745067018,1.1155425578867466,1.36,1.4589344875570407,1.739346763919637,0.0938730291005615,-0.0204854745686507,-0.0205657471858264,-0.0256474264076711,1,18.979999542236328,19.86000061035156,5.506428113664899,4.825,2.019999999999996,expiry_intrinsic,0.24125000000000002,1.9500000000000002,254.4250000000004,0.029932352941176518
AMT,2024-12-31,2025-02-25,1.0,185.08,209.3,10.09,-2.65,1.57,6.5554,6.3005,2.0,6.5408,5.9681,5.9681,6.6056,0.0,0.0,0.0,1.0,2047035750.0,11107000000.0,9914000000.0,17.0,-2204.0,-1260.0,1328.0,2575.09,0.05,-13.03,3.18,-29.37,-53.65,-26.94,24.78,-0.53,8.96,190.0,200.0,190.0,2025-03-21,7.0,4.4,11.4,6.000000000000001,12.600000000000001,1.2000000000000002,13.8,216.23,26.22999999999999,0.27829,0.27829,0.27829,0.23926,14.024938014301622,-0.019515000000000005,232.0,62.0,1.0988735919899875,25.0,5.263157894736836,1,0.7368421052631646,2025-02-24,605.0,588.6705932617188,0.1347357142857143,0.136825,0.14658,0.0020892857142857,0.0118442857142856,0,0.1835157142857142,0.12219,0.0613257142857142,0.0181171428571428,0.5121743912804362,0.2522578679078015,0.6932270916334662,0.1290287165618729,0.1156645397790124,0.0190711745067018,1.1155425578867466,1.36,1.4589344875570407,1.739346763919637,0.0938730291005615,-0.0204854745686507,-0.0205657471858264,-0.0256474264076711,1,18.979999542236328,19.86000061035156,5.506428113664899,11.4,26.22999999999999,expiry_intrinsic,0.5700000000000001,1.9500000000000002,-1541.949999999999,-0.08115526315789467
HSIC,2024-12-31,2025-02-25,0.0,74.97,77.66,1.13,-2.37,1.2089,4.79,4.7356,15.0,4.7581,4.7744,4.7722,4.7701,0.0,0.0,1.0,6.0,3013795110.0,12832095500.0,12683150000.0,10.0,4750.24,4468.64,46.86,128.73,0.38,1.21,-0.67,-7.58,-0.81,-15.71,-21.5,-0.18,-1.38,80.0,75.0,80.0,2025-03-21,2.2,4.5,6.7,8.375,0.3,7.5,7.8,69.39,10.61,0.3856,0.40511,0.395355,0.190485,51.819251052851236,-0.102435,125.0,952.0,0.03125,25.0,6.25,1,2.125,2025-02-24,605.0,588.6705932617188,0.1347357142857143,0.136825,0.14658,0.0020892857142857,0.0118442857142856,0,0.1835157142857142,0.12219,0.0613257142857142,0.0181171428571428,0.5121743912804362,0.2522578679078015,0.6932270916334662,0.1290287165618729,0.1156645397790124,0.0190711745067018,1.1155425578867466,1.36,1.4589344875570407,1.739346763919637,0.0938730291005615,-0.0204854745686507,-0.0205657471858264,-0.0256474264076711,1,18.979999542236328,19.86000061035156,5.506428113664899,6.7,10.61,expiry_intrinsic,0.335,1.9500000000000002,-426.44999999999993,-0.05330624999999999
VRSK,2024-12-31,2025-02-26,1.0,285.46,294.56,0.9,-2.22,1.5973,6.86,6.33,17.0,6.6301,6.626,6.6169,6.6175,0.0,0.0,3.0,2.0,736160420.0,2886002000.0,2874300000.0,14.0,4722.4,4168.8,192.85,116.54,7.04,1.19,7.25,9.87,-4.02,13.55,10.81,1.25,1.47,300.0,290.0,300.0,2025-03-21,8.8,9.0,17.8,5.933333333333334,3.2249999999999996,11.7,14.924999999999999,285.16,14.839999999999975,0.27829,0.30755,0.29291999999999996,0.239265,18.31728799672264,-0.04877999999999996,395.0,4.0,0.675,24.0,3.3333333333333326,1,2.600000000000001,2025-02-25,605.0,585.7431030273438,0.1417042857142857,0.1402034615384615,0.14658,-0.0015008241758241,0.0048757142857142,0,0.19048,0.1235842857142857,0.0668957142857143,0.0153278571428571,0.6341182940852961,0.2973044104609931,0.7729083665338645,0.1129318119225596,0.1163176688769004,0.0253866168373853,0.9708912928961456,1.17,0.2116517503756931,3.3330443418293316,1.5619103763059845,-0.028209701341627,-0.0225832734976142,-0.0304929336857313,1,19.43000030517578,20.030000686645508,5.259571733747208,17.8,14.839999999999975,expiry_intrinsic,0.8900000000000001,1.9500000000000002,205.05000000000257,0.006835000000000086
UHS,2024-12-31,2025-02-26,1.0,191.27,203.5,-5.83,-11.49,4.1753,16.26,15.7165,14.0,15.9189,15.9472,15.9411,15.9606,1.0,0.0,1.0,2.0,4180799120.0,15789000000.0,15663081640.0,16.0,23015.2,19988.0,1903.68,1193.18,11.23,1.42,8.42,45.49,-13.92,30.48,34.63,0.78,1.68,190.0,185.0,190.0,2025-03-21,8.6,8.75,17.35,9.131578947368421,4.949999999999999,8.3,13.25,174.14,15.860000000000014,0.45389,0.44414,0.449015,0.35145499999999996,21.7275592129439,-0.09267999999999998,94.0,7.0,0.27049180327868855,24.0,2.631578947368418,1,6.5000000000000036,2025-02-25,605.0,585.7431030273438,0.1417042857142857,0.1402034615384615,0.14658,-0.0015008241758241,0.0048757142857142,0,0.19048,0.1235842857142857,0.0668957142857143,0.0153278571428571,0.6341182940852961,0.2973044104609931,0.7729083665338645,0.1129318119225596,0.1163176688769004,0.0253866168373853,0.9708912928961456,1.17,0.2116517503756931,3.3330443418293316,1.5619103763059845,-0.028209701341627,-0.0225832734976142,-0.0304929336857313,1,19.43000030517578,20.030000686645508,5.259571733747208,17.35,15.860000000000014,expiry_intrinsic,0.8675000000000002,1.9500000000000002,60.29999999999876,0.0031736842105262505
INVH,2024-12-31,2025-02-26,0.0,31.05,34.61,1.67,-8.78,0.18,0.4941,0.4941,1.0,0.4941,0.4941,0.6464,0.6547,0.0,0.0,0.0,1.0,680376740.0,2634400000.0,2550700000.0,14.0,4405.6,4533.6,-149.33,143.78,6.9,1.05,8.55,-28.57,25.0,-5.78,5.9,-0.95,-0.26,32.5,32.5,32.5,2025-03-21,0.7749999999999999,1.0499999999999998,1.8249999999999997,5.615384615384614,1.375,0.45,1.825,33.87,1.3699999999999974,0.27829,0.26853,0.27341,0.26365,3.5697304414615383,-0.029264999999999985,269.0,31.0,0.9736842105263158,24.0,0.0,1,5.615384615384614,2025-02-25,605.0,585.7431030273438,0.1417042857142857,0.1402034615384615,0.14658,-0.0015008241758241,0.0048757142857142,0,0.19048,0.1235842857142857,0.0668957142857143,0.0153278571428571,0.6341182940852961,0.2973044104609931,0.7729083665338645,0.1129318119225596,0.1163176688769004,0.0253866168373853,0.9708912928961456,1.17,0.2116517503756931,3.3330443418293316,1.5619103763059845,-0.028209701341627,-0.0225832734976142,-0.0304929336857313,1,19.43000030517578,20.030000686645508,5.259571733747208,1.8249999999999997,1.3699999999999974,expiry_intrinsic,0.09125,1.9500000000000002,34.425000000000225,0.010592307692307762
EME,2024-12-31,2025-02-26,1.0,430.0,507.95,-2.12,-17.14,5.7583,22.0,20.62,6.0,21.02,21.02,21.02,20.8,2.0,0.0,2.0,0.0,4087249170.0,14668500000.0,14526100000.0,6.0,47733.6,36612.0,4414.98,1991.91,15.26,0.82,15.62,62.46,10.48,48.75,54.71,2.86,2.5,400.0,400.0,400.0,2025-03-21,20.450000000000003,21.05,41.5,10.375,18.3,14.25,32.55,395.14,4.860000000000014,0.51243,0.50267,0.50755,0.40999,19.221751551571263,-0.05365999999999993,12.0,11.0,0.6332288401253918,24.0,0.0,1,10.375,2025-02-25,605.0,585.7431030273438,0.1417042857142857,0.1402034615384615,0.14658,-0.0015008241758241,0.0048757142857142,0,0.19048,0.1235842857142857,0.0668957142857143,0.0153278571428571,0.6341182940852961,0.2973044104609931,0.7729083665338645,0.1129318119225596,0.1163176688769004,0.0253866168373853,0.9708912928961456,1.17,0.2116517503756931,3.3330443418293316,1.5619103763059845,-0.028209701341627,-0.0225832734976142,-0.0304929336857313,1,19.43000030517578,20.030000686645508,5.259571733747208,41.5,4.860000000000014,expiry_intrinsic,2.075,1.9500000000000002,3454.5499999999984,0.08636374999999996
FE,2024-12-31,2025-02-26,0.0,40.88,42.62,5.31,1.01,0.6893,2.7,2.62,16.0,2.6647,2.6637,2.6737,2.6733,3.0,0.0,2.0,6.0,3296811750.0,14114445600.0,13384000000.0,10.0,2959.2,3116.0,-70.83,60.07,6.94,13.69,4.43,-3.41,51.79,27.19,9.16,5.03,0.4,43.0,39.0,43.0,2025-03-21,1.275,1.075,2.3499999999999996,5.4651162790697665,0.125,4.4,4.525,39.56,3.4399999999999977,0.21,0.30755,0.258775,0.22951,11.309052265481592,-0.06828999999999996,83.0,1971.0,0.013356418501113035,24.0,9.302325581395355,0,-3.837209302325588,2025-02-25,605.0,585.7431030273438,0.1417042857142857,0.1402034615384615,0.14658,-0.0015008241758241,0.0048757142857142,0,0.19048,0.1235842857142857,0.0668957142857143,0.0153278571428571,0.6341182940852961,0.2973044104609931,0.7729083665338645,0.1129318119225596,0.1163176688769004,0.0253866168373853,0.9708912928961456,1.17,0.2116517503756931,3.3330443418293316,1.5619103763059845,-0.028209701341627,-0.0225832734976142,-0.0304929336857313,1,19.43000030517578,20.030000686645508,5.259571733747208,2.3499999999999996,3.4399999999999977,expiry_intrinsic,0.1175,1.9500000000000002,-122.6999999999998,-0.028534883720930188
VTRS,2024-12-31,2025-02-27,0.0,11.2,13.09,-14.91,-27.2,0.572,2.722,2.65,8.0,2.6817,2.6817,2.6867,2.6792,0.0,0.0,0.0,1.0,3641681440.0,14858980000.0,14740700000.0,7.0,3784.8,3516.0,61.44,141.72,-4.84,-1.2,-4.36,-5.06,8.7,-25.94,-49.99,-4.01,-5.44,11.0,9.0,11.0,2025-03-21,0.575,0.4,0.975,8.863636363636363,0.02,1.85,1.87,9.15,1.8499999999999996,0.37584,0.4734,0.42462,0.36609,13.784089303377131,-0.09755499999999995,1588.0,191.0,0.15166461159062886,23.0,18.181818181818176,0,-9.318181818181813,2025-02-26,605.0,586.0386962890625,0.136825,0.141705,0.14658,0.00488,0.0097549999999999,0,0.19048,0.12219,0.06829,0.01951,0.5624943944033725,0.2657635195035462,0.7410358565737052,0.1050980247609124,0.106063499213261,0.0307615007867389,0.990897203472352,1.1,-0.2738205589131182,1.1741235680439146,-0.5112354742710681,-0.0300036752471598,-0.008058545845919,-0.0300036752471598,1,19.100000381469727,19.75,5.417500381469726,0.975,1.8499999999999996,expiry_intrinsic,0.04875,1.9500000000000002,-94.32499999999996,-0.08574999999999997
EVRG,2024-12-31,2025-02-27,0.0,63.21,64.63,8.46,6.08,0.3745,3.86,3.802,12.0,3.8273,3.8373,3.8406,3.8388,0.0,0.0,0.0,4.0,962977500.0,5975000000.0,5630327030.0,10.0,11474.4,11341.92,82.67,241.56,8.51,25.14,-1.02,7.45,124.44,17.81,29.14,5.0,5.53,70.0,67.5,70.0,2025-03-21,1.025,2.225,3.25,4.642857142857143,0.625,2.65,3.275,67.45,2.549999999999997,0.19048,0.26853,0.22950500000000001,0.234385,-2.1263153308206775,-0.029265000000000013,250.0,12.0,1.8333333333333333,23.0,3.57142857142857,1,1.0714285714285734,2025-02-26,605.0,586.0386962890625,0.136825,0.141705,0.14658,0.00488,0.0097549999999999,0,0.19048,0.12219,0.06829,0.01951,0.5624943944033725,0.2657635195035462,0.7410358565737052,0.1050980247609124,0.106063499213261,0.0307615007867389,0.990897203472352,1.1,-0.2738205589131182,1.1741235680439146,-0.5112354742710681,-0.0300036752471598,-0.008058545845919,-0.0300036752471598,1,19.100000381469727,19.75,5.417500381469726,3.25,2.549999999999997,expiry_intrinsic,0.1625,1.9500000000000002,51.80000000000028,0.00740000000000004
AES,2024-12-31,2025-02-28,1.0,11.15,13.04,3.95,-11.12,0.4631,1.98,1.69,14.0,1.9092,1.9174,1.9094,1.9296,2.0,0.0,4.0,2.0,2485786490.0,12887630000.0,10885000000.0,9.0,3829.6,3315.04,184.43,206.7,-4.22,11.79,-1.5,18.33,86.84,-1.75,-22.16,-4.78,-4.65,10.0,11.0,10.0,2025-03-21,0.75,0.42500000000000004,1.175,11.75,1.325,0.1,1.425,13.05,3.0500000000000007,0.52218,0.60999,0.566085,0.46853,17.23327768797971,-0.03414499999999998,7161.0,759.0,1.7697658862876253,22.0,10.000000000000009,1,1.7499999999999911,2025-02-27,595.0,576.6844482421875,0.1644683333333333,0.161215,0.161215,-0.0032533333333333,-0.0032533333333333,1,0.21,0.1417,0.0683,0.0113816666666666,1.0,0.4444567572892042,0.9362549800796812,0.1237709934787985,0.1139543691493858,0.0505139641839475,1.0861452211327136,1.36,1.3130643285971944,1.3463172187592525,-0.3714799133468443,-0.0414987779319868,-0.0322074512380319,-0.0454865883785815,1,21.1299991607666,21.219999313354492,4.6831658274332675,1.175,3.0500000000000007,expiry_intrinsic,0.058750000000000004,1.9500000000000002,-195.32500000000007,-0.19532500000000008
MU,2025-02-28,2025-03-20,1.0,106.79,90.12,-3.55,14.29,1.4248,1.51,1.26,25.0,1.4374,1.4399,1.4437,1.4462,1.0,0.0,1.0,4.0,7897481470.0,8026000000.0,7759000000.0,23.0,3352.8,4715.12,-436.65,810.27,,,75.37,-875.0,-187.15,,,,,102.0,95.0,102.0,2025-03-21,5.15,5.05,10.2,10.0,0.01,7.699999999999999,7.709999999999999,94.72,7.280000000000001,1.69289,1.69289,1.69289,0.44414,73.76439107089061,-1.107295,1995.0,657.0,0.6115925182288915,2.0,6.8627450980392135,1,3.1372549019607865,2025-03-19,566.0,559.0206298828125,0.17950625,0.17585,0.17585,-0.00365625,-0.00365625,1,0.20878,0.1417,0.06708,-0.00426625,0.5476786148302356,0.5416655123374708,0.9362549800796812,0.2313394909407405,0.2018825817137558,-0.0223763317137557,1.145911098307386,1.16,-0.1764350174685166,1.3906506377103416,-0.5028055533900226,0.014779628476736,-0.0725442227790943,-0.0747232906615383,0,19.899999618530273,20.829999923706055,1.9493746185302712,10.2,7.280000000000001,expiry_intrinsic,0.51,1.9500000000000002,239.04999999999984,0.023436274509803907
MKC,2025-02-28,2025-03-25,0.0,80.14,78.03,0.11,2.82,0.6441,0.6693,0.6056,10.0,0.6429,0.6429,0.6894,0.6898,1.0,0.0,2.0,0.0,1614108380.0,1621400000.0,1609933810.0,6.0,-18046.24,-17748.7,-166.72,532.69,,,0.33,-5.88,-3.61,,,,,80.0,80.0,80.0,2025-04-17,2.475,2.2750000000000004,4.75,5.9375,1.9749999999999999,1.175,3.15,75.32,4.680000000000007,0.26853,0.30755,0.28803999999999996,0.19048500000000002,33.86855992223301,-0.06828499999999998,2346.0,724.0,0.759268413247652,24.0,0.0,1,5.9375,2025-03-24,580.0,567.5736694335938,0.14414375,0.15146,0.152436,0.0073162499999999,0.00829225,0,0.17341,0.1343875,0.0390225,0.0097549999999999,0.2860967864653234,0.3130737016105203,0.7410358565737052,0.1797900316947228,0.2078127403451167,-0.0636689903451167,0.8651540391418913,1.23,0.3148835066625001,4.713667147858626,2.1438024728133125,0.0152642385889689,-0.0402256486516278,-0.0605665174275209,1,17.479999542236328,19.040000915527344,3.065624542236326,4.75,4.680000000000007,expiry_intrinsic,0.23750000000000002,1.9500000000000002,-18.70000000000068,-0.002337500000000085
PAYX,2025-02-28,2025-03-26,1.0,149.89,142.64,0.2,5.29,1.4796,1.4941,1.46,15.0,1.4796,1.4796,1.4796,1.4791,1.0,0.0,1.0,1.0,1508802890.0,1515575900.0,1501500000.0,11.0,1472.8,1511.91,-17.77,86.97,,,3.82,32.47,-10.53,,,,,145.0,150.0,145.0,2025-04-17,3.55,4.05,7.6,5.241379310344827,7.55,0.75,8.3,144.9,0.09999999999999432,0.25877,0.25877,0.25877,0.20024,22.618541562004868,-0.04389500000000002,194.0,359.0,1.8195970695970696,23.0,3.4482758620689724,1,1.793103448275855,2025-03-25,585.0,568.9379272460938,0.1417,0.1444885714285714,0.14658,0.0027885714285714,0.0048799999999999,0,0.17097,0.13195,0.03902,0.00976,0.2680199934482358,0.2972767065602837,0.6972111553784861,0.134032181702645,0.208111918736177,-0.066411918736177,0.6440389503714937,1.12,-0.4190394578897858,0.8762997690463108,-0.7814975408503205,0.0288243650528496,-0.0335207266024446,-0.058308432641448,1,17.149999618530273,19.049999237060547,2.9799996185302735,7.6,0.09999999999999432,expiry_intrinsic,0.38,1.9500000000000002,710.0500000000005,0.04896896551724141
BLK,2025-03-31,2025-04-11,1.0,910.06,955.64,-3.44,-8.04,10.2139,11.09,9.26,13.0,10.805,10.9366,10.8411,10.9115,0.0,0.0,0.0,4.0,5312183150.0,5502000000.0,5236000000.0,8.0,61442.4,57185.76,2799.04,1103.88,14.27,292.67,13.03,23.5,4.1,21.17,20.7,1.37,1.97,855.0,892.5,855.0,2025-04-11,22.75,20.0,42.75,5.0,,,,878.78,23.779999999999973,1.15631,1.2246,1.190455,0.45877,61.462634034885824,-0.712175,5.0,24.0,0.8585138469975322,1.0,4.385964912280693,1,0.6140350877193068,2025-04-10,527.0,518.6345825195312,0.3486678571428571,0.3126647619047619,0.29292,-0.0360030952380952,-0.0557478571428571,1,0.4120828571428571,0.2852528571428571,0.12683,0.0,0.7208875907469238,0.759423149091299,0.9880478087649402,0.9966777074678173,0.5036539769370216,-0.1549861197941645,1.9788937506840032,1.38,0.5475378246430556,1.374270132339904,-0.2878010103561241,-0.0225826161993937,-0.0585324032233206,-0.1415692476977172,0,40.720001220703125,35.709999084472656,5.853215506417413,42.75,23.779999999999973,expiry_intrinsic,2.1375,1.9500000000000002,1681.3000000000027,0.019664327485380148
GS,2025-03-31,2025-04-14,1.0,541.41,571.53,-6.91,-11.82,12.2712,13.21,11.35,12.0,12.5909,12.8101,12.8965,12.3873,2.0,0.0,3.0,5.0,14711401650.0,15158000000.0,14322551040.0,11.0,114159.2,104418.88,6037.65,2580.31,17.0,302.4,17.57,100.18,30.6,33.31,71.31,-0.59,4.59,495.0,507.5,495.0,2025-04-17,17.375,17.95,35.325,7.136363636363637,16.025,2.575,18.599999999999998,509.49,14.490000000000009,0.68803,0.70754,0.697785,0.45877,34.25338750474716,-0.214625,113.0,158.0,0.5852626338063232,6.0,2.5252525252525304,1,4.611111111111106,2025-04-11,535.0,527.888427734375,0.3194014285714285,0.2926876190476191,0.2755788888888889,-0.0267138095238094,-0.0438225396825396,1,0.3897828571428571,0.2559842857142857,0.1337985714285713,0.0034821428571428,0.618949997760871,0.6715595346593042,0.9840637450199204,0.8671890603481768,0.5069613736342361,-0.1875599450628075,1.7105623928142475,1.19,-0.3255237105995058,1.102429712537707,-0.3076445454819014,0.0567208353360582,-0.0287872940141262,-0.1262525187767953,0,37.560001373291016,33.90999984741211,5.61985851614816,35.325,14.490000000000009,expiry_intrinsic,1.7662500000000003,1.9500000000000002,1904.9249999999995,0.03848333333333332
UAL,2025-03-31,2025-04-15,1.0,73.67,104.96,-9.05,-36.17,0.7351,0.8,0.6,16.0,0.7509,0.8993,1.0547,0.5837,4.0,0.0,0.0,13.0,13183737610.0,13578300000.0,12790602050.0,15.0,19485.6,18335.68,537.78,57.15,6.23,284.44,5.99,63.0,-2.1,8.5,21.02,5.74,1.09,66.0,67.0,66.0,2025-04-17,2.99,3.085,6.075,9.204545454545453,1.9300000000000002,0.99,2.92,66.3,0.29999999999999716,1.31241,1.23436,1.273385,0.912415,28.347279102549507,-0.54633,243.0,1271.0,0.9990582030514221,3.0,1.5151515151515138,1,7.6893939393939394,2025-04-14,539.0,533.009765625,0.2664385714285714,0.2473916666666666,0.2406191666666666,-0.0190469047619047,-0.0258194047619047,1,0.3200985714285714,0.2030285714285714,0.11707,-0.0048749999999999,0.4344756208607211,0.5125545488661342,0.9760956175298804,0.8603135173224021,0.5024632097689982,-0.2360246383404267,1.7121920582363068,1.29,0.2097323065606081,1.6698622127357168,-0.2652997580514417,0.0688764794181322,-0.0392109165694911,-0.1177758107314388,0,30.88999938964844,29.6299991607666,4.2461422467912975,6.075,0.29999999999999716,expiry_intrinsic,0.30375,1.9500000000000002,545.1750000000003,0.08260227272727277
KMI,2025-03-31,2025-04-16,0.0,27.79,30.06,-3.02,-10.35,0.3573,0.376,0.3246,9.0,0.3557,0.3599,0.3612,0.3464,0.0,0.0,3.0,3.0,4025954960.0,4134772000.0,3904579820.0,5.0,2415.2,2501.6,-79.74,45.46,-1.7,310.04,-1.29,14.29,28.0,17.1,2.81,-16.45,1.28,27.0,27.0,27.0,2025-04-17,0.655,0.44499999999999995,1.1,4.074074074074074,0.21000000000000002,0.01,0.22000000000000003,27.1,0.10000000000000142,0.67828,0.67828,0.67828,0.29292,56.81429498142359,-0.33658,1325.0,55.0,0.19120733072188026,2.0,0.0,1,4.074074074074074,2025-04-15,538.0,531.5169067382812,0.2545914285714286,0.2420485714285714,0.239265,-0.0125428571428571,-0.0153264285714285,1,0.30755,0.2016342857142857,0.1059157142857142,7.142857142428127e-07,0.393210960785387,0.4769870798263014,0.9681274900398408,0.8372691858296863,0.501254027099021,-0.2466625985275924,1.6703490457230514,1.35,0.4576445256793254,1.0308719429314803,-0.3158794314123639,0.082843154748545,-0.0492333653262574,-0.120246752740322,0,30.1200008392334,29.0,4.6608579820905405,1.1,0.10000000000000142,expiry_intrinsic,0.05500000000000001,1.9500000000000002,92.54999999999986,0.034277777777777726
MSCI,2025-03-31,2025-04-22,1.0,562.56,613.0,-4.28,-12.16,3.9038,4.033,3.71,14.0,3.9296,3.9286,3.9286,3.9254,5.0,0.0,6.0,1.0,744468390.0,758000000.0,733622580.0,12.0,12703.2,11823.36,407.15,143.55,12.94,294.11,13.76,13.59,8.29,1.92,10.39,-0.35,-1.23,530.0,530.0,530.0,2025-05-16,23.95,21.3,45.25,8.537735849056602,18.9,15.100000000000001,34.0,572.22,42.22000000000003,0.3856,0.42462,0.40510999999999997,0.31731,21.673125817679146,-0.06828499999999993,1.0,18.0,1.532258064516129,25.0,0.0,1,8.537735849056602,2025-04-21,515.0,508.055908203125,0.3005857142857143,0.278285,0.26853,-0.0223007142857142,-0.0320557142857143,1,0.3396085714285714,0.2615585714285714,0.07805,-2.1428571428949716e-06,0.5534131790158779,0.6150710341500027,0.9800796812749004,0.2375204075038245,0.5081948090829292,-0.2076090947972149,0.4673806250253631,1.19,-0.6918386311625854,5.878730905128022,0.036582853219496,-0.0375695288801243,-0.0885322873996306,-0.1590788000065464,0,33.81999969482422,31.829999923706055,3.761428266252789,45.25,42.22000000000003,expiry_intrinsic,2.2625,1.9500000000000002,74.79999999999725,0.0014113207547169293
NOC,2025-03-31,2025-04-22,0.0,490.72,502.41,-5.43,-7.63,6.2631,6.53,6.05,18.0,6.3054,6.3414,6.3642,6.5997,0.0,0.0,2.0,9.0,9948173960.0,10404000000.0,9722255000.0,19.0,36663.2,34739.04,-1944.14,3982.21,4.44,310.49,5.06,1.91,-8.71,169.57,72.25,-79.62,4.19,535.0,475.0,535.0,2025-05-16,16.45,18.299999999999997,34.75,6.4953271028037385,0.55,62.1,62.65,473.17,61.829999999999984,0.31731,0.30755,0.31243,0.27829,10.927247703485582,-0.03414499999999998,78.0,17.0,1.0459770114942528,25.0,11.214953271028039,0,-4.7196261682243,2025-04-21,515.0,508.055908203125,0.3005857142857143,0.278285,0.26853,-0.0223007142857142,-0.0320557142857143,1,0.3396085714285714,0.2615585714285714,0.07805,-2.1428571428949716e-06,0.5534131790158779,0.6150710341500027,0.9800796812749004,0.2375204075038245,0.5081948090829292,-0.2076090947972149,0.4673806250253631,1.19,-0.6918386311625854,5.878730905128022,0.036582853219496,-0.0375695288801243,-0.0885322873996306,-0.1590788000065464,0,33.81999969482422,31.829999923706055,3.761428266252789,34.75,61.829999999999984,expiry_intrinsic,1.7375,1.9500000000000002,-2883.6999999999985,-0.05390093457943922
NTRS,2025-03-31,2025-04-22,1.0,98.77,107.39,-9.53,-16.79,1.8425,1.93,1.75,12.0,1.84,1.8294,1.8231,1.7435,2.0,0.0,3.0,6.0,1948168580.0,1960100000.0,1924000000.0,6.0,7186.4,2239.2,850.67,3050.32,31.02,303.3,33.88,334.62,1.8,60.82,81.56,-3.46,4.66,85.0,90.0,85.0,2025-05-16,4.1,3.35,7.449999999999999,8.76470588235294,7.6,2.5,10.1,107.9,22.900000000000006,0.33682,0.48316,0.40998999999999997,0.395355,3.5695992585184895,-0.009759999999999991,164.0,17.0,1.0837155963302751,25.0,5.882352941176472,1,2.8823529411764683,2025-04-21,515.0,508.055908203125,0.3005857142857143,0.278285,0.26853,-0.0223007142857142,-0.0320557142857143,1,0.3396085714285714,0.2615585714285714,0.07805,-2.1428571428949716e-06,0.5534131790158779,0.6150710341500027,0.9800796812749004,0.2375204075038245,0.5081948090829292,-0.2076090947972149,0.4673806250253631,1.19,-0.6918386311625854,5.878730905128022,0.036582853219496,-0.0375695288801243,-0.0885322873996306,-0.1590788000065464,0,33.81999969482422,31.829999923706055,3.761428266252789,7.449999999999999,22.900000000000006,expiry_intrinsic,0.3725,1.9500000000000002,-1584.2000000000007,-0.1863764705882354
STLD,2025-03-31,2025-04-22,1.0,122.67,122.89,-4.3,-4.47,1.3846,1.46,1.25,10.0,1.3818,1.4702,1.5147,1.8089,0.0,0.0,3.0,4.0,4177873080.0,4270000000.0,4084000000.0,7.0,46557.6,46071.2,229.76,36.06,-6.68,304.01,-6.44,-47.89,-33.66,-20.09,-38.34,-5.55,-5.69,115.0,125.0,115.0,2025-05-16,5.2,6.15,11.350000000000001,9.869565217391306,10.3,2.425,12.725000000000001,134.78,19.78,0.48316,0.46365,0.47340499999999996,0.41487,12.364677179159484,-0.029269999999999963,75.0,3.0,1.0063897763578276,25.0,8.695652173913038,1,1.1739130434782687,2025-04-21,515.0,508.055908203125,0.3005857142857143,0.278285,0.26853,-0.0223007142857142,-0.0320557142857143,1,0.3396085714285714,0.2615585714285714,0.07805,-2.1428571428949716e-06,0.5534131790158779,0.6150710341500027,0.9800796812749004,0.2375204075038245,0.5081948090829292,-0.2076090947972149,0.4673806250253631,1.19,-0.6918386311625854,5.878730905128022,0.036582853219496,-0.0375695288801243,-0.0885322873996306,-0.1590788000065464,0,33.81999969482422,31.829999923706055,3.761428266252789,11.350000000000001,19.78,expiry_intrinsic,0.5675000000000001,1.9500000000000002,-901.7,-0.07840869565217391
PNR,2025-03-31,2025-04-22,1.0,87.42,104.69,-1.35,-17.62,1.0115,1.0211,0.9667,16.0,1.0121,1.0116,1.0104,1.0997,1.0,0.0,3.0,0.0,988664770.0,1047700000.0,979314490.0,15.0,5856.8,5584.8,161.84,79.26,-0.53,310.99,-0.44,24.14,-0.92,24.74,8.74,2.15,1.68,80.0,87.5,80.0,2025-05-16,2.95,3.7,6.65,8.3125,8.8,0.4,9.200000000000001,101.08,21.08,0.40511,0.39536,0.400235,0.27341,31.68763351530976,-0.039024999999999976,1282.0,6.0,0.89272030651341,25.0,9.375,0,-1.0625,2025-04-21,515.0,508.055908203125,0.3005857142857143,0.278285,0.26853,-0.0223007142857142,-0.0320557142857143,1,0.3396085714285714,0.2615585714285714,0.07805,-2.1428571428949716e-06,0.5534131790158779,0.6150710341500027,0.9800796812749004,0.2375204075038245,0.5081948090829292,-0.2076090947972149,0.4673806250253631,1.19,-0.6918386311625854,5.878730905128022,0.036582853219496,-0.0375695288801243,-0.0885322873996306,-0.1590788000065464,0,33.81999969482422,31.829999923706055,3.761428266252789,6.65,21.08,expiry_intrinsic,0.3325,1.9500000000000002,-1478.1999999999998,-0.18477499999999997
PKG,2025-03-31,2025-04-22,1.0,194.41,239.8,-4.11,-22.26,2.214,2.25,2.18,5.0,2.22,2.222,2.222,2.408,0.0,0.0,0.0,1.0,2115191200.0,2200200000.0,1989105020.0,6.0,15623.2,15404.32,212.48,326.67,7.45,284.13,6.98,15.02,-7.55,2.92,2.44,-0.5,-0.64,180.0,185.0,180.0,2025-05-16,9.75,7.35,17.1,9.5,9.15,3.475,12.625,194.22,14.219999999999999,0.44414,0.45389,0.449015,0.322185,28.246272396245114,-0.09755999999999998,1.0,0.0,0.29411764705882354,25.0,2.777777777777768,1,6.722222222222232,2025-04-21,515.0,508.055908203125,0.3005857142857143,0.278285,0.26853,-0.0223007142857142,-0.0320557142857143,1,0.3396085714285714,0.2615585714285714,0.07805,-2.1428571428949716e-06,0.5534131790158779,0.6150710341500027,0.9800796812749004,0.2375204075038245,0.5081948090829292,-0.2076090947972149,0.4673806250253631,1.19,-0.6918386311625854,5.878730905128022,0.036582853219496,-0.0375695288801243,-0.0885322873996306,-0.1590788000065464,0,33.81999969482422,31.829999923706055,3.761428266252789,17.1,14.219999999999999,expiry_intrinsic,0.8550000000000001,1.9500000000000002,200.55000000000027,0.011141666666666682
MCO,2025-03-31,2025-04-22,1.0,459.49,484.63,-6.45,-11.3,3.5388,3.65,3.34,20.0,3.5457,3.5928,3.6246,3.5713,1.0,0.0,0.0,11.0,1877437280.0,1921200000.0,1820300000.0,18.0,19923.97,18892.64,565.15,315.05,19.81,290.95,20.79,19.63,-18.38,32.56,33.77,1.26,4.38,410.0,430.0,410.0,2025-05-16,20.05,15.2,35.25,8.597560975609756,27.85,5.25,33.1,488.9,78.89999999999998,0.41487,0.40511,0.40999,0.32707,20.224883533744723,-0.05365500000000001,5.0,0.0,1.2920489296636086,25.0,4.878048780487809,1,3.719512195121947,2025-04-21,515.0,508.055908203125,0.3005857142857143,0.278285,0.26853,-0.0223007142857142,-0.0320557142857143,1,0.3396085714285714,0.2615585714285714,0.07805,-2.1428571428949716e-06,0.5534131790158779,0.6150710341500027,0.9800796812749004,0.2375204075038245,0.5081948090829292,-0.2076090947972149,0.4673806250253631,1.19,-0.6918386311625854,5.878730905128022,0.036582853219496,-0.0375695288801243,-0.0885322873996306,-0.1590788000065464,0,33.81999969482422,31.829999923706055,3.761428266252789,35.25,78.89999999999998,expiry_intrinsic,1.7625000000000002,1.9500000000000002,-4543.199999999998,-0.11080975609756093
CB,2025-03-31,2025-04-22,1.0,291.43,268.32,-0.35,8.24,3.2282,3.56,2.59,17.0,3.2219,3.1804,3.2163,5.8839,2.0,0.0,4.0,6.0,11218000000.0,11411000000.0,10966000000.0,4.0,19914.4,17430.24,1372.83,399.74,12.31,271.81,12.88,8.66,5.61,13657.14,21.24,-71.2,1.5,280.0,285.0,280.0,2025-05-16,9.5,9.05,18.55,6.625,9.65,5.300000000000001,14.950000000000001,294.33,14.329999999999984,0.31731,0.31731,0.31731,0.239265,24.59582112130093,-0.03414499999999998,183.0,11.0,0.7577854671280276,25.0,1.7857142857142794,1,4.839285714285721,2025-04-21,515.0,508.055908203125,0.3005857142857143,0.278285,0.26853,-0.0223007142857142,-0.0320557142857143,1,0.3396085714285714,0.2615585714285714,0.07805,-2.1428571428949716e-06,0.5534131790158779,0.6150710341500027,0.9800796812749004,0.2375204075038245,0.5081948090829292,-0.2076090947972149,0.4673806250253631,1.19,-0.6918386311625854,5.878730905128022,0.036582853219496,-0.0375695288801243,-0.0885322873996306,-0.1590788000065464,0,33.81999969482422,31.829999923706055,3.761428266252789,18.55,14.329999999999984,expiry_intrinsic,0.9275000000000001,1.9500000000000002,327.30000000000166,0.011689285714285774
DGX,2025-03-31,2025-04-22,1.0,167.11,151.51,3.43,14.08,2.1502,2.24,2.08,14.0,2.1551,2.2043,2.2147,2.199,0.0,0.0,0.0,9.0,2629718700.0,2682400000.0,2577000000.0,12.0,11498.4,11288.96,145.39,59.2,6.7,296.78,5.59,3.72,-3.04,50.08,6.66,-0.14,-0.01,160.0,175.0,160.0,2025-05-16,7.0,4.8,11.8,7.375000000000001,14.95,0.75,15.7,177.97,17.97,0.34658,0.34658,0.34658,0.21975499999999998,36.59328293611865,-0.04390499999999997,79.0,23.0,11.529166666666667,25.0,9.375,0,-1.9999999999999991,2025-04-21,515.0,508.055908203125,0.3005857142857143,0.278285,0.26853,-0.0223007142857142,-0.0320557142857143,1,0.3396085714285714,0.2615585714285714,0.07805,-2.1428571428949716e-06,0.5534131790158779,0.6150710341500027,0.9800796812749004,0.2375204075038245,0.5081948090829292,-0.2076090947972149,0.4673806250253631,1.19,-0.6918386311625854,5.878730905128022,0.036582853219496,-0.0375695288801243,-0.0885322873996306,-0.1590788000065464,0,33.81999969482422,31.829999923706055,3.761428266252789,11.8,17.97,expiry_intrinsic,0.5900000000000001,1.9500000000000002,-677.9499999999998,-0.04237187499999999
GPC,2025-03-31,2025-04-22,1.0,118.78,117.66,-3.22,-2.3,1.68,1.78,1.59,11.0,1.6842,1.6824,1.6796,2.0169,0.0,0.0,0.0,7.0,5828032230.0,5907900000.0,5757000000.0,11.0,7301.6,8783.84,-556.8,929.58,1.71,293.4,1.5,-28.76,-14.36,-22.09,-17.42,0.39,-1.43,110.0,115.0,110.0,2025-05-16,6.1,4.0,10.1,9.181818181818182,7.8999999999999995,1.35,9.25,128.67,18.669999999999987,0.42462,0.43438,0.4295,0.33682,21.578579743888238,-0.06340999999999997,278.0,26.0,0.14574314574314573,25.0,4.545454545454541,1,4.63636363636364,2025-04-21,515.0,508.055908203125,0.3005857142857143,0.278285,0.26853,-0.0223007142857142,-0.0320557142857143,1,0.3396085714285714,0.2615585714285714,0.07805,-2.1428571428949716e-06,0.5534131790158779,0.6150710341500027,0.9800796812749004,0.2375204075038245,0.5081948090829292,-0.2076090947972149,0.4673806250253631,1.19,-0.6918386311625854,5.878730905128022,0.036582853219496,-0.0375695288801243,-0.0885322873996306,-0.1590788000065464,0,33.81999969482422,31.829999923706055,3.761428266252789,10.1,18.669999999999987,expiry_intrinsic,0.505,1.9500000000000002,-909.4499999999989,-0.08267727272727263
IVZ,2025-03-31,2025-04-22,1.0,15.32,17.42,-11.95,-22.56,0.3838,0.43,0.36,12.0,0.3888,0.4048,0.4057,0.4175,2.0,0.0,0.0,7.0,1112916150.0,1120326790.0,1096053970.0,5.0,4674.4,4494.56,114.35,56.14,6.13,300.36,5.21,10.64,18.18,385.86,291.38,-66.59,21.33,12.0,13.0,12.0,2025-05-16,1.0,0.575,1.575,13.125,1.525,0.2,1.7249999999999999,15.44,3.4399999999999995,0.57096,0.61974,0.59535,0.43438,27.037876879146726,-0.13658000000000003,205.0,38.0,0.5142083897158322,25.0,8.333333333333325,1,4.791666666666675,2025-04-21,515.0,508.055908203125,0.3005857142857143,0.278285,0.26853,-0.0223007142857142,-0.0320557142857143,1,0.3396085714285714,0.2615585714285714,0.07805,-2.1428571428949716e-06,0.5534131790158779,0.6150710341500027,0.9800796812749004,0.2375204075038245,0.5081948090829292,-0.2076090947972149,0.4673806250253631,1.19,-0.6918386311625854,5.878730905128022,0.036582853219496,-0.0375695288801243,-0.0885322873996306,-0.1590788000065464,0,33.81999969482422,31.829999923706055,3.761428266252789,1.575,3.4399999999999995,expiry_intrinsic,0.07875,1.9500000000000002,-196.32499999999996,-0.16360416666666663
ORLY,2025-03-31,2025-04-23,0.0,1362.74,1261.62,1.3,9.42,9.9037,10.4481,9.68,21.0,9.9154,9.9229,9.9229,10.0863,0.0,0.0,0.0,2.0,4174087440.0,4216600000.0,4128600000.0,24.0,-324165.6,-297986.72,-15003.3,9872.75,5.67,282.83,5.5,1.61,-17.11,17.05,2.05,-0.06,-0.69,1400.0,1360.0,1400.0,2025-05-16,52.25,53.0,105.25,7.517857142857142,16.6,60.75,77.35,1381.66,18.339999999999918,0.37584,0.36609,0.370965,0.253895,31.55823325650668,-0.063415,104.0,70.0,0.24691358024691357,24.0,2.857142857142858,1,4.660714285714285,2025-04-22,529.0,521.2743530273438,0.2699242857142857,0.253407,0.249015,-0.0165172857142857,-0.0209092857142857,1,0.3089442857142856,0.2309028571428571,0.0780414285714285,-7.14285714353835e-07,0.4466166760378364,0.5230193534552083,0.9721115537848606,0.3230123296922461,0.5186596281646245,-0.2487353424503388,0.6227828659718254,1.13,-1.0118517328217234,1.2256406035581848,-0.3086871195429971,-0.0220172562577638,-0.0651263277566405,-0.1371999667833626,0,30.56999969482422,29.450000762939453,3.5775711233956464,105.25,18.339999999999918,expiry_intrinsic,5.2625,1.9500000000000002,8162.800000000008,0.05830571428571434
OTIS,2025-03-31,2025-04-23,1.0,101.38,96.2,-8.96,-4.05,0.91,0.93,0.8972,8.0,0.91,0.91,0.91,0.9185,1.0,0.0,1.0,2.0,3417040470.0,3455000000.0,3384000000.0,5.0,4396.0,4458.72,-29.87,78.77,0.37,301.94,0.2,6.9,-3.12,2.1,-8.14,0.34,-1.3,97.5,92.5,97.5,2025-05-16,3.9250000000000003,3.15,7.075,7.256410256410256,0.575,5.4,5.9750000000000005,98.89,1.3900000000000006,0.2978,0.39536,0.34658,0.273405,21.11345143978302,-0.08293,103.0,1.0,0.34864864864864864,24.0,5.128205128205132,1,2.128205128205124,2025-04-22,529.0,521.2743530273438,0.2699242857142857,0.253407,0.249015,-0.0165172857142857,-0.0209092857142857,1,0.3089442857142856,0.2309028571428571,0.0780414285714285,-7.14285714353835e-07,0.4466166760378364,0.5230193534552083,0.9721115537848606,0.3230123296922461,0.5186596281646245,-0.2487353424503388,0.6227828659718254,1.13,-1.0118517328217234,1.2256406035581848,-0.3086871195429971,-0.0220172562577638,-0.0651263277566405,-0.1371999667833626,0,30.56999969482422,29.450000762939453,3.5775711233956464,7.075,1.3900000000000006,expiry_intrinsic,0.35375,1.9500000000000002,531.175,0.054479487179487175
RJF,2025-03-31,2025-04-23,0.0,144.96,171.55,-6.64,-21.11,2.4373,2.67,2.2972,12.0,2.5023,2.5345,2.5124,2.4841,0.0,0.0,0.0,11.0,3422984820.0,3479500000.0,3383500000.0,9.0,-26855.2,-26698.08,-53.65,586.07,13.12,0.0,17.05,19.8,-17.41,13.23,-21.98,3.37,-8.46,135.0,135.0,135.0,2025-05-16,6.2,5.7,11.9,8.814814814814815,5.4,3.25,8.65,153.88,18.879999999999995,0.44414,0.41487,0.429505,0.31731,26.12193106017393,-0.068295,79.0,3.0,1.751937984496124,24.0,0.0,1,8.814814814814815,2025-04-22,529.0,521.2743530273438,0.2699242857142857,0.253407,0.249015,-0.0165172857142857,-0.0209092857142857,1,0.3089442857142856,0.2309028571428571,0.0780414285714285,-7.14285714353835e-07,0.4466166760378364,0.5230193534552083,0.9721115537848606,0.3230123296922461,0.5186596281646245,-0.2487353424503388,0.6227828659718254,1.13,-1.0118517328217234,1.2256406035581848,-0.3086871195429971,-0.0220172562577638,-0.0651263277566405,-0.1371999667833626,0,30.56999969482422,29.450000762939453,3.5775711233956464,11.9,18.879999999999995,expiry_intrinsic,0.5950000000000001,1.9500000000000002,-759.4499999999995,-0.05625555555555552
NOW,2025-03-31,2025-04-23,1.0,849.73,1134.2,-4.36,-28.35,3.8346,4.05,3.48,36.0,3.833,3.8344,3.8342,3.9168,2.0,0.0,0.0,4.0,3086237190.0,3129125000.0,3073000000.0,33.0,8556.0,10455.52,-877.03,1528.65,22.44,292.71,22.61,18.01,77.29,72.83,79.0,0.59,3.93,767.5,940.0,767.5,2025-04-25,31.1,31.65,62.75,8.175895765472314,170.4,0.03,170.43,945.26,177.76,1.12705,1.1368,1.131925,0.556325,50.8514256686618,-0.6048650000000001,2.0,7.0,1.0460939838371746,3.0,22.4755700325733,0,-14.299674267100988,2025-04-22,529.0,521.2743530273438,0.2699242857142857,0.253407,0.249015,-0.0165172857142857,-0.0209092857142857,1,0.3089442857142856,0.2309028571428571,0.0780414285714285,-7.14285714353835e-07,0.4466166760378364,0.5230193534552083,0.9721115537848606,0.3230123296922461,0.5186596281646245,-0.2487353424503388,0.6227828659718254,1.13,-1.0118517328217234,1.2256406035581848,-0.3086871195429971,-0.0220172562577638,-0.0651263277566405,-0.1371999667833626,0,30.56999969482422,29.450000762939453,3.5775711233956464,62.75,177.76,expiry_intrinsic,3.1375,1.9500000000000002,-11816.7,-0.15396351791530946
WAB,2025-03-31,2025-04-23,1.0,188.86,208.99,-3.65,-12.93,2.0261,2.11,1.9651,9.0,2.0255,2.035,2.035,2.0429,4.0,0.0,4.0,3.0,2608675620.0,2634900000.0,2587000000.0,8.0,11927.2,11686.72,396.99,406.05,7.34,290.05,8.1,9.09,-16.0,15.84,27.09,1.99,2.41,170.0,185.0,170.0,2025-05-16,8.149999999999999,6.05,14.2,8.352941176470589,17.5,1.675,19.175,205.69,35.69,0.39536,0.40511,0.400235,0.28804,28.032281034891998,-0.04877999999999999,10.0,0.0,0.5686274509803921,24.0,8.823529411764696,0,-0.4705882352941071,2025-04-22,529.0,521.2743530273438,0.2699242857142857,0.253407,0.249015,-0.0165172857142857,-0.0209092857142857,1,0.3089442857142856,0.2309028571428571,0.0780414285714285,-7.14285714353835e-07,0.4466166760378364,0.5230193534552083,0.9721115537848606,0.3230123296922461,0.5186596281646245,-0.2487353424503388,0.6227828659718254,1.13,-1.0118517328217234,1.2256406035581848,-0.3086871195429971,-0.0220172562577638,-0.0651263277566405,-0.1371999667833626,0,30.56999969482422,29.450000762939453,3.5775711233956464,14.2,35.69,expiry_intrinsic,0.71,1.9500000000000002,-2221.95,-0.13070294117647058
TDY,2025-03-31,2025-04-23,1.0,507.7,515.08,-11.66,-12.92,4.9226,4.97,4.83,10.0,4.9144,4.9216,4.9216,5.0294,0.0,0.0,0.0,1.0,1439443650.0,1502000000.0,1408141060.0,7.0,44168.8,42845.92,504.96,305.03,0.61,292.8,-0.08,1.47,8.24,-3.47,-4.38,-0.35,-0.92,460.0,460.0,460.0,2025-05-16,19.5,15.7,35.2,7.652173913043479,14.5,14.75,29.25,499.17,39.170000000000016,0.3856,0.35633,0.370965,0.32219,13.148140660170101,-0.02438499999999999,0.0,2.0,0.441588785046729,24.0,0.0,1,7.652173913043479,2025-04-22,529.0,521.2743530273438,0.2699242857142857,0.253407,0.249015,-0.0165172857142857,-0.0209092857142857,1,0.3089442857142856,0.2309028571428571,0.0780414285714285,-7.14285714353835e-07,0.4466166760378364,0.5230193534552083,0.9721115537848606,0.3230123296922461,0.5186596281646245,-0.2487353424503388,0.6227828659718254,1.13,-1.0118517328217234,1.2256406035581848,-0.3086871195429971,-0.0220172562577638,-0.0651263277566405,-0.1371999667833626,0,30.56999969482422,29.450000762939453,3.5775711233956464,35.2,39.170000000000016,expiry_intrinsic,1.7600000000000002,1.9500000000000002,-574.9500000000013,-0.012498913043478289
URI,2025-03-31,2025-04-23,1.0,647.08,788.57,-8.94,-25.28,8.813,9.39,7.9538,18.0,8.9284,9.048,9.048,9.1983,0.0,0.0,1.0,7.0,3606902060.0,3703867000.0,3478000000.0,13.0,32836.0,34037.28,-603.79,889.01,7.07,284.39,6.65,2.93,-1.78,5.36,5.53,-0.32,-0.39,575.0,650.0,575.0,2025-04-25,16.9,18.9,35.8,6.226086956521739,73.65,1.57,75.22,633.6,58.60000000000002,0.81486,0.91242,0.86364,0.45389,47.44453707563336,-0.37559999999999993,0.0,0.0,1.6950819672131148,3.0,13.043478260869556,0,-6.817391304347817,2025-04-22,529.0,521.2743530273438,0.2699242857142857,0.253407,0.249015,-0.0165172857142857,-0.0209092857142857,1,0.3089442857142856,0.2309028571428571,0.0780414285714285,-7.14285714353835e-07,0.4466166760378364,0.5230193534552083,0.9721115537848606,0.3230123296922461,0.5186596281646245,-0.2487353424503388,0.6227828659718254,1.13,-1.0118517328217234,1.2256406035581848,-0.3086871195429971,-0.0220172562577638,-0.0651263277566405,-0.1371999667833626,0,30.56999969482422,29.450000762939453,3.5775711233956464,35.8,58.60000000000002,expiry_intrinsic,1.79,1.9500000000000002,-2460.950000000002,-0.042799130434782645
EW,2025-03-31,2025-04-23,1.0,71.35,68.93,-1.25,2.22,0.5956,0.64,0.5738,26.0,0.5954,0.5959,0.5959,0.5877,0.0,0.0,0.0,1.0,1400576310.0,1419900000.0,1365280030.0,23.0,-11927.9,-12055.27,81.98,28.26,-9.41,301.62,-4.93,-7.81,-11.94,12.32,-10.13,2.44,-0.2,70.0,75.0,70.0,2025-05-16,3.5,2.7249999999999996,6.225,8.892857142857142,5.7,0.575,6.275,78.0,8.0,0.43438,0.43438,0.43438,0.2539,41.548874257562495,-0.08292500000000003,4386.0,43.0,0.3144774688398849,24.0,7.14285714285714,1,1.7500000000000027,2025-04-22,529.0,521.2743530273438,0.2699242857142857,0.253407,0.249015,-0.0165172857142857,-0.0209092857142857,1,0.3089442857142856,0.2309028571428571,0.0780414285714285,-7.14285714353835e-07,0.4466166760378364,0.5230193534552083,0.9721115537848606,0.3230123296922461,0.5186596281646245,-0.2487353424503388,0.6227828659718254,1.13,-1.0118517328217234,1.2256406035581848,-0.3086871195429971,-0.0220172562577638,-0.0651263277566405,-0.1371999667833626,0,30.56999969482422,29.450000762939453,3.5775711233956464,6.225,8.0,expiry_intrinsic,0.31125,1.9500000000000002,-210.57500000000005,-0.030082142857142863
MOH,2025-03-31,2025-04-23,1.0,312.65,306.36,6.19,8.37,5.9576,6.1597,4.82,14.0,5.9746,6.0084,6.0001,6.5791,0.0,0.0,0.0,2.0,10813784340.0,11364839500.0,10370000000.0,11.0,18856.8,20693.6,-680.11,1411.32,19.31,293.13,19.81,15.3,-15.97,8.54,8.52,-1.07,-0.42,320.0,320.0,320.0,2025-05-16,18.049999999999997,16.35,34.4,10.75,10.85,14.8,25.65,325.34,5.339999999999975,0.52218,0.53194,0.52706,0.40998999999999997,22.211892384168788,-0.08779999999999999,42.0,0.0,1.8317757009345794,24.0,0.0,1,10.75,2025-04-22,529.0,521.2743530273438,0.2699242857142857,0.253407,0.249015,-0.0165172857142857,-0.0209092857142857,1,0.3089442857142856,0.2309028571428571,0.0780414285714285,-7.14285714353835e-07,0.4466166760378364,0.5230193534552083,0.9721115537848606,0.3230123296922461,0.5186596281646245,-0.2487353424503388,0.6227828659718254,1.13,-1.0118517328217234,1.2256406035581848,-0.3086871195429971,-0.0220172562577638,-0.0651263277566405,-0.1371999667833626,0,30.56999969482422,29.450000762939453,3.5775711233956464,34.4,5.339999999999975,expiry_intrinsic,1.72,1.9500000000000002,2732.0500000000025,0.08537656250000007
CME,2025-03-31,2025-04-23,0.0,262.94,233.38,-0.56,12.04,2.8087,2.86,2.7782,15.0,2.7918,2.623,2.598,2.5624,7.0,0.0,12.0,1.0,1661935160.0,1679145560.0,1649676900.0,11.0,5006.91,4728.77,86.95,80.27,9.88,286.9,10.46,6.33,-5.97,8.01,14.43,0.98,2.55,270.0,260.0,270.0,2025-05-16,4.15,8.2,12.35,4.574074074074074,2.425,8.4,10.825,276.29,6.2900000000000205,0.21,0.22951,0.21975499999999998,0.21487499999999998,2.2206548201406093,-0.0048799999999999955,848.0,336.0,0.33002374271530327,24.0,3.703703703703709,1,0.8703703703703654,2025-04-22,529.0,521.2743530273438,0.2699242857142857,0.253407,0.249015,-0.0165172857142857,-0.0209092857142857,1,0.3089442857142856,0.2309028571428571,0.0780414285714285,-7.14285714353835e-07,0.4466166760378364,0.5230193534552083,0.9721115537848606,0.3230123296922461,0.5186596281646245,-0.2487353424503388,0.6227828659718254,1.13,-1.0118517328217234,1.2256406035581848,-0.3086871195429971,-0.0220172562577638,-0.0651263277566405,-0.1371999667833626,0,30.56999969482422,29.450000762939453,3.5775711233956464,12.35,6.2900000000000205,expiry_intrinsic,0.6175,1.9500000000000002,542.2999999999979,0.02008518518518511
LII,2025-03-31,2025-04-23,1.0,586.25,666.93,-13.22,-23.72,3.2526,3.77,2.8,18.0,3.2243,3.1813,3.2087,3.7392,4.0,0.0,8.0,1.0,1022651320.0,1110000000.0,934700000.0,14.0,24709.6,20390.24,1738.44,1064.73,7.21,256.54,6.0,54.27,-16.17,43.4,30.97,2.1,3.51,560.0,520.0,560.0,2025-05-16,26.65,24.4,51.05,9.116071428571427,5.175000000000001,41.55,46.724999999999994,605.77,45.76999999999998,0.46365,0.43438,0.449015,0.361215,19.55391245281338,-0.04877999999999999,46.0,0.0,0.24423963133640553,24.0,7.14285714285714,1,1.9732142857142874,2025-04-22,529.0,521.2743530273438,0.2699242857142857,0.253407,0.249015,-0.0165172857142857,-0.0209092857142857,1,0.3089442857142856,0.2309028571428571,0.0780414285714285,-7.14285714353835e-07,0.4466166760378364,0.5230193534552083,0.9721115537848606,0.3230123296922461,0.5186596281646245,-0.2487353424503388,0.6227828659718254,1.13,-1.0118517328217234,1.2256406035581848,-0.3086871195429971,-0.0220172562577638,-0.0651263277566405,-0.1371999667833626,0,30.56999969482422,29.450000762939453,3.5775711233956464,51.05,45.76999999999998,expiry_intrinsic,2.5525,1.9500000000000002,270.80000000000155,0.004835714285714313
WST,2025-03-31,2025-04-24,1.0,225.8,345.0,-6.74,-38.96,1.2278,1.25,1.2088,8.0,1.2253,1.2248,1.6595,1.6583,1.0,0.0,1.0,0.0,686285760.0,700000000.0,680000000.0,10.0,22636.0,21716.32,849.75,813.28,-1.98,287.29,-2.55,-0.55,-1.62,-11.88,-16.36,-3.73,-3.53,220.0,210.0,220.0,2025-05-16,12.850000000000001,16.049999999999997,28.9,13.136363636363635,7.05,11.9,18.95,216.64,3.3600000000000136,0.60999,0.70754,0.658765,0.453895,31.099102107731895,-0.18048000000000003,130.0,56.0,0.6555323590814196,23.0,4.545454545454541,1,8.590909090909093,2025-04-23,537.0,529.3517456054688,0.253895,0.243165,0.239265,-0.0107299999999999,-0.0146299999999999,1,0.28804,0.21975,0.06829,0.0,0.3907852376711067,0.4748962633356564,0.9482071713147412,0.3532314397387412,0.5175151220240025,-0.2636201220240025,0.6825528853287465,1.29,-0.0884432855214151,4.115880749277401,-0.0986997085105785,-0.0040735508228689,-0.0673426656072123,-0.1238304723046184,0,28.450000762939453,28.020000457763672,3.060500762939455,28.9,3.3600000000000136,expiry_intrinsic,1.445,1.9500000000000002,2407.549999999999,0.10943409090909086
XEL,2025-03-31,2025-04-24,0.0,67.93,66.61,3.47,5.52,0.9194,0.94,0.8927,12.0,0.9138,0.9074,0.9074,0.9011,0.0,0.0,2.0,0.0,3932432260.0,4000576360.0,3853400000.0,4.0,4029.6,4261.76,-158.83,85.32,-5.39,268.85,-4.84,-2.41,-35.2,7.6,-3.83,3.65,0.29,70.0,70.0,70.0,2025-05-16,2.5999999999999996,1.0750000000000002,3.675,5.25,0.9750000000000001,1.825,2.8,72.38,2.3799999999999955,0.21975,0.25877,0.23926,0.20512,14.268996071219595,-0.014630000000000004,713.0,14.0,0.43617021276595747,23.0,0.0,1,5.25,2025-04-23,537.0,529.3517456054688,0.253895,0.243165,0.239265,-0.0107299999999999,-0.0146299999999999,1,0.28804,0.21975,0.06829,0.0,0.3907852376711067,0.4748962633356564,0.9482071713147412,0.3532314397387412,0.5175151220240025,-0.2636201220240025,0.6825528853287465,1.29,-0.0884432855214151,4.115880749277401,-0.0986997085105785,-0.0040735508228689,-0.0673426656072123,-0.1238304723046184,0,28.450000762939453,28.020000457763672,3.060500762939455,3.675,2.3799999999999955,expiry_intrinsic,0.18375,1.9500000000000002,109.17500000000042,0.015596428571428633
KDP,2025-03-31,2025-04-24,1.0,33.83,31.15,1.86,10.63,0.3824,0.39,0.3773,17.0,0.3812,0.3814,0.3952,0.3985,0.0,0.0,1.0,2.0,3563137070.0,3605000000.0,3507859000.0,12.0,8344.74,8323.19,42.07,41.98,3.62,294.53,3.38,5.45,13.73,-14.88,-18.83,1.02,-4.67,35.0,34.0,35.0,2025-05-16,1.2,0.8,2.0,5.714285714285714,0.35,1.125,1.475,33.82,1.1799999999999997,0.2978,0.26853,0.283165,0.244145,13.77995161831441,0.08292499999999997,485.0,177.0,1.0501640881387717,23.0,2.857142857142858,1,2.8571428571428563,2025-04-23,537.0,529.3517456054688,0.253895,0.243165,0.239265,-0.0107299999999999,-0.0146299999999999,1,0.28804,0.21975,0.06829,0.0,0.3907852376711067,0.4748962633356564,0.9482071713147412,0.3532314397387412,0.5175151220240025,-0.2636201220240025,0.6825528853287465,1.29,-0.0884432855214151,4.115880749277401,-0.0986997085105785,-0.0040735508228689,-0.0673426656072123,-0.1238304723046184,0,28.450000762939453,28.020000457763672,3.060500762939455,2.0,1.1799999999999997,expiry_intrinsic,0.1,1.9500000000000002,70.05000000000003,0.02001428571428572
ALLE,2025-03-31,2025-04-24,1.0,129.59,132.53,7.65,5.27,1.6728,1.74,1.61,9.0,1.6728,1.67,1.67,1.651,2.0,0.0,3.0,0.0,920819360.0,933600000.0,914621000.0,7.0,12400.16,11415.78,587.14,154.71,3.33,290.05,3.04,10.71,-13.89,11.56,10.21,0.91,1.3,125.0,135.0,125.0,2025-05-16,5.8,4.55,10.35,8.28,12.7,,,145.64,20.639999999999986,0.3856,0.43438,0.40998999999999997,0.288045,29.74340837581404,-0.08780499999999997,20.0,0.0,0.7272727272727273,23.0,8.000000000000007,1,0.27999999999999226,2025-04-23,537.0,529.3517456054688,0.253895,0.243165,0.239265,-0.0107299999999999,-0.0146299999999999,1,0.28804,0.21975,0.06829,0.0,0.3907852376711067,0.4748962633356564,0.9482071713147412,0.3532314397387412,0.5175151220240025,-0.2636201220240025,0.6825528853287465,1.29,-0.0884432855214151,4.115880749277401,-0.0986997085105785,-0.0040735508228689,-0.0673426656072123,-0.1238304723046184,0,28.450000762939453,28.020000457763672,3.060500762939455,10.35,20.639999999999986,expiry_intrinsic,0.5175,1.9500000000000002,-1082.6999999999987,-0.0866159999999999
AMP,2025-03-31,2025-04-24,0.0,510.57,563.58,-7.15,-15.88,9.0836,9.29,8.71,11.0,9.1218,9.0772,9.0469,9.1893,0.0,0.0,5.0,3.0,4409433170.0,4548000000.0,4321599000.0,6.0,17775.2,14456.8,-2435.84,5803.99,11.13,292.63,10.89,46.94,30.62,30.35,31.94,-0.04,3.9,470.0,470.0,470.0,2025-05-16,18.5,16.65,35.15,7.4787234042553195,9.899999999999999,14.149999999999999,24.049999999999997,524.11,54.110000000000014,0.35633,0.3856,0.370965,0.263655,28.92725728842344,-0.03413999999999995,12.0,11.0,0.6470588235294118,23.0,0.0,1,7.4787234042553195,2025-04-23,537.0,529.3517456054688,0.253895,0.243165,0.239265,-0.0107299999999999,-0.0146299999999999,1,0.28804,0.21975,0.06829,0.0,0.3907852376711067,0.4748962633356564,0.9482071713147412,0.3532314397387412,0.5175151220240025,-0.2636201220240025,0.6825528853287465,1.29,-0.0884432855214151,4.115880749277401,-0.0986997085105785,-0.0040735508228689,-0.0673426656072123,-0.1238304723046184,0,28.450000762939453,28.020000457763672,3.060500762939455,35.15,54.110000000000014,expiry_intrinsic,1.7575,1.9500000000000002,-2073.700000000001,-0.044121276595744705
CBRE,2025-03-31,2025-04-24,1.0,133.77,141.13,-8.14,-12.93,0.7731,0.85,0.71,10.0,0.7756,0.7783,0.8314,0.9229,2.0,0.0,2.0,1.0,8873330810.0,9154582000.0,8634569000.0,6.0,15696.16,14994.5,363.95,129.82,11.95,295.83,11.25,68.12,93.33,17.67,26.5,-0.09,0.45,125.0,120.0,125.0,2025-05-16,4.050000000000001,6.35,10.4,8.32,2.3,6.6,8.899999999999999,131.61,6.610000000000014,0.42462,0.39536,0.40998999999999997,0.38560000000000005,5.948925583550797,-0.03414999999999996,1904.0,1805.0,0.12734837977556424,23.0,4.0000000000000036,1,4.319999999999997,2025-04-23,537.0,529.3517456054688,0.253895,0.243165,0.239265,-0.0107299999999999,-0.0146299999999999,1,0.28804,0.21975,0.06829,0.0,0.3907852376711067,0.4748962633356564,0.9482071713147412,0.3532314397387412,0.5175151220240025,-0.2636201220240025,0.6825528853287465,1.29,-0.0884432855214151,4.115880749277401,-0.0986997085105785,-0.0040735508228689,-0.0673426656072123,-0.1238304723046184,0,28.450000762939453,28.020000457763672,3.060500762939455,10.4,6.610000000000014,expiry_intrinsic,0.52,1.9500000000000002,325.0499999999987,0.026003999999999895
CMS,2025-03-31,2025-04-24,0.0,72.04,65.82,2.92,12.64,1.0244,1.13,0.9033,12.0,1.0798,1.1108,1.0928,1.1127,0.0,0.0,2.0,2.0,2304784440.0,2372300000.0,2188000000.0,4.0,4693.6,4508.0,59.31,86.67,0.71,331.15,0.52,-17.14,3.57,10.59,20.4,4.35,3.24,75.0,70.0,75.0,2025-05-16,1.0,2.9,3.9,5.2,0.8,3.5250000000000004,4.325,71.47,3.530000000000001,0.21,0.2978,0.2539,0.107555,57.638834186687674,-0.05854000000000001,50.0,2.0,0.8888888888888888,23.0,6.666666666666665,0,-1.466666666666665,2025-04-23,537.0,529.3517456054688,0.253895,0.243165,0.239265,-0.0107299999999999,-0.0146299999999999,1,0.28804,0.21975,0.06829,0.0,0.3907852376711067,0.4748962633356564,0.9482071713147412,0.3532314397387412,0.5175151220240025,-0.2636201220240025,0.6825528853287465,1.29,-0.0884432855214151,4.115880749277401,-0.0986997085105785,-0.0040735508228689,-0.0673426656072123,-0.1238304723046184,0,28.450000762939453,28.020000457763672,3.060500762939455,3.9,3.530000000000001,expiry_intrinsic,0.195,1.9500000000000002,15.549999999999876,0.002073333333333317
CNP,2025-03-31,2025-04-24,0.0,35.23,32.36,7.58,17.12,0.5343,0.583,0.5,11.0,0.5269,0.547,0.5461,0.5578,0.0,0.0,1.0,3.0,2668446570.0,2770369810.0,2514675770.0,5.0,5080.46,5054.85,-16.43,63.37,-0.61,365.68,-1.22,25.0,29.03,9.47,13.07,3.61,2.78,37.0,38.0,37.0,2025-05-16,1.0,0.725,1.725,4.662162162162162,1.55,0.375,1.925,37.52,0.5200000000000031,0.20024,0.24902,0.22463,0.21975,2.1724613809375395,-0.014635000000000009,333.0,43.0,0.39087947882736157,23.0,2.7027027027026973,1,1.959459459459465,2025-04-23,537.0,529.3517456054688,0.253895,0.243165,0.239265,-0.0107299999999999,-0.0146299999999999,1,0.28804,0.21975,0.06829,0.0,0.3907852376711067,0.4748962633356564,0.9482071713147412,0.3532314397387412,0.5175151220240025,-0.2636201220240025,0.6825528853287465,1.29,-0.0884432855214151,4.115880749277401,-0.0986997085105785,-0.0040735508228689,-0.0673426656072123,-0.1238304723046184,0,28.450000762939453,28.020000457763672,3.060500762939455,1.725,0.5200000000000031,expiry_intrinsic,0.08625000000000001,1.9500000000000002,109.9249999999997,0.029709459459459377
DOC,2025-03-31,2025-04-24,1.0,20.16,20.83,-6.7,-9.7,0.045,0.05,0.04,2.0,0.045,0.05,0.05,0.05,0.0,0.0,0.0,1.0,689237170.0,705000000.0,653698880.0,9.0,2031.2,1900.64,-1.6,207.02,23.82,285.56,23.49,0.0,0.0,27.32,8.6,1.56,-2.44,20.0,17.5,20.0,2025-05-16,0.16,1.2999999999999998,1.4599999999999997,7.299999999999998,0.02,2.225,2.245,17.73,2.2699999999999996,0.13195,0.2978,0.214875,0.253895,-18.15939499709132,0.05365499999999998,408.0,11.0,0.2315270935960591,23.0,12.5,0,-5.200000000000002,2025-04-23,537.0,529.3517456054688,0.253895,0.243165,0.239265,-0.0107299999999999,-0.0146299999999999,1,0.28804,0.21975,0.06829,0.0,0.3907852376711067,0.4748962633356564,0.9482071713147412,0.3532314397387412,0.5175151220240025,-0.2636201220240025,0.6825528853287465,1.29,-0.0884432855214151,4.115880749277401,-0.0986997085105785,-0.0040735508228689,-0.0673426656072123,-0.1238304723046184,0,28.450000762939453,28.020000457763672,3.060500762939455,1.4599999999999997,2.2699999999999996,expiry_intrinsic,0.073,1.9500000000000002,-90.24999999999999,-0.04512499999999999
HIG,2025-03-31,2025-04-24,1.0,121.46,111.49,-1.83,6.95,2.1475,2.71,1.94,16.0,2.2331,2.278,2.3105,2.8153,1.0,0.0,1.0,7.0,6965849060.0,6986000000.0,6938885000.0,3.0,18780.0,17781.76,310.53,359.06,8.44,292.97,8.58,-3.92,16.21,16.87,24.64,2.03,1.9,120.0,120.0,120.0,2025-05-16,3.25,4.7,7.95,6.625,2.25,3.2,5.45,131.12,11.120000000000005,0.2978,0.36609,0.33194500000000005,0.23926,27.921794273147672,-0.07317000000000007,45.0,26.0,0.34831460674157305,23.0,0.0,1,6.625,2025-04-23,537.0,529.3517456054688,0.253895,0.243165,0.239265,-0.0107299999999999,-0.0146299999999999,1,0.28804,0.21975,0.06829,0.0,0.3907852376711067,0.4748962633356564,0.9482071713147412,0.3532314397387412,0.5175151220240025,-0.2636201220240025,0.6825528853287465,1.29,-0.0884432855214151,4.115880749277401,-0.0986997085105785,-0.0040735508228689,-0.0673426656072123,-0.1238304723046184,0,28.450000762939453,28.020000457763672,3.060500762939455,7.95,11.120000000000005,expiry_intrinsic,0.3975,1.9500000000000002,-358.70000000000044,-0.029891666666666705
ERIE,2025-03-31,2025-04-24,0.0,414.74,386.98,-1.45,5.62,3.19,3.19,3.19,1.0,0.0,0.0,3.23,3.23,0.0,0.0,0.0,0.0,766984000.0,766984000.0,766984000.0,1.0,11244.0,9991.2,-779.84,1863.34,16.1,279.55,16.35,37.26,-4.9,44.57,30.02,0.67,1.9,410.0,360.0,410.0,2025-05-16,16.65,13.3,29.95,7.304878048780488,10.0,48.45,58.45,373.94,36.06,0.36609,0.35633,0.36121000000000003,0.36121000000000003,0.0,-0.014630000000000032,239.0,0.0,0.5,23.0,12.195121951219512,0,-4.890243902439025,2025-04-23,537.0,529.3517456054688,0.253895,0.243165,0.239265,-0.0107299999999999,-0.0146299999999999,1,0.28804,0.21975,0.06829,0.0,0.3907852376711067,0.4748962633356564,0.9482071713147412,0.3532314397387412,0.5175151220240025,-0.2636201220240025,0.6825528853287465,1.29,-0.0884432855214151,4.115880749277401,-0.0986997085105785,-0.0040735508228689,-0.0673426656072123,-0.1238304723046184,0,28.450000762939453,28.020000457763672,3.060500762939455,29.95,36.06,expiry_intrinsic,1.4975,1.9500000000000002,-762.7000000000004,-0.018602439024390252
GOOGL,2025-03-31,2025-04-24,1.0,170.56,200.21,-6.61,-20.44,2.0058,2.37,1.9,42.0,2.0101,2.0208,2.0219,2.0259,0.0,0.0,2.0,11.0,89152056270.0,90501000000.0,86782000000.0,35.0,-412350.48,-412874.64,824.47,703.9,13.87,296.54,14.21,31.1,1.42,38.2,33.33,1.57,4.69,155.0,162.5,155.0,2025-04-25,5.0,4.625,9.625,6.209677419354839,6.625,0.01,6.635,161.96,6.960000000000008,1.049,1.049,1.049,0.34658,66.96091515729266,-0.6341299999999999,5561.0,4836.0,0.4430693199166881,2.0,4.8387096774193505,1,1.3709677419354884,2025-04-23,537.0,529.3517456054688,0.253895,0.243165,0.239265,-0.0107299999999999,-0.0146299999999999,1,0.28804,0.21975,0.06829,0.0,0.3907852376711067,0.4748962633356564,0.9482071713147412,0.3532314397387412,0.5175151220240025,-0.2636201220240025,0.6825528853287465,1.29,-0.0884432855214151,4.115880749277401,-0.0986997085105785,-0.0040735508228689,-0.0673426656072123,-0.1238304723046184,0,28.450000762939453,28.020000457763672,3.060500762939455,9.625,6.960000000000008,expiry_intrinsic,0.48125,1.9500000000000002,216.4249999999992,0.013962903225806398
HAS,2025-03-31,2025-04-24,1.0,61.04,57.42,-1.1,5.14,0.674,0.8,0.54,12.0,0.6832,0.6899,0.6839,0.6889,0.0,0.0,0.0,2.0,770598810.0,794813000.0,753700000.0,10.0,10092.0,8191.04,992.53,434.07,-17.34,222.76,-17.76,21.05,-73.41,202.0,144.84,7.27,47.44,52.5,60.0,52.5,2025-05-16,3.075,3.1500000000000004,6.2250000000000005,11.857142857142858,8.85,0.15000000000000002,9.0,67.21,14.709999999999994,0.55145,0.6295,0.590475,0.33682500000000004,42.95694144544645,-0.11219499999999999,731.0,151.0,0.5011135857461024,23.0,14.28571428571428,0,-2.4285714285714217,2025-04-23,537.0,529.3517456054688,0.253895,0.243165,0.239265,-0.0107299999999999,-0.0146299999999999,1,0.28804,0.21975,0.06829,0.0,0.3907852376711067,0.4748962633356564,0.9482071713147412,0.3532314397387412,0.5175151220240025,-0.2636201220240025,0.6825528853287465,1.29,-0.0884432855214151,4.115880749277401,-0.0986997085105785,-0.0040735508228689,-0.0673426656072123,-0.1238304723046184,0,28.450000762939453,28.020000457763672,3.060500762939455,6.2250000000000005,14.709999999999994,expiry_intrinsic,0.31125,1.9500000000000002,-881.5749999999992,-0.16791904761904747
HCA,2025-03-31,2025-04-25,1.0,337.29,313.07,-2.78,4.74,5.7541,5.95,5.48,19.0,5.7559,5.7854,5.7845,5.8297,0.0,0.0,0.0,1.0,18259620300.0,18645000000.0,17968361000.0,17.0,23485.6,22816.8,607.48,932.62,8.67,303.75,9.13,5.42,27.46,9.24,9.56,0.12,0.12,340.0,335.0,340.0,2025-05-16,16.05,14.3,30.35,8.926470588235293,6.6,12.8,19.4,387.52,47.51999999999998,0.44414,0.46365,0.453895,0.331945,26.867447317110788,-0.08781,98.0,390.0,1.8867276887871853,22.0,1.4705882352941124,1,7.455882352941181,2025-04-24,549.0,540.4940795898438,0.2288085714285714,0.21975,0.22463,-0.0090585714285714,-0.0041785714285714,1,0.2671357142857143,0.20024,0.0668957142857142,0.0048792857142856,0.3034069592130209,0.3995818367018711,0.9322709163346612,0.3179557961328091,0.5239796012144032,-0.2951710297858317,0.6068094929571641,1.26,-0.3762963140786237,1.4593775072163444,-0.3045748891354445,0.0400071545997193,-0.0499946414083001,-0.1053879648687589,0,26.469999313354492,26.440000534057617,3.5891421704973467,30.35,47.51999999999998,expiry_intrinsic,1.5175,1.9500000000000002,-1870.699999999998,-0.05502058823529406
AON,2025-03-31,2025-04-25,0.0,396.73,369.16,-15.35,-9.02,6.0341,6.24,5.85,16.0,6.0286,6.0228,6.0274,6.13,2.0,0.0,3.0,5.0,4860366690.0,4937000000.0,4788000000.0,9.0,3466.4,4946.08,-1001.05,1069.89,17.36,321.88,16.56,13.62,181.53,30.41,1.32,-1.16,-3.87,360.0,340.0,360.0,2025-05-16,13.95,9.149999999999999,23.099999999999998,6.416666666666666,1.325,17.95,19.275,361.92,1.920000000000016,0.2978,0.33682,0.31731,0.234385,26.133749330307893,-0.063415,16.0,1.0,0.6792009400705052,22.0,5.555555555555558,1,0.861111111111108,2025-04-24,549.0,540.4940795898438,0.2288085714285714,0.21975,0.22463,-0.0090585714285714,-0.0041785714285714,1,0.2671357142857143,0.20024,0.0668957142857142,0.0048792857142856,0.3034069592130209,0.3995818367018711,0.9322709163346612,0.3179557961328091,0.5239796012144032,-0.2951710297858317,0.6068094929571641,1.26,-0.3762963140786237,1.4593775072163444,-0.3045748891354445,0.0400071545997193,-0.0499946414083001,-0.1053879648687589,0,26.469999313354492,26.440000534057617,3.5891421704973467,23.099999999999998,1.920000000000016,expiry_intrinsic,1.155,1.9500000000000002,2000.5499999999981,0.055570833333333285
RVTY,2025-03-31,2025-04-28,1.0,105.62,125.59,-10.0,-24.31,0.9493,0.97,0.93,18.0,0.9526,0.955,0.9547,1.0762,0.0,0.0,0.0,2.0,661664150.0,665000000.0,656850560.0,14.0,2474.4,1982.08,227.3,114.09,,302.75,,,10.94,,,,,95.0,95.0,95.0,2025-05-16,4.300000000000001,4.85,9.15,9.631578947368421,2.85,3.025,5.875,93.26,1.7399999999999949,0.50267,0.51243,0.50755,0.35633,29.79410895478278,-0.11707499999999993,15.0,29.0,1.852892561983471,21.0,0.0,1,9.631578947368421,2025-04-25,552.0,544.3992309570312,0.21975,0.2129229999999999,0.2126226923076923,-0.006827,-0.0071273076923077,1,0.2559842857142857,0.18073,0.0752542857142857,-0.0013928571428571,0.2718551432793786,0.3723862113332976,0.9163346613545816,0.3132186538329339,0.5237853095418359,-0.3040353095418359,0.5979905280407953,1.13,-1.2048642414746715,1.4184534227263816,-0.310259894181944,0.0460287568172073,-0.0315693573112496,-0.0989242577829269,0,24.84000015258789,25.3700008392334,2.865000152587889,9.15,1.7399999999999949,expiry_intrinsic,0.4575,1.9500000000000002,693.3000000000005,0.0729789473684211
WELL,2025-03-31,2025-04-28,1.0,153.42,137.15,-2.85,8.68,0.0,0.0,0.0,0.0,0.0,0.0,0.0,0.0,0.0,0.0,0.0,0.0,2425315370.0,2462128000.0,2362418110.0,3.0,13378.4,12617.12,976.0,877.98,21.23,290.52,20.02,126.67,-53.42,15.71,21.82,-0.56,0.07,145.0,150.0,145.0,2025-05-16,5.6,3.3,8.899999999999999,6.137931034482758,7.75,1.225,8.975,148.72,3.719999999999999,0.30755,0.31731,0.31243,0.234385,24.979995518996247,-0.03414499999999998,493.0,78.0,0.49391727493917276,21.0,3.4482758620689724,1,2.6896551724137856,2025-04-25,552.0,544.3992309570312,0.21975,0.2129229999999999,0.2126226923076923,-0.006827,-0.0071273076923077,1,0.2559842857142857,0.18073,0.0752542857142857,-0.0013928571428571,0.2718551432793786,0.3723862113332976,0.9163346613545816,0.3132186538329339,0.5237853095418359,-0.3040353095418359,0.5979905280407953,1.13,-1.2048642414746715,1.4184534227263816,-0.310259894181944,0.0460287568172073,-0.0315693573112496,-0.0989242577829269,0,24.84000015258789,25.3700008392334,2.865000152587889,8.899999999999999,3.719999999999999,expiry_intrinsic,0.44499999999999995,1.9500000000000002,471.54999999999995,0.03252068965517241
UHS,2025-03-31,2025-04-28,1.0,186.18,188.71,-7.13,-8.37,4.3525,4.74,4.09,15.0,4.3525,4.379,4.2073,4.2073,0.0,0.0,8.0,2.0,4154580000.0,4182808060.0,4123864000.0,15.0,25398.24,21912.7,1247.01,1216.74,10.82,299.39,10.79,57.19,32.61,32.42,43.09,0.7,2.4,170.0,175.0,170.0,2025-05-16,9.8,7.15,16.950000000000003,9.97058823529412,6.15,3.5999999999999996,9.75,197.94,27.939999999999998,0.53194,0.50267,0.5173049999999999,0.370965,28.288920462783068,-0.10243499999999989,365.0,3.0,0.21993127147766323,21.0,2.941176470588225,1,7.029411764705895,2025-04-25,552.0,544.3992309570312,0.21975,0.2129229999999999,0.2126226923076923,-0.006827,-0.0071273076923077,1,0.2559842857142857,0.18073,0.0752542857142857,-0.0013928571428571,0.2718551432793786,0.3723862113332976,0.9163346613545816,0.3132186538329339,0.5237853095418359,-0.3040353095418359,0.5979905280407953,1.13,-1.2048642414746715,1.4184534227263816,-0.310259894181944,0.0460287568172073,-0.0315693573112496,-0.0989242577829269,0,24.84000015258789,25.3700008392334,2.865000152587889,16.950000000000003,27.939999999999998,expiry_intrinsic,0.8475000000000001,1.9500000000000002,-1185.6999999999996,-0.06974705882352938
WM,2025-03-31,2025-04-28,1.0,227.92,213.65,0.51,7.22,1.5871,1.75,1.2783,18.0,1.6094,1.6793,1.6883,1.8093,0.0,0.0,2.0,10.0,6104779110.0,6210102000.0,5976916000.0,17.0,4802.4,4924.8,47.96,199.01,8.01,293.35,7.29,-2.3,-13.27,12.83,8.53,0.92,0.09,230.0,230.0,230.0,2025-05-16,4.35,6.050000000000001,10.4,4.521739130434783,3.5,4.5,8.0,229.87,0.12999999999999545,0.21975,0.24902,0.234385,0.20512,12.485867269663165,-0.024390000000000023,439.0,133.0,0.796875,21.0,0.0,1,4.521739130434783,2025-04-25,552.0,544.3992309570312,0.21975,0.2129229999999999,0.2126226923076923,-0.006827,-0.0071273076923077,1,0.2559842857142857,0.18073,0.0752542857142857,-0.0013928571428571,0.2718551432793786,0.3723862113332976,0.9163346613545816,0.3132186538329339,0.5237853095418359,-0.3040353095418359,0.5979905280407953,1.13,-1.2048642414746715,1.4184534227263816,-0.310259894181944,0.0460287568172073,-0.0315693573112496,-0.0989242577829269,0,24.84000015258789,25.3700008392334,2.865000152587889,10.4,0.12999999999999545,expiry_intrinsic,0.52,1.9500000000000002,973.0500000000005,0.04230652173913046
TER,2025-03-31,2025-04-28,1.0,82.78,121.94,-7.19,-37.0,0.6156,0.65,0.54,14.0,0.6148,0.6148,0.6157,0.6204,0.0,0.0,1.0,2.0,680543870.0,685140000.0,671557000.0,14.0,10050.4,9626.08,288.43,117.47,5.36,282.46,4.38,20.25,5.56,19.72,18.5,1.06,2.34,75.0,75.0,75.0,2025-05-16,6.300000000000001,3.45,9.75,13.0,3.1,3.0,6.1,82.73,7.730000000000004,0.69779,0.61974,0.658765,0.4734,28.138258711376597,-0.11707000000000001,260.0,52.0,0.4111801242236025,21.0,0.0,1,13.0,2025-04-25,552.0,544.3992309570312,0.21975,0.2129229999999999,0.2126226923076923,-0.006827,-0.0071273076923077,1,0.2559842857142857,0.18073,0.0752542857142857,-0.0013928571428571,0.2718551432793786,0.3723862113332976,0.9163346613545816,0.3132186538329339,0.5237853095418359,-0.3040353095418359,0.5979905280407953,1.13,-1.2048642414746715,1.4184534227263816,-0.310259894181944,0.0460287568172073,-0.0315693573112496,-0.0989242577829269,0,24.84000015258789,25.3700008392334,2.865000152587889,9.75,7.730000000000004,expiry_intrinsic,0.48750000000000004,1.9500000000000002,151.2999999999996,0.020173333333333283
SBAC,2025-03-31,2025-04-28,0.0,216.84,201.67,2.97,10.72,2.3167,2.45,2.15,3.0,2.3167,2.3167,2.44,2.4033,0.0,0.0,0.0,0.0,662324030.0,669000000.0,654898740.0,12.0,-2983.04,-2759.18,-1188.37,1867.1,-1.18,301.39,-1.74,130.69,-2.92,0.17,55.44,0.71,19.52,220.0,240.0,220.0,2025-05-16,7.9,5.550000000000001,13.450000000000001,6.113636363636364,19.85,1.025,20.875,233.08,13.080000000000013,0.30755,0.31731,0.31243,0.24414,21.85769612393176,-0.03902,29.0,2.0,1.1111111111111112,21.0,9.090909090909083,0,-2.9772727272727186,2025-04-25,552.0,544.3992309570312,0.21975,0.2129229999999999,0.2126226923076923,-0.006827,-0.0071273076923077,1,0.2559842857142857,0.18073,0.0752542857142857,-0.0013928571428571,0.2718551432793786,0.3723862113332976,0.9163346613545816,0.3132186538329339,0.5237853095418359,-0.3040353095418359,0.5979905280407953,1.13,-1.2048642414746715,1.4184534227263816,-0.310259894181944,0.0460287568172073,-0.0315693573112496,-0.0989242577829269,0,24.84000015258789,25.3700008392334,2.865000152587889,13.450000000000001,13.080000000000013,expiry_intrinsic,0.6725000000000001,1.9500000000000002,-32.200000000001154,-0.001463636363636416
ROP,2025-03-31,2025-04-28,1.0,582.64,549.62,-5.27,0.42,4.7439,4.86,4.67,14.0,4.7461,4.7594,4.7587,4.833,1.0,0.0,3.0,2.0,1883439830.0,1906046000.0,1842500000.0,12.0,13812.0,13388.96,207.04,87.16,13.94,298.91,13.58,10.07,4.11,74.15,14.42,-0.42,0.12,560.0,560.0,560.0,2025-05-16,16.3,17.0,33.3,5.946428571428571,9.6,11.7,21.299999999999997,582.88,22.879999999999995,0.31731,0.30755,0.31243,0.21975499999999998,29.662644432352852,-0.06828999999999999,189.0,2.0,0.5739130434782609,21.0,0.0,1,5.946428571428571,2025-04-25,552.0,544.3992309570312,0.21975,0.2129229999999999,0.2126226923076923,-0.006827,-0.0071273076923077,1,0.2559842857142857,0.18073,0.0752542857142857,-0.0013928571428571,0.2718551432793786,0.3723862113332976,0.9163346613545816,0.3132186538329339,0.5237853095418359,-0.3040353095418359,0.5979905280407953,1.13,-1.2048642414746715,1.4184534227263816,-0.310259894181944,0.0460287568172073,-0.0315693573112496,-0.0989242577829269,0,24.84000015258789,25.3700008392334,2.865000152587889,33.3,22.879999999999995,expiry_intrinsic,1.665,1.9500000000000002,873.5500000000002,0.015599107142857145
FFIV,2025-03-31,2025-04-28,1.0,263.88,269.72,0.45,-1.72,3.1055,3.21,3.07,10.0,3.1021,3.1021,3.097,3.2252,1.0,0.0,2.0,1.0,719680610.0,735007000.0,711000000.0,9.0,13230.24,12042.43,699.95,724.33,10.67,0.0,4.26,28.35,-15.1,18.2,24.66,1.36,3.01,270.0,260.0,270.0,2025-05-16,13.5,12.75,26.25,9.722222222222223,4.05,10.45,14.5,284.92,14.920000000000016,0.51243,0.51243,0.51243,0.33682500000000004,34.26907089748843,-0.12683000000000005,61.0,14.0,0.33271375464684017,21.0,3.703703703703709,1,6.018518518518514,2025-04-25,552.0,544.3992309570312,0.21975,0.2129229999999999,0.2126226923076923,-0.006827,-0.0071273076923077,1,0.2559842857142857,0.18073,0.0752542857142857,-0.0013928571428571,0.2718551432793786,0.3723862113332976,0.9163346613545816,0.3132186538329339,0.5237853095418359,-0.3040353095418359,0.5979905280407953,1.13,-1.2048642414746715,1.4184534227263816,-0.310259894181944,0.0460287568172073,-0.0315693573112496,-0.0989242577829269,0,24.84000015258789,25.3700008392334,2.865000152587889,26.25,14.920000000000016,expiry_intrinsic,1.3125,1.9500000000000002,999.7999999999984,0.03702962962962957
DPZ,2025-03-31,2025-04-28,1.0,447.12,429.81,9.73,14.15,4.0737,4.57,3.82,20.0,4.065,3.9847,4.0101,4.0281,2.0,0.0,5.0,3.0,1124257640.0,1153000000.0,1102000000.0,22.0,11456.58,10279.66,590.76,446.3,5.07,335.73,5.47,9.15,16.71,8.2,7.26,0.72,0.38,475.0,495.0,475.0,2025-05-02,24.55,11.25,35.8,7.536842105263157,20.25,0.875,21.125,484.61,9.610000000000014,0.64901,0.63925,0.64413,0.302675,53.01026190365299,-0.28291999999999995,5.0,0.0,2.23466924191212,7.0,4.210526315789465,1,3.3263157894736928,2025-04-25,552.0,544.3992309570312,0.21975,0.2129229999999999,0.2126226923076923,-0.006827,-0.0071273076923077,1,0.2559842857142857,0.18073,0.0752542857142857,-0.0013928571428571,0.2718551432793786,0.3723862113332976,0.9163346613545816,0.3132186538329339,0.5237853095418359,-0.3040353095418359,0.5979905280407953,1.13,-1.2048642414746715,1.4184534227263816,-0.310259894181944,0.0460287568172073,-0.0315693573112496,-0.0989242577829269,0,24.84000015258789,25.3700008392334,2.865000152587889,35.8,9.610000000000014,expiry_intrinsic,1.79,1.9500000000000002,2438.049999999999,0.05132736842105261
CINF,2025-03-31,2025-04-28,1.0,145.55,139.42,-6.65,-2.55,-0.6101,-0.38,-0.93,8.0,-0.6101,-0.4604,-0.5067,1.5154,0.0,0.0,0.0,2.0,2705740000.0,2747000000.0,2664000000.0,5.0,24117.6,19448.16,2035.33,1853.72,13.22,241.48,20.79,37.72,121.13,33.61,27.9,-50.35,2.95,135.0,140.0,135.0,2025-05-16,4.15,5.0,9.15,6.777777777777779,5.75,1.575,7.325,150.86,15.860000000000014,0.35633,0.34658,0.35145499999999996,0.278285,20.819166038326376,-0.019509999999999972,747.0,0.0,0.25,21.0,3.703703703703698,1,3.0740740740740806,2025-04-25,552.0,544.3992309570312,0.21975,0.2129229999999999,0.2126226923076923,-0.006827,-0.0071273076923077,1,0.2559842857142857,0.18073,0.0752542857142857,-0.0013928571428571,0.2718551432793786,0.3723862113332976,0.9163346613545816,0.3132186538329339,0.5237853095418359,-0.3040353095418359,0.5979905280407953,1.13,-1.2048642414746715,1.4184534227263816,-0.310259894181944,0.0460287568172073,-0.0315693573112496,-0.0989242577829269,0,24.84000015258789,25.3700008392334,2.865000152587889,9.15,15.860000000000014,expiry_intrinsic,0.4575,1.9500000000000002,-718.7000000000013,-0.05323703703703713
BRO,2025-03-31,2025-04-28,0.0,122.93,105.02,-6.55,9.39,1.2968,1.5,1.157,12.0,1.2848,1.279,1.2782,1.2407,1.0,0.0,5.0,2.0,1409116950.0,1446500000.0,1371052000.0,7.0,4104.8,3692.0,131.41,110.23,10.52,296.71,10.91,48.28,-5.49,50.6,19.27,15.49,2.13,115.0,110.0,115.0,2025-05-16,2.825,3.425,6.25,5.434782608695652,0.39999999999999997,7.199999999999999,7.6,111.77,3.230000000000004,0.26853,0.2978,0.283165,0.25877,8.615118393869299,-0.014635000000000009,50.0,63.0,0.4791666666666667,21.0,4.347826086956519,1,1.0869565217391335,2025-04-25,552.0,544.3992309570312,0.21975,0.2129229999999999,0.2126226923076923,-0.006827,-0.0071273076923077,1,0.2559842857142857,0.18073,0.0752542857142857,-0.0013928571428571,0.2718551432793786,0.3723862113332976,0.9163346613545816,0.3132186538329339,0.5237853095418359,-0.3040353095418359,0.5979905280407953,1.13,-1.2048642414746715,1.4184534227263816,-0.310259894181944,0.0460287568172073,-0.0315693573112496,-0.0989242577829269,0,24.84000015258789,25.3700008392334,2.865000152587889,6.25,3.230000000000004,expiry_intrinsic,0.3125,1.9500000000000002,268.7999999999996,0.023373913043478228
OKE,2025-03-31,2025-04-29,0.0,98.48,100.38,-10.78,-12.47,1.2283,1.3344,1.05,7.0,1.2368,1.2925,1.5312,1.5452,0.0,0.0,1.0,3.0,7361112580.0,9101864740.0,6302473000.0,3.0,4048.8,3620.0,-155.69,472.73,22.41,330.78,21.24,33.05,33.05,29.04,23.31,-9.18,0.16,87.5,80.0,85.0,2025-05-16,3.775,2.175,5.949999999999999,6.799999999999999,1.0,4.9,5.9,85.67,0.6700000000000017,0.23926,0.45389,0.346575,0.36609,-5.6308158407271165,-0.009755000000000014,556.0,5.0,0.2597671410090556,18.0,8.571428571428575,0,-1.7714285714285758,2025-04-28,551.0,544.6068115234375,0.22463,0.2163389999999999,0.2163765384615384,-0.008291,-0.0082534615384615,1,0.2615585714285714,0.18073,0.0808285714285714,-0.0034857142857142,0.2888526205273398,0.3870369377580014,0.9282868525896414,0.1620361072968415,0.5238084340701601,-0.2991784340701601,0.3093423029441676,1.13,-1.2319261118105729,0.9663638379186664,-0.3400728908996714,0.0719426793983846,-0.0286204548834291,-0.0985806757161125,0,25.149999618530273,25.729999542236328,2.6869996185302725,5.949999999999999,0.6700000000000017,expiry_intrinsic,0.2975,1.9500000000000002,496.2999999999997,0.05671999999999997
PCAR,2025-03-31,2025-04-29,0.0,96.91,110.89,-6.83,-18.58,1.5944,1.6389,1.52,9.0,1.5962,1.6128,1.6423,1.7787,1.0,0.0,2.0,4.0,7091894730.0,7885178310.0,6796000000.0,10.0,-11487.2,-11457.12,-812.03,1053.18,-4.2,307.84,-2.93,-38.52,-10.27,17.44,-5.63,0.66,-0.23,93.8,90.0,95.0,2025-05-16,2.25,4.15,6.4,6.823027718550108,0.65,6.550000000000001,7.200000000000001,96.71,1.7099999999999937,0.41487,0.30755,0.36121000000000003,0.322185,10.803964452811393,-0.024390000000000023,179.0,31.0,1.6705882352941177,18.0,4.051172707889128,1,2.77185501066098,2025-04-28,551.0,544.6068115234375,0.22463,0.2163389999999999,0.2163765384615384,-0.008291,-0.0082534615384615,1,0.2615585714285714,0.18073,0.0808285714285714,-0.0034857142857142,0.2888526205273398,0.3870369377580014,0.9282868525896414,0.1620361072968415,0.5238084340701601,-0.2991784340701601,0.3093423029441676,1.13,-1.2319261118105729,0.9663638379186664,-0.3400728908996714,0.0719426793983846,-0.0286204548834291,-0.0985806757161125,0,25.149999618530273,25.729999542236328,2.6869996185302725,6.4,1.7099999999999937,expiry_intrinsic,0.32000000000000006,1.9500000000000002,435.05000000000064,0.04638059701492544
RCL,2025-03-31,2025-04-29,1.0,207.58,269.09,4.34,-19.51,2.5322,2.6793,2.43,20.0,2.5268,2.532,2.5185,2.3719,4.0,0.0,3.0,1.0,4015969690.0,4149000000.0,3974838670.0,21.0,-4256.8,-5343.04,383.96,380.47,18.6,237.39,19.37,30.4,-68.65,33.46,42.67,3.46,4.2,215.0,215.0,215.0,2025-05-02,8.225,7.175000000000001,15.4,7.162790697674419,3.165,3.4299999999999997,6.595,229.95,14.949999999999989,0.83437,0.87339,0.85388,0.52218,38.8462078980653,-0.38048,369.0,359.0,1.9731941309255079,4.0,0.0,1,7.162790697674419,2025-04-28,551.0,544.6068115234375,0.22463,0.2163389999999999,0.2163765384615384,-0.008291,-0.0082534615384615,1,0.2615585714285714,0.18073,0.0808285714285714,-0.0034857142857142,0.2888526205273398,0.3870369377580014,0.9282868525896414,0.1620361072968415,0.5238084340701601,-0.2991784340701601,0.3093423029441676,1.13,-1.2319261118105729,0.9663638379186664,-0.3400728908996714,0.0719426793983846,-0.0286204548834291,-0.0985806757161125,0,25.149999618530273,25.729999542236328,2.6869996185302725,15.4,14.949999999999989,expiry_intrinsic,0.77,1.9500000000000002,-33.94999999999883,-0.001579069767441806
REG,2025-03-31,2025-04-29,1.0,72.87,71.33,-1.4,0.73,0.5665,0.61,0.53,6.0,0.5578,0.5575,0.5467,0.5072,0.0,0.0,0.0,0.0,365421540.0,370604000.0,351093000.0,7.0,8719.2,8409.44,119.68,153.76,9.74,302.21,10.7,-2.13,-14.81,11.93,10.43,0.01,0.4,70.0,75.0,70.0,2025-05-16,2.725,1.55,4.275,6.107142857142858,3.2750000000000004,0.875,4.15,73.82,3.819999999999993,0.24902,0.3856,0.31731,0.205115,35.358167092118116,0.0,12.0,0.0,0.0,18.0,7.14285714285714,0,-1.035714285714282,2025-04-28,551.0,544.6068115234375,0.22463,0.2163389999999999,0.2163765384615384,-0.008291,-0.0082534615384615,1,0.2615585714285714,0.18073,0.0808285714285714,-0.0034857142857142,0.2888526205273398,0.3870369377580014,0.9282868525896414,0.1620361072968415,0.5238084340701601,-0.2991784340701601,0.3093423029441676,1.13,-1.2319261118105729,0.9663638379186664,-0.3400728908996714,0.0719426793983846,-0.0286204548834291,-0.0985806757161125,0,25.149999618530273,25.729999542236328,2.6869996185302725,4.275,3.819999999999993,expiry_intrinsic,0.21375000000000002,1.9500000000000002,22.175000000000715,0.003167857142857245
REGN,2025-03-31,2025-04-29,0.0,637.36,687.27,-10.74,-17.22,8.4766,10.73,6.11,20.0,8.7676,9.2434,9.5929,10.5366,0.0,0.0,2.0,12.0,3239249560.0,3593563000.0,2945000000.0,19.0,89808.8,85976.16,1040.41,1098.95,8.27,281.7,7.96,1.77,-3.13,31.4,-1.39,-7.13,-2.75,610.0,597.5,610.0,2025-05-02,16.9,16.5,33.4,5.475409836065573,1.4,13.149999999999999,14.549999999999999,605.61,4.389999999999986,0.63925,0.66852,0.653885,0.34658,46.99679607270392,-0.24877500000000002,16.0,35.0,1.1337513061650992,4.0,2.049180327868849,1,3.426229508196724,2025-04-28,551.0,544.6068115234375,0.22463,0.2163389999999999,0.2163765384615384,-0.008291,-0.0082534615384615,1,0.2615585714285714,0.18073,0.0808285714285714,-0.0034857142857142,0.2888526205273398,0.3870369377580014,0.9282868525896414,0.1620361072968415,0.5238084340701601,-0.2991784340701601,0.3093423029441676,1.13,-1.2319261118105729,0.9663638379186664,-0.3400728908996714,0.0719426793983846,-0.0286204548834291,-0.0985806757161125,0,25.149999618530273,25.729999542236328,2.6869996185302725,33.4,4.389999999999986,expiry_intrinsic,1.67,1.9500000000000002,2732.050000000001,0.04478770491803281
SHW,2025-03-31,2025-04-29,1.0,339.75,360.41,2.47,-3.41,2.1609,2.3,2.0,21.0,2.169,2.198,2.2009,2.3067,1.0,0.0,2.0,10.0,5405962720.0,5513617000.0,5301000000.0,17.0,-84456.8,-84447.84,-38.01,314.78,0.2,274.82,0.12,15.47,-37.98,21.63,1.87,1.8,0.27,330.0,350.0,330.0,2025-05-16,12.5,10.1,22.6,6.8484848484848495,25.25,1.375,26.625,363.51,33.50999999999999,0.37584,0.39536,0.3856,0.253895,34.15586099585063,-0.07804499999999998,261.0,38.0,2.690582959641256,18.0,6.060606060606055,1,0.7878787878787943,2025-04-28,551.0,544.6068115234375,0.22463,0.2163389999999999,0.2163765384615384,-0.008291,-0.0082534615384615,1,0.2615585714285714,0.18073,0.0808285714285714,-0.0034857142857142,0.2888526205273398,0.3870369377580014,0.9282868525896414,0.1620361072968415,0.5238084340701601,-0.2991784340701601,0.3093423029441676,1.13,-1.2319261118105729,0.9663638379186664,-0.3400728908996714,0.0719426793983846,-0.0286204548834291,-0.0985806757161125,0,25.149999618530273,25.729999542236328,2.6869996185302725,22.6,33.50999999999999,expiry_intrinsic,1.1300000000000001,1.9500000000000002,-1205.9499999999991,-0.036543939393939365
ZBRA,2025-03-31,2025-04-29,1.0,280.79,399.59,-8.81,-35.92,3.6174,3.7,3.5,16.0,3.6168,3.6168,3.6168,3.5681,1.0,0.0,1.0,0.0,1291096560.0,1309000000.0,1269130000.0,16.0,21486.86,20274.37,695.58,408.82,8.66,296.89,5.75,133.92,14.61,23.13,54.26,2.13,4.41,240.0,250.0,240.0,2025-05-16,15.649999999999999,12.350000000000001,28.0,11.666666666666666,15.8,4.375,20.175,300.62,60.620000000000005,0.6295,0.66852,0.64901,0.41974500000000003,35.3253416742423,-0.14146000000000003,22.0,205.0,0.9785714285714285,18.0,4.166666666666674,1,7.499999999999992,2025-04-28,551.0,544.6068115234375,0.22463,0.2163389999999999,0.2163765384615384,-0.008291,-0.0082534615384615,1,0.2615585714285714,0.18073,0.0808285714285714,-0.0034857142857142,0.2888526205273398,0.3870369377580014,0.9282868525896414,0.1620361072968415,0.5238084340701601,-0.2991784340701601,0.3093423029441676,1.13,-1.2319261118105729,0.9663638379186664,-0.3400728908996714,0.0719426793983846,-0.0286204548834291,-0.0985806757161125,0,25.149999618530273,25.729999542236328,2.6869996185302725,28.0,60.620000000000005,expiry_intrinsic,1.4000000000000001,1.9500000000000002,-3403.9500000000003,-0.14183125000000002
XYL,2025-03-31,2025-04-29,1.0,119.44,121.25,-0.69,-2.17,0.9538,0.9944,0.93,14.0,0.9538,0.9543,0.9543,1.0085,1.0,0.0,3.0,1.0,2042351430.0,2074000000.0,2020200000.0,14.0,5664.8,5491.2,126.61,86.4,16.27,307.13,17.9,19.19,6.31,51.16,54.75,0.61,2.93,115.0,120.0,115.0,2025-05-16,4.275,3.4,7.675000000000001,6.673913043478262,6.2,0.775,6.9750000000000005,128.03,13.030000000000001,0.35633,0.3856,0.370965,0.22950500000000001,38.132977504616335,-0.043899999999999995,51.0,5.0,0.2727272727272727,18.0,4.347826086956519,1,2.326086956521743,2025-04-28,551.0,544.6068115234375,0.22463,0.2163389999999999,0.2163765384615384,-0.008291,-0.0082534615384615,1,0.2615585714285714,0.18073,0.0808285714285714,-0.0034857142857142,0.2888526205273398,0.3870369377580014,0.9282868525896414,0.1620361072968415,0.5238084340701601,-0.2991784340701601,0.3093423029441676,1.13,-1.2319261118105729,0.9663638379186664,-0.3400728908996714,0.0719426793983846,-0.0286204548834291,-0.0985806757161125,0,25.149999618530273,25.729999542236328,2.6869996185302725,7.675000000000001,13.030000000000001,expiry_intrinsic,0.38375000000000004,1.9500000000000002,-575.825,-0.050071739130434785
LH,2025-03-31,2025-04-29,1.0,230.02,246.22,4.52,-2.36,3.7348,3.89,3.5194,15.0,3.7518,3.7703,3.8046,3.8595,1.0,0.0,0.0,6.0,3398806650.0,3421000000.0,3335357640.0,13.0,42580.0,42220.96,167.91,141.83,6.97,296.37,6.57,4.55,-1.43,34.23,49.77,0.19,2.38,230.0,240.0,230.0,2025-05-16,6.7,6.75,13.45,5.8478260869565215,12.65,1.525,14.175,249.52,19.52000000000001,0.32707,0.33682,0.33194500000000005,0.26853,19.104068445073747,-0.053655000000000064,86.0,10.0,1.9733333333333334,18.0,4.347826086956519,1,1.5000000000000027,2025-04-28,551.0,544.6068115234375,0.22463,0.2163389999999999,0.2163765384615384,-0.008291,-0.0082534615384615,1,0.2615585714285714,0.18073,0.0808285714285714,-0.0034857142857142,0.2888526205273398,0.3870369377580014,0.9282868525896414,0.1620361072968415,0.5238084340701601,-0.2991784340701601,0.3093423029441676,1.13,-1.2319261118105729,0.9663638379186664,-0.3400728908996714,0.0719426793983846,-0.0286204548834291,-0.0985806757161125,0,25.149999618530273,25.729999542236328,2.6869996185302725,13.45,19.52000000000001,expiry_intrinsic,0.6725,1.9500000000000002,-676.2000000000012,-0.02940000000000005
SYY,2025-03-31,2025-04-29,0.0,74.1,71.92,-5.21,-2.34,1.024,1.07,0.98,17.0,1.03,1.0323,1.0393,1.0349,2.0,0.0,2.0,6.0,20046933970.0,20311000000.0,19740281910.0,14.0,2447.46,1485.84,318.06,529.12,4.47,0.0,4.01,15.65,43.01,2.74,1.71,0.04,-0.1,70.0,72.5,70.0,2025-05-16,2.2,1.425,3.625,5.178571428571429,2.325,0.9249999999999999,3.25,72.44,2.4399999999999977,0.30755,0.27829,0.29291999999999996,0.258775,11.656766352587733,0.0048799999999999955,59.0,32.0,0.7015655577299413,18.0,3.571428571428581,1,1.6071428571428479,2025-04-28,551.0,544.6068115234375,0.22463,0.2163389999999999,0.2163765384615384,-0.008291,-0.0082534615384615,1,0.2615585714285714,0.18073,0.0808285714285714,-0.0034857142857142,0.2888526205273398,0.3870369377580014,0.9282868525896414,0.1620361072968415,0.5238084340701601,-0.2991784340701601,0.3093423029441676,1.13,-1.2319261118105729,0.9663638379186664,-0.3400728908996714,0.0719426793983846,-0.0286204548834291,-0.0985806757161125,0,25.149999618530273,25.729999542236328,2.6869996185302725,3.625,2.4399999999999977,expiry_intrinsic,0.18125000000000002,1.9500000000000002,98.42500000000024,0.01406071428571432
AMT,2025-03-31,2025-04-29,0.0,215.56,183.63,2.68,20.53,1.5651,1.62,1.5,5.0,1.5643,1.5651,1.874,2.0471,1.0,0.0,1.0,0.0,2543662510.0,2587000000.0,2503000000.0,13.0,2836.0,-624.8,282.54,2936.36,1.15,301.51,1.72,1355.56,194.38,19.16,44.5,0.16,13.38,210.0,230.0,210.0,2025-05-16,6.85,5.0,11.85,5.642857142857142,16.9,1.225,18.125,213.38,3.3799999999999955,0.31731,0.31731,0.31731,0.234385,26.133749330307893,-0.04877999999999999,246.0,62.0,0.4548919949174079,18.0,9.523809523809534,0,-3.880952380952392,2025-04-28,551.0,544.6068115234375,0.22463,0.2163389999999999,0.2163765384615384,-0.008291,-0.0082534615384615,1,0.2615585714285714,0.18073,0.0808285714285714,-0.0034857142857142,0.2888526205273398,0.3870369377580014,0.9282868525896414,0.1620361072968415,0.5238084340701601,-0.2991784340701601,0.3093423029441676,1.13,-1.2319261118105729,0.9663638379186664,-0.3400728908996714,0.0719426793983846,-0.0286204548834291,-0.0985806757161125,0,25.149999618530273,25.729999542236328,2.6869996185302725,11.85,3.3799999999999955,expiry_intrinsic,0.5925,1.9500000000000002,785.8000000000003,0.037419047619047636
BKNG,2025-03-31,2025-04-29,1.0,4634.24,4721.86,5.93,3.97,17.5668,22.07,13.21,23.0,17.4555,17.3763,17.241,21.4216,3.0,0.0,5.0,3.0,4590088930.0,4663790650.0,4526000000.0,30.0,158112.51,133802.53,14305.76,3097.2,11.11,196.96,10.7,29.84,-50.47,32.59,29.48,0.0,4.52,4935.0,5175.0,4930.0,2025-05-02,138.1,175.5,313.6,6.3546099290780145,172.0,13.3,185.3,5202.8,272.8000000000002,0.76608,0.75632,0.7612,0.35633000000000004,53.18838675775092,-0.40487,0.0,0.0,1.3427362482369534,4.0,4.863221884498481,1,1.4913880445795336,2025-04-28,551.0,544.6068115234375,0.22463,0.2163389999999999,0.2163765384615384,-0.008291,-0.0082534615384615,1,0.2615585714285714,0.18073,0.0808285714285714,-0.0034857142857142,0.2888526205273398,0.3870369377580014,0.9282868525896414,0.1620361072968415,0.5238084340701601,-0.2991784340701601,0.3093423029441676,1.13,-1.2319261118105729,0.9663638379186664,-0.3400728908996714,0.0719426793983846,-0.0286204548834291,-0.0985806757161125,0,25.149999618530273,25.729999542236328,2.6869996185302725,313.6,272.8000000000002,expiry_intrinsic,15.680000000000001,1.9500000000000002,2510.0499999999843,0.005086220871327223
CSGP,2025-03-31,2025-04-29,1.0,79.31,75.65,4.27,9.32,0.1064,0.1417,0.08,5.0,0.1064,0.0967,0.1274,0.2059,0.0,0.0,0.0,0.0,729554330.0,735000000.0,725000000.0,6.0,-59933.6,-60231.2,207.1,84.66,11.45,295.06,11.55,-24.24,13.64,-61.11,-98.34,-0.39,-11.33,80.0,75.0,80.0,2025-05-16,4.75,2.875,7.625,9.53125,0.375,5.8,6.175,76.99,3.010000000000005,0.52218,0.52218,0.52218,0.34658,33.62825079474511,-0.12682,1998.0,10.0,0.21774931381518756,18.0,6.25,1,3.28125,2025-04-28,551.0,544.6068115234375,0.22463,0.2163389999999999,0.2163765384615384,-0.008291,-0.0082534615384615,1,0.2615585714285714,0.18073,0.0808285714285714,-0.0034857142857142,0.2888526205273398,0.3870369377580014,0.9282868525896414,0.1620361072968415,0.5238084340701601,-0.2991784340701601,0.3093423029441676,1.13,-1.2319261118105729,0.9663638379186664,-0.3400728908996714,0.0719426793983846,-0.0286204548834291,-0.0985806757161125,0,25.149999618530273,25.729999542236328,2.6869996185302725,7.625,3.010000000000005,expiry_intrinsic,0.38125000000000003,1.9500000000000002,421.42499999999956,0.052678124999999944
ECL,2025-03-31,2025-04-29,1.0,249.51,246.93,-1.04,-0.01,1.4992,1.59,1.47,21.0,1.5021,1.5103,1.5102,1.4955,1.0,0.0,1.0,8.0,3695691040.0,3744000000.0,3626000000.0,16.0,1746.4,1698.24,17.13,9.81,2.75,293.68,2.9,16.77,-1.09,26.74,20.91,3.15,2.5,240.0,250.0,240.0,2025-05-16,6.5,6.550000000000001,13.05,5.4375,13.4,0.875,14.275,259.09,19.089999999999975,0.31731,0.2978,0.307555,0.19536,36.47965404561786,-0.06341500000000003,935.0,516.0,0.7589199614271939,18.0,4.166666666666674,1,1.270833333333326,2025-04-28,551.0,544.6068115234375,0.22463,0.2163389999999999,0.2163765384615384,-0.008291,-0.0082534615384615,1,0.2615585714285714,0.18073,0.0808285714285714,-0.0034857142857142,0.2888526205273398,0.3870369377580014,0.9282868525896414,0.1620361072968415,0.5238084340701601,-0.2991784340701601,0.3093423029441676,1.13,-1.2319261118105729,0.9663638379186664,-0.3400728908996714,0.0719426793983846,-0.0286204548834291,-0.0985806757161125,0,25.149999618530273,25.729999542236328,2.6869996185302725,13.05,19.089999999999975,expiry_intrinsic,0.6525000000000001,1.9500000000000002,-671.1999999999974,-0.02796666666666656
EIX,2025-03-31,2025-04-29,1.0,58.18,55.8,0.95,5.25,1.2176,1.4,1.0,11.0,1.2531,1.3818,1.263,1.258,1.0,0.0,1.0,5.0,4140812680.0,4315438030.0,3979000000.0,3.0,4432.8,4255.04,181.12,358.16,7.72,238.38,7.75,-17.97,-30.46,8.94,11.53,-0.08,0.57,57.5,55.0,57.5,2025-05-16,2.05,1.0250000000000001,3.075,5.3478260869565215,0.375,3.5999999999999996,3.9749999999999996,58.63,1.1300000000000026,0.2978,0.28804,0.29292,0.395355,-34.970299057763214,0.04877999999999999,1695.0,7.0,0.8436482084690554,18.0,4.347826086956519,1,1.0000000000000027,2025-04-28,551.0,544.6068115234375,0.22463,0.2163389999999999,0.2163765384615384,-0.008291,-0.0082534615384615,1,0.2615585714285714,0.18073,0.0808285714285714,-0.0034857142857142,0.2888526205273398,0.3870369377580014,0.9282868525896414,0.1620361072968415,0.5238084340701601,-0.2991784340701601,0.3093423029441676,1.13,-1.2319261118105729,0.9663638379186664,-0.3400728908996714,0.0719426793983846,-0.0286204548834291,-0.0985806757161125,0,25.149999618530273,25.729999542236328,2.6869996185302725,3.075,1.1300000000000026,expiry_intrinsic,0.15375000000000003,1.9500000000000002,177.17499999999976,0.03081304347826083
EQR,2025-03-31,2025-04-29,0.0,71.38,68.48,-2.59,1.53,0.28,0.35,0.2335,5.0,0.2949,0.2949,0.3009,0.3467,0.0,0.0,0.0,2.0,769444610.0,790647000.0,759281360.0,14.0,28124.0,28680.16,-292.27,361.51,3.69,298.22,3.45,-68.29,-31.58,58.41,57.15,-12.56,20.82,70.0,70.0,70.0,2025-05-16,1.3,1.625,2.925,4.178571428571428,1.425,1.35,2.7750000000000004,71.56,1.5600000000000023,0.24902,0.21975,0.234385,0.234385,0.0,0.0,103.0,2.0,4.6,18.0,0.0,1,4.178571428571428,2025-04-28,551.0,544.6068115234375,0.22463,0.2163389999999999,0.2163765384615384,-0.008291,-0.0082534615384615,1,0.2615585714285714,0.18073,0.0808285714285714,-0.0034857142857142,0.2888526205273398,0.3870369377580014,0.9282868525896414,0.1620361072968415,0.5238084340701601,-0.2991784340701601,0.3093423029441676,1.13,-1.2319261118105729,0.9663638379186664,-0.3400728908996714,0.0719426793983846,-0.0286204548834291,-0.0985806757161125,0,25.149999618530273,25.729999542236328,2.6869996185302725,2.925,1.5600000000000023,expiry_intrinsic,0.14625,1.9500000000000002,119.92499999999976,0.01713214285714282
ETR,2025-03-31,2025-04-29,1.0,84.41,79.24,-1.04,5.41,0.6854,0.767,0.36,11.0,0.698,0.6632,0.6806,0.6643,2.0,0.0,4.0,1.0,3049165400.0,3268806690.0,2895800000.0,4.0,16685.44,16369.74,189.39,203.39,-2.2,250.53,-2.56,26.92,-77.93,2.31,1.26,4.43,0.77,85.0,82.5,85.0,2025-05-16,2.3,2.725,5.025,5.911764705882353,0.75,2.775,3.525,83.14,1.8599999999999994,0.28804,0.37584,0.33194,0.263655,20.571488823281328,-0.058530000000000026,639.0,133.0,0.28714859437751006,18.0,2.941176470588236,1,2.9705882352941173,2025-04-28,551.0,544.6068115234375,0.22463,0.2163389999999999,0.2163765384615384,-0.008291,-0.0082534615384615,1,0.2615585714285714,0.18073,0.0808285714285714,-0.0034857142857142,0.2888526205273398,0.3870369377580014,0.9282868525896414,0.1620361072968415,0.5238084340701601,-0.2991784340701601,0.3093423029441676,1.13,-1.2319261118105729,0.9663638379186664,-0.3400728908996714,0.0719426793983846,-0.0286204548834291,-0.0985806757161125,0,25.149999618530273,25.729999542236328,2.6869996185302725,5.025,1.8599999999999994,expiry_intrinsic,0.25125000000000003,1.9500000000000002,289.42500000000007,0.03405000000000001
ESS,2025-03-31,2025-04-29,1.0,306.0,276.62,-10.08,-0.53,1.4067,1.49,1.34,3.0,1.4067,1.4067,1.3867,1.4167,0.0,0.0,1.0,1.0,458425950.0,467389330.0,453861000.0,12.0,46639.2,49645.6,-1114.72,1538.28,6.29,293.71,6.08,-36.27,-51.49,36.49,20.32,-0.07,4.62,280.0,280.0,280.0,2025-05-16,5.95,7.65,13.600000000000001,4.857142857142858,5.550000000000001,6.25,11.8,288.71,8.70999999999998,0.27829,0.26853,0.27341,0.253895,7.137632127573975,-0.014639999999999986,334.0,0.0,,18.0,0.0,1,4.857142857142858,2025-04-28,551.0,544.6068115234375,0.22463,0.2163389999999999,0.2163765384615384,-0.008291,-0.0082534615384615,1,0.2615585714285714,0.18073,0.0808285714285714,-0.0034857142857142,0.2888526205273398,0.3870369377580014,0.9282868525896414,0.1620361072968415,0.5238084340701601,-0.2991784340701601,0.3093423029441676,1.13,-1.2319261118105729,0.9663638379186664,-0.3400728908996714,0.0719426793983846,-0.0286204548834291,-0.0985806757161125,0,25.149999618530273,25.729999542236328,2.6869996185302725,13.600000000000001,8.70999999999998,expiry_intrinsic,0.6800000000000002,1.9500000000000002,419.0500000000022,0.014966071428571507
HLT,2025-03-31,2025-04-29,0.0,225.71,253.93,0.31,-10.84,1.6072,1.65,1.53,18.0,1.6132,1.6264,1.6262,1.6644,2.0,0.0,2.0,9.0,2714416300.0,2780000000.0,2663000000.0,10.0,5709.6,5360.64,-218.79,517.64,9.17,289.75,9.54,4.76,-8.33,8.47,6.52,-1.22,-0.53,220.0,230.0,220.0,2025-05-16,8.7,6.65,15.35,6.9772727272727275,9.4,4.65,14.05,255.77,35.77000000000001,0.3856,0.39536,0.39048,0.29779500000000003,23.736170866625685,-0.06829000000000002,195.0,38.0,2.3490701001430616,18.0,4.545454545454541,1,2.431818181818186,2025-04-28,551.0,544.6068115234375,0.22463,0.2163389999999999,0.2163765384615384,-0.008291,-0.0082534615384615,1,0.2615585714285714,0.18073,0.0808285714285714,-0.0034857142857142,0.2888526205273398,0.3870369377580014,0.9282868525896414,0.1620361072968415,0.5238084340701601,-0.2991784340701601,0.3093423029441676,1.13,-1.2319261118105729,0.9663638379186664,-0.3400728908996714,0.0719426793983846,-0.0286204548834291,-0.0985806757161125,0,25.149999618530273,25.729999542236328,2.6869996185302725,15.35,35.77000000000001,expiry_intrinsic,0.7675000000000001,1.9500000000000002,-2120.7000000000007,-0.09639545454545458
KLAC,2025-03-31,2025-04-30,1.0,679.8,742.43,3.37,-5.35,8.0845,8.37,7.78,21.0,8.0693,8.0679,8.0679,7.4669,21.0,0.0,21.0,0.0,3009805760.0,3070000000.0,2953000000.0,20.0,-21484.67,-12776.2,-3001.45,4987.42,23.73,0.0,15.79,-62.59,-63.78,43.68,30.43,-0.42,2.07,690.0,680.0,690.0,2025-05-16,27.45,27.85,55.3,8.014492753623188,17.15,30.8,47.95,791.17,101.16999999999996,0.4734,0.46365,0.46852499999999997,0.41974500000000003,10.411397470785964,-0.048779999999999935,98.0,15.0,5.2827586206896555,17.0,1.449275362318836,1,6.565217391304351,2025-04-29,555.0,548.0375366210938,0.21,0.210971,0.209995,0.0009709999999999,-5.000000000005e-06,1,0.24902,0.1723642857142857,0.0766557142857142,0.0006921428571428,0.2378950196794562,0.3431147804642684,0.904382470119522,0.1280862745322614,0.5197689874151381,-0.3097689874151381,0.2464292361290099,1.12,-1.1727468271726054,0.9166719779852924,-0.3367301576114782,0.051341838397229,-0.0024115760092516,-0.0929022269088302,0,24.170000076293945,25.219999313354492,3.1700000762939453,55.3,101.16999999999996,expiry_intrinsic,2.765,1.9500000000000002,-4865.449999999996,-0.07051376811594197
MAA,2025-03-31,2025-04-30,1.0,167.58,151.84,-4.73,5.14,0.865,0.88,0.85,2.0,0.905,0.96,0.97,0.97,0.0,0.0,0.0,1.0,551073380.0,556663000.0,546332000.0,13.0,18383.2,16426.08,1805.33,1327.65,1.98,297.55,2.06,25.44,34.91,1.08,-4.67,-2.24,-2.09,160.0,160.0,160.0,2025-05-16,2.95,4.5,7.45,4.65625,4.225,1.4,5.625,163.2,3.1999999999999886,0.28804,0.23926,0.26365,0.20024,24.05082495732979,-0.024389999999999995,93.0,0.0,10.2,17.0,0.0,1,4.65625,2025-04-29,555.0,548.0375366210938,0.21,0.210971,0.209995,0.0009709999999999,-5.000000000005e-06,1,0.24902,0.1723642857142857,0.0766557142857142,0.0006921428571428,0.2378950196794562,0.3431147804642684,0.904382470119522,0.1280862745322614,0.5197689874151381,-0.3097689874151381,0.2464292361290099,1.12,-1.1727468271726054,0.9166719779852924,-0.3367301576114782,0.051341838397229,-0.0024115760092516,-0.0929022269088302,0,24.170000076293945,25.219999313354492,3.1700000762939453,7.45,3.1999999999999886,expiry_intrinsic,0.37250000000000005,1.9500000000000002,385.80000000000115,0.02411250000000007
PPL,2025-03-31,2025-04-30,1.0,36.11,33.47,1.08,9.05,0.5404,0.59,0.44,11.0,0.521,0.5143,0.5116,0.5075,2.0,0.0,1.0,1.0,2319020400.0,2387000000.0,2251040810.0,2.0,192.1,209.37,-12.29,90.58,1.8,309.58,0.82,-15.0,-19.05,9.78,6.75,0.69,0.95,37.0,36.0,37.0,2025-05-16,0.4,0.9750000000000001,1.375,3.7162162162162162,0.275,1.125,1.4,34.86,2.1400000000000006,0.20024,0.21975,0.209995,0.239265,-13.93842710540728,-0.014629999999999976,10477.0,19.0,0.13553113553113552,17.0,2.7027027027026973,1,1.013513513513519,2025-04-29,555.0,548.0375366210938,0.21,0.210971,0.209995,0.0009709999999999,-5.000000000005e-06,1,0.24902,0.1723642857142857,0.0766557142857142,0.0006921428571428,0.2378950196794562,0.3431147804642684,0.904382470119522,0.1280862745322614,0.5197689874151381,-0.3097689874151381,0.2464292361290099,1.12,-1.1727468271726054,0.9166719779852924,-0.3367301576114782,0.051341838397229,-0.0024115760092516,-0.0929022269088302,0,24.170000076293945,25.219999313354492,3.1700000762939453,1.375,2.1400000000000006,expiry_intrinsic,0.06875,1.9500000000000002,-85.32500000000006,-0.023060810810810826
VTR,2025-03-31,2025-04-30,1.0,68.76,60.16,1.92,16.49,0.0,0.0,0.0,0.0,0.0,0.0,0.0,0.0,0.0,0.0,0.0,0.0,1315345580.0,1362187000.0,1289028000.0,7.0,4907.1,4246.62,416.0,136.02,9.48,298.3,9.32,156.52,160.0,2.32,-60.25,25.45,-25.16,70.0,65.0,70.0,2025-05-16,1.025,2.075,3.1,4.428571428571429,0.175,4.35,4.5249999999999995,65.63,4.3700000000000045,0.22951,0.28804,0.258775,0.278285,-7.539368176987741,0.009755000000000014,338.0,7.0,0.16296296296296298,17.0,7.14285714285714,0,-2.714285714285711,2025-04-29,555.0,548.0375366210938,0.21,0.210971,0.209995,0.0009709999999999,-5.000000000005e-06,1,0.24902,0.1723642857142857,0.0766557142857142,0.0006921428571428,0.2378950196794562,0.3431147804642684,0.904382470119522,0.1280862745322614,0.5197689874151381,-0.3097689874151381,0.2464292361290099,1.12,-1.1727468271726054,0.9166719779852924,-0.3367301576114782,0.051341838397229,-0.0024115760092516,-0.0929022269088302,0,24.170000076293945,25.219999313354492,3.1700000762939453,3.1,4.3700000000000045,expiry_intrinsic,0.15500000000000003,1.9500000000000002,-144.45000000000044,-0.020635714285714347
PSA,2025-03-31,2025-04-30,1.0,299.29,298.05,0.38,0.8,2.395,2.46,2.33,8.0,2.3989,2.3931,2.4986,2.4932,0.0,0.0,0.0,4.0,1176418120.0,1190100000.0,1153191000.0,8.0,20258.4,21537.12,-588.93,761.85,3.94,295.33,4.3,13.57,16.2,4.91,-5.08,-1.38,-4.45,290.0,300.0,290.0,2025-05-16,10.45,6.55,17.0,5.862068965517241,13.350000000000001,2.9,16.25,309.15,19.149999999999977,0.33682,0.32707,0.33194500000000005,0.26365,20.574191507629287,-0.05366000000000004,61.0,3.0,0.39285714285714285,17.0,3.4482758620689724,1,2.4137931034482687,2025-04-29,555.0,548.0375366210938,0.21,0.210971,0.209995,0.0009709999999999,-5.000000000005e-06,1,0.24902,0.1723642857142857,0.0766557142857142,0.0006921428571428,0.2378950196794562,0.3431147804642684,0.904382470119522,0.1280862745322614,0.5197689874151381,-0.3097689874151381,0.2464292361290099,1.12,-1.1727468271726054,0.9166719779852924,-0.3367301576114782,0.051341838397229,-0.0024115760092516,-0.0929022269088302,0,24.170000076293945,25.219999313354492,3.1700000762939453,17.0,19.149999999999977,expiry_intrinsic,0.8500000000000001,1.9500000000000002,-301.9499999999977,-0.010412068965517163
SWK,2025-03-31,2025-04-30,1.0,76.88,89.92,-21.93,-33.25,0.6599,0.74,0.58,14.0,0.6599,0.6601,0.6695,0.8824,1.0,0.0,1.0,2.0,3719731440.0,3781045900.0,3659000000.0,10.0,16853.6,15614.24,476.91,182.43,-2.63,309.61,-2.93,61.96,22.13,64.83,48.53,3.96,3.02,60.0,60.0,60.0,2025-05-16,3.9,2.5999999999999996,6.5,10.833333333333334,1.475,2.175,3.65,71.46,11.459999999999994,0.60999,0.61974,0.614865,0.37097,39.66643084254267,-0.11707000000000001,617.0,33.0,1.1003627569528416,17.0,0.0,1,10.833333333333334,2025-04-29,555.0,548.0375366210938,0.21,0.210971,0.209995,0.0009709999999999,-5.000000000005e-06,1,0.24902,0.1723642857142857,0.0766557142857142,0.0006921428571428,0.2378950196794562,0.3431147804642684,0.904382470119522,0.1280862745322614,0.5197689874151381,-0.3097689874151381,0.2464292361290099,1.12,-1.1727468271726054,0.9166719779852924,-0.3367301576114782,0.051341838397229,-0.0024115760092516,-0.0929022269088302,0,24.170000076293945,25.219999313354492,3.1700000762939453,6.5,11.459999999999994,expiry_intrinsic,0.325,1.9500000000000002,-530.4499999999995,-0.08840833333333324
VICI,2025-03-31,2025-04-30,1.0,32.62,29.84,-1.84,7.31,0.685,0.69,0.68,2.0,0.685,0.69,0.68,0.68,1.0,0.0,1.0,0.0,977033370.0,989200000.0,918582260.0,13.0,-639.2,-744.32,39.68,59.53,6.57,299.02,6.84,-6.94,-4.29,5.65,5.98,0.05,-0.5,32.5,32.5,32.5,2025-05-16,0.5,0.725,1.225,3.769230769230769,0.15000000000000002,1.075,1.225,32.1,0.3999999999999986,0.21,0.22951,0.21975499999999998,0.18073,17.75841277786625,-0.009759999999999991,15245.0,99.0,0.4182692307692308,17.0,0.0,1,3.769230769230769,2025-04-29,555.0,548.0375366210938,0.21,0.210971,0.209995,0.0009709999999999,-5.000000000005e-06,1,0.24902,0.1723642857142857,0.0766557142857142,0.0006921428571428,0.2378950196794562,0.3431147804642684,0.904382470119522,0.1280862745322614,0.5197689874151381,-0.3097689874151381,0.2464292361290099,1.12,-1.1727468271726054,0.9166719779852924,-0.3367301576114782,0.051341838397229,-0.0024115760092516,-0.0929022269088302,0,24.170000076293945,25.219999313354492,3.1700000762939453,1.225,0.3999999999999986,expiry_intrinsic,0.061250000000000006,1.9500000000000002,74.42500000000014,0.022900000000000042
PRU,2025-03-31,2025-04-30,1.0,111.68,121.88,-8.03,-15.73,3.181,3.4,3.0,14.0,3.2875,3.4037,3.3807,3.4906,0.0,0.0,0.0,10.0,14562146260.0,17713000000.0,13170000000.0,5.0,5994.4,11952.8,-2593.07,3023.88,30.19,261.67,40.21,14.73,138.71,19.65,-1.23,-7.59,-1.45,105.0,100.0,105.0,2025-05-16,3.0,3.55,6.55,6.238095238095238,1.025,4.8,5.824999999999999,107.33,2.3299999999999983,0.37584,0.34658,0.36121000000000003,0.234385,35.11115417624097,-0.048780000000000046,595.0,44.0,0.4883720930232558,17.0,4.761904761904767,1,1.476190476190471,2025-04-29,555.0,548.0375366210938,0.21,0.210971,0.209995,0.0009709999999999,-5.000000000005e-06,1,0.24902,0.1723642857142857,0.0766557142857142,0.0006921428571428,0.2378950196794562,0.3431147804642684,0.904382470119522,0.1280862745322614,0.5197689874151381,-0.3097689874151381,0.2464292361290099,1.12,-1.1727468271726054,0.9166719779852924,-0.3367301576114782,0.051341838397229,-0.0024115760092516,-0.0929022269088302,0,24.170000076293945,25.219999313354492,3.1700000762939453,6.55,2.3299999999999983,expiry_intrinsic,0.3275,1.9500000000000002,387.3000000000001,0.0368857142857143
INVH,2025-03-31,2025-04-30,1.0,34.85,30.99,-1.89,10.33,0.1402,0.1402,0.1402,1.0,0.1402,0.1402,0.1482,0.1482,0.0,0.0,0.0,1.0,664429660.0,668253000.0,652743610.0,10.0,4213.6,4508.0,-33.65,141.78,7.67,296.62,7.98,-33.33,-6.67,0.46,5.97,-0.83,-0.46,32.5,35.0,32.5,2025-05-16,1.625,0.4,2.025,6.230769230769231,2.6500000000000004,0.1,2.7500000000000004,34.42,1.9200000000000017,0.30755,0.30755,0.30755,0.22463,26.961469679726875,-0.03902,64.0,0.0,0.5423728813559322,17.0,7.692307692307687,0,-1.4615384615384563,2025-04-29,555.0,548.0375366210938,0.21,0.210971,0.209995,0.0009709999999999,-5.000000000005e-06,1,0.24902,0.1723642857142857,0.0766557142857142,0.0006921428571428,0.2378950196794562,0.3431147804642684,0.904382470119522,0.1280862745322614,0.5197689874151381,-0.3097689874151381,0.2464292361290099,1.12,-1.1727468271726054,0.9166719779852924,-0.3367301576114782,0.051341838397229,-0.0024115760092516,-0.0929022269088302,0,24.170000076293945,25.219999313354492,3.1700000762939453,2.025,1.9200000000000017,expiry_intrinsic,0.10125,1.9500000000000002,-1.5750000000001803,-0.00048461538461544006
HST,2025-03-31,2025-04-30,1.0,14.21,16.64,-0.63,-15.14,0.28,0.29,0.27,3.0,0.28,0.28,0.31,0.3267,0.0,0.0,0.0,2.0,1546371300.0,1575381790.0,1413000000.0,13.0,10373.6,10279.4,152.58,130.8,7.02,330.93,6.89,-21.05,25.0,1.56,5.8,-0.3,-0.18,14.0,15.0,14.0,2025-05-16,0.5,0.45,0.95,6.785714285714286,0.75,0.2,0.95,15.56,1.5600000000000005,0.3856,0.39536,0.39048,0.29779999999999995,23.734890391313265,-0.024395,5197.0,18.0,1.9830508474576272,17.0,7.14285714285714,0,-0.3571428571428541,2025-04-29,555.0,548.0375366210938,0.21,0.210971,0.209995,0.0009709999999999,-5.000000000005e-06,1,0.24902,0.1723642857142857,0.0766557142857142,0.0006921428571428,0.2378950196794562,0.3431147804642684,0.904382470119522,0.1280862745322614,0.5197689874151381,-0.3097689874151381,0.2464292361290099,1.12,-1.1727468271726054,0.9166719779852924,-0.3367301576114782,0.051341838397229,-0.0024115760092516,-0.0929022269088302,0,24.170000076293945,25.219999313354492,3.1700000762939453,0.95,1.5600000000000005,expiry_intrinsic,0.0475,1.9500000000000002,-67.70000000000006,-0.0483571428571429
AVB,2025-03-31,2025-04-30,0.0,214.62,219.88,-2.16,-4.5,1.3574,1.3574,1.3574,1.0,1.3487,1.34,1.37,1.345,0.0,0.0,0.0,1.0,744007320.0,759163000.0,717720280.0,10.0,46472.8,39720.8,2340.16,1776.82,5.27,296.8,5.3,26.47,-12.96,9.92,3.33,-1.14,-0.59,210.0,210.0,210.0,2025-05-16,4.0,5.45,9.45,4.5,3.7750000000000004,4.025,7.800000000000001,208.1,1.9000000000000057,0.28804,0.22951,0.258775,0.22950500000000001,11.310984445947238,-0.009754999999999986,34.0,0.0,2.5,17.0,0.0,1,4.5,2025-04-29,555.0,548.0375366210938,0.21,0.210971,0.209995,0.0009709999999999,-5.000000000005e-06,1,0.24902,0.1723642857142857,0.0766557142857142,0.0006921428571428,0.2378950196794562,0.3431147804642684,0.904382470119522,0.1280862745322614,0.5197689874151381,-0.3097689874151381,0.2464292361290099,1.12,-1.1727468271726054,0.9166719779852924,-0.3367301576114782,0.051341838397229,-0.0024115760092516,-0.0929022269088302,0,24.170000076293945,25.219999313354492,3.1700000762939453,9.45,1.9000000000000057,expiry_intrinsic,0.4725,1.9500000000000002,705.7999999999993,0.03360952380952378
AWK,2025-03-31,2025-04-30,0.0,147.52,123.66,-0.35,18.88,1.066,1.14,0.95,7.0,1.087,1.1102,1.1255,0.85,0.0,0.0,2.0,1.0,1069341720.0,1112000000.0,999000000.0,4.0,3042.4,2846.56,60.59,306.19,10.63,254.04,9.83,32.61,-31.07,13.14,14.23,0.95,1.16,145.0,145.0,145.0,2025-05-16,3.175,2.475,5.65,3.896551724137931,3.45,2.175,5.625,142.56,2.4399999999999977,0.20024,0.23926,0.21975,0.22951,-4.441410693970417,-0.004875000000000018,123.0,3.0,0.5147058823529411,17.0,0.0,1,3.896551724137931,2025-04-29,555.0,548.0375366210938,0.21,0.210971,0.209995,0.0009709999999999,-5.000000000005e-06,1,0.24902,0.1723642857142857,0.0766557142857142,0.0006921428571428,0.2378950196794562,0.3431147804642684,0.904382470119522,0.1280862745322614,0.5197689874151381,-0.3097689874151381,0.2464292361290099,1.12,-1.1727468271726054,0.9166719779852924,-0.3367301576114782,0.051341838397229,-0.0024115760092516,-0.0929022269088302,0,24.170000076293945,25.219999313354492,3.1700000762939453,5.65,2.4399999999999977,expiry_intrinsic,0.28250000000000003,1.9500000000000002,290.80000000000024,0.02005517241379312
CCI,2025-03-31,2025-04-30,0.0,104.23,89.03,1.47,18.79,-0.0115,0.51,-1.1608,4.0,-0.1854,0.6618,0.6618,0.6452,0.0,0.0,0.0,0.0,1040480770.0,1056797490.0,1031000000.0,11.0,-53822.24,-4611.42,-19915.2,23135.14,-5.92,297.58,-15.03,-1421.69,-1667.14,-130.25,-224.02,0.24,-78.66,105.0,105.0,105.0,2025-05-16,2.425,3.5999999999999996,6.0249999999999995,5.738095238095237,2.1500000000000004,1.475,3.6250000000000004,102.32,2.680000000000007,0.32707,0.33682,0.33194500000000005,0.20024,39.67675367907335,-0.04390500000000008,2256.0,493.0,0.459366391184573,17.0,0.0,1,5.738095238095237,2025-04-29,555.0,548.0375366210938,0.21,0.210971,0.209995,0.0009709999999999,-5.000000000005e-06,1,0.24902,0.1723642857142857,0.0766557142857142,0.0006921428571428,0.2378950196794562,0.3431147804642684,0.904382470119522,0.1280862745322614,0.5197689874151381,-0.3097689874151381,0.2464292361290099,1.12,-1.1727468271726054,0.9166719779852924,-0.3367301576114782,0.051341838397229,-0.0024115760092516,-0.0929022269088302,0,24.170000076293945,25.219999313354492,3.1700000762939453,6.0249999999999995,2.680000000000007,expiry_intrinsic,0.30125,1.9500000000000002,302.4249999999993,0.02880238095238088
ALL,2025-03-31,2025-04-30,1.0,207.07,193.83,-4.19,2.35,2.5336,4.4028,1.37,17.0,3.1712,3.5735,3.5946,4.0,0.0,0.0,1.0,13.0,16362123500.0,16483000000.0,16241247000.0,2.0,41938.4,34368.64,3505.54,498.0,12.24,281.82,12.42,31.79,96.16,813.74,1755.46,10.16,9.68,200.0,200.0,200.0,2025-05-16,5.3,6.75,12.05,6.025,2.25,4.8,7.05,209.06,9.060000000000002,0.33682,0.36609,0.351455,0.21487499999999998,38.86130514575124,-0.07805000000000001,487.0,38.0,0.42857142857142855,17.0,0.0,1,6.025,2025-04-29,555.0,548.0375366210938,0.21,0.210971,0.209995,0.0009709999999999,-5.000000000005e-06,1,0.24902,0.1723642857142857,0.0766557142857142,0.0006921428571428,0.2378950196794562,0.3431147804642684,0.904382470119522,0.1280862745322614,0.5197689874151381,-0.3097689874151381,0.2464292361290099,1.12,-1.1727468271726054,0.9166719779852924,-0.3367301576114782,0.051341838397229,-0.0024115760092516,-0.0929022269088302,0,24.170000076293945,25.219999313354492,3.1700000762939453,12.05,9.060000000000002,expiry_intrinsic,0.6025,1.9500000000000002,236.79999999999984,0.011839999999999993
EG,2025-03-31,2025-04-30,0.0,363.33,352.09,-1.24,1.91,7.743,9.18,6.66,11.0,8.2392,8.0912,8.2935,17.083,2.0,0.0,4.0,6.0,3907000000.0,3978000000.0,3836000000.0,2.0,107960.8,97264.48,779.73,7416.94,18.06,301.69,16.33,-217.61,-218.31,-28.23,-28.23,-7.94,-6.2,360.0,340.0,360.0,2025-05-16,9.9,10.35,20.25,5.625,0.875,22.65,23.525,348.08,11.920000000000016,0.31731,0.33682,0.327065,0.278285,14.914466543347649,-0.03902500000000003,25.0,41.0,0.10779082177161152,17.0,5.555555555555558,1,0.06944444444444198,2025-04-29,555.0,548.0375366210938,0.21,0.210971,0.209995,0.0009709999999999,-5.000000000005e-06,1,0.24902,0.1723642857142857,0.0766557142857142,0.0006921428571428,0.2378950196794562,0.3431147804642684,0.904382470119522,0.1280862745322614,0.5197689874151381,-0.3097689874151381,0.2464292361290099,1.12,-1.1727468271726054,0.9166719779852924,-0.3367301576114782,0.051341838397229,-0.0024115760092516,-0.0929022269088302,0,24.170000076293945,25.219999313354492,3.1700000762939453,20.25,11.920000000000016,expiry_intrinsic,1.0125,1.9500000000000002,729.7999999999984,0.020272222222222178
EME,2025-03-31,2025-04-30,1.0,369.63,448.69,8.41,-10.7,4.625,4.92,4.4,6.0,4.625,4.625,4.76,4.7333,1.0,0.0,1.0,3.0,3784298670.0,3844100000.0,3695000000.0,6.0,49890.53,42333.29,2843.78,1984.29,15.76,294.01,16.73,41.39,8.97,50.13,53.57,2.38,2.27,410.0,410.0,410.0,2025-05-16,22.15,17.3,39.45,9.621951219512196,14.5,10.55,25.05,470.43,60.43000000000001,0.57096,0.54169,0.556325,0.375845,32.441468566036036,-0.12682499999999997,52.0,1.0,1.2048192771084338,17.0,0.0,1,9.621951219512196,2025-04-29,555.0,548.0375366210938,0.21,0.210971,0.209995,0.0009709999999999,-5.000000000005e-06,1,0.24902,0.1723642857142857,0.0766557142857142,0.0006921428571428,0.2378950196794562,0.3431147804642684,0.904382470119522,0.1280862745322614,0.5197689874151381,-0.3097689874151381,0.2464292361290099,1.12,-1.1727468271726054,0.9166719779852924,-0.3367301576114782,0.051341838397229,-0.0024115760092516,-0.0929022269088302,0,24.170000076293945,25.219999313354492,3.1700000762939453,39.45,60.43000000000001,expiry_intrinsic,1.9725000000000001,1.9500000000000002,-2297.2000000000003,-0.056029268292682934
EQIX,2025-03-31,2025-04-30,1.0,815.35,922.13,5.57,-6.66,2.9859,3.4,2.06,17.0,2.9827,2.9827,2.9885,3.1397,1.0,0.0,0.0,2.0,2229762740.0,2313100000.0,2203800000.0,19.0,2709.6,1346.88,937.58,565.52,6.84,297.46,6.79,23.75,-4.19,2.08,-7.97,0.58,-2.44,850.0,870.0,850.0,2025-05-16,28.45,25.45,53.9,6.341176470588235,28.35,13.549999999999999,41.9,875.92,25.91999999999996,0.36609,0.36609,0.36609,0.263655,27.980824387445725,-0.06829000000000007,27.0,9.0,18.014285714285716,17.0,2.35294117647058,1,3.988235294117655,2025-04-29,555.0,548.0375366210938,0.21,0.210971,0.209995,0.0009709999999999,-5.000000000005e-06,1,0.24902,0.1723642857142857,0.0766557142857142,0.0006921428571428,0.2378950196794562,0.3431147804642684,0.904382470119522,0.1280862745322614,0.5197689874151381,-0.3097689874151381,0.2464292361290099,1.12,-1.1727468271726054,0.9166719779852924,-0.3367301576114782,0.051341838397229,-0.0024115760092516,-0.0929022269088302,0,24.170000076293945,25.219999313354492,3.1700000762939453,53.9,25.91999999999996,expiry_intrinsic,2.6950000000000003,1.9500000000000002,2526.5500000000043,0.029724117647058873
GNRC,2025-03-31,2025-04-30,1.0,126.65,152.25,-9.69,-24.87,0.9663,1.19,0.7301,21.0,0.9728,0.9649,0.9704,1.5696,2.0,0.0,2.0,3.0,918824760.0,932600000.0,904000000.0,21.0,-3281764.0,-3282931.04,644.9,117.07,6.79,266.05,5.37,35.27,24.44,20.99,38.98,4.83,2.89,115.0,115.0,115.0,2025-05-16,5.2,6.85,12.05,10.478260869565217,2.875,5.050000000000001,7.925000000000001,129.44,14.439999999999998,0.60023,0.61974,0.609985,0.41974500000000003,31.187652155380864,-0.12682499999999997,221.0,112.0,1.360959651035987,17.0,0.0,1,10.478260869565217,2025-04-29,555.0,548.0375366210938,0.21,0.210971,0.209995,0.0009709999999999,-5.000000000005e-06,1,0.24902,0.1723642857142857,0.0766557142857142,0.0006921428571428,0.2378950196794562,0.3431147804642684,0.904382470119522,0.1280862745322614,0.5197689874151381,-0.3097689874151381,0.2464292361290099,1.12,-1.1727468271726054,0.9166719779852924,-0.3367301576114782,0.051341838397229,-0.0024115760092516,-0.0929022269088302,0,24.170000076293945,25.219999313354492,3.1700000762939453,12.05,14.439999999999998,expiry_intrinsic,0.6025,1.9500000000000002,-301.1999999999997,-0.02619130434782606
HOOD,2025-03-31,2025-04-30,1.0,41.62,53.0,18.0,-7.34,0.3693,0.4,0.32,4.0,0.4125,0.4367,0.364,0.353,0.0,0.0,0.0,3.0,917158900.0,960952000.0,892000000.0,12.0,-7143.2,-9196.32,752.05,804.87,58.23,363.27,49.98,3366.67,300.0,346.3,298.87,7.53,64.25,49.5,46.5,49.5,2025-05-02,2.925,3.05,5.975,12.07070707070707,0.185,3.075,3.2600000000000002,48.59,0.9099999999999966,1.66362,1.67337,1.668495,1.039245,37.71362814991954,-0.82925,2238.0,2762.0,0.37019127841307575,3.0,6.060606060606055,1,6.010101010101014,2025-04-29,555.0,548.0375366210938,0.21,0.210971,0.209995,0.0009709999999999,-5.000000000005e-06,1,0.24902,0.1723642857142857,0.0766557142857142,0.0006921428571428,0.2378950196794562,0.3431147804642684,0.904382470119522,0.1280862745322614,0.5197689874151381,-0.3097689874151381,0.2464292361290099,1.12,-1.1727468271726054,0.9166719779852924,-0.3367301576114782,0.051341838397229,-0.0024115760092516,-0.0929022269088302,0,24.170000076293945,25.219999313354492,3.1700000762939453,5.975,0.9099999999999966,expiry_intrinsic,0.29875,1.9500000000000002,474.6750000000003,0.09589393939393945
LIN,2025-03-31,2025-05-01,1.0,467.09,446.12,-4.08,0.43,3.9235,3.9634,3.89,16.0,3.9217,3.9116,3.9132,3.9788,2.0,0.0,5.0,0.0,8251247930.0,8679630000.0,8025000000.0,12.0,33456.8,33184.64,106.69,42.84,0.46,294.99,0.56,10.58,0.76,5.12,6.05,1.47,1.37,455.0,455.0,455.0,2025-05-16,9.6,10.35,19.95,4.384615384615385,7.5,6.6,14.1,457.77,2.769999999999982,0.26853,0.25877,0.26365,0.20024,24.05082495732979,-0.03414499999999998,330.0,37.0,6.486754966887418,16.0,0.0,1,4.384615384615385,2025-04-30,557.0,548.2550048828125,0.2148749999999999,0.2153629999999999,0.21975,0.0004879999999999,0.004875,0,0.24902,0.19048,0.0585399999999999,0.004875,0.2548750814794174,0.357750495898783,0.9083665338645418,0.1326382010787808,0.5191876331074377,-0.3043126331074376,0.255472574115288,1.29,-0.1027111425436425,1.0859882632762927,-0.3238595640431784,0.0357102048576836,-0.0086702902593295,-0.0925422789805563,0,24.700000762939453,25.540000915527344,3.212500762939456,19.95,2.769999999999982,expiry_intrinsic,0.9975,1.9500000000000002,1616.3000000000018,0.03552307692307696
IDXX,2025-03-31,2025-05-01,1.0,418.57,422.05,12.62,11.69,2.8444,2.95,2.77,9.0,2.8409,2.853,2.853,3.0156,1.0,0.0,1.0,4.0,996468100.0,1013000000.0,990000000.0,7.0,19509.6,18211.68,583.17,161.54,6.46,299.52,6.55,12.93,-6.43,16.29,2.84,1.22,-1.02,430.0,470.0,430.0,2025-05-16,18.35,14.85,33.2,7.72093023255814,43.75,2.025,45.775,518.1,88.10000000000002,0.46365,0.46365,0.46365,0.283165,38.92699234336245,-0.10243999999999998,21.0,101.0,0.971830985915493,16.0,9.302325581395344,0,-1.5813953488372041,2025-04-30,557.0,548.2550048828125,0.2148749999999999,0.2153629999999999,0.21975,0.0004879999999999,0.004875,0,0.24902,0.19048,0.0585399999999999,0.004875,0.2548750814794174,0.357750495898783,0.9083665338645418,0.1326382010787808,0.5191876331074377,-0.3043126331074376,0.255472574115288,1.29,-0.1027111425436425,1.0859882632762927,-0.3238595640431784,0.0357102048576836,-0.0086702902593295,-0.0925422789805563,0,24.700000762939453,25.540000915527344,3.212500762939456,33.2,88.10000000000002,expiry_intrinsic,1.6600000000000001,1.9500000000000002,-5657.950000000002,-0.13158023255813958
ICE,2025-03-31,2025-05-01,1.0,171.49,159.83,-0.38,6.89,1.7032,1.7266,1.6881,15.0,1.7034,1.6679,1.656,1.6192,1.0,0.0,11.0,1.0,2465958980.0,2485000000.0,2444000000.0,10.0,4396.0,4284.16,42.43,37.07,18.76,287.77,19.56,14.29,-1.94,23.55,16.65,-1.69,-0.66,165.0,175.0,165.0,2025-05-16,5.0,2.625,7.625,4.621212121212121,9.3,0.65,9.950000000000001,176.25,11.25,0.21975,0.28804,0.253895,0.21487499999999998,15.368557868410171,-0.009754999999999986,790.0,29.0,0.2669934640522876,16.0,6.060606060606055,0,-1.4393939393939341,2025-04-30,557.0,548.2550048828125,0.2148749999999999,0.2153629999999999,0.21975,0.0004879999999999,0.004875,0,0.24902,0.19048,0.0585399999999999,0.004875,0.2548750814794174,0.357750495898783,0.9083665338645418,0.1326382010787808,0.5191876331074377,-0.3043126331074376,0.255472574115288,1.29,-0.1027111425436425,1.0859882632762927,-0.3238595640431784,0.0357102048576836,-0.0086702902593295,-0.0925422789805563,0,24.700000762939453,25.540000915527344,3.212500762939456,7.625,11.25,expiry_intrinsic,0.38125000000000003,1.9500000000000002,-402.57499999999993,-0.024398484848484843
IEX,2025-03-31,2025-05-01,1.0,181.15,224.31,-3.26,-21.87,1.6409,1.69,1.5988,10.0,1.6419,1.6388,1.6388,2.0279,0.0,0.0,1.0,1.0,806347700.0,811400000.0,802300000.0,9.0,8040.8,7941.6,148.37,128.74,-0.16,309.52,-1.46,11.48,7.37,17.32,-4.86,2.21,-1.05,175.0,180.0,175.0,2025-05-16,4.125,6.1,10.225,5.8428571428571425,8.25,1.2,9.45,190.85,15.849999999999994,0.30755,0.39536,0.35145499999999996,0.28803999999999996,18.04356176466404,-0.05853499999999995,157.0,83.0,0.04945054945054945,16.0,2.857142857142847,1,2.9857142857142955,2025-04-30,557.0,548.2550048828125,0.2148749999999999,0.2153629999999999,0.21975,0.0004879999999999,0.004875,0,0.24902,0.19048,0.0585399999999999,0.004875,0.2548750814794174,0.357750495898783,0.9083665338645418,0.1326382010787808,0.5191876331074377,-0.3043126331074376,0.255472574115288,1.29,-0.1027111425436425,1.0859882632762927,-0.3238595640431784,0.0357102048576836,-0.0086702902593295,-0.0925422789805563,0,24.700000762939453,25.540000915527344,3.212500762939456,10.225,15.849999999999994,expiry_intrinsic,0.51125,1.9500000000000002,-615.5749999999996,-0.03517571428571426
LYV,2025-03-31,2025-05-01,1.0,132.01,144.68,-0.51,-9.22,-0.03,0.16,-0.22,2.0,-0.0067,0.0367,0.0875,0.2,0.0,0.0,0.0,1.0,3516946120.0,3962100000.0,3347000000.0,19.0,15877.6,5266.08,4156.32,4984.19,1.89,202.64,2.5,211.2,-16.27,-9.27,-24.0,1.08,-1.21,135.0,135.0,135.0,2025-05-16,4.3,7.4,11.7,8.666666666666666,3.125,4.6,7.725,147.68,12.680000000000007,0.48316,0.55145,0.517305,0.36609,29.231304549540404,-0.09755999999999998,2323.0,39.0,1.2598425196850394,16.0,0.0,1,8.666666666666666,2025-04-30,557.0,548.2550048828125,0.2148749999999999,0.2153629999999999,0.21975,0.0004879999999999,0.004875,0,0.24902,0.19048,0.0585399999999999,0.004875,0.2548750814794174,0.357750495898783,0.9083665338645418,0.1326382010787808,0.5191876331074377,-0.3043126331074376,0.255472574115288,1.29,-0.1027111425436425,1.0859882632762927,-0.3238595640431784,0.0357102048576836,-0.0086702902593295,-0.0925422789805563,0,24.700000762939453,25.540000915527344,3.212500762939456,11.7,12.680000000000007,expiry_intrinsic,0.585,1.9500000000000002,-158.45000000000073,-0.011737037037037091
MRNA,2025-03-31,2025-05-01,1.0,27.16,39.42,-0.48,-31.43,-3.1774,-2.9075,-3.6,12.0,-3.1708,-3.1418,-3.1411,-2.925,0.0,0.0,1.0,2.0,115320070.0,183000000.0,68000000.0,13.0,3907.78,470.38,2339.02,2192.85,-53.29,72.45,-49.89,-629.09,-9800.0,-3.38,6.94,22.77,-61.42,28.5,27.5,28.5,2025-05-02,1.54,1.51,3.05,10.701754385964913,0.01,1.0,1.01,27.61,0.8900000000000006,1.8002,1.81971,1.809955,0.62462,65.48974974515941,-1.0487549999999999,651.0,2811.0,0.6788364499851588,2.0,3.508771929824561,1,7.192982456140351,2025-04-30,557.0,548.2550048828125,0.2148749999999999,0.2153629999999999,0.21975,0.0004879999999999,0.004875,0,0.24902,0.19048,0.0585399999999999,0.004875,0.2548750814794174,0.357750495898783,0.9083665338645418,0.1326382010787808,0.5191876331074377,-0.3043126331074376,0.255472574115288,1.29,-0.1027111425436425,1.0859882632762927,-0.3238595640431784,0.0357102048576836,-0.0086702902593295,-0.0925422789805563,0,24.700000762939453,25.540000915527344,3.212500762939456,3.05,0.8900000000000006,expiry_intrinsic,0.1525,1.9500000000000002,198.79999999999995,0.06975438596491226
MSI,2025-03-31,2025-05-01,1.0,435.99,469.25,0.73,-6.41,3.0096,3.03,2.9951,11.0,3.0096,3.0096,3.0096,2.9401,0.0,0.0,0.0,1.0,2517417050.0,2530000000.0,2513000000.0,9.0,18223.2,16690.4,725.76,262.07,8.41,287.71,8.86,3.59,8.02,13.47,17.18,1.15,1.86,440.0,410.0,440.0,2025-05-16,12.95,11.7,24.65,5.6022727272727275,0.375,33.5,33.875,424.18,15.819999999999993,0.33682,0.33682,0.33682,0.21487499999999998,36.204797814856605,-0.07317000000000001,62.0,1.0,0.6444444444444445,16.0,6.818181818181824,0,-1.2159090909090962,2025-04-30,557.0,548.2550048828125,0.2148749999999999,0.2153629999999999,0.21975,0.0004879999999999,0.004875,0,0.24902,0.19048,0.0585399999999999,0.004875,0.2548750814794174,0.357750495898783,0.9083665338645418,0.1326382010787808,0.5191876331074377,-0.3043126331074376,0.255472574115288,1.29,-0.1027111425436425,1.0859882632762927,-0.3238595640431784,0.0357102048576836,-0.0086702902593295,-0.0925422789805563,0,24.700000762939453,25.540000915527344,3.212500762939456,24.65,15.819999999999993,expiry_intrinsic,1.2325,1.9500000000000002,757.8000000000005,0.017222727272727285
MTD,2025-03-31,2025-05-01,1.0,1156.38,1364.44,-8.63,-22.56,7.8929,8.03,7.8,12.0,7.8996,7.8896,7.8896,8.0048,0.0,0.0,2.0,2.0,875841560.0,888000000.0,865100000.0,10.0,33861.6,30632.8,1266.24,664.27,2.22,305.68,0.87,32.02,21.55,6.23,-2.16,-0.99,-1.3,1070.0,1100.0,1060.0,2025-05-16,52.4,41.25,93.65,8.752336448598133,57.5,14.5,72.0,1157.44,97.44000000000005,0.51243,0.53194,0.522185,0.33682500000000004,35.49699819029654,-0.11219499999999999,2.0,0.0,1.0,16.0,2.8037383177569986,1,5.948598130841134,2025-04-30,557.0,548.2550048828125,0.2148749999999999,0.2153629999999999,0.21975,0.0004879999999999,0.004875,0,0.24902,0.19048,0.0585399999999999,0.004875,0.2548750814794174,0.357750495898783,0.9083665338645418,0.1326382010787808,0.5191876331074377,-0.3043126331074376,0.255472574115288,1.29,-0.1027111425436425,1.0859882632762927,-0.3238595640431784,0.0357102048576836,-0.0086702902593295,-0.0925422789805563,0,24.700000762939453,25.540000915527344,3.212500762939456,93.65,97.44000000000005,expiry_intrinsic,4.6825,1.9500000000000002,-849.200000000005,-0.007936448598130889
PH,2025-03-31,2025-05-01,1.0,609.86,707.05,0.04,-13.71,6.7207,6.8437,6.65,17.0,6.7195,6.7155,6.7092,6.937,3.0,0.0,3.0,2.0,4987915810.0,5048996840.0,4950000000.0,16.0,16584.99,16102.94,414.36,387.97,-1.63,0.0,-0.45,77.23,-5.82,21.84,3.18,0.65,0.95,600.0,620.0,600.0,2025-05-16,24.549999999999997,21.05,45.599999999999994,7.599999999999999,26.35,7.199999999999999,33.55,680.4,80.39999999999998,0.42462,0.4734,0.44901,0.28803999999999996,35.849981069463944,-0.08292,59.0,1.0,1.3319327731092436,16.0,3.3333333333333437,1,4.266666666666655,2025-04-30,557.0,548.2550048828125,0.2148749999999999,0.2153629999999999,0.21975,0.0004879999999999,0.004875,0,0.24902,0.19048,0.0585399999999999,0.004875,0.2548750814794174,0.357750495898783,0.9083665338645418,0.1326382010787808,0.5191876331074377,-0.3043126331074376,0.255472574115288,1.29,-0.1027111425436425,1.0859882632762927,-0.3238595640431784,0.0357102048576836,-0.0086702902593295,-0.0925422789805563,0,24.700000762939453,25.540000915527344,3.212500762939456,45.599999999999994,80.39999999999998,expiry_intrinsic,2.28,1.9500000000000002,-3709.949999999998,-0.061832499999999964
HII,2025-03-31,2025-05-01,1.0,202.2,197.26,12.5,15.32,2.8077,3.1171,2.15,9.0,2.8259,2.8248,2.8248,3.2536,1.0,0.0,2.0,2.0,2786572880.0,2839000000.0,2728000000.0,9.0,28276.0,29995.04,-52.52,3013.65,0.71,319.61,1.7,-54.35,23.05,-17.84,-14.26,-1.8,-0.81,230.0,230.0,230.0,2025-05-16,11.25,10.45,21.7,9.434782608695652,6.55,5.05,11.6,230.05,0.05000000000001137,0.56121,0.56121,0.56121,0.322185,42.59100871331587,-0.15610000000000002,725.0,116.0,0.7312925170068028,16.0,0.0,1,9.434782608695652,2025-04-30,557.0,548.2550048828125,0.2148749999999999,0.2153629999999999,0.21975,0.0004879999999999,0.004875,0,0.24902,0.19048,0.0585399999999999,0.004875,0.2548750814794174,0.357750495898783,0.9083665338645418,0.1326382010787808,0.5191876331074377,-0.3043126331074376,0.255472574115288,1.29,-0.1027111425436425,1.0859882632762927,-0.3238595640431784,0.0357102048576836,-0.0086702902593295,-0.0925422789805563,0,24.700000762939453,25.540000915527344,3.212500762939456,21.7,0.05000000000001137,expiry_intrinsic,1.085,1.9500000000000002,2054.549999999999,0.08932826086956516
XYZ,2025-03-31,2025-05-01,0.0,55.41,90.82,5.54,-35.61,0.9441,1.2698,0.5542,27.0,0.9445,0.9394,0.9589,0.9976,0.0,0.0,0.0,5.0,6181380630.0,6825537000.0,5592274130.0,27.0,5410.37,5645.28,-402.01,407.63,10.06,303.65,10.91,57.78,-19.32,443.64,41.01,3.4,0.81,59.0,46.5,59.0,2025-05-02,2.8550000000000004,3.325,6.180000000000001,10.474576271186443,0.01,12.95,12.959999999999999,46.53,12.469999999999999,1.79044,1.77093,1.780685,0.497795,72.04474682495781,-1.1463100000000002,1016.0,117.0,0.5920561963403,2.0,21.1864406779661,0,-10.711864406779657,2025-04-30,557.0,548.2550048828125,0.2148749999999999,0.2153629999999999,0.21975,0.0004879999999999,0.004875,0,0.24902,0.19048,0.0585399999999999,0.004875,0.2548750814794174,0.357750495898783,0.9083665338645418,0.1326382010787808,0.5191876331074377,-0.3043126331074376,0.255472574115288,1.29,-0.1027111425436425,1.0859882632762927,-0.3238595640431784,0.0357102048576836,-0.0086702902593295,-0.0925422789805563,0,24.700000762939453,25.540000915527344,3.212500762939456,6.180000000000001,12.469999999999999,expiry_intrinsic,0.30900000000000005,1.9500000000000002,-661.8499999999999,-0.1121779661016949
AJG,2025-03-31,2025-05-01,0.0,343.86,301.82,-7.63,5.24,3.5799,3.65,3.5073,12.0,3.5776,3.5965,3.5577,3.741,3.0,0.0,8.0,5.0,3721833330.0,3748000000.0,3695500000.0,3.0,5928.8,5681.28,-835.63,1239.53,14.72,311.68,15.14,15.14,-5.75,42.24,22.75,0.07,1.29,320.0,330.0,320.0,2025-05-16,8.2,7.550000000000001,15.75,4.921875,14.45,2.525,16.974999999999998,342.24,22.24000000000001,0.27829,0.30755,0.29291999999999996,0.253895,13.322750238973091,-0.014629999999999976,39.0,8.0,2.4440677966101694,16.0,3.125,1,1.796875,2025-04-30,557.0,548.2550048828125,0.2148749999999999,0.2153629999999999,0.21975,0.0004879999999999,0.004875,0,0.24902,0.19048,0.0585399999999999,0.004875,0.2548750814794174,0.357750495898783,0.9083665338645418,0.1326382010787808,0.5191876331074377,-0.3043126331074376,0.255472574115288,1.29,-0.1027111425436425,1.0859882632762927,-0.3238595640431784,0.0357102048576836,-0.0086702902593295,-0.0925422789805563,0,24.700000762939453,25.540000915527344,3.212500762939456,15.75,22.24000000000001,expiry_intrinsic,0.7875000000000001,1.9500000000000002,-729.700000000001,-0.022803125000000028
APD,2025-03-31,2025-05-01,0.0,293.45,335.26,-7.26,-18.82,2.8274,2.8744,2.797,15.0,2.8265,2.8309,2.829,3.0712,0.0,0.0,1.0,2.0,2931202590.0,3140143130.0,2790000000.0,13.0,3507.36,1919.49,398.41,705.12,-2.19,0.0,-3.68,18.52,23.08,3.47,-3.52,0.14,-0.31,270.0,280.0,270.0,2025-05-16,10.45,8.649999999999999,19.099999999999998,7.074074074074073,11.15,2.5,13.65,278.93,8.930000000000007,0.42462,0.41487,0.41974500000000003,0.24902,40.67350415132998,-0.09267500000000001,125.0,11.0,2.1845906902086676,16.0,3.703703703703698,1,3.3703703703703747,2025-04-30,557.0,548.2550048828125,0.2148749999999999,0.2153629999999999,0.21975,0.0004879999999999,0.004875,0,0.24902,0.19048,0.0585399999999999,0.004875,0.2548750814794174,0.357750495898783,0.9083665338645418,0.1326382010787808,0.5191876331074377,-0.3043126331074376,0.255472574115288,1.29,-0.1027111425436425,1.0859882632762927,-0.3238595640431784,0.0357102048576836,-0.0086702902593295,-0.0925422789805563,0,24.700000762939453,25.540000915527344,3.212500762939456,19.099999999999998,8.930000000000007,expiry_intrinsic,0.955,1.9500000000000002,919.549999999999,0.03405740740740737
BR,2025-03-31,2025-05-01,1.0,244.72,238.22,-6.83,-4.29,2.4117,2.44,2.3719,7.0,2.4103,2.4073,2.4073,2.4329,2.0,0.0,2.0,0.0,1864222670.0,1883300000.0,1844000000.0,6.0,44287.97,39000.71,1998.08,2356.03,13.11,0.0,7.49,0.0,89.1,37.58,69.37,3.15,4.41,240.0,230.0,240.0,2025-05-16,7.25,5.25,12.5,5.208333333333334,1.25,8.5,9.75,241.21,1.210000000000008,0.28804,0.32707,0.307555,0.22950500000000001,25.377574742728942,-0.029270000000000018,25.0,6.0,1.0714285714285714,16.0,4.1666666666666625,1,1.0416666666666714,2025-04-30,557.0,548.2550048828125,0.2148749999999999,0.2153629999999999,0.21975,0.0004879999999999,0.004875,0,0.24902,0.19048,0.0585399999999999,0.004875,0.2548750814794174,0.357750495898783,0.9083665338645418,0.1326382010787808,0.5191876331074377,-0.3043126331074376,0.255472574115288,1.29,-0.1027111425436425,1.0859882632762927,-0.3238595640431784,0.0357102048576836,-0.0086702902593295,-0.0925422789805563,0,24.700000762939453,25.540000915527344,3.212500762939456,12.5,1.210000000000008,expiry_intrinsic,0.625,1.9500000000000002,1064.549999999999,0.04435624999999996
ES,2025-03-31,2025-05-01,0.0,62.09,57.68,-4.85,2.43,1.5098,1.5768,1.47,14.0,1.5252,1.5191,1.5181,1.5475,0.0,0.0,1.0,6.0,3771902700.0,4137519690.0,3573957000.0,5.0,3632.8,3508.16,49.81,67.99,-0.08,288.51,-1.41,-25.74,-10.62,195.93,12.77,-9.57,2.6,60.0,60.0,60.0,2025-05-16,0.9750000000000001,1.2,2.175,3.6249999999999996,0.325,1.9500000000000002,2.2750000000000004,63.2,3.200000000000003,0.23926,0.20024,0.21975,0.22463,-2.2207053469852087,-0.07316500000000001,1849.0,53.0,1.1830985915492958,16.0,0.0,1,3.6249999999999996,2025-04-30,557.0,548.2550048828125,0.2148749999999999,0.2153629999999999,0.21975,0.0004879999999999,0.004875,0,0.24902,0.19048,0.0585399999999999,0.004875,0.2548750814794174,0.357750495898783,0.9083665338645418,0.1326382010787808,0.5191876331074377,-0.3043126331074376,0.255472574115288,1.29,-0.1027111425436425,1.0859882632762927,-0.3238595640431784,0.0357102048576836,-0.0086702902593295,-0.0925422789805563,0,24.700000762939453,25.540000915527344,3.212500762939456,2.175,3.200000000000003,expiry_intrinsic,0.10875,1.9500000000000002,-115.3250000000003,-0.019220833333333385
ED,2025-03-31,2025-05-01,1.0,110.06,93.74,2.27,20.08,2.1933,2.28,2.066,10.0,2.118,2.0503,2.025,2.0232,3.0,0.0,2.0,0.0,4452310220.0,4558925420.0,4291000000.0,4.0,4730.43,4520.0,153.82,71.81,4.16,272.83,3.88,-2.0,-41.67,-9.6,18.27,2.82,2.14,110.0,110.0,110.0,2025-05-16,3.425,1.075,4.5,4.090909090909091,1.5,1.9,3.4,104.29,5.709999999999994,0.16122,0.23926,0.20024,0.195365,2.4345785057930436,0.01951,3245.0,5.0,3.6066350710900474,16.0,0.0,1,4.090909090909091,2025-04-30,557.0,548.2550048828125,0.2148749999999999,0.2153629999999999,0.21975,0.0004879999999999,0.004875,0,0.24902,0.19048,0.0585399999999999,0.004875,0.2548750814794174,0.357750495898783,0.9083665338645418,0.1326382010787808,0.5191876331074377,-0.3043126331074376,0.255472574115288,1.29,-0.1027111425436425,1.0859882632762927,-0.3238595640431784,0.0357102048576836,-0.0086702902593295,-0.0925422789805563,0,24.700000762939453,25.540000915527344,3.212500762939456,4.5,5.709999999999994,expiry_intrinsic,0.225,1.9500000000000002,-145.44999999999936,-0.013222727272727214
CPT,2025-03-31,2025-05-01,1.0,121.92,113.71,-5.82,0.98,0.2519,0.3467,0.1571,2.0,0.3467,0.3467,0.0,0.6769,0.0,0.0,0.0,1.0,389178130.0,393000000.0,384515980.0,8.0,29215.2,29252.64,150.56,241.77,0.12,298.69,0.18,-81.77,8.82,-21.1,-8.2,-0.93,-1.75,115.0,120.0,115.0,2025-05-16,2.1750000000000003,3.525,5.7,4.9565217391304355,6.800000000000001,1.45,8.25,119.63,4.6299999999999955,0.27829,0.31731,0.29779999999999995,0.21,29.48287441235728,-0.04878499999999997,44.0,0.0,1.0,16.0,4.347826086956519,1,0.6086956521739166,2025-04-30,557.0,548.2550048828125,0.2148749999999999,0.2153629999999999,0.21975,0.0004879999999999,0.004875,0,0.24902,0.19048,0.0585399999999999,0.004875,0.2548750814794174,0.357750495898783,0.9083665338645418,0.1326382010787808,0.5191876331074377,-0.3043126331074376,0.255472574115288,1.29,-0.1027111425436425,1.0859882632762927,-0.3238595640431784,0.0357102048576836,-0.0086702902593295,-0.0925422789805563,0,24.700000762939453,25.540000915527344,3.212500762939456,5.7,4.6299999999999955,expiry_intrinsic,0.28500000000000003,1.9500000000000002,76.55000000000047,0.006656521739130475
CLX,2025-03-31,2025-05-05,0.0,143.86,148.21,-3.8,-6.63,1.5575,1.64,1.4833,15.0,1.5575,1.5813,1.6002,1.655,1.0,0.0,2.0,9.0,1717033340.0,1755370000.0,1659000000.0,9.0,26776.8,26205.44,-75.6,755.64,-15.28,0.0,-4.57,15.05,-30.52,41.89,64.06,0.25,24.09,140.0,135.0,140.0,2025-05-16,4.25,5.0,9.25,6.607142857142858,1.125,5.55,6.675,136.27,3.7299999999999898,0.42462,0.42462,0.42462,0.263655,37.90801186943621,-0.141455,951.0,32.0,1.2054380664652569,14.0,3.57142857142857,1,3.035714285714288,2025-05-02,568.0,560.3365478515625,0.19048,0.1910269444444444,0.20024,0.0005469444444444,0.0097599999999999,0,0.22951,0.16122,0.0682899999999999,0.004885,0.1699051106876117,0.2845118747654533,0.8725099601593626,0.0939864331718626,0.5218758149043541,-0.3313958149043541,0.1800934829468728,1.31,0.1618301286164293,2.4637020795254982,-0.2001298442202788,0.0292750540196651,0.0039679493278304,-0.0725452167537121,0,22.68000030517578,24.0,3.632000305175779,9.25,3.7299999999999898,expiry_intrinsic,0.4625,1.9500000000000002,503.800000000001,0.03598571428571436
IT,2025-03-31,2025-05-06,0.0,383.24,541.11,12.96,-19.99,2.7163,2.88,2.58,10.0,2.7163,2.7486,2.7546,2.9896,1.0,0.0,2.0,4.0,1534832130.0,1553141000.0,1515718000.0,8.0,53544.8,46687.84,2472.21,2874.87,6.1,322.25,5.79,68.09,104.4,16.98,-6.52,-0.06,-2.49,430.0,440.0,430.0,2025-05-16,15.8,17.700000000000003,33.5,7.790697674418605,14.3,5.65,19.950000000000003,448.29,18.29000000000002,0.57096,0.55145,0.561205,0.30755,45.19827870386044,-0.19999499999999992,14.0,19.0,0.3333333333333333,11.0,2.3255813953488413,1,5.465116279069764,2025-05-05,564.0,557.1234130859375,0.2023314285714285,0.2013233333333333,0.206091,-0.0010080952380952,0.0037595714285714,0,0.2392599999999999,0.16122,0.0780399999999999,-0.0020914285714285,0.2111846982898029,0.3200922103683053,0.8884462151394422,0.1220363236406758,0.4890554948507348,-0.2867240662793063,0.2495347152329259,1.17,-0.7625485441324559,0.9551155971842396,-0.8170054631974638,0.022982822281431,0.0499533336692112,-0.0778635155850482,0,23.63999938964844,24.549999237060547,3.406856532505582,33.5,18.29000000000002,expiry_intrinsic,1.675,1.9500000000000002,1351.549999999998,0.03143139534883716
AIZ,2025-03-31,2025-05-06,1.0,187.01,214.82,5.78,-7.91,2.7765,3.05,2.5389,6.0,2.8218,2.8818,4.7106,4.7806,0.0,0.0,0.0,2.0,3064985750.0,3101700000.0,3010400000.0,4.0,45141.6,40863.84,2244.48,327.45,6.7,300.23,7.11,4.59,59.67,13.19,14.94,-0.64,0.56,195.0,195.0,195.0,2025-05-16,5.699999999999999,4.05,9.75,5.0,4.75,,,202.33,7.3300000000000125,0.35633,0.35633,0.35633,0.161215,54.75682653719866,-0.07804499999999998,1.0,0.0,1.5,11.0,0.0,1,5.0,2025-05-05,564.0,557.1234130859375,0.2023314285714285,0.2013233333333333,0.206091,-0.0010080952380952,0.0037595714285714,0,0.2392599999999999,0.16122,0.0780399999999999,-0.0020914285714285,0.2111846982898029,0.3200922103683053,0.8884462151394422,0.1220363236406758,0.4890554948507348,-0.2867240662793063,0.2495347152329259,1.17,-0.7625485441324559,0.9551155971842396,-0.8170054631974638,0.022982822281431,0.0499533336692112,-0.0778635155850482,0,23.63999938964844,24.549999237060547,3.406856532505582,9.75,7.3300000000000125,expiry_intrinsic,0.48750000000000004,1.9500000000000002,191.29999999999876,0.009810256410256346
AEP,2025-03-31,2025-05-06,1.0,104.48,99.39,2.83,8.1,1.4018,1.45,1.34,14.0,1.4018,1.4005,1.4209,1.4305,4.0,0.0,2.0,3.0,5182920060.0,5695000000.0,4614900000.0,5.0,2930.27,2815.35,190.57,171.16,2.76,262.89,3.09,0.81,-32.97,12.33,15.21,2.9,2.58,105.0,105.0,105.0,2025-05-16,3.15,2.0,5.15,4.904761904761905,2.625,0.8,3.425,103.04,1.9599999999999937,0.21,0.42462,0.31731,0.180725,43.04465664492137,-0.107315,1523.0,177.0,0.10471567267683772,11.0,0.0,1,4.904761904761905,2025-05-05,564.0,557.1234130859375,0.2023314285714285,0.2013233333333333,0.206091,-0.0010080952380952,0.0037595714285714,0,0.2392599999999999,0.16122,0.0780399999999999,-0.0020914285714285,0.2111846982898029,0.3200922103683053,0.8884462151394422,0.1220363236406758,0.4890554948507348,-0.2867240662793063,0.2495347152329259,1.17,-0.7625485441324559,0.9551155971842396,-0.8170054631974638,0.022982822281431,0.0499533336692112,-0.0778635155850482,0,23.63999938964844,24.549999237060547,3.406856532505582,5.15,1.9599999999999937,expiry_intrinsic,0.2575,1.9500000000000002,291.3000000000007,0.027742857142857208
CF,2025-03-31,2025-05-07,1.0,72.04,84.12,12.01,-4.08,1.5053,1.78,1.254,10.0,1.5032,1.4922,1.6997,1.5896,3.0,0.0,4.0,3.0,1536225940.0,1688140000.0,1456800000.0,9.0,-3647.2,-5983.36,1097.81,186.78,-10.48,333.28,-11.49,19.62,21.94,-13.5,-25.89,-5.25,-6.12,82.5,81.0,82.0,2025-05-09,2.725,1.95,4.675,5.666666666666666,0.325,1.15,1.4749999999999999,82.41,0.4099999999999966,0.92217,0.65876,0.790465,0.449015,43.19609343867217,-0.45364499999999996,147.0,285.0,0.03268929131612719,3.0,1.8181818181818188,1,3.8484848484848473,2025-05-06,559.0,552.4666748046875,0.21,0.209995,0.2125976666666666,-5.000000000005e-06,0.0025976666666666,0,0.24902,0.1723642857142857,0.0766557142857142,0.0006921428571428,0.2378950196794562,0.3431147804642684,0.896414342629482,0.1501210677372938,0.4353753315906758,-0.2253753315906758,0.3448083913914356,1.16,-0.7688286814230638,1.045607903726498,-0.6749617532230642,0.0080818153641473,0.1059212807534855,-0.0855712301894783,0,24.760000228881836,25.40999984741211,3.760000228881836,4.675,0.4099999999999966,expiry_intrinsic,0.23375,1.9500000000000002,401.17500000000035,0.04862727272727277
APP,2025-03-31,2025-05-07,1.0,232.22,380.63,30.68,-20.27,1.955,2.02,1.89,2.0,1.955,1.955,1.955,0.0,2.0,0.0,2.0,0.0,1378516170.0,1426000000.0,1273018350.0,19.0,12068.0,8268.0,2018.67,340.98,43.44,463.86,30.3,253.06,17.69,104.58,189.02,7.48,20.04,305.0,340.0,305.0,2025-05-09,30.549999999999997,30.75,61.3,20.098360655737704,35.25,0.3,35.55,328.54,23.54000000000002,2.7953,2.78554,2.79042,0.9416850000000001,66.25292966650181,-1.6828850000000002,546.0,299.0,0.7461307461307461,3.0,11.475409836065564,1,8.62295081967214,2025-05-06,559.0,552.4666748046875,0.21,0.209995,0.2125976666666666,-5.000000000005e-06,0.0025976666666666,0,0.24902,0.1723642857142857,0.0766557142857142,0.0006921428571428,0.2378950196794562,0.3431147804642684,0.896414342629482,0.1501210677372938,0.4353753315906758,-0.2253753315906758,0.3448083913914356,1.16,-0.7688286814230638,1.045607903726498,-0.6749617532230642,0.0080818153641473,0.1059212807534855,-0.0855712301894783,0,24.760000228881836,25.40999984741211,3.760000228881836,61.3,23.54000000000002,expiry_intrinsic,3.065,1.9500000000000002,3467.549999999998,0.11369016393442616
TTD,2025-03-31,2025-05-08,1.0,45.27,117.29,32.32,-48.93,0.2477,0.31,0.19,21.0,0.2497,0.2507,0.2527,0.3087,0.0,0.0,1.0,1.0,575280010.0,580000000.0,565380000.0,33.0,-7542.08,-7665.01,94.89,55.2,25.63,289.29,26.24,43.9,43.9,83.22,113.07,-0.52,7.17,56.0,71.0,56.0,2025-05-09,4.375,3.875,8.25,14.732142857142858,15.075,0.01,15.084999999999999,71.04,15.040000000000006,2.49287,2.48311,2.48799,0.52706,78.81583125334105,-1.7024,855.0,220.0,0.5658344733242134,2.0,26.785714285714278,0,-12.05357142857142,2025-05-07,562.0,554.7901611328125,0.20512,0.2034916666666666,0.209995,-0.0016283333333333,0.004875,0,0.23926,0.17097,0.0682899999999999,-5.000000000005e-06,0.1934799293289859,0.3284640540395647,0.8844621513944223,0.1506097190962795,0.4347294498816226,-0.2296094498816226,0.346444712078491,1.12,-1.143339865102326,0.8811621319499504,-0.7408322202591715,0.0119199208247937,0.1125540140003114,-0.0817254547941568,0,23.549999237060547,24.700000762939453,3.0379992370605464,8.25,15.040000000000006,expiry_intrinsic,0.41250000000000003,1.9500000000000002,-722.2000000000006,-0.12896428571428584
KEYS,2025-04-30,2025-05-20,1.0,135.46,185.11,20.18,-12.05,1.6464,1.66,1.6348,12.0,1.6467,1.6467,1.6467,1.5943,0.0,0.0,0.0,1.0,1282001720.0,1290406720.0,1279000000.0,10.0,3131.68,5399.55,-937.07,1139.8,3.1,,-7.44,-40.49,-41.21,-10.09,-1.36,-1.41,-0.75,165.0,165.0,165.0,2025-06-20,6.55,8.100000000000001,14.650000000000002,8.87878787878788,4.35,6.4,10.75,159.36,5.639999999999986,0.37584,0.37584,0.37584,0.283165,24.65809919114517,-0.04876999999999998,152.0,36.0,1.8942857142857144,32.0,0.0,1,8.87878787878788,2025-05-19,600.0,588.108154296875,0.1514599999999999,0.156335,0.161215,0.004875,0.009755,0,0.19048,0.13195,0.05853,0.009755,0.0339901477832511,0.1673661073285798,0.6653386454183267,0.0424799935878519,0.1910027233211554,-0.0395427233211554,0.2224051722886971,1.05,-0.8680779961407475,1.4513831048177015,-0.2787463160895486,0.0203433002737452,0.1300126938676329,-0.0009554392070569,1,18.13999938964844,20.690000534057617,2.9939993896484385,14.650000000000002,5.639999999999986,expiry_intrinsic,0.7325000000000002,1.9500000000000002,825.8000000000015,0.05004848484848494
CPRT,2025-04-30,2025-05-22,1.0,60.41,56.59,0.41,7.19,0.4167,0.4305,0.41,6.0,0.4167,0.4167,0.4167,0.4202,0.0,0.0,0.0,3.0,1228817830.0,1269000000.0,1199990000.0,6.0,-21065.44,-21092.54,4.33,76.19,14.03,,12.25,21.21,33.33,13.04,12.19,0.08,-0.6,62.5,55.0,62.5,2025-06-20,1.475,2.575,4.050000000000001,6.480000000000001,0.1,9.100000000000001,9.200000000000001,47.97,14.530000000000001,0.28804,0.26853,0.278285,0.24414,12.269795353684176,-0.029270000000000018,2042.0,144.0,2.431761786600496,30.0,12.0,0,-5.519999999999999,2025-05-21,585.0,576.2540893554688,0.170975,0.17585,0.180725,0.004875,0.00975,0,0.21975,0.1417,0.07805,0.00975,0.141441158503967,0.2259540020372057,0.7928286852589641,0.1488927811079401,0.1660429890178854,0.0049320109821145,0.8967122429475297,1.09,-0.2427297135137092,1.4152428822971703,-0.2505792385182425,-0.0080498299794126,0.1054717846923134,-0.0201562669294708,1,20.8700008392334,22.65999984741211,3.7725008392333983,4.050000000000001,14.530000000000001,expiry_intrinsic,0.20250000000000004,1.9500000000000002,-1070.2,-0.171232
SNPS,2025-04-30,2025-05-28,1.0,443.97,454.71,4.16,1.7,3.3971,3.44,3.36,14.0,3.3971,3.3971,3.4,3.3671,1.0,0.0,9.0,4.0,1599702640.0,1606500000.0,1583712000.0,14.0,7668.67,6797.77,541.45,343.71,-3.83,,7.17,-14.89,-10.88,-32.96,-11.49,0.48,-1.97,510.0,450.0,510.0,2025-06-20,25.5,21.700000000000003,47.2,9.254901960784315,2.15,57.05,59.199999999999996,470.53,39.47000000000003,0.45389,0.44414,0.449015,0.370965,17.38249278977317,-0.07805000000000001,556.0,29.0,0.8855218855218855,24.0,11.764705882352944,0,-2.509803921568629,2025-05-27,595.0,584.4501342773438,0.1521571428571428,0.15934,0.166095,0.0071828571428571,0.0139378571428571,0,0.1988457142857143,0.13195,0.0668957142857142,0.0132407142857143,0.065807101304633,0.1694590682463946,0.6733067729083665,0.219227293224757,0.1655542031401606,-0.0133970602830177,1.3242025213890587,1.2,0.7258518207307627,1.0390095836864524,-0.3366779357515375,-0.0062199784050004,0.073568993199907,-0.0062199784050004,1,18.959999084472656,21.290000915527344,3.744284798758372,47.2,39.47000000000003,expiry_intrinsic,2.3600000000000003,1.9500000000000002,535.0499999999975,0.010491176470588186
NDSN,2025-04-30,2025-05-28,1.0,188.7,209.5,3.73,-6.57,2.3588,2.4,2.3,8.0,2.3525,2.3525,2.3588,2.42,1.0,0.0,1.0,0.0,671912500.0,689600000.0,653000000.0,8.0,3297.38,3494.14,-67.07,266.91,-2.81,,-0.23,-6.79,-25.9,-6.84,-11.6,-0.45,-2.28,195.0,210.0,195.0,2025-06-20,8.0,5.35,13.35,6.846153846153847,15.75,1.625,17.375,209.55,14.550000000000011,0.2978,0.34658,0.32219,0.273405,15.141686582451339,-0.029270000000000018,14.0,0.0,0.32432432432432434,24.0,7.692307692307687,0,-0.8461538461538405,2025-05-27,595.0,584.4501342773438,0.1521571428571428,0.15934,0.166095,0.0071828571428571,0.0139378571428571,0,0.1988457142857143,0.13195,0.0668957142857142,0.0132407142857143,0.065807101304633,0.1694590682463946,0.6733067729083665,0.219227293224757,0.1655542031401606,-0.0133970602830177,1.3242025213890587,1.2,0.7258518207307627,1.0390095836864524,-0.3366779357515375,-0.0062199784050004,0.073568993199907,-0.0062199784050004,1,18.959999084472656,21.290000915527344,3.744284798758372,13.35,14.550000000000011,expiry_intrinsic,0.6675,1.9500000000000002,-188.70000000000115,-0.009676923076923137
A,2025-04-30,2025-05-28,1.0,106.87,127.08,3.75,-12.75,1.2643,1.28,1.25,16.0,1.2674,1.2674,1.269,1.3055,0.0,0.0,0.0,1.0,1626416580.0,1640360670.0,1611000000.0,15.0,5662.59,5712.59,-23.3,186.51,1.39,,-4.26,1.55,-10.27,-4.11,-2.08,-1.28,-0.79,110.0,115.0,110.0,2025-06-20,5.449999999999999,3.9,9.35,8.5,5.65,2.05,7.7,115.56,5.560000000000002,0.40511,0.41487,0.40999,0.31243,23.79570233420328,-0.029270000000000018,1092.0,943.0,0.0959830866807611,24.0,4.545454545454541,1,3.9545454545454586,2025-05-27,595.0,584.4501342773438,0.1521571428571428,0.15934,0.166095,0.0071828571428571,0.0139378571428571,0,0.1988457142857143,0.13195,0.0668957142857142,0.0132407142857143,0.065807101304633,0.1694590682463946,0.6733067729083665,0.219227293224757,0.1655542031401606,-0.0133970602830177,1.3242025213890587,1.2,0.7258518207307627,1.0390095836864524,-0.3366779357515375,-0.0062199784050004,0.073568993199907,-0.0062199784050004,1,18.959999084472656,21.290000915527344,3.744284798758372,9.35,5.560000000000002,expiry_intrinsic,0.4675,1.9500000000000002,330.2999999999997,0.0300272727272727
BBY,2025-04-30,2025-05-29,1.0,66.68,89.91,-0.54,-26.24,1.0948,1.1985,1.04,21.0,1.0881,1.0768,1.08,1.2359,4.0,0.0,6.0,0.0,8816159870.0,8996012830.0,8719581000.0,21.0,5666.4,5652.2,-18.52,202.73,,,-4.26,-25.0,104.76,,,,,71.0,66.0,71.0,2025-05-30,2.86,2.63,5.49,7.732394366197183,0.04,4.725,4.765,66.28,4.719999999999999,1.2246,1.37094,1.2977699999999999,0.35633,72.54290051395856,-0.8731449999999998,272.0,229.0,1.0526483320600968,2.0,7.042253521126762,1,0.6901408450704212,2025-05-28,590.0,581.06884765625,0.161215,0.1645934615384615,0.1748053571428571,0.0033784615384615,0.0135903571428571,0,0.20024,0.13195,0.0682899999999999,0.0048799999999999,0.1228162454256915,0.1966525491877982,0.7091633466135459,0.221381014073049,0.1683281164055086,-0.0071131164055086,1.315175496526879,0.95,-1.373722663091835,0.5873470512943576,-0.4366677548343357,-0.0086363166821615,0.0669511202601682,-0.011969408329393,1,19.309999465942383,21.670000076293945,3.1884994659423818,5.49,4.719999999999999,expiry_intrinsic,0.2745,1.9500000000000002,47.60000000000013,0.006704225352112694
ULTA,2025-04-30,2025-05-29,1.0,390.25,366.36,8.08,15.13,5.801,6.16,5.48,23.0,5.7769,5.767,5.767,6.1934,4.0,0.0,6.0,2.0,2791986940.0,2851102770.0,2758200000.0,24.0,21818.4,21238.96,1044.59,1034.58,,,2.03,51.07,77.82,,,,,417.5,470.0,417.5,2025-05-30,14.149999999999999,14.0,28.15,6.74251497005988,53.9,0.03,53.93,471.46,53.95999999999998,1.16607,1.11729,1.14168,0.307555,73.06119052624203,-0.7463200000000001,27.0,5.0,1.359560067681895,2.0,12.574850299401197,0,-5.8323353293413165,2025-05-28,590.0,581.06884765625,0.161215,0.1645934615384615,0.1748053571428571,0.0033784615384615,0.0135903571428571,0,0.20024,0.13195,0.0682899999999999,0.0048799999999999,0.1228162454256915,0.1966525491877982,0.7091633466135459,0.221381014073049,0.1683281164055086,-0.0071131164055086,1.315175496526879,0.95,-1.373722663091835,0.5873470512943576,-0.4366677548343357,-0.0086363166821615,0.0669511202601682,-0.011969408329393,1,19.309999465942383,21.670000076293945,3.1884994659423818,28.15,53.95999999999998,expiry_intrinsic,1.4075,1.9500000000000002,-2723.699999999998,-0.06523832335329337
MKC,2025-05-31,2025-06-26,1.0,71.8,81.46,8.04,-4.78,0.6528,0.68,0.62,11.0,0.6605,0.6704,0.6774,0.6885,0.0,0.0,0.0,4.0,1661408640.0,1681000000.0,1646516000.0,8.0,-18187.36,-17655.42,-297.71,504.64,0.17,,-0.37,-4.76,-25.0,1.3,-4.74,0.23,-0.72,75.0,75.0,75.0,2025-07-18,1.4,3.0,4.4,5.866666666666667,2.05,0.825,2.875,71.42,3.5799999999999983,0.25877,0.31731,0.28803999999999996,0.18073,37.25524232745451,-0.04389999999999997,3301.0,1091.0,0.5260840108401084,23.0,0.0,1,5.866666666666667,2025-06-25,610.0,602.0135498046875,0.13195,0.1479742857142857,0.1514599999999999,0.0160242857142857,0.0195099999999999,0,0.16122,0.12219,0.03903,0.0097549999999999,0.0,0.1087932236101431,0.4063745019920319,0.0978361430236308,0.1185447991635977,0.0134052008364022,0.8253094502156276,1.09,-0.1642821851681879,0.8095045111691945,-0.4641036002312083,0.0190529433017558,0.0514666329517017,0.0,1,16.760000228881836,19.670000076293945,3.5650002288818357,4.4,3.5799999999999983,expiry_intrinsic,0.22000000000000003,1.9500000000000002,58.0500000000002,0.007740000000000027
DPZ,2025-06-30,2025-07-21,0.0,447.28,486.14,3.34,-4.92,3.9584,4.29,3.77,21.0,3.9603,3.9436,3.977,3.9865,0.0,0.0,0.0,2.0,1142302020.0,1174000000.0,1120874000.0,25.0,12030.69,11038.14,76.76,588.44,2.53,-76.37,4.99,20.95,-11.45,12.16,-0.26,0.96,-0.53,470.0,480.0,470.0,2025-08-15,18.5,18.55,37.05,7.882978723404255,18.9,7.05,25.95,451.26,18.74000000000001,0.3856,0.33682,0.36121000000000003,0.234385,35.11115417624097,-0.07804500000000003,279.0,161.0,0.8901890189018902,28.0,2.127659574468077,1,5.755319148936178,2025-07-18,630.0,622.301513671875,0.13195,0.1458828571428571,0.1508861764705882,0.0139328571428571,0.0189361764705882,0,0.1640057142857142,0.12219,0.0418157142857142,0.0111478571428571,0.0952721829954769,0.1087932236101431,0.3545816733067729,0.0629294736645928,0.0767719034969805,0.0551780965030195,0.8196940651219874,1.17,0.0767479022590774,0.9353493467391604,-0.3588839823528439,0.0063500269902057,0.0533952090184737,-0.0007324129021104,1,16.40999984741211,19.579999923706055,3.214999847412109,37.05,18.74000000000001,expiry_intrinsic,1.8525,1.9500000000000002,1643.7999999999988,0.03497446808510636
NXPI,2025-06-30,2025-07-21,1.0,209.0,174.66,9.22,30.69,2.6643,2.7127,2.6555,22.0,2.6647,2.6792,2.6705,2.677,0.0,0.0,12.0,10.0,2898025420.0,2930000000.0,2800000000.0,24.0,7406.69,7253.07,98.49,28.43,-9.31,-77.52,-5.66,-18.52,-16.98,-15.99,-15.54,-2.01,-1.88,230.0,230.0,230.0,2025-08-15,9.25,12.100000000000001,21.35,9.282608695652174,7.45,9.100000000000001,16.55,228.78,1.2199999999999989,0.43438,0.41487,0.42462500000000003,0.35145499999999996,17.231675007359453,-0.029270000000000018,331.0,356.0,0.9723653395784543,28.0,0.0,1,9.282608695652174,2025-07-18,630.0,622.301513671875,0.13195,0.1458828571428571,0.1508861764705882,0.0139328571428571,0.0189361764705882,0,0.1640057142857142,0.12219,0.0418157142857142,0.0111478571428571,0.0952721829954769,0.1087932236101431,0.3545816733067729,0.0629294736645928,0.0767719034969805,0.0551780965030195,0.8196940651219874,1.17,0.0767479022590774,0.9353493467391604,-0.3588839823528439,0.0063500269902057,0.0533952090184737,-0.0007324129021104,1,16.40999984741211,19.579999923706055,3.214999847412109,21.35,1.2199999999999989,expiry_intrinsic,1.0675000000000001,1.9500000000000002,1904.3000000000004,0.08279565217391306
ROP,2025-06-30,2025-07-21,1.0,561.99,551.3,-1.79,0.11,4.8331,4.87,4.78,14.0,4.8331,4.8323,4.8566,4.8658,0.0,0.0,3.0,10.0,1924751080.0,1943700000.0,1900000000.0,12.0,13927.52,13556.03,150.4,72.42,12.02,-73.25,13.24,8.39,-0.62,-5.1,9.25,-1.56,-0.71,550.0,560.0,550.0,2025-08-15,11.45,16.0,27.45,4.990909090909091,20.55,4.625,25.175,529.64,20.360000000000014,0.21975,0.23926,0.22950500000000001,0.18560500000000002,19.128123570292583,-0.014630000000000032,33.0,67.0,0.33766233766233766,28.0,1.8181818181818077,1,3.1727272727272835,2025-07-18,630.0,622.301513671875,0.13195,0.1458828571428571,0.1508861764705882,0.0139328571428571,0.0189361764705882,0,0.1640057142857142,0.12219,0.0418157142857142,0.0111478571428571,0.0952721829954769,0.1087932236101431,0.3545816733067729,0.0629294736645928,0.0767719034969805,0.0551780965030195,0.8196940651219874,1.17,0.0767479022590774,0.9353493467391604,-0.3588839823528439,0.0063500269902057,0.0533952090184737,-0.0007324129021104,1,16.40999984741211,19.579999923706055,3.214999847412109,27.45,20.360000000000014,expiry_intrinsic,1.3725,1.9500000000000002,569.7999999999985,0.010359999999999972
STLD,2025-06-30,2025-07-21,0.0,125.9,117.39,6.85,14.6,2.0775,2.18,2.02,4.0,2.642,2.725,2.74,2.5457,0.0,0.0,0.0,3.0,4761716210.0,4972246010.0,4563000000.0,6.0,46734.88,46293.73,36.43,241.93,-6.92,-75.09,-6.86,-60.76,5.88,-52.24,-63.36,-9.75,-9.7,130.0,130.0,130.0,2025-08-15,6.050000000000001,3.9499999999999997,10.0,7.6923076923076925,5.7,3.2,8.9,126.42,3.5799999999999983,0.34658,0.33682,0.3417,0.32219,5.709686859818562,-0.014629999999999976,148.0,9.0,0.547683923705722,28.0,0.0,1,7.6923076923076925,2025-07-18,630.0,622.301513671875,0.13195,0.1458828571428571,0.1508861764705882,0.0139328571428571,0.0189361764705882,0,0.1640057142857142,0.12219,0.0418157142857142,0.0111478571428571,0.0952721829954769,0.1087932236101431,0.3545816733067729,0.0629294736645928,0.0767719034969805,0.0551780965030195,0.8196940651219874,1.17,0.0767479022590774,0.9353493467391604,-0.3588839823528439,0.0063500269902057,0.0533952090184737,-0.0007324129021104,1,16.40999984741211,19.579999923706055,3.214999847412109,10.0,3.5799999999999983,expiry_intrinsic,0.5,1.9500000000000002,590.0500000000002,0.04538846153846155
NOC,2025-06-30,2025-07-22,1.0,497.7,472.65,13.28,19.28,6.6807,7.61,6.07,18.0,6.6152,6.5901,6.6246,7.1284,1.0,0.0,1.0,0.0,10154204170.0,10795445000.0,9904000000.0,17.0,28657.97,34966.68,-1306.38,4570.58,-6.56,-76.93,2.82,-47.47,-48.04,-30.36,-46.5,-4.36,-4.52,515.0,570.0,515.0,2025-08-15,16.049999999999997,16.15,32.199999999999996,6.252427184466018,55.05,0.55,55.599999999999994,583.96,68.96000000000004,0.27829,0.31731,0.29779999999999995,0.19048,36.03760913364673,-0.05853499999999995,70.0,28.0,1.6499567847882455,25.0,10.679611650485432,0,-4.427184466019414,2025-07-21,631.0,623.4815063476562,0.1354321428571428,0.1417,0.1472771428571428,0.0062678571428571,0.0118449999999999,0,0.16122,0.12219,0.03903,0.0062728571428571,0.1745843230403796,0.1192473060633678,0.3784860557768924,0.0629218260559761,0.0762147302928479,0.0592174125642948,0.8255861539390728,1.46,2.228652776285186,1.893752953125981,-0.1801015500765151,0.0063379328457915,0.0555517437425587,0.0,1,16.649999618530273,19.510000228881836,3.1067853328159867,32.199999999999996,68.96000000000004,expiry_intrinsic,1.6099999999999999,1.9500000000000002,-3838.950000000004,-0.07454271844660201
SHW,2025-06-30,2025-07-22,0.0,333.5,331.25,1.97,2.66,3.8139,3.96,3.6217,23.0,3.8139,3.8112,3.8241,3.9016,1.0,0.0,1.0,2.0,6302469250.0,6511000000.0,6202000000.0,17.0,-84257.22,-84331.56,-235.05,458.04,-1.15,-77.03,0.15,3.69,7.66,2.4,3.93,1.07,0.7,340.0,340.0,340.0,2025-08-15,11.2,8.3,19.5,5.735294117647059,8.95,5.7,14.649999999999999,364.4,24.399999999999977,0.27829,0.26853,0.27341,0.209995,23.194104092754472,-0.024389999999999995,335.0,52.0,1.0516273849607183,25.0,0.0,1,5.735294117647059,2025-07-21,631.0,623.4815063476562,0.1354321428571428,0.1417,0.1472771428571428,0.0062678571428571,0.0118449999999999,0,0.16122,0.12219,0.03903,0.0062728571428571,0.1745843230403796,0.1192473060633678,0.3784860557768924,0.0629218260559761,0.0762147302928479,0.0592174125642948,0.8255861539390728,1.46,2.228652776285186,1.893752953125981,-0.1801015500765151,0.0063379328457915,0.0555517437425587,0.0,1,16.649999618530273,19.510000228881836,3.1067853328159867,19.5,24.399999999999977,expiry_intrinsic,0.9750000000000001,1.9500000000000002,-589.4499999999978,-0.017336764705882288
BKR,2025-06-30,2025-07-22,1.0,39.0,35.89,2.62,11.51,0.5542,0.59,0.52,19.0,0.5544,0.5527,0.5553,0.5945,2.0,0.0,4.0,2.0,6630858880.0,6723106240.0,6448000000.0,20.0,860.32,866.43,53.9,164.21,0.14,-76.91,7.63,-6.98,-42.86,-7.05,13.94,3.04,1.42,40.0,45.0,40.0,2025-08-15,1.3,1.5,2.8,6.999999999999999,4.800000000000001,0.175,4.9750000000000005,42.8,2.799999999999997,0.31731,0.35633,0.33682,0.278285,17.37871860340835,-0.03414499999999998,1372.0,260.0,0.1526156506701254,25.0,12.5,0,-5.500000000000001,2025-07-21,631.0,623.4815063476562,0.1354321428571428,0.1417,0.1472771428571428,0.0062678571428571,0.0118449999999999,0,0.16122,0.12219,0.03903,0.0062728571428571,0.1745843230403796,0.1192473060633678,0.3784860557768924,0.0629218260559761,0.0762147302928479,0.0592174125642948,0.8255861539390728,1.46,2.228652776285186,1.893752953125981,-0.1801015500765151,0.0063379328457915,0.0555517437425587,0.0,1,16.649999618530273,19.510000228881836,3.1067853328159867,2.8,2.799999999999997,expiry_intrinsic,0.13999999999999999,1.9500000000000002,-15.949999999999733,-0.003987499999999933
ISRG,2025-06-30,2025-07-22,1.0,509.36,487.93,0.32,4.73,1.9343,2.12,1.87,25.0,1.9343,1.9335,1.9705,1.9734,1.0,0.0,1.0,0.0,2349967870.0,2400000000.0,2287000000.0,22.0,-65519.04,-66519.98,561.64,274.98,19.19,-73.02,17.09,20.67,-18.1,24.24,23.16,-1.18,0.82,517.5,502.5,517.5,2025-07-25,16.75,17.75,34.5,6.666666666666667,0.85,16.65,17.5,495.86,21.639999999999986,0.8051,0.79535,0.800225,0.3417,57.29950951294948,-0.43901499999999993,28.0,51.0,1.1554210432615275,4.0,2.898550724637683,1,3.768115942028984,2025-07-21,631.0,623.4815063476562,0.1354321428571428,0.1417,0.1472771428571428,0.0062678571428571,0.0118449999999999,0,0.16122,0.12219,0.03903,0.0062728571428571,0.1745843230403796,0.1192473060633678,0.3784860557768924,0.0629218260559761,0.0762147302928479,0.0592174125642948,0.8255861539390728,1.46,2.228652776285186,1.893752953125981,-0.1801015500765151,0.0063379328457915,0.0555517437425587,0.0,1,16.649999618530273,19.510000228881836,3.1067853328159867,34.5,21.639999999999986,expiry_intrinsic,1.725,1.9500000000000002,1111.5500000000013,0.02147922705314012
OTIS,2025-06-30,2025-07-23,0.0,95.98,92.74,-7.8,-4.58,1.0279,1.063,1.0,8.0,1.0281,1.0242,1.0242,1.0515,2.0,0.0,3.0,1.0,3709466490.0,3755783950.0,3659000000.0,6.0,4434.4,4479.84,-67.71,69.05,-2.53,-76.51,-0.52,4.55,-1.08,-22.96,-20.68,0.57,-3.04,100.0,90.0,100.0,2025-08-15,3.2750000000000004,3.05,6.325,6.325,0.05,10.95,11.0,87.43,12.569999999999993,0.24902,0.35633,0.30267499999999997,0.17585,41.90137936730816,-0.13657999999999998,122.0,38.0,0.6597938144329897,24.0,9.999999999999998,0,-3.674999999999998,2025-07-22,631.0,623.5707397460938,0.13195,0.1461368181818181,0.1476257142857142,0.0141868181818181,0.0156757142857142,0,0.1612199999999999,0.12219,0.0390299999999999,0.0097549999999999,0.0952721829954769,0.1087932236101431,0.350597609561753,0.0430547123045092,0.0746574482322903,0.0572925517677096,0.5766968108868138,1.16,-0.1085445660077069,0.7215265824372862,-0.4078325905075765,0.0108013834208153,0.0581878986298098,0.0,1,16.5,19.530000686645508,3.3049999999999997,6.325,12.569999999999993,expiry_intrinsic,0.31625000000000003,1.9500000000000002,-658.0749999999994,-0.06580749999999994
NTRS,2025-06-30,2025-07-23,1.0,120.81,92.4,2.83,34.45,2.0126,2.0799,1.9,11.0,2.0128,2.0065,2.0021,2.0395,1.0,0.0,2.0,2.0,1958378860.0,1973000000.0,1944000000.0,7.0,7370.4,6008.0,463.89,520.5,-1.45,-77.87,28.16,97.92,-15.93,54.5,79.42,8.76,6.69,125.0,130.0,125.0,2025-08-15,5.0,2.825,7.825,6.260000000000001,5.55,1.65,7.199999999999999,126.02,1.019999999999996,0.30755,0.28804,0.29779500000000003,0.22951,22.930203663594096,-0.004875000000000018,750.0,50.0,2.655,24.0,4.0000000000000036,1,2.259999999999997,2025-07-22,631.0,623.5707397460938,0.13195,0.1461368181818181,0.1476257142857142,0.0141868181818181,0.0156757142857142,0,0.1612199999999999,0.12219,0.0390299999999999,0.0097549999999999,0.0952721829954769,0.1087932236101431,0.350597609561753,0.0430547123045092,0.0746574482322903,0.0572925517677096,0.5766968108868138,1.16,-0.1085445660077069,0.7215265824372862,-0.4078325905075765,0.0108013834208153,0.0581878986298098,0.0,1,16.5,19.530000686645508,3.3049999999999997,7.825,1.019999999999996,expiry_intrinsic,0.39125000000000004,1.9500000000000002,639.4250000000003,0.051154000000000026
URI,2025-06-30,2025-07-23,0.0,716.57,647.36,12.1,24.08,10.5358,11.54,9.8467,17.0,10.5308,10.6083,10.6365,10.7066,1.0,0.0,1.0,3.0,3888902050.0,3968900000.0,3762000000.0,13.0,32963.84,33651.34,-46.91,788.52,6.71,-75.76,6.74,-3.17,-23.55,5.32,-5.63,-2.24,-2.83,792.5,875.0,792.5,2025-07-25,21.2,19.8,41.0,5.173501577287067,82.45,,,890.0,97.5,0.75632,0.66852,0.71242,0.32219,54.77527301311025,-0.36584000000000005,0.0,1.0,0.7316239316239316,3.0,10.410094637223978,0,-5.236593059936911,2025-07-22,631.0,623.5707397460938,0.13195,0.1461368181818181,0.1476257142857142,0.0141868181818181,0.0156757142857142,0,0.1612199999999999,0.12219,0.0390299999999999,0.0097549999999999,0.0952721829954769,0.1087932236101431,0.350597609561753,0.0430547123045092,0.0746574482322903,0.0572925517677096,0.5766968108868138,1.16,-0.1085445660077069,0.7215265824372862,-0.4078325905075765,0.0108013834208153,0.0581878986298098,0.0,1,16.5,19.530000686645508,3.3049999999999997,41.0,97.5,expiry_intrinsic,2.0500000000000003,1.9500000000000002,-5856.95,-0.07390473186119874
MCO,2025-06-30,2025-07-23,1.0,476.27,439.58,6.64,15.54,3.3892,3.58,3.1924,20.0,3.3459,3.2746,3.2865,3.5998,5.0,0.0,10.0,0.0,1847538110.0,1881000000.0,1804979000.0,19.0,20576.26,19544.58,375.35,318.94,7.73,-72.86,18.5,13.65,46.18,7.77,9.98,0.62,0.94,500.0,510.0,500.0,2025-08-15,13.8,13.4,27.200000000000003,5.44,19.85,4.5,24.35,516.46,16.460000000000036,0.26853,0.26853,0.26853,0.20024,25.43105053439094,-0.03414499999999998,88.0,24.0,0.6480769230769231,24.0,2.0000000000000018,1,3.4399999999999986,2025-07-22,631.0,623.5707397460938,0.13195,0.1461368181818181,0.1476257142857142,0.0141868181818181,0.0156757142857142,0,0.1612199999999999,0.12219,0.0390299999999999,0.0097549999999999,0.0952721829954769,0.1087932236101431,0.350597609561753,0.0430547123045092,0.0746574482322903,0.0572925517677096,0.5766968108868138,1.16,-0.1085445660077069,0.7215265824372862,-0.4078325905075765,0.0108013834208153,0.0581878986298098,0.0,1,16.5,19.530000686645508,3.3049999999999997,27.200000000000003,16.460000000000036,expiry_intrinsic,1.3600000000000003,1.9500000000000002,936.0499999999967,0.018720999999999932
CME,2025-06-30,2025-07-23,1.0,272.66,263.27,1.4,5.02,2.9177,3.0,2.8484,15.0,2.9404,2.9791,2.9692,2.7576,0.0,0.0,3.0,9.0,1682714980.0,1692143980.0,1676000000.0,11.0,4983.25,4829.87,98.1,81.09,10.38,-73.21,11.52,12.0,11.11,10.53,15.46,1.26,2.98,280.0,280.0,280.0,2025-08-15,4.6,9.25,13.85,4.946428571428571,4.6,6.35,10.95,273.92,6.079999999999984,0.22951,0.23926,0.234385,0.19536,16.64995626853254,-0.014635000000000009,1113.0,184.0,0.790650406504065,24.0,0.0,1,4.946428571428571,2025-07-22,631.0,623.5707397460938,0.13195,0.1461368181818181,0.1476257142857142,0.0141868181818181,0.0156757142857142,0,0.1612199999999999,0.12219,0.0390299999999999,0.0097549999999999,0.0952721829954769,0.1087932236101431,0.350597609561753,0.0430547123045092,0.0746574482322903,0.0572925517677096,0.5766968108868138,1.16,-0.1085445660077069,0.7215265824372862,-0.4078325905075765,0.0108013834208153,0.0581878986298098,0.0,1,16.5,19.530000686645508,3.3049999999999997,13.85,6.079999999999984,expiry_intrinsic,0.6925,1.9500000000000002,705.8000000000015,0.025207142857142914
CCI,2025-06-30,2025-07-23,1.0,102.53,100.75,7.02,8.91,0.5195,0.5916,0.459,4.0,0.531,0.531,0.4824,0.3759,0.0,0.0,0.0,0.0,1037446540.0,1048000000.0,999600000.0,15.0,-58853.6,-15996.61,-19705.76,23233.24,-4.76,-83.85,-10.67,-249.25,90.34,-2.12,0.19,-0.84,2.42,110.0,115.0,110.0,2025-08-15,3.0,2.625,5.625,5.113636363636364,5.0,0.85,5.85,101.69,8.310000000000002,0.23926,0.25877,0.249015,0.22463,9.79258277613798,-0.014629999999999976,1327.0,295.0,1.038022813688213,24.0,4.545454545454541,1,0.5681818181818228,2025-07-22,631.0,623.5707397460938,0.13195,0.1461368181818181,0.1476257142857142,0.0141868181818181,0.0156757142857142,0,0.1612199999999999,0.12219,0.0390299999999999,0.0097549999999999,0.0952721829954769,0.1087932236101431,0.350597609561753,0.0430547123045092,0.0746574482322903,0.0572925517677096,0.5766968108868138,1.16,-0.1085445660077069,0.7215265824372862,-0.4078325905075765,0.0108013834208153,0.0581878986298098,0.0,1,16.5,19.530000686645508,3.3049999999999997,5.625,8.310000000000002,expiry_intrinsic,0.28125,1.9500000000000002,-298.5750000000002,-0.027143181818181837
GL,2025-06-30,2025-07-23,1.0,122.11,123.92,2.21,0.72,3.2578,3.37,3.22,9.0,3.257,3.267,3.3879,3.3922,0.0,0.0,0.0,9.0,1505500000.0,1509000000.0,1500000000.0,3.0,3640.16,3532.26,-143.53,701.67,4.54,-74.38,6.06,10.43,-2.23,2.19,2.23,-51.26,-0.54,125.0,130.0,125.0,2025-08-15,2.8,4.35,7.1499999999999995,5.72,8.0,1.075,9.075,135.43,10.430000000000007,0.28804,0.26853,0.278285,0.263655,5.257200352156973,4.999999999977245e-06,369.0,9.0,1.8688524590163935,24.0,4.0000000000000036,1,1.7199999999999962,2025-07-22,631.0,623.5707397460938,0.13195,0.1461368181818181,0.1476257142857142,0.0141868181818181,0.0156757142857142,0,0.1612199999999999,0.12219,0.0390299999999999,0.0097549999999999,0.0952721829954769,0.1087932236101431,0.350597609561753,0.0430547123045092,0.0746574482322903,0.0572925517677096,0.5766968108868138,1.16,-0.1085445660077069,0.7215265824372862,-0.4078325905075765,0.0108013834208153,0.0581878986298098,0.0,1,16.5,19.530000686645508,3.3049999999999997,7.1499999999999995,10.430000000000007,expiry_intrinsic,0.3575,1.9500000000000002,-365.7000000000007,-0.02925600000000006
GOOGL,2025-06-30,2025-07-23,1.0,165.19,159.28,15.16,19.43,2.1852,2.42,2.0,46.0,2.173,2.1641,2.1631,2.111,9.0,0.0,16.0,0.0,93976425500.0,95649400000.0,91693806000.0,39.0,-410549.07,-412452.58,708.59,675.26,12.04,-74.22,13.73,48.68,30.7,45.53,20.16,1.56,2.29,192.5,192.5,192.5,2025-07-25,5.1,6.2,11.3,5.870129870129871,1.475,1.6949999999999998,3.17,193.18,0.6800000000000068,0.81486,0.81486,0.81486,0.395355,51.48184964288344,-0.45853000000000005,8665.0,5430.0,0.38005694625697,3.0,0.0,1,5.870129870129871,2025-07-22,631.0,623.5707397460938,0.13195,0.1461368181818181,0.1476257142857142,0.0141868181818181,0.0156757142857142,0,0.1612199999999999,0.12219,0.0390299999999999,0.0097549999999999,0.0952721829954769,0.1087932236101431,0.350597609561753,0.0430547123045092,0.0746574482322903,0.0572925517677096,0.5766968108868138,1.16,-0.1085445660077069,0.7215265824372862,-0.4078325905075765,0.0108013834208153,0.0581878986298098,0.0,1,16.5,19.530000686645508,3.3049999999999997,11.3,0.6800000000000068,expiry_intrinsic,0.5650000000000001,1.9500000000000002,1003.5499999999994,0.0521324675324675
HAS,2025-06-30,2025-07-23,1.0,70.6,60.37,8.84,27.28,0.7712,0.91,0.63,12.0,0.7604,0.7671,0.777,1.0054,2.0,0.0,2.0,3.0,882250940.0,901000000.0,865000000.0,10.0,11263.2,9376.64,1076.59,497.82,17.14,-78.55,-13.86,70.49,126.09,32.49,46.9,4.21,3.9,77.5,75.0,77.5,2025-08-15,4.45,3.7,8.15,10.516129032258064,1.25,3.3,4.55,81.14,3.6400000000000006,0.54169,0.48316,0.512425,0.25877,49.50090257110797,-0.16097,1792.0,256.0,0.2853834276891405,24.0,3.2258064516129004,1,7.290322580645164,2025-07-22,631.0,623.5707397460938,0.13195,0.1461368181818181,0.1476257142857142,0.0141868181818181,0.0156757142857142,0,0.1612199999999999,0.12219,0.0390299999999999,0.0097549999999999,0.0952721829954769,0.1087932236101431,0.350597609561753,0.0430547123045092,0.0746574482322903,0.0572925517677096,0.5766968108868138,1.16,-0.1085445660077069,0.7215265824372862,-0.4078325905075765,0.0108013834208153,0.0581878986298098,0.0,1,16.5,19.530000686645508,3.3049999999999997,8.15,3.6400000000000006,expiry_intrinsic,0.40750000000000003,1.9500000000000002,408.3,0.052683870967741936
LII,2025-06-30,2025-07-23,1.0,564.18,524.05,17.13,26.09,6.8652,7.23,5.89,20.0,6.8777,6.8479,6.8594,7.0727,2.0,0.0,6.0,5.0,1473682210.0,1551100000.0,1309800000.0,15.0,25028.93,21869.21,1834.83,981.99,2.44,-79.92,6.32,-2.88,-39.82,-5.16,-6.71,-1.84,-1.42,620.0,670.0,620.0,2025-08-15,23.450000000000003,21.75,45.2,7.290322580645162,48.45,1.88,50.330000000000005,591.66,28.340000000000032,0.35633,0.35633,0.35633,0.24414,31.484859540313753,-0.043899999999999995,419.0,5.0,2.3448275862068964,24.0,8.064516129032251,0,-0.774193548387089,2025-07-22,631.0,623.5707397460938,0.13195,0.1461368181818181,0.1476257142857142,0.0141868181818181,0.0156757142857142,0,0.1612199999999999,0.12219,0.0390299999999999,0.0097549999999999,0.0952721829954769,0.1087932236101431,0.350597609561753,0.0430547123045092,0.0746574482322903,0.0572925517677096,0.5766968108868138,1.16,-0.1085445660077069,0.7215265824372862,-0.4078325905075765,0.0108013834208153,0.0581878986298098,0.0,1,16.5,19.530000686645508,3.3049999999999997,45.2,28.340000000000032,expiry_intrinsic,2.2600000000000002,1.9500000000000002,1458.049999999997,0.023516935483870918
POOL,2025-06-30,2025-07-24,1.0,300.74,291.59,8.51,11.92,5.1532,5.35,4.98,9.0,5.1579,5.1579,5.1619,5.1454,0.0,0.0,0.0,1.0,1781544690.0,1805200000.0,1716690480.0,12.0,30198.5,30284.05,-62.46,390.89,-4.4,-79.82,-4.09,-35.29,36.08,-25.06,-28.68,-1.06,-2.46,320.0,330.0,320.0,2025-08-15,12.8,16.0,28.8,9.0,11.05,6.375,17.425,321.75,1.75,0.43438,0.46365,0.449015,0.253895,43.455118425887775,-0.102435,41.0,2.0,0.7145669291338582,23.0,3.125,1,5.875,2025-07-23,636.0,628.875732421875,0.12707,0.136825,0.1430978571428571,0.0097549999999999,0.0160278571428571,0,0.1417,0.11244,0.0292599999999999,-2.7755575615628914e-17,0.0,0.0941424971854393,0.2828685258964143,0.0628580914312915,0.0731557864391267,0.0539142135608733,0.8592360835816605,1.29,1.0396189489872232,1.2512765953985816,-0.2531674439327256,0.0160040231925215,0.0567525394983505,0.0,1,15.369999885559082,18.559999465942383,2.6629998855590813,28.8,1.75,expiry_intrinsic,1.4400000000000002,1.9500000000000002,2559.05,0.0799703125
VLO,2025-06-30,2025-07-24,1.0,135.85,113.87,3.31,23.25,1.7568,2.1012,1.46,18.0,1.7643,1.8267,1.7981,2.2688,0.0,0.0,4.0,4.0,27146364410.0,32114800310.0,21929600000.0,10.0,37968.26,35039.31,1661.92,645.73,-4.73,-76.7,-8.79,-76.7,1.14,-103.53,-153.6,-4.57,-8.26,148.0,142.0,148.0,2025-07-25,2.13,2.475,4.605,3.111486486486487,0.02,6.15,6.17,141.97,6.030000000000001,0.53194,0.52218,0.52706,0.2978,43.497893977915226,-0.21950499999999995,88.0,121.0,1.0171354671839639,2.0,4.054054054054057,0,-0.9425675675675702,2025-07-23,636.0,628.875732421875,0.12707,0.136825,0.1430978571428571,0.0097549999999999,0.0160278571428571,0,0.1417,0.11244,0.0292599999999999,-2.7755575615628914e-17,0.0,0.0941424971854393,0.2828685258964143,0.0628580914312915,0.0731557864391267,0.0539142135608733,0.8592360835816605,1.29,1.0396189489872232,1.2512765953985816,-0.2531674439327256,0.0160040231925215,0.0567525394983505,0.0,1,15.369999885559082,18.559999465942383,2.6629998855590813,4.605,6.030000000000001,expiry_intrinsic,0.23025000000000004,1.9500000000000002,-167.47500000000008,-0.011315878378378384
WST,2025-06-30,2025-07-24,1.0,222.68,214.55,25.34,30.09,1.5084,1.54,1.43,12.0,1.5067,1.5045,1.5045,1.4362,6.0,0.0,2.0,0.0,726179720.0,735200000.0,720000000.0,11.0,23489.25,21937.32,755.46,362.48,0.42,-75.86,-2.1,-7.05,-20.33,-8.27,1.1,0.06,0.12,230.0,260.0,230.0,2025-08-15,13.85,15.25,29.1,12.65217391304348,34.15,0.675,34.824999999999996,246.2,16.19999999999999,0.64901,0.61974,0.6343749999999999,0.24414,61.51487684729064,-0.16097499999999992,589.0,265.0,0.5701643489254109,23.0,13.043478260869556,0,-0.39130434782607537,2025-07-23,636.0,628.875732421875,0.12707,0.136825,0.1430978571428571,0.0097549999999999,0.0160278571428571,0,0.1417,0.11244,0.0292599999999999,-2.7755575615628914e-17,0.0,0.0941424971854393,0.2828685258964143,0.0628580914312915,0.0731557864391267,0.0539142135608733,0.8592360835816605,1.29,1.0396189489872232,1.2512765953985816,-0.2531674439327256,0.0160040231925215,0.0567525394983505,0.0,1,15.369999885559082,18.559999465942383,2.6629998855590813,29.1,16.19999999999999,expiry_intrinsic,1.455,1.9500000000000002,1142.5500000000013,0.049676086956521794
AMP,2025-06-30,2025-07-24,1.0,521.34,465.94,-0.81,10.98,8.926,9.37,8.29,10.0,8.926,8.8933,9.352,9.4337,0.0,0.0,0.0,2.0,4329107000.0,4397000000.0,4273749000.0,7.0,7363.68,13774.05,-1364.91,5855.69,5.02,-74.78,10.02,-30.51,-44.9,-41.22,-43.64,-104.75,-13.62,540.0,520.0,540.0,2025-08-15,13.65,17.15,30.799999999999997,5.703703703703703,2.775,21.95,24.724999999999998,503.08,36.920000000000016,0.26853,0.30755,0.28803999999999996,0.20024,30.48187751701152,-0.039024999999999976,21.0,1.0,0.6314285714285715,23.0,3.703703703703709,1,1.9999999999999942,2025-07-23,636.0,628.875732421875,0.12707,0.136825,0.1430978571428571,0.0097549999999999,0.0160278571428571,0,0.1417,0.11244,0.0292599999999999,-2.7755575615628914e-17,0.0,0.0941424971854393,0.2828685258964143,0.0628580914312915,0.0731557864391267,0.0539142135608733,0.8592360835816605,1.29,1.0396189489872232,1.2512765953985816,-0.2531674439327256,0.0160040231925215,0.0567525394983505,0.0,1,15.369999885559082,18.559999465942383,2.6629998855590813,30.799999999999997,36.920000000000016,expiry_intrinsic,1.54,1.9500000000000002,-767.950000000002,-0.014221296296296333
LH,2025-06-30,2025-07-24,1.0,262.53,228.31,1.97,17.25,4.1639,4.2621,4.08,15.0,4.1769,4.1724,4.1822,4.165,2.0,0.0,2.0,1.0,3486468980.0,3516000000.0,3452200000.0,13.0,42866.14,42472.61,318.51,167.86,5.3,-74.29,6.66,4.35,11.3,-0.16,1.46,0.09,-0.36,250.0,270.0,250.0,2025-08-15,8.05,7.25,15.3,6.12,16.35,0.9,17.25,270.38,20.379999999999995,0.2978,0.31731,0.307555,0.18073,41.23652680008455,-0.06341500000000003,169.0,26.0,0.13976705490848584,23.0,8.000000000000007,0,-1.880000000000007,2025-07-23,636.0,628.875732421875,0.12707,0.136825,0.1430978571428571,0.0097549999999999,0.0160278571428571,0,0.1417,0.11244,0.0292599999999999,-2.7755575615628914e-17,0.0,0.0941424971854393,0.2828685258964143,0.0628580914312915,0.0731557864391267,0.0539142135608733,0.8592360835816605,1.29,1.0396189489872232,1.2512765953985816,-0.2531674439327256,0.0160040231925215,0.0567525394983505,0.0,1,15.369999885559082,18.559999465942383,2.6629998855590813,15.3,20.379999999999995,expiry_intrinsic,0.7650000000000001,1.9500000000000002,-586.4499999999996,-0.023457999999999982
CNP,2025-06-30,2025-07-24,0.0,36.48,38.19,3.73,-0.92,0.3084,0.3739,0.28,12.0,0.3537,0.3723,0.3978,0.4145,1.0,0.0,1.0,4.0,2000642180.0,2785391660.0,1476689020.0,5.0,5066.7,5094.36,-25.39,21.02,11.45,-66.22,1.81,-3.64,32.5,-1.61,5.36,-2.93,-1.28,37.0,38.0,37.0,2025-08-15,0.96,0.71,1.67,4.513513513513513,1.725,0.22499999999999998,1.9500000000000002,38.12,1.1199999999999974,0.01488,0.01488,0.01488,0.19048,-1180.1075268817203,0.0,902.0,47.0,0.04997060552616108,23.0,2.7027027027026973,1,1.8108108108108159,2025-07-23,636.0,628.875732421875,0.12707,0.136825,0.1430978571428571,0.0097549999999999,0.0160278571428571,0,0.1417,0.11244,0.0292599999999999,-2.7755575615628914e-17,0.0,0.0941424971854393,0.2828685258964143,0.0628580914312915,0.0731557864391267,0.0539142135608733,0.8592360835816605,1.29,1.0396189489872232,1.2512765953985816,-0.2531674439327256,0.0160040231925215,0.0567525394983505,0.0,1,15.369999885559082,18.559999465942383,2.6629998855590813,1.67,1.1199999999999974,expiry_intrinsic,0.0835,1.9500000000000002,44.700000000000244,0.012081081081081147
DECK,2025-06-30,2025-07-24,1.0,102.22,109.19,2.66,-3.89,0.6808,0.73,0.64,17.0,0.6831,0.6802,0.6808,0.8001,1.0,0.0,1.0,1.0,900387260.0,917300000.0,886700000.0,20.0,-93919.84,-130682.27,13778.79,16761.68,17.1,0.0,18.47,508.5,572.67,16.67,16.27,1.61,-0.22,108.0,117.0,108.0,2025-07-25,6.3,6.55,12.85,11.898148148148149,9.0,0.25,9.25,116.85,8.849999999999994,1.95629,2.07336,2.014825,0.370965,81.58822726539526,-1.3414300000000001,160.0,571.0,0.7136905734357131,2.0,8.333333333333325,1,3.5648148148148238,2025-07-23,636.0,628.875732421875,0.12707,0.136825,0.1430978571428571,0.0097549999999999,0.0160278571428571,0,0.1417,0.11244,0.0292599999999999,-2.7755575615628914e-17,0.0,0.0941424971854393,0.2828685258964143,0.0628580914312915,0.0731557864391267,0.0539142135608733,0.8592360835816605,1.29,1.0396189489872232,1.2512765953985816,-0.2531674439327256,0.0160040231925215,0.0567525394983505,0.0,1,15.369999885559082,18.559999465942383,2.6629998855590813,12.85,8.849999999999994,expiry_intrinsic,0.6425000000000001,1.9500000000000002,333.8000000000005,0.030907407407407456
AON,2025-06-30,2025-07-25,0.0,354.46,335.85,5.2,11.03,3.4203,3.669,3.3,15.0,3.4169,3.4104,3.4123,3.4468,2.0,0.0,2.0,1.0,4159306150.0,4250182370.0,3948000000.0,9.0,2476.05,4033.76,-865.32,1136.74,16.19,-69.88,18.37,0.18,28.28,4.48,-0.27,-1.29,-5.11,360.0,370.0,360.0,2025-08-15,8.55,11.0,19.55,5.430555555555556,12.05,3.175,15.225000000000001,367.01,7.009999999999991,0.27829,0.27829,0.27829,0.195365,29.798052391390268,-0.03902999999999998,1170.0,42.0,1.0357142857142858,22.0,2.777777777777768,1,2.6527777777777883,2025-07-24,636.0,629.083984375,0.12707,0.1332795454545454,0.1403089285714285,0.0062095454545454,0.0132389285714285,0,0.15146,0.11244,0.03902,0.0048799999999999,0.0,0.0941424971854393,0.2828685258964143,0.0591788468310523,0.0668575798864619,0.0602124201135381,0.8851479059150865,1.27,0.7829172261433228,1.1962582906098769,-0.2684378834878501,0.0101586149761336,0.0455519434376625,0.0,1,15.390000343322754,18.559999465942383,2.683000343322753,19.55,7.009999999999991,expiry_intrinsic,0.9775,1.9500000000000002,1154.300000000001,0.03206388888888892
WM,2025-06-30,2025-07-28,1.0,228.26,228.8,-0.16,-0.39,1.8896,2.1801,1.72,20.0,1.8911,1.8909,1.8916,1.8979,4.0,0.0,0.0,8.0,6361073330.0,6449000000.0,6169000000.0,20.0,5027.89,4939.19,7.19,196.52,16.65,-72.72,8.89,-4.57,-1.76,10.67,1.38,-0.67,-2.57,230.0,240.0,230.0,2025-08-15,5.5,5.300000000000001,10.8,4.695652173913044,7.55,1.5,9.05,226.81,3.1899999999999977,0.24902,0.24902,0.24902,0.166095,33.3005381093888,-0.04877999999999999,4135.0,260.0,0.6126840317100792,21.0,4.347826086956519,1,0.34782608695652506,2025-07-25,639.0,631.7413940429688,0.12219,0.1288427272727272,0.1361278571428571,0.0066527272727272,0.0139378571428571,0,0.1444885714285714,0.1054685714285714,0.03902,0.0027885714285714,0.0,0.0794917707607355,0.2231075697211155,0.0549454097873187,0.0669811277231808,0.0552088722768191,0.8203118050564441,1.41,1.8254967758796408,1.0512517438644304,-0.289807661830253,0.0151693032456148,0.0493806896006343,0.0,1,14.93000030517578,18.31999969482422,2.711000305175782,10.8,3.1899999999999977,expiry_intrinsic,0.54,1.9500000000000002,705.0500000000003,0.030654347826086968
SWK,2025-06-30,2025-07-29,1.0,67.65,60.02,1.42,14.31,0.4159,0.6545,0.0889,15.0,0.4085,0.3577,0.374,1.0194,1.0,0.0,7.0,1.0,3994319450.0,4084200000.0,3884000000.0,12.0,17141.92,16245.95,897.69,587.45,-3.23,-75.63,-3.16,33.93,-49.66,18.97,-0.47,0.74,0.19,77.5,67.5,77.5,2025-08-15,3.25,5.2,8.45,10.903225806451612,0.125,9.9,10.025,74.06,3.4399999999999977,0.70754,0.48316,0.5953499999999999,0.370965,37.68959435626102,-0.2585299999999999,1592.0,335.0,1.0727871250914411,18.0,12.903225806451612,0,-2.0,2025-07-28,638.0,631.5828247070312,0.12219,0.12707,0.1382192857142857,0.00488,0.0160292857142857,0,0.1486714285714286,0.1096514285714285,0.03902,0.0069714285714286,0.0,0.0794917707607355,0.2270916334661354,0.0596057743992524,0.0644082470301238,0.0577817529698761,0.9254369921195764,0.9,-2.0175580674884275,0.8345332520024996,-0.3151264770209716,0.0129936786847655,0.0409727378565454,-0.000251003555304,1,15.029999732971191,18.15999984741211,2.810999732971192,8.45,3.4399999999999977,expiry_intrinsic,0.4225,1.9500000000000002,456.8000000000001,0.058941935483870986
AMT,2025-06-30,2025-07-29,0.0,217.78,225.41,-1.41,-4.75,1.6645,1.72,1.59,7.0,1.6469,1.6436,1.6403,1.5892,2.0,0.0,2.0,0.0,2594172660.0,2622000000.0,2523000000.0,16.0,819.62,-23.24,-124.29,3320.93,-9.57,-74.69,-0.15,-46.94,-60.31,-26.28,1.42,3.05,5.3,220.0,210.0,220.0,2025-08-15,8.55,4.25,12.8,5.818181818181818,0.7,11.65,12.35,206.12,13.879999999999995,0.2978,0.31731,0.307555,0.21975,28.549365154200068,-0.06829500000000002,427.0,21.0,1.5163576881134133,18.0,4.545454545454541,1,1.272727272727277,2025-07-28,638.0,631.5828247070312,0.12219,0.12707,0.1382192857142857,0.00488,0.0160292857142857,0,0.1486714285714286,0.1096514285714285,0.03902,0.0069714285714286,0.0,0.0794917707607355,0.2270916334661354,0.0596057743992524,0.0644082470301238,0.0577817529698761,0.9254369921195764,0.9,-2.0175580674884275,0.8345332520024996,-0.3151264770209716,0.0129936786847655,0.0409727378565454,-0.000251003555304,1,15.029999732971191,18.15999984741211,2.810999732971192,12.8,13.879999999999995,expiry_intrinsic,0.6400000000000001,1.9500000000000002,-173.94999999999948,-0.007906818181818157
DTE,2025-06-30,2025-07-29,0.0,131.62,137.0,4.16,0.07,1.4033,1.5,1.32,12.0,1.4839,1.5497,1.5507,1.5401,0.0,0.0,0.0,4.0,2747665520.0,3033494000.0,2444468080.0,4.0,10726.13,9832.22,137.99,448.76,37.04,-64.36,5.2,25.75,39.07,15.79,20.7,-5.43,-1.91,140.0,135.0,140.0,2025-08-15,1.625,3.6,5.225,3.7321428571428568,0.5,4.699999999999999,5.199999999999999,138.92,1.0800000000000125,0.21,0.18073,0.195365,0.18073,7.49110639060221,-0.019515000000000005,187.0,123.0,0.26640926640926643,18.0,3.57142857142857,1,0.16071428571428692,2025-07-28,638.0,631.5828247070312,0.12219,0.12707,0.1382192857142857,0.00488,0.0160292857142857,0,0.1486714285714286,0.1096514285714285,0.03902,0.0069714285714286,0.0,0.0794917707607355,0.2270916334661354,0.0596057743992524,0.0644082470301238,0.0577817529698761,0.9254369921195764,0.9,-2.0175580674884275,0.8345332520024996,-0.3151264770209716,0.0129936786847655,0.0409727378565454,-0.000251003555304,1,15.029999732971191,18.15999984741211,2.810999732971192,5.225,1.0800000000000125,expiry_intrinsic,0.26125,1.9500000000000002,386.4249999999987,0.02760178571428562
ESS,2025-06-30,2025-07-29,1.0,285.41,279.15,1.84,4.13,1.42,1.46,1.38,2.0,1.47,1.47,1.49,1.49,0.0,0.0,0.0,1.0,466232680.0,480546240.0,445505000.0,14.0,46799.04,49079.18,-986.72,1532.74,8.82,-73.82,6.84,-66.12,121.54,-8.38,94.23,-0.2,24.34,280.0,270.0,280.0,2025-08-15,8.5,4.25,12.75,4.553571428571428,1.84,12.3,14.14,259.38,20.620000000000005,0.25877,0.23926,0.249015,0.209995,15.669738770756783,-0.019504999999999995,16.0,0.0,1.0149253731343284,18.0,3.57142857142857,1,0.9821428571428581,2025-07-28,638.0,631.5828247070312,0.12219,0.12707,0.1382192857142857,0.00488,0.0160292857142857,0,0.1486714285714286,0.1096514285714285,0.03902,0.0069714285714286,0.0,0.0794917707607355,0.2270916334661354,0.0596057743992524,0.0644082470301238,0.0577817529698761,0.9254369921195764,0.9,-2.0175580674884275,0.8345332520024996,-0.3151264770209716,0.0129936786847655,0.0409727378565454,-0.000251003555304,1,15.029999732971191,18.15999984741211,2.810999732971192,12.75,20.620000000000005,expiry_intrinsic,0.6375000000000001,1.9500000000000002,-852.7000000000004,-0.03045357142857144
CBRE,2025-06-30,2025-07-29,1.0,139.38,122.18,13.4,29.36,1.0706,1.16,0.95,11.0,1.0736,1.0714,1.0602,1.0379,2.0,0.0,3.0,1.0,9455969400.0,9559000000.0,9306447800.0,7.0,15974.24,15315.62,312.11,106.63,12.29,-75.09,11.96,10.26,-62.93,26.52,35.29,0.06,0.53,145.0,160.0,145.0,2025-08-15,5.8,3.5,9.3,6.413793103448276,13.1,0.35,13.45,158.93,13.930000000000007,0.37584,0.33682,0.35633000000000004,0.24414,31.484859540313764,-0.039020000000000055,167.0,30.0,0.036694101508916326,18.0,10.344827586206895,0,-3.931034482758619,2025-07-28,638.0,631.5828247070312,0.12219,0.12707,0.1382192857142857,0.00488,0.0160292857142857,0,0.1486714285714286,0.1096514285714285,0.03902,0.0069714285714286,0.0,0.0794917707607355,0.2270916334661354,0.0596057743992524,0.0644082470301238,0.0577817529698761,0.9254369921195764,0.9,-2.0175580674884275,0.8345332520024996,-0.3151264770209716,0.0129936786847655,0.0409727378565454,-0.000251003555304,1,15.029999732971191,18.15999984741211,2.810999732971192,9.3,13.930000000000007,expiry_intrinsic,0.4650000000000001,1.9500000000000002,-511.45000000000056,-0.03527241379310349
HUBB,2025-06-30,2025-07-29,1.0,406.62,363.18,5.09,17.66,4.3968,4.51,4.2471,13.0,4.4276,4.449,4.4498,4.6895,0.0,0.0,2.0,5.0,1507276300.0,1536000000.0,1469000000.0,10.0,17173.92,17588.35,415.25,871.02,-2.42,-75.74,3.94,-2.78,-14.63,-0.71,4.6,1.05,1.18,440.0,440.0,440.0,2025-08-15,14.399999999999999,16.2,30.599999999999998,6.954545454545453,9.05,11.0,20.05,427.65,12.350000000000023,0.37584,0.40511,0.390475,0.27341,29.98015237851336,-0.08292,400.0,485.0,0.3949367088607595,18.0,0.0,1,6.954545454545453,2025-07-28,638.0,631.5828247070312,0.12219,0.12707,0.1382192857142857,0.00488,0.0160292857142857,0,0.1486714285714286,0.1096514285714285,0.03902,0.0069714285714286,0.0,0.0794917707607355,0.2270916334661354,0.0596057743992524,0.0644082470301238,0.0577817529698761,0.9254369921195764,0.9,-2.0175580674884275,0.8345332520024996,-0.3151264770209716,0.0129936786847655,0.0409727378565454,-0.000251003555304,1,15.029999732971191,18.15999984741211,2.810999732971192,30.599999999999998,12.350000000000023,expiry_intrinsic,1.53,1.9500000000000002,1670.0499999999975,0.03795568181818176
META,2025-06-30,2025-07-30,1.0,738.09,572.21,-5.81,21.5,5.9022,6.949,5.14,47.0,5.8865,5.8419,5.8221,5.5714,4.0,0.0,15.0,3.0,44835165860.0,45694000000.0,43037000000.0,46.0,21855.1,16621.59,2826.06,479.98,16.07,-74.28,20.62,36.52,-19.83,27.36,27.04,0.32,3.59,700.0,775.0,700.0,2025-08-01,22.525,21.675,44.2,6.314285714285715,73.925,0.135,74.06,750.01,50.00999999999999,0.88315,0.86364,0.8733949999999999,0.375845,56.96735154197127,-0.5121849999999999,2316.0,2159.0,0.8091685163052758,3.0,10.71428571428572,0,-4.400000000000006,2025-07-29,636.0,629.9169311523438,0.1305557142857143,0.133275909090909,0.141705,0.0027201948051947,0.0111492857142857,0,0.1598257142857142,0.1110457142857142,0.0487799999999999,0.0048799999999999,0.1690677599099234,0.1046073017745135,0.3227091633466135,0.0692758776564769,0.065255519222654,0.0653001950630602,1.0616094773547855,1.07,-0.7458691642352533,0.8163731231144595,-0.3130547314493115,0.0101771795912586,0.0330942630437853,-0.0028879900982092,1,15.979999542236328,18.770000457763672,2.924428113664898,44.2,50.00999999999999,expiry_intrinsic,2.2100000000000004,1.9500000000000002,-803.9499999999989,-0.011484999999999985
INVH,2025-06-30,2025-07-30,0.0,32.8,35.11,-4.33,-10.62,0.1618,0.1636,0.16,2.0,0.1618,0.1618,0.16,0.1472,0.0,0.0,2.0,0.0,675594590.0,685000000.0,659080000.0,10.0,4368.64,4389.1,-17.6,124.34,4.4,-74.25,7.23,-25.0,23.21,6.31,1.07,-0.15,-0.92,32.5,30.0,32.5,2025-08-15,0.45,0.9,1.35,4.153846153846154,0.1,1.875,1.975,30.54,1.9600000000000009,0.22951,0.23926,0.234385,0.117315,49.947735563282635,-0.06829000000000002,358.0,13.0,0.995114006514658,17.0,7.692307692307687,0,-3.538461538461533,2025-07-29,636.0,629.9169311523438,0.1305557142857143,0.133275909090909,0.141705,0.0027201948051947,0.0111492857142857,0,0.1598257142857142,0.1110457142857142,0.0487799999999999,0.0048799999999999,0.1690677599099234,0.1046073017745135,0.3227091633466135,0.0692758776564769,0.065255519222654,0.0653001950630602,1.0616094773547855,1.07,-0.7458691642352533,0.8163731231144595,-0.3130547314493115,0.0101771795912586,0.0330942630437853,-0.0028879900982092,1,15.979999542236328,18.770000457763672,2.924428113664898,1.35,1.9600000000000009,expiry_intrinsic,0.0675,1.9500000000000002,-69.70000000000007,-0.021446153846153868
MAA,2025-06-30,2025-07-30,1.0,148.01,162.07,0.53,-8.19,0.845,0.85,0.84,2.0,0.87,0.87,0.88,0.88,0.0,0.0,0.0,1.0,551366980.0,555000000.0,544228840.0,13.0,21623.2,17232.0,1808.0,1305.8,1.04,-74.93,1.82,49.51,7.69,15.67,-3.84,-1.77,-1.47,150.0,145.0,150.0,2025-08-15,4.3,1.8,6.1,4.066666666666666,0.39,7.699999999999999,8.09,140.9,9.099999999999994,0.21975,0.22951,0.22463,0.209995,6.515158260250193,-0.009755000000000014,18.0,0.0,0.001483679525222552,17.0,3.3333333333333326,1,0.7333333333333338,2025-07-29,636.0,629.9169311523438,0.1305557142857143,0.133275909090909,0.141705,0.0027201948051947,0.0111492857142857,0,0.1598257142857142,0.1110457142857142,0.0487799999999999,0.0048799999999999,0.1690677599099234,0.1046073017745135,0.3227091633466135,0.0692758776564769,0.065255519222654,0.0653001950630602,1.0616094773547855,1.07,-0.7458691642352533,0.8163731231144595,-0.3130547314493115,0.0101771795912586,0.0330942630437853,-0.0028879900982092,1,15.979999542236328,18.770000457763672,2.924428113664898,6.1,9.099999999999994,expiry_intrinsic,0.305,1.9500000000000002,-332.4499999999995,-0.0221633333333333
UDR,2025-06-30,2025-07-30,0.0,40.83,42.6,-2.55,-6.6,0.13,0.13,0.13,2.0,0.13,0.13,0.11,0.11,1.0,0.0,1.0,0.0,422170230.0,425900000.0,413781530.0,9.0,9784.8,9292.0,96.0,318.7,2.01,-74.76,2.57,76.92,666.67,10.97,53.21,2.86,9.68,40.0,40.0,40.0,2025-08-15,0.85,0.52,1.37,3.4250000000000003,0.85,,,38.51,1.490000000000002,0.01488,0.0539,0.034390000000000004,0.034390000000000004,0.0,0.17073,54.0,3.0,1.0,17.0,0.0,1,3.4250000000000003,2025-07-29,636.0,629.9169311523438,0.1305557142857143,0.133275909090909,0.141705,0.0027201948051947,0.0111492857142857,0,0.1598257142857142,0.1110457142857142,0.0487799999999999,0.0048799999999999,0.1690677599099234,0.1046073017745135,0.3227091633466135,0.0692758776564769,0.065255519222654,0.0653001950630602,1.0616094773547855,1.07,-0.7458691642352533,0.8163731231144595,-0.3130547314493115,0.0101771795912586,0.0330942630437853,-0.0028879900982092,1,15.979999542236328,18.770000457763672,2.924428113664898,1.37,1.490000000000002,expiry_intrinsic,0.0685,1.9500000000000002,-20.80000000000019,-0.0052000000000000475
WEC,2025-06-30,2025-07-30,1.0,104.2,108.79,3.99,-0.4,0.7063,0.82,0.67,8.0,0.718,0.7114,0.6796,0.7936,2.0,0.0,2.0,1.0,1753786930.0,1915945000.0,1241681980.0,5.0,7830.94,7428.93,189.18,128.18,17.51,-63.38,0.16,15.23,58.74,10.8,15.26,-1.92,-0.58,110.0,110.0,110.0,2025-08-15,1.375,4.225,5.6,5.09090909090909,1.0,2.4,3.4,107.36,2.6400000000000006,0.20024,0.3856,0.29292,0.19048500000000002,34.970299057763214,-0.107315,5999.0,284.0,0.19316688567674112,17.0,0.0,1,5.09090909090909,2025-07-29,636.0,629.9169311523438,0.1305557142857143,0.133275909090909,0.141705,0.0027201948051947,0.0111492857142857,0,0.1598257142857142,0.1110457142857142,0.0487799999999999,0.0048799999999999,0.1690677599099234,0.1046073017745135,0.3227091633466135,0.0692758776564769,0.065255519222654,0.0653001950630602,1.0616094773547855,1.07,-0.7458691642352533,0.8163731231144595,-0.3130547314493115,0.0101771795912586,0.0330942630437853,-0.0028879900982092,1,15.979999542236328,18.770000457763672,2.924428113664898,5.6,2.6400000000000006,expiry_intrinsic,0.27999999999999997,1.9500000000000002,266.04999999999995,0.02418636363636363
VICI,2025-06-30,2025-07-30,0.0,32.6,31.51,-0.21,3.24,0.7,0.7,0.7,1.0,0.695,0.695,0.695,0.695,0.0,0.0,0.0,0.0,991221030.0,1005000000.0,965303810.0,11.0,-611.36,-665.7,-12.0,60.5,3.44,-74.43,6.11,21.19,3.1,-5.86,-5.73,0.03,-7.46,32.5,32.5,32.5,2025-08-15,0.8500000000000001,0.4,1.25,3.8461538461538463,0.55,0.425,0.9750000000000001,32.5,0.0,0.21975,0.21,0.21487499999999998,0.18560500000000002,13.621873182082588,-0.024389999999999967,4313.0,86.0,0.5287539936102237,17.0,0.0,1,3.8461538461538463,2025-07-29,636.0,629.9169311523438,0.1305557142857143,0.133275909090909,0.141705,0.0027201948051947,0.0111492857142857,0,0.1598257142857142,0.1110457142857142,0.0487799999999999,0.0048799999999999,0.1690677599099234,0.1046073017745135,0.3227091633466135,0.0692758776564769,0.065255519222654,0.0653001950630602,1.0616094773547855,1.07,-0.7458691642352533,0.8163731231144595,-0.3130547314493115,0.0101771795912586,0.0330942630437853,-0.0028879900982092,1,15.979999542236328,18.770000457763672,2.924428113664898,1.25,0.0,expiry_intrinsic,0.0625,1.9500000000000002,116.8,0.03593846153846154
VTR,2025-06-30,2025-07-30,1.0,63.15,65.54,5.27,1.43,0.0,0.0,0.0,0.0,0.0,0.0,0.0,0.0,0.0,0.0,0.0,0.0,1370305350.0,1398915000.0,1351556000.0,7.0,5387.1,4532.7,528.0,137.35,13.18,-72.42,9.63,433.33,-23.08,11.38,34.16,24.61,2.28,67.5,67.5,67.5,2025-08-15,1.375,1.8,3.175,4.703703703703703,1.225,1.25,2.475,67.77,0.269999999999996,0.27829,0.25877,0.26853,0.22463,16.348266487915687,-0.04877500000000001,2092.0,104.0,0.5637065637065637,17.0,0.0,1,4.703703703703703,2025-07-29,636.0,629.9169311523438,0.1305557142857143,0.133275909090909,0.141705,0.0027201948051947,0.0111492857142857,0,0.1598257142857142,0.1110457142857142,0.0487799999999999,0.0048799999999999,0.1690677599099234,0.1046073017745135,0.3227091633466135,0.0692758776564769,0.065255519222654,0.0653001950630602,1.0616094773547855,1.07,-0.7458691642352533,0.8163731231144595,-0.3130547314493115,0.0101771795912586,0.0330942630437853,-0.0028879900982092,1,15.979999542236328,18.770000457763672,2.924428113664898,3.175,0.269999999999996,expiry_intrinsic,0.15875,1.9500000000000002,272.6750000000004,0.040396296296296354
PSA,2025-06-30,2025-07-30,1.0,293.42,300.0,-1.63,-3.78,2.5541,2.65,2.5,8.0,2.5504,2.5504,2.5512,2.5508,1.0,0.0,1.0,0.0,1198037540.0,1223600000.0,1176426310.0,8.0,20373.22,21080.12,5.25,743.8,2.24,-74.8,3.8,-6.73,-3.39,-11.45,3.28,-0.01,0.46,290.0,270.0,290.0,2025-08-15,8.75,5.35,14.1,4.862068965517241,1.1749999999999998,17.5,18.675,282.94,7.060000000000002,0.27829,0.26853,0.27341,0.23926,12.490399034417171,-0.039024999999999976,60.0,15.0,0.07407407407407407,17.0,6.896551724137934,0,-2.034482758620693,2025-07-29,636.0,629.9169311523438,0.1305557142857143,0.133275909090909,0.141705,0.0027201948051947,0.0111492857142857,0,0.1598257142857142,0.1110457142857142,0.0487799999999999,0.0048799999999999,0.1690677599099234,0.1046073017745135,0.3227091633466135,0.0692758776564769,0.065255519222654,0.0653001950630602,1.0616094773547855,1.07,-0.7458691642352533,0.8163731231144595,-0.3130547314493115,0.0101771795912586,0.0330942630437853,-0.0028879900982092,1,15.979999542236328,18.770000457763672,2.924428113664898,14.1,7.060000000000002,expiry_intrinsic,0.7050000000000001,1.9500000000000002,631.5499999999997,0.021777586206896543
GRMN,2025-06-30,2025-07-30,1.0,208.72,186.78,6.12,18.58,1.8972,2.0,1.813,6.0,1.8638,1.8638,1.8638,1.8099,1.0,0.0,1.0,0.0,1704575000.0,1716000000.0,1679400000.0,4.0,26634.59,24857.09,805.25,818.33,11.11,-75.62,18.64,13.38,-33.2,10.46,11.53,-0.44,0.08,240.0,220.0,240.0,2025-08-15,11.55,11.1,22.65,9.4375,0.22,21.5,21.72,232.34,7.659999999999997,0.56121,0.53194,0.546575,0.249015,54.44083611581211,-0.19512000000000002,91.0,176.0,0.6915077989601387,17.0,8.333333333333337,1,1.1041666666666625,2025-07-29,636.0,629.9169311523438,0.1305557142857143,0.133275909090909,0.141705,0.0027201948051947,0.0111492857142857,0,0.1598257142857142,0.1110457142857142,0.0487799999999999,0.0048799999999999,0.1690677599099234,0.1046073017745135,0.3227091633466135,0.0692758776564769,0.065255519222654,0.0653001950630602,1.0616094773547855,1.07,-0.7458691642352533,0.8163731231144595,-0.3130547314493115,0.0101771795912586,0.0330942630437853,-0.0028879900982092,1,15.979999542236328,18.770000457763672,2.924428113664898,22.65,7.659999999999997,expiry_intrinsic,1.1325,1.9500000000000002,1383.8000000000002,0.05765833333333334
AEP,2025-06-30,2025-07-30,1.0,103.76,107.54,9.15,5.31,1.2673,1.35,1.2,14.0,1.2179,1.1759,1.231,1.2644,1.0,0.0,3.0,5.0,4968548980.0,5334000000.0,4713800000.0,6.0,3372.51,2924.67,318.78,216.14,10.66,-71.69,3.92,21.26,24.19,7.56,17.32,0.89,1.47,110.0,115.0,110.0,2025-08-15,1.45,3.025,4.475,4.068181818181818,3.5,0.7749999999999999,4.275,111.99,1.9899999999999949,0.18073,0.28804,0.234385,0.19535999999999998,16.649956268532556,-0.04877500000000001,3574.0,325.0,0.2145030425963489,17.0,4.545454545454541,0,-0.4772727272727231,2025-07-29,636.0,629.9169311523438,0.1305557142857143,0.133275909090909,0.141705,0.0027201948051947,0.0111492857142857,0,0.1598257142857142,0.1110457142857142,0.0487799999999999,0.0048799999999999,0.1690677599099234,0.1046073017745135,0.3227091633466135,0.0692758776564769,0.065255519222654,0.0653001950630602,1.0616094773547855,1.07,-0.7458691642352533,0.8163731231144595,-0.3130547314493115,0.0101771795912586,0.0330942630437853,-0.0028879900982092,1,15.979999542236328,18.770000457763672,2.924428113664898,4.475,1.9899999999999949,expiry_intrinsic,0.22375,1.9500000000000002,224.1750000000005,0.0203795454545455
ALB,2025-06-30,2025-07-30,1.0,62.67,59.32,9.93,16.13,-0.8142,-0.16,-1.5,19.0,-0.7877,-0.6633,-0.6533,-0.4327,0.0,0.0,1.0,7.0,1227195780.0,1340000000.0,1112000000.0,17.0,22315.62,22999.96,962.08,2123.68,-20.86,-79.97,-40.99,-169.23,83.49,3375.79,111.01,11.65,15.03,72.0,68.0,72.0,2025-08-01,2.6500000000000004,2.8200000000000003,5.470000000000001,7.597222222222223,0.105,4.775,4.880000000000001,67.9,4.099999999999994,1.08802,1.00998,1.049,0.52706,49.75595805529075,-0.46340499999999984,165.0,31.0,0.5158041958041958,3.0,5.555555555555558,1,2.041666666666665,2025-07-29,636.0,629.9169311523438,0.1305557142857143,0.133275909090909,0.141705,0.0027201948051947,0.0111492857142857,0,0.1598257142857142,0.1110457142857142,0.0487799999999999,0.0048799999999999,0.1690677599099234,0.1046073017745135,0.3227091633466135,0.0692758776564769,0.065255519222654,0.0653001950630602,1.0616094773547855,1.07,-0.7458691642352533,0.8163731231144595,-0.3130547314493115,0.0101771795912586,0.0330942630437853,-0.0028879900982092,1,15.979999542236328,18.770000457763672,2.924428113664898,5.470000000000001,4.099999999999994,expiry_intrinsic,0.2735,1.9500000000000002,107.70000000000063,0.01495833333333342
ALL,2025-06-30,2025-07-30,1.0,201.31,197.24,-4.49,-2.51,3.2557,4.47,2.72,17.0,3.2857,3.1991,3.2127,3.1192,4.0,0.0,7.0,6.0,16596225999.0,16874000000.0,16318452000.0,2.0,44648.61,37952.62,4597.43,1716.44,6.64,-74.4,11.78,-31.19,-53.98,-43.83,-53.94,-4.43,-5.82,195.0,200.0,195.0,2025-08-15,4.6,5.35,9.95,5.102564102564102,9.55,1.15,10.700000000000001,206.78,11.780000000000001,0.2978,0.2978,0.2978,0.21487499999999998,27.845869711215588,-0.04878000000000002,95.0,13.0,0.6866952789699571,17.0,2.564102564102555,1,2.538461538461547,2025-07-29,636.0,629.9169311523438,0.1305557142857143,0.133275909090909,0.141705,0.0027201948051947,0.0111492857142857,0,0.1598257142857142,0.1110457142857142,0.0487799999999999,0.0048799999999999,0.1690677599099234,0.1046073017745135,0.3227091633466135,0.0692758776564769,0.065255519222654,0.0653001950630602,1.0616094773547855,1.07,-0.7458691642352533,0.8163731231144595,-0.3130547314493115,0.0101771795912586,0.0330942630437853,-0.0028879900982092,1,15.979999542236328,18.770000457763672,2.924428113664898,9.95,11.780000000000001,expiry_intrinsic,0.4975,1.9500000000000002,-234.7000000000002,-0.012035897435897445
AVB,2025-06-30,2025-07-30,0.0,203.5,209.0,-3.53,-6.07,1.3001,1.3001,1.3001,1.0,1.02,1.0934,1.0934,1.3883,0.0,0.0,0.0,1.0,758196390.0,770953500.0,748924000.0,9.0,46005.28,42163.65,1060.0,2160.18,4.63,-74.4,5.15,3.28,-41.4,16.72,6.59,-0.18,0.59,200.0,185.0,200.0,2025-08-15,6.25,2.425,8.675,4.3375,0.26,13.7,13.959999999999999,190.58,9.419999999999987,0.24902,0.22951,0.239265,0.24414,-2.037489812550933,-0.019515000000000005,10.0,0.0,0.47058823529411764,17.0,7.499999999999996,0,-3.162499999999995,2025-07-29,636.0,629.9169311523438,0.1305557142857143,0.133275909090909,0.141705,0.0027201948051947,0.0111492857142857,0,0.1598257142857142,0.1110457142857142,0.0487799999999999,0.0048799999999999,0.1690677599099234,0.1046073017745135,0.3227091633466135,0.0692758776564769,0.065255519222654,0.0653001950630602,1.0616094773547855,1.07,-0.7458691642352533,0.8163731231144595,-0.3130547314493115,0.0101771795912586,0.0330942630437853,-0.0028879900982092,1,15.979999542236328,18.770000457763672,2.924428113664898,8.675,9.419999999999987,expiry_intrinsic,0.4337500000000001,1.9500000000000002,-119.8249999999987,-0.005991249999999935
BG,2025-06-30,2025-07-30,1.0,80.28,78.48,0.02,2.32,1.0834,1.26,0.946,6.0,1.1318,1.2348,1.2197,1.8296,0.0,0.0,0.0,3.0,12425752510.0,13048000000.0,11411000000.0,4.0,44596.19,42917.46,803.71,825.45,-13.22,-78.08,-11.09,-40.46,-15.02,-13.75,-50.34,-1.4,-1.4,77.5,80.0,77.5,2025-08-15,2.075,3.075,5.15,6.645161290322581,3.125,1.3,4.425,81.78,4.280000000000001,0.3856,0.3856,0.3856,0.29292,24.035269709543563,-0.058535000000000004,354.0,178.0,1.0305810397553516,17.0,3.2258064516129004,1,3.4193548387096806,2025-07-29,636.0,629.9169311523438,0.1305557142857143,0.133275909090909,0.141705,0.0027201948051947,0.0111492857142857,0,0.1598257142857142,0.1110457142857142,0.0487799999999999,0.0048799999999999,0.1690677599099234,0.1046073017745135,0.3227091633466135,0.0692758776564769,0.065255519222654,0.0653001950630602,1.0616094773547855,1.07,-0.7458691642352533,0.8163731231144595,-0.3130547314493115,0.0101771795912586,0.0330942630437853,-0.0028879900982092,1,15.979999542236328,18.770000457763672,2.924428113664898,5.15,4.280000000000001,expiry_intrinsic,0.2575,1.9500000000000002,59.29999999999991,0.007651612903225795
AWK,2025-06-30,2025-07-30,0.0,139.11,146.43,0.39,-4.63,1.5266,1.67,1.47,9.0,1.5371,1.5218,1.5285,1.4923,1.0,0.0,2.0,1.0,1228000000.0,1287000000.0,1129000000.0,3.0,2980.96,2785.38,90.54,304.22,12.96,-75.62,10.51,12.9,-13.93,20.46,13.8,0.17,0.24,140.0,140.0,140.0,2025-08-15,3.05,3.1500000000000004,6.2,4.428571428571429,1.725,2.425,4.15,143.92,3.9199999999999875,0.20024,0.30755,0.253895,0.18560500000000002,26.896945587742955,-0.05365499999999998,110.0,9.0,0.46226415094339623,17.0,0.0,1,4.428571428571429,2025-07-29,636.0,629.9169311523438,0.1305557142857143,0.133275909090909,0.141705,0.0027201948051947,0.0111492857142857,0,0.1598257142857142,0.1110457142857142,0.0487799999999999,0.0048799999999999,0.1690677599099234,0.1046073017745135,0.3227091633466135,0.0692758776564769,0.065255519222654,0.0653001950630602,1.0616094773547855,1.07,-0.7458691642352533,0.8163731231144595,-0.3130547314493115,0.0101771795912586,0.0330942630437853,-0.0028879900982092,1,15.979999542236328,18.770000457763672,2.924428113664898,6.2,3.9199999999999875,expiry_intrinsic,0.31000000000000005,1.9500000000000002,195.05000000000126,0.013932142857142947
EG,2025-06-30,2025-07-30,1.0,339.85,337.38,-2.15,-1.43,14.8239,16.0,13.85,12.0,14.969,15.0708,15.0727,15.8773,2.0,0.0,3.0,6.0,4073500000.0,4139000000.0,4012000000.0,4.0,98863.2,98939.68,3602.24,8068.49,3.87,-75.18,13.4,-69.98,135.1,-67.09,-67.09,-13.43,-14.55,330.0,340.0,330.0,2025-08-15,10.6,7.65,18.25,5.53030303030303,10.0,3.8249999999999997,13.825,331.84,1.839999999999975,0.31731,0.31731,0.31731,0.22950500000000001,27.671677539314853,-0.063415,37.0,0.0,0.2727272727272727,17.0,3.0303030303030276,1,2.5000000000000027,2025-07-29,636.0,629.9169311523438,0.1305557142857143,0.133275909090909,0.141705,0.0027201948051947,0.0111492857142857,0,0.1598257142857142,0.1110457142857142,0.0487799999999999,0.0048799999999999,0.1690677599099234,0.1046073017745135,0.3227091633466135,0.0692758776564769,0.065255519222654,0.0653001950630602,1.0616094773547855,1.07,-0.7458691642352533,0.8163731231144595,-0.3130547314493115,0.0101771795912586,0.0330942630437853,-0.0028879900982092,1,15.979999542236328,18.770000457763672,2.924428113664898,18.25,1.839999999999975,expiry_intrinsic,0.9125000000000001,1.9500000000000002,1547.8000000000025,0.04690303030303038
FFIV,2025-06-30,2025-07-30,1.0,294.32,265.77,1.59,12.5,3.4975,3.57,3.46,12.0,3.4975,3.4938,3.4938,3.504,1.0,0.0,2.0,0.0,752642030.0,765561000.0,740005000.0,11.0,14236.64,13008.7,914.13,920.02,7.3,-4.61,6.88,17.53,4.91,7.91,13.53,1.43,1.19,300.0,310.0,300.0,2025-08-15,11.25,11.35,22.6,7.533333333333333,15.600000000000001,1.55,17.150000000000002,315.34,15.339999999999975,0.44414,0.43438,0.43926,0.23926,45.531120520876016,-0.12195,60.0,7.0,4.556521739130435,17.0,3.3333333333333437,1,4.1999999999999895,2025-07-29,636.0,629.9169311523438,0.1305557142857143,0.133275909090909,0.141705,0.0027201948051947,0.0111492857142857,0,0.1598257142857142,0.1110457142857142,0.0487799999999999,0.0048799999999999,0.1690677599099234,0.1046073017745135,0.3227091633466135,0.0692758776564769,0.065255519222654,0.0653001950630602,1.0616094773547855,1.07,-0.7458691642352533,0.8163731231144595,-0.3130547314493115,0.0101771795912586,0.0330942630437853,-0.0028879900982092,1,15.979999542236328,18.770000457763672,2.924428113664898,22.6,15.339999999999975,expiry_intrinsic,1.1300000000000001,1.9500000000000002,611.0500000000026,0.02036833333333342
FE,2025-06-30,2025-07-30,1.0,40.26,42.75,3.8,-2.25,0.4865,0.53,0.46,11.0,0.5168,0.5066,0.5074,0.5049,0.0,0.0,1.0,6.0,3389257270.0,3532516000.0,3237413080.0,4.0,3165.58,3033.34,104.53,158.88,14.54,-72.05,7.05,21.82,0.0,26.02,23.2,1.85,1.41,42.0,42.0,42.0,2025-08-15,0.6000000000000001,1.1,1.7000000000000002,4.0476190476190474,0.95,0.47500000000000003,1.425,43.47,1.4699999999999989,0.18073,0.28804,0.234385,0.18560500000000002,20.811912025086922,-0.05366000000000001,3507.0,174.0,0.07571801566579635,17.0,0.0,1,4.0476190476190474,2025-07-29,636.0,629.9169311523438,0.1305557142857143,0.133275909090909,0.141705,0.0027201948051947,0.0111492857142857,0,0.1598257142857142,0.1110457142857142,0.0487799999999999,0.0048799999999999,0.1690677599099234,0.1046073017745135,0.3227091633466135,0.0692758776564769,0.065255519222654,0.0653001950630602,1.0616094773547855,1.07,-0.7458691642352533,0.8163731231144595,-0.3130547314493115,0.0101771795912586,0.0330942630437853,-0.0028879900982092,1,15.979999542236328,18.770000457763672,2.924428113664898,1.7000000000000002,1.4699999999999989,expiry_intrinsic,0.08500000000000002,1.9500000000000002,12.550000000000129,0.002988095238095269
ETR,2025-06-30,2025-07-30,1.0,83.12,83.37,7.42,7.1,0.9122,0.9866,0.8342,13.0,0.9057,0.9264,0.8884,0.8889,1.0,0.0,2.0,4.0,3171431920.0,3342127670.0,3007600000.0,4.0,17116.16,16651.5,315.04,183.63,1.87,-76.04,-1.47,-24.07,24.24,46.59,194.18,7.14,16.07,87.5,90.0,87.5,2025-08-15,2.7750000000000004,2.1,4.875,5.571428571428571,3.25,0.475,3.725,89.12,1.6200000000000045,0.30755,0.02463,0.16609,0.19048500000000002,-14.687819856704214,0.05854000000000001,1724.0,140.0,0.7106382978723405,17.0,2.857142857142847,1,2.714285714285724,2025-07-29,636.0,629.9169311523438,0.1305557142857143,0.133275909090909,0.141705,0.0027201948051947,0.0111492857142857,0,0.1598257142857142,0.1110457142857142,0.0487799999999999,0.0048799999999999,0.1690677599099234,0.1046073017745135,0.3227091633466135,0.0692758776564769,0.065255519222654,0.0653001950630602,1.0616094773547855,1.07,-0.7458691642352533,0.8163731231144595,-0.3130547314493115,0.0101771795912586,0.0330942630437853,-0.0028879900982092,1,15.979999542236328,18.770000457763672,2.924428113664898,4.875,1.6200000000000045,expiry_intrinsic,0.24375000000000002,1.9500000000000002,299.17499999999956,0.03419142857142852
ICE,2025-06-30,2025-07-31,1.0,181.86,173.45,1.63,6.56,1.7701,1.83,1.74,15.0,1.7692,1.7382,1.738,1.687,4.0,0.0,12.0,3.0,2538567740.0,2567655930.0,2521000000.0,9.0,4441.7,4343.45,78.61,40.69,15.28,-72.54,19.75,16.22,13.16,4.79,14.86,-2.85,-0.14,185.0,185.0,185.0,2025-08-15,4.65,2.5749999999999997,7.225,3.9054054054054053,3.175,2.875,6.05,181.2,3.8000000000000114,0.26853,0.20024,0.234385,0.209995,10.405956012543474,-0.03414500000000001,287.0,483.0,0.20351473922902494,16.0,0.0,1,3.9054054054054053,2025-07-30,639.0,629.1236572265625,0.12707,0.1310586363636363,0.1406592857142857,0.0039886363636363,0.0135892857142857,0,0.1417,0.12219,0.01951,0.0048749999999999,0.0986228599474555,0.0941424971854393,0.2948207171314741,0.0408396912650332,0.0648491300796026,0.0622208699203974,0.6297646740195635,1.29,0.7565332011284679,1.0574451677843406,-0.2587041109526384,0.0003942349687,0.0268836165054346,-0.004143684173762,1,15.479999542236328,18.350000381469727,2.7729995422363274,7.225,3.8000000000000114,expiry_intrinsic,0.36125,1.9500000000000002,304.4249999999988,0.01645540540540534
KIM,2025-06-30,2025-07-31,1.0,21.18,21.12,0.24,0.52,0.1787,0.21,0.16,4.0,0.1683,0.1683,0.1683,0.1912,0.0,0.0,0.0,2.0,525226950.0,530803000.0,518406000.0,7.0,15548.16,15362.74,73.6,72.75,6.53,-73.66,12.77,700.0,-21.74,29.87,38.1,-0.05,7.69,22.5,20.0,22.5,2025-08-15,0.2,0.7250000000000001,0.925,4.111111111111112,0.05,1.775,1.825,21.21,1.2899999999999991,0.22951,0.21,0.21975499999999998,0.239265,-8.878068758390038,-0.0048799999999999955,112.0,24.0,0.023781212841854936,16.0,11.111111111111116,0,-7.000000000000004,2025-07-30,639.0,629.1236572265625,0.12707,0.1310586363636363,0.1406592857142857,0.0039886363636363,0.0135892857142857,0,0.1417,0.12219,0.01951,0.0048749999999999,0.0986228599474555,0.0941424971854393,0.2948207171314741,0.0408396912650332,0.0648491300796026,0.0622208699203974,0.6297646740195635,1.29,0.7565332011284679,1.0574451677843406,-0.2587041109526384,0.0003942349687,0.0268836165054346,-0.004143684173762,1,15.479999542236328,18.350000381469727,2.7729995422363274,0.925,1.2899999999999991,expiry_intrinsic,0.046250000000000006,1.9500000000000002,-43.07499999999992,-0.01914444444444441
MTD,2025-06-30,2025-07-31,1.0,1205.29,1100.01,2.36,12.15,9.5983,9.95,9.488,12.0,9.5973,9.554,9.5482,10.1736,1.0,0.0,2.0,0.0,958170550.0,966000000.0,946041730.0,10.0,34812.32,32155.07,1577.39,601.96,-4.56,-77.18,0.28,-7.87,-34.0,-9.24,-11.87,0.33,-2.06,1270.0,1200.0,1270.0,2025-08-15,41.25,45.6,86.85,6.838582677165355,4.824999999999999,73.19999999999999,78.02499999999999,1312.34,42.33999999999992,0.39536,0.42462,0.40998999999999997,0.28804,29.74462791775408,-0.09755999999999998,2.0,0.0,3.75,16.0,5.511811023622048,1,1.3267716535433065,2025-07-30,639.0,629.1236572265625,0.12707,0.1310586363636363,0.1406592857142857,0.0039886363636363,0.0135892857142857,0,0.1417,0.12219,0.01951,0.0048749999999999,0.0986228599474555,0.0941424971854393,0.2948207171314741,0.0408396912650332,0.0648491300796026,0.0622208699203974,0.6297646740195635,1.29,0.7565332011284679,1.0574451677843406,-0.2587041109526384,0.0003942349687,0.0268836165054346,-0.004143684173762,1,15.479999542236328,18.350000381469727,2.7729995422363274,86.85,42.33999999999992,expiry_intrinsic,4.3425,1.9500000000000002,4014.8000000000075,0.03161259842519691
PPL,2025-06-30,2025-07-31,0.0,33.99,36.17,5.0,-1.33,0.3864,0.4013,0.35,10.0,0.3838,0.3778,0.38,0.3942,2.0,0.0,2.0,5.0,1985911400.0,1989822810.0,1982000000.0,2.0,245.54,260.65,-83.11,100.77,8.68,-70.41,2.98,3.17,63.85,15.55,24.4,3.26,3.43,36.0,36.0,36.0,2025-08-15,1.05,0.65,1.7000000000000002,4.722222222222223,0.425,0.7250000000000001,1.1500000000000001,36.55,0.5499999999999972,0.32707,0.22951,0.27829000000000004,0.20512,26.292716231269548,-0.07805000000000004,12571.0,115.0,0.46934865900383144,16.0,0.0,1,4.722222222222223,2025-07-30,639.0,629.1236572265625,0.12707,0.1310586363636363,0.1406592857142857,0.0039886363636363,0.0135892857142857,0,0.1417,0.12219,0.01951,0.0048749999999999,0.0986228599474555,0.0941424971854393,0.2948207171314741,0.0408396912650332,0.0648491300796026,0.0622208699203974,0.6297646740195635,1.29,0.7565332011284679,1.0574451677843406,-0.2587041109526384,0.0003942349687,0.0268836165054346,-0.004143684173762,1,15.479999542236328,18.350000381469727,2.7729995422363274,1.7000000000000002,0.5499999999999972,expiry_intrinsic,0.08500000000000002,1.9500000000000002,104.55000000000031,0.029041666666666754
WTW,2025-06-30,2025-07-31,1.0,307.61,312.07,2.67,1.2,2.6261,3.06,2.47,15.0,2.6261,2.644,2.6453,2.6306,0.0,0.0,2.0,5.0,2237059200.0,2283000000.0,2202404000.0,10.0,3403.01,3116.7,249.61,319.56,-5.04,-77.61,3.46,-4.86,-61.5,-13.28,54.29,-2.23,7.47,300.0,320.0,300.0,2025-08-15,9.649999999999999,7.199999999999999,16.849999999999998,5.616666666666665,17.2,,,330.5,30.5,0.33682,0.33682,0.33682,0.21487499999999998,36.204797814856605,-0.07317000000000001,8.0,0.0,0.5555555555555556,16.0,6.666666666666665,0,-1.0499999999999998,2025-07-30,639.0,629.1236572265625,0.12707,0.1310586363636363,0.1406592857142857,0.0039886363636363,0.0135892857142857,0,0.1417,0.12219,0.01951,0.0048749999999999,0.0986228599474555,0.0941424971854393,0.2948207171314741,0.0408396912650332,0.0648491300796026,0.0622208699203974,0.6297646740195635,1.29,0.7565332011284679,1.0574451677843406,-0.2587041109526384,0.0003942349687,0.0268836165054346,-0.004143684173762,1,15.479999542236328,18.350000381469727,2.7729995422363274,16.849999999999998,30.5,expiry_intrinsic,0.8424999999999999,1.9500000000000002,-1451.2000000000003,-0.048373333333333345
HII,2025-06-30,2025-07-31,1.0,246.31,230.02,13.22,21.23,3.3903,4.3,3.1068,9.0,3.3766,3.3766,3.3766,3.3276,1.0,0.0,1.0,1.0,2935785110.0,3077000000.0,2899000000.0,10.0,32048.03,30155.92,1935.36,2922.44,-2.53,-76.3,0.67,-2.07,20.32,3.16,12.59,1.04,0.79,260.0,270.0,260.0,2025-08-15,10.5,11.600000000000001,22.1,8.5,12.55,2.6,15.15,266.25,6.25,0.47354303289884303,0.5453437886829058,0.5094434107908744,,,,92.0,7.0,0.27586206896551724,16.0,3.8461538461538547,1,4.653846153846145,2025-07-30,639.0,629.1236572265625,0.12707,0.1310586363636363,0.1406592857142857,0.0039886363636363,0.0135892857142857,0,0.1417,0.12219,0.01951,0.0048749999999999,0.0986228599474555,0.0941424971854393,0.2948207171314741,0.0408396912650332,0.0648491300796026,0.0622208699203974,0.6297646740195635,1.29,0.7565332011284679,1.0574451677843406,-0.2587041109526384,0.0003942349687,0.0268836165054346,-0.004143684173762,1,15.479999542236328,18.350000381469727,2.7729995422363274,22.1,6.25,expiry_intrinsic,1.1050000000000002,1.9500000000000002,1472.55,0.05663653846153846
CMS,2025-06-30,2025-07-31,1.0,70.13,72.91,5.23,1.22,0.6806,0.72,0.65,13.0,0.6836,0.664,0.6647,0.6795,1.0,0.0,3.0,3.0,1703637420.0,1719530110.0,1680000000.0,4.0,4679.52,4615.39,26.67,82.79,12.45,-67.44,3.47,5.15,17.24,7.74,19.9,-0.31,1.26,70.0,75.0,70.0,2025-08-15,3.05,1.375,4.425,6.321428571428571,4.2,0.22499999999999998,4.425,72.3,2.299999999999997,0.27829,0.39536,0.336825,0.136825,59.378015289838935,-0.16585499999999997,1003.0,3.0,0.16037735849056603,16.0,7.14285714285714,0,-0.8214285714285685,2025-07-30,639.0,629.1236572265625,0.12707,0.1310586363636363,0.1406592857142857,0.0039886363636363,0.0135892857142857,0,0.1417,0.12219,0.01951,0.0048749999999999,0.0986228599474555,0.0941424971854393,0.2948207171314741,0.0408396912650332,0.0648491300796026,0.0622208699203974,0.6297646740195635,1.29,0.7565332011284679,1.0574451677843406,-0.2587041109526384,0.0003942349687,0.0268836165054346,-0.004143684173762,1,15.479999542236328,18.350000381469727,2.7729995422363274,4.425,2.299999999999997,expiry_intrinsic,0.22125,1.9500000000000002,188.4250000000003,0.026917857142857184
ES,2025-06-30,2025-07-31,1.0,64.55,58.83,2.4,12.36,0.9509,0.97,0.9008,14.0,0.9541,0.9712,0.9719,0.9803,0.0,0.0,1.0,7.0,2929211270.0,3186000000.0,2800200000.0,5.0,3601.44,3543.9,14.19,59.92,23.58,-65.39,4.61,0.67,48.51,45.44,9.51,6.6,-2.89,65.0,65.0,65.0,2025-08-15,2.0,0.75,2.75,4.230769230769231,1.95,0.875,2.825,65.53,0.5300000000000011,0.24902,0.21975,0.234385,0.27341,-16.64995626853253,-0.024390000000000023,1866.0,0.0,1.457142857142857,16.0,0.0,1,4.230769230769231,2025-07-30,639.0,629.1236572265625,0.12707,0.1310586363636363,0.1406592857142857,0.0039886363636363,0.0135892857142857,0,0.1417,0.12219,0.01951,0.0048749999999999,0.0986228599474555,0.0941424971854393,0.2948207171314741,0.0408396912650332,0.0648491300796026,0.0622208699203974,0.6297646740195635,1.29,0.7565332011284679,1.0574451677843406,-0.2587041109526384,0.0003942349687,0.0268836165054346,-0.004143684173762,1,15.479999542236328,18.350000381469727,2.7729995422363274,2.75,0.5300000000000011,expiry_intrinsic,0.1375,1.9500000000000002,206.29999999999987,0.03173846153846152
AEE,2025-06-30,2025-07-31,1.0,96.39,99.48,4.92,1.66,0.9958,1.05,0.95,6.0,1.0038,1.1158,1.1158,1.1502,0.0,0.0,0.0,3.0,1777870560.0,1957100000.0,1583802360.0,5.0,8876.58,8873.04,31.17,109.05,15.47,-72.49,3.43,9.18,38.96,8.52,15.9,-2.87,0.08,100.0,100.0,100.0,2025-08-15,1.7,1.5,3.2,3.2,2.45,0.575,3.0250000000000004,100.56,0.5600000000000023,0.20024,0.18073,0.19048500000000002,0.146585,23.046434102422772,-0.014635000000000009,131.0,2.0,0.17647058823529413,16.0,0.0,1,3.2,2025-07-30,639.0,629.1236572265625,0.12707,0.1310586363636363,0.1406592857142857,0.0039886363636363,0.0135892857142857,0,0.1417,0.12219,0.01951,0.0048749999999999,0.0986228599474555,0.0941424971854393,0.2948207171314741,0.0408396912650332,0.0648491300796026,0.0622208699203974,0.6297646740195635,1.29,0.7565332011284679,1.0574451677843406,-0.2587041109526384,0.0003942349687,0.0268836165054346,-0.004143684173762,1,15.479999542236328,18.350000381469727,2.7729995422363274,3.2,0.5600000000000023,expiry_intrinsic,0.16000000000000003,1.9500000000000002,246.04999999999978,0.024604999999999978
AMZN,2025-06-30,2025-07-31,1.0,220.46,189.98,6.19,23.23,1.3329,1.54,1.0,41.0,1.3234,1.3077,1.3127,1.3915,4.0,0.0,10.0,0.0,162105860940.0,164352000000.0,159004000000.0,45.0,-153867.07,-155187.48,714.41,122.83,8.62,-75.6,10.54,62.24,-14.52,35.16,20.24,1.23,1.14,230.0,215.0,230.0,2025-08-01,6.45,6.1,12.55,5.456521739130435,0.01,15.05,15.06,214.75,15.25,0.93193,0.91242,0.922175,0.30755,66.64949711280397,-0.604865,11879.0,7178.0,0.6311151803223335,2.0,6.521739130434778,0,-1.0652173913043432,2025-07-30,639.0,629.1236572265625,0.12707,0.1310586363636363,0.1406592857142857,0.0039886363636363,0.0135892857142857,0,0.1417,0.12219,0.01951,0.0048749999999999,0.0986228599474555,0.0941424971854393,0.2948207171314741,0.0408396912650332,0.0648491300796026,0.0622208699203974,0.6297646740195635,1.29,0.7565332011284679,1.0574451677843406,-0.2587041109526384,0.0003942349687,0.0268836165054346,-0.004143684173762,1,15.479999542236328,18.350000381469727,2.7729995422363274,12.55,15.25,expiry_intrinsic,0.6275000000000001,1.9500000000000002,-334.69999999999993,-0.014552173913043476
EXC,2025-06-30,2025-07-31,1.0,43.41,46.48,3.52,-3.31,0.3676,0.41,0.3378,13.0,0.3807,0.4625,0.4641,0.5041,0.0,0.0,0.0,9.0,5482346330.0,5535900000.0,5376000000.0,3.0,3905.55,3562.98,144.14,59.74,11.1,-70.84,6.97,35.29,43.75,20.49,37.88,3.28,4.45,44.0,44.0,44.0,2025-08-15,0.8999999999999999,1.2,2.0999999999999996,4.7727272727272725,0.9750000000000001,0.5,1.475,44.58,0.5799999999999983,0.19048,0.36609,0.278285,0.19536,29.798587778716062,-0.082925,962.0,259.0,0.16954022988505746,16.0,0.0,1,4.7727272727272725,2025-07-30,639.0,629.1236572265625,0.12707,0.1310586363636363,0.1406592857142857,0.0039886363636363,0.0135892857142857,0,0.1417,0.12219,0.01951,0.0048749999999999,0.0986228599474555,0.0941424971854393,0.2948207171314741,0.0408396912650332,0.0648491300796026,0.0622208699203974,0.6297646740195635,1.29,0.7565332011284679,1.0574451677843406,-0.2587041109526384,0.0003942349687,0.0268836165054346,-0.004143684173762,1,15.479999542236328,18.350000381469727,2.7729995422363274,2.0999999999999996,0.5799999999999983,expiry_intrinsic,0.10499999999999998,1.9500000000000002,139.55000000000015,0.03171590909090913
APD,2025-06-30,2025-07-31,1.0,285.47,277.62,0.84,3.7,2.9941,3.1,2.9,17.0,3.0031,3.0001,2.947,3.2845,1.0,0.0,2.0,3.0,2986654690.0,3138000000.0,2810000000.0,14.0,3133.63,2385.44,606.11,714.24,-0.48,-0.52,-1.62,-5.61,-23.58,-260.54,-465.35,-2.47,-101.58,290.0,280.0,290.0,2025-08-15,8.95,8.0,16.95,5.844827586206897,2.3,10.5,12.8,290.46,0.45999999999997954,0.35633,0.34658,0.35145499999999996,0.24902,29.14597885931342,-0.08292499999999997,481.0,35.0,0.2440041710114703,16.0,3.4482758620689613,1,2.3965517241379355,2025-07-30,639.0,629.1236572265625,0.12707,0.1310586363636363,0.1406592857142857,0.0039886363636363,0.0135892857142857,0,0.1417,0.12219,0.01951,0.0048749999999999,0.0986228599474555,0.0941424971854393,0.2948207171314741,0.0408396912650332,0.0648491300796026,0.0622208699203974,0.6297646740195635,1.29,0.7565332011284679,1.0574451677843406,-0.2587041109526384,0.0003942349687,0.0268836165054346,-0.004143684173762,1,15.479999542236328,18.350000381469727,2.7729995422363274,16.95,0.45999999999997954,expiry_intrinsic,0.8475,1.9500000000000002,1562.300000000002,0.053872413793103514
BIIB,2025-06-30,2025-07-31,1.0,130.07,123.53,-1.59,3.62,3.871,4.12,3.59,26.0,3.8819,4.0589,4.0589,4.0307,0.0,0.0,2.0,14.0,2322592180.0,2408000000.0,2240910330.0,28.0,39051.17,38709.84,1237.38,1460.25,6.13,-74.88,-0.44,-17.71,-12.21,10.92,6.11,-2.02,0.0,128.0,134.0,128.0,2025-08-01,3.8499999999999996,4.300000000000001,8.15,6.3671875,3.575,,,131.95,3.9499999999999886,1.19534,0.9612,1.07827,0.36121000000000003,66.50096914501934,-0.7073050000000001,48.0,20.0,0.851261620185923,2.0,4.6875,1,1.6796875,2025-07-30,639.0,629.1236572265625,0.12707,0.1310586363636363,0.1406592857142857,0.0039886363636363,0.0135892857142857,0,0.1417,0.12219,0.01951,0.0048749999999999,0.0986228599474555,0.0941424971854393,0.2948207171314741,0.0408396912650332,0.0648491300796026,0.0622208699203974,0.6297646740195635,1.29,0.7565332011284679,1.0574451677843406,-0.2587041109526384,0.0003942349687,0.0268836165054346,-0.004143684173762,1,15.479999542236328,18.350000381469727,2.7729995422363274,8.15,3.9499999999999886,expiry_intrinsic,0.40750000000000003,1.9500000000000002,377.30000000000115,0.02947656250000009
MRNA,2025-06-30,2025-08-01,1.0,30.28,27.61,-8.83,-0.02,-2.9725,-2.63,-3.58,12.0,-2.9725,-2.9542,-2.9484,-3.1168,0.0,0.0,0.0,2.0,112960290.0,158000000.0,67800000.0,14.0,6011.46,2253.66,1487.82,1986.16,-35.93,-96.66,-41.44,17.92,13.4,17.72,17.06,-26.62,-223.23,29.5,27.5,29.5,2025-08-01,1.565,1.4649999999999999,3.03,10.271186440677965,,,,27.605,1.8949999999999996,2.48311,2.42458,2.4538450000000003,0.60023,75.53920479899912,-1.7755700000000003,295.0,386.0,0.5150095316842371,1.0,6.779661016949157,1,3.4915254237288087,2025-07-31,633.0,626.763671875,0.136825,0.1323886363636363,0.1458835714285714,-0.0044363636363636,0.0090585714285714,0,0.1626128571428571,0.11244,0.0501728571428571,0.0007014285714285,0.37501601537476,0.1234289390446577,0.4422310756972111,0.0487928004896567,0.0669650834664368,0.0698599165335631,0.7286304737320585,1.46,1.753994746899025,1.1681933927394608,-0.2309668985288198,-0.0036883986202657,0.0233626828498263,-0.0078793668024707,1,16.719999313354492,19.13999938964844,3.037499313354491,3.03,1.8949999999999996,expiry_intrinsic,0.1515,1.9500000000000002,96.40000000000002,0.03267796610169492
SPG,2025-06-30,2025-08-04,0.0,166.74,160.17,-1.68,2.35,1.557,1.63,1.3595,5.0,1.561,1.5662,1.5435,1.5386,0.0,0.0,0.0,2.0,1388059040.0,1422527000.0,1354693230.0,6.0,-1322.4,-1271.52,-229.76,403.37,2.11,-75.3,5.0,72.62,-18.99,-27.09,-1.03,-0.53,-1.56,160.0,170.0,160.0,2025-08-15,4.25,3.25,7.5,4.6875,9.899999999999999,0.35,10.249999999999998,173.28,13.280000000000001,0.2978,0.2978,0.2978,0.22951,22.931497649429154,-0.04390500000000003,102.0,23.0,0.5607985480943739,14.0,6.25,0,-1.5625,2025-08-01,623.0,616.4907836914062,0.1647021428571428,0.15634,0.1608667857142857,-0.0083621428571428,-0.0038353571428571,1,0.2002399999999999,0.13195,0.0682899999999999,0.0013928571428571,1.0,0.2071216426312121,0.7529880478087649,0.1054295544840798,0.0893604329481314,0.0753417099090114,1.1798236759358105,1.26,0.3889387001905448,5.497443798379857,0.589742560640128,-0.0241405905887579,0.0020468349405993,-0.0241405905887579,1,20.3799991607666,21.239999771118164,3.909784875052317,7.5,13.280000000000001,expiry_intrinsic,0.375,1.9500000000000002,-617.4500000000002,-0.03859062500000001
SBAC,2025-06-30,2025-08-04,0.0,233.93,242.83,-1.51,-5.12,2.26,2.26,2.26,1.0,2.23,2.23,2.1467,2.135,0.0,0.0,0.0,0.0,672936330.0,689000000.0,662747920.0,15.0,-7188.32,-3726.88,-2042.88,1894.79,0.97,-75.21,-1.24,1.45,-38.17,-1.32,3.57,-2.14,1.27,230.0,220.0,230.0,2025-08-15,5.3,6.4,11.7,5.08695652173913,0.675,11.25,11.925,219.94,10.060000000000002,0.32707,0.32707,0.32707,0.26853,17.898309230439978,-0.08293000000000003,20.0,0.0,0.02702702702702703,14.0,4.347826086956519,1,0.7391304347826111,2025-08-01,623.0,616.4907836914062,0.1647021428571428,0.15634,0.1608667857142857,-0.0083621428571428,-0.0038353571428571,1,0.2002399999999999,0.13195,0.0682899999999999,0.0013928571428571,1.0,0.2071216426312121,0.7529880478087649,0.1054295544840798,0.0893604329481314,0.0753417099090114,1.1798236759358105,1.26,0.3889387001905448,5.497443798379857,0.589742560640128,-0.0241405905887579,0.0020468349405993,-0.0241405905887579,1,20.3799991607666,21.239999771118164,3.909784875052317,11.7,10.060000000000002,expiry_intrinsic,0.585,1.9500000000000002,103.5499999999997,0.004502173913043465
OKE,2025-06-30,2025-08-04,1.0,82.14,79.29,-2.81,0.68,1.3274,1.58,1.11,9.0,1.3671,1.2884,1.2949,1.2874,2.0,0.0,2.0,3.0,8328518020.0,8567369000.0,7939000000.0,3.0,3325.73,3749.29,-86.23,412.31,68.23,-62.83,30.89,-4.59,-33.76,22.06,18.61,-7.11,-6.56,80.0,75.0,80.0,2025-08-15,1.75,2.625,4.375,5.46875,0.30000000000000004,4.449999999999999,4.749999999999999,73.93,6.069999999999993,0.34658,0.34658,0.34658,0.27341,21.11200877142363,-0.03903000000000001,2622.0,213.0,1.0896292820272173,14.0,6.25,0,-0.78125,2025-08-01,623.0,616.4907836914062,0.1647021428571428,0.15634,0.1608667857142857,-0.0083621428571428,-0.0038353571428571,1,0.2002399999999999,0.13195,0.0682899999999999,0.0013928571428571,1.0,0.2071216426312121,0.7529880478087649,0.1054295544840798,0.0893604329481314,0.0753417099090114,1.1798236759358105,1.26,0.3889387001905448,5.497443798379857,0.589742560640128,-0.0241405905887579,0.0020468349405993,-0.0241405905887579,1,20.3799991607666,21.239999771118164,3.909784875052317,4.375,6.069999999999993,expiry_intrinsic,0.21875,1.9500000000000002,-193.3249999999993,-0.024165624999999913
ROK,2025-06-30,2025-08-06,1.0,338.93,291.24,-3.03,12.85,2.669,2.816,2.57,24.0,2.6742,2.6578,2.6449,2.5288,4.0,0.0,8.0,6.0,2068360800.0,2128172000.0,2036000000.0,19.0,20103.14,17479.29,1183.17,841.11,-5.79,6.38,-7.65,-2.0,-8.58,-2.68,5.76,1.11,1.88,350.0,330.0,350.0,2025-08-15,11.899999999999999,16.05,27.95,7.985714285714285,0.25,17.3,17.55,342.28,7.720000000000027,0.59047,0.61974,0.605105,0.24414,59.65328331446608,-0.27316,203.0,48.0,2.113031914893617,10.0,5.714285714285716,1,2.2714285714285687,2025-08-05,629.0,622.688232421875,0.1423971428571428,0.14658,0.15634,0.0041828571428571,0.0139428571428571,0,0.1793357142857143,0.12219,0.0571457142857143,0.0083657142857142,0.4753263773375676,0.1401576153969871,0.5258964143426295,0.1802274165966227,0.0980679324673956,0.0443292103897472,1.8377813426069984,1.23,0.0456670564106846,0.6892105654717244,-0.3381211577009113,-0.0114756380928591,0.0117452055492786,-0.0143304866618855,1,17.850000381469727,20.030000686645508,3.6102860957554417,27.95,7.720000000000027,expiry_intrinsic,1.3975,1.9500000000000002,1881.299999999997,0.053751428571428485
FRT,2025-06-30,2025-08-06,1.0,94.22,95.23,-1.1,-2.15,0.7579,0.794,0.7219,2.0,0.7386,0.7442,0.7663,0.7395,0.0,0.0,0.0,1.0,307542960.0,312571080.0,297090000.0,8.0,29245.44,29247.98,224.64,282.97,6.12,-74.29,6.05,7.58,-5.33,5.88,7.92,-0.9,0.59,95.0,90.0,95.0,2025-08-15,0.56,2.55,3.11,3.2736842105263153,0.4,3.625,4.025,93.85,1.1500000000000057,0.0539,0.26853,0.161215,0.30755,-90.77008963185807,0.0048799999999999955,1171.0,0.0,12.0,10.0,5.263157894736848,0,-1.9894736842105325,2025-08-05,629.0,622.688232421875,0.1423971428571428,0.14658,0.15634,0.0041828571428571,0.0139428571428571,0,0.1793357142857143,0.12219,0.0571457142857143,0.0083657142857142,0.4753263773375676,0.1401576153969871,0.5258964143426295,0.1802274165966227,0.0980679324673956,0.0443292103897472,1.8377813426069984,1.23,0.0456670564106846,0.6892105654717244,-0.3381211577009113,-0.0114756380928591,0.0117452055492786,-0.0143304866618855,1,17.850000381469727,20.030000686645508,3.6102860957554417,3.11,1.1500000000000057,expiry_intrinsic,0.1555,1.9500000000000002,178.49999999999943,0.018789473684210467
ATO,2025-06-30,2025-08-06,1.0,152.79,161.25,2.77,-2.62,1.1596,1.1993,1.1,9.0,1.1756,1.1688,1.1688,1.1843,0.0,0.0,1.0,2.0,822966220.0,941000000.0,713830460.0,5.0,-16876.96,-14020.58,-1436.29,2231.42,18.41,65.86,8.15,6.32,345.59,14.07,14.15,-1.87,-1.21,155.0,165.0,155.0,2025-08-15,3.8000000000000003,1.075,4.875,3.1451612903225805,7.45,,,165.37,10.370000000000005,0.26853,0.18073,0.22463,0.097805,56.45951119618928,-0.03414499999999998,1217.0,20.0,0.7647058823529411,10.0,6.451612903225801,0,-3.30645161290322,2025-08-05,629.0,622.688232421875,0.1423971428571428,0.14658,0.15634,0.0041828571428571,0.0139428571428571,0,0.1793357142857143,0.12219,0.0571457142857143,0.0083657142857142,0.4753263773375676,0.1401576153969871,0.5258964143426295,0.1802274165966227,0.0980679324673956,0.0443292103897472,1.8377813426069984,1.23,0.0456670564106846,0.6892105654717244,-0.3381211577009113,-0.0114756380928591,0.0117452055492786,-0.0143304866618855,1,17.850000381469727,20.030000686645508,3.6102860957554417,4.875,10.370000000000005,expiry_intrinsic,0.24375000000000002,1.9500000000000002,-575.8250000000005,-0.03715000000000003
CRL,2025-06-30,2025-08-06,1.0,153.9,141.36,-2.32,6.35,2.5042,2.57,2.4641,14.0,2.4871,2.4838,2.4861,2.3555,1.0,0.0,3.0,0.0,985079200.0,1001086000.0,972000000.0,11.0,17621.34,16550.53,1015.17,649.82,-2.71,-75.7,-2.18,3.08,-12.03,-16.02,-40.73,-1.81,-4.86,165.0,150.0,165.0,2025-08-15,10.75,8.35,19.1,11.575757575757576,0.4,15.3,15.700000000000001,156.68,8.319999999999993,0.85388,0.88315,0.8685149999999999,0.41487,52.232258510215715,-0.360965,50.0,37.0,1.1018570624648283,10.0,9.090909090909093,1,2.4848484848484826,2025-08-05,629.0,622.688232421875,0.1423971428571428,0.14658,0.15634,0.0041828571428571,0.0139428571428571,0,0.1793357142857143,0.12219,0.0571457142857143,0.0083657142857142,0.4753263773375676,0.1401576153969871,0.5258964143426295,0.1802274165966227,0.0980679324673956,0.0443292103897472,1.8377813426069984,1.23,0.0456670564106846,0.6892105654717244,-0.3381211577009113,-0.0114756380928591,0.0117452055492786,-0.0143304866618855,1,17.850000381469727,20.030000686645508,3.6102860957554417,19.1,8.319999999999993,expiry_intrinsic,0.9550000000000001,1.9500000000000002,980.5500000000008,0.05942727272727277
XYZ,2025-06-30,2025-08-07,0.0,67.84,50.36,13.28,52.6,0.6797,1.2,0.46,32.0,0.6762,0.6742,0.6678,0.6919,3.0,0.0,9.0,2.0,6292705070.0,6884000000.0,5857718920.0,27.0,4549.98,5572.99,-454.05,333.68,-3.11,-76.07,7.68,-34.12,-21.13,-35.05,99.93,3.93,4.46,76.0,73.0,76.0,2025-08-08,4.05,3.9000000000000004,7.95,10.460526315789474,0.01,2.56,2.57,73.39,2.6099999999999994,1.77093,1.77093,1.77093,0.395355,77.67528925479833,-1.2292399999999999,562.0,285.0,1.9840926841968238,2.0,3.9473684210526327,1,6.513157894736842,2025-08-06,633.0,627.4578247070312,0.13195,0.138260294117647,0.1475095238095237,0.006310294117647,0.0155595238095237,0,0.17097,0.11244,0.05853,0.0097549999999999,0.2295814641194957,0.1087932236101431,0.3625498007968127,0.194010277887833,0.1009576033015045,0.0309923966984954,1.9217005113367405,1.35,0.7466220669268334,0.8596506467403161,-0.4007149031012654,-0.002647861831925,0.0200535494255602,-0.0067805741025197,1,16.770000457763672,19.469999313354492,3.5750004577636716,7.95,2.6099999999999994,expiry_intrinsic,0.3975,1.9500000000000002,492.30000000000007,0.0647763157894737
TTD,2025-06-30,2025-08-07,0.0,74.03,71.04,19.32,24.34,0.4138,0.48,0.36,22.0,0.4138,0.4137,0.4144,0.4105,1.0,0.0,1.0,2.0,686027590.0,710002000.0,680000000.0,35.0,-7357.73,-7577.55,73.92,70.82,25.4,-74.8,25.88,26.92,-44.07,55.63,90.01,-2.09,3.01,90.0,55.0,90.0,2025-08-08,5.85,6.175,12.024999999999999,13.361111111111109,0.01,35.7,35.71,54.23,35.77,2.28799,2.24897,2.2684800000000003,0.6343749999999999,72.03523945549443,-1.5902000000000003,1259.0,1095.0,0.6318087318087318,2.0,38.888888888888886,0,-25.52777777777778,2025-08-06,633.0,627.4578247070312,0.13195,0.138260294117647,0.1475095238095237,0.006310294117647,0.0155595238095237,0,0.17097,0.11244,0.05853,0.0097549999999999,0.2295814641194957,0.1087932236101431,0.3625498007968127,0.194010277887833,0.1009576033015045,0.0309923966984954,1.9217005113367405,1.35,0.7466220669268334,0.8596506467403161,-0.4007149031012654,-0.002647861831925,0.0200535494255602,-0.0067805741025197,1,16.770000457763672,19.469999313354492,3.5750004577636716,12.024999999999999,35.77,expiry_intrinsic,0.60125,1.9500000000000002,-2436.5750000000003,-0.2707305555555556
BDX,2025-06-30,2025-08-07,1.0,174.63,167.22,7.47,12.24,3.4023,3.5,3.35,11.0,3.4023,3.4178,3.4303,3.5673,0.0,0.0,0.0,4.0,5487304650.0,5495146500.0,5475000000.0,10.0,21760.8,20863.52,433.81,506.19,4.5,2.01,6.53,5.68,9.48,-15.58,-25.61,-2.86,-4.19,175.0,195.0,175.0,2025-08-15,5.125,7.25,12.375,7.071428571428571,18.1,0.2,18.3,195.94,20.939999999999998,0.57096,0.55145,0.561205,0.24414000000000002,56.49718017480243,-0.2585299999999999,151.0,73.0,1.6318681318681318,9.0,11.428571428571432,0,-4.357142857142861,2025-08-06,633.0,627.4578247070312,0.13195,0.138260294117647,0.1475095238095237,0.006310294117647,0.0155595238095237,0,0.17097,0.11244,0.05853,0.0097549999999999,0.2295814641194957,0.1087932236101431,0.3625498007968127,0.194010277887833,0.1009576033015045,0.0309923966984954,1.9217005113367405,1.35,0.7466220669268334,0.8596506467403161,-0.4007149031012654,-0.002647861831925,0.0200535494255602,-0.0067805741025197,1,16.770000457763672,19.469999313354492,3.5750004577636716,12.375,20.939999999999998,expiry_intrinsic,0.61875,1.9500000000000002,-920.3249999999998,-0.05258999999999999
LNT,2025-06-30,2025-08-07,1.0,61.26,61.76,7.93,7.06,0.6415,0.687,0.6,8.0,0.6415,0.6466,0.6493,0.6778,2.0,0.0,2.0,1.0,916930020.0,985154360.0,848705670.0,2.0,5336.8,4800.48,224.21,148.54,9.41,-71.67,0.53,33.87,18.57,11.71,15.77,1.28,1.25,65.0,65.0,65.0,2025-08-15,1.1,0.7749999999999999,1.875,2.8846153846153846,1.175,0.42500000000000004,1.6,64.62,0.37999999999999545,0.1417,0.27829,0.209995,0.209995,0.0,0.009755000000000014,559.0,0.0,1.0,9.0,0.0,1,2.8846153846153846,2025-08-06,633.0,627.4578247070312,0.13195,0.138260294117647,0.1475095238095237,0.006310294117647,0.0155595238095237,0,0.17097,0.11244,0.05853,0.0097549999999999,0.2295814641194957,0.1087932236101431,0.3625498007968127,0.194010277887833,0.1009576033015045,0.0309923966984954,1.9217005113367405,1.35,0.7466220669268334,0.8596506467403161,-0.4007149031012654,-0.002647861831925,0.0200535494255602,-0.0067805741025197,1,16.770000457763672,19.469999313354492,3.5750004577636716,1.875,0.37999999999999545,expiry_intrinsic,0.09375,1.9500000000000002,138.17500000000047,0.02125769230769238
ED,2025-06-30,2025-08-07,1.0,99.31,107.68,5.73,-2.49,0.6604,0.72,0.64,12.0,0.6424,0.638,0.6762,0.6777,2.0,0.0,4.0,2.0,3445832310.0,3530078090.0,3347900000.0,5.0,4943.87,4635.75,110.73,72.11,12.1,-68.55,6.31,5.12,130.61,10.28,7.97,-0.94,-0.9,105.0,105.0,105.0,2025-08-15,1.1,2.575,3.6750000000000003,3.5000000000000004,0.7,1.925,2.625,100.77,4.230000000000004,0.21975,0.33682,0.278285,0.22463,19.28059363602063,-0.06829000000000002,1619.0,16.0,0.3811881188118812,9.0,0.0,1,3.5000000000000004,2025-08-06,633.0,627.4578247070312,0.13195,0.138260294117647,0.1475095238095237,0.006310294117647,0.0155595238095237,0,0.17097,0.11244,0.05853,0.0097549999999999,0.2295814641194957,0.1087932236101431,0.3625498007968127,0.194010277887833,0.1009576033015045,0.0309923966984954,1.9217005113367405,1.35,0.7466220669268334,0.8596506467403161,-0.4007149031012654,-0.002647861831925,0.0200535494255602,-0.0067805741025197,1,16.770000457763672,19.469999313354492,3.5750004577636716,3.6750000000000003,4.230000000000004,expiry_intrinsic,0.18375000000000002,1.9500000000000002,-75.82500000000039,-0.007221428571428609
KEYS,2025-07-31,2025-08-19,0.0,162.45,162.47,0.63,0.62,1.6719,1.69,1.65,9.0,1.6717,1.672,1.6722,1.691,0.0,0.0,0.0,1.0,1318184560.0,1325121030.0,1315000000.0,9.0,3303.2,5034.27,-1444.14,1044.7,7.4,0.62,-0.93,20.57,75.26,53.96,16.95,-0.42,1.29,165.0,160.0,165.0,2025-09-19,7.25,7.2,14.45,8.757575757575758,2.125,7.9,10.025,178.15,13.150000000000006,0.37584,0.37584,0.37584,0.22950500000000001,38.93545125585355,-0.04877500000000001,267.0,69.0,0.9897810218978103,32.0,3.0303030303030276,1,5.72727272727273,2025-08-18,647.0,637.8893432617188,0.1159221428571428,0.1319449999999999,0.1393811904761905,0.0160228571428571,0.0234590476190476,0,0.1486714285714286,0.10268,0.0459914285714286,0.0097535714285714,0.0666283980483006,0.0606744223449311,0.147410358565737,0.0804540635175924,0.1044539670268181,0.0114681758303247,0.7702346383544836,0.97,-1.36077252703364,1.2223575236752138,-0.0361683861213691,0.0116053372277842,0.0250486769634676,-0.002558316317498,1,14.989999771118164,18.450000762939453,3.397785485403878,14.45,13.150000000000006,expiry_intrinsic,0.7225,1.9500000000000002,55.79999999999936,0.003381818181818143
NDSN,2025-07-31,2025-08-20,1.0,214.3,195.84,-0.36,9.03,2.6366,2.69,2.57,10.0,2.6366,2.6366,2.6376,2.5757,0.0,0.0,0.0,1.0,723569000.0,733800000.0,709000000.0,10.0,3532.38,3516.79,154.15,264.74,4.96,10.97,1.42,3.42,17.48,0.4,0.08,-1.48,-1.21,220.0,220.0,220.0,2025-09-19,6.05,8.45,14.5,6.59090909090909,6.35,5.550000000000001,11.9,225.08,5.0800000000000125,0.26853,0.2978,0.283165,0.23926,15.505094203026504,-0.014635000000000009,152.0,108.0,0.15418502202643172,31.0,0.0,1,6.59090909090909,2025-08-19,643.0,634.4286499023438,0.1263728571428571,0.1322935714285714,0.1407754761904762,0.0059207142857142,0.014402619047619,0,0.1598257142857142,0.10268,0.0571457142857142,0.0048799999999999,0.2665955963754153,0.0920495362676245,0.2749003984063745,0.0519194458300157,0.1068819938655719,0.0194908632772851,0.4857641961219026,1.03,-0.9565643296245206,1.35622149817767,0.0630240660056262,-0.0044811607172615,0.0175580886413386,-0.0079696621058342,1,15.56999969482422,18.899999618530273,2.9327139805385034,14.5,5.0800000000000125,expiry_intrinsic,0.7250000000000001,1.9500000000000002,867.5499999999987,0.03943409090909085
A,2025-07-31,2025-08-27,1.0,119.54,113.28,-0.71,4.78,1.3677,1.39,1.3558,16.0,1.3669,1.3669,1.3653,1.3956,1.0,0.0,2.0,0.0,1665986310.0,1675000000.0,1659000000.0,13.0,5786.9,5721.7,77.97,168.6,6.04,-0.77,0.49,7.38,0.0,-16.97,-17.36,-2.5,-5.09,120.0,125.0,120.0,2025-09-19,3.75,5.15,8.9,7.416666666666667,6.7,1.2999999999999998,8.0,126.32,6.319999999999993,0.36609,0.36609,0.36609,0.26365,27.98219017181568,-0.04390000000000005,968.0,61.0,0.3004418262150221,24.0,4.166666666666674,1,3.249999999999993,2025-08-26,649.0,639.733642578125,0.1124357142857142,0.1249807142857142,0.136825,0.012545,0.0243892857142857,0,0.1500657142857143,0.0943142857142857,0.0557514285714285,0.0097542857142857,1.3666056249728771e-05,0.050207473328687,0.1075697211155378,0.1324696852767233,0.1185777799884574,-0.0061420657027431,1.1171543714987586,1.07,-0.8185506636225119,0.8249207921001592,-0.5256140493427826,0.0083618428590792,0.0129053824015474,-0.0002324531495303,1,14.619999885559082,17.899999618530273,3.3764284569876537,8.9,6.319999999999993,expiry_intrinsic,0.44500000000000006,1.9500000000000002,211.5500000000007,0.017629166666666723
WSM,2025-07-31,2025-08-27,1.0,188.23,164.51,2.09,16.81,1.8102,1.9591,1.68,19.0,1.7852,1.7809,1.7777,1.7762,2.0,0.0,7.0,0.0,1827979890.0,1852210000.0,1793453000.0,17.0,15578.11,18396.46,-1209.17,1715.34,4.2,,-1.07,-61.67,-77.06,-7.21,-8.32,-3.63,-2.3,200.0,190.0,200.0,2025-09-19,9.899999999999999,11.600000000000001,21.5,10.75,2.175,13.95,16.125,198.25,1.75,0.52218,0.53194,0.52706,0.3417,35.16867149850111,-0.05365500000000001,285.0,1251.0,1.4471926787039326,24.0,5.000000000000004,1,5.749999999999996,2025-08-26,649.0,639.733642578125,0.1124357142857142,0.1249807142857142,0.136825,0.012545,0.0243892857142857,0,0.1500657142857143,0.0943142857142857,0.0557514285714285,0.0097542857142857,1.3666056249728771e-05,0.050207473328687,0.1075697211155378,0.1324696852767233,0.1185777799884574,-0.0061420657027431,1.1171543714987586,1.07,-0.8185506636225119,0.8249207921001592,-0.5256140493427826,0.0083618428590792,0.0129053824015474,-0.0002324531495303,1,14.619999885559082,17.899999618530273,3.3764284569876537,21.5,1.75,expiry_intrinsic,1.075,1.9500000000000002,1865.55,0.0932775
ULTA,2025-07-31,2025-08-28,1.0,513.63,471.46,3.31,12.55,5.043,5.5469,4.64,21.0,4.9929,4.9474,4.9295,4.851,3.0,0.0,9.0,0.0,2674912620.0,2725227720.0,2631200000.0,22.0,23832.16,21650.13,1134.49,870.82,4.49,,2.4,3.55,-26.7,2.14,-0.52,-0.13,-0.71,535.0,492.5,535.0,2025-08-29,17.35,18.450000000000003,35.800000000000004,6.69158878504673,0.01,42.599999999999994,42.60999999999999,492.73,42.26999999999998,1.1368,1.1368,1.1368,0.258775,77.23654116819142,-0.77559,27.0,38.0,2.2556615017878427,2.0,7.943925233644855,0,-1.2523364485981245,2025-08-27,650.0,641.1912841796875,0.112435,0.1284628571428571,0.1319449999999999,0.0160278571428571,0.0195099999999999,0,0.15146,0.09292,0.05854,0.009755,2.6551648032006223e-16,0.0502053289015171,0.1075697211155378,0.1268291181321562,0.1181012116433455,-0.0056662116433455,1.0739019216430068,1.12,-0.4764041479038339,0.8996669776267984,-0.4695610307100117,0.0133519696417236,0.0178981584233954,0.0,1,14.850000381469728,17.940000534057617,3.6065003814697274,35.800000000000004,42.26999999999998,expiry_intrinsic,1.7900000000000003,1.9500000000000002,-827.9499999999979,-0.0154757009345794
LULU,2025-07-31,2025-09-04,1.0,195.07,265.27,5.65,-22.31,2.8509,2.95,2.53,19.0,2.8715,2.8803,2.8986,3.3245,0.0,0.0,0.0,3.0,2540097580.0,2586000000.0,2409000000.0,24.0,3887.57,4000.32,78.77,441.36,7.32,,7.79,2.36,-38.39,4.68,1.38,0.62,-1.09,197.5,167.5,197.5,2025-09-05,12.5,11.325,23.825,12.063291139240507,0.01,29.700000000000003,29.710000000000004,167.8,29.69999999999999,2.0441,2.02458,2.03434,0.46852499999999997,76.96918902445017,-1.399965,221.0,125.0,1.3847937469613674,2.0,15.189873417721522,0,-3.126582278481015,2025-09-03,646.0,638.3255615234375,0.12707,0.1328745238095238,0.1426335714285714,0.0058045238095238,0.0155635714285714,0,0.17097,0.10268,0.06829,0.009755,0.2964263775006008,0.0941424971854393,0.2749003984063745,0.0929105425484662,0.0952379297574094,0.0318320702425905,0.9755623918445988,0.99,-0.9783446400225618,0.6673500847001026,-0.6922734778110018,-0.0022010426855354,0.0199154270906565,-0.0079825604634657,1,16.350000381469727,18.93000030517578,3.643000381469728,23.825,29.69999999999999,expiry_intrinsic,1.19125,1.9500000000000002,-708.574999999999,-0.03587721518987337
LW,2025-08-31,2025-09-30,1.0,57.53,52.76,0.96,10.08,0.5335,0.63,0.438,8.0,0.531,0.538,0.523,0.7773,1.0,0.0,2.0,1.0,1615749940.0,1635279100.0,1599000000.0,7.0,1364.0,925.89,612.8,767.46,4.27,,-1.65,-8.33,-55.47,15.73,10.78,-0.54,1.03,55.0,62.5,55.0,2025-10-17,4.0,2.7,6.7,12.181818181818183,7.25,0.125,7.375,65.01,10.010000000000005,0.73681,0.6295,0.683155,0.31243,54.26660128374966,-0.2439,399.0,237.0,1.5838786436644854,18.0,13.636363636363647,0,-1.454545454545464,2025-09-29,666.0,659.9224243164062,0.1291614285714286,0.1417,0.14658,0.0125385714285713,0.0174185714285713,0,0.1584314285714285,0.11244,0.0459914285714285,0.0062742857142857,0.7203474870265785,0.1004213799388838,0.3625498007968127,0.0783062028006041,0.0759494725704496,0.053211956000979,1.0310302382675334,1.18,-0.1003943209285036,2.16190169345261,0.6597514402954284,-0.0047387392578681,0.025580977989813,-0.0047387392578681,1,16.1200008392334,18.760000228881836,3.2038579820905397,6.7,10.010000000000005,expiry_intrinsic,0.335,1.9500000000000002,-366.4500000000005,-0.06662727272727281
GS,2025-09-30,2025-10-14,1.0,780.06,708.82,-1.19,8.74,11.0874,12.7723,10.26,17.0,10.7186,10.4677,10.4608,10.2044,8.0,0.0,9.0,1.0,14250411680.0,14956235810.0,13401260000.0,11.0,125867.04,113757.38,4956.7,1612.35,1.1,-0.89,10.58,30.39,-21.78,22.23,26.61,5.16,3.2,765.0,770.0,765.0,2025-10-17,21.925,21.0,42.925,5.611111111111111,10.025,6.975,17.0,750.77,14.230000000000018,0.52218,0.49292,0.50755,0.36609,27.871145699931027,-0.14633999999999991,185.0,247.0,1.020924067411475,7.0,0.6535947712418277,1,4.957516339869283,2025-10-13,664.0,659.2860107421875,0.15146,0.1547133333333333,0.1596915625,0.0032533333333333,0.0082315624999999,0,0.19048,0.13195,0.05853,0.0097549999999999,0.5882303286101901,0.1673661073285799,0.7051792828685259,0.2519002076436515,0.1267905167367316,0.0246694832632684,1.9867432843317312,1.27,0.0536969705669739,0.7657763170597505,-0.3945062027851181,-0.0127603904378231,0.0113601433502885,-0.0149604292256055,1,19.030000686645508,20.93000030517578,3.884000686645507,42.925,14.230000000000018,expiry_intrinsic,2.1462499999999998,1.9500000000000002,2652.9249999999984,0.03467875816993462
TRV,2025-09-30,2025-10-16,1.0,271.95,265.97,-3.82,-1.65,6.3023,7.92,5.21,20.0,5.826,5.571,5.5447,5.1904,11.0,0.0,11.0,0.0,11145142860.0,11367000000.0,11081000000.0,7.0,32503.52,20370.58,5249.06,2052.93,7.38,2.59,10.39,159.36,240.84,129.06,186.74,9.31,9.71,270.0,260.0,270.0,2025-10-17,6.300000000000001,6.65,12.950000000000001,4.796296296296297,0.03,7.4,7.430000000000001,262.01,7.990000000000009,0.82461,0.8051,0.814855,0.22463,72.43313227506735,-0.521935,254.0,375.0,0.7482915717539863,2.0,3.703703703703709,1,1.0925925925925877,2025-10-15,666.0,661.4039916992188,0.166095,0.1686485714285714,0.166095,0.0025535714285714,0.0,0,0.21,0.13195,0.0780499999999999,0.0048799999999999,0.83530901416943,0.211303275612502,0.796812749003984,0.2489820028222339,0.1263813308649005,0.0397136691350994,1.970085305466449,1.13,-0.7181305716029607,1.441081853276747,-0.2538320821261305,-0.0117959527786175,0.0106274755210775,-0.0117959527786175,1,20.63999938964844,21.940000534057617,4.030499389648437,12.950000000000001,7.990000000000009,expiry_intrinsic,0.6475000000000001,1.9500000000000002,429.2999999999992,0.01589999999999997
STLD,2025-09-30,2025-10-20,1.0,139.27,132.24,5.03,10.62,2.6307,2.69,2.6,10.0,2.6349,2.5788,2.6178,3.105,0.0,0.0,5.0,4.0,4762032360.0,4912768790.0,4562000000.0,8.0,46410.88,46475.98,67.68,260.57,-1.46,4.48,-5.79,-26.1,39.58,-22.56,-31.53,-3.18,-3.68,145.0,155.0,145.0,2025-11-21,6.05,7.65,13.7,9.448275862068964,12.9,3.25,16.15,158.16,13.159999999999997,0.3856,0.3856,0.3856,0.400235,-3.795383817427388,-0.043899999999999995,272.0,65.0,0.6777163904235728,35.0,6.896551724137923,1,2.551724137931042,2025-10-17,666.0,660.62841796875,0.166095,0.1702735714285714,0.166095,0.0041785714285714,0.0,0,0.2002399999999999,0.1417,0.0585399999999999,0.0048749999999999,0.5916751373098373,0.211303275612502,0.7928286852589641,0.1309378925294387,0.1292928364681499,0.03680216353185,1.0127234896087534,1.26,-0.3159114950438394,0.767803389493788,-0.3668648226399914,0.0174114706353449,0.0059976544737594,-0.0129547378917808,1,20.780000686645508,22.09000015258789,4.170500686645507,13.7,13.159999999999997,expiry_intrinsic,0.685,1.9500000000000002,-16.449999999999736,-0.0011344827586206715
PCAR,2025-09-30,2025-10-21,0.0,99.46,101.11,0.39,-1.25,1.1482,1.2002,1.05,10.0,1.1854,1.1956,1.1956,1.2831,1.0,0.0,0.0,3.0,6007750000.0,6279000000.0,5650000000.0,8.0,-13937.12,-12181.01,-846.72,1026.5,-14.39,0.89,-7.31,-35.68,42.71,-38.34,-34.72,-2.76,-3.48,98.8,100.0,100.0,2025-11-21,3.0,5.55,8.55,8.653846153846155,3.1,2.825,5.925000000000001,102.99,2.989999999999995,0.34658,0.37584,0.36121000000000003,0.26365,27.009219013870055,-0.05365500000000001,341.0,256.0,0.6548223350253807,32.0,1.2145748987854255,1,7.43927125506073,2025-10-20,673.0,667.499267578125,0.14658,0.15146,0.1521571428571428,0.00488,0.0055771428571428,0,0.1779414285714285,0.12219,0.0557514285714285,0.0034857142857143,0.3583039352187986,0.152715380903876,0.6414342629482072,0.1053748296670679,0.1330475191523701,0.0135324808476298,0.7920089779831928,1.79,3.3000160813684625,1.4345563050969712,-0.2410923127045109,0.012457805416941,0.0114509185900202,-0.002688997924911,1,18.229999542236328,20.309999465942383,3.5719995422363287,8.55,2.989999999999995,expiry_intrinsic,0.42750000000000005,1.9500000000000002,511.3000000000006,0.051751012145749044
NDAQ,2025-09-30,2025-10-21,1.0,89.57,88.28,0.85,2.32,0.8477,0.87,0.77,16.0,0.8368,0.8318,0.828,0.8073,9.0,0.0,11.0,1.0,1301077850.0,1317000000.0,1228000000.0,11.0,-39861.28,-39998.91,80.06,29.09,16.63,0.0,22.78,23.19,7.59,34.57,34.28,-0.32,3.58,90.0,87.5,90.0,2025-11-21,2.6,3.95,6.550000000000001,7.277777777777779,1.325,3.5999999999999996,4.925,87.66,2.3400000000000034,0.28804,0.33682,0.31243,0.24414,21.85769612393176,-0.07316499999999998,162.0,454.0,0.6512096774193549,32.0,2.777777777777779,1,4.5,2025-10-20,673.0,667.499267578125,0.14658,0.15146,0.1521571428571428,0.00488,0.0055771428571428,0,0.1779414285714285,0.12219,0.0557514285714285,0.0034857142857143,0.3583039352187986,0.152715380903876,0.6414342629482072,0.1053748296670679,0.1330475191523701,0.0135324808476298,0.7920089779831928,1.79,3.3000160813684625,1.4345563050969712,-0.2410923127045109,0.012457805416941,0.0114509185900202,-0.002688997924911,1,18.229999542236328,20.309999465942383,3.5719995422363287,6.550000000000001,2.3400000000000034,expiry_intrinsic,0.32750000000000007,1.9500000000000002,386.2999999999997,0.042922222222222195
GPC,2025-09-30,2025-10-21,0.0,137.33,134.68,-2.05,-0.13,1.9911,2.0345,1.8568,10.0,1.9911,2.0073,2.0073,2.0441,1.0,0.0,1.0,1.0,6124728410.0,6190000000.0,6051604070.0,10.0,7667.68,7311.33,110.19,98.45,3.39,5.09,2.03,-13.93,20.0,-1.09,-1.27,1.14,-0.33,130.0,135.0,130.0,2025-11-21,6.35,3.9,10.25,7.884615384615384,6.45,2.525,8.975,128.56,1.4399999999999977,0.33682,0.31731,0.327065,0.21487499999999998,34.302050051213065,-0.06341000000000002,291.0,27.0,0.2938728323699422,32.0,3.8461538461538547,1,4.038461538461529,2025-10-20,673.0,667.499267578125,0.14658,0.15146,0.1521571428571428,0.00488,0.0055771428571428,0,0.1779414285714285,0.12219,0.0557514285714285,0.0034857142857143,0.3583039352187986,0.152715380903876,0.6414342629482072,0.1053748296670679,0.1330475191523701,0.0135324808476298,0.7920089779831928,1.79,3.3000160813684625,1.4345563050969712,-0.2410923127045109,0.012457805416941,0.0114509185900202,-0.002688997924911,1,18.229999542236328,20.309999465942383,3.5719995422363287,10.25,1.4399999999999977,expiry_intrinsic,0.5125000000000001,1.9500000000000002,827.8000000000003,0.0636769230769231
DGX,2025-09-30,2025-10-21,1.0,183.6,170.48,0.57,8.31,2.5036,2.57,2.46,15.0,2.505,2.5025,2.5025,2.4959,0.0,0.0,2.0,3.0,2734982810.0,2770000000.0,2708071960.0,13.0,11831.2,11515.55,198.34,50.69,15.19,4.11,8.97,11.49,18.55,24.69,23.38,0.61,1.05,190.0,180.0,190.0,2025-11-21,7.95,6.95,14.9,7.842105263157895,1.3,9.45,10.75,191.25,1.25,0.32707,0.33682,0.33194500000000005,0.20024,39.67675367907335,-0.10243500000000005,297.0,53.0,4.192607003891051,32.0,5.263157894736848,1,2.578947368421047,2025-10-20,673.0,667.499267578125,0.14658,0.15146,0.1521571428571428,0.00488,0.0055771428571428,0,0.1779414285714285,0.12219,0.0557514285714285,0.0034857142857143,0.3583039352187986,0.152715380903876,0.6414342629482072,0.1053748296670679,0.1330475191523701,0.0135324808476298,0.7920089779831928,1.79,3.3000160813684625,1.4345563050969712,-0.2410923127045109,0.012457805416941,0.0114509185900202,-0.002688997924911,1,18.229999542236328,20.309999465942383,3.5719995422363287,14.9,1.25,expiry_intrinsic,0.7450000000000001,1.9500000000000002,1288.55,0.06781842105263158
MOH,2025-09-30,2025-10-22,0.0,181.87,158.22,7.29,23.33,3.8925,4.35,2.89,17.0,3.8982,3.9051,4.0164,5.6551,0.0,0.0,0.0,1.0,10983598130.0,11328000000.0,10606000000.0,12.0,19084.0,20020.26,-1785.2,2364.11,15.66,2.51,17.83,-6.48,-9.87,-10.21,-14.06,-2.08,-1.13,200.0,160.0,200.0,2025-11-21,12.7,14.75,27.45,13.724999999999998,0.7250000000000001,38.35,39.075,141.56,58.44,0.60999,0.58072,0.5953550000000001,0.45877,22.941774235540148,-0.04878500000000008,506.0,114.0,2.622159090909091,31.0,19.999999999999996,0,-6.274999999999999,2025-10-21,672.0,667.4892578125,0.1417,0.1510533333333333,0.1525057142857142,0.0093533333333333,0.0108057142857142,0,0.18073,0.12219,0.05854,0.0097599999999999,0.2940608984021704,0.1380646544791722,0.5816733067729084,0.1030274440244827,0.1321824346400119,0.009517565359988,0.7794336993797212,1.41,0.6360321929123965,0.7293976527674388,-0.3711155429452148,0.0136809909324202,0.0066731721542181,-0.0027039535209257,1,17.8700008392334,19.989999771118164,3.7000008392333985,27.45,58.44,expiry_intrinsic,1.3725,1.9500000000000002,-3238.1999999999994,-0.16190999999999997
WAB,2025-09-30,2025-10-22,1.0,197.96,200.7,-2.29,-3.62,2.2755,2.3498,2.19,10.0,2.2846,2.2695,2.2707,2.1783,1.0,0.0,5.0,0.0,2882191880.0,2951000000.0,2852000000.0,8.0,13244.7,12321.15,486.63,418.08,2.34,3.68,5.75,15.82,-0.44,11.3,9.77,1.6,1.18,200.0,200.0,200.0,2025-11-21,6.4,7.9,14.3,7.15,3.6,6.05,9.65,200.22,0.21999999999999886,0.30755,0.31731,0.31243,0.21,32.78494382741734,-0.043899999999999995,44.0,44.0,0.3383838383838384,31.0,0.0,1,7.15,2025-10-21,672.0,667.4892578125,0.1417,0.1510533333333333,0.1525057142857142,0.0093533333333333,0.0108057142857142,0,0.18073,0.12219,0.05854,0.0097599999999999,0.2940608984021704,0.1380646544791722,0.5816733067729084,0.1030274440244827,0.1321824346400119,0.009517565359988,0.7794336993797212,1.41,0.6360321929123965,0.7293976527674388,-0.3711155429452148,0.0136809909324202,0.0066731721542181,-0.0027039535209257,1,17.8700008392334,19.989999771118164,3.7000008392333985,14.3,0.21999999999999886,expiry_intrinsic,0.7150000000000001,1.9500000000000002,1334.5500000000002,0.06672750000000001
CME,2025-09-30,2025-10-22,1.0,261.08,277.18,2.58,-3.38,2.628,2.67,2.56,14.0,2.6369,2.7032,2.706,2.7816,1.0,0.0,4.0,10.0,1529904530.0,1538676240.0,1518000000.0,10.0,5098.3,4930.15,85.93,86.02,10.41,3.03,11.19,15.62,5.71,13.99,12.86,0.26,1.45,270.0,270.0,270.0,2025-11-21,7.550000000000001,8.7,16.25,6.018518518518518,6.0,5.85,11.85,273.09,3.089999999999975,0.24902,0.26853,0.258775,0.209995,18.85035262293498,-0.03414499999999998,1822.0,133.0,0.43473570658036675,31.0,0.0,1,6.018518518518518,2025-10-21,672.0,667.4892578125,0.1417,0.1510533333333333,0.1525057142857142,0.0093533333333333,0.0108057142857142,0,0.18073,0.12219,0.05854,0.0097599999999999,0.2940608984021704,0.1380646544791722,0.5816733067729084,0.1030274440244827,0.1321824346400119,0.009517565359988,0.7794336993797212,1.41,0.6360321929123965,0.7293976527674388,-0.3711155429452148,0.0136809909324202,0.0066731721542181,-0.0027039535209257,1,17.8700008392334,19.989999771118164,3.7000008392333985,16.25,3.089999999999975,expiry_intrinsic,0.8125,1.9500000000000002,1232.8000000000025,0.04565925925925935
GL,2025-09-30,2025-10-22,1.0,145.25,131.52,-6.62,3.12,4.5427,4.76,4.0,11.0,4.5427,4.505,4.4301,3.844,1.0,0.0,2.0,1.0,1519282000.0,1523000000.0,1514000000.0,4.0,3687.01,3998.25,120.26,496.48,2.85,0.06,5.24,10.1,6.51,-1.57,-2.83,-51.68,-1.4,135.0,135.0,135.0,2025-11-21,5.85,4.05,9.899999999999999,7.333333333333332,3.875,3.475,7.35,132.42,2.5800000000000125,0.32707,0.2978,0.312435,0.24414,21.858946660905474,-0.04390500000000003,285.0,0.0,0.23863636363636365,31.0,0.0,1,7.333333333333332,2025-10-21,672.0,667.4892578125,0.1417,0.1510533333333333,0.1525057142857142,0.0093533333333333,0.0108057142857142,0,0.18073,0.12219,0.05854,0.0097599999999999,0.2940608984021704,0.1380646544791722,0.5816733067729084,0.1030274440244827,0.1321824346400119,0.009517565359988,0.7794336993797212,1.41,0.6360321929123965,0.7293976527674388,-0.3711155429452148,0.0136809909324202,0.0066731721542181,-0.0027039535209257,1,17.8700008392334,19.989999771118164,3.7000008392333985,9.899999999999999,2.5800000000000125,expiry_intrinsic,0.49499999999999994,1.9500000000000002,680.5499999999986,0.050411111111111004
FE,2025-09-30,2025-10-22,1.0,43.33,41.4,9.14,14.23,0.7683,0.8,0.7327,8.0,0.7526,0.7884,0.8002,0.83,2.0,0.0,2.0,3.0,3943693340.0,3969667000.0,3912000000.0,5.0,3272.78,3016.09,201.0,124.13,3.05,-10.23,6.2,-7.14,-22.39,18.98,52.72,-2.53,6.21,47.0,46.0,47.0,2025-11-21,1.0499999999999998,1.25,2.3,4.8936170212765955,0.6499999999999999,1.35,2.0,46.89,0.10999999999999943,0.17097,0.24902,0.209995,0.20512,2.3214838448534443,-0.02438499999999999,717.0,2.0,0.7323232323232324,31.0,2.127659574468088,1,2.7659574468085073,2025-10-21,672.0,667.4892578125,0.1417,0.1510533333333333,0.1525057142857142,0.0093533333333333,0.0108057142857142,0,0.18073,0.12219,0.05854,0.0097599999999999,0.2940608984021704,0.1380646544791722,0.5816733067729084,0.1030274440244827,0.1321824346400119,0.009517565359988,0.7794336993797212,1.41,0.6360321929123965,0.7293976527674388,-0.3711155429452148,0.0136809909324202,0.0066731721542181,-0.0027039535209257,1,17.8700008392334,19.989999771118164,3.7000008392333985,2.3,0.10999999999999943,expiry_intrinsic,0.11499999999999999,1.9500000000000002,205.55000000000004,0.0437340425531915
WST,2025-09-30,2025-10-23,1.0,250.8,263.51,22.51,16.6,1.6852,1.72,1.65,12.0,1.6864,1.6812,1.6812,1.6115,1.0,0.0,1.0,0.0,787697920.0,791900000.0,780481400.0,11.0,24550.37,22857.29,931.24,263.29,9.15,9.74,0.16,21.05,26.9,17.39,20.95,2.71,2.02,280.0,300.0,280.0,2025-11-21,16.75,18.5,35.25,12.589285714285714,21.5,2.8,24.3,271.07,8.930000000000007,0.56121,0.55145,0.55633,0.249015,55.23969586396563,-0.14633999999999997,58.0,31.0,0.6777546777546778,30.0,7.14285714285714,1,5.446428571428574,2025-10-22,669.0,664.0191040039062,0.15146,0.15146,0.15634,0.0,0.0048799999999999,0,0.18073,0.12219,0.05854,-2.7755575615628914e-17,0.4117576123002713,0.1673661073285799,0.7091633466135459,0.1149796111641498,0.1320497102687697,0.0194102897312302,0.8707297496535512,1.23,-0.577578217917606,0.9752875992119088,-0.32515223918686,0.0039538804384426,0.0069208117015546,-0.0078887121271189,1,18.600000381469727,20.309999465942383,3.4540003814697258,35.25,8.930000000000007,expiry_intrinsic,1.7625000000000002,1.9500000000000002,2453.7999999999997,0.08763571428571428
TXT,2025-09-30,2025-10-23,1.0,83.01,79.5,-4.26,-0.04,1.4564,1.5019,1.34,13.0,1.4571,1.4576,1.4576,1.5626,2.0,0.0,2.0,1.0,3709253900.0,3867000000.0,3606000000.0,12.0,17372.0,16610.91,372.91,67.03,3.01,12.5,5.86,0.65,21.09,-2.45,2.08,-0.21,-0.08,82.5,82.5,82.5,2025-11-21,3.05,2.925,5.975,7.242424242424242,1.7999999999999998,2.7,4.5,81.33,1.1700000000000017,0.30755,0.32707,0.31731,0.24414,23.059468658409756,-0.019509999999999972,18.0,38.0,1.9234042553191488,30.0,0.0,1,7.242424242424242,2025-10-22,669.0,664.0191040039062,0.15146,0.15146,0.15634,0.0,0.0048799999999999,0,0.18073,0.12219,0.05854,-2.7755575615628914e-17,0.4117576123002713,0.1673661073285799,0.7091633466135459,0.1149796111641498,0.1320497102687697,0.0194102897312302,0.8707297496535512,1.23,-0.577578217917606,0.9752875992119088,-0.32515223918686,0.0039538804384426,0.0069208117015546,-0.0078887121271189,1,18.600000381469727,20.309999465942383,3.4540003814697258,5.975,1.1700000000000017,expiry_intrinsic,0.29875,1.9500000000000002,448.6749999999998,0.05438484848484846
CBRE,2025-09-30,2025-10-23,1.0,163.09,147.57,0.68,11.27,1.4562,1.48,1.43,11.0,1.4618,1.4769,1.495,1.4822,1.0,0.0,1.0,2.0,10113553820.0,10326000000.0,9944543000.0,7.0,16356.32,15707.33,384.11,88.97,16.23,9.46,13.04,46.91,38.37,31.94,52.03,74.62,0.9,165.0,165.0,165.0,2025-11-21,5.75,6.199999999999999,11.95,7.242424242424242,4.1,5.15,9.25,156.79,8.210000000000008,0.32707,0.30755,0.31731,0.253895,19.985187986511615,-0.03414499999999998,1857.0,53.0,0.5664739884393064,30.0,0.0,1,7.242424242424242,2025-10-22,669.0,664.0191040039062,0.15146,0.15146,0.15634,0.0,0.0048799999999999,0,0.18073,0.12219,0.05854,-2.7755575615628914e-17,0.4117576123002713,0.1673661073285799,0.7091633466135459,0.1149796111641498,0.1320497102687697,0.0194102897312302,0.8707297496535512,1.23,-0.577578217917606,0.9752875992119088,-0.32515223918686,0.0039538804384426,0.0069208117015546,-0.0078887121271189,1,18.600000381469727,20.309999465942383,3.4540003814697258,11.95,8.210000000000008,expiry_intrinsic,0.5975,1.9500000000000002,312.2999999999991,0.018927272727272675
CNP,2025-09-30,2025-10-23,1.0,38.8,38.36,2.06,3.23,0.4379,0.5,0.4,10.0,0.4358,0.4304,0.4247,0.4172,2.0,0.0,4.0,1.0,2054862630.0,2249907610.0,1873458650.0,6.0,5007.82,5071.86,42.03,99.25,2.05,-33.42,1.87,-19.44,-45.28,-5.32,-10.71,-4.49,-3.06,40.0,39.0,40.0,2025-11-21,1.05,1.05,2.1,5.250000000000001,0.65,1.2000000000000002,1.85,39.56,0.4399999999999977,0.21,0.01488,0.11244,0.209995,-86.76182853077195,0.11219,1258.0,121.0,0.36443148688046645,30.0,2.500000000000002,1,2.7499999999999987,2025-10-22,669.0,664.0191040039062,0.15146,0.15146,0.15634,0.0,0.0048799999999999,0,0.18073,0.12219,0.05854,-2.7755575615628914e-17,0.4117576123002713,0.1673661073285799,0.7091633466135459,0.1149796111641498,0.1320497102687697,0.0194102897312302,0.8707297496535512,1.23,-0.577578217917606,0.9752875992119088,-0.32515223918686,0.0039538804384426,0.0069208117015546,-0.0078887121271189,1,18.600000381469727,20.309999465942383,3.4540003814697258,2.1,0.4399999999999977,expiry_intrinsic,0.10500000000000001,1.9500000000000002,153.55000000000024,0.03838750000000006
HCA,2025-09-30,2025-10-24,1.0,416.62,334.32,7.3,33.72,5.726,5.98,5.376,19.0,5.713,5.723,5.7209,5.5921,1.0,0.0,2.0,3.0,18559790490.0,18847000000.0,18359000000.0,19.0,26790.4,24107.61,2220.43,1124.73,6.36,1.55,7.76,24.36,6.05,7.97,8.64,0.34,0.34,440.0,470.0,440.0,2025-11-21,16.3,15.85,32.15,7.306818181818181,33.45,4.1,37.550000000000004,491.0,51.0,0.31731,0.33682,0.327065,0.26365,19.389112255973583,-0.043899999999999995,76.0,30.0,1.0380059230009873,29.0,6.818181818181812,1,0.48863636363636864,2025-10-23,672.0,667.9566650390625,0.1417,0.1502399999999999,0.15634,0.0085399999999999,0.01464,0,0.17097,0.1207971428571428,0.0501728571428571,0.0041835714285714,0.2940608984021704,0.1380646544791722,0.5776892430278885,0.0957400480197699,0.1327578126884584,0.0089421873115415,0.721163192440073,1.22,-0.5910749180020092,0.7103958530594358,-0.3617906967991998,0.0168321092846701,0.0161246788225628,-0.0020056001411662,1,17.299999237060547,19.649999618530273,3.129999237060547,32.15,51.0,expiry_intrinsic,1.6075,1.9500000000000002,-2047.7000000000003,-0.04653863636363637
WM,2025-09-30,2025-10-27,0.0,218.69,235.56,-2.25,-9.25,2.0126,2.1466,1.84,22.0,2.0221,2.0276,2.026,2.0689,0.0,0.0,2.0,7.0,6498204660.0,6561803000.0,6446664850.0,20.0,5095.98,4985.66,73.52,183.12,19.03,6.85,10.87,5.49,14.97,18.56,11.25,0.25,-1.29,220.0,200.0,220.0,2025-11-21,3.75,8.399999999999999,12.149999999999999,5.5227272727272725,0.45,15.799999999999999,16.25,216.62,3.3799999999999955,0.23926,0.23926,0.23926,0.19536,18.348240407924433,-0.034140000000000004,1046.0,250.0,1.1109280615046677,28.0,9.090909090909093,0,-3.568181818181821,2025-10-24,677.0,673.4155883789062,0.13195,0.144955,0.1486714285714285,0.0130049999999999,0.0167214285714285,0,0.16122,0.11244,0.04878,0.0048799999999999,0.1250480461242795,0.1087932236101431,0.4382470119521912,0.1010009035733064,0.1335934369054825,-0.0016434369054825,0.756031927262749,1.29,-0.1666463649835814,4.862218791866703,0.3897016006457903,0.0193560707689102,0.0291771361442043,0.0,1,16.3700008392334,19.200000762939453,3.175000839233398,12.149999999999999,3.3799999999999955,expiry_intrinsic,0.6074999999999999,1.9500000000000002,814.3000000000003,0.03701363636363638
UHS,2025-09-30,2025-10-27,1.0,200.85,162.82,6.56,31.45,4.9293,5.98,4.3,14.0,4.8785,4.6648,4.6648,4.5178,3.0,0.0,5.0,0.0,4356468880.0,4497852000.0,4271700000.0,16.0,27847.33,24955.13,1627.78,596.65,9.63,4.49,10.07,24.13,10.54,14.26,14.64,0.15,0.51,210.0,220.0,210.0,2025-11-21,10.0,8.95,18.95,9.023809523809522,13.149999999999999,2.85,15.999999999999998,231.92,21.919999999999987,0.40511,0.41487,0.40999,0.29779500000000003,27.36530159272177,-0.09756000000000004,593.0,9.0,0.205607476635514,28.0,4.761904761904767,1,4.261904761904755,2025-10-24,677.0,673.4155883789062,0.13195,0.144955,0.1486714285714285,0.0130049999999999,0.0167214285714285,0,0.16122,0.11244,0.04878,0.0048799999999999,0.1250480461242795,0.1087932236101431,0.4382470119521912,0.1010009035733064,0.1335934369054825,-0.0016434369054825,0.756031927262749,1.29,-0.1666463649835814,4.862218791866703,0.3897016006457903,0.0193560707689102,0.0291771361442043,0.0,1,16.3700008392334,19.200000762939453,3.175000839233398,18.95,21.919999999999987,expiry_intrinsic,0.9475,1.9500000000000002,-393.6999999999988,-0.01874761904761899
CINF,2025-09-30,2025-10-27,1.0,156.9,152.42,0.47,3.42,2.0588,2.35,1.5,8.0,1.8922,1.6854,1.6768,1.633,2.0,0.0,4.0,0.0,2877566670.0,2898000000.0,2865000000.0,3.0,27776.35,22832.35,2232.32,1265.03,27.67,26.58,18.31,52.71,920.83,107.01,117.25,0.0,11.03,155.0,150.0,155.0,2025-11-21,5.75,3.5,9.25,5.967741935483871,1.8250000000000002,4.7,6.525,166.02,11.02000000000001,0.26853,0.25877,0.26365,0.21,20.348947468234403,-0.034140000000000004,650.0,8.0,0.1206896551724138,28.0,3.2258064516129004,1,2.7419354838709706,2025-10-24,677.0,673.4155883789062,0.13195,0.144955,0.1486714285714285,0.0130049999999999,0.0167214285714285,0,0.16122,0.11244,0.04878,0.0048799999999999,0.1250480461242795,0.1087932236101431,0.4382470119521912,0.1010009035733064,0.1335934369054825,-0.0016434369054825,0.756031927262749,1.29,-0.1666463649835814,4.862218791866703,0.3897016006457903,0.0193560707689102,0.0291771361442043,0.0,1,16.3700008392334,19.200000762939453,3.175000839233398,9.25,11.02000000000001,expiry_intrinsic,0.4625,1.9500000000000002,-225.200000000001,-0.014529032258064581
SHW,2025-09-30,2025-10-28,1.0,341.91,331.98,3.67,6.77,3.4394,3.55,3.31,22.0,3.4459,3.4646,3.4668,3.4649,0.0,0.0,0.0,9.0,6197356730.0,6280600000.0,6077000000.0,18.0,-85229.15,-84521.0,-145.0,516.96,0.69,19.01,0.18,-8.65,50.22,-12.29,-10.75,0.53,-2.23,340.0,350.0,340.0,2025-11-21,9.35,13.95,23.299999999999997,6.852941176470588,11.85,5.4,17.25,337.06,2.9399999999999977,0.30755,0.35633,0.33194,0.239265,27.919202265469668,-0.06829000000000002,149.0,60.0,0.3489631982066131,25.0,2.941176470588225,1,3.911764705882363,2025-10-27,686.0,681.3603515625,0.13195,0.13885625,0.14658,0.00690625,0.0146299999999999,0,0.15146,0.1152257142857142,0.0362342857142857,0.0013928571428571,0.1250480461242795,0.1087932236101431,0.4422310756972111,0.106917664401624,0.1376224413581826,-0.0056724413581826,0.7768912057253448,1.52,1.2822694085059183,11.506924388371155,1.460068247545338,0.0207656916758378,0.0353871889360914,0.0,1,15.789999961853027,18.989999771118164,2.594999961853027,23.299999999999997,2.9399999999999977,expiry_intrinsic,1.1649999999999998,1.9500000000000002,1917.55,0.0563985294117647
EA,2025-09-30,2025-10-28,1.0,193.35,156.26,3.59,28.18,0.3537,0.49,-0.02,11.0,0.3537,0.3546,0.3546,0.8139,0.0,0.0,0.0,9.0,1873879490.0,1910000000.0,1841000000.0,17.0,-11606.69,-16970.25,2682.88,2847.79,10.78,-2.34,2.22,51.92,-81.15,-36.77,-42.58,-8.68,-10.57,200.0,200.0,200.0,2025-10-31,1.225,0.125,1.35,0.675,0.4,0.05,0.45,200.06,0.060000000000002274,0.11244,0.04415,0.078295,0.029515,62.30282904400026,-0.043905,103.0,155.0,0.7825845812534664,4.0,0.0,1,0.675,2025-10-27,686.0,681.3603515625,0.13195,0.13885625,0.14658,0.00690625,0.0146299999999999,0,0.15146,0.1152257142857142,0.0362342857142857,0.0013928571428571,0.1250480461242795,0.1087932236101431,0.4422310756972111,0.106917664401624,0.1376224413581826,-0.0056724413581826,0.7768912057253448,1.52,1.2822694085059183,11.506924388371155,1.460068247545338,0.0207656916758378,0.0353871889360914,0.0,1,15.789999961853027,18.989999771118164,2.594999961853027,1.35,0.060000000000002274,expiry_intrinsic,0.0675,1.9500000000000002,120.29999999999978,0.006014999999999989
ECL,2025-09-30,2025-10-28,0.0,271.0,263.13,-1.0,1.96,2.0719,2.12,2.02,21.0,2.07,2.0678,2.0638,2.0732,1.0,0.0,2.0,2.0,4120846290.0,4182046570.0,3985987000.0,16.0,1733.23,1736.48,-5.81,13.61,0.99,8.94,1.64,12.5,26.0,7.98,5.56,1.02,0.76,280.0,260.0,280.0,2025-11-21,8.6,7.35,15.95,5.696428571428571,1.0,22.65,23.65,267.07,12.930000000000007,0.28804,0.25877,0.273405,0.24414,10.703900806495863,-0.05365000000000003,910.0,30.0,0.1824623560673162,25.0,7.14285714285714,0,-1.4464285714285685,2025-10-27,686.0,681.3603515625,0.13195,0.13885625,0.14658,0.00690625,0.0146299999999999,0,0.15146,0.1152257142857142,0.0362342857142857,0.0013928571428571,0.1250480461242795,0.1087932236101431,0.4422310756972111,0.106917664401624,0.1376224413581826,-0.0056724413581826,0.7768912057253448,1.52,1.2822694085059183,11.506924388371155,1.460068247545338,0.0207656916758378,0.0353871889360914,0.0,1,15.789999961853027,18.989999771118164,2.594999961853027,15.95,12.930000000000007,expiry_intrinsic,0.7975,1.9500000000000002,220.29999999999927,0.007867857142857117
NI,2025-09-30,2025-10-29,0.0,43.21,42.45,-1.74,0.02,0.1963,0.215,0.18,10.0,0.2003,0.2032,0.1961,0.1923,1.0,0.0,1.0,3.0,972468970.0,1172000000.0,608406900.0,3.0,2861.66,2649.54,96.02,114.86,18.28,-41.23,7.23,4.76,-77.55,9.26,10.93,-3.13,-1.36,45.0,40.0,45.0,2025-11-21,0.675,1.5,2.175,4.833333333333333,0.15000000000000002,3.0,3.15,42.78,2.219999999999999,0.28804,0.07341,0.18072500000000002,0.20512,-13.498409185226153,0.08292499999999997,3479.0,3218.0,0.05898643035170313,24.0,11.111111111111116,0,-6.277777777777783,2025-10-28,687.0,683.1700439453125,0.1417,0.14658,0.15634,0.0048799999999999,0.01464,0,0.1612199999999999,0.12219,0.0390299999999999,4.999999999977245e-06,0.2499679692504803,0.1380646544791722,0.5776892430278885,0.1019969727617197,0.1376072586588146,0.0040927413411853,0.7412179688472138,1.06,-1.6131966610729989,1.6868890148636602,-0.2763504612986595,0.0234921924949049,0.0352278067425693,0.0,1,16.420000076293945,19.549999237060547,2.2500000762939454,2.175,2.219999999999999,expiry_intrinsic,0.10875,1.9500000000000002,-17.324999999999907,-0.0038499999999999793
PRU,2025-09-30,2025-10-29,1.0,103.83,103.58,-2.54,-2.31,3.7195,3.986,3.3952,15.0,3.6415,3.57,3.574,3.5637,4.0,0.0,11.0,2.0,13875434190.0,15158000000.0,13022170940.0,5.0,772.0,5925.92,-1477.41,2521.75,-7.79,1.73,16.09,-56.34,-55.02,-12.02,-47.7,-1.3,-4.1,100.0,100.0,100.0,2025-11-21,3.6500000000000004,2.825,6.4750000000000005,6.4750000000000005,4.0,1.5,5.5,106.75,6.75,0.25877,0.35633,0.30755,0.23926000000000003,22.204519590310507,-0.05853,247.0,3.0,0.8088642659279779,24.0,0.0,1,6.4750000000000005,2025-10-28,687.0,683.1700439453125,0.1417,0.14658,0.15634,0.0048799999999999,0.01464,0,0.1612199999999999,0.12219,0.0390299999999999,4.999999999977245e-06,0.2499679692504803,0.1380646544791722,0.5776892430278885,0.1019969727617197,0.1376072586588146,0.0040927413411853,0.7412179688472138,1.06,-1.6131966610729989,1.6868890148636602,-0.2763504612986595,0.0234921924949049,0.0352278067425693,0.0,1,16.420000076293945,19.549999237060547,2.2500000762939454,6.4750000000000005,6.75,expiry_intrinsic,0.32375000000000004,1.9500000000000002,-61.824999999999946,-0.006182499999999994
IEX,2025-09-30,2025-10-29,1.0,162.19,163.51,6.91,6.05,1.9303,1.9548,1.91,12.0,1.9295,1.9401,1.9401,2.1732,0.0,0.0,0.0,2.0,861535550.0,869300000.0,855941000.0,12.0,8645.92,8158.34,308.05,124.17,7.21,6.28,1.26,0.49,18.29,3.96,1.98,-0.12,-1.12,165.0,170.0,165.0,2025-11-21,6.4,4.15,10.55,6.3939393939393945,8.9,2.7,11.600000000000001,170.65,5.650000000000006,0.2978,0.30755,0.302675,0.26853,11.281077062856209,-0.034145000000000036,4.0,0.0,0.39285714285714285,24.0,3.0303030303030276,1,3.363636363636367,2025-10-28,687.0,683.1700439453125,0.1417,0.14658,0.15634,0.0048799999999999,0.01464,0,0.1612199999999999,0.12219,0.0390299999999999,4.999999999977245e-06,0.2499679692504803,0.1380646544791722,0.5776892430278885,0.1019969727617197,0.1376072586588146,0.0040927413411853,0.7412179688472138,1.06,-1.6131966610729989,1.6868890148636602,-0.2763504612986595,0.0234921924949049,0.0352278067425693,0.0,1,16.420000076293945,19.549999237060547,2.2500000762939454,10.55,5.650000000000006,expiry_intrinsic,0.5275000000000001,1.9500000000000002,435.29999999999956,0.026381818181818156
VTR,2025-09-30,2025-10-29,1.0,69.2,67.18,1.23,4.27,0.05,0.05,0.05,1.0,0.0,0.0,0.0,0.0,0.0,0.0,0.0,0.0,1435602670.0,1448916000.0,1428400000.0,3.0,6107.1,4969.5,513.6,146.79,18.31,4.63,11.07,200.0,50.0,15.2,14.55,-1.43,-1.25,70.0,75.0,70.0,2025-11-21,2.075,1.3250000000000002,3.4000000000000004,4.857142857142858,4.95,0.4,5.3500000000000005,79.24,9.239999999999995,0.27829,0.20024,0.239265,0.24414,-2.037489812550933,-5.0000000000050004e-06,1193.0,0.0,0.5227272727272727,24.0,7.14285714285714,0,-2.285714285714282,2025-10-28,687.0,683.1700439453125,0.1417,0.14658,0.15634,0.0048799999999999,0.01464,0,0.1612199999999999,0.12219,0.0390299999999999,4.999999999977245e-06,0.2499679692504803,0.1380646544791722,0.5776892430278885,0.1019969727617197,0.1376072586588146,0.0040927413411853,0.7412179688472138,1.06,-1.6131966610729989,1.6868890148636602,-0.2763504612986595,0.0234921924949049,0.0352278067425693,0.0,1,16.420000076293945,19.549999237060547,2.2500000762939454,3.4000000000000004,9.239999999999995,expiry_intrinsic,0.17000000000000004,1.9500000000000002,-602.9499999999995,-0.0861357142857142
AEP,2025-09-30,2025-10-29,0.0,109.78,113.14,11.23,7.93,1.805,1.9076,1.7486,14.0,1.793,1.8727,1.8975,1.8813,1.0,0.0,1.0,6.0,5569178040.0,5875600000.0,5294500000.0,5.0,3893.15,3117.62,315.63,247.93,9.93,-9.78,4.86,14.4,-7.14,46.38,59.71,7.24,8.57,115.0,120.0,115.0,2025-11-21,2.375,2.875,5.25,4.565217391304348,7.35,0.6,7.949999999999999,120.84,5.840000000000003,0.18073,0.25877,0.21975,0.20024,8.878270762229807,-0.01951,1072.0,627.0,0.4714747039827772,24.0,4.347826086956519,1,0.21739130434782883,2025-10-28,687.0,683.1700439453125,0.1417,0.14658,0.15634,0.0048799999999999,0.01464,0,0.1612199999999999,0.12219,0.0390299999999999,4.999999999977245e-06,0.2499679692504803,0.1380646544791722,0.5776892430278885,0.1019969727617197,0.1376072586588146,0.0040927413411853,0.7412179688472138,1.06,-1.6131966610729989,1.6868890148636602,-0.2763504612986595,0.0234921924949049,0.0352278067425693,0.0,1,16.420000076293945,19.549999237060547,2.2500000762939454,5.25,5.840000000000003,expiry_intrinsic,0.2625,1.9500000000000002,-87.20000000000034,-0.007582608695652204
AWK,2025-09-30,2025-10-29,1.0,137.04,140.24,-5.09,-7.26,1.8836,1.9104,1.81,9.0,1.8919,1.8922,1.8922,1.893,0.0,0.0,0.0,1.0,1326000000.0,1354000000.0,1298000000.0,2.0,2802.02,2801.27,-7.94,267.05,11.05,11.73,11.43,5.71,40.95,15.25,8.91,-0.46,-0.76,135.0,125.0,135.0,2025-11-21,3.05,3.125,6.175,4.574074074074074,0.625,8.75,9.375,132.74,2.259999999999991,0.21975,0.22951,0.22463,0.23926,-6.512932377687755,0.014630000000000004,491.0,17.0,1.095505617977528,24.0,7.4074074074074066,0,-2.833333333333332,2025-10-28,687.0,683.1700439453125,0.1417,0.14658,0.15634,0.0048799999999999,0.01464,0,0.1612199999999999,0.12219,0.0390299999999999,4.999999999977245e-06,0.2499679692504803,0.1380646544791722,0.5776892430278885,0.1019969727617197,0.1376072586588146,0.0040927413411853,0.7412179688472138,1.06,-1.6131966610729989,1.6868890148636602,-0.2763504612986595,0.0234921924949049,0.0352278067425693,0.0,1,16.420000076293945,19.549999237060547,2.2500000762939454,6.175,2.259999999999991,expiry_intrinsic,0.30875,1.9500000000000002,358.6750000000009,0.026568518518518585
FTV,2025-09-30,2025-10-29,0.0,48.91,47.93,2.92,5.03,0.5691,0.6,0.55,17.0,0.5691,0.568,0.5698,0.6277,0.0,0.0,3.0,3.0,1007305940.0,1018000000.0,987700000.0,15.0,1950.27,2915.31,-480.03,304.53,-2.16,3.03,1.15,-64.52,-61.18,-10.47,-12.79,-0.83,-2.11,50.0,50.0,50.0,2025-11-21,1.4,1.7999999999999998,3.1999999999999997,6.4,2.4,0.45,2.85,52.82,2.8200000000000003,0.33682,0.27829,0.307555,0.195365,36.47802832013786,0.019510000000000027,653.0,13.0,0.3973384030418251,24.0,0.0,1,6.4,2025-10-28,687.0,683.1700439453125,0.1417,0.14658,0.15634,0.0048799999999999,0.01464,0,0.1612199999999999,0.12219,0.0390299999999999,4.999999999977245e-06,0.2499679692504803,0.1380646544791722,0.5776892430278885,0.1019969727617197,0.1376072586588146,0.0040927413411853,0.7412179688472138,1.06,-1.6131966610729989,1.6868890148636602,-0.2763504612986595,0.0234921924949049,0.0352278067425693,0.0,1,16.420000076293945,19.549999237060547,2.2500000762939454,3.1999999999999997,2.8200000000000003,expiry_intrinsic,0.16,1.9500000000000002,20.049999999999944,0.004009999999999988
EQIX,2025-09-30,2025-10-29,1.0,781.72,785.17,2.05,1.6,3.4343,3.79,2.52,7.0,3.5978,3.5978,3.6265,3.7339,0.0,0.0,3.0,6.0,2326728970.0,2340600000.0,2315170000.0,19.0,5581.87,3107.86,1535.47,488.42,4.49,1.39,6.16,20.25,4.11,9.71,13.3,2.07,1.71,820.0,830.0,820.0,2025-11-21,25.35,28.299999999999997,53.65,6.5426829268292686,29.75,15.6,45.35,754.68,65.32000000000005,0.31731,0.32707,0.32219,0.26365,18.16940314721127,-0.053659999999999985,57.0,2.0,0.18282988871224165,24.0,1.2195121951219523,1,5.323170731707316,2025-10-28,687.0,683.1700439453125,0.1417,0.14658,0.15634,0.0048799999999999,0.01464,0,0.1612199999999999,0.12219,0.0390299999999999,4.999999999977245e-06,0.2499679692504803,0.1380646544791722,0.5776892430278885,0.1019969727617197,0.1376072586588146,0.0040927413411853,0.7412179688472138,1.06,-1.6131966610729989,1.6868890148636602,-0.2763504612986595,0.0234921924949049,0.0352278067425693,0.0,1,16.420000076293945,19.549999237060547,2.2500000762939454,53.65,65.32000000000005,expiry_intrinsic,2.6825,1.9500000000000002,-1437.2000000000053,-0.017526829268292746
ESS,2025-09-30,2025-10-29,0.0,266.22,260.18,-7.15,-5.0,1.82,2.18,1.46,2.0,1.82,1.6811,1.6109,1.4011,1.0,0.0,1.0,0.0,473174570.0,484000000.0,469011000.0,11.0,47087.04,48079.15,-221.76,1484.43,6.21,1.13,6.82,2.07,2.78,47.6,103.49,-0.33,28.46,260.0,250.0,260.0,2025-11-21,5.35,8.0,13.35,5.134615384615385,2.625,11.35,13.975,261.2,1.1999999999999886,0.25877,0.23926,0.249015,0.23926,3.91743469268919,-0.009754999999999986,301.0,0.0,17.0,24.0,3.8461538461538436,1,1.2884615384615414,2025-10-28,687.0,683.1700439453125,0.1417,0.14658,0.15634,0.0048799999999999,0.01464,0,0.1612199999999999,0.12219,0.0390299999999999,4.999999999977245e-06,0.2499679692504803,0.1380646544791722,0.5776892430278885,0.1019969727617197,0.1376072586588146,0.0040927413411853,0.7412179688472138,1.06,-1.6131966610729989,1.6868890148636602,-0.2763504612986595,0.0234921924949049,0.0352278067425693,0.0,1,16.420000076293945,19.549999237060547,2.2500000762939454,13.35,1.1999999999999886,expiry_intrinsic,0.6675,1.9500000000000002,1146.300000000001,0.04408846153846158
SYK,2025-09-30,2025-10-30,1.0,369.67,377.79,-0.19,-2.33,3.1319,3.16,3.05,26.0,3.1341,3.1388,3.1388,3.137,0.0,0.0,1.0,1.0,6044753380.0,6119000000.0,5841100000.0,24.0,7507.1,7088.99,170.02,77.73,11.07,2.66,10.83,11.39,10.21,17.12,17.53,0.96,1.24,370.0,360.0,370.0,2025-11-21,11.35,10.35,21.7,5.864864864864865,2.475,15.75,18.225,368.27,1.7300000000000182,0.2978,0.28804,0.29292,0.209995,28.3097774136283,-0.063415,89.0,44.0,0.5942028985507246,23.0,2.7027027027026973,1,3.1621621621621676,2025-10-29,687.0,683.4981689453125,0.14658,0.1526799999999999,0.1601703571428571,0.0060999999999999,0.0135903571428571,0,0.17097,0.12219,0.04878,0.0,0.3124919923126199,0.152715380903876,0.6414342629482072,0.0704764183530035,0.1374421677454058,0.0091378322545941,0.5127714405927601,1.4,0.5131756759690881,2.6924580658458623,-0.1085265131489235,0.0293350971740893,0.0318382271572281,0.0,1,16.920000076293945,19.829999923706055,2.262000076293946,21.7,1.7300000000000182,expiry_intrinsic,1.085,1.9500000000000002,1886.549999999998,0.05098783783783778
WEC,2025-09-30,2025-10-30,1.0,114.59,110.24,-1.74,2.14,0.812,0.83,0.7947,7.0,0.799,0.7962,0.7862,0.8639,2.0,0.0,3.0,0.0,1897991270.0,2061356720.0,1435517540.0,7.0,8037.15,7598.62,212.22,138.32,13.4,-36.2,2.09,13.43,-66.52,8.04,10.99,-1.45,-0.44,115.0,110.0,115.0,2025-11-21,2.225,2.95,5.175000000000001,4.500000000000001,0.8,4.6,5.3999999999999995,111.14,3.8599999999999994,0.20024,0.24902,0.22463,0.195365,13.028090637937936,-0.024389999999999995,384.0,522.0,0.9260450160771704,23.0,4.347826086956519,1,0.15217391304348205,2025-10-29,687.0,683.4981689453125,0.14658,0.1526799999999999,0.1601703571428571,0.0060999999999999,0.0135903571428571,0,0.17097,0.12219,0.04878,0.0,0.3124919923126199,0.152715380903876,0.6414342629482072,0.0704764183530035,0.1374421677454058,0.0091378322545941,0.5127714405927601,1.4,0.5131756759690881,2.6924580658458623,-0.1085265131489235,0.0293350971740893,0.0318382271572281,0.0,1,16.920000076293945,19.829999923706055,2.262000076293946,5.175000000000001,3.8599999999999994,expiry_intrinsic,0.25875000000000004,1.9500000000000002,103.67500000000013,0.00901521739130436
GWW,2025-09-30,2025-10-31,1.0,944.0,932.44,3.71,4.99,9.9536,10.339,9.77,18.0,9.9536,9.996,9.9987,10.5684,1.0,0.0,3.0,5.0,4642925150.0,4676000000.0,4621000000.0,15.0,23063.1,22679.48,457.5,517.4,5.61,5.76,4.05,2.15,1.12,4.05,4.47,-0.75,-0.16,960.0,970.0,960.0,2025-11-21,26.5,29.400000000000002,55.900000000000006,5.822916666666667,21.5,14.75,36.25,952.15,7.850000000000023,0.28804,0.30755,0.29779500000000003,0.205115,31.122080625933958,-0.06341000000000002,717.0,8.0,1.78743961352657,22.0,1.041666666666674,1,4.781249999999993,2025-10-30,682.0,675.98095703125,0.146585,0.15634,0.1653978571428571,0.0097549999999999,0.0188128571428571,0,0.1626128571428571,0.1333428571428571,0.0292699999999999,0.0013928571428571,0.3125560538116594,0.1527303918940653,0.6613545816733067,0.1385862520971142,0.1438887301686523,0.0026962698313476,0.963148760397544,1.28,-0.2043098115363298,1.193548165110611,-0.3713069559346177,0.0120131924901418,0.0170243397562084,-0.0109981449191913,1,16.90999984741211,19.979999542236328,2.2514998474121075,55.900000000000006,7.850000000000023,expiry_intrinsic,2.7950000000000004,1.9500000000000002,4523.549999999998,0.04712031249999998
MLM,2025-09-30,2025-11-04,1.0,634.77,598.04,-1.5,4.55,6.6808,6.98,6.41,12.0,6.6683,6.6372,6.6372,6.5489,2.0,0.0,4.0,1.0,2060824250.0,2129700000.0,1992100000.0,16.0,16730.24,15778.53,452.22,146.59,2.66,33.85,-1.67,14.08,181.74,14.62,15.08,0.73,2.73,620.0,610.0,620.0,2025-11-21,15.8,16.55,32.35,5.217741935483871,9.15,18.95,28.1,603.18,16.82000000000005,0.28804,0.30755,0.29779500000000003,0.258775,13.102973522053778,-0.034145000000000036,7.0,34.0,0.10526315789473684,18.0,1.6129032258064502,1,3.604838709677421,2025-11-03,686.0,679.4711303710938,0.1451857142857142,0.1520699999999999,0.1616842857142857,0.0068842857142857,0.0164985714285714,0,0.17097,0.1291614285714286,0.0418085714285714,0.00488,0.2817980208352744,0.1485294590682463,0.6135458167330677,0.0946724485893877,0.1441378861606932,0.001047828125021,0.6568186277120884,1.27,-0.2045226232304332,4.420121853122671,0.1712725690893085,-0.0027727195852735,0.0211144294852627,-0.005891805943581,1,17.170000076293945,20.3799991607666,2.6514286477225166,32.35,16.82000000000005,expiry_intrinsic,1.6175000000000002,1.9500000000000002,1389.2999999999952,0.022408064516128954
YUM,2025-09-30,2025-11-04,1.0,150.69,141.34,-0.76,5.81,1.4811,1.58,1.41,28.0,1.4804,1.476,1.4749,1.5248,2.0,0.0,7.0,5.0,1970195220.0,2028000000.0,1935000000.0,22.0,3540.74,3542.1,73.02,98.1,9.64,8.17,7.82,6.67,10.77,2.62,2.47,-2.42,-2.25,140.0,150.0,140.0,2025-11-21,4.050000000000001,4.300000000000001,8.350000000000001,5.964285714285715,10.35,0.44999999999999996,10.799999999999999,152.98,12.97999999999999,0.34658,0.33682,0.3417,0.20512,39.97073456248172,-0.08780500000000002,112.0,204.0,6.028840494408476,18.0,7.14285714285714,0,-1.1785714285714244,2025-11-03,686.0,679.4711303710938,0.1451857142857142,0.1520699999999999,0.1616842857142857,0.0068842857142857,0.0164985714285714,0,0.17097,0.1291614285714286,0.0418085714285714,0.00488,0.2817980208352744,0.1485294590682463,0.6135458167330677,0.0946724485893877,0.1441378861606932,0.001047828125021,0.6568186277120884,1.27,-0.2045226232304332,4.420121853122671,0.1712725690893085,-0.0027727195852735,0.0211144294852627,-0.005891805943581,1,17.170000076293945,20.3799991607666,2.6514286477225166,8.350000000000001,12.97999999999999,expiry_intrinsic,0.4175000000000001,1.9500000000000002,-506.69999999999885,-0.03619285714285706
EXC,2025-09-30,2025-11-04,1.0,45.34,45.06,2.29,2.93,0.7785,0.8,0.75,12.0,0.768,0.7532,0.7532,0.7389,2.0,0.0,5.0,2.0,6481762150.0,6794213070.0,6352620000.0,7.0,3977.23,3698.63,188.37,76.72,1.23,-19.17,5.66,-17.02,-57.61,1.23,1.53,0.43,0.05,46.0,46.0,46.0,2025-11-21,1.0,0.975,1.975,4.293478260869565,0.8,0.8,1.6,45.75,0.25,0.21,0.26853,0.239265,0.209995,12.233297807869942,-0.009759999999999991,379.0,108.0,0.2988095238095238,18.0,0.0,1,4.293478260869565,2025-11-03,686.0,679.4711303710938,0.1451857142857142,0.1520699999999999,0.1616842857142857,0.0068842857142857,0.0164985714285714,0,0.17097,0.1291614285714286,0.0418085714285714,0.00488,0.2817980208352744,0.1485294590682463,0.6135458167330677,0.0946724485893877,0.1441378861606932,0.001047828125021,0.6568186277120884,1.27,-0.2045226232304332,4.420121853122671,0.1712725690893085,-0.0027727195852735,0.0211144294852627,-0.005891805943581,1,17.170000076293945,20.3799991607666,2.6514286477225166,1.975,0.25,expiry_intrinsic,0.09875,1.9500000000000002,160.67500000000004,0.03492934782608696
AIZ,2025-09-30,2025-11-04,1.0,220.0,210.04,-2.45,2.17,4.2753,4.5869,4.05,7.0,4.2181,3.914,3.914,3.8076,1.0,0.0,3.0,1.0,3153750000.0,3154300000.0,3153200000.0,2.0,49979.62,45082.81,3474.69,1356.27,7.98,2.75,6.93,25.0,50.44,20.83,24.09,0.96,1.19,210.0,220.0,210.0,2025-11-21,7.15,4.7,11.850000000000001,5.642857142857143,11.0,,,226.82,16.819999999999993,0.30755,0.31731,0.31243,0.239265,23.418045642223852,-0.058535000000000004,13.0,0.0,,18.0,4.761904761904767,1,0.880952380952376,2025-11-03,686.0,679.4711303710938,0.1451857142857142,0.1520699999999999,0.1616842857142857,0.0068842857142857,0.0164985714285714,0,0.17097,0.1291614285714286,0.0418085714285714,0.00488,0.2817980208352744,0.1485294590682463,0.6135458167330677,0.0946724485893877,0.1441378861606932,0.001047828125021,0.6568186277120884,1.27,-0.2045226232304332,4.420121853122671,0.1712725690893085,-0.0027727195852735,0.0211144294852627,-0.005891805943581,1,17.170000076293945,20.3799991607666,2.6514286477225166,11.850000000000001,16.819999999999993,expiry_intrinsic,0.5925000000000001,1.9500000000000002,-558.1999999999992,-0.026580952380952344
ES,2025-09-30,2025-11-04,1.0,72.53,65.43,1.78,12.82,1.1485,1.2,0.89,14.0,1.1443,1.1448,1.1518,1.1451,2.0,0.0,3.0,4.0,3200790010.0,3812300000.0,2936337930.0,5.0,3630.56,3608.38,43.52,58.71,12.02,-31.09,6.57,1.05,-36.0,30.77,10.05,21.45,-0.42,75.0,75.0,75.0,2025-11-21,1.175,2.0250000000000004,3.2,4.2666666666666675,0.45,2.4,2.85,64.55,10.450000000000003,0.21,0.26853,0.239265,0.19048,20.389526257496914,0.029264999999999985,662.0,5.0,0.09219858156028368,18.0,0.0,1,4.2666666666666675,2025-11-03,686.0,679.4711303710938,0.1451857142857142,0.1520699999999999,0.1616842857142857,0.0068842857142857,0.0164985714285714,0,0.17097,0.1291614285714286,0.0418085714285714,0.00488,0.2817980208352744,0.1485294590682463,0.6135458167330677,0.0946724485893877,0.1441378861606932,0.001047828125021,0.6568186277120884,1.27,-0.2045226232304332,4.420121853122671,0.1712725690893085,-0.0027727195852735,0.0211144294852627,-0.005891805943581,1,17.170000076293945,20.3799991607666,2.6514286477225166,3.2,10.450000000000003,expiry_intrinsic,0.16000000000000003,1.9500000000000002,-742.9500000000003,-0.09906000000000004
PPL,2025-09-30,2025-11-05,1.0,37.15,36.37,-2.1,,0.4557,0.49,0.42,12.0,0.4621,0.47,0.4737,0.4598,0.0,0.0,0.0,5.0,2194042460.0,2409660000.0,2073000000.0,4.0,33.06,223.0,-27.09,117.09,7.66,-19.13,3.56,-15.79,-42.56,2.36,4.1,-1.6,-0.68,36.0,37.0,36.0,2025-11-21,0.8999999999999999,0.55,1.45,4.027777777777778,0.975,0.325,1.3,36.12,0.11999999999999744,0.23926,0.21975,0.22950500000000001,0.18560500000000002,19.128123570292583,-0.024390000000000023,65.0,22.0,0.048625792811839326,17.0,2.777777777777768,1,1.2500000000000098,2025-11-04,677.0,671.4169921875,0.15634,0.1581690625,0.1667914285714285,0.0018290625,0.0104514285714285,0,0.1890871428571428,0.13195,0.0571371428571428,0.0041785714285714,0.4273094914180286,0.1820168337532836,0.7250996015936255,0.1173898487501085,0.1505004106944104,0.0058395893055895,0.7799968665100018,1.17,-0.7737305757377133,1.876192882919801,-0.1723699025774819,-0.0172036989355366,0.0054049963450606,-0.0176755071289431,1,19.0,21.290000915527344,3.3659999999999997,1.45,0.11999999999999744,expiry_intrinsic,0.0725,1.9500000000000002,123.80000000000025,0.03438888888888896
RL,2025-09-30,2025-11-06,1.0,324.77,288.26,-3.0,9.29,3.4466,3.6201,3.34,16.0,3.4466,3.4446,3.4198,2.8665,3.0,0.0,5.0,1.0,1885190740.0,1914000000.0,1846000000.0,16.0,-25953.5,-18810.57,-3313.14,5386.98,13.68,-19.8,10.25,39.63,1350.0,22.38,31.22,1.78,2.13,320.0,320.0,320.0,2025-11-21,13.55,14.3,27.85,8.703125,11.65,7.0,18.65,339.88,19.879999999999995,0.56121,0.49292,0.527065,0.36121000000000003,31.46765579198011,-0.146345,49.0,32.0,0.9230769230769231,16.0,0.0,1,8.703125,2025-11-05,679.0,673.7437133789062,0.15146,0.1526799999999999,0.166095,0.0012199999999999,0.0146349999999999,0,0.18073,0.13195,0.0487799999999999,0.0048799999999999,0.3636482230380737,0.1673661073285799,0.7171314741035857,0.1253427026304716,0.1501667208936776,0.0012932791063223,0.8346902821379302,1.17,-0.6946781023085637,1.065096956710493,-0.4892707646516285,-0.014271370443403,0.0126434838272775,-0.014271370443403,1,18.010000228881836,20.600000381469727,2.864000228881835,27.85,19.879999999999995,expiry_intrinsic,1.3925,1.9500000000000002,655.8000000000005,0.020493750000000015
MTD,2025-09-30,2025-11-06,1.0,1309.12,1255.97,9.97,14.62,10.6663,10.84,10.5745,12.0,10.6672,10.6738,10.6738,10.5108,0.0,0.0,1.0,4.0,997354340.0,1006016120.0,992783000.0,10.0,36385.76,33420.96,1357.33,444.71,3.85,11.26,1.37,4.56,23.2,0.04,-0.08,-0.64,-1.07,1440.0,1440.0,1440.0,2025-11-21,46.9,46.0,92.9,6.45138888888889,27.5,28.0,55.5,1452.35,12.349999999999909,0.3856,0.39536,0.39048,0.249015,36.22848801475108,-0.10243999999999998,4.0,0.0,0.8,16.0,0.0,1,6.45138888888889,2025-11-05,679.0,673.7437133789062,0.15146,0.1526799999999999,0.166095,0.0012199999999999,0.0146349999999999,0,0.18073,0.13195,0.0487799999999999,0.0048799999999999,0.3636482230380737,0.1673661073285799,0.7171314741035857,0.1253427026304716,0.1501667208936776,0.0012932791063223,0.8346902821379302,1.17,-0.6946781023085637,1.065096956710493,-0.4892707646516285,-0.014271370443403,0.0126434838272775,-0.014271370443403,1,18.010000228881836,20.600000381469727,2.864000228881835,92.9,12.349999999999909,expiry_intrinsic,4.6450000000000005,1.9500000000000002,7588.55000000001,0.05269826388888896
CMI,2025-09-30,2025-11-06,0.0,434.17,387.03,6.59,19.58,4.7677,5.34,4.19,14.0,4.762,4.7694,4.7694,4.9937,1.0,0.0,1.0,3.0,7989095790.0,8416000000.0,7381000000.0,16.0,19208.05,14400.26,1081.67,2531.39,-1.74,5.74,-0.54,22.24,7.89,17.94,17.32,1.46,2.3,440.0,470.0,440.0,2025-11-21,16.55,16.85,33.400000000000006,7.590909090909093,35.6,1.9,37.5,472.51,32.50999999999999,0.45389,0.45389,0.45389,0.29779500000000003,34.390491088149105,-0.14146000000000003,244.0,17.0,1.9013035381750465,16.0,6.818181818181812,1,0.7727272727272805,2025-11-05,679.0,673.7437133789062,0.15146,0.1526799999999999,0.166095,0.0012199999999999,0.0146349999999999,0,0.18073,0.13195,0.0487799999999999,0.0048799999999999,0.3636482230380737,0.1673661073285799,0.7171314741035857,0.1253427026304716,0.1501667208936776,0.0012932791063223,0.8346902821379302,1.17,-0.6946781023085637,1.065096956710493,-0.4892707646516285,-0.014271370443403,0.0126434838272775,-0.014271370443403,1,18.010000228881836,20.600000381469727,2.864000228881835,33.400000000000006,32.50999999999999,expiry_intrinsic,1.6700000000000004,1.9500000000000002,-79.94999999999857,-0.001817045454545422
CPT,2025-09-30,2025-11-06,0.0,103.37,105.52,-3.95,-5.9,0.2847,0.29,0.2794,2.0,0.2912,0.2912,0.2912,0.3109,0.0,0.0,0.0,1.0,398456140.0,403500000.0,394013680.0,13.0,29649.6,29343.22,32.48,311.02,2.42,1.52,0.56,-22.5,-13.89,21.13,-6.09,-0.3,-1.64,100.0,100.0,100.0,2025-11-21,3.475,1.025,4.5,4.5,2.9000000000000004,1.95,4.8500000000000005,105.23,5.230000000000004,0.27829,0.21975,0.24902,0.141705,43.094932133965145,0.0048749999999999905,21.0,0.0,2.3333333333333335,16.0,0.0,1,4.5,2025-11-05,679.0,673.7437133789062,0.15146,0.1526799999999999,0.166095,0.0012199999999999,0.0146349999999999,0,0.18073,0.13195,0.0487799999999999,0.0048799999999999,0.3636482230380737,0.1673661073285799,0.7171314741035857,0.1253427026304716,0.1501667208936776,0.0012932791063223,0.8346902821379302,1.17,-0.6946781023085637,1.065096956710493,-0.4892707646516285,-0.014271370443403,0.0126434838272775,-0.014271370443403,1,18.010000228881836,20.600000381469727,2.864000228881835,4.5,5.230000000000004,expiry_intrinsic,0.225,1.9500000000000002,-97.4500000000004,-0.00974500000000004
DDOG,2025-09-30,2025-11-06,1.0,154.52,130.91,23.49,45.76,0.4569,0.54,0.44,36.0,0.4568,0.4568,0.4584,0.4027,0.0,0.0,31.0,0.0,852269430.0,880337000.0,848533000.0,37.0,5238.14,5022.81,135.3,46.72,28.12,8.56,26.2,6.98,0.0,-38.48,-381.34,-0.93,-6.25,155.0,190.0,155.0,2025-11-07,8.175,8.15,16.325000000000003,10.532258064516132,36.2,0.02,36.220000000000006,191.24,36.24000000000001,1.79044,1.78069,1.785565,0.39048,78.13129177599248,-1.2146000000000001,283.0,1155.0,1.1120345845891557,2.0,22.580645161290324,0,-12.048387096774192,2025-11-05,679.0,673.7437133789062,0.15146,0.1526799999999999,0.166095,0.0012199999999999,0.0146349999999999,0,0.18073,0.13195,0.0487799999999999,0.0048799999999999,0.3636482230380737,0.1673661073285799,0.7171314741035857,0.1253427026304716,0.1501667208936776,0.0012932791063223,0.8346902821379302,1.17,-0.6946781023085637,1.065096956710493,-0.4892707646516285,-0.014271370443403,0.0126434838272775,-0.014271370443403,1,18.010000228881836,20.600000381469727,2.864000228881835,16.325000000000003,36.24000000000001,expiry_intrinsic,0.8162500000000001,1.9500000000000002,-2075.0750000000003,-0.13387580645161293
ED,2025-09-30,2025-11-06,1.0,100.04,104.48,-3.05,-7.17,1.7486,1.8318,1.7,9.0,1.7497,1.7683,1.7726,1.7647,0.0,0.0,1.0,4.0,4220420460.0,4334061650.0,4052000000.0,6.0,5006.59,4778.32,285.85,213.29,11.65,-25.07,6.62,15.25,-69.91,18.15,10.94,-13.49,-0.07,95.0,97.5,95.0,2025-11-21,2.6,1.975,4.575,4.815789473684211,4.05,0.6,4.6499999999999995,100.16,5.159999999999997,0.23926,0.31731,0.278285,0.195365,29.7967910595253,-0.04877500000000001,44.0,0.0,1.2608695652173914,16.0,2.6315789473684292,1,2.1842105263157814,2025-11-05,679.0,673.7437133789062,0.15146,0.1526799999999999,0.166095,0.0012199999999999,0.0146349999999999,0,0.18073,0.13195,0.0487799999999999,0.0048799999999999,0.3636482230380737,0.1673661073285799,0.7171314741035857,0.1253427026304716,0.1501667208936776,0.0012932791063223,0.8346902821379302,1.17,-0.6946781023085637,1.065096956710493,-0.4892707646516285,-0.014271370443403,0.0126434838272775,-0.014271370443403,1,18.010000228881836,20.600000381469727,2.864000228881835,4.575,5.159999999999997,expiry_intrinsic,0.22875,1.9500000000000002,-83.32499999999965,-0.00877105263157891
DUK,2025-09-30,2025-11-06,1.0,125.56,125.32,-1.24,-1.05,1.7496,1.7835,1.68,17.0,1.7503,1.7272,1.7372,1.7425,1.0,0.0,6.0,1.0,8553308540.0,8803850930.0,8313675380.0,9.0,4330.4,3716.86,318.76,191.98,4.68,-8.98,4.57,5.93,-28.98,4.22,6.56,-19.69,0.43,125.0,125.0,125.0,2025-11-21,1.2999999999999998,3.2,4.5,3.5999999999999996,0.8,3.075,3.875,122.8,2.200000000000003,0.17097,0.25877,0.21487,0.19048500000000002,11.348722483362028,-0.02438499999999999,2244.0,149.0,0.35405998536942207,16.0,0.0,1,3.5999999999999996,2025-11-05,679.0,673.7437133789062,0.15146,0.1526799999999999,0.166095,0.0012199999999999,0.0146349999999999,0,0.18073,0.13195,0.0487799999999999,0.0048799999999999,0.3636482230380737,0.1673661073285799,0.7171314741035857,0.1253427026304716,0.1501667208936776,0.0012932791063223,0.8346902821379302,1.17,-0.6946781023085637,1.065096956710493,-0.4892707646516285,-0.014271370443403,0.0126434838272775,-0.014271370443403,1,18.010000228881836,20.600000381469727,2.864000228881835,4.5,2.200000000000003,expiry_intrinsic,0.225,1.9500000000000002,205.54999999999973,0.01644399999999998
