date,spot,spy_close,atm_iv_30d,atm_iv_60d,atm_iv_90d,term_slope_30_60,term_slope_30_90,backwardation_flag,iv_25d_put,iv_25d_call,risk_reversal_25d,butterfly_25d,iv_rank_30d,iv_rank_252d,iv_percentile_252d,rv_5d,rv_21d,vrp_30d,vol_expansion,pc_ratio,pc_ratio_z_20d,voi_ratio,voi_ratio_z_20d,spy_ret_5d,spy_ret_21d,spy_dd_from_60d_high,spy_above_200d_ma,vix_close,vix3m_close,vix_minus_atm_iv_30d
2021-06-23,421.0,395.99249267578125,0.12219,0.13752178571428572,0.14658,0.015331785714285728,0.024389999999999995,0,0.16122,0.09292,0.0683,0.004880000000000023,,,,0.1612273538261483,0.08620558631202924,0.03598441368797076,1.8702657301415562,1.1,,0.3312459845476065,,0.0044362488361717745,0.011481227015213147,-0.003004076840686709,1,16.31999969482422,19.700000762939453,4.100999694824219
2021-06-24,424.0,398.3350830078125,0.11244000000000001,0.13299464285714288,0.14357692307692307,0.02055464285714287,0.031136923076923062,0,0.15146,0.09292,0.05854000000000001,0.009749999999999995,,,,0.16430203642735827,0.0875032718746046,0.024936728125395408,1.8776673478313943,1.32,,0.3498342531566393,,0.01071332692028193,0.019727216896886945,0.0,1,15.970000267028809,19.260000228881836,4.726000267028807
2021-06-25,425.0,399.74993896484375,0.11244000000000001,0.12428071428571429,0.136825,0.011840714285714274,0.02438499999999999,0,0.1417,0.08642,0.055279999999999996,0.0016199999999999826,,,,0.08870650698348824,0.08790670829854268,0.024533291701457335,1.0090982667924426,1.17,,0.42072008829194985,,0.02817394695224551,0.02132230575002869,0.0,1,15.619999885559082,19.0,4.3759998855590805
2021-06-28,426.0,400.5558776855469,0.11244,0.12584874999999998,0.136825,0.013408749999999983,0.024385000000000004,0,0.15146,0.09292,0.05854000000000001,0.009750000000000009,,,,0.04541077959483807,0.08795562699769939,0.024484373002300608,0.5162919206525111,1.34,,0.4478365630904523,,0.015706151146380742,0.02284467918604549,0.0,1,15.760000228881836,19.020000457763672,4.516000228881836
2021-06-29,426.0,400.7714538574219,0.117315,0.13125,0.14545384615384616,0.013935000000000003,0.028138846153846153,0,0.15146,0.09292,0.05854000000000001,0.004875000000000004,,,,0.04338548536946881,0.08793471582389563,0.029380284176104374,0.49338290302041454,1.23,-0.019832137243624322,0.2717569470796343,-1.307553447383209,0.010848365805999016,0.021567655541071096,0.0,1,16.020000457763672,19.489999771118164,4.288500457763671
2021-06-30,427.0,401.1086730957031,0.117315,0.13177250000000001,0.1417,0.014457500000000012,0.02438499999999999,0,0.15146,0.09292,0.05854000000000001,0.004875000000000004,,,,0.03501091735765177,0.08766841863799721,0.029646581362002794,0.3993560954055735,1.12,-0.9229320471562186,0.28439344438118813,-0.9350154671903163,0.012919892458947979,0.02332882483632681,0.0,1,15.829999923706055,19.510000228881836,4.098499923706054
2021-07-01,429.0,403.32952880859375,0.11244000000000001,0.12741678571428572,0.14132961538461541,0.014976785714285706,0.028889615384615402,0,0.15146,0.09292,0.05854000000000001,0.009749999999999995,1.4233628520835349e-15,,,0.03278387768758942,0.08899495476934519,0.023445045230654826,0.3683790589315745,1.49,1.7000845251016297,0.44487155795833894,1.086925471122119,0.01253830258451849,0.027378913576289188,0.0,1,15.479999542236328,19.450000762939453,4.235999542236327
2021-07-02,432.0,406.4123840332031,0.10755999999999999,0.1279394642857143,0.136825,0.0203794642857143,0.029265000000000013,0,0.1417,0.09292,0.04877999999999999,0.009750000000000009,0.0,,,0.04949040575589989,0.08962166722570486,0.01793833277429513,0.5522147410096974,1.24,-0.08705976839147495,1.5586866588966588,2.4428809497584405,0.01666653179638211,0.03908826786280528,0.0,1,15.069999694824219,19.299999237060547,4.31399969482422
2021-07-06,431.0,405.67205810546875,0.1197525,0.13752178571428572,0.14788133333333334,0.017769285714285724,0.02812883333333334,0,0.16122,0.09292,0.0683,0.0073175000000000184,0.8333902939166101,,,0.061773990466238195,0.08637519493825144,0.03337730506174856,0.7151820671478618,1.26,0.06432652574821163,0.7868052998748549,0.591619354063498,0.012772700901266809,0.027795264571189637,-0.001821612620135804,1,16.440000534057617,20.260000228881836,4.464750534057618
2021-07-07,433.0,407.10577392578125,0.12219,0.14031,0.14820666666666665,0.018119999999999997,0.02601666666666666,0,0.15146,0.10268,0.04878000000000002,0.004880000000000023,1.0,,,0.059270589831190205,0.08628716457997833,0.035902835420021664,0.6868992638673757,1.19,-0.48408754433594203,0.5789413178350121,0.08120580409448404,0.015805317488038595,0.03242948312130167,0.0,1,16.200000762939453,20.40999984741211,3.9810007629394537
2021-07-08,429.0,403.7886962890625,0.1417,0.15378380952380954,0.15829,0.012083809523809552,0.016589999999999994,0,0.18723,0.10918666666666668,0.07804333333333333,0.006508333333333338,1.0,,,0.10111905183827853,0.09256071154994427,0.04913928845005572,1.0924619111610472,1.26,0.11588546337952603,3.4921922850644544,2.7862197528175834,0.006681538877420179,0.023798847658853983,-0.008147950358777023,1,19.0,21.979999542236328,4.83
2021-07-09,434.0,408.0990295410156,0.11894,0.13450357142857144,0.14658,0.01556357142857144,0.027639999999999984,0,0.15146,0.09292,0.05854000000000001,0.003250000000000003,0.33333333333333376,,,0.11926747668869428,0.09762237431012462,0.021317625689875386,1.22172276111425,1.19,-0.49522492362028975,1.0234682133204633,0.2079462259156299,0.011825319972258441,0.03627395793650767,0.0,1,16.18000030517578,20.440000534057617,4.286000305175781
2021-07-12,436.0,409.560791015625,0.12219,0.13845,0.14658,0.016259999999999997,0.024389999999999995,0,0.15146,0.09292,0.05854000000000001,1.3877787807814457e-17,0.42852958406561226,,,0.11121327344392729,0.09728791971390079,0.024902080286099207,1.143135486615167,1.13,-0.9779570811019114,0.7898414885311089,-0.044861012469397915,0.007746828359848079,0.03517372352564263,0.0,1,16.170000076293945,20.459999084472656,3.951000076293946
2021-07-13,434.0,408.1645812988281,0.13195,0.14518571428571428,0.15503866666666666,0.013235714285714267,0.023088666666666646,0,0.17097,0.10268,0.06829000000000002,0.0048749999999999905,0.714411247803164,,,0.11476592403386968,0.09885482680557071,0.0330951731944293,1.160954176366048,1.09,-1.2251545851389145,0.4583894485782228,-0.4049996511515502,0.006144182581861113,0.029942935803992432,-0.0034090414595951968,1,17.1200008392334,21.1299991607666,3.925000839233398
2021-07-14,435.0,408.7737121582031,0.12707000000000002,0.14425738095238094,0.15048399999999998,0.017187380952380926,0.023413999999999963,0,0.16122,0.10268,0.05854000000000001,0.0048799999999999955,0.5714704159343885,,,0.11308984609276057,0.09880950553133722,0.0282604944686628,1.1445239553080688,1.37,1.2240169397543912,0.504023582737964,-0.3387932536795793,0.004097063562468639,0.029175380984066024,-0.0019217632026495846,1,16.329999923706055,20.6200008392334,3.622999923706054
2021-07-15,433.0,407.3775329589844,0.13195,0.14565047619047616,0.15568933333333335,0.013700476190476152,0.023739333333333335,0,0.17097,0.10268,0.06829000000000002,0.0048749999999999905,0.714411247803164,,,0.09237970695695702,0.09960698007530484,0.03234301992469517,0.9274421018197333,1.53,2.1246242475218478,0.3650652268711505,-0.48840756966223187,0.00888790771733916,0.02754491764674727,-0.005330730149306073,1,17.010000228881836,21.09000015258789,3.8150002288818357
2021-07-16,430.0,404.1822204589844,0.1417,0.15564285714285714,0.161215,0.013942857142857146,0.019515000000000005,0,0.18398,0.10593333333333332,0.07804666666666668,0.0032566666666666855,1.0,,,0.07177921437089227,0.10187700980936068,0.03982299019063931,0.7045673455199609,1.31,0.42896389202779,0.8511219096807091,0.11432980629878127,-0.00959769271305655,0.02520952006150523,-0.013132532885540393,1,18.450000762939453,22.06999969482422,4.280000762939453
2021-07-19,423.0,398.21331787109375,0.18073,0.18560500000000002,0.18560500000000002,0.004875000000000018,0.004875000000000018,0,0.21975,0.13195,0.08779999999999999,-0.0048799999999999955,1.0,,,0.09755386643053113,0.11607859112619211,0.0646514088738079,0.8404122197217033,1.55,1.9616338768807968,1.4994272184927209,0.9001239607962526,-0.027706444057772006,0.010404366821897826,-0.027706444057772006,1,22.5,24.899999618530273,4.427
2021-07-20,429.0,403.9197692871094,0.1539,0.166095,0.16693114285714283,0.012194999999999984,0.013031142857142824,0,0.20024,0.117315,0.082925,0.004877500000000007,0.6333196665299988,,,0.17351252130330522,0.11353910616928936,0.04036089383071065,1.5282181369703065,1.23,-0.28558221019888336,0.6401561703339563,-0.205321975152299,-0.010399755898003793,0.03889892895391145,-0.01377334415857312,1,19.729999542236328,23.200000762939453,4.339999542236328
2021-07-21,433.0,407.1900939941406,0.136825,0.15221076923076926,0.15745485714285712,0.015385769230769258,0.020629857142857116,0,0.18073,0.11244,0.06829,0.009759999999999991,0.39995899958999603,,,0.18775076868025894,0.10688128888632169,0.029943711113678315,1.7566289725412048,1.08,-1.2761549390929878,0.24666892376464844,-0.7009951139225852,-0.0038740704623628774,0.03252880857837126,-0.005788388618953366,1,17.90999984741211,21.8700008392334,4.227499847412108
2021-07-22,434.0,408.04278564453125,0.13682500000000003,0.15258615384615387,0.15773357142857145,0.01576115384615384,0.020908571428571415,0,0.17097,0.10268,0.06829000000000002,-2.7755575615628914e-17,0.39995899958999637,,,0.18693547032296115,0.10601260198842098,0.030812398011579048,1.7633325361014986,1.33,0.42818319955091977,0.42863640575577067,-0.46421639533252884,0.0016330127013015616,0.029188528967539096,-0.0037064225980456555,1,17.690000534057617,21.860000610351562,4.007500534057614
2021-07-23,438.0,412.24072265625,0.12707000000000002,0.14808153846153846,0.15313228571428567,0.021011538461538443,0.02606228571428565,0,0.16122,0.10268,0.05854000000000001,0.0048799999999999955,0.2666393330599976,,,0.18100106397846,0.1098490060160769,0.017220993983923114,1.6477260062960393,1.05,-1.4376442115524823,0.9161592644608801,0.15768102725589667,0.019937794859245628,0.04103166166276795,0.0,1,17.200000762939453,21.649999618530273,4.493000762939452
2021-07-26,439.0,413.25274658203125,0.13195,0.1492076923076923,0.15884842857142856,0.01725769230769228,0.026898428571428545,0,0.16122,0.10268,0.05854000000000001,0.0,0.3333333333333336,,,0.08239701911633536,0.10891912958251904,0.023030870417480975,0.7564972235103103,1.09,-1.1058465197839495,0.41975633264002943,-0.5187475725311336,0.037767267029994,0.03745003694270688,0.0,1,17.579999923706055,21.739999771118164,4.384999923706054
2021-07-27,437.0,411.3692932128906,0.1417025,0.15446,0.16400357142857142,0.012757499999999977,0.022301071428571406,0,0.19536,0.10755999999999999,0.08780000000000002,0.009757499999999975,0.4666188328549954,,,0.09196578040178158,0.11084389513107056,0.030858604868929454,0.8296873751417161,1.38,0.8278487685320916,0.5174162378614009,-0.3912507357509785,0.01844307828490077,0.02906655665322999,-0.004557630613997055,1,19.360000610351562,23.0,5.189750610351561
2021-07-28,437.0,411.2006530761719,0.1417,0.15145999999999998,0.15940585714285715,0.009759999999999991,0.017705857142857162,0,0.18073,0.11244,0.06829,0.0048850000000000005,0.4665846658466584,,,0.08584515472387691,0.11098286715263224,0.030717132847367754,0.7734991618644705,1.15,-0.6729377612075923,0.21396307437264667,-0.799212583086593,0.009849353265673821,0.026575007342624968,-0.004965710507267129,1,18.309999465942383,22.350000381469727,4.139999465942383
2021-07-29,439.0,412.90606689453125,0.13195,0.145455,0.1548045714285714,0.01350499999999999,0.02285457142857139,0,0.17097,0.10268,0.06829000000000002,0.0048749999999999905,0.3333333333333336,,,0.0872612164765267,0.11139244398379433,0.02055755601620568,0.7833674651147944,1.21,-0.31258633797985386,2.0551939622674635,1.5048434323453446,0.011918557124636076,0.030278137128564975,-0.00083890473896997,1,17.700000762939453,21.8799991607666,4.505000762939453
2021-07-30,437.0,410.9007263183594,0.136825,0.15146,0.15996328571428572,0.014635000000000009,0.023138285714285722,0,0.17097,0.11244000000000001,0.05853,0.004880000000000023,0.39995899958999603,,,0.06436474495879892,0.11350251829540177,0.023322481704598233,0.5670776818474033,1.24,-0.028935808956918448,0.7821593072098002,-0.1617647967247828,-0.0032505190881105817,0.0244124694364809,-0.005691481262073084,1,18.239999771118164,22.18000030517578,4.557499771118163
2021-08-02,436.0,410.0386962890625,0.15146,0.156665,0.16344585714285714,0.005204999999999987,0.011985857142857131,0,0.19048,0.11244,0.07804000000000001,0.0,0.5999726663933308,,,0.05837262552417228,0.11287158469383542,0.038588415306164595,0.517159617121601,1.16,-0.5734338607412993,0.4145809342592815,-0.5722604591173533,-0.007777444480531082,0.016634456446288803,-0.007777444480531082,1,19.459999084472656,23.049999237060547,4.3139990844726555
2021-08-03,439.0,413.3745422363281,0.136825,0.15145999999999998,0.15619814285714284,0.014634999999999981,0.01937314285714284,0,0.18073,0.10268,0.07805000000000001,0.0048799999999999955,0.39995899958999603,,,0.08184701611351325,0.1132556614822605,0.0235693385177395,0.7226748318125636,1.71,2.5608865233370994,0.689649717063732,-0.20348561780665902,0.004874571477554879,0.01713077277329278,0.0,1,18.040000915527344,22.18000030517578,4.357500915527343
2021-08-04,437.0,411.3411865234375,0.1417,0.15243600000000002,0.16135685714285714,0.010736000000000023,0.019656857142857143,0,0.18073,0.11244,0.06829,0.0048850000000000005,0.4665846658466584,,,0.09228584442016159,0.11466857348484766,0.027031426515152335,0.8048050273543891,1.24,-0.1436711678960568,0.3047932926168893,-0.6849749872697907,0.00034176367720806233,0.013974658359375836,-0.004918918571739539,1,17.969999313354492,22.170000076293945,3.7999993133544923
2021-08-05,440.0,413.9461669921875,0.13195,0.14430633333333334,0.15410914285714286,0.01235633333333333,0.02215914285714285,0,0.17097,0.10268,0.06829000000000002,0.0048749999999999905,0.3333333333333336,,,0.09934766901847966,0.11594469443985256,0.016005305560147454,0.8568539466031129,1.06,-1.083597399963297,0.23857896327598654,-0.9435460166854894,0.0025189750915477482,0.016802495824226105,0.0,1,17.280000686645508,21.520000457763672,4.0850006866455075
2021-08-06,441.0,414.63018798828125,0.12219,0.1384516666666667,0.15006785714285714,0.016261666666666702,0.02787785714285715,0,0.16122,0.0978,0.06342,0.007320000000000021,0.1999453327866612,,,0.08717556438449786,0.11126338806060036,0.01092661193939963,0.7835062899308539,1.36,0.5339234365424439,0.7153373951136364,0.1403010879797883,0.00907630829309447,0.02684941851729694,0.0,1,16.149999618530273,20.8700008392334,3.930999618530274
2021-08-09,441.0,414.2928466796875,0.12219,0.14202766666666666,0.1529937142857143,0.01983766666666667,0.030803714285714295,0,0.16122,0.10268,0.05854000000000001,0.009760000000000019,0.1999453327866612,,,0.08396285539707136,0.1060771412153462,0.016112858784653794,0.7915263782101666,1.45,0.9344856472987217,0.6392288619689367,-0.012963007920475835,0.010374997357873728,0.015177240547810111,-0.0008135956289879731,1,16.719999313354492,21.270000457763672,4.500999313354493
2021-08-10,441.0,414.8082580566406,0.12463,0.13975300000000002,0.15174042857142858,0.015123000000000011,0.027110428571428577,0,0.166095,0.0978,0.068295,0.007317499999999991,0.2332923329233294,,,0.06482610864104786,0.10559190576272802,0.019038094237271985,0.6139306623247847,1.28,-0.05086758642528711,0.44184349539276585,-0.45291450755738605,0.00346832151916332,0.012812425300778862,0.0,1,16.790000915527344,21.209999084472656,4.327000915527343
2021-08-11,442.0,415.8389587402344,0.12219,0.13845166666666667,0.14867285714285713,0.016261666666666674,0.02648285714285714,0,0.16122,0.09292,0.0683,0.004880000000000023,0.1999453327866612,,,0.041466154406723216,0.10473477798978782,0.01745522201021217,0.3959158094627019,1.38,0.5107659951251742,0.46659514676103647,-0.3927114990513768,0.01093440765027931,0.0188021641098437,0.0,1,16.170000076293945,20.81999969482422,3.951000076293946
2021-08-12,443.0,417.08526611328125,0.11569000000000002,0.1354307142857143,0.1476967142857143,0.019740714285714278,0.03200671428571428,0,0.15146,0.09292,0.05854000000000001,0.006499999999999992,0.11111111111111145,,,0.02332250678738304,0.10497277223386355,0.01071722776613647,0.2221767253647832,1.57,1.5451466039568873,0.4158048817649886,-0.5136272398379337,0.007583351100707292,0.020332897414551354,0.0,1,15.59000015258789,20.25,4.02100015258789
2021-08-13,444.0,417.8442687988281,0.11244000000000001,0.13194499999999998,0.14323485714285714,0.019504999999999967,0.030794857142857124,0,0.14495333333333332,0.08642,0.058533333333333326,0.0032466666666666477,0.06669400027333637,,,0.023415703440942924,0.10378058415948026,0.008659415840519755,0.22562701521278652,1.43,0.7245654433139205,2.8158740892204586,3.144416671718485,0.0077516806630530954,0.025692962898122174,0.0,1,15.449999809265137,20.260000228881836,4.205999809265135
2021-08-16,445.0,418.8280944824219,0.12219,0.14170500000000003,0.15006642857142857,0.019515000000000032,0.02787642857142858,0,0.15146,0.09292,0.05854000000000001,1.3877787807814457e-17,0.1427734661004537,,,0.010616869066978507,0.09841105425586459,0.023778945744135402,0.10788289127941963,1.31,0.14158812364964976,0.7214709209480813,0.027220997819338174,0.010946961404431077,0.036235819593464225,0.0,1,16.1200008392334,20.639999389648438,3.901000839233399
2021-08-17,442.0,416.0825500488281,0.136825,0.14700300000000002,0.159543,0.01017800000000002,0.022717999999999988,0,0.18560500000000002,0.10268,0.08292500000000003,0.0073175000000000046,0.35708009957534037,,,0.0641517335200621,0.08393314882620571,0.05289185117379429,0.7643193948662219,1.01,-1.4419553840333268,0.6243376811872147,-0.12454910067276853,0.0030720024672543644,0.044873517222542736,-0.006555301494248211,1,17.90999984741211,21.700000762939453,4.227499847412108
2021-08-18,437.0,411.528564453125,0.170975,0.17125357142857142,0.17543214285714287,0.0002785714285714336,0.004457142857142882,0,0.22951,0.12219,0.10732,0.004875000000000018,0.857153316737443,,,0.10054000805448113,0.08346928102718558,0.08750571897281441,1.204515084079084,1.24,-0.2388872910164704,0.3570028220420456,-0.5576250334052544,-0.010365537419022797,0.018837392335226966,-0.017428463193992383,1,21.56999969482422,23.799999237060547,4.472499694824219
2021-08-19,438.0,412.165771484375,0.16446833333333333,0.17139285714285712,0.17557142857142857,0.006924523809523797,0.011103095238095245,0,0.22625666666666666,0.11894,0.10731666666666666,0.008129999999999998,0.7618733831210034,,,0.09637966273197746,0.07936254332378698,0.08510579000954635,1.2144225562273534,1.45,0.8894148723056619,0.6234511010487249,-0.15159647893262135,-0.01179493745907123,0.012219544541046679,-0.015907058494440407,1,21.670000076293945,24.200000762939453,5.223166742960611
2021-08-20,441.0,415.44537353515625,0.14170500000000003,0.15257485714285712,0.1609362857142857,0.010869857142857098,0.019231285714285673,0,0.19048,0.10268,0.08780000000000002,0.004874999999999963,0.42854004978767046,,,0.11997570881308355,0.0832423355330323,0.058462664466967726,1.4412823480364108,1.32,0.10420496603002456,3.530802906916284,3.0156584650641527,-0.005741122812496502,0.018141695310044836,-0.008076633329590521,1,18.559999465942383,22.40999984741211,4.3894994659423805
2021-08-23,446.0,419.09991455078125,0.122195,0.139752,0.1521567857142857,0.01755699999999999,0.029961785714285705,0,0.17097,0.09292,0.07805000000000001,0.009750000000000009,0.14284668326255656,,,0.13889070668283998,0.08127929258825027,0.04091570741174973,1.7088080156706238,1.13,-1.021318421408413,0.8194426706574478,-0.05651987799850493,0.0006490015162312623,0.016638802324851376,0.0,1,17.149999618530273,21.200000762939453,4.930499618530273
2021-08-24,446.0,419.76513671875,0.122195,0.1439347142857143,0.15250517857142856,0.021739714285714307,0.030310178571428564,0,0.17585,0.09292,0.08293,0.012190000000000006,0.14284668326255656,,,0.12550290451570972,0.0811108159288197,0.041084184071180294,1.5473017140629817,1.15,-0.8250614999873728,0.2902592168698297,-0.6381663948828428,0.0088506155076431,0.01575885506044905,0.0,1,17.219999313354492,21.219999313354492,5.000499313354492
2021-08-25,447.0,420.64605712890625,0.122195,0.1357082857142857,0.1486707142857143,0.0135132857142857,0.026475714285714297,0,0.17097,0.08317,0.08780000000000002,0.004875000000000018,0.14284668326255656,,,0.057666967133450514,0.07886520215801336,0.043329797841986636,0.7312092729808728,1.27,-0.1680830607594848,0.3672693011990841,-0.5635133178439033,0.02215518790997506,0.02255093919033646,0.0,1,16.790000915527344,20.790000915527344,4.570500915527344
2021-08-26,445.0,418.1628112792969,0.13194499999999998,0.14588642857142858,0.1572105357142857,0.013941428571428605,0.02526553571428572,0,0.19048000000000004,0.09292,0.09756000000000004,0.009755000000000041,0.2856201493630102,,,0.09383248134278412,0.08239279721223518,0.0495522027877648,1.1388432547214233,1.78,2.27396392059128,0.25207937481508874,-0.6172805779926979,0.014550067496687413,0.016931291696745676,-0.00590340930938138,1,18.84000015258789,21.860000610351562,5.645500152587893
2021-08-27,448.0,421.901611328125,0.112435,0.1365445714285714,0.1497160714285714,0.02410957142857141,0.03728107142857141,0,0.15471333333333334,0.08317,0.07154333333333335,0.0065066666666666745,0.0,,,0.09732287578188177,0.08638003265916241,0.02605496734083758,1.1266825536625753,1.2,-0.6239745686284658,0.5510875309003878,-0.25061173993792457,0.015540521580564404,0.021785934271320473,0.0,1,16.389999389648438,20.610000610351562,5.146499389648438
2021-08-30,450.0,423.7569885253906,0.117315,0.134874,0.14971553571428572,0.01755899999999999,0.03240053571428572,0,0.15146,0.08317,0.06829000000000002,0.0,0.08336180389477298,,,0.08549820438684436,0.08434848531784771,0.032966514682152295,1.0136305834617445,1.08,-1.1781911104258969,1.0661541669859498,0.3179792555979786,0.011112085240105873,0.03128800068625437,0.0,1,16.190000534057617,20.399999618530273,4.458500534057617
2021-08-31,450.0,423.12908935546875,0.117315,0.13543142857142856,0.15006571428571427,0.01811642857142856,0.03275071428571427,0,0.16122,0.08317,0.07805000000000001,0.0048799999999999955,0.08336180389477298,,,0.08958764567690858,0.08404612689507868,0.033268873104921326,1.065934255230438,1.26,-0.21022332660078513,1.1287673900197897,0.36474193256890397,0.008013892394719502,0.03192477486851142,-0.001481743515562739,1,16.479999542236328,20.420000076293945,4.748499542236328
2021-09-01,450.0,423.35406494140625,0.112435,0.13111385714285717,0.14553732142857145,0.018678857142857178,0.03310232142857146,0,0.16122,0.08317,0.07805000000000001,0.009760000000000005,0.0,,,0.08972611280701823,0.08056814647165615,0.03186685352834384,1.113667333014591,1.33,0.14775838371394326,0.7658294002520186,-0.0899236751316371,0.006437734923710803,0.024141599652193424,-0.0009508364343122633,1,16.110000610351562,20.079999923706055,4.866500610351563
2021-09-02,451.0,424.656494140625,0.11731500000000002,0.1354307142857143,0.14588571428571429,0.018115714285714277,0.02857071428571427,0,0.16122000000000003,0.08317,0.07805000000000004,0.0048799999999999955,0.08336180389477321,,,0.06295616850283234,0.07769316787730624,0.03962183212269378,0.8103179497359831,1.3,-0.08641324498187089,0.4974450165327511,-0.4279370212747397,0.015529077876298425,0.03237047019221562,0.0,1,16.40999984741211,20.1299991607666,4.678499847412107
2021-09-03,451.0,424.55340576171875,0.11406166666666667,0.13281946428571428,0.14623410714285714,0.01875779761904761,0.03217244047619047,0,0.16122,0.08317,0.07805000000000001,0.008133333333333326,0.02778726796492448,,,0.03837789991829686,0.07589239327634376,0.038169273390322916,0.5056883603413723,1.29,-0.12403731474906325,1.0956725929369435,0.26593269863971425,0.006285338482699965,0.025624681698602325,-0.00024275709974685977,1,16.40999984741211,20.31999969482422,5.003833180745442
2021-09-07,449.0,423.03546142578125,0.12707,0.14466517857142858,0.15738267857142857,0.017595178571428588,0.03031267857142858,0,0.18073,0.088045,0.092685,0.0073175000000000046,0.24999999999999994,,,0.039065728337789624,0.07764926272330175,0.04942073727669824,0.5031049486844181,1.0,-1.5764020354889854,0.7389291015896992,-0.16731961308089432,-0.0017026907381991752,0.020271735346335973,-0.003817279936161655,1,18.139999389648438,21.530000686645508,5.4329993896484385
2021-09-08,449.0,422.5201110839844,0.12707,0.14518785714285715,0.15773107142857143,0.018117857142857158,0.03066107142857144,0,0.18073,0.09292,0.08781,0.009755000000000014,0.24999999999999994,,,0.038622143678304605,0.07777813786466382,0.049291862135336165,0.49656811976532833,1.22,-0.35874696404774337,0.6549844773263714,-0.2822549906170952,-0.0014392257275717135,0.019858572191708168,-0.005030849842445062,1,17.959999084472656,21.59000015258789,5.252999084472657
2021-09-09,447.0,420.7115478515625,0.13682500000000003,0.15355166666666667,0.16452642857142857,0.01672666666666664,0.027701428571428544,0,0.19373666666666667,0.09292,0.10081666666666667,0.006503333333333305,0.41663819610522784,,,0.04653239389110444,0.07983734477272765,0.05698765522727238,0.5828399481917622,1.12,-0.8218957298511458,0.5454241677289836,-0.42003462394783875,-0.006241860675672228,0.014231369989060827,-0.009289734982261044,1,18.799999237060547,22.059999465942383,5.117499237060544
2021-09-10,444.0,417.39453125,0.15145999999999998,0.1614497619047619,0.16958071428571428,0.009989761904761918,0.018120714285714296,0,0.20349333333333333,0.11244000000000001,0.09105333333333332,0.006506666666666688,0.6666381961052271,,,0.04757532135311381,0.08483697692776562,0.06662302307223436,0.5607852032919771,1.82,2.503177267495963,0.5856387437902029,-0.38370062403236793,-0.01710079320774549,0.003740805129173408,-0.01710079320774549,1,20.950000762939453,23.309999465942383,5.804000762939454
2021-09-13,445.0,418.462646484375,0.14170500000000003,0.1547133333333333,0.16836160714285714,0.013008333333333288,0.026656607142857114,0,0.20024,0.10268,0.09756000000000001,0.009754999999999958,0.5000000000000006,,,0.06155442824746509,0.0846676695153194,0.057037330484680626,0.7270121948535232,1.59,1.335258369053049,0.64716251002413,-0.21156252784035737,-0.014346273506900542,0.003302395176720596,-0.014585547946898703,1,19.3700008392334,22.469999313354492,5.199500839233396
2021-09-14,442.0,416.2043762207031,0.15145999999999998,0.15842785714285712,0.16958071428571428,0.006967857142857137,0.018120714285714296,0,0.20512,0.10755999999999999,0.09756000000000001,0.0048799999999999955,0.6666381961052271,,,0.06416445190586545,0.08656298118218476,0.06489701881781522,0.741245865490951,1.22,-0.3099540237611495,0.4158686575786357,-0.5207829075053361,-0.016147783880942068,-0.0039246501641369,-0.019903423205681503,1,19.459999084472656,22.549999237060547,4.313999084472657
2021-09-15,446.0,419.6808166503906,0.136825,0.14913738095238094,0.16016982142857142,0.012312380952380936,0.023344821428571416,0,0.19048,0.09292,0.09756000000000001,0.0048749999999999905,0.4166381961052274,,,0.10558835980754298,0.09111557498407324,0.04570942501592676,1.1588398561497257,1.07,-1.0135534910920572,0.5673852605851959,-0.29838353327337247,-0.0067199036427153525,0.002035971748797216,-0.011716946658978156,1,18.18000030517578,21.760000228881836,4.49750030517578
2021-09-16,445.0,419.01556396484375,0.13682500000000003,0.15053142857142857,0.16504964285714285,0.013706428571428536,0.028224642857142823,0,0.19048000000000004,0.09292,0.09756000000000004,0.0048749999999999905,0.41663819610522784,,,0.10254483738127827,0.08810003973956618,0.04872496026043385,1.1639590366180603,0.74,-2.096101437974984,0.5318454804188355,-0.36434187795654477,-0.00403122732280492,0.007049115411524642,-0.013283513271583836,1,18.690000534057617,21.809999465942383,5.007500534057614
2021-09-17,441.0,414.93389892578125,0.15471333333333334,0.1653985714285714,0.17550160714285715,0.010685238095238053,0.020788273809523805,0,0.21,0.11569,0.09430999999999999,0.008131666666666648,0.7222127320350761,,,0.11122034138140338,0.08620771567362935,0.06850561765970399,1.2901437013186663,1.19,-0.2578986070305016,1.917688606126964,1.4549536834721957,-0.005895219366793603,0.008274843514645358,-0.0228951996472333,1,20.809999465942383,23.219999313354492,5.338666132609049
2021-09-20,433.0,408.0152282714844,0.20512,0.20024,0.2037257142857143,-0.0048799999999999955,-0.001394285714285709,1,0.25877,0.15146,0.10730999999999999,-5.0000000000050004e-06,1.0,,,0.14885188231361207,0.10461049254532387,0.10050950745467613,1.422915414045298,1.44,0.7163595863942956,5.407458015187275,4.000150748308488,-0.024966190652050746,-0.010070082234007072,-0.039187593028142564,1,25.709999084472656,26.399999618530273,5.197999084472656
2021-09-21,433.0,407.6297912597656,0.19536,0.19065428571428572,0.19536,-0.004705714285714285,0.0,0,0.24902,0.15146,0.09755999999999998,0.0048799999999999955,0.8946970923018828,0.899958999589996,0.9838709677419355,0.1515342563951967,0.10004103219736694,0.09531896780263306,1.5147210406250189,1.45,0.688452452041942,0.4874647365354431,-0.3910814968118194,-0.020601861611350802,-0.018812538960020997,-0.040095237246556725,1,24.360000610351562,25.469999313354492,4.824000610351561
2021-09-22,437.0,411.6060791015625,0.17097,0.17619857142857143,0.18073,0.005228571428571416,0.009759999999999991,0,0.21975,0.13195,0.08779999999999999,0.0048799999999999955,0.6315477153800508,0.649958999589996,0.9365079365079365,0.15888643149134576,0.10124296970330207,0.06972703029669794,1.5693576744831856,1.34,0.21685302742223686,0.6807350573847855,-0.2377949097915939,-0.019240187372096762,-0.017880784960911167,-0.030731697781927414,1,20.8700008392334,23.049999237060547,3.773000839233397
2021-09-23,443.0,416.6071472167969,0.1417,0.15302803571428575,0.166095,0.011328035714285756,0.024395,0,0.19048000000000004,0.11244000000000001,0.07804000000000003,0.009760000000000046,0.31574688460916006,0.3499384993849939,0.78125,0.1964994145144058,0.11053181161805144,0.031168188381948556,1.7777634478065012,1.39,0.3903107166197474,0.559100458194325,-0.3571895361923526,-0.0057477978270251695,-0.007523229600816084,-0.018954960149891398,1,18.6299991607666,21.3700008392334,4.459999160766602
2021-09-24,443.0,417.2934265136719,0.133575,0.15285428571428572,0.1633092857142857,0.01927928571428572,0.029734285714285713,0,0.18073,0.10593333333333332,0.07479666666666668,0.009756666666666663,0.2280843717969467,0.2666564165641657,0.5846153846153846,0.1809958350622669,0.11041665215105581,0.02315834784894419,1.6392077783218337,1.25,-0.06676304158918822,0.68495052556035,-0.26559524130058115,0.005686514391808339,-0.007970193844481832,-0.01733887913772214,1,17.75,20.81999969482422,4.3925
2021-09-27,442.0,416.0995788574219,0.1417,0.15511875,0.166095,0.013418750000000007,0.024395,0,0.19048,0.11244,0.07804000000000001,0.009760000000000019,0.31574688460916006,0.3499384993849939,0.7878787878787878,0.10497185439858268,0.10898295601939033,0.032717043980609664,0.9631951475045879,1.08,-0.7848160156322795,0.4003040381402178,-0.5163639661606559,0.019813845233635163,-0.00493404091952343,-0.020150204697845786,1,18.760000228881836,21.399999618530273,4.590000228881836
2021-09-28,434.0,407.7143859863281,0.18804500000000002,0.18699785714285716,0.19048,-0.0010471428571428576,0.0024349999999999927,0,0.23926,0.15146,0.08779999999999999,0.007314999999999988,0.8157738576900256,0.8249794997949982,0.9701492537313433,0.2047489038400433,0.12415123432220566,0.06389376567779435,1.6491894338212145,1.47,0.837558593269054,0.8874320377261462,-0.06590730238518773,0.0002075283219635793,-0.03362685744938543,-0.03989602982189766,1,23.25,24.030000686645508,4.445499999999999
2021-09-29,434.0,408.400634765625,0.19048500000000002,0.1871719642857143,0.19048,-0.003313035714285706,-5.0000000000050004e-06,1,0.23926,0.1417,0.09756000000000001,-5.000000000032756e-06,0.8420995846145549,0.8499897498974992,0.9705882352941176,0.18813289234891614,0.12284575698857737,0.06763924301142264,1.5314561687825279,1.6,1.2710196304232053,0.4779788556305093,-0.4065965987065264,-0.007787650617148811,-0.03623858526369883,-0.03828002067387881,1,22.559999465942383,23.719999313354492,3.511499465942382
2021-09-30,429.0,403.4090576171875,0.20024000000000003,0.19710285714285714,0.19187428571428572,-0.003137142857142894,-0.00836571428571431,1,0.23926000000000003,0.1579666666666667,0.08129333333333333,-0.0016266666666666652,0.9473485461509417,0.9499794997949983,0.9855072463768116,0.15311688900674963,0.12813927275700532,0.07210072724299471,1.1949255346337901,1.33,0.1440071502449936,0.7116053656921152,-0.19272563598731154,-0.031679940413363195,-0.04660523758439716,-0.050034408555168386,1,23.139999389648438,23.8700008392334,3.115999389648433
2021-10-01,434.0,408.203125,0.17585,0.17776714285714287,0.18073,0.0019171428571428673,0.0048799999999999955,0,0.21975,0.1417,0.07805000000000001,0.0048749999999999905,0.6841991692291095,0.6999794997949981,0.9142857142857143,0.19751674203779385,0.13691029870723906,0.03893970129276095,1.4426726396978509,1.26,-0.1397587164387187,0.9003204640632111,-0.04047174998242921,-0.02178395569184466,-0.03578786929447153,-0.03874512545468445,1,21.100000381469727,22.950000762939453,3.5150003814697257
2021-10-04,428.0,402.9389953613281,0.19536,0.19536,0.19536,0.0,0.0,0,0.23926,0.16122,0.07804,0.0048799999999999955,0.8946970923018828,0.899958999589996,0.971830985915493,0.2054424417322927,0.14103809139104384,0.054321908608956165,1.4566450786878604,1.28,-0.054230627548106654,0.784041528511204,-0.13190048027821052,-0.031628447046814445,-0.05114133206239191,-0.05114133206239191,1,22.959999084472656,24.110000610351562,3.423999084472655
2021-10-05,433.0,407.131591796875,0.18073,0.18334160714285716,0.18560500000000005,0.0026116071428571586,0.004875000000000046,0,0.22951,0.1417,0.08781,0.0048749999999999905,0.7368506230781681,0.7500000000000001,0.9166666666666666,0.18930609025943126,0.14778736547604243,0.03294263452395757,1.2809355498668753,1.26,-0.2001414293503174,0.39353212060487436,-0.4682988679011974,-0.0014294177725499013,-0.0410356240897094,-0.04126841950036597,1,21.299999237060547,23.110000610351562,3.2269992370605465
2021-10-06,434.0,408.82366943359375,0.18073,0.18351571428571428,0.18165452380952385,0.0027857142857142803,0.0009245238095238473,0,0.22951,0.1417,0.08781,0.0048749999999999905,0.7368506230781681,0.7500000000000001,0.9178082191780822,0.1917148737429485,0.149160961732726,0.031569038267274,1.2852885333796165,0.88,-1.6467967766373197,0.5766529238229401,-0.2990791544525046,0.0010358325427468618,-0.03359480064458109,-0.03728383982228278,1,21.0,22.84000015258789,2.9269999999999996
2021-10-07,438.0,412.3582763671875,0.16122000000000003,0.16818666666666665,0.17584999999999998,0.006966666666666621,0.014629999999999949,0,0.20024000000000003,0.13195,0.06829000000000002,0.0048749999999999905,0.526352700005395,0.5500205002050024,0.8243243243243243,0.160758954685227,0.15332672847704812,0.007893271522951911,1.0484731284753879,1.29,-0.030592133487524358,0.44896345583730857,-0.4092466374351643,0.022183980704003625,-0.02405053499282306,-0.028960390205088782,1,19.540000915527344,22.1200008392334,3.4180009155273403
2021-10-08,437.0,411.6060791015625,0.15634,0.1663297619047619,0.17236785714285713,0.00998976190476189,0.01602785714285712,0,0.20024,0.12219,0.07805000000000001,0.0048749999999999905,0.47370124615633613,0.5000000000000001,0.8133333333333334,0.14986116313280476,0.15292996146478516,0.003410038535214849,0.9799333086689684,1.53,1.1232037215948902,0.3042272491035338,-0.5241079789865815,0.008336423444976093,-0.02164302072643043,-0.030731697781927414,1,18.770000457763672,21.8799991607666,3.1360004577636715
2021-10-11,434.0,408.6262512207031,0.17097,0.17422333333333334,0.17585,0.0032533333333333303,0.0048799999999999955,0,0.21,0.13195,0.07804999999999998,4.999999999977245e-06,0.6315477153800508,0.649958999589996,0.8552631578947368,0.11646336144201398,0.15257817859054498,0.018391821409455028,0.7633028688496287,1.54,1.1986666436659572,0.6538809226524467,-0.21116926305268768,0.014114434008242416,-0.021007175161202762,-0.03774872901063764,1,20.0,22.389999389648438,2.9029999999999987
2021-10-12,432.0,407.6203308105469,0.170975,0.17306285714285713,0.1781714285714286,0.0020878571428571413,0.007196428571428604,0,0.21,0.12707000000000002,0.08292999999999998,-0.0024399999999999977,0.6316016615417812,0.650010250102501,0.8701298701298701,0.0982500692871942,0.15208982170072408,0.018885178299275912,0.6460002923833162,1.4,0.5078549638927944,0.3069027742716962,-0.515919325525771,0.0012004448279605562,-0.025909876938640886,-0.04011751513315276,1,19.850000381469727,22.329999923706055,2.7525003814697264
2021-10-13,435.0,409.0868835449219,0.15146,0.1626104761904762,0.166095,0.011150476190476183,0.014634999999999981,0,0.19048,0.12219,0.06829000000000002,0.0048749999999999905,0.4210497923072775,0.44997949979499813,0.7564102564102564,0.09692712133368052,0.15218362713749434,-0.0007236271374943259,0.6369089970901347,1.29,-0.04967514137148702,0.3461290923713534,-0.46913352213323917,0.0006438328575564256,-0.017100955882325963,-0.03666401152585985,1,18.639999389648438,21.540000915527344,3.4939993896484367
2021-10-14,442.0,415.9679870605469,0.13195,0.14867238095238094,0.1542485714285714,0.016722380952380933,0.02229857142857139,0,0.17097,0.11244000000000001,0.05853,0.009755000000000014,0.19644916262469123,0.2500000000000002,0.4810126582278481,0.14595774818985438,0.16101278091022742,-0.029062780910227404,0.9064979026182589,1.47,0.791250682409012,0.8456427447626187,-0.03847630932631056,0.008753821373880033,-0.008846793664473496,-0.020460082913982047,1,16.860000610351562,20.3700008392334,3.665000610351562
2021-10-15,445.0,419.13592529296875,0.12219,0.14448999999999998,0.15262190476190476,0.022299999999999986,0.03043190476190477,0,0.16122,0.10268,0.05854000000000001,0.009760000000000019,0.08926512308959446,0.14995899958999592,0.3,0.14675255659155495,0.1632973265020091,-0.0411073265020091,0.8986831550469346,1.35,0.0303964596265614,0.9985112971561968,0.1422750446095765,0.018293816767337656,0.00028724786971179306,-0.013000081062761515,1,16.299999237060547,20.299999237060547,4.0809992370605475
2021-10-18,446.0,420.3767395019531,0.13195,0.14658,0.15401619047619047,0.014629999999999976,0.02206619047619046,0,0.16122,0.10268,0.05854000000000001,0.0,0.11768961774990978,0.2500000000000002,0.49382716049382713,0.11302480590191555,0.15958357454645253,-0.027633574546452516,0.7082483659307658,1.03,-1.6629424852231576,0.4221287688372966,-0.8062494105302805,0.02875607782453371,0.013117367827171433,-0.010078156575311081,1,16.309999465942383,20.290000915527344,3.1149994659423825
2021-10-19,450.0,423.6198425292969,0.12219250000000001,0.14204857142857144,0.14658,0.01985607142857143,0.02438749999999998,0,0.15634,0.10268,0.05366000000000001,0.0073175000000000046,3.014590618613744e-05,0.14998462484624867,0.3048780487804878,0.08696731997466042,0.14800453230049196,-0.02581203230049195,0.5875990324275451,1.28,-0.20592584993793212,0.670238931936903,0.31918307628649845,0.03925101499951,0.03824517610266631,-0.002441153321877221,1,15.699999809265137,19.979999542236328,3.480749809265136
2021-10-20,451.0,425.2837219238281,0.12219,0.14170500000000003,0.15006642857142857,0.019515000000000032,0.02787642857142858,0,0.16122,0.10268,0.05854000000000001,0.009760000000000019,0.0,0.14995899958999592,0.30120481927710846,0.08601511524882269,0.147832299759675,-0.025642299759674997,0.581842502542773,1.13,-0.9774682225394843,0.6315453525260831,0.14850531801033784,0.03959266119351801,0.043308735138086085,0.0,1,15.489999771118164,19.8700008392334,3.2709997711181646
2021-10-21,453.0,426.3930358886719,0.11244000000000001,0.136825,0.14565095238095238,0.02438499999999999,0.03321095238095237,0,0.15146,0.09942666666666666,0.05203333333333335,0.013003333333333339,0.0,0.05002050020500228,0.09523809523809523,0.03966263687182949,0.14520203788696726,-0.032762037886967244,0.2731548224047994,1.2,-0.5337323077647853,0.8092922402427487,0.9107663625066951,0.02506214216578062,0.035925020396651464,0.0,1,15.010000228881836,19.479999542236328,3.7660002288818344
2021-10-22,452.0,425.9512023925781,0.12219,0.14170500000000003,0.15099547619047615,0.019515000000000032,0.02880547619047616,0,0.15796666666666667,0.09292,0.06504666666666667,0.003253333333333358,0.10520069054812238,0.14995899958999592,0.3176470588235294,0.04956512508068745,0.14039826849914408,-0.018208268499144087,0.353032310231017,1.24,-0.3083095449343221,0.8810498778665518,1.1561852184814028,0.0162603028954047,0.022428936320957327,-0.0010362118020358357,1,15.430000305175781,20.010000228881836,3.211000305175782
2021-10-25,454.0,428.2354736328125,0.122195,0.14170500000000003,0.14727714285714283,0.019510000000000027,0.02508214285714283,0,0.16122,0.09292,0.0683,0.004875000000000018,0.1052546396201984,0.1500102501025011,0.37209302325581395,0.05161218917532827,0.14117788315609567,-0.01898288315609567,0.3655826820852838,1.17,-0.7411237780072548,0.3746084141614596,-1.0960166124164743,0.01869450279330409,0.02622147013087961,0.0,1,15.239999771118164,19.559999465942383,3.020499771118164
2021-10-26,455.0,428.6209411621094,0.12707000000000002,0.1444885714285714,0.14762571428571428,0.017418571428571394,0.02055571428571426,0,0.16122,0.10268,0.05854000000000001,0.0048799999999999955,0.1578549848942599,0.1999794997949982,0.4367816091954023,0.03976084179829883,0.14040131797836566,-0.013331317978365648,0.2831942204732405,1.27,-0.11706224899873542,0.6823707416895675,0.3293286010543924,0.01180562884626113,0.030092225373239412,0.0,1,15.979999542236328,20.110000610351562,3.2729995422363274
2021-10-27,453.0,426.7219543457031,0.136825,0.14971714285714285,0.15773357142857145,0.012892142857142852,0.020908571428571443,0,0.17097,0.11244,0.05853000000000001,0.0048799999999999955,0.2631096245144583,0.29996924969249705,0.6022727272727273,0.058710329006226164,0.11840916191072931,0.018415838089270692,0.4958258977501157,1.45,1.0505803808377892,0.48914723131762655,-0.5655144174350846,0.003381818648898527,0.04661981282164618,-0.004430457390293574,1,16.979999542236328,20.889999389648438,3.297499542236327
2021-10-28,457.0,430.83935546875,0.12544333333333335,0.14170500000000003,0.15233142857142856,0.016261666666666674,0.02688809523809521,0,0.16122000000000003,0.10268,0.058540000000000036,0.006506666666666661,0.14030355344554749,0.18330599972666423,0.38202247191011235,0.08727165107562594,0.12114537054534856,0.004297962787984791,0.7203878339119644,1.45,0.9876292922047206,0.5099043186389414,-0.423416947302558,0.010427749062109415,0.054942913387003633,0.0,1,16.530000686645508,20.479999542236328,3.9856673533121736
2021-10-29,459.0,431.7135925292969,0.12219,0.14065928571428574,0.14867142857142857,0.018469285714285744,0.026481428571428572,0,0.16122,0.10268,0.05854000000000001,0.009760000000000019,0.10520069054812238,0.14995899958999592,0.3111111111111111,0.08299563924248808,0.108535460653291,0.013654539346708988,0.7646868474406894,1.53,1.3257889729935008,1.5262022151917187,3.0461834700146677,0.013528287053425903,0.07016335993865752,0.0,1,16.260000228881836,20.3700008392334,4.0410002288818365
2021-11-01,459.0,432.456298828125,0.12219,0.14170500000000003,0.14971714285714285,0.019515000000000032,0.02752714285714286,0,0.16122,0.10268,0.05854000000000001,0.009760000000000019,0.11104783599088815,0.14995899958999592,0.31868131868131866,0.07959480284491628,0.10401419269637503,0.01817580730362496,0.765230213123504,1.13,-0.9335881814711343,1.3687807004827162,2.1078675142538383,0.00985631843972734,0.0594144736842106,0.0,1,16.40999984741211,20.389999389648438,4.19099984741211
2021-11-02,461.0,434.2047424316406,0.12463,0.14193714285714287,0.15006571428571427,0.017307142857142868,0.02543571428571427,0,0.16122,0.0978,0.06342,0.004880000000000009,0.1388382687927106,0.17496924969249708,0.391304347826087,0.08007028921541075,0.08688609954869775,0.037743900451302256,0.9215546517948261,1.23,-0.35666124925350584,0.8957582079161484,0.6267088292767937,0.013027364585575407,0.07759424486149702,0.0,1,16.030000686645508,20.100000381469727,3.567000686645507
2021-11-03,464.0,436.8555908203125,0.117315,0.1328745238095238,0.14362017857142861,0.015559523809523801,0.02630517857142861,0,0.15146,0.09292,0.05854000000000001,0.004875000000000004,0.05552391799544407,0.0999897498974991,0.16129032258064516,0.05170318387132937,0.08388939645856204,0.03342560354143796,0.6163256150837686,1.28,-0.22344486942274674,0.8776959256732058,0.524814418987171,0.023747633257228173,0.0730083334782512,0.0,1,15.100000381469727,19.5,3.368500381469726
2021-11-04,466.0,438.9143371582031,0.11569000000000002,0.13333928571428572,0.14588571428571429,0.0176492857142857,0.03019571428571427,0,0.15146,0.09292,0.05854000000000001,0.006499999999999992,0.03701594533029615,0.08333333333333359,0.11702127659574468,0.029199158181236154,0.08397721844018795,0.03171278155981207,0.3477033262542865,1.05,-1.5788776908922626,1.3242691481323385,1.6237603469747517,0.018742442135230686,0.0736030469231359,0.0,1,15.4399995803833,19.700000762939453,3.8709995803833
2021-11-05,468.0,440.4371032714844,0.11894,0.13775452380952383,0.14849982142857143,0.018814523809523823,0.02955982142857143,0,0.15471333333333334,0.10268,0.05203333333333335,0.009756666666666677,0.07403189066059215,0.11664616646166476,0.2,0.025520885078976967,0.08180561529622418,0.03713438470377582,0.31196984444850095,0.95,-1.9204953148016517,1.8626653271438807,2.4773006500994685,0.020206708552025665,0.06809327837837276,0.0,1,16.479999542236328,20.489999771118164,4.585999542236328
2021-11-08,468.0,440.8132019042969,0.12707000000000002,0.14333,0.15215714285714285,0.016259999999999997,0.025087142857142836,0,0.16122,0.10268,0.05854000000000001,0.0048799999999999955,0.16662870159453305,0.1999794997949982,0.4791666666666667,0.030624888771695214,0.08026970135982697,0.046800298640173044,0.3815248873844973,1.11,-0.8846096557254761,0.6657068504809384,-0.37872225600038834,0.019324271836986817,0.07095891991315217,0.0,1,17.219999313354492,20.979999542236328,4.5129993133544914
2021-11-09,466.0,439.3561706542969,0.1343875,0.14542119047619048,0.15442285714285714,0.011033690476190489,0.020035357142857146,0,0.17585,0.10755999999999999,0.06829000000000002,0.0073175000000000046,0.24997152619589952,0.27498462484624847,0.5773195876288659,0.05887208050983949,0.07470879655260373,0.05967870344739626,0.7880207315130108,1.42,1.0539324430076285,0.676771356696418,-0.412379848674291,0.01186405333531626,0.07520299868594638,-0.0033053258017357035,1,17.780000686645508,21.40999984741211,4.341250686645509
2021-11-10,463.0,435.82159423828125,0.1417,0.15355142857142856,0.16261107142857142,0.011851428571428568,0.02091107142857143,0,0.19048,0.11244,0.07804000000000001,0.009760000000000019,0.33325740318906577,0.3499384993849939,0.7346938775510204,0.08321319957755939,0.0824403553155612,0.0592596446844388,1.0093745867426207,1.41,0.9321142346138485,0.7668325754394889,-0.2514591773482754,-0.002366907059812684,0.06918512472539473,-0.011323634692545603,1,18.729999542236328,22.0,4.559999542236328
2021-11-11,463.0,435.96258544921875,0.13682500000000003,0.14890380952380952,0.15808285714285716,0.012078809523809492,0.021257857142857134,0,0.17097,0.11244000000000001,0.05853,0.0048799999999999955,0.29407863000482415,0.29996924969249733,0.6666666666666666,0.07096097353175917,0.08301291672039884,0.053812083279601186,0.8548184588040365,1.53,1.6023166873892953,0.2527454664195788,-1.4192957324153035,-0.006725120277673802,0.06569680668176603,-0.011003791252448103,1,17.65999984741211,21.3799991607666,3.9774998474121066
2021-11-12,467.0,439.25274658203125,0.12707000000000002,0.1419347619047619,0.15355142857142856,0.01486476190476188,0.026481428571428545,0,0.15471333333333334,0.10268,0.05203333333333335,0.0016266666666666652,0.17643511818620364,0.1999794997949982,0.47,0.0912328852573105,0.06889629787791478,0.05817370212208524,1.3242059162449697,1.19,-0.37309714779113073,0.7161922710513332,-0.2544953965287115,-0.002689048403633487,0.05597728730527307,-0.003539946887989087,1,16.290000915527344,20.690000534057617,3.583000915527343
2021-11-15,467.0,439.4031677246094,0.13195,0.14007833333333336,0.15372660714285713,0.008128333333333349,0.02177660714285712,0,0.16122,0.10268,0.05854000000000001,0.0,0.2856933665251135,0.2500000000000002,0.5544554455445545,0.09081270779644994,0.06681998268988554,0.06513001731011447,1.3590651200542163,1.11,-0.8998038567221291,0.6748942312468347,-0.3953314275918892,-0.0031987113217031293,0.04835482049760875,-0.0031987113217031293,1,16.489999771118164,20.8700008392334,3.294999771118164
2021-11-16,469.0,441.1422424316406,0.1295075,0.13891642857142858,0.15424928571428573,0.009408928571428582,0.02474178571428573,0,0.166095,0.10268,0.063415,0.0048799999999999955,0.24992678283789702,0.2249641246412465,0.47058823529411764,0.09198525985382522,0.06704091006805075,0.06246658993194924,1.3720765389439729,1.2,-0.32171519552082634,0.39622764592722015,-1.031620459082583,0.0040652024408440735,0.04939736426494412,0.0,1,16.3700008392334,20.899999618530273,3.419250839233399
2021-11-17,467.0,440.070556640625,0.14170500000000003,0.14541928571428572,0.15529428571428572,0.0037142857142856978,0.013589285714285693,0,0.18073,0.11244,0.06829,0.004879999999999968,0.49995729050995175,0.3499897498974993,0.7766990291262136,0.0611956259421608,0.06594559780870601,0.07575940219129401,0.9279713578406876,1.17,-0.5220978088658526,0.36705551115523033,-1.0437837716975504,0.009749315909345802,0.038833672221551874,-0.0024293429373445363,1,17.110000610351562,21.579999923706055,2.93950061035156
2021-11-18,469.0,441.56524658203125,0.13519833333333334,0.14565142857142857,0.15564285714285717,0.010453095238095234,0.02044452380952383,0,0.18073,0.10918666666666668,0.07154333333333332,0.009760000000000019,0.3887987244098972,0.28329574962416304,0.5769230769230769,0.05995128628480871,0.06575783740007485,0.06944049593325849,0.9116979611123962,1.07,-1.067856130128836,0.367238549054878,-0.9648900552507519,0.012851243019029956,0.03828391217174132,0.0,1,17.59000015258789,21.899999618530273,4.070166819254556
2021-11-19,468.0,440.7756652832031,0.136825,0.14588357142857142,0.15599142857142856,0.009058571428571416,0.019166428571428556,0,0.18073,0.10593333333333332,0.07479666666666668,0.006506666666666661,0.4165883659349107,0.29996924969249705,0.638095238095238,0.046241014429880704,0.0668243175079552,0.0700006824920448,0.691978850728642,1.38,0.7385291578000253,0.6111043815678892,-0.36789504920518196,0.00346706699735444,0.03373092002911249,-0.0017881418543237437,1,17.90999984741211,21.920000076293945,4.227499847412108
2021-11-22,467.0,439.5347900390625,0.15145999999999998,0.15634,0.1667917857142857,0.004880000000000023,0.015331785714285728,0,0.20024,0.11244,0.0878,0.004880000000000023,0.6666097206799348,0.44997949979499785,0.8018867924528302,0.052738604952649565,0.06797896293774554,0.08348103706225445,0.775807730414291,1.44,0.9921987854538845,0.7699233313072305,-0.047680120818670506,0.0002995479416654234,0.03189000892633964,-0.004598316010341996,1,19.170000076293945,22.6299991607666,4.024000076293946
2021-11-23,467.0,440.11761474609375,0.14658500000000002,0.15198267857142858,0.16661785714285715,0.00539767857142856,0.02003285714285713,0,0.20024,0.11244,0.0878,0.009754999999999986,0.8750640697078423,0.4000102501025013,0.7757009345794392,0.04291883152581067,0.06651827423114402,0.080066725768856,0.6452186564051893,1.38,0.6069647084010956,1.622358545314126,1.7049801884452875,-0.0023226696221585463,0.027746746462833816,-0.0032784098095196557,1,19.3799991607666,22.450000762939453,4.7214991607666
2021-11-24,469.0,441.2926330566406,0.13926500000000003,0.14727714285714283,0.15773357142857145,0.008012142857142801,0.018468571428571418,0,0.19048,0.11,0.08048000000000001,0.010974999999999985,0.6874679651460799,0.3249794997949983,0.6666666666666666,0.04345571083987497,0.06666455361263843,0.0726004463873616,0.6518563237125844,1.29,0.14138518775263276,0.28033535364633994,-1.1595456389045966,0.0027770010912446796,0.02956386559222879,-0.0006173799398861979,1,18.579999923706055,21.899999618530273,4.653499923706052
2021-11-26,457.0,431.45037841796875,0.21731,0.21557214285714282,0.21975499999999998,-0.0017378571428571798,0.002444999999999975,0,0.3002375,0.15878,0.14145749999999999,0.01219874999999998,1.0,1.0,1.0,0.1629314959597291,0.10508365366764341,0.11222634633235659,1.5504932525000108,1.58,1.7142260190558598,1.4013500098689629,1.1007065395847908,-0.02290684840430124,0.01108080806274847,-0.02290684840430124,1,28.6200008392334,29.170000076293945,6.889000839233397
2021-11-29,464.0,436.7428283691406,0.170975,0.17585,0.17898553571428572,0.004875000000000018,0.008010535714285727,0,0.22951,0.13195,0.09755999999999998,0.009755000000000014,0.5581672546962905,0.5778132118451024,0.9,0.20349754071999418,0.10823762628614493,0.06273737371385506,1.880099810966042,1.44,0.9906815447829983,0.7657163443946581,-0.14776255165153704,-0.009149409170470801,0.013702260077814055,-0.010921190583314533,1,22.959999084472656,25.040000915527344,5.862499084472656
2021-11-30,457.0,428.2449035644531,0.20268,0.2016342857142857,0.20511999999999997,-0.0010457142857142887,0.00243999999999997,0,0.25877,0.16122,0.09755,0.007314999999999988,0.8604939448841422,0.8666970387243735,0.9819819819819819,0.24034812657414611,0.12884285494841977,0.07383714505158023,1.8654362065352073,1.47,1.0509970837507876,1.1987326417174757,0.8357422405322292,-0.02568599057564025,-0.008034699450905847,-0.030166194284276804,1,27.190000534057617,28.1299991607666,6.9220005340576165
2021-12-01,450.0,423.48822021484375,0.24414,0.234385,0.23246785714285717,-0.009754999999999986,-0.011672142857142825,1,0.31731,0.18073,0.13657999999999998,0.0048799999999999955,1.0,1.0,1.0,0.23527856312112064,0.13383115194771708,0.11030884805228292,1.7580253901799734,1.56,1.3913405127577279,0.7139947261786327,-0.2268284658630203,-0.03778397858682292,-0.020737537266963257,-0.040938517030300936,1,31.1200008392334,30.790000915527344,6.7060008392334005
2021-12-02,456.0,429.9744873046875,0.21162166666666668,0.209995,0.209995,-0.001626666666666693,-0.001626666666666693,1,0.27829,0.15146,0.12682999999999997,0.0032533333333333025,0.7530878258668693,0.7619099917020551,0.9823008849557522,0.2822235600264784,0.14430102994484983,0.06732063672181685,1.9557972672429362,1.83,2.2772974914079347,0.48402256082926237,-0.6875186546670932,-0.025647710621311104,-0.009742535521981566,-0.026249256179155633,1,27.950000762939453,29.149999618530273,6.7878340962727854
2021-12-03,452.0,426.2332458496094,0.22625499999999998,0.22463,0.22689339285714288,-0.0016249999999999876,0.0006383928571428998,0,0.30105000000000004,0.16122,0.13983000000000004,0.004880000000000051,0.8607629427792914,0.8690511055791477,0.9912280701754386,0.24300387058646594,0.14495603922792488,0.0812989607720751,1.6763970089191893,1.69,1.4701107239523528,0.8880600337978468,0.26073773063501704,-0.012092080177306674,-0.024315460747009854,-0.03472193713409366,1,30.670000076293945,31.780000686645508,8.044500076293946
2021-12-06,458.0,431.28118896484375,0.20024,0.20268,0.20790571428571428,0.0024399999999999977,0.007665714285714276,0,0.26853,0.15146,0.11706999999999998,0.009754999999999986,0.658232775398988,0.6785766583687217,0.9391304347826087,0.2414302934671756,0.1505297232852123,0.0497102767147877,1.603871236843582,1.59,0.9514051379487012,0.36351052373068965,-0.9250796776608171,-0.01250539001336648,-0.017390974837552586,-0.023290006849026268,1,27.18000030517578,28.8799991607666,7.15600030517578
2021-12-07,467.0,440.2022399902344,0.163655,0.17358660714285715,0.1817726785714286,0.009931607142857152,0.018117678571428597,0,0.21975,0.12707000000000002,0.09267999999999998,0.009755000000000014,0.3734137796808096,0.4107116708156392,0.8103448275862069,0.22981023249933216,0.16725511971212273,-0.0036001197121227346,1.3740101522445378,1.62,0.9989566774114457,0.6380406055584192,-0.1645048176787109,0.027921724990199737,-0.0005332504448546382,-0.003086761474883515,1,21.889999389648438,24.959999084472656,5.524499389648437
2021-12-08,468.0,441.3677978515625,0.15145999999999998,0.16400357142857142,0.17550000000000002,0.012543571428571432,0.024040000000000034,0,0.20024,0.12219,0.07805000000000001,0.009755000000000014,0.2784741144414167,0.32142334163127834,0.7521367521367521,0.1827636488899675,0.1674885645619928,-0.01602856456199281,1.0912007596931843,1.28,-0.6443833638123898,0.30367068245639184,-1.0049906344656092,0.042219775623624445,0.0012581200945656068,-0.000447156410059657,1,19.899999618530273,23.6299991607666,4.753999618530274
2021-12-09,465.0,438.387939453125,0.16446833333333333,0.17329642857142857,0.17915803571428573,0.008828095238095246,0.014689702380952407,0,0.21650000000000003,0.12219,0.09431000000000003,0.004876666666666696,0.37974568574023604,0.4166666666666667,0.8220338983050848,0.19634919991247674,0.1687914813445072,-0.004323148011173866,1.163264865907087,1.42,0.03920041965305353,0.5089417823310108,-0.41956489277058834,0.019567328752869928,-0.002203750091252732,-0.007195555251461538,1,21.579999923706055,24.65999984741211,5.133166590372721
2021-12-10,470.0,442.51470947265625,0.136825,0.1565697619047619,0.16818642857142857,0.019744761904761904,0.03136142857142857,0,0.19048,0.10268,0.08780000000000002,0.009754999999999986,0.16453873102374458,0.2142700248938352,0.5714285714285714,0.16216417450993575,0.16922809603680566,-0.03240309603680566,0.9582579861600903,1.55,0.6691543242074185,0.37851127210945035,-0.7977241497476035,0.03819848353357114,0.015357465813673254,0.0,1,18.690000534057617,23.18000030517578,5.007500534057616
2021-12-13,465.0,438.5947265625,0.156335,0.174225,0.1798544642857143,0.01788999999999999,0.023519464285714303,0,0.21,0.12219,0.08781,0.009759999999999991,0.31642662514597114,0.35711670815639196,0.7833333333333333,0.1915616800194096,0.17248777326504422,-0.016152773265044218,1.1105812104435742,1.22,-0.9575632254993647,0.5058201012528806,-0.4217993600901272,0.016957701343780274,0.006037539002502035,-0.008858423971550455,1,20.309999465942383,24.31999969482422,4.676499465942383
2021-12-14,462.0,435.5771484375,0.17585,0.1842107142857143,0.18978785714285715,0.008360714285714305,0.01393785714285714,0,0.22951,0.13195,0.09755999999999998,0.0048799999999999955,0.4683534449202024,0.5000000000000001,0.8760330578512396,0.12428691074860397,0.17210376340768227,0.0037462365923177365,0.7221626551779177,1.3,-0.6448838539292557,0.4028891810525019,-0.6551848530258889,-0.01050674243010885,-0.008367843281874232,-0.015677582884021435,1,21.889999389648438,25.350000381469727,4.304999389648437
2021-12-15,470.0,442.383056640625,0.15145999999999998,0.16377238095238095,0.17045214285714283,0.012312380952380964,0.018992142857142846,0,0.20024,0.11244,0.0878,0.004880000000000023,0.2784741144414167,0.32142334163127834,0.7377049180327869,0.17745392869256252,0.1807262717736386,-0.029266271773638608,0.9818933736143536,1.12,-1.5156358628576418,0.5060658475722826,-0.39776016199783726,0.002300255691521702,0.006781673722214165,-0.0002975106345913803,1,19.290000915527344,23.299999237060547,4.144000915527345
2021-12-16,465.0,438.48193359375,0.15999625,0.17399190476190476,0.1849082142857143,0.013995654761904758,0.024911964285714294,0,0.20756,0.12219,0.08537,0.004878749999999987,0.3449299338263916,0.3839233416312785,0.7886178861788617,0.18332324145434006,0.1829190965787444,-0.022922846578744382,1.002209418716551,0.75,-2.6707235721153157,0.5794130790843042,-0.23246975170724687,0.00021440859149146618,-0.0060305012352175336,-0.00911331486293887,1,20.56999969482422,24.3700008392334,4.570374694824219
2021-12-17,461.0,433.815185546875,0.17585,0.18490785714285718,0.19501160714285715,0.009057857142857173,0.01916160714285714,0,0.21975,0.14658,0.07317000000000001,0.007314999999999988,0.4545527156549522,0.5000000000000001,0.8790322580645161,0.17413512442300794,0.1863502211818718,-0.0105002211818718,0.9344508598841837,1.21,-0.8343586956963328,0.9844372782465188,0.7907639644954216,-0.01965928756616575,-0.014214473109725234,-0.01965928756616575,1,21.56999969482422,25.3799991607666,3.984999694824218
2021-12-20,456.0,429.2022705078125,0.19048500000000002,0.19536,0.20024,0.0048749999999999905,0.009754999999999986,0,0.23926,0.16122,0.07804,0.009754999999999986,0.5416844622875203,0.6071533167374434,0.92,0.1777573235727344,0.18884022170534245,0.0016447782946575618,0.9413107121326023,1.22,-0.7462079162370546,1.5506827282392384,1.963668117048688,-0.021414885966142716,-0.02799807314981262,-0.03008360779850272,1,22.8700008392334,26.309999465942383,3.821500839233398
2021-12-21,463.0,436.824462890625,0.17097,0.18107821428571427,0.189355,0.010108214285714262,0.018384999999999985,0,0.21487499999999998,0.136825,0.07804999999999998,0.0048799999999999955,0.37498932262748785,0.46427002489383523,0.8253968253968254,0.23220291399515516,0.19989955681107155,-0.02892955681107154,1.161597942984006,1.15,-0.9546613758778357,0.589749079077476,-0.3476249986691652,0.0028635901988876,-0.008964202663138021,-0.012858886857822882,1,21.010000228881836,25.0,3.9130002288818346
2021-12-22,468.0,441.1922302246094,0.14658,0.16226500000000002,0.17585,0.015685000000000032,0.029270000000000018,0,0.19048,0.12219,0.06829000000000002,0.009755000000000014,0.16665243016998355,0.28569336652511346,0.6692913385826772,0.2121836350396182,0.20284744112474679,-0.0562674411247468,1.0460256923286988,1.09,-1.1016762342164501,0.477614267317638,-0.5526660500718567,-0.002691844540924637,0.0037708964639626696,-0.0029885543231384926,1,18.6299991607666,23.559999465942383,3.971999160766602
2021-12-23,471.0,443.9373474121094,0.13520000000000001,0.1579075,0.17097,0.02270749999999999,0.035769999999999996,0,0.17097,0.11244000000000001,0.05853,0.006505000000000011,0.06944563081916802,0.2023722360521308,0.4765625,0.20166355940417993,0.20389563657383783,-0.06869563657383781,0.9890528448417797,0.93,-1.551726723748137,0.7636122838298707,0.18255477302511736,0.012441593143068364,0.00867889068293537,0.0,1,17.959999084472656,23.239999771118164,4.439999084472655
2021-12-27,478.0,450.2198791503906,0.12707000000000002,0.15023999999999998,0.16122,0.02316999999999997,0.034149999999999986,0,0.17097,0.11244,0.05853000000000001,0.014634999999999981,0.0,0.14284668326255692,0.37209302325581395,0.17453834786264313,0.209227633130159,-0.08215763313015897,0.8342031368010749,0.97,-1.2589498099629115,1.0371942740047206,1.1216817119702112,0.03781493629098209,0.020229764616542356,0.0,1,17.68000030517578,22.739999771118164,4.9730003051757805
2021-12-28,478.0,449.8520202636719,0.12707000000000002,0.14588642857142858,0.16009384615384614,0.018816428571428567,0.033023846153846126,0,0.166095,0.11244,0.053654999999999994,0.012197499999999972,0.0,0.14284668326255692,0.3769230769230769,0.11332707519347257,0.1912282972563424,-0.0641582972563424,0.5926271206690561,0.88,-1.4054204282037903,1.1012535411017716,1.2198554853543364,0.04811193037592165,0.04265065640497934,-0.0008170649581553668,1,17.540000915527344,22.329999923706055,4.833000915527343
2021-12-29,478.0,450.427490234375,0.12707000000000002,0.14152910714285716,0.15558923076923076,0.014459107142857142,0.02851923076923074,0,0.16122,0.11244,0.048780000000000004,0.009759999999999991,0.0,0.14284668326255692,0.3816793893129771,0.09693992603250644,0.18759382111075826,-0.06052382111075824,0.5167543656742917,1.04,-0.7815621461871564,0.3974211297805126,-0.831475252364925,0.03114071783831407,0.031333455242607666,0.0,1,16.950000762939453,21.829999923706055,4.243000762939452
2021-12-30,476.0,449.1822204589844,0.13195,0.1469285714285714,0.15634000000000003,0.014978571428571397,0.024390000000000023,0,0.16772000000000004,0.11244000000000001,0.055280000000000024,0.008130000000000026,0.041684462287520256,0.17857665836872177,0.4621212121212121,0.10692988333932656,0.17212571804257706,-0.04017571804257705,0.6212312985841916,1.04,-0.7029048604673566,0.6621599673483579,0.01912739596480526,0.018109997608768635,0.04889098905850742,-0.0027646398197025412,1,17.329999923706055,21.8799991607666,4.134999923706054
2021-12-31,475.0,448.05023193359375,0.12707000000000002,0.1425744642857143,0.15634,0.015504464285714281,0.02926999999999999,0,0.16122,0.11244000000000001,0.04877999999999999,0.009759999999999991,0.0,0.14284668326255692,0.38345864661654133,0.1113486458926721,0.1661186818644913,-0.039048681864491286,0.6702957466487905,1.02,-0.7076087290696571,1.0049062992317428,1.0067992996721082,0.009264560743672545,0.05799927966423524,-0.005277782445170631,1,17.219999313354492,21.8799991607666,4.5129993133544914
2022-01-03,478.0,450.6444396972656,0.12219,0.14170500000000003,0.1525057142857143,0.019515000000000032,0.030315714285714307,0,0.16122,0.10268,0.05854000000000001,0.009760000000000019,0.0,0.10711670815639188,0.2462686567164179,0.055836300725574974,0.16027687336490148,-0.03808687336490149,0.3483740327180751,1.06,-0.4790861783148145,4.2670634897639035,3.952684131243806,0.0009430071094953529,0.04807250895779558,0.0,1,16.600000381469727,21.530000686645508,4.381000381469727
2022-01-04,477.0,450.493408203125,0.13195,0.14954285714285714,0.15634,0.017592857142857132,0.024389999999999995,0,0.166095,0.10268,0.063415,0.0024374999999999813,0.08003280032800343,0.17857665836872177,0.4740740740740741,0.05539219423643027,0.15560177442582288,-0.023651774425822863,0.3559869059387646,1.26,0.4794937559471531,0.4249913459223817,-0.49766826757961763,0.0014257753895985381,0.056917574097623325,-0.0003351455844924356,1,16.90999984741211,21.6200008392334,3.714999847412109
2022-01-05,469.0,441.843017578125,0.15634,0.1667914285714286,0.17585,0.010451428571428584,0.01951,0,0.20024,0.13195,0.06828999999999999,0.009754999999999986,0.2800328003280034,0.3571533167374434,0.7794117647058824,0.14835351087074056,0.16937944522638243,-0.013039445226382423,0.8758649000913903,1.49,1.6772037130539539,0.7060797414101562,-0.17586246616123863,-0.01905850074067006,0.024489425654366404,-0.019530746069014504,1,19.729999542236328,23.469999313354492,4.095999542236328
2022-01-06,468.0,441.427978515625,0.15634000000000003,0.16841642857142858,0.17585,0.012076428571428544,0.019509999999999972,0,0.20024000000000003,0.12869666666666668,0.07154333333333335,0.00812833333333332,0.2800328003280036,0.35715331673744355,0.781021897810219,0.1497536671767792,0.15416028869581178,0.0021797113041882588,0.9714153265000192,1.49,1.533413888044228,0.6981929033337773,-0.210070858062347,-0.017263020641012705,0.0027844895233104516,-0.020451736157739098,1,19.610000610351562,23.5,3.9760006103515586
2022-01-07,467.0,439.6827697753906,0.14820666666666665,0.16400333333333333,0.17097,0.01579666666666668,0.022763333333333358,0,0.19048,0.12219,0.06829000000000002,0.008128333333333349,0.21333880005466715,0.29760335822716844,0.6884057971014492,0.1495210336345679,0.15450203888272146,-0.0062953722160548065,0.9677609092787797,1.59,1.8415717562628193,0.5649587352898456,-0.37009200164598804,-0.01867527692618909,-0.003817741313195122,-0.024324431760966214,1,18.760000228881836,22.8700008392334,3.93933356221517
2022-01-10,466.0,439.1357116699219,0.15146,0.16447,0.16957714285714287,0.013009999999999994,0.01811714285714286,0,0.20024,0.12219,0.07805000000000001,0.009754999999999986,0.24001640016400178,0.3214233416312785,0.7410071942446043,0.12806075630516509,0.15270630428166607,-0.0012463042816660552,0.838608182599702,1.36,0.9303257692128064,1.8773950983464878,1.0589907713876352,-0.025538377961736525,0.001705731726401316,-0.025538377961736525,1,19.399999618530273,22.68000030517578,4.253999618530273
2022-01-11,470.0,443.13543701171875,0.14901999999999999,0.15843142857142858,0.16505035714285712,0.009411428571428598,0.016030357142857138,0,0.19048,0.12219,0.06829000000000002,0.007315000000000016,0.22000820008200075,0.30355835407819587,0.6857142857142857,0.16305628988120424,0.1524778699377935,-0.003457869937793512,1.0693767557726668,0.99,-0.7239837092524078,0.601773890201202,-0.4123039877715443,-0.016333138415398518,0.00140272747046577,-0.01666281002067016,1,18.40999984741211,21.979999542236328,3.50799984741211
2022-01-12,471.0,444.3335266113281,0.14658,0.15773428571428572,0.16121999999999997,0.011154285714285728,0.014639999999999986,0,0.18073,0.12219,0.05854000000000001,0.0048799999999999955,0.19999999999999996,0.28569336652511346,0.6666666666666666,0.07988942753550878,0.1491427730272912,-0.0025627730272912153,0.5356573832839359,1.11,-0.13231881037973223,0.40819879617405797,-0.6356041714700733,0.005636637751693652,0.013084516756063591,-0.014004196057932128,1,17.6200008392334,21.579999923706055,2.962000839233399
2022-01-13,465.0,438.211181640625,0.16772000000000004,0.1744557142857143,0.17585,0.0067357142857142616,0.00812999999999997,0,0.21000000000000002,0.13195,0.07805000000000001,0.00325499999999998,0.43751501465430304,0.44047444721042645,0.823943661971831,0.13482725384152724,0.1553966553726903,0.012323344627309746,0.8676329198860097,1.24,0.44107827239916675,0.47040103843571796,-0.5612645565575256,-0.007287251899657621,0.00604722541706737,-0.027589951104229904,1,20.309999465942383,23.40999984741211,3.537999465942381
2022-01-14,465.0,438.39044189453125,0.15796666666666667,0.16992535714285717,0.17585,0.011958690476190498,0.017883333333333334,0,0.20024,0.13195,0.06828999999999999,0.00812833333333332,0.3437915405435707,0.3690633084394983,0.7832167832167832,0.1332859312221571,0.14523746348172362,0.012729203184943055,0.9177104035483897,1.67,2.1233767348301975,0.8677044575051387,-0.1214597010359318,-0.002939227938178135,-0.00902524336355226,-0.027192164649732287,1,19.190000534057617,22.81999969482422,3.3933338673909503
2022-01-18,456.0,430.62664794921875,0.20024,0.19536,0.19535999999999998,-0.0048799999999999955,-0.004880000000000023,1,0.23926,0.16122,0.07804,0.0,1.0,0.6785766583687217,0.9513888888888888,0.18184411751490437,0.15485986053172415,0.04538013946827585,1.174249523992386,1.28,0.37939190087121605,1.250050181880084,0.30433183078334153,-0.019376842954414553,-0.01791473044316827,-0.04442036777707592,1,22.790000915527344,25.1200008392334,2.766000915527343
2022-01-19,452.0,426.15521240234375,0.20512,0.20436923076923078,0.20024000000000003,-0.0007507692307692215,-0.004879999999999968,1,0.24902,0.17097,0.07804999999999998,0.0048749999999999905,1.0,0.7143066334748865,0.9724137931034482,0.14262094984216653,0.15465250605729622,0.05046749394270378,0.9222026430617801,1.17,-0.09485890675583097,0.6573724379152273,-0.3303580930890172,-0.03831836317104553,-0.017657226855429142,-0.054342681585893504,1,23.850000381469727,25.809999465942383,3.338000381469726
2022-01-20,446.0,421.43853759765625,0.21853125,0.21487499999999998,0.21080833333333332,-0.0036562500000000275,-0.00772291666666669,1,0.26609,0.17829,0.08779999999999999,0.0036587499999999884,1.0,0.8125000000000001,0.9863013698630136,0.10797461449048085,0.15501189467541082,0.06351935532458919,0.6965569623968257,1.5,1.2300578743765918,0.6546752113421475,-0.33777232707036264,-0.05152658451924297,-0.018088750791021124,-0.06480919218537196,1,25.59000015258789,27.25,3.7368751525878885
2022-01-21,438.0,413.1654052734375,0.24414,0.23776,0.23343708333333335,-0.006379999999999997,-0.010702916666666645,1,0.29292,0.20512,0.08780000000000002,0.004880000000000023,1.0,1.0,1.0,0.12615037309071356,0.1530245942302263,0.0911154057697737,0.8243797261825747,1.57,1.3591943536289417,2.655497312139297,1.720339423126923,-0.05715458075126756,-0.05416147589497844,-0.08316763976718722,0,28.850000381469727,29.950000762939453,4.436000381469729
2022-01-24,438.0,414.9200134277344,0.249015,0.24639,0.2365538888888889,-0.0026249999999999885,-0.01246111111111109,1,0.31731,0.20024,0.11706999999999998,0.009759999999999991,1.0,1.0,1.0,0.15009488689422495,0.1483049073119506,0.1007100926880494,1.0120695910520967,1.44,0.7522549742469915,4.614083280730513,2.7583557141337254,-0.05353772852658001,-0.059548230900394405,-0.07927408644724487,1,29.899999618530273,30.81999969482422,4.998499618530275
2022-01-25,432.0,409.8542785644531,0.26853,0.2527719230769231,0.24413999999999997,-0.015758076923076902,-0.024390000000000023,1,0.32707,0.20024,0.12683000000000003,-0.004874999999999963,1.0,1.0,1.0,0.13881910888540466,0.14779660591358038,0.12073339408641962,0.9392577591840977,1.26,-0.05614538358316617,0.5628767032133226,-0.5362172343127248,-0.048237538210164854,-0.07677450218221171,-0.09051517679928445,0,31.15999984741211,31.760000228881836,4.306999847412111
2022-01-26,432.0,408.82598876953125,0.26365,0.25201807692307693,0.242515,-0.011631923076923067,-0.021134999999999987,1,0.32707,0.21,0.11707000000000004,0.004885000000000028,0.966652999863332,0.9696837920109338,0.9933333333333333,0.14794467502366082,0.13297611336469076,0.13067388663530924,1.1125657930602797,1.33,0.16241672541119906,0.7051581532546987,-0.40271281644129386,-0.040664112812614284,-0.09194149858281186,-0.09279699746395897,0,31.959999084472656,31.950000762939453,5.594999084472658
2022-01-27,431.0,406.80731201171875,0.262025,0.250145,0.24237777777777778,-0.011880000000000002,-0.019647222222222233,1,0.3043,0.21650000000000003,0.08779999999999999,-0.0016249999999999876,0.9555487221538883,0.9595887432440828,0.9867549668874173,0.14700753059594301,0.1322664838131128,0.12975851618688722,1.1114496005175334,1.42,0.5140486327077264,0.587182447261196,-0.5082991592856098,-0.034717341392983436,-0.09568637310270012,-0.09727653072785236,0,30.489999771118164,30.8700008392334,4.2874997711181635
2022-01-28,441.0,416.9105224609375,0.22951,0.22463,0.2178572222222222,-0.0048799999999999955,-0.01165277777777779,1,0.28154,0.19048,0.09106,0.006500000000000006,0.7333606669400027,0.7575945828415233,0.9605263157894737,0.22241358197156685,0.1659484525815214,0.06356154741847858,1.3402570407356298,1.41,0.3935814473660925,1.0639836471453767,-0.13747208016643978,0.00906445007180956,-0.07441146133420351,-0.07485705861363767,1,27.65999984741211,28.81999969482422,4.708999847412109
2022-01-31,448.0,424.4195251464844,0.20512,0.205115,0.20511736111111112,-5.0000000000050004e-06,-2.6388888888784212e-06,1,0.25877,0.17097,0.08779999999999999,0.009750000000000009,0.566694000273336,0.6060756662732186,0.9281045751633987,0.25095995601448307,0.1819766350542542,0.023143364945745787,1.379077901619965,1.29,-0.3109094740503389,1.1162994539622402,-0.09932089338530742,0.022894802398835123,-0.05512839597078645,-0.05819424859296751,1,24.829999923706055,26.850000381469727,4.317999923706054
2022-02-01,453.0,427.28729248046875,0.17829,0.18560500000000005,0.1880425,0.007315000000000044,0.009752499999999997,0,0.22463,0.15146,0.07316999999999999,0.009755000000000014,0.38335383353833546,0.4393986457103809,0.8311688311688312,0.20229948021983715,0.18489240320046874,-0.006602403200468732,1.0941470645524298,1.27,-0.5118019902118385,0.5906007283227607,-0.46387124154958564,0.04253466372749881,-0.046340651054952,-0.05183054567917833,1,21.959999084472656,24.760000228881836,4.130999084472656
2022-02-02,455.0,431.43804931640625,0.17585,0.1845642857142857,0.18330291666666668,0.008714285714285702,0.00745291666666667,0,0.22951,0.13195,0.09755999999999998,0.0048799999999999955,0.36668033347000145,0.4242405417158478,0.8258064516129032,0.17821758520638312,0.18749777025656328,-0.011647770256563272,0.9505050911406489,1.37,0.04452184879550402,0.7113000591170253,-0.3600410578640001,0.055309743431262604,-0.04261983215361953,-0.04261983215361953,1,22.09000015258789,25.139999389648438,4.50500015258789
2022-02-03,449.0,421.2970886230469,0.20349,0.205115,0.205115,0.0016249999999999876,0.0016249999999999876,0,0.23601,0.19048000000000004,0.04552999999999996,0.009755000000000014,0.5555555555555557,0.5959495558178544,0.9102564102564102,0.2948615547701149,0.20180917192563333,0.0016808280743666748,1.4610909502109812,1.47,0.6469205788377983,0.5161590767342824,-0.5448242588593245,0.035618279670722064,-0.06480964881713358,-0.06512307373399251,1,24.350000381469727,26.670000076293945,4.001000381469726
2022-02-04,447.0,423.2780456542969,0.20024,0.20511499999999996,0.20511791666666665,0.004874999999999963,0.0048779166666666485,0,0.24902,0.15471333333333334,0.09430666666666665,0.0016266666666666652,0.5333470001366681,0.5757594582841524,0.89171974522293,0.2509063886096917,0.19456572401005634,0.005674275989943661,1.2895713769025594,1.29,-0.3713728344829475,0.6422074310056004,-0.4149557039552198,0.015273117012670312,-0.04201712188547946,-0.060727242216397914,1,23.219999313354492,26.25,3.1959993133544913
2022-02-07,447.0,421.91961669921875,0.19536,0.20512,0.20186666666666667,0.009759999999999991,0.006506666666666661,0,0.23926,0.16122,0.07804,0.0048799999999999955,0.5000000000000001,0.5454432502950861,0.8734177215189873,0.214441516512141,0.19456261544604211,0.0007973845539578917,1.1021722545234385,1.05,-1.627508662830922,0.7532971035451255,-0.31423175018112504,-0.005890182470758898,-0.04419375926738123,-0.06374165632076512,1,22.860000610351562,25.690000534057617,3.324000610351561
2022-02-08,451.0,425.3912048339844,0.1807275,0.18560500000000002,0.18899041666666666,0.004877500000000007,0.008262916666666648,0,0.21975,0.15146,0.06828999999999999,0.004877500000000007,0.4000102501025012,0.4545412188606574,0.8176100628930818,0.21805738998288382,0.19767050376693676,-0.01694300376693675,1.1031357022289183,1.35,0.15424160254850525,0.40560943494716745,-0.5955893873572744,-0.004437500669578265,-0.032504264264681115,-0.056038048267600726,1,21.440000534057617,24.540000915527344,3.3672505340576144
2022-02-09,457.0,431.61724853515625,0.166095,0.18072500000000002,0.18424944444444447,0.014630000000000032,0.018154444444444473,0,0.21,0.1417,0.0683,0.009755000000000014,0.30002050020500204,0.3636391874262285,0.7375,0.23496558552884417,0.2054030838102517,-0.03930808381025172,1.1439243324404118,1.37,0.18090787537687694,1.2837948388665923,0.26278713366146017,0.00041535330282971294,-0.017121046945088647,-0.0422221811388408,1,19.959999084472656,23.489999771118164,3.3504990844726557
2022-02-10,448.0,423.8629455566406,0.20349333333333336,0.20624499999999998,0.20512,0.0027516666666666245,0.0016266666666666374,0,0.2457666666666667,0.16122000000000003,0.08454666666666666,0.0,0.5555783335611136,0.5959702636101968,0.9130434782608695,0.19952293072936259,0.21044801572804747,-0.006954682394714112,0.948086538326867,1.5,0.964716953536338,0.8547519412377482,-0.19898570295292672,0.006090374234438478,-0.04349119895497877,-0.05942932338989093,1,23.90999984741211,26.06999969482422,3.560666514078772
2022-02-11,440.0,415.5049133300781,0.23276,0.234385,0.22679777777777776,0.0016250000000000153,-0.00596222222222223,1,0.28804,0.18398,0.10406000000000001,0.003250000000000003,0.7555692223588902,0.7777846803752252,0.9629629629629629,0.24402261412582038,0.2183586596445219,0.014401340355478104,1.1175311962579284,1.74,2.1708403974817783,1.6912612385508674,0.5987963389131974,-0.018364128269877877,-0.06488057181079487,-0.07797616762073789,0,27.360000610351562,28.829999923706055,4.084000610351563
2022-02-14,438.0,414.146484375,0.24414,0.2341140277777778,0.2259848611111111,-0.010025972222222207,-0.018155138888888894,1,0.2978,0.19048,0.10732,2.7755575615628914e-17,0.8333333333333334,0.8484810834316954,0.9754601226993865,0.24401532993889946,0.21488586529586812,0.02925413470413188,1.1355578441742742,1.85,2.4836832454304507,1.2357795978881834,0.11144409413832246,-0.018423254137908684,-0.05491575357691436,-0.0809905817251052,0,28.329999923706055,29.440000534057617,3.9159999237060568
2022-02-15,444.0,420.82537841796875,0.2197525,0.21460388888888884,0.2105372222222222,-0.0051486111111111454,-0.00921527777777778,1,0.278285,0.17097,0.107315,0.004875000000000018,0.6428649875530824,0.6969776977076474,0.9390243902439024,0.2726299111091944,0.224297790285535,-0.00454529028553502,1.2154819303486304,1.73,1.5965244749702003,0.6924538338915889,-0.41769325023201576,-0.010733241223916501,-0.04006716798079357,-0.06616981960174362,1,25.700000762939453,27.280000686645508,3.724750762939454
2022-02-16,445.0,421.2970886230469,0.209995,0.20023999999999997,0.20024,-0.009755000000000014,-0.009754999999999986,1,0.26853,0.16122,0.10730999999999999,0.0048799999999999955,0.5200082000820008,0.6363608125737715,0.9151515151515152,0.23493238505306616,0.21683588279276061,-0.0068408827927606275,1.0834571383076903,1.46,0.14256738840696634,0.4432238408602679,-0.6580930361503469,-0.02391044367928863,-0.021665076628681,-0.06512307373399251,1,24.290000915527344,26.260000228881836,3.290500915527346
2022-02-17,436.0,412.29754638671875,0.245765,0.22896333333333332,0.22490083333333333,-0.016801666666666687,-0.020864166666666684,1,0.3043,0.18723,0.11707000000000001,0.0,0.8133251332513327,0.8585761321985464,0.9759036144578314,0.24818936535016903,0.2261681163819933,0.01959688361800671,1.0973667257810216,1.62,0.9498649872359617,0.5983688281915295,-0.49641847874708683,-0.027285704709888114,-0.032517884593047386,-0.08509345713065397,0,28.110000610351562,29.31999969482422,3.5335006103515596
2022-02-18,434.0,409.6279296875,0.24576666666666666,0.2330301388888889,0.22490097222222222,-0.012736527777777756,-0.020865694444444444,1,0.29129333333333335,0.19373333333333334,0.09756000000000001,-0.0032533333333333025,0.8133388000546673,0.8585864860947174,0.9760479041916168,0.215301847498122,0.22426299761630414,0.021503669050362523,0.9600417803497217,1.79,1.6654894543581866,0.9684945117257185,-0.03662152500937032,-0.01414419770749964,-0.028024508573612494,-0.0910174549969367,0,27.75,29.219999313354492,3.1733333333333356
2022-02-22,430.0,405.2319641113281,0.253895,0.23804124999999998,0.2338626785714286,-0.01585375,-0.020032321428571392,1,0.2978,0.21,0.08780000000000002,5.000000000032756e-06,0.8799917999179991,0.9090824377213145,0.9821428571428571,0.22272004169143406,0.2169500087431145,0.036944991256885495,1.0265961406581539,1.63,0.8184115783566271,2.3738839938235294,3.105111004496683,-0.021525041501016307,-0.01920161044669011,-0.10077229759329709,0,28.809999465942383,29.110000610351562,3.4204994659423846
2022-02-23,421.0,398.0436096191406,0.27341,0.25606527777777777,0.24832285714285715,-0.01734472222222222,-0.025087142857142836,1,0.32707,0.21975,0.10732000000000003,5.551115123125783e-17,1.0,1.0,1.0,0.14351727343329057,0.22375951311182632,0.04965048688817367,0.6413907120077,1.42,-0.2368848748478939,1.045425798522448,0.278104162260924,-0.054135919474421534,-0.04067387270422196,-0.11672357505056807,0,31.020000457763672,30.8799991607666,3.6790004577636743
2022-02-24,426.0,404.0338439941406,0.25227333333333335,0.23777041666666665,0.234385,-0.014502916666666699,-0.01788833333333334,1,0.31731,0.1969866666666667,0.12032333333333328,0.004874999999999963,0.8333464742831614,0.8725555220580848,0.9705882352941176,0.22704116293334609,0.2277939182281296,0.02447941510520374,0.9966954548188172,1.81,1.4890683229103197,2.9467069101068484,2.9447194012875917,-0.040976415681695966,-0.014201229253233638,-0.10343097927589462,0,30.31999969482422,30.049999237060547,5.092666361490885
2022-02-25,437.0,412.948486328125,0.23113166666666668,0.22463,0.22358535714285713,-0.006501666666666683,-0.007546309523809552,1,0.29129333333333335,0.18073,0.11056333333333335,0.0048799999999999955,0.6337741460456792,0.7450808963923226,0.9239766081871345,0.2724074205759628,0.24057064198662353,-0.009438975319956855,1.1323385859821975,1.62,0.5496372696738233,0.6661973214854668,-0.5599588861767322,0.0015788110967696056,0.010083746317110398,-0.08364899252826474,0,27.59000015258789,28.040000915527344,4.476833485921222
2022-02-28,436.0,411.89190673828125,0.249015,0.23723166666666667,0.2328164285714286,-0.011783333333333312,-0.016198571428571396,1,0.30755,0.20024,0.10730999999999999,0.0048799999999999955,0.7886842029278434,0.852909255351221,0.9651162790697675,0.2675992890989947,0.24003339371835455,0.008981606281645432,1.114841918258194,1.68,0.7578087634340572,1.2127944930416301,0.2694018866776114,0.005526910854219302,0.01249877909376429,-0.08599358950266334,0,30.149999618530273,29.649999618530273,5.248499618530275
2022-03-01,430.0,405.6186828613281,0.283165,0.2669033333333333,0.25702892857142856,-0.016261666666666674,-0.02613607142857144,1,0.34658,0.22951,0.11707000000000001,0.0048799999999999955,1.0,1.0,1.0,0.2819322107456124,0.22943665105058145,0.05372834894941855,1.2288019784749118,1.6,0.3268440589949636,0.7730183474018432,-0.37847724981489056,0.0009543145266146524,-0.02708456369236245,-0.09991415153415617,0,33.31999969482422,32.59000015258789,5.003499694824217
2022-03-02,437.0,413.08056640625,0.253895,0.2444108333333333,0.239265,-0.009484166666666682,-0.014629999999999976,1,0.32707,0.20024,0.12683000000000003,0.009760000000000046,0.7499786452549755,0.8333190968366504,0.9712643678160919,0.25084983120984755,0.22983811132106002,0.02405688867893996,1.0914196508490985,1.66,0.5377889509848786,0.6165333639554837,-0.6208320743326082,0.03777715914469071,-0.02671639278687954,-0.08335590097650003,0,30.739999771118164,30.969999313354492,5.350499771118166
2022-03-03,435.0,411.0240478515625,0.25552166666666665,0.24727392857142855,0.24414,-0.0082477380952381,-0.011381666666666651,1,0.3238166666666667,0.20024000000000003,0.12357666666666667,0.006506666666666716,0.7638734660174823,0.8425823106783215,0.9714285714285714,0.25309368222306877,0.22826412458593154,0.02725754208073511,1.1087755584990755,1.38,-0.8417149288955615,0.750857376425299,-0.4185682887770827,0.017301035448711755,-0.03806161548707798,-0.08791940686613009,0,30.479999542236328,30.799999237060547,4.927832875569663
2022-03-04,431.0,407.6846008300781,0.270155,0.258775,0.25650928571428566,-0.011380000000000001,-0.013645714285714317,1,0.33682,0.20349333333333333,0.13332666666666668,1.6666666666775853e-06,0.8888699068933115,0.9259132712622077,0.9886363636363636,0.19968975488886145,0.2252660746736897,0.04488892532631028,0.8864617327670092,1.59,0.1630360885428882,0.929470626771978,-0.17899612934907794,-0.012747075415755926,-0.05505645254043856,-0.09532978792781088,0,31.979999542236328,32.34000015258789,4.964499542236329
2022-03-07,418.0,395.6663818359375,0.30268,0.2929225,0.2852564285714286,-0.00975750000000003,-0.017423571428571427,1,0.3856,0.23926,0.14634,0.009749999999999981,1.0,1.0,1.0,0.2785533595506447,0.2333625366057478,0.06931746339425221,1.193650718758016,1.29,-1.3191101709379076,1.148257784866317,0.12416129981364442,-0.03939267714879757,-0.06083760718802944,-0.1219987489433162,0,36.45000076293945,35.7400016784668,6.182000762939452
2022-03-08,414.0,392.6665344238281,0.30268,0.28769410714285715,0.283165,-0.014985892857142857,-0.019515000000000005,1,0.36609,0.23926,0.12683000000000003,-4.999999999977245e-06,1.0,1.0,1.0,0.27107789921423664,0.23214920810608394,0.07053079189391606,1.167688235621134,1.5,-0.48311814588947033,0.7398440000078125,-0.5184204443372676,-0.031931833973061985,-0.07232010151424206,-0.1286555434088701,0,35.130001068115234,35.0,4.862001068115234
2022-03-09,427.0,403.1943054199219,0.273405,0.26365,0.2605160714285714,-0.009755000000000014,-0.012888928571428593,1,0.33682,0.21975,0.11707000000000001,0.0048799999999999955,0.785664604458762,0.8499641246412465,0.9776536312849162,0.3201963999793479,0.25441692288290363,0.01898807711709638,1.2585499280121375,1.81,1.2735562323963319,0.4332990565290925,-1.0060196092233473,-0.023933009176242193,-0.04438122935783262,-0.10529395260977781,0,32.45000076293945,33.060001373291016,5.109500762939451
2022-03-10,424.0,401.3736572265625,0.26040166666666664,0.253895,0.253895,-0.006506666666666661,-0.006506666666666661,1,0.3238166666666667,0.2067466666666667,0.11707000000000001,0.004880000000000051,0.6904613732596305,0.7833213748804153,0.95,0.32020005528371887,0.2516941841562134,0.008707482510453224,1.2721789991181816,1.6,-0.0912054918527534,0.5722348422976267,-0.7220295643991036,-0.02347889539661474,-0.05645990639791221,-0.10933405170560251,0,30.229999542236328,31.520000457763672,4.189832875569664
2022-03-11,419.0,396.2701416015625,0.270155,0.26365,0.2601678571428571,-0.006504999999999983,-0.009987142857142861,1,0.3205633333333333,0.21325,0.10731333333333332,-0.003248333333333353,0.7618698978657977,0.8333077080770807,0.9723756906077348,0.3249667755651573,0.2457628075030772,0.024392192496922788,1.3222780894586272,1.55,-0.4376600481209224,0.9935261111728473,-0.07518925754191935,-0.02799825945173029,-0.08189456527410921,-0.12065897924365987,0,30.75,32.34000015258789,3.7345000000000006
2022-03-14,417.0,393.37408447265625,0.278285,0.27015666666666666,0.26853,-0.008128333333333349,-0.009755000000000014,1,0.33682,0.22951,0.10731000000000002,0.0048799999999999955,0.8213932715891203,0.8749743747437474,0.9835164835164835,0.24964261089818654,0.24077574822619843,0.03750925177380157,1.036826228294629,1.66,0.31760601505460573,1.1762618188138174,0.2580460869942261,-0.005793510564745752,-0.07193094230953523,-0.12708545846717312,0,31.770000457763672,33.31999969482422,3.94150045776367
2022-03-15,425.0,402.0245361328125,0.258775,0.253895,0.253895,-0.0048799999999999955,-0.0048799999999999955,1,0.32707,0.21,0.11707000000000004,0.009760000000000046,0.6785518175495111,0.7749846248462483,0.9344262295081968,0.2862114597333674,0.2482497094423133,0.010525290557686667,1.1529176021044867,1.93,1.9952736203310566,0.8488671867124519,-0.2378931435130021,0.023831930884345986,-0.03244336412108029,-0.10788972254293216,0,29.829999923706055,31.959999084472656,3.952499923706057
2022-03-16,434.0,410.93914794921875,0.22219125,0.22834428571428572,0.22950500000000001,0.006153035714285715,0.007313750000000008,0,0.2856025,0.17829,0.10731249999999998,0.009754999999999986,0.4107057876047883,0.5874910311603116,0.8478260869565217,0.2656083676520449,0.2610937870993757,-0.03890253709937569,1.0172910301804725,1.58,-0.1871162462000703,1.3808446745113439,0.5627257050391077,0.019208710106237037,-0.007744449239069473,-0.08810780351516179,0,26.670000076293945,28.959999084472656,4.4508750762939435
2022-03-17,439.0,416.0803527832031,0.2051175,0.21394547619047616,0.21487499999999998,0.00882797619047615,0.009757499999999975,0,0.27341,0.166095,0.107315,0.014634999999999981,0.2857012116996743,0.49998718737187375,0.8,0.25930886423594574,0.25855748765403297,-0.05343998765403296,1.002906032962844,1.29,-1.851256436666008,0.9456613718459007,-0.18186974543051299,0.036640908768806435,-0.011275521577628789,-0.07669924195066513,0,25.670000076293945,28.219999313354492,5.158250076293946
2022-03-18,445.0,420.6376037597656,0.19292,0.19954285714285716,0.2049457142857143,0.0066228571428571525,0.012025714285714278,0,0.2417,0.1636575,0.07804249999999999,0.00975875000000001,0.19639784749423445,0.4374743747437475,0.7419354838709677,0.18933088351060773,0.2615473130752731,-0.06862731307527312,0.7238877023222121,1.46,-0.7769571408831915,1.7006682493288592,0.9615301173290387,0.061492046965031966,-0.001565367720523958,-0.06658649989703191,1,23.8700008392334,26.549999237060547,4.578000839233397
2022-03-21,445.0,420.5145568847656,0.19048,0.20024,0.20512000000000002,0.009759999999999991,0.014640000000000014,0,0.23926,0.16122,0.07804,0.009759999999999991,0.17853351392905528,0.424969249692497,0.7272727272727273,0.1457608577728497,0.24960181115817362,-0.05912181115817361,0.5839735581104437,1.47,-0.6416330588465362,0.9886462235847288,-0.20151311594456214,0.06899405294706429,0.01992980693205393,-0.06685954637039504,1,23.530000686645508,26.3799991607666,4.482000686645506
2022-03-22,450.0,425.43524169921875,0.18073,0.19065428571428572,0.19535999999999998,0.009924285714285719,0.014629999999999976,0,0.22951,0.15146,0.07804999999999998,0.009755000000000014,0.10714939415016296,0.37500000000000006,0.7180851063829787,0.12524437502005356,0.2506953088286354,-0.06996530882863539,0.4995880282134249,1.67,0.5482332980413064,1.2243092435779817,0.3155431141073284,0.05823203178492653,0.03858943901549372,-0.055940328510392656,1,22.940000534057617,25.850000381469727,4.867000534057617
2022-03-23,444.0,419.9562683105469,0.19048,0.20058857142857142,0.20512,0.010108571428571411,0.014639999999999986,0,0.23926,0.16122,0.07804,0.009759999999999991,0.17853351392905528,0.424969249692497,0.7301587301587301,0.1743431403015417,0.2521789125428041,-0.0616989125428041,0.6913470224119124,1.49,-0.5605939832067884,0.6123060136853903,-0.7696192101214923,0.021942714405108088,0.03633549547728565,-0.06809841347944845,1,23.56999969482422,26.40999984741211,4.521999694824217
2022-03-24,450.0,426.2868347167969,0.17910333333333334,0.19100285714285717,0.19536000000000003,0.011899523809523832,0.016256666666666697,0,0.21975,0.14820666666666668,0.07154333333333332,0.004875000000000018,0.0,0.36666324996583305,0.6894736842105263,0.1824718576945734,0.24560797153697556,-0.06650463820364222,0.7429394760792721,1.67,0.6062818703570781,0.4418814501699679,-1.4179663289786344,0.024530074216005504,0.07095510244387593,-0.054050605832020704,1,21.670000076293945,25.299999237060547,3.7596667429606114
2022-03-25,453.0,428.36865234375,0.166095,0.1814264285714286,0.18560500000000002,0.015331428571428607,0.019510000000000027,0,0.21,0.1352,0.0748,0.006504999999999983,0.0,0.2999948749487495,0.6230366492146597,0.1747452315718859,0.24202945110463178,-0.07593445110463179,0.7219998672654997,1.53,-0.2585798038298185,0.8903247724201331,-0.08853151886665579,0.018379356754798737,0.060229628560428905,-0.049430960178894146,1,20.809999465942383,24.719999313354492,4.200499465942382
2022-03-28,456.0,431.4156188964844,0.16122,0.17341,0.18073,0.012190000000000006,0.01951,0,0.20024,0.13195,0.06828999999999999,0.0048749999999999905,0.0,0.2750102501025011,0.59375,0.17210998488582843,0.2326238372000869,-0.07140383720008689,0.7398639234799973,1.57,0.032363699429976266,0.8103726378507266,-0.27923673579330627,0.02592315018170943,0.04472018467137695,-0.04266960625032634,1,19.6299991607666,24.18000030517578,3.5079991607666017
2022-03-29,461.0,436.75262451171875,0.15145999999999998,0.16888214285714287,0.17585,0.017422142857142886,0.024390000000000023,0,0.19536,0.12707000000000002,0.06828999999999999,0.009755000000000014,0.0,0.22498974989749893,0.533678756476684,0.17374352955993527,0.23457078508514098,-0.083110785085141,0.7406869934671211,1.44,-0.7465879697011554,2.0790335891951415,2.716769063325483,0.02660189308083072,0.06035738349487452,-0.0308265540675019,1,18.899999618530273,23.190000534057617,3.7539996185302744
2022-03-30,459.0,434.0557861328125,0.16122,0.17410714285714288,0.18073,0.012887142857142875,0.01951,0,0.20024,0.1417,0.05854000000000001,0.009750000000000009,0.06454172728475081,0.2750102501025011,0.5979381443298969,0.13024411728192534,0.2276949159033834,-0.06647491590338339,0.5720115302758502,1.44,-0.6759180888224963,0.5000320465579567,-1.1007769212632932,0.033573776333871486,0.07010797202654095,-0.03648804126985328,1,19.329999923706055,23.56999969482422,3.207999923706055
2022-03-31,452.0,427.37506103515625,0.17585,0.18734607142857146,0.19048,0.011496071428571453,0.014630000000000004,0,0.21000000000000002,0.14820666666666668,0.06179333333333334,0.0032533333333333303,0.16128818939293757,0.34998974989749904,0.6871794871794872,0.17797784603030484,0.2296734179782322,-0.0538234179782322,0.7749170435003195,1.77,1.283552784035951,0.3732119423851614,-1.3034377980394456,0.0025528030183767925,0.034604616608490124,-0.03816607246701409,1,20.559999465942383,24.459999084472656,2.974999465942382
2022-04-01,453.0,428.5862731933594,0.15634,0.1767194642857143,0.18560500000000002,0.0203794642857143,0.029265000000000013,0,0.19373333333333334,0.13195,0.06178333333333333,0.006501666666666656,0.0322708636423755,0.25000000000000006,0.5714285714285714,0.17539705976898567,0.2284315196817053,-0.0720915196817053,0.7678321276038551,1.26,-1.6691573439861962,0.8724440287489712,-0.14759768572936272,0.000508022350418802,0.04272797524523253,-0.03544016481957557,1,19.6299991607666,24.209999084472656,3.995999160766601
2022-04-04,457.0,432.25787353515625,0.14658,0.166095,0.17585,0.019515000000000005,0.029270000000000018,0,0.19048,0.12219,0.06829000000000002,0.009755000000000014,0.0,0.19997949979499793,0.48223350253807107,0.17927293608790276,0.2263940826042817,-0.07981408260428172,0.7918622873251381,1.19,-1.9427042158552432,0.3988692714605026,-1.117707443309262,0.0019523044641411857,0.06027520454548685,-0.027177001853238125,1,18.56999969482422,23.030000686645508,3.9119996948242193
2022-04-05,451.0,426.79791259765625,0.17341,0.1836875,0.18690500000000004,0.010277499999999995,0.013495000000000035,0,0.21487499999999998,0.1417,0.07317499999999999,0.004877499999999979,0.17187700192184507,0.3374846248462485,0.6666666666666666,0.16169444548989975,0.20154981094320784,-0.028139810943207832,0.8022555056400503,1.41,-0.7020434369431008,0.8194244453083638,-0.18745258191662215,-0.02279256346814562,0.07868126328364022,-0.039464980613562406,1,21.030000686645508,24.899999618530273,3.6890006866455067
2022-04-06,447.0,422.5301208496094,0.18073,0.19117928571428572,0.19536000000000003,0.010449285714285717,0.014630000000000032,0,0.22951,0.15146,0.07804999999999998,0.009755000000000014,0.21877001921844977,0.37500000000000006,0.7286432160804021,0.1663231989646271,0.2034287095698327,-0.022698709569832692,0.8175994397070682,1.53,0.02599227878843871,0.9301993794372592,0.005186737635258243,-0.026553419287161595,0.0760533017401166,-0.049069909101841946,1,22.100000381469727,25.799999237060547,4.027000381469726
2022-04-07,449.0,424.65924072265625,0.17747666666666667,0.1902502380952381,0.19536,0.01277357142857144,0.017883333333333334,0,0.21975,0.1417,0.07805000000000001,0.0032483333333333253,0.19792867819773657,0.35832649993166604,0.69,0.15070312966726365,0.18571717462810966,-0.008240507961442989,0.8114657676062536,1.23,-1.5040839060329751,0.42978244613786326,-1.1165150508769803,-0.006354653231103291,0.05323719857694642,-0.04427819354239626,1,21.549999237060547,25.229999542236328,3.8023325703938795
2022-04-08,448.0,423.5238037109375,0.17422333333333334,0.18583714285714287,0.19536,0.011613809523809526,0.021136666666666665,0,0.21975,0.1417,0.07805000000000001,0.006501666666666656,0.17708733717702338,0.34165299986333203,0.6616915422885572,0.1462583712786675,0.18494865209871808,-0.01072531876538474,0.790805283623266,1.26,-1.2118383880783585,0.7177953171113576,-0.4284367426126352,-0.011812019654063755,0.055185850106430845,-0.03391186659852041,1,21.15999984741211,25.170000076293945,3.737666514078775
2022-04-11,440.0,416.28472900390625,0.21,0.21325,0.21324833333333332,0.003250000000000003,0.0032483333333333253,0,0.24902,0.16122,0.08779999999999999,-0.0048799999999999955,0.4062780269058296,0.525010250102501,0.8366336633663366,0.13945610623752974,0.1901639754648873,0.019836024535112684,0.7333466072982867,1.32,-0.8128728918398349,0.7940514521510394,-0.21448844290614108,-0.03695281337645984,0.05050743243347311,-0.05042471454234676,0,24.3700008392334,27.0,3.3700008392333984
2022-04-12,438.0,414.7423400878906,0.21,0.21348214285714284,0.21487499999999998,0.0034821428571428503,0.0048749999999999905,0,0.24902,0.17097,0.07804999999999998,-5.0000000000050004e-06,0.4062780269058296,0.525010250102501,0.8374384236453202,0.13287181667181733,0.1882443044642049,0.021755695535795094,0.7058477389263228,1.39,-0.36749786122818195,0.5450057175961538,-0.7375402567463502,-0.028246559212042,0.05432044575046158,-0.05039531118659035,0,24.260000228881836,27.170000076293945,3.260000228881836
2022-04-13,443.0,419.4925842285156,0.18560500000000002,0.19419809523809523,0.19536,0.008593095238095205,0.009754999999999986,0,0.22951,0.15146,0.07804999999999998,0.0048799999999999955,0.25000000000000017,0.3999846248462486,0.7254901960784313,0.17073801706870784,0.17804983733421423,0.007555162665785792,0.958933855964263,1.17,-1.539935643150256,0.38121867766113143,-1.0025782129777923,-0.007188923277199666,0.04345020396947219,-0.039519030486650286,0,21.81999969482422,25.540000915527344,3.2594996948242176
2022-04-14,438.0,414.2692565917969,0.1969866666666667,0.2041904761904762,0.20512,0.007203809523809501,0.008133333333333298,0,0.23601,0.16122000000000003,0.07478999999999997,0.001628333333333315,0.322912662822977,0.45831624982916513,0.7707317073170732,0.1742842056797728,0.1693086731514962,0.0276779935151705,1.029387345820285,1.49,0.31550394925893205,0.4759489760674157,-0.7249529276968418,-0.024466638505683758,0.008103653933184463,-0.05147849528107096,0,22.700000762939453,26.030000686645508,3.0013340962727817
2022-04-18,439.0,414.439453125,0.195365,0.20512,0.20539885714285713,0.009754999999999986,0.010033857142857122,0,0.21975,0.16122,0.05853,-0.0048799999999999955,0.3125240230621398,0.45000512505125057,0.7669902912621359,0.1781615371279975,0.16355270697886454,0.031812293021135474,1.0893218487115646,1.24,-1.096689562644782,0.8680057139549363,0.28070675536285167,-0.021449445122894928,-0.00394370858231341,-0.05108880893770118,0,22.170000076293945,25.75,2.633500076293945
2022-04-19,443.0,421.12969970703125,0.1831675,0.195365,0.19578285714285715,0.0121975,0.012615357142857136,0,0.234385,0.1417,0.09268500000000002,0.0048749999999999905,0.23438500960922498,0.3874923124231243,0.714975845410628,0.18278179177127182,0.1688019972940544,0.01436550270594561,1.0828177077363872,1.74,1.6256577631824884,0.9357309999879336,0.4614099123396926,0.011638598213098428,0.0011698810160269968,-0.03577064893921045,0,21.3700008392334,25.059999465942383,3.053250839233396
2022-04-20,446.0,420.8173828125,0.17585,0.18560500000000002,0.19159542857142856,0.009755000000000014,0.01574542857142855,0,0.21,0.15146,0.05853999999999998,0.0048799999999999955,0.22223909494704083,0.34998974989749904,0.6682692307692307,0.1777597940070512,0.1688208522520406,0.007029147747959402,1.0529492751385072,1.3,-0.6836217592188044,0.58070223326756,-0.3766772477005636,0.014647751477030235,0.0007201318545968505,-0.03648573770342889,0,20.31999969482422,24.149999618530273,2.734999694824218
2022-04-21,438.0,414.52459716796875,0.19861333333333336,0.20511999999999997,0.20581714285714287,0.006506666666666605,0.007203809523809501,0,0.23926000000000003,0.16122000000000003,0.07804,0.0016266666666666652,0.3950748516254764,0.46665299986333214,0.7751196172248804,0.1964815147904107,0.17102849858290362,0.02758483475042975,1.1488232453562066,1.36,-0.31141028031737394,0.8152960209565087,0.21844650289863485,-0.011842848353764035,-0.025645840922045138,-0.05089386095527304,0,22.68000030517578,26.110000610351562,2.8186669718424433
2022-04-22,425.0,403.1504211425781,0.24251499999999998,0.24264000000000002,0.239265,0.00012500000000004174,-0.003249999999999975,1,0.29129333333333335,0.19048,0.10081333333333334,-0.0016283333333332872,0.7284081849588093,0.691651291512915,0.8857142857142857,0.2644699906081531,0.19050336493785305,0.05201163506214693,1.3882693919576163,1.48,0.4385082611352997,2.9338069462042,3.3851981618609677,-0.026839634542745627,-0.04001808863474632,-0.0769364658236622,0,28.209999084472656,29.8700008392334,3.9584990844726597
2022-04-25,429.0,405.48779296875,0.234385,0.234385,0.2331314285714286,0.0,-0.0012535714285714095,1,0.27829,0.19048,0.08780999999999997,0.0,0.6666793212102806,0.6499846248462485,0.8815165876777251,0.2745135785236783,0.182733440422859,0.051651559577141015,1.5022624095974613,1.47,0.4013002355881615,1.8973625291860636,1.508274749100963,-0.021599440132332393,-0.04879118953289907,-0.07158475939995146,0,27.020000457763672,29.06999969482422,3.5815004577636707
2022-04-26,415.0,393.74456787109375,0.285605,0.267405,0.2622607142857143,-0.018199999999999994,-0.023344285714285706,1,0.3417,0.21975,0.12195,-0.0048799999999999955,1.0,0.912489749897499,0.9905660377358491,0.25031239531148436,0.2030124180922793,0.0825925819077207,1.2329905611867786,1.42,0.15089315408040263,1.2275133548288024,0.45307047300168235,-0.06502778563228528,-0.08082777365527605,-0.09847234848034903,0,33.52000045776367,33.13999938964844,4.959500457763671
2022-04-27,418.0,394.8515625,0.26853,0.26027153846153844,0.253895,-0.008258461538461548,-0.014635000000000009,1,0.31731,0.22951,0.08779999999999999,0.0048799999999999955,0.8771803632440208,0.8249794997949979,0.9577464788732394,0.2626282409258077,0.20059034125026806,0.06793965874973193,1.3092766046902409,1.42,0.15727199949973394,0.8550979534710629,-0.020752507572545268,-0.06170329785086226,-0.08475366860850186,-0.0959377452134681,0,31.600000381469727,32.20000076293945,4.747000381469729
2022-04-28,426.0,404.8253173828125,0.24658,0.2415123076923077,0.2392617142857143,-0.005067692307692301,-0.007318285714285694,1,0.3051125,0.1880425,0.11707000000000001,-2.4999999999886224e-06,0.7192950908110052,0.7124846248462484,0.9018691588785047,0.3713793709812932,0.21776377766532284,0.02881622233467715,1.7054230734004778,1.46,0.3969324718856656,0.592882560688126,-0.4666511687261594,-0.023398562718404903,-0.07310158047613424,-0.07310158047613424,0,29.989999771118164,31.149999618530273,5.331999771118166
2022-04-29,413.0,389.8648376464844,0.2758475,0.2692807692307692,0.2600267142857143,-0.006566730769230811,-0.015820785714285746,1,0.327065,0.24414,0.082925,0.009754999999999958,0.9298147815141163,0.8624820623206233,0.9767441860465116,0.41400453060061665,0.2476769395385054,0.02817056046149463,1.6715505745994288,1.35,-0.17931447608000664,0.8508179144907146,-0.07713052813476015,-0.03295440808034078,-0.10180937542624202,-0.10735547821299085,0,33.400001525878906,33.18000030517578,5.815251525878903
2022-05-02,415.0,392.2115478515625,0.27341,0.26332466666666665,0.25877000000000006,-0.010085333333333335,-0.01463999999999993,1,0.31731,0.22951,0.08779999999999999,0.0,0.9122819636755979,0.8499897498974989,0.9722222222222222,0.4144255979255153,0.24750822183476742,0.025901778165232564,1.6743912378077659,1.29,-0.6348362726219942,1.6832784875288915,1.2184643654120357,-0.032741417491230496,-0.08227787812050447,-0.101982390397659,0,32.34000015258789,33.0099983215332,4.999000152587893
2022-05-03,417.0,394.0094299316406,0.258775,0.24902,0.24664971428571425,-0.009754999999999986,-0.012125285714285727,1,0.28804,0.21975,0.06829000000000002,-0.0048799999999999955,0.8070131271354072,0.7749846248462483,0.9262672811059908,0.3641594980498572,0.24819500442712783,0.010579995572872147,1.4672313767571319,1.25,-0.9791615563261709,0.5139497805124615,-0.7047045030626253,0.0006726748307384067,-0.08067650651545522,-0.09786591351995699,0,29.25,30.809999465942383,3.3725000000000023
2022-05-04,429.0,406.0082092285156,0.21975,0.22463,0.22463,0.0048799999999999955,0.0048799999999999955,0,0.26853,0.19048,0.07804999999999998,0.009755000000000014,0.5263082179464126,0.574979499794998,0.8256880733944955,0.4231234202445849,0.2718699932081919,-0.052119993208191884,1.556344689796518,1.27,-0.7628100645841406,0.8318096311001507,-0.18294480996497048,0.02825529335094279,-0.06072686216670087,-0.07039320099695978,0,25.420000076293945,28.09000015258789,3.445000076293944
2022-05-05,414.0,391.57745361328125,0.27503666666666665,0.26722866666666667,0.25835442857142854,-0.007807999999999982,-0.01668223809523811,1,0.31731,0.22951,0.08779999999999999,-0.0016266666666666652,0.9239824971527901,0.8583264999316659,0.9726027397260274,0.46709200021115876,0.2937412847964428,-0.01870461812977614,1.5901476039871099,1.31,-0.3953482120129704,0.9299655184326587,-0.021445368927018125,-0.03272488947869767,-0.08252256617191434,-0.10343422881303233,0,31.200000762939453,32.68000030517578,3.696334096272789
2022-05-06,411.0,389.240234375,0.26202666666666663,0.2620283333333333,0.258775,1.6666666666775853e-06,-0.0032516666666666527,1,0.3108033333333333,0.21975,0.09105333333333332,0.0032500000000000306,0.8304022058382783,0.7916495831624981,0.9318181818181818,0.38081358357955797,0.2930408865698963,-0.031014219903229667,1.2995237218842022,1.28,-0.6585513687050907,1.1058891205372972,0.21639966556429485,-0.0016021020907013295,-0.0787870138291471,-0.1087855858675989,0,30.190000534057617,32.310001373291016,3.987333867390955
2022-05-09,399.0,376.7778015136719,0.302675,0.29259466666666667,0.28163285714285713,-0.010080333333333358,-0.021042142857142898,1,0.33682,0.26853,0.06829000000000002,0.0,1.0,0.9999743747437475,0.9909502262443439,0.4349567900591245,0.30716568277668,-0.004490682776679966,1.4160331522950533,1.3,-0.5224011497064402,2.3221479729162615,1.9055803790495642,-0.03935056584242069,-0.11275261343071918,-0.1373198914719691,0,34.75,35.04999923706055,4.482499999999998
2022-05-10,399.0,377.6484069824219,0.29536,0.282189,0.27494214285714286,-0.013170999999999988,-0.020417857142857154,1,0.32707,0.25877,0.06830000000000003,-0.0024399999999999977,0.9531375124123129,0.9624846248462485,0.9864864864864865,0.43110165848695,0.3082666498356531,-0.012906649835653095,1.3984699892667085,1.1,-1.8369599280064217,1.7296288440189964,0.9241002704684956,-0.04152444511812148,-0.10831834321129774,-0.13532653088318425,0,32.9900016784668,33.970001220703125,3.4540016784667955
2022-05-11,394.0,371.6490173339844,0.29779500000000003,0.283165,0.2761971428571428,-0.014630000000000032,-0.021597857142857224,1,0.32707,0.26853,0.058540000000000036,4.999999999977245e-06,0.9687369870911945,0.9749641246412466,0.9865470852017937,0.2635485718390594,0.30770480670857137,-0.009909806708571334,0.8564980659813594,1.39,0.2562360606845884,0.6591872613411797,-0.6693939786350918,-0.08462684032872025,-0.10722399492464452,-0.14906288714468285,0,32.560001373291016,33.630001068115234,2.7805013732910133
2022-05-12,392.0,371.26104736328125,0.29454666666666673,0.2810735714285714,0.2746635714285714,-0.013473095238095312,-0.01988309523809534,1,0.3238166666666667,0.25552,0.06829666666666667,-0.004878333333333373,0.9479270102608457,0.9583162498291653,0.9776785714285714,0.22307955529372225,0.30802787386669894,-0.013481207200032208,0.7242187289526316,1.29,-0.531656257004206,1.486207809536647,0.49082282024908624,-0.05188349345073462,-0.10483929061931552,-0.14995119313056415,0,31.770000457763672,33.08000183105469,2.3153337910969967
2022-05-13,401.0,380.1371154785156,0.26202666666666663,0.25598642857142856,0.25765957142857143,-0.006040238095238071,-0.004367095238095198,1,0.30105000000000004,0.22300333333333333,0.07804666666666671,5.551115123125783e-17,0.7395923422701983,0.7916495831624981,0.9155555555555556,0.3337415516845809,0.31908797639754494,-0.05706130973087831,1.0459233075858032,1.45,0.6993360299925637,0.6243969334835956,-0.8460096705906792,-0.023386890903252078,-0.09381684022466863,-0.12962832014231906,0,28.8700008392334,30.700000762939453,2.6673341725667363
2022-05-16,400.0,378.5946960449219,0.25877,0.253895,0.24971214285714285,-0.004875000000000018,-0.009057857142857145,1,0.28804,0.21975,0.06829000000000002,-0.004875000000000018,0.718728979147314,0.7749589995899959,0.8893805309734514,0.2290793699893799,0.3178126754332579,-0.05904267543325792,0.7207999796643969,1.27,-0.6945827100251061,0.7949943337190742,-0.5751152518812772,0.004822191020677824,-0.08611442915260104,-0.1331598831989077,0,27.469999313354492,29.510000228881836,1.5929993133544933
2022-05-17,408.0,386.38250732421875,0.2441375,0.239265,0.239265,-0.004872500000000002,-0.004872500000000002,1,0.283165,0.21,0.07316500000000001,0.002444999999999975,0.547151201021158,0.6999666871668717,0.8325991189427313,0.26826460784173234,0.32885214032993404,-0.08471464032993403,0.8157605651360066,1.41,0.6996328885010487,0.8795376963243684,-0.4398236757377118,0.023127597469789984,-0.06769853977275408,-0.11532871094664365,0,26.100000381469727,28.3700008392334,1.6862503814697263
2022-05-18,391.0,370.80682373046875,0.28803999999999996,0.26853,0.26853,-0.019509999999999972,-0.019509999999999972,1,0.33682,0.23926,0.09756000000000001,5.551115123125783e-17,0.8860660948995077,0.9249692496924967,0.9736842105263158,0.41108876624988444,0.34565321743305033,-0.05761321743305037,1.1893098212792084,1.2,-1.385528789523768,1.1543156891073567,-0.06303082604192678,-0.002266099368584573,-0.11949495846901981,-0.15099119519882942,0,30.959999084472656,32.79999923706055,2.1559990844726613
2022-05-19,389.0,368.5357360839844,0.27096750000000003,0.258775,0.258775,-0.01219250000000005,-0.01219250000000005,1,0.31487,0.22707,0.08779999999999999,2.499999999960867e-06,0.753156180664582,0.8374718122181223,0.9344978165938864,0.41313913386755546,0.34511211760436905,-0.07414461760436902,1.197115698907946,1.36,0.2150820864603686,0.5447598268766864,-0.982754098403996,-0.007340687364462806,-0.12423832489783415,-0.15619113566632736,0,29.350000381469727,30.790000915527344,2.253250381469723
2022-05-20,389.0,368.6966247558594,0.27097,0.258775,0.258775,-0.012195000000000011,-0.012195000000000011,1,0.31731,0.22463,0.09267999999999998,0.0,0.753175643238053,0.8374846248462484,0.9347826086956522,0.35277006449183945,0.3443374962012169,-0.07336749620121691,1.024489253664361,1.51,1.6602789236804731,1.2126660071893767,0.2359245395139646,-0.03009569509742549,-0.11055549592281377,-0.15582276084074986,0,29.43000030517578,31.139999389648438,2.3330003051757835
2022-05-23,397.0,375.5950012207031,0.258775,0.253895,0.253895,-0.0048799999999999955,-0.0048799999999999955,1,0.2978,0.21975,0.07805000000000001,0.0,0.6538537354622508,0.7749846248462483,0.8874458874458875,0.39499670985365815,0.34405325477503373,-0.08527825477503376,1.1480685166368643,1.45,1.097422829146849,0.8316813437547069,-0.4512619889692883,-0.007923235205235968,-0.06835021986031797,-0.14002806132965706,0,28.479999542236328,30.290000915527344,2.6024995422363304
2022-05-24,394.0,372.72772216796875,0.26853,0.2625345714285714,0.2582476785714286,-0.005995428571428596,-0.010282321428571384,1,0.302675,0.23926,0.06341500000000003,0.002437500000000037,0.7307707470924499,0.8249794997949979,0.9181034482758621,0.34364051557903486,0.3426964256902685,-0.07416642569026849,1.0027548868852798,1.55,1.8526752730872558,0.5545816378159814,-0.9541093937577683,-0.03534007077808021,-0.08079175592668453,-0.14659305691712476,0,29.450000762939453,30.739999771118164,2.597000762939455
2022-05-25,396.0,376.0207824707031,0.263655,0.253895,0.25319785714285714,-0.009759999999999991,-0.010457142857142832,1,0.30755,0.22951,0.07804,0.004875000000000018,0.6923319534792033,0.7999948749487493,0.9055793991416309,0.17365539567143484,0.3324435412146025,-0.06878854121460254,0.5223605639531284,1.09,-1.9487619236843237,0.7140373165738614,-0.5993298461254495,0.014061118637946901,-0.04501340931817788,-0.1390531816698587,0,28.3700008392334,29.729999542236328,2.004500839233401
2022-05-26,404.0,383.5342102050781,0.24739333333333335,0.24553285714285714,0.24814446428571427,-0.001860476190476218,0.0007511309523809129,0,0.2880400000000001,0.21000000000000002,0.07804000000000005,0.001626666666666693,0.5641106511597346,0.7166529998633321,0.8376068376068376,0.1866660608144787,0.3407590022267261,-0.09336566889339276,0.5477949506680363,1.48,1.2112207039535074,1.415802893193989,0.7837123087683013,0.04069747558395753,-0.028662295834075313,-0.1218502450125808,0,27.5,29.280000686645508,2.7606666666666655
2022-05-27,415.0,392.94964599609375,0.23113166666666668,0.2310387142857143,0.234385,-9.2952380952388e-05,0.0032533333333333303,0,0.2717833333333333,0.20024,0.07154333333333332,0.0048799999999999955,0.4358893488402654,0.6333111247779145,0.7914893617021277,0.20199016604788622,0.3400919999431573,-0.10896033327649063,0.5939280138363934,1.24,-0.6741631017070746,2.3863518917687077,2.2602798429979374,0.06578042653982541,-0.029335298156485723,-0.10029242197364219,0,25.719999313354492,28.020000457763672,2.606832646687824
2022-05-31,412.0,390.7447204589844,0.23926,0.23647642857142856,0.23926499999999998,-0.002783571428571441,4.999999999977245e-06,0,0.28804,0.20024,0.08780000000000002,0.004880000000000023,0.4999802877981469,0.6749692496924969,0.8008474576271186,0.2293092267037221,0.3142042786673587,-0.07494427866735873,0.7298093701215534,1.18,-1.0751400215195925,0.8390131705073912,-0.43368805095345936,0.040335252570039115,0.002256891946992745,-0.10534087598024244,0,26.190000534057617,27.989999771118164,2.264000534057619
2022-06-01,409.0,387.58428955078125,0.23926,0.23661585714285716,0.239265,-0.002644142857142845,5.0000000000050004e-06,0,0.27829,0.20024,0.07804999999999998,5.0000000000050004e-06,0.4999802877981469,0.6749692496924969,0.8016877637130801,0.23128257671601898,0.3146745625235203,-0.07541456252352027,0.7349897457908814,1.15,-1.2243903214395726,0.7005993002434132,-0.7146220607723356,0.039859035159497624,-0.011797863490068616,-0.11257707956742513,0,25.690000534057617,27.719999313354492,1.7640005340576188
2022-06-02,417.0,394.9652099609375,0.22219125,0.22323714285714283,0.22950500000000001,0.0010458928571428217,0.007313750000000008,0,0.26609,0.1880425,0.07804749999999999,0.0048749999999999905,0.2265763890001119,0.5874910311603116,0.7689075630252101,0.24462769590384437,0.321436453758438,-0.09924520375843798,0.7610452798477051,1.25,-0.4688755953833827,0.608395053928085,-0.8525902966568171,0.050381330961967175,0.0024257795795972203,-0.09567753507491528,0,24.719999313354492,27.059999465942383,2.5008743133544904
2022-06-03,410.0,388.4832458496094,0.2295075,0.23142214285714288,0.234385,0.0019146428571428786,0.004877500000000007,0,0.27341,0.19048,0.08292999999999998,0.002437500000000009,0.11766656617425383,0.6249871873718738,0.7740585774058577,0.2842620849541777,0.3070310880561297,-0.07752358805612972,0.9258413757183133,1.28,-0.23408490952296032,0.7463346210960181,-0.5792739459767706,0.012903765851512983,-0.04316406166320297,-0.11051880619165977,0,24.790000915527344,27.329999923706055,1.8392509155273444
2022-06-06,411.0,389.66607666015625,0.22463,0.2270675,0.22950500000000001,0.002437500000000009,0.004875000000000018,0,0.26853,0.19048,0.07804999999999998,0.004875000000000018,0.05884835694905027,0.599989749897499,0.7666666666666667,0.21334283503196189,0.2811331237191265,-0.056503123719126525,0.7588676574629025,1.34,0.18959652529483542,0.9774891182634251,-0.14805233779709473,-0.008356208917338348,-0.004881223204982188,-0.10781056646014286,0,25.06999969482422,27.219999313354492,2.606999694824218
2022-06-07,414.0,393.4038391113281,0.21975,0.22463,0.22758982142857143,0.0048799999999999955,0.007839821428571425,0,0.25877,0.18073,0.07804,0.0,0.0,0.574979499794998,0.7510373443983402,0.22264224471411073,0.28227470121597353,-0.06252470121597353,0.7887431773198941,1.32,0.033467949451956885,0.8009519035028478,-0.390579076635723,0.0068052580447415245,0.010696748097003939,-0.09925248977920564,0,24.020000457763672,26.520000457763672,2.0450004577636705
2022-06-08,410.0,389.1266784667969,0.22463,0.22741571428571428,0.22950500000000001,0.0027857142857142803,0.004875000000000018,0,0.25877,0.18073,0.07804,-0.0048799999999999955,0.05884835694905027,0.599989749897499,0.768595041322314,0.23092002479419688,0.25939588607879077,-0.034765886078790775,0.8902223866574953,1.15,-1.2858763728966818,0.6066154790230882,-0.73062943131187,0.003979492867998591,0.03277495888429316,-0.10904558638466522,0,23.959999084472656,26.540000915527344,1.4969990844726553
2022-06-09,401.0,379.8721618652344,0.24088833333333334,0.2466935714285714,0.24414,0.005805238095238058,0.0032516666666666527,0,0.27829,0.2067466666666667,0.07154333333333329,0.0016299999999999926,0.2549090543663954,0.6833145414787481,0.8065843621399177,0.22017206802745873,0.2740848998814773,-0.03319656654814393,0.8032987885238038,1.32,0.04245370863885896,0.5522519003745063,-0.8346968979479553,-0.03821361404766721,0.005888426487963505,-0.1302349647241975,0,26.09000015258789,28.010000228881836,2.001166819254557
2022-06-10,389.0,368.8574523925781,0.258775,0.26109380952380956,0.25877357142857144,0.002318809523809584,-1.4285714285411366e-06,1,0.28804,0.21975,0.06829000000000002,-0.0048799999999999955,0.47060596924932124,0.7749846248462483,0.8852459016393442,0.26652904286975376,0.2877274461452118,-0.028952446145211808,0.9263247091667456,1.74,2.511480121066428,1.547325417378602,1.3939573900798041,-0.050519021519473295,-0.007511293750839143,-0.15545452576283003,0,27.75,29.719999313354492,1.8725000000000023
2022-06-13,374.0,354.8526306152344,0.312435,0.2961716666666667,0.28891553571428574,-0.016263333333333296,-0.023519464285714275,1,0.35633,0.25877,0.09755999999999998,-0.004885000000000028,1.0,1.0,1.0,0.29723622763475743,0.3169540248791024,-0.004519024879102385,0.9377897243871062,1.56,1.3077318834419516,10.292918233693333,4.157062830873627,-0.08934174189169697,-0.044196440387647584,-0.18752032454996015,0,34.02000045776367,34.2400016784668,2.776500457763671
2022-06-14,372.0,353.7833557128906,0.29291999999999996,0.28455785714285714,0.27479928571428575,-0.008362142857142818,-0.018120714285714212,1,0.33682,0.24902,0.08780000000000002,5.551115123125783e-17,0.7894481307654955,0.9047467968273335,0.9715447154471545,0.2270697402279641,0.3027703090656386,-0.009850309065638663,0.7499736051685864,1.3,-0.265436687363422,0.7923197909434212,-0.2880111352916032,-0.10071198971504047,-0.0693269841132218,-0.18996856376441063,0,32.689998626708984,33.279998779296875,3.39799862670899
2022-06-15,378.0,358.8270263671875,0.273405,0.26481190476190475,0.2592973214285714,-0.00859309523809526,-0.014107678571428584,1,0.30755,0.22951,0.07804,-0.004875000000000018,0.578896261530992,0.8094935936546674,0.9352226720647774,0.3403463632096431,0.3088012316075215,-0.03539623160752148,1.1021535161563563,1.16,-1.0094165589042952,0.590093729128345,-0.37502399672500514,-0.07786577938833039,-0.052213276847885015,-0.17842044620029618,0,29.6200008392334,30.780000686645508,2.279500839233396
2022-06-16,366.0,346.9512939453125,0.29129499999999997,0.2840945238095238,0.2786335714285714,-0.007200476190476146,-0.012661428571428546,1,0.33682,0.24902000000000002,0.08779999999999999,0.001625000000000043,0.7719156282030529,0.8968151311775471,0.967741935483871,0.36049553417044744,0.31492835130503194,-0.02363335130503197,1.1446906341604037,1.46,0.6824040761340785,2.096193354094755,0.30540584218762473,-0.08666301778544405,-0.10205227367039937,-0.20561142744546168,0,32.95000076293945,33.4900016784668,3.8205007629394565
2022-06-17,368.0,347.69915771484375,0.27178166666666664,0.27410642857142853,0.2687042857142857,0.002324761904761885,-0.0030773809523809703,1,0.30105000000000004,0.25227,0.048780000000000046,0.004878333333333373,0.5613817410224592,0.801570063046573,0.9236947791164659,0.3677978720698293,0.28700898117179835,-0.015227314505131706,1.2814855847652802,1.26,-0.4669693352784833,0.8444243915888447,-0.2853700263171129,-0.05736171125320089,-0.0623172620804342,-0.2038990993962202,0,31.1299991607666,32.36000061035156,3.9518324940999356
2022-06-21,376.0,356.4520263671875,0.26853,0.26835571428571425,0.2626053571428571,-0.00017428571428573791,-0.005924642857142892,1,0.2978,0.24414,0.05366000000000001,0.0024399999999999977,0.5262987538436639,0.7856985967053081,0.904,0.3514809166801893,0.30249648896058023,-0.03396648896058024,1.161933871986172,1.25,-0.45966360424516445,1.6261035027449962,0.07003159617152477,0.0045072112025212885,-0.03278843415620125,-0.18385830705495088,0,30.190000534057617,31.25,3.337000534057619
2022-06-22,376.0,355.8058166503906,0.26365,0.2633014285714286,0.25737714285714286,-0.0003485714285714203,-0.006272857142857136,1,0.28804,0.23926,0.04878000000000002,0.0,0.47364729999460525,0.7618791946308724,0.8844621513944223,0.35073906419221046,0.3024072064952655,-0.038757206495265484,1.1598237629886035,1.53,1.1703420072261055,0.9377378036209391,-0.25416317935949323,0.005716665029152246,-0.034963184471798914,-0.18533788538036866,0,28.950000762939453,30.239999771118164,2.5850007629394547
2022-06-23,378.0,359.2936096191406,0.258775,0.258775,0.258775,0.0,0.0,0,0.29454666666666673,0.22951,0.06503666666666674,0.003253333333333386,0.421049792307277,0.738084197681513,0.8605577689243028,0.3417259903387742,0.29647593275786843,-0.037700932757868455,1.152626411054625,1.32,0.006155924680505466,0.9192328972119508,-0.2721972364090948,0.001300301308619023,-0.04340151372777101,-0.17735214523135578,0,29.049999237060547,30.190000534057617,3.172499237060549
2022-06-24,390.0,370.7170104980469,0.24089,0.2448364285714286,0.24692571428571428,0.003946428571428601,0.006035714285714283,0,0.27829,0.21,0.06828999999999999,0.003255000000000008,0.22808437179694652,0.6507870652837096,0.7768924302788844,0.22769058690860314,0.3172777285460537,-0.07638772854605369,0.7176381019619953,1.26,-0.4381313600294728,1.7501047193728134,0.09345318860560856,0.0684987113968809,-0.00539458578027574,-0.1459231224610037,0,27.229999542236328,28.950000762939453,3.1409995422363295
2022-06-27,390.0,369.3009033203125,0.24414,0.24292,0.23925999999999997,-0.0012199999999999989,-0.004880000000000023,1,0.26853,0.21975,0.04877999999999999,0.0,0.26314937692183193,0.6666503965832824,0.796812749003984,0.24901426890817632,0.3157487287952087,-0.07160872879520871,0.7886469404273813,1.27,-0.3128507080147633,0.6465625266057476,-0.40593197180211066,0.06212769035001475,-0.017871031239913404,-0.14564678648872165,0,26.950000762939453,28.18000030517578,2.536000762939455
2022-06-28,381.0,361.7550354003906,0.25633249999999996,0.253895,0.253895,-0.0024374999999999813,-0.0024374999999999813,1,0.28804,0.22951,0.058530000000000026,0.002442500000000014,0.3946970923018822,0.7261622940817569,0.8366533864541833,0.30486775714667164,0.31349615713693013,-0.05716365713693017,0.9724768556365756,1.3,-0.1340406769353447,0.7284250478420196,-0.32928726522557467,0.014877202655429356,-0.05678548151686924,-0.16310365282225803,0,28.360000610351562,29.149999618530273,2.7267506103515657
2022-06-29,381.0,361.46044921875,0.25877,0.2523280357142857,0.24902000000000002,-0.006441964285714308,-0.009749999999999981,1,0.28804,0.22951,0.058530000000000026,4.999999999977245e-06,0.42099584614554664,0.7380597925564368,0.8406374501992032,0.3039638664315061,0.2978949525485277,-0.039124952548527714,1.0203726643605675,1.28,-0.30841113618771393,0.5893019144632844,-0.3879160993028047,0.015892468036618812,-0.08013545017332013,-0.16378515846894848,0,28.15999984741211,29.0,2.2829998474121105
2022-06-30,377.0,358.5237731933594,0.26527833333333334,0.258775,0.2545921428571428,-0.006503333333333361,-0.010686190476190516,1,0.29780000000000006,0.22625666666666666,0.0715433333333334,-0.003249999999999975,0.49121576666486844,0.769827130364043,0.8884462151394422,0.3060494547627363,0.29820033788961936,-0.03292200455628602,1.0263216230023937,1.42,0.5768577765206112,0.7719879550346609,-0.30420885609055565,-0.0021426387922603984,-0.08246035219049663,-0.1599683067537847,0,28.709999084472656,29.709999084472656,2.1821657511393227
2022-07-01,382.0,362.3157958984375,0.24739166666666668,0.2490180357142857,0.249015,0.0016263690476190362,0.00162333333333331,0,0.28154,0.21325,0.06829000000000002,3.333333333327415e-06,0.2982323641006276,0.6825218629245475,0.796812749003984,0.1798902239248191,0.30199985159555837,-0.05460818492889169,0.5956632858407167,1.24,-0.6919456863898434,1.085807056038106,-0.16889929974464346,-0.02266206934589432,-0.06519483460392705,-0.14680816722162204,0,26.700000762939453,28.520000457763672,1.9608340962727837
2022-07-05,382.0,363.0000305175781,0.258775,0.253895,0.24901500000000001,-0.0048799999999999955,-0.009759999999999963,1,0.2978,0.21975,0.07805000000000001,0.0,0.421049792307277,0.7316999999999998,0.8565737051792829,0.18587969482973524,0.2919219811392282,-0.033146981139228204,0.6367444277554504,1.16,-1.1727145203551015,0.7797579496999858,-0.3136345215003644,-0.017061623045284913,-0.08093163305831608,-0.14519691152876046,0,27.540000915527344,28.899999618530273,1.662500915527346
2022-07-06,384.0,364.2259826660156,0.253895,0.24902,0.24413999999999997,-0.0048749999999999905,-0.009755000000000014,1,0.28804,0.21975,0.06829000000000002,0.0,0.3683983384582184,0.7072999999999998,0.8167330677290837,0.10753936143879528,0.2892934774660927,-0.035398477466092704,0.37173102684764014,1.08,-1.5215637887798363,0.9502179854750936,-0.23280727826514588,0.006830443321653057,-0.06244095065295119,-0.1400105980475036,0,26.729999542236328,28.389999389648438,1.34049954223633
2022-07-07,389.0,369.6811218261719,0.24088833333333334,0.24414000000000002,0.239265,0.0032516666666666805,-0.0016233333333333377,1,0.27503666666666665,0.2067466666666667,0.06828999999999996,3.333333333327415e-06,0.2280663897430365,0.6422666666666668,0.7450199203187251,0.14020749898413434,0.29527958240570784,-0.0543912490723745,0.4748296439660099,1.34,0.12727051292900005,0.5503730583545229,-0.4139754837972971,0.02274293805917016,-0.05128738689617596,-0.12216801122469112,0,26.079999923706055,28.030000686645508,1.9911665903727211
2022-07-08,390.0,369.376953125,0.22625666666666666,0.234385,0.234385,0.008128333333333349,0.008128333333333349,0,0.25877,0.20024,0.05853,0.003248333333333353,0.07020193846541144,0.5691083333333333,0.7051792828685259,0.10331518619008065,0.2921140103892675,-0.06585734372260083,0.35368103725118877,1.26,-0.4288166937820792,0.5633439777498924,-0.4067035433237669,0.03027185571258406,-0.06107435565601793,-0.12289027968826294,0,24.639999389648438,27.299999237060547,2.01433272298177
2022-07-11,385.0,365.1573791503906,0.24414,0.24739333333333333,0.24414,0.0032533333333333303,0.0,0,0.26853,0.21,0.05853,-0.0048749999999999905,0.26314937692183193,0.658525,0.7729083665338645,0.1498455966323552,0.2923110473528367,-0.0481710473528367,0.5126237889034783,1.22,-0.6502272451366676,0.45005244048894744,-0.4569278593759906,0.007842835681250993,-0.061597676650822275,-0.13290993391247186,0,26.170000076293945,28.25,1.7560000762939474
2022-07-12,381.0,361.92608642578125,0.24902,0.24901642857142856,0.2466935714285714,-3.5714285714361083e-06,-0.0023264285714285904,1,0.28804,0.21487499999999998,0.07316500000000004,0.002437500000000009,0.3158008307708905,0.682925,0.8007968127490039,0.1669283649809048,0.2831272774851723,-0.03410727748517231,0.5895877163924872,1.44,1.0930321284897744,0.6422102056865038,-0.34462125864664045,-0.002958523420137471,-0.04724240742289454,-0.14058284970743307,0,27.290000915527344,28.81999969482422,2.3880009155273463
2022-07-13,379.0,360.0253601074219,0.24902,0.24530190476190475,0.24414000000000002,-0.0037180952380952426,-0.004879999999999968,1,0.27829,0.21975,0.05853999999999998,0.0,0.3158008307708905,0.682925,0.8007968127490039,0.165259787284214,0.2658083908418225,-0.016788390841822515,0.621725246373268,1.76,2.9633506629200266,1.5793225206389911,1.3870921326197407,-0.011533011807248195,-0.023944459378188676,-0.14509624859542802,0,26.81999969482422,28.559999465942383,1.9179996948242213
2022-07-14,379.0,359.15106201171875,0.24251333333333336,0.2480904761904762,0.24414000000000002,0.005577142857142836,0.0016266666666666652,0,0.26853,0.21650000000000003,0.052029999999999965,1.6666666666498298e-06,0.24559889230547935,0.6503916666666667,0.7370517928286853,0.07023739178052664,0.22828850036409346,0.014224832969239903,0.30766942561060334,1.41,0.5878044124315288,0.9880574910246896,0.07363486832850948,-0.028484169714796725,0.012113285983062605,-0.14717232657404455,0,26.399999618530273,28.610000610351562,2.1486662851969385
2022-07-15,386.0,366.0126037597656,0.22137666666666667,0.23368857142857144,0.2325259523809524,0.012311904761904774,0.011149285714285723,0,0.25227,0.19373333333333334,0.058536666666666654,0.0016249999999999876,0.01755048461635286,0.5447083333333333,0.6653386454183267,0.19214774854657835,0.236447822934109,-0.01507115626744232,0.8126433399225005,1.41,0.5179639617011141,0.6254760337032874,-0.7273009473976749,-0.009108173470952496,0.03456705311145147,-0.13023411411014185,0,24.229999542236328,27.079999923706055,2.09233287556966
2022-07-18,383.0,362.99053955078125,0.234385,0.23926,0.234385,0.0048749999999999905,0.0,0,0.26853,0.20024,0.06828999999999999,0.0,0.1579004153854454,0.60975,0.7131474103585658,0.18314970097243632,0.2342262132498832,0.00015878675011682386,0.7819351149098068,1.49,1.038938059425011,0.7602817604025578,-0.35054911642689474,-0.005933988256381251,0.011603120382948084,-0.1243208677344314,0,25.299999237060547,27.81999969482422,1.8614992370605457
2022-07-19,393.0,372.7982177734375,0.22463,0.22951,0.22951,0.0048799999999999955,0.0048799999999999955,0,0.25877,0.20024,0.05853,0.004875000000000018,0.05265145384905858,0.560975,0.6772908366533864,0.2505088043869988,0.21570246789870642,0.008927532101293573,1.1613627179483055,1.45,0.7023523679976547,0.8818351029417818,-0.02572513426741631,0.030039645539299276,0.0744972688650618,-0.08179635460618573,0,24.5,27.309999465942383,2.036999999999999
2022-07-20,396.0,375.1741638183594,0.21975499999999998,0.22881285714285715,0.22463,0.009057857142857173,0.004875000000000018,0,0.24902,0.20024,0.04877999999999999,0.004875000000000018,5.394616173034735e-05,0.5365999999999999,0.6533864541832669,0.23061667872660913,0.21588186812359791,0.003873131876402064,1.0682540443580706,1.22,-0.8126948162124003,0.9565188161802267,0.3027341259627819,0.04207704620146058,0.07901947845973356,-0.07594438907712275,0,23.8799991607666,26.700000762939453,1.9044991607666049
2022-07-21,399.0,378.99456787109375,0.2067466666666667,0.21592071428571427,0.21975499999999998,0.009174047619047582,0.013008333333333288,0,0.23926000000000003,0.18723,0.05203000000000002,0.006498333333333328,0.0,0.47155833333333347,0.6135458167330677,0.21033655484354832,0.20328348665366544,0.003463180013001249,1.0346957261801555,1.18,-0.9778137017680182,0.6450295016968556,-0.6027425241803483,0.05525114069891712,0.06324144579468527,-0.06653471713971593,0,23.110000610351562,26.219999313354492,2.435333943684892
2022-07-22,395.0,375.478271484375,0.20512,0.21975499999999998,0.21975499999999998,0.014634999999999981,0.014634999999999981,0,0.23926,0.18073,0.05853,0.0048749999999999905,0.0,0.463425,0.6095617529880478,0.23532777752826287,0.2071135880741324,-0.001993588074132413,1.1362256803934647,1.4,0.4708847728166541,0.7682280799422943,-0.20512028766450127,0.02586158953920137,0.05528986293474292,-0.07519537056197134,0,23.030000686645508,25.969999313354492,2.5180006866455074
2022-07-25,396.0,375.93450927734375,0.20512,0.21975,0.22497857142857142,0.014630000000000004,0.01985857142857142,0,0.23926,0.19048,0.04877999999999999,0.009750000000000009,0.0,0.463425,0.6095617529880478,0.20949218659730626,0.2054833842728905,-0.0003633842728905101,1.0195091313032487,1.53,1.2049413508262439,0.46113637944707736,-1.197683844747053,0.035659248151704626,0.04631560153781433,-0.07407165487692235,0,23.360000610351562,25.799999237060547,2.848000610351562
2022-07-26,392.0,371.48681640625,0.22463,0.22741857142857141,0.23003232142857144,0.002788571428571418,0.005402321428571444,0,0.253895,0.20512,0.048774999999999985,0.004877499999999979,0.1818012393421236,0.560975,0.6772908366533864,0.15278615311359253,0.18136184942710673,0.043268150572893266,0.8424382172778879,1.54,1.1456332356212147,0.42317063427497464,-1.2515153521808278,-0.003517724347020579,0.0020765324665541485,-0.0850263419251106,0,24.690000534057617,26.420000076293945,2.227000534057616
2022-07-27,401.0,381.1329345703125,0.209995,0.21313214285714283,0.22045142857142858,0.0031371428571428384,0.010456428571428589,0,0.24902,0.18073,0.06828999999999999,0.0048799999999999955,0.05552391799544411,0.48779999999999996,0.6135458167330677,0.24336960710845826,0.20098120559123206,0.009013794408767928,1.2109072905226688,1.47,0.6500647847170512,0.6744530922198612,-0.30721532076964586,0.01588267883722949,0.03203899893994433,-0.06126791058109482,0,23.239999771118164,25.309999465942383,2.2404997711181664
2022-07-28,408.0,385.9132385253906,0.19698833333333335,0.2037257142857143,0.20599142857142858,0.006737380952380939,0.009003095238095227,0,0.21975,0.18073,0.03902,0.0032516666666666527,0.0,0.42276666666666673,0.545816733067729,0.24810221828481885,0.18727052379148715,0.0097178095418462,1.32483325865561,1.44,0.41601351618366544,1.5551766823561253,2.3431161711843584,0.01825532933931151,0.06678055800456706,-0.0494940009742878,0,22.329999923706055,24.329999923706055,2.631166590372718
2022-07-29,412.0,391.53936767578125,0.18723,0.20024,0.20233035714285713,0.013009999999999994,0.015100357142857124,0,0.21325,0.17097,0.042279999999999984,0.0048799999999999955,0.0,0.37397500000000006,0.49800796812749004,0.22648744534831114,0.1907227183816309,-0.0034927183816308993,1.1875221120491581,1.41,0.23304326218733762,3.43803802305253,3.732573720103319,0.04277503496517143,0.08321496451975019,-0.03563682020180736,0,21.329999923706055,23.790000915527344,2.6069999237060557
2022-08-01,411.0,390.37994384765625,0.20024,0.209995,0.21313214285714285,0.009754999999999986,0.012892142857142852,0,0.23926,0.18073,0.05853,0.009754999999999986,0.15387041453943345,0.439025,0.5617529880478087,0.2365365900852511,0.1874387179798031,0.012801282020196897,1.2619409299989899,1.5,0.7149675145600088,1.4082530063923089,0.6693303318210817,0.03842540180224696,0.08885371915662676,-0.01160929114170517,0,22.84000015258789,24.860000610351562,2.8160001525878897
2022-08-02,408.0,387.80438232421875,0.21487499999999998,0.22462999999999997,0.2263710714285714,0.009754999999999986,0.011496071428571425,0,0.253895,0.18073,0.07316499999999998,0.002437500000000009,0.34003690036900347,0.5121999999999999,0.6254980079681275,0.21075033504766444,0.18938120900189495,0.02549379099810503,1.1128365699975844,1.47,0.454048744680731,0.8523096229760739,-0.1572720666898479,0.04392502020885769,0.07034908970109077,-0.018130274404236646,0,23.93000030517578,25.65999984741211,2.442500305175784
2022-08-03,414.0,393.87725830078125,0.19536,0.20557976190476188,0.20999500000000001,0.01021976190476187,0.014635000000000009,0,0.22951,0.17097,0.05853999999999998,0.0048799999999999955,0.10416622178564564,0.414625,0.5258964143426295,0.166970678053794,0.19400251449574604,0.0013574855042539635,0.8606624428955802,1.26,-1.098920888255404,0.9245893998662439,-0.04850056749627467,0.03343800174297895,0.08506122641140634,-0.0027545506103280326,0,21.950000762939453,24.3700008392334,2.4140007629394518
2022-08-04,414.0,393.6111755371094,0.19048,0.20581214285714286,0.21208642857142856,0.01533214285714285,0.021606428571428554,0,0.21975,0.1685325,0.0512175,0.003661249999999977,0.04164086356744756,0.39022500000000004,0.49800796812749004,0.16381701916136587,0.1946436844671374,-0.004163684467137385,0.8416251449916623,1.08,-2.0493295100504603,0.6094115525283336,-0.5202035982969766,0.01994732557279777,0.08067846411176838,-0.0034282371957824465,0,21.440000534057617,24.31999969482422,2.3920005340576154
2022-08-05,413.0,392.9458923339844,0.18560500000000002,0.205115,0.20738071428571428,0.019509999999999972,0.02177571428571426,0,0.21975,0.16122,0.05853,0.0048799999999999955,0.0,0.3658500000000001,0.47808764940239046,0.13627983867657367,0.1910881826181896,-0.005483182618189586,0.7131777423875151,1.39,-0.0892151246955679,0.5007574730503833,-0.6745472883527943,0.0035922943497417315,0.06293199499311153,-0.005112646825660483,0,21.149999618530273,24.18000030517578,2.5894996185302723
2022-08-08,413.0,392.48974609375,0.18073,0.20674166666666668,0.2127835714285714,0.026011666666666683,0.032053571428571404,0,0.21975,0.16122,0.05853,0.009755000000000014,0.0,0.34147500000000003,0.46613545816733065,0.13378748158497708,0.19117497004619435,-0.010444970046194352,0.699816934992324,1.34,-0.4762090950805995,0.5876270160370525,-0.5602659189790916,0.005404484219396988,0.06257237430005125,-0.006267549153081919,0,21.290000915527344,24.479999542236328,3.2170009155273434
2022-08-09,412.0,390.9311218261719,0.19292,0.209995,0.2159207142857143,0.01707499999999998,0.02300071428571429,0,0.22463,0.17097,0.053659999999999985,0.0048799999999999955,0.144177886416054,0.40242500000000003,0.5099601593625498,0.12525812875035158,0.18575065864500725,0.007169341354992753,0.6743347757906772,1.4,-0.051447982750605116,0.5883016513372749,-0.5540420123000509,0.008062671915190167,0.07058256014365338,-0.010213780943300277,0,21.770000457763672,24.690000534057617,2.4780004577636703
2022-08-10,420.0,399.1422119140625,0.17585,0.195365,0.1984989285714286,0.019515000000000005,0.022648928571428584,0,0.20024,0.15146,0.04877999999999999,0.0,0.0,0.31707500000000005,0.4262948207171315,0.16214366858246806,0.18972332054069876,-0.013873320540698758,0.8546322514299742,1.46,0.558256765750454,1.3494726004640822,0.6015689668709423,0.013366990610208518,0.10282797201995275,0.0,0,19.739999771118164,23.459999084472656,2.154999771118163
2022-08-11,420.0,399.1422119140625,0.17585,0.1928064285714286,0.20198285714285713,0.016956428571428594,0.026132857142857124,0,0.20024000000000003,0.1579666666666667,0.04227333333333333,0.003253333333333358,0.0,0.31707500000000005,0.4262948207171315,0.1613379030510209,0.18711093548934285,-0.011260935489342844,0.8622580108911384,1.43,0.30128703738732754,1.8456817896767819,1.2292668033788454,0.014052030838315632,0.10865026784493526,0.0,0,20.200000762939453,23.709999084472656,2.6150007629394523
2022-08-12,427.0,405.8993225097656,0.166095,0.1881611904761905,0.19745285714285715,0.022066190476190517,0.03135785714285716,0,0.19048,0.15146,0.03902,0.004875000000000018,0.0,0.2683,0.35856573705179284,0.1811171038283985,0.18943742371914973,-0.02334242371914974,0.9560787951641143,1.46,0.5245122707544014,0.6215656365463846,-0.5346714678770776,0.0329649206888043,0.13016322501232502,0.0,0,19.530000686645508,23.309999465942383,2.920500686645507
2022-08-15,429.0,407.5718994140625,0.17585,0.18885833333333335,0.1984980357142857,0.013008333333333344,0.022648035714285697,0,0.20024,0.15146,0.04877999999999999,0.0,0.1052546396201987,0.31707500000000005,0.4262948207171315,0.17065469293107946,0.18338575010740998,-0.0075357501074099775,0.9305777184493677,1.2,-1.4249458635967194,1.9630207166227023,1.2569677390851919,0.038426872218745745,0.11354607799674166,0.0,0,19.950000762939453,23.31999969482422,2.3650007629394523
2022-08-16,429.0,408.37030029296875,0.17828750000000002,0.1890907142857143,0.1988464285714286,0.010803214285714291,0.020558928571428575,0,0.20512,0.15146,0.053659999999999985,2.4999999999886224e-06,0.1388667425968112,0.32926250000000007,0.4302788844621514,0.14927278146497294,0.1772761764353371,0.0010113235646629082,0.8420352044281674,1.62,1.673236817807905,0.807376015697856,-0.3331392164754595,0.04460933779161036,0.12501637314941383,0.0,1,19.690000534057617,23.31999969482422,1.8612505340576142
2022-08-17,427.0,405.47161865234375,0.18560500000000002,0.19791738095238096,0.20459714285714287,0.012312380952380936,0.018992142857142846,0,0.21975,0.16122,0.05853,0.0048799999999999955,0.23527283690081432,0.3658500000000001,0.47410358565737054,0.138343873327665,0.16492766528591815,0.02067733471408187,0.8388154472921959,1.36,-0.280742649712422,0.7889023861987162,-0.34605703602719456,0.01585752283109554,0.08764366169465698,-0.0070981695743923545,0,19.899999618530273,23.600000381469727,1.3394996185302723
2022-08-18,428.0,406.6501159667969,0.17910000000000004,0.1895554761904762,0.19954321428571428,0.010455476190476154,0.020443214285714245,0,0.21000000000000002,0.14820666666666668,0.06179333333333334,3.3333333332996595e-06,0.15682845945131196,0.3333250000000002,0.4302788844621514,0.13569406682746216,0.1647405991296916,0.01435940087030843,0.8236832180064937,1.5,0.70612789265862,0.285858501336096,-0.9930417297688167,0.01881009782636278,0.08389690758043922,-0.004212314962517616,0,19.559999465942383,23.389999389648438,1.6499994659423791
2022-08-19,422.0,401.185546875,0.18397833333333335,0.19954357142857143,0.20964660714285713,0.015565238095238076,0.025668273809523773,0,0.21975,0.15146,0.06828999999999999,0.0016266666666666652,0.21565671791779756,0.3577166666666668,0.46215139442231074,0.12184513761221791,0.17350468779169462,0.010473645541638738,0.702258475912202,1.34,-0.5633065300190402,0.46731452356494607,-0.7200196782043442,-0.01161316457888939,0.05855223500579032,-0.01759372170996354,0,20.600000381469727,24.31999969482422,2.202167048136392
2022-08-22,413.0,392.83184814453125,0.21975499999999998,0.21975499999999998,0.22497821428571427,0.0,0.005223214285714289,0,0.24902,0.18073,0.06828999999999999,-0.0048799999999999955,0.6470907446487788,0.5365999999999999,0.649402390438247,0.16216917414688806,0.18789911801921377,0.031855881980786205,0.8630651163051511,1.44,0.284451922957107,1.4194987156057464,0.48903203228692793,-0.03616552390074479,0.046217259367772545,-0.03804990749153414,0,23.799999237060547,26.0,1.8244992370605502
2022-08-23,412.0,391.8815002441406,0.2173125,0.21522339285714284,0.22515232142857144,-0.0020891071428571495,0.007839821428571453,0,0.25877,0.17585,0.08292,-2.4999999999886224e-06,0.617636418450407,0.5243875,0.6254980079681275,0.14872976467916096,0.1885487915992619,0.02876370840073808,0.788813141774297,1.28,-0.9372003219321925,0.4169555861933941,-0.8572890193702679,-0.04037707942276625,0.04241959855574762,-0.04037707942276625,0,24.110000610351562,25.920000076293945,2.378750610351563
2022-08-24,413.0,393.1360168457031,0.205115,0.21069214285714286,0.21975499999999998,0.005577142857142864,0.014639999999999986,0,0.24902,0.17097,0.07804999999999998,0.0048799999999999955,0.5106104556062024,0.4634,0.5657370517928287,0.17012797411152258,0.18167323345767844,0.02344176654232155,0.9364504108479724,1.22,-1.285369173834289,0.43218503512605044,-0.8113614775080191,-0.030422848947209147,0.05827717023415979,-0.03730507198083799,0,22.81999969482422,24.889999389648438,2.3084996948242207
2022-08-25,419.0,398.68609619140625,0.19698833333333335,0.20128517857142858,0.21086642857142857,0.0042968452380952316,0.013878095238095217,0,0.23601,0.1579666666666667,0.0780433333333333,0.0,0.4523844389124813,0.42276666666666673,0.5258964143426295,0.21884173530590545,0.1670626807316822,0.029925652601651143,1.3099378888657072,1.32,-0.43434354792562746,0.3936916308288288,-0.7820210307865905,-0.01958445224208638,0.046055221233722854,-0.023714271323391878,0,21.780000686645508,24.1299991607666,2.0811673533121713
2022-08-26,405.0,385.19097900390625,0.22625666666666666,0.2253264285714286,0.2305507142857143,-0.0009302380952380673,0.004294047619047642,0,0.2717833333333333,0.18398,0.08780333333333332,0.0016249999999999876,0.880973300141553,0.5691083333333333,0.6852589641434262,0.3084433705345378,0.2052011380298532,0.021055528636813453,1.5031269977151132,1.29,-0.622069993323465,1.0399499628505984,0.3567338930347073,-0.03986825546354311,-0.0018715593283199494,-0.05676054618181936,0,25.559999465942383,26.559999465942383,2.9343327992757153
2022-08-29,402.0,382.64404296875,0.234385,0.235605,0.239265,0.0012199999999999989,0.0048799999999999955,0,0.27829,0.19048,0.08780999999999997,0.0,1.0,0.60975,0.7131474103585658,0.28665521751011425,0.19926818057830356,0.03511681942169645,1.43853984453615,1.66,2.0482463680930607,2.1362111938218646,2.223821633549098,-0.025934264810507313,-0.02271885138864793,-0.06299737592514065,0,26.209999084472656,26.81999969482422,2.771499084472655
2022-08-30,398.0,378.44342041015625,0.23926,0.23577928571428572,0.23926499999999998,-0.0034807142857142814,4.999999999977245e-06,0,0.27829,0.20024,0.07804999999999998,5.0000000000050004e-06,1.0,0.634125,0.7211155378486056,0.2878145175760485,0.20216472464608767,0.03709527535391233,1.4236633917212833,1.51,0.9404359349840626,1.116377665718153,0.3619399739964905,-0.03429118196600889,-0.030576682090405205,-0.0732836836110331,0,26.209999084472656,26.90999984741211,2.283999084472658
2022-08-31,395.0,375.56378173828125,0.234385,0.23264214285714285,0.239265,-0.001742857142857157,0.0048799999999999955,0,0.27829,0.20024,0.07804999999999998,0.0048799999999999955,0.9333697806328164,0.60975,0.7091633466135459,0.27361190785194517,0.20252164320174906,0.03186335679825095,1.3510255176992467,1.4,0.10898761180816016,0.850044380224359,-0.10939704020337024,-0.044697596644569404,-0.031563853179214174,-0.08033522156521122,0,25.8700008392334,26.649999618530273,2.431500839233397
2022-09-01,396.0,376.7422790527344,0.22788333333333333,0.2263710714285714,0.23368785714285714,-0.001512261904761919,0.005804523809523815,0,0.27503666666666665,0.18723,0.08780666666666664,0.003250000000000003,0.844506708581061,0.5772310974441026,0.6733067729083665,0.2215035555411225,0.1937183321513385,0.034165001181994836,1.1434310479613121,1.38,-0.17018641142625265,1.446072930355012,0.8732669496072221,-0.055040337118094085,-0.04350334751990648,-0.0774493669533366,0,25.559999465942383,26.43000030517578,2.771666132609049
2022-09-02,392.0,372.7697448730469,0.22788166666666665,0.23142214285714288,0.23665071428571427,0.0035404761904762327,0.00876904761904762,0,0.2717833333333333,0.19373333333333334,0.07804999999999998,0.004876666666666696,0.844483929018884,0.5772227639024308,0.6693227091633466,0.09102116624892032,0.19582664132052413,0.03205502534614252,0.4648048173381024,1.35,-0.4066536369160363,0.829280481475029,-0.2519267695859581,-0.0322469497156459,-0.05294928589266534,-0.08717714141890753,0,25.469999313354492,26.479999542236328,2.681832646687827
2022-09-06,390.0,371.36322021484375,0.24414,0.2418742857142857,0.24414,-0.0022657142857142876,0.0,0,0.28804,0.20024,0.08780000000000002,2.7755575615628914e-17,1.0,0.6585164629115727,0.7649402390438247,0.09309733763295379,0.19583949398346276,0.04830050601653724,0.4753757055806894,1.55,1.1609470661400725,0.6599302934857648,-0.5656247348547763,-0.029481244935590234,-0.05492530279664165,-0.09062137979078244,0,26.90999984741211,27.59000015258789,2.4959998474121114
2022-09-07,397.0,378.0347900390625,0.22463,0.2302042857142857,0.234385,0.005574285714285698,0.009755000000000014,0,0.26853,0.19048,0.07804999999999998,0.004875000000000018,0.7500160164007944,0.5609640241006024,0.649402390438247,0.17953378329017963,0.20832842763964352,0.01630157236035648,0.8617824524684098,1.46,0.3962407442981954,0.654935842988006,-0.5830353359256645,-0.0010797660867003511,-0.03682887565484272,-0.07428432046146172,0,24.639999389648438,26.100000381469727,2.1769993896484365
2022-09-08,400.0,380.50567626953125,0.21324833333333335,0.22207642857142856,0.22793803571428572,0.008828095238095218,0.01468970238095238,0,0.24902000000000002,0.18073,0.06829000000000002,0.0016266666666666652,0.6041813483673951,0.5040542680233673,0.5816733067729084,0.17056407213574043,0.21010113495824415,0.0031471983750891996,0.811818899358343,1.47,0.47297095679277856,0.7281924988927492,-0.39707787743972073,0.013158602537168607,-0.026668241474200993,-0.06823371827835456,0,23.610000610351562,25.520000457763672,2.2851672770182283
2022-09-09,405.0,386.4168701171875,0.20186666666666667,0.2151073809523809,0.22323714285714286,0.013240714285714245,0.02137047619047619,0,0.24251333333333333,0.17097,0.07154333333333332,0.0048749999999999905,0.4583466803339954,0.4471445119461319,0.5139442231075697,0.19364400744763277,0.2037182867546181,-0.0018516200879514222,0.9505479872844211,1.5,0.680577411167557,1.263521232352419,0.6810600983319591,0.02567960009367276,-0.031881723899487846,-0.05375863563053351,0,22.790000915527344,25.139999389648438,2.6033342488606763
2022-09-12,410.0,390.5699462890625,0.21487499999999998,0.2181283333333333,0.2237594642857143,0.0032533333333333303,0.008884464285714322,0,0.24902,0.18073,0.06828999999999999,0.0,0.6250240246011914,0.5121878046951173,0.5856573705179283,0.1352893237733205,0.20805813110352273,0.006816868896477257,0.650247712289625,1.33,-0.6314631521762131,1.0936837154325567,0.3039524559490026,0.04775119671280659,-0.021476720249387293,-0.04358875753485525,0,23.8700008392334,25.3700008392334,2.3825008392334013
2022-09-13,393.0,373.58709716796875,0.239265,0.24274714285714286,0.24414000000000002,0.0034821428571428503,0.004875000000000018,0,0.27829,0.21,0.06828999999999999,0.0048799999999999955,0.9375360369017876,0.634140853521338,0.7171314741035857,0.41094796327250427,0.24656240997007633,-0.0072974099700763295,1.6667097118428487,1.79,2.4807355704285796,0.6509195217736639,-0.4970004572953673,0.0059884146627078305,-0.07960650227746924,-0.08517564352756846,0,27.270000457763672,27.950000762939453,3.343500457763671
2022-09-14,393.0,375.0126037597656,0.23926,0.239265,0.239265,5.0000000000050004e-06,5.0000000000050004e-06,0,0.27829,0.20024,0.07804999999999998,5.0000000000050004e-06,0.9374719712986098,0.6341158528963223,0.7131474103585658,0.386595241796777,0.2464394819033713,-0.00717948190337131,1.5687228313049313,1.43,0.007402011906511058,0.5713982484808281,-0.6408279925338304,-0.007994466009291323,-0.07988601692389752,-0.08168492299580066,0,26.15999984741211,27.459999084472656,2.233999847412111
2022-09-15,389.0,370.7549743652344,0.24088833333333334,0.24413999999999997,0.24414,0.003251666666666625,0.0032516666666666527,0,0.27503666666666665,0.2067466666666667,0.06828999999999996,3.333333333327415e-06,0.9583360027334659,0.6422577231097444,0.7250996015936255,0.38381791856866715,0.24674531922611534,-0.005856985892781996,1.5555225921709972,1.24,-1.2991093115854664,0.7823144764171598,-0.1753660044049778,-0.025625641120239018,-0.09211082662169301,-0.09211082662169301,0,26.270000457763672,27.600000381469727,2.1811671244303383
2022-09-16,387.0,367.92657470703125,0.245765,0.24831857142857144,0.24431410714285715,0.002553571428571433,-0.0014508928571428659,1,0.26202333333333333,0.21975,0.04227333333333333,-0.004878333333333346,1.0,0.666641666041651,0.7689243027888446,0.3379892534477215,0.24682109163858232,-0.0010560916385823071,1.3693694133021495,1.71,1.794158977794822,3.3162165254970146,3.3187911765969105,-0.04785064224693081,-0.09259598506573663,-0.0990368926362245,0,26.299999237060547,27.6299991607666,1.723499237060544
2022-09-19,390.0,370.7797546386719,0.23926,0.24414,0.24344285714285716,0.0048799999999999955,0.004182857142857155,0,0.26853,0.21975,0.04877999999999999,0.0048799999999999955,0.9183506966235722,0.6341158528963223,0.7051792828685259,0.327141050105845,0.24922833551968482,-0.009968335519684818,1.3126157963688136,1.46,0.134331071107249,0.75164016910831,-0.40297153283386705,-0.05067003193262554,-0.08820939652960491,-0.09205014573128623,0,25.760000228881836,27.010000228881836,1.8340002288818376
2022-09-20,386.0,366.52374267578125,0.256335,0.2491892857142857,0.25285035714285714,-0.007145714285714283,-0.003484642857142839,1,0.27829,0.22951,0.04877999999999999,-0.002434999999999965,1.0,0.7194929873246829,0.8247011952191236,0.14278563055249302,0.24840572900733285,0.007929270992667131,0.5748081218701604,1.4,-0.24531765819198642,0.7022269847526332,-0.42450437495838494,-0.018906848083706018,-0.08639843700555483,-0.10247208865866686,0,27.15999984741211,27.8799991607666,1.5264998474121114
2022-09-21,378.0,360.13018798828125,0.26853,0.2633014285714286,0.25737714285714286,-0.005228571428571416,-0.011152857142857131,1,0.28804,0.23926,0.04878000000000002,-0.0048799999999999955,1.0,0.7804695117377933,0.9043824701195219,0.15137188423234124,0.24575335355375338,0.022776646446246607,0.6159504317780625,1.21,-1.423186929077882,1.3465644594745072,0.45844235471317396,-0.03968510823977023,-0.08324594940738705,-0.11812835622492524,0,27.989999771118164,28.760000228881836,1.136999771118166
2022-09-22,375.0,357.10516357421875,0.257145,0.2582476785714286,0.253895,0.0011026785714285947,-0.0032500000000000306,1,0.27503666666666665,0.23601,0.039026666666666654,-0.001621666666666688,0.8888563479279545,0.7235430885772144,0.8207171314741036,0.14870874986849317,0.24610662278518544,0.011038377214814571,0.6042452177253833,1.54,0.5975588390487471,1.7579873087264075,0.9681308172071594,-0.036816258000004765,-0.08874197084643276,-0.12553590866419984,0,27.350000381469727,28.219999313354492,1.6355003814697255
2022-09-23,368.0,351.12188720703125,0.27341,0.26853,0.2643492857142857,-0.0048799999999999955,-0.00906071428571431,1,0.30755,0.23926,0.06828999999999999,-4.999999999977245e-06,1.0,0.8048701217530436,0.9402390438247012,0.16308783450509173,0.24810119807275144,0.025308801927248548,0.6573440022537457,1.65,1.1941437584962071,5.292744116590418,3.4731806706098785,-0.045674024806120816,-0.10686919498185143,-0.14018750395135726,0,29.920000076293945,30.31999969482422,2.579000076293948
2022-09-26,364.0,347.6483459472656,0.29779500000000003,0.285605,0.27514785714285717,-0.012190000000000034,-0.022647142857142866,1,0.33682,0.25877,0.07805000000000001,0.0,1.0,0.9267981699542489,0.9840637450199203,0.06572224612459626,0.2381789876300806,0.059616012369919424,0.27593637364296164,1.43,-0.29332782082125347,1.0027054874427075,-0.3036729080396117,-0.06238584605016528,-0.12801487368558184,-0.14869336556096424,0,32.2599983215332,31.770000457763672,2.480498321533201
2022-09-27,364.0,346.76092529296875,0.2978,0.2866471428571429,0.2796792857142857,-0.011152857142857131,-0.018120714285714323,1,0.33682,0.25877,0.07805000000000001,-4.999999999977245e-06,1.0,0.9268231705792644,0.9840637450199203,0.0995378654294145,0.2156415168445882,0.0821584831554118,0.46158952545836035,1.43,-0.22558658512084148,1.1839478644662276,-0.10355983201387513,-0.05391961033284065,-0.09976883106223466,-0.15086644390103998,0,32.599998474121094,32.119998931884766,2.8199984741210926
2022-09-28,371.0,353.583984375,0.27829,0.2700985714285714,0.2657414285714286,-0.008191428571428572,-0.012548571428571409,1,0.30755,0.24902,0.05853,-4.999999999977245e-06,0.8356360572872786,0.829270731768294,0.9442231075697212,0.22088010892257326,0.23155066733646307,0.046739332663536914,0.9539169610840095,1.46,0.0035360224691057293,1.9775300584132676,0.5614264046912542,-0.0181773253995976,-0.07594540965093055,-0.13415842405450285,0,30.18000030517578,30.579999923706055,2.351000305175784
2022-09-29,364.0,346.19793701171875,0.28479000000000004,0.2765471428571428,0.2692271428571429,-0.008242857142857218,-0.015562857142857156,1,0.31731,0.24902000000000002,0.06828999999999996,-0.001625000000000043,0.8903959561920811,0.8617715442886074,0.9482071713147411,0.2539632427296961,0.23807577101274172,0.04671422898725833,1.0667328374045426,1.41,-0.3541129584305042,2.0261061062579664,0.5506287296447251,-0.030543457992404766,-0.08520555956155851,-0.15224506590378128,0,31.84000015258789,31.739999771118164,3.361000152587888
2022-09-30,360.0,340.84442138671875,0.27991166666666667,0.2782869642857143,0.26922714285714283,-0.0016247023809523586,-0.010684523809523838,1,0.30755,0.25227,0.055279999999999996,-1.6666666666775853e-06,0.8428389439620458,0.8373792678150286,0.9402390438247012,0.2506311910400234,0.24107702864501576,0.03883463802165091,1.039631160416682,1.3,-1.0782873834705775,2.274243766985019,0.722346927160028,-0.029270365063436277,-0.09244597599604887,-0.1653545295968054,0,31.6200008392334,31.860000610351562,3.62883417256673
2022-10-03,369.0,349.8431701660156,0.26365,0.26609,0.2583057142857143,0.0024399999999999977,-0.00534428571428569,1,0.2978,0.23926,0.05854000000000001,0.0048799999999999955,0.6612495246912559,0.7560689017225429,0.852589641434263,0.3316483402048358,0.2624955554674313,0.001154444532568688,1.263443640461884,1.55,0.5838552045829765,0.7888824813711478,-0.5665659102743233,0.006313345782703372,-0.07139923067395781,-0.14331877241064106,0,30.100000381469727,30.690000534057617,3.735000381469728
2022-10-04,380.0,360.6836242675781,0.25877,0.2561583928571428,0.24901500000000001,-0.0026116071428571863,-0.009754999999999986,1,0.29292,0.22951,0.06341000000000002,0.002444999999999975,0.6128424289516754,0.7316682917072926,0.8007968127490039,0.3862908293357367,0.2861158261114888,-0.02734582611148878,1.3501204550118575,1.46,-0.010525821318869954,0.8437835749218989,-0.5295602571656347,0.040150714682879673,-0.03242248270332371,-0.1167731247624515,0,29.06999969482422,29.670000076293945,3.19299969482422
2022-10-05,379.0,359.8438415527344,0.258775,0.25668071428571426,0.25203690476190477,-0.002094285714285715,-0.00673809523809521,1,0.28804,0.23926,0.04878000000000002,0.004875000000000018,0.6128920263858346,0.7316932923323081,0.8247011952191236,0.3758830043460905,0.286018755210365,-0.02724375521036504,1.3141900574653955,1.48,0.1227503591705812,0.6818138587662629,-0.6726783798549666,0.017704017869472732,-0.031019169468223362,-0.11882954932183132,0,28.549999237060547,29.43000030517578,2.672499237060549
2022-10-06,375.0,356.1318359375,0.2717833333333333,0.2659738095238095,0.2576130952380952,-0.00580952380952382,-0.014170238095238097,1,0.3043,0.2457666666666667,0.058533333333333326,0.0032500000000000306,0.7419280175905564,0.7967365850812935,0.900398406374502,0.3373161201695363,0.27861285567059313,-0.006829522337259808,1.210698333921636,1.26,-1.283880027228068,0.5056586731949075,-0.8108584707154423,0.02869427533718949,-0.05793899048100637,-0.12791935240636343,0,30.520000457763672,30.790000915527344,3.341667124430341
2022-10-07,364.0,346.19793701171875,0.27666166666666664,0.2759635714285714,0.26853,-0.0006980952380952199,-0.008131666666666648,1,0.3108033333333333,0.24902,0.06178333333333333,0.0032500000000000306,0.7796560111188322,0.821128861554872,0.9282868525896414,0.39487513149037956,0.28974984037530144,-0.013088173708634798,1.3628139742162189,1.37,-0.5027486033611019,1.9230859108081246,0.38835141131960643,0.01570662533721201,-0.09016354130157733,-0.15224506590378128,0,31.360000610351562,32.099998474121094,3.693833943684897
2022-10-10,362.0,343.5545959472656,0.29292,0.283165,0.27619571428571427,-0.009755000000000014,-0.016724285714285747,1,0.31731,0.26853,0.04877999999999999,-5.551115123125783e-17,0.9491313412091731,0.902422560564014,0.9641434262948207,0.3402367558393436,0.28064963662854353,0.012270363371456483,1.2123185332666835,1.45,-0.01015615611178544,1.0148175577752194,-0.39259522657113277,-0.017975409426360445,-0.11092236774477049,-0.15871796822443685,0,32.45000076293945,32.72999954223633,3.1580007629394515
2022-10-11,359.0,341.3788757324219,0.3051125,0.29292,0.2808411904761905,-0.012192499999999995,-0.024271309523809514,1,0.33194500000000005,0.27829,0.053655000000000064,5.000000000032756e-06,1.0,0.9633865846646166,0.9960159362549801,0.1601717238201888,0.27432455429077957,0.030787945709220443,0.583876730372482,1.33,-0.7786404407779338,0.6171365513349905,-0.7335311890462612,-0.053522664286069,-0.1259468912649877,-0.16404578029422456,0,33.630001068115234,33.36000061035156,3.118751068115234
2022-10-12,358.0,340.2528076171875,0.30755,0.29292,0.2806088095238095,-0.014629999999999976,-0.02694119047619048,1,0.33682,0.28804,0.04877999999999999,0.0048799999999999955,1.0,0.9755743893597338,0.9960159362549801,0.15697030919227345,0.2368992360114996,0.0706507639885004,0.6626036952886323,1.37,-0.4364073301581624,0.49083471694109193,-0.8364779538095705,-0.054443154705694274,-0.08922762537431483,-0.16680324849018924,0,33.56999969482422,33.130001068115234,2.8149996948242197
2022-10-13,367.0,349.232421875,0.29454666666666673,0.28177214285714286,0.27341,-0.012774523809523874,-0.021136666666666748,1,0.3238166666666667,0.27503666666666665,0.048780000000000046,0.00487999999999994,0.8769594701151245,0.9105560972357645,0.9601593625498008,0.30867250576339994,0.2582356580575361,0.03631100860913061,1.1953132579956338,1.72,1.9984586988194668,1.5801011120099913,0.06612011185159264,-0.019373202186032112,-0.06874484117680613,-0.14481434711472085,0,31.940000534057617,31.799999237060547,2.485333867390942
2022-10-14,359.0,341.27386474609375,0.29129333333333335,0.283165,0.2752671428571429,-0.008128333333333349,-0.01602619047619047,1,0.3205633333333333,0.2717833333333333,0.04877999999999999,0.00487999999999994,0.8461756820690745,0.894289023892264,0.9402390438247012,0.2838534608369691,0.2658254575823481,0.025467875750985247,1.0678189493910162,1.29,-1.1080373239911074,0.8820593444322083,-0.4643589519465938,-0.014223285985260903,-0.07951642366933831,-0.16430292677684777,0,32.02000045776367,32.45000076293945,2.890667124430337
2022-10-17,368.0,350.04364013671875,0.29292,0.28804,0.27341,-0.0048799999999999955,-0.019510000000000027,1,0.30755,0.26853,0.03902,-0.004880000000000051,0.8615675760920992,0.902422560564014,0.952191235059761,0.34000458585151566,0.284016258927044,0.008903741072955995,1.1971307105303908,1.46,0.25200848884996185,0.9792568272120177,-0.38677329998674215,0.018887956284098673,-0.04860462874841842,-0.14282786998566233,0,31.3700008392334,31.739999771118164,2.078000839233397
2022-10-18,373.0,354.1564025878906,0.283165,0.27759285714285714,0.2645795238095238,-0.005572142857142859,-0.01858547619047618,1,0.2978,0.26853,0.029270000000000018,0.0,0.7692635231036115,0.8536463411585289,0.9203187250996016,0.3302342359437298,0.28611125517211083,-0.0029462551721108343,1.1542161658235943,1.24,-1.3689986094998254,0.909595029444847,-0.464107392578778,0.03742916672291097,-0.04483349439340578,-0.1327567104321361,0,30.5,30.979999542236328,2.1834999999999987
2022-10-19,369.0,351.6466979980469,0.28804,0.2817707142857143,0.2692264285714286,-0.0062692857142856995,-0.01881357142857143,1,0.31731,0.25877,0.05853999999999998,-5.551115123125783e-17,0.815391894023025,0.8780219505487638,0.9322709163346613,0.3389635906969225,0.2846923566492183,0.0033476433507816927,1.1906311594960524,1.36,-0.5518203996778449,0.5422151711690876,-0.7589129756123276,0.03348654331657541,-0.040589579733977255,-0.13890236937952594,0,30.760000228881836,31.350000381469727,1.956000228881834
2022-10-20,367.0,348.6981201171875,0.27991333333333335,0.2772442857142857,0.2689947619047619,-0.0026690476190476264,-0.010918571428571444,1,0.29780000000000006,0.26527666666666666,0.032523333333333404,0.0016249999999999876,0.7384955054407825,0.8373876013567005,0.9083665338645418,0.3004258850027788,0.2800838393248365,-0.00017050599150314483,1.072628416287703,1.33,-0.7164800247999598,1.0127932647916966,-0.290162834343356,-0.0015299317140827773,-0.03174426430329069,-0.14612272276649863,0,29.979999542236328,30.809999465942383,1.9886662089029947
2022-10-21,375.0,357.1719970703125,0.27991499999999997,0.2754978571428571,0.263882380952381,-0.004417142857142842,-0.01603261904761899,1,0.30105000000000004,0.26202333333333333,0.03902666666666671,0.001621666666666688,0.7018073914216345,0.8347099036824314,0.9083665338645418,0.25885350133519264,0.2922994506571256,-0.012384450657125623,0.8855764208699596,1.44,0.30149876036921097,1.1292367113826596,0.020083791525987552,0.046584675729701486,0.00018715354162002207,-0.12537224961248672,0,29.690000534057617,30.469999313354492,1.6985005340576187
2022-10-24,380.0,361.54241943359375,0.27829,0.2758475,0.26818142857142857,-0.0024424999999999586,-0.010108571428571411,1,0.2978,0.26853,0.029270000000000018,0.004875000000000018,0.5715331673744324,0.826450481587842,0.896414342629482,0.22073826874111968,0.28843045622582913,-0.010140456225829153,0.7653084616289298,1.27,-1.136988417218057,1.2509426582350331,0.22058540313450573,0.03284955925033772,0.029677820170800784,-0.11467014331301817,0,29.850000381469727,30.329999923706055,2.0210003814697295
2022-10-25,384.0,367.3158264160156,0.26609249999999995,0.2629557142857143,0.258775,-0.0031367857142856614,-0.007317499999999977,1,0.2978,0.23926,0.05854000000000001,0.002437500000000037,0.3929199004246589,0.7644539886655312,0.8087649402390438,0.22876596853887185,0.28949156249861857,-0.023399062498618617,0.7902336308677856,1.37,-0.22930112885915854,1.1574952883180931,0.051589313012398316,0.03715709706775461,0.05657291541301723,-0.1005324673403043,0,28.459999084472656,29.290000915527344,1.8507490844726604
2022-10-26,384.0,364.5484619140625,0.258775,0.2573789285714286,0.25041285714285716,-0.0013960714285713993,-0.008362142857142818,1,0.26853,0.24902,0.01951,0.0,0.28576658368721597,0.727261175633434,0.7689243027888446,0.23057032443078182,0.2911344287705567,-0.0323594287705567,0.7919720295688372,1.4,0.06228036150917668,1.0448529503115311,-0.07471056777456453,0.036689563671339576,0.05129625434603269,-0.10730907303363646,0,27.280000686645508,28.459999084472656,1.40250068664551
2022-10-27,377.0,362.60174560546875,0.25227333333333335,0.25320000000000004,0.24902000000000002,0.0009266666666666867,-0.0032533333333333303,1,0.29780000000000006,0.21000000000000002,0.08780000000000004,0.0016266666666666652,0.19055986723287965,0.694215016052928,0.6972111553784861,0.2181730571425541,0.28540737783371584,-0.03313404450038249,0.7644268301629756,1.41,0.15125230652229046,0.2931253409743122,-1.449137869736744,0.039872957971808454,0.025503873560361212,-0.11207610997828488,0,27.389999389648438,28.280000686645508,2.1626660563151034
2022-10-28,390.0,371.228271484375,0.24576666666666666,0.24623035714285713,0.24413999999999997,0.0004636904761904648,-0.001626666666666693,1,0.26202333333333333,0.22951,0.03251333333333334,0.0,0.09527993361643962,0.661143442865977,0.6613545816733067,0.21585723817207966,0.28330986897150384,-0.03754320230483718,0.7619121739588649,1.34,-0.4954944371955644,0.6643386806960523,-0.6524465218959979,0.03935435736664261,0.07230064595043784,-0.09095183656095385,0,25.75,26.899999618530273,1.1733333333333356
2022-10-31,387.0,368.5467834472656,0.24414,0.24414,0.24414000000000002,0.0,2.7755575615628914e-17,0,0.25877,0.22951,0.029260000000000008,0.0,0.0,0.6528755495692392,0.6454183266932271,0.23392490294229815,0.27771661639148687,-0.033576616391486874,0.8423151123681517,1.09,-2.272731474456272,0.5819808390456807,-0.8259065733533029,0.01937356071424534,0.08127567981849415,-0.09751815158235888,0,25.8799991607666,26.920000076293945,1.4659991607666036
2022-11-01,385.0,366.9340515136719,0.24658,0.24390785714285712,0.2410060714285714,-0.002672142857142873,-0.005573928571428605,1,0.25877,0.22463,0.034140000000000004,-0.0048799999999999955,0.038479735057561866,0.6652773895143459,0.6653386454183267,0.2115318670823713,0.2666670314597065,-0.0200870314597065,0.7932434164226029,1.29,-0.5948725941914389,0.71876144398773,-0.4581161707546968,-0.0010393641517405516,0.048852979863936996,-0.1014673416494053,0,25.809999465942383,26.690000534057617,1.1519994659423851
2022-11-02,375.0,357.7254333496094,0.24902,0.249015,0.2509321428571429,-5.0000000000050004e-06,0.00191214285714289,0,0.25877,0.22951,0.029260000000000008,-0.0048799999999999955,0.07695947011512373,0.6776792294594525,0.6892430278884463,0.27812935207826833,0.2623766670636532,-0.01335666706365321,1.0600384370718205,1.28,-0.6038925271042274,1.4486390468215449,1.2523977861308042,-0.018716382805810783,-0.008201622471704417,-0.12401701815001298,0,25.860000610351562,27.219999313354492,0.958000610351565
2022-11-03,372.0,354.0419616699219,0.24251333333333336,0.24414000000000002,0.2462292857142857,0.0016266666666666652,0.0037159523809523476,0,0.25552,0.22625666666666666,0.029263333333333363,-0.0016250000000000153,0.0,0.6446076562725017,0.601593625498008,0.28214485724519683,0.2645846517829715,-0.022071318449638166,1.066368949762926,1.52,1.2276278913082361,1.191146772272659,0.5505131078159159,-0.023606571229418227,-0.01612332687917417,-0.13303694853438464,0,25.299999237060547,26.700000762939453,1.048665903727212
2022-11-04,377.0,359.1377258300781,0.23601,0.24321142857142855,0.239265,0.007201428571428553,0.003255000000000008,0,0.24902,0.21975,0.02926999999999999,-0.0016249999999999876,0.0,0.605028553709398,0.5537848605577689,0.2258784059884153,0.2670947161087975,-0.031084716108797483,0.845686538764798,1.32,-0.3507000202636403,0.8698554168437956,-0.14873547314731164,-0.03256903254149324,0.00844038524291224,-0.1205586557777848,0,24.549999237060547,26.389999389648438,0.9489992370605478
2022-11-07,380.0,362.5730285644531,0.22951,0.239265,0.239265,0.009755000000000014,0.009755000000000014,0,0.24902,0.21975,0.02926999999999999,0.004875000000000018,0.0,0.5641146942100974,0.5219123505976095,0.252722995122643,0.24730163343968323,-0.017791633439683235,1.0219220617654434,1.21,-1.107200407724111,0.573992981407681,-0.9553244405157965,-0.016208945922512097,0.04729979529652728,-0.11214643105940914,0,24.350000381469727,26.260000228881836,1.399000381469726
2022-11-08,382.0,364.52935791015625,0.239265,0.24716095238095237,0.24414,0.007895952380952365,0.0048749999999999905,0,0.26365,0.21975,0.043899999999999995,0.0024349999999999927,0.12500000000000017,0.6153906804383821,0.5776892430278885,0.25942569654208936,0.2448614564553927,-0.005596456455392695,1.0594795126090002,1.29,-0.46539529460519413,1.835291246752608,2.2463586677058256,-0.006553476281625614,0.06105219435373277,-0.10735585411417181,0,25.540000915527344,27.100000381469727,1.613500915527343
2022-11-09,375.0,357.0192565917969,0.24414,0.249015,0.249015,0.0048749999999999905,0.0048749999999999905,0,0.25877,0.22951,0.029260000000000008,0.0,0.187467965146079,0.6410155326026965,0.6374501992031872,0.2332413357364052,0.25653852955801365,-0.012398529558013655,0.9091863749989259,1.3,-0.3596266815040023,0.8466562854704086,-0.34292574981971585,-0.0019740747846752615,0.04581531539061645,-0.1220480639898609,0,26.09000015258789,27.90999984741211,1.6760001525878927
2022-11-10,395.0,376.63897705078125,0.22300333333333333,0.22950500000000001,0.23612785714285717,0.006501666666666683,0.013124523809523836,0,0.23601,0.2067466666666667,0.029263333333333308,-0.0016249999999999876,0.0,0.529913182124804,0.46215139442231074,0.4239948674414534,0.31104023553695664,-0.08803690220362331,1.363151190743861,1.32,-0.06854508364569939,2.5897740667576334,3.0866359927593203,0.06382581113909569,0.10693863097973666,-0.07380088616147362,0,23.530000686645508,26.18000030517578,1.2296673533121734
2022-11-11,399.0,380.28424072265625,0.20512,0.2223061904761905,0.22811214285714287,0.017186190476190494,0.022992142857142878,0,0.22300333333333333,0.18398,0.03902333333333333,-0.001628333333333315,0.0,0.4359115876895582,0.3784860557768924,0.42395837257316327,0.30200196264525003,-0.09688196264525004,1.4038265475485359,1.07,-2.2174212979218955,1.3077702897502497,0.511398616707985,0.05888135211554846,0.08891447901927774,-0.05209885130497016,0,22.520000457763672,25.739999771118164,2.0080004577636714
2022-11-14,396.0,377.04925537109375,0.22463,0.223005,0.23264303571428574,-0.0016249999999999876,0.008013035714285743,0,0.23926,0.21,0.029260000000000008,0.0,0.1904715415405643,0.5384635601461273,0.4820717131474104,0.44784020122635293,0.2895161329090207,-0.06488613290902068,1.5468574988430264,1.27,-0.34058440779856286,0.7412544941856771,-0.5728813976068465,0.03992637528488219,0.10482897848511419,-0.05427036715603151,0,23.729999542236328,26.1299991607666,1.2669995422363272
2022-11-15,399.0,380.2651672363281,0.2295075,0.22323714285714286,0.22880857142857144,-0.006270357142857147,-0.0006989285714285587,1,0.253895,0.20512,0.048774999999999985,-2.7755575615628914e-17,0.23808942692570545,0.5641015532602697,0.5059760956175299,0.4473127991148937,0.28011659948165885,-0.05060909948165884,1.5968807273207752,1.24,-0.6244047476306986,1.539021666562097,0.8997793287998327,0.04316746781764058,0.0863364553282715,-0.04620409171789719,0,24.540000915527344,26.59000015258789,1.5892509155273444
2022-11-16,396.0,377.3642883300781,0.234385,0.21975499999999998,0.22846035714285717,-0.014630000000000032,-0.005924642857142837,1,0.25877,0.20024,0.05853,-0.0048799999999999955,0.28570731231084656,0.589739546374412,0.5418326693227091,0.40035543053623057,0.28139366260259274,-0.04700866260259273,1.4227592293066154,1.38,0.6865344020151846,0.5984674975386997,-0.9031779204928198,0.05698581060444874,0.06553004709953814,-0.053480189214051954,0,24.110000610351562,26.030000686645508,0.6715006103515613
2022-11-17,395.0,376.2095642089844,0.22880857142857147,0.21975499999999998,0.22880857142857144,-0.009053571428571494,-2.7755575615628914e-17,1,0.25877,0.19884571428571432,0.05992428571428568,-7.142857142983239e-07,0.23126595166036784,0.5604277191441114,0.4940239043824701,0.13876877404994267,0.2799024959794066,-0.05109392455083511,0.49577540766250394,1.36,0.4818358750745453,1.525395879769066,0.8092030018660369,-0.001140117905903737,0.0698509792663371,-0.05637651324472337,0,23.93000030517578,25.829999923706055,1.0491431623186358
2022-11-18,396.0,377.9176025390625,0.2232357142857143,0.21417785714285714,0.22428160714285714,-0.009057857142857145,0.0010458928571428494,0,0.2559842857142857,0.18769428571428573,0.06828999999999999,-0.0013964285714285485,0.17685945802708475,0.5311346646992787,0.44621513944223107,0.11929022718132314,0.2766959960166158,-0.05346028173090153,0.4311237925327971,1.03,-2.1686274723401446,0.519735127218045,-0.997421718673912,-0.006223340149716483,0.08379592758359333,-0.03239456560909049,0,23.1200008392334,25.329999923706055,0.7964294106619683
2022-11-21,395.0,376.54351806640625,0.2162692857142857,0.21487499999999998,0.22045142857142855,-0.001394285714285709,0.0041821428571428565,0,0.24204857142857142,0.18351571428571428,0.058532857142857136,-0.0034871428571428276,0.10884785428376155,0.49451646936469124,0.3944223107569721,0.10457693805513181,0.2677221607417404,-0.051452875027454686,0.3906174138345332,1.19,-0.7772773437419646,0.6858559143722305,-0.6366129526253528,-0.0013413030193887288,0.05423583358994488,-0.035912717698650676,0,22.360000610351562,24.719999313354492,0.7330720389229946
2022-11-22,400.0,381.6107177734375,0.20233071428571428,0.2052892857142857,0.21104071428571428,0.0029585714285714215,0.008709999999999996,0,0.23090285714285713,0.17236428571428572,0.05853857142857141,-0.0006971428571428684,0.0,0.4212500422387673,0.3147410358565737,0.1323438385179563,0.26830140685310666,-0.06597069256739238,0.4932655406850465,1.28,0.004193614763363216,0.5069664408720667,-0.8836602068116995,0.003538453303226552,0.05550745157728243,-0.022938857945291713,0,21.290000915527344,23.829999923706055,1.0569294869559158
2022-11-23,402.0,384.0155029296875,0.195365,0.19641000000000003,0.21069214285714286,0.0010450000000000181,0.015327142857142845,0,0.22951,0.16122,0.06828999999999999,0.0,0.0,0.3846356014612737,0.2749003984063745,0.11232713692741945,0.26435834888743603,-0.06899334888743602,0.4249048210512482,1.12,-1.20482910205553,1.618044706413553,1.010477290613039,0.017625447890266654,0.04546408107871214,-0.016781740176506132,0,20.350000381469727,23.3799991607666,0.8135003814697264
2022-11-25,402.0,383.9294738769531,0.19257642857142857,0.19745500000000002,0.21208642857142856,0.004878571428571454,0.01951,0,0.22672142857142857,0.15843142857142858,0.06828999999999999,2.7755575615628914e-17,0.0,0.36997781056757634,0.250996015936255,0.1033270111003923,0.2621860140983717,-0.06960958552694316,0.3940981041865345,1.33,0.5855106080397214,0.28767528652996366,-1.2852529237794088,0.020520237661157292,0.05316443213374322,-0.017002005595163516,0,20.5,23.59000015258789,1.242357142857145
2022-11-28,396.0,377.80322265625,0.2079035714285714,0.21243499999999998,0.22288892857142856,0.004531428571428575,0.014985357142857147,0,0.24204857142857142,0.17375857142857143,0.06828999999999999,0.0,0.15274663477623293,0.4505430966835996,0.36254980079681276,0.17573257292051303,0.2687718926636429,-0.060868321235071465,0.6538353812927724,1.26,0.02164031569396284,0.9690890566702954,-0.1372344200947427,-0.0003026582568370628,0.04192334216537752,-0.032687419383169325,0,22.209999084472656,24.899999618530273,1.4196419416155166
2022-11-29,395.0,377.1542663574219,0.2065092857142857,0.2127835714285714,0.22323714285714283,0.0062742857142857045,0.016727857142857128,0,0.2406542857142857,0.17236428571428572,0.06828999999999999,2.7755575615628914e-17,0.14594946464245886,0.44321420123675104,0.3545816733067729,0.17378233293286874,0.25723833700316656,-0.05072905128888086,0.6755693375934455,1.25,-0.14265884464379686,0.5906697328658728,-0.798550715311355,0.0016219859371153778,0.01596321004688428,-0.034348981684606206,0,21.889999389648438,24.649999618530273,1.2390708182198686
2022-11-30,407.0,389.03485107421875,0.195365,0.20337553571428574,0.21191214285714288,0.008010535714285727,0.01654714285714287,0,0.21975,0.16122,0.05853,-0.0048799999999999955,0.02921084332842014,0.3846356014612737,0.2749003984063745,0.27367586993344134,0.27572399246861484,-0.08035899246861483,0.9925718378120227,1.32,0.48529246977432033,2.248814889028353,1.7947969716916972,0.01945472953196492,0.055591497598525885,-0.00393039769042447,1,20.579999923706055,23.530000686645508,1.0434999237060545
2022-12-01,407.0,388.7485656738281,0.18630642857142857,0.19884714285714283,0.20720642857142854,0.012540714285714266,0.020899999999999974,0,0.21975,0.15146,0.06828999999999999,-0.0007014285714285473,0.0,0.3370203083993196,0.22709163346613545,0.2742873273210114,0.27485141719166895,-0.08854498862024038,0.9979476552225155,1.16,-0.9039806656853134,2.9735323940707823,2.3675874651463715,0.012325186634476237,0.05945077615491745,-0.004663391621756663,1,19.84000015258789,23.309999465942383,1.2093572954450345
2022-12-02,406.0,388.3000793457031,0.17724428571428572,0.19623250000000003,0.205115,0.018988214285714317,0.027870714285714276,0,0.21,0.14448857142857144,0.06551142857142855,0.0,0.0,0.2893862425518974,0.17131474103585656,0.2749374335081929,0.25570688936439423,-0.07846260365010851,1.0752054205172166,1.3,0.5298422977831121,1.5076555279808146,0.38690702396956145,0.01138387585775913,0.08546958965093432,-0.0058116784584327785,1,19.059999465942383,22.959999084472656,1.3355708945138112
2022-12-05,399.0,381.31488037109375,0.195365,0.207555,0.21557214285714282,0.012189999999999979,0.020207142857142812,0,0.22951,0.16122,0.06828999999999999,0.0,0.17933184414409334,0.3846356014612737,0.2868525896414343,0.28387720605098854,0.2625254911499855,-0.06716049114998551,1.0813319682118199,1.09,-1.4958448229231713,1.9994808342895232,0.9472580787445317,0.009294938487168114,0.0770330120546523,-0.023696308448471926,0,20.75,23.889999389648438,1.2134999999999998
2022-12-06,393.0,375.8182373046875,0.209995,0.2174892857142857,0.22567464285714284,0.007494285714285703,0.01567964285714285,0,0.23926,0.17236428571428572,0.06689571428571428,-0.004182857142857127,0.3686142096271732,0.46153643985387255,0.38247011952191234,0.30757443922992167,0.26659050449156535,-0.05659550449156536,1.1537336628568968,1.22,-0.1916307573078347,2.7986159161843953,1.7257453221846761,-0.003542394112726943,0.04644600183969971,-0.033972827197967015,0,22.170000076293945,24.719999313354492,1.1705000762939477
2022-12-07,392.0,375.1789245605469,0.21487499999999998,0.22741571428571428,0.22950500000000001,0.012540714285714294,0.014630000000000032,0,0.24902,0.18073,0.06828999999999999,0.0,0.46155261382651575,0.4871875739178427,0.40239043824701193,0.13330963341999208,0.2655200928617897,-0.0506450928617897,0.5020698508469689,1.12,-1.0854797717362101,2.3013901716391656,1.0646769606898197,-0.03561615746098923,0.03476788123486374,-0.03561615746098923,0,22.68000030517578,25.18000030517578,1.192500305175784
2022-12-08,395.0,378.1180419921875,0.21138857142857143,0.2171988095238095,0.2230630357142857,0.005810238095238063,0.011674464285714281,0,0.2406542857142857,0.17236428571428575,0.06828999999999996,-0.004879285714285697,0.45508088930636376,0.46886158074362755,0.38645418326693226,0.16869799006964023,0.26608353664970014,-0.05469496522112871,0.63400386282347,1.02,-1.7765192146725033,0.6118702630277778,-0.923483396568937,-0.027345499431527087,0.037277337989826353,-0.02806126251128227,0,22.290000915527344,24.729999542236328,1.1511437726702027
2022-12-09,393.0,375.29345703125,0.21417642857142855,0.22486214285714284,0.22950500000000001,0.010685714285714298,0.01532857142857147,0,0.24483428571428573,0.18351571428571428,0.061318571428571444,-1.4285714285411366e-06,0.5145492904484203,0.48351561708023094,0.3904382470119522,0.1642484189633226,0.25565028209958635,-0.0414738535281578,0.6424730597376812,1.28,0.6009760037760952,0.6457790899938167,-0.8003986834057117,-0.03349631639625117,0.05118547557883457,-0.03532175589160058,0,22.829999923706055,25.209999084472656,1.4123570665631995
2022-12-12,398.0,380.7041320800781,0.23159785714285713,0.22788,0.22950500000000001,-0.003717857142857134,-0.0020928571428571185,1,0.2657414285714286,0.19745142857142856,0.06829000000000002,-1.4285714285688922e-06,0.7572696694066835,0.575089264594902,0.5219123505976095,0.18362771107482218,0.1824936058003207,0.04910425134253643,1.0062144932121204,1.31,0.7922558475014876,1.213116385292821,-0.09925190960163302,-0.0016016901580689913,0.010793240415871264,-0.021413811567620455,0,25.0,25.670000076293945,1.8402142857142856
2022-12-13,401.0,383.5860595703125,0.2127842857142857,0.21208642857142856,0.2190578571428571,-0.000697857142857139,0.006273571428571406,0,0.23647285714285715,0.1793357142857143,0.05713714285714286,-0.0048799999999999955,0.49515355372887754,0.47619798530466345,0.3784860557768924,0.13703579821816703,0.18131711944847315,0.03146716626581256,0.7557797004221103,1.12,-0.9213263220113384,3.7689778314142046,2.3860094532982887,0.02066909344616863,0.008682502439180118,-0.014005921291783574,1,22.549999237060547,24.290000915527344,1.2715706656319767
2022-12-14,399.0,381.1335754394531,0.20024,0.2027961904761905,0.21382982142857143,0.0025561904761904897,0.01358982142857143,0,0.21975,0.17097,0.04877999999999999,-0.0048799999999999955,0.3203829389168641,0.41026045362558805,0.2948207171314741,0.15276577082867612,0.1801384134331713,0.0201015865668287,0.8480466099217088,1.05,-1.4026177437687695,0.9496485119426152,-0.4760495802741372,0.01587149620912487,0.01083232498189024,-0.020309942959990113,0,21.139999389648438,23.459999084472656,1.1159993896484366
2022-12-15,389.0,371.8103942871094,0.20929785714285715,0.21696642857142856,0.2242817857142857,0.0076685714285714135,0.01498392857142855,0,0.23926,0.1793357142857143,0.05992428571428571,0.0,0.47915732376620335,0.4578719921304483,0.350597609561753,0.2402097441537191,0.19757403563280013,0.01172382151005702,1.215796110983729,1.3,0.8693712471653734,2.289704388940209,0.8065112480262642,-0.016681689326023874,-0.02223388750188693,-0.04427484257399694,0,22.829999923706055,25.079999923706055,1.9002142094203407
2022-12-16,384.0,367.42071533203125,0.21,0.22254,0.22933571428571428,0.012539999999999996,0.01933571428571429,0,0.22951,0.18769428571428573,0.04181571428571426,-0.0013978571428571451,0.4896534050868088,0.4615627217535283,0.3705179282868526,0.24687505540458948,0.19987331596075555,0.010126684039244438,1.2351576508244981,1.3,0.9287931505011743,8.878920440487281,3.654447855485529,-0.020977561829870095,-0.026350063600478535,-0.05555835340331505,0,22.6200008392334,25.149999618530273,1.6200008392333984
2022-12-19,380.0,364.3051452636719,0.21278571428571427,0.22463,0.23368785714285717,0.011844285714285724,0.020902142857142897,0,0.22951,0.19326857142857146,0.036241428571428536,-0.0013964285714285485,0.5312960471522837,0.4762054944188508,0.3784860557768924,0.18396477713372136,0.20137581777146865,0.011409896514245621,0.9135395658206279,1.54,2.567730734252999,3.252725896315346,0.6517264133662156,-0.0430754106261102,-0.03164305237784859,-0.06356681346738524,0,22.420000076293945,25.079999923706055,1.1414286477225168
2022-12-20,381.0,364.8037109375,0.2065135714285714,0.22009857142857145,0.22846428571428568,0.013585000000000041,0.021950714285714268,0,0.21975,0.19187428571428572,0.02787571428571428,-0.0007014285714285473,0.4375360369017871,0.443236728579313,0.33067729083665337,0.15181292405351954,0.20047250092340235,0.006041070505169055,0.7572755532766315,1.23,0.0,0.528287905502928,-0.7647268151031411,-0.04896514918673589,-0.03470039901146715,-0.062285268452969555,0,21.479999542236328,24.399999618530273,0.8286423993791878
2022-12-21,387.0,370.25830078125,0.19048,0.2103482142857143,0.2162692857142857,0.01986821428571428,0.02578928571428568,0,0.21,0.17097,0.03902999999999998,5.0000000000050004e-06,0.19785593781365468,0.3589581854976478,0.21115537848605578,0.23565040449997943,0.20826853891830543,-0.017788538918305424,1.1314738448922173,1.21,-0.13673871139782162,0.6215115054633374,-0.720864219947523,-0.028534024182109263,-0.016691874865969125,-0.0482644427385418,0,20.06999969482422,23.350000381469727,1.021999694824217
2022-12-22,381.0,364.9762268066406,0.21,0.22079571428571432,0.22950821428571427,0.010795714285714325,0.01950821428571428,0,0.22951,0.19048000000000004,0.039029999999999954,-4.999999999977245e-06,0.5732464967436276,0.4615627217535283,0.3665338645418327,0.19005228326428772,0.20664915814611753,0.003350841853882458,0.9196857367785912,1.29,0.4631835565865812,2.90310331724477,0.43453418017685325,-0.018380786512362635,-0.0435902090587319,-0.061841822657138557,0,21.969999313354492,24.780000686645508,0.9699993133544922
2022-12-23,383.0,367.07562255859375,0.20023999999999997,0.22044714285714287,0.22463,0.020207142857142896,0.024390000000000023,0,0.21975,0.18073,0.03902,2.7755575615628914e-17,0.40244009150343085,0.4102604536255879,0.2589641434262948,0.18338934780009028,0.20637773593896372,-0.006137735938963745,0.8886101350308822,1.18,-0.4054501197875015,0.5841720848148149,-0.7838241690190784,-0.0009392305850954852,-0.04411249088085756,-0.05644540188363667,0,20.8700008392334,24.1299991607666,0.8460008392334011
2022-12-27,382.0,365.6280517578125,0.21,0.22253857142857142,0.22950642857142856,0.012538571428571427,0.019506428571428563,0,0.21975,0.19048,0.02926999999999999,-0.0048850000000000005,0.5732464967436276,0.4615627217535283,0.3665338645418327,0.1728937098985613,0.20634373647583612,0.003656263524163872,0.8378917279071759,1.27,0.3579922600338004,0.691164487905865,-0.7169891242011013,0.0036313143290445105,-0.04766870835503012,-0.06016633021893658,0,21.649999618530273,24.43000030517578,0.6499996185302734
2022-12-28,377.0,361.0841064453125,0.21487499999999998,0.22951,0.23334035714285717,0.014635000000000009,0.018465357142857186,0,0.22951,0.20024,0.02926999999999999,0.0,0.6585621960823527,0.4871875739178427,0.398406374501992,0.19613566764400633,0.20369160521264715,0.011183394787352835,0.9629050124046463,1.42,1.4690395199576096,0.6817651973019755,-0.7256101861387543,-0.01019618052302318,-0.04425350343331946,-0.07184637713492126,0,22.139999389648438,24.579999923706055,0.6524993896484403
2022-12-29,383.0,367.58367919921875,0.20721,0.22149285714285716,0.22463,0.014282857142857153,0.01741999999999999,0,0.22253714285714285,0.18212285714285717,0.04041428571428568,-0.0048799999999999955,0.5244196657374651,0.4468974217456438,0.32270916334661354,0.21284815956495437,0.21516513520714445,-0.007955135207144443,0.9892316399682529,1.31,0.5939992016378348,1.336118674607163,-0.3591911357691015,-0.007223664064756274,-0.025375789197975673,-0.05513946068268216,0,21.440000534057617,23.950000762939453,0.7190005340576171
2022-12-30,385.0,366.615478515625,0.20790714285714285,0.22166714285714284,0.22463,0.013759999999999994,0.01672285714285715,0,0.22253857142857142,0.19048,0.03205857142857141,-0.0013978571428571174,0.5641369340955383,0.450561869469068,0.32669322709163345,0.18205749943378058,0.18040567538738916,0.027501467469753682,1.00915616453221,1.38,1.0455923144370707,0.7757154529491715,-0.5916574520414601,0.004491393106140107,-0.05762818548695181,-0.05762818548695181,0,21.670000076293945,24.290000915527344,0.8792857905796616
2023-01-03,382.0,365.0720520019531,0.22323642857142856,0.22463,0.22950500000000004,0.0013935714285714385,0.006268571428571484,0,0.23786714285714286,0.1988457142857143,0.03902142857142857,-0.0048799999999999955,0.8461659767396017,0.5311384192563723,0.450199203187251,0.17907895452739422,0.18030059541933677,0.04293583315209179,0.9932244212000448,1.11,-0.9800446135807053,1.1286617283980307,-0.3976049356822809,-0.005458195623766371,-0.06090443994522754,-0.06159550746185993,0,22.899999618530273,24.579999923706055,0.5763567613874159
2023-01-04,386.0,367.8905029296875,0.21,0.21278571428571427,0.21580452380952378,0.0027857142857142803,0.005804523809523787,0,0.22951,0.19048,0.03902999999999998,-5.0000000000050004e-06,0.6026414350482948,0.4324459096323793,0.35856573705179284,0.18630561585285368,0.18400208547360097,0.02599791452639902,1.0125190449517116,1.57,2.1292391775579955,1.187065807102421,-0.34531005607935644,0.006187848992980527,-0.05256135010429652,-0.0543507813918126,0,22.010000228881836,23.809999465942383,1.010000228881836
2023-01-05,381.0,363.69158935546875,0.21835714285714286,0.21464285714285714,0.21975499999999995,-0.0037142857142857255,0.0013978571428570896,0,0.22951,0.19884571428571432,0.030664285714285672,-0.004179285714285719,0.7563966095012815,0.43277044923061025,0.40239043824701193,0.18161992727116458,0.17824332892224967,0.04011381393489319,1.0189437572184696,1.23,-0.22106489438940127,1.1150542723159453,-0.3401765440720288,0.007221261926551037,-0.04621716046977786,-0.06514393671613528,0,22.459999084472656,24.06999969482422,0.6242847987583708
2023-01-06,390.0,372.0318298339844,0.20023999999999997,0.20279619047619046,0.209995,0.0025561904761904897,0.009755000000000014,0,0.21975,0.18073,0.03902,2.7755575615628914e-17,0.4230764176358495,0.32353561846190937,0.23107569721115537,0.21012102717611358,0.19202483137652332,0.008215168623476654,1.0942388318732963,1.26,-0.06389401139407483,1.6409972993906479,-0.05138381629320033,0.012101055858779963,-0.010075103054760448,-0.0437056505176463,0,21.1299991607666,23.18000030517578,1.1059991607666042
2023-01-09,389.0,371.8208923339844,0.20790714285714285,0.21325,0.209995,0.005342857142857149,0.0020878571428571413,0,0.22951,0.19048,0.03902999999999998,0.0020878571428571413,0.5641369340955383,0.36976360590360763,0.3147410358565737,0.2074881595905192,0.19197418587039816,0.015932956986744684,1.0808128116276765,1.31,0.20664691922379988,2.6841806693334513,0.4370385687949157,0.014198565318178424,-0.008950482041324204,-0.044247857724577844,0,21.969999313354492,23.739999771118164,1.1792850276402085
2023-01-10,392.0,374.4283447265625,0.20024,0.2037257142857143,0.20744142857142855,0.0034857142857142864,0.007201428571428553,0,0.21139285714285716,0.18073,0.03066285714285716,-0.00417857142857142,0.42307641763585,0.32353561846190954,0.24302788844621515,0.19860108806432625,0.1915540713809553,0.008685928619044714,1.0367886551957235,1.23,-0.3959748937809735,0.8937938923429483,-0.5024554905515005,0.025628619537710673,-0.00975805662746243,-0.03754549575012156,0,20.579999923706055,22.739999771118164,0.5559999237060538
2023-01-11,397.0,379.1641540527344,0.20024,0.20395809523809524,0.20279619047619046,0.0037180952380952426,0.002556190476190462,0,0.21975,0.18073,0.03902,0.0,0.42307641763585,0.32353561846190954,0.24302788844621515,0.20556737096155567,0.1948577948067364,0.005382205193263601,1.0549609840624607,1.54,1.7529169895950665,1.620688498367167,-0.13396144867956886,0.030644039553262115,0.010313787647947326,-0.025372269333271857,1,21.09000015258789,22.739999771118164,1.0660001525878897
2023-01-12,399.0,380.5446472167969,0.17654714285714285,0.18421214285714288,0.19048500000000002,0.007665000000000033,0.013937857142857168,0,0.19187428571428575,0.16122,0.030654285714285745,2.7755575615628914e-17,0.0,0.1806827822926222,0.07569721115537849,0.14288013978114958,0.18872556103095633,-0.012178418173813488,0.7570788980604126,1.28,-0.1514978843498283,1.3086243766355303,-0.2391373536125926,0.04633887160050909,-0.0004189207572028453,-0.021823761634666816,1,18.829999923706055,21.579999923706055,1.1752856379917702
2023-01-13,398.0,382.0209045410156,0.16888214285714287,0.17968035714285716,0.1837459523809524,0.010798214285714286,0.01486380952380953,0,0.19326857142857146,0.15146,0.041808571428571445,0.003482142857142878,0.0,0.13446771491449083,0.0398406374501992,0.07733141756446973,0.18729572051955706,-0.018413577662414193,0.41288406029754926,1.38,0.5134748169727451,1.414995220548853,-0.19528254885495389,0.026850053963094478,-0.00408032302073269,-0.01802909562944277,1,18.350000381469727,21.139999389648438,1.4617860957554392
2023-01-17,398.0,381.3211669921875,0.1793357142857143,0.18560500000000002,0.18560500000000002,0.006269285714285727,0.006269285714285727,0,0.1988457142857143,0.16121999999999997,0.03762571428571432,0.0006971428571428406,0.16668185234960475,0.19749609168077115,0.099601593625498,0.08364734330497818,0.18604717411697907,-0.006711459831264782,0.4496028692829489,1.19,-0.964908087574625,0.763014829018468,-0.5034359346225498,0.025550674677176533,0.0004921937211070926,-0.019827745665284002,1,19.360000610351562,21.450000762939453,1.426429181780133
2023-01-18,392.0,375.30084228515625,0.19048,0.19466357142857144,0.1988464285714286,0.004183571428571425,0.00836642857142858,0,0.21,0.17097,0.03902999999999998,5.0000000000050004e-06,0.3443771212500855,0.2646890356033886,0.1593625498007968,0.16681595612327743,0.17327477847644615,0.01720522152355386,0.9627249712280158,1.28,-0.24188273533002988,1.463679128451184,0.17088729963758556,0.002330212364747508,0.00938770957369095,-0.03530277236381163,0,20.34000015258789,22.270000457763672,1.2920001525878888
2023-01-19,389.0,372.5686340332031,0.19048000000000004,0.1964057142857143,0.20024,0.005925714285714256,0.009759999999999963,0,0.21,0.16957714285714287,0.04042285714285712,-0.0006914285714286206,0.34437712125008596,0.26468903560338874,0.16334661354581673,0.13201105188083295,0.16987001876081767,0.020609981239182368,0.7771297892579189,1.33,0.2627984110426196,1.6967662779012134,0.6861911491933916,-0.017394893343778306,0.01401096477785635,-0.04232581475810826,0,20.520000457763672,22.450000762939453,1.4720004577636665
2023-01-20,397.0,379.5093078613281,0.18281785714285717,0.18560500000000002,0.19025261904761906,0.002787142857142849,0.0074347619047618885,0,0.20721142857142855,0.15843142857142858,0.04877999999999996,3.5714285714083527e-06,0.22220450559212807,0.2184911949766795,0.11553784860557768,0.20456010638261807,0.1770534263367988,0.005764430806058374,1.1553580781514776,1.33,0.22101631300181487,0.9102770859800207,-0.5716201647886199,-0.00272067775237661,0.041734690808860275,-0.024485063964290843,1,19.850000381469727,21.719999313354492,1.5682146671840087
2023-01-23,402.0,384.0628662109375,0.17863714285714286,0.18316500000000002,0.1814221428571429,0.004527857142857167,0.0027850000000000374,0,0.20302857142857142,0.16400571428571428,0.03902285714285714,0.0048799999999999955,0.15554315391448925,0.19328415095802273,0.08764940239043825,0.22270609221636456,0.18036567798573372,-0.0017285351285908634,1.2347476232921644,1.31,0.0,5.474074459466876,3.55086652912298,0.005345156889713154,0.052793200003212304,-0.012780307084448661,1,19.809999465942383,21.600000381469727,1.9462851802280987
2023-01-24,402.0,383.6506652832031,0.17724357142857144,0.18073,0.18177464285714284,0.003486428571428557,0.004531071428571398,0,0.19187428571428572,0.16261285714285714,0.029261428571428577,0.0,0.13332270335527674,0.18488180295180398,0.07171314741035857,0.22214768877283445,0.1749328347909836,0.0023107366375878513,1.269902754610162,1.25,-0.5196217461194366,0.49253181526069634,-0.828419963252196,0.006109019096396828,0.036170328858786016,-0.013839854645794847,1,19.200000762939453,20.90999984741211,1.4756436200823089
2023-01-25,401.0,383.79437255859375,0.17585,0.18072500000000002,0.1814221428571429,0.004875000000000018,0.005572142857142887,0,0.20024,0.15146,0.04877999999999999,0.0,0.11110225279606381,0.1764794549455851,0.06772908366533864,0.16601310913043474,0.16505410516372557,0.010795894836274439,1.0058102400164957,1.29,-0.2183629949932477,1.208221784984429,-0.201710333541034,0.022631258223993145,0.051559921906702,-0.013470460297206777,1,19.079999923706055,20.940000534057617,1.4949999237060538
2023-01-26,406.0,388.0124206542969,0.17027357142857144,0.17585,0.1767205357142857,0.0055764285714285655,0.006446964285714257,0,0.19048000000000004,0.15146,0.03902000000000003,0.0006964285714285701,0.02559924306139614,0.142857142857143,0.035856573705179286,0.13133293968671642,0.16734434958889355,0.0029292218396778924,0.7848065381911935,1.05,-2.061021194283465,1.0079615327980536,-0.40683329808952295,0.04145219218780882,0.057036743409353274,-0.002628120378158183,1,18.729999542236328,20.700000762939453,1.702642399379183
2023-01-27,407.0,388.9039611816406,0.16957714285714287,0.17201964285714286,0.17306428571428573,0.0024424999999999863,0.0034871428571428553,0,0.19048,0.15146,0.03902,0.0013928571428571401,0.012786480235492038,0.13865812219796134,0.035856573705179286,0.09678851778926206,0.1656338916327064,0.003943251224436478,0.5843521324964752,1.15,-1.123207593744781,1.7169849602532514,0.2145647410891255,0.024754737566925034,0.06366007562036247,-0.00033644773011132223,1,18.510000228881836,20.469999313354492,1.552285943167547
2023-01-30,402.0,384.0245361328125,0.18351357142857144,0.18560500000000002,0.18560500000000002,0.0020914285714285774,0.0020914285714285774,0,0.20023999999999997,0.17097,0.029269999999999963,0.0020914285714285497,0.2691862910008412,0.22268590894800547,0.14342629482071714,0.1341016474563996,0.16577572738073665,0.017737844047834794,0.8089341520330581,1.2,-0.6669001706192356,1.0785419150881908,-0.38064471784307435,-9.980157286004765e-05,0.06353209481673594,-0.01287883316256,1,19.940000534057617,21.3700008392334,1.588643391200474
2023-01-31,407.0,389.67095947265625,0.17654714285714287,0.17585,0.17759107142857145,-0.0006971428571428684,0.0010439285714285707,0,0.20024,0.15285428571428572,0.04738571428571428,-2.7755575615628914e-17,0.14101923885618184,0.18068278229262236,0.08366533864541832,0.16816134065761368,0.16244782946617237,0.014099313390970508,1.0351713606160007,1.31,0.2432479191545317,0.7608612344676903,-0.6814910282486021,0.01569212498304684,0.060087761027787234,0.0,1,19.399999618530273,20.809999465942383,1.7452853328159854
2023-02-01,412.0,393.81231689453125,0.161215,0.166095,0.16992732142857142,0.0048799999999999955,0.008712321428571423,0,0.18073,0.15146,0.02926999999999999,0.0048799999999999955,0.0,0.08823972747279255,0.01195219123505976,0.17320249856198322,0.1633408333813348,-0.0021258333813347907,1.0603747695937453,1.26,-0.2353669270765228,2.4609279975919396,0.8548349949205057,0.02610237421969508,0.07418355190299786,0.0,1,17.8700008392334,19.969999313354492,1.7485008392333974
2023-02-02,416.0,399.54498291015625,0.16191214285714287,0.17097,0.1730614285714286,0.009057857142857145,0.011149285714285723,0,0.19187428571428575,0.1417,0.050174285714285755,0.0048749999999999905,0.011240354716112125,0.09244305481982983,0.02390438247011952,0.18217401213236462,0.1651517642110461,-0.003239621353903238,1.103070336563683,1.24,-0.32174649547084455,4.4724014151488385,2.2094496065786497,0.029722147132332122,0.09442774575364843,0.0,1,18.729999542236328,20.84000015258789,2.53878525652204
2023-02-03,413.0,395.2982177734375,0.166095,0.17492142857142856,0.17323839285714285,0.008826428571428568,0.007143392857142855,0,0.19048,0.15146,0.03902,0.004875000000000018,0.07868248301278354,0.11766301890205301,0.0398406374501992,0.2179615910371994,0.17249868978806923,-0.006403689788069239,1.2635550525339385,1.28,0.06779530916604862,1.0120481614495296,-0.5521223888152308,0.016441736855465905,0.07449965309104023,-0.010629003787725466,1,18.329999923706055,20.780000686645508,1.720499923706054
2023-02-06,411.0,392.8824157714844,0.1744557142857143,0.18072500000000002,0.18072500000000002,0.006269285714285727,0.006269285714285727,0,0.20023999999999997,0.16122,0.03901999999999997,0.0062742857142857045,0.21348612230795835,0.1680728002515107,0.06374501992031872,0.19139033026863764,0.16760245459788226,0.006853259687832042,1.1419303537518475,1.24,-0.3380872733689729,0.9274252613285714,-0.5855705670241557,0.023065921068148754,0.0802625831071524,-0.01667538681162728,1,19.43000030517578,21.43000030517578,1.9844288766043512
2023-02-07,415.0,398.0207214355469,0.17027785714285715,0.1728290476190476,0.17585,0.002551190476190457,0.005572142857142859,0,0.19048,0.1417,0.04878000000000002,-0.004187857142857132,0.1461246113094554,0.14288298298427635,0.055776892430278883,0.18636879167270876,0.15678371576371095,0.013494141379146202,1.188699928209289,1.21,-0.59477640763647,0.7174969271518579,-0.6773428576469094,0.02142772449399466,0.06985663461419356,-0.003814993404515188,1,18.65999984741211,20.780000686645508,1.6322141331263964
2023-02-08,411.0,393.6684875488281,0.18073,0.18072500000000002,0.18699928571428573,-4.999999999977245e-06,0.006269285714285727,0,0.20024,0.16122,0.03902,0.0,0.3146493147529657,0.20590274637484554,0.15139442231075698,0.20241115390659312,0.1639511694109679,0.016778830589032095,1.234581946769892,1.03,-2.065152335525257,0.8465796012126653,-0.5722878306938044,-0.0003652230758990349,0.058758385193748985,-0.014707969346844596,1,19.6299991607666,21.81999969482422,1.5569991607666012
2023-02-09,408.0,390.2557373046875,0.19117714285714288,0.19048500000000002,0.19048500000000002,-0.0006921428571428634,-0.0006921428571428634,1,0.21278714285714284,0.17097,0.04181714285714283,0.0007014285714285473,0.4830934008983075,0.26889236295042585,0.21115537848605578,0.16005409966875003,0.1677719912358084,0.02340515162133447,0.9539977351987755,1.16,-0.8746266301594978,0.7742699447718319,-0.5903334971841738,-0.023249561383073547,0.0422708184383942,-0.023249561383073547,1,20.709999084472656,22.5,1.5922847987583673
2023-02-10,408.0,391.1664733886719,0.19326857142857146,0.19280880952380952,0.19048500000000002,-0.000459761904761935,-0.002783571428571441,1,0.21557428571428572,0.16122,0.054354285714285716,-0.004871428571428582,0.5168144650466434,0.28150234499153753,0.22310756972111553,0.15603627114460114,0.16331311652622352,0.02995545490234794,0.955442370236968,1.34,1.0685313817294482,0.858465840676554,-0.5033085626352257,-0.010452221130765937,0.03165467834353408,-0.02097012822050226,1,20.530000686645508,22.549999237060547,1.2031435437883609
2023-02-13,413.0,395.7583312988281,0.19257285714285716,0.18723166666666669,0.18961357142857144,-0.005341190476190472,-0.00295928571428572,1,0.21696428571428572,0.16122,0.05574428571428572,-0.0034807142857142814,0.5055971438442938,0.2773076310202114,0.21115537848605578,0.17686546276465295,0.16697786643365747,0.025594990709199683,1.0592150117987282,1.44,2.0002820126800676,0.9598312195208368,-0.40456958509229857,0.007320041345440398,0.03997870997082775,-0.009477409987099228,1,20.34000015258789,21.969999313354492,1.082714438302176
2023-02-14,412.0,395.5762023925781,0.17515357142857144,0.17724428571428572,0.18002857142857145,0.002090714285714279,0.004875000000000018,0,0.20721142857142857,0.1417,0.06551142857142858,-0.0006978571428571667,0.2247379937809515,0.17228043428640344,0.06772908366533864,0.14439559213997824,0.16699675199356295,0.008156819435008483,0.8646610812259636,1.25,0.025801788804965527,0.8741944271749186,-0.47660396286145823,-0.006141687885374614,0.03548313113348778,-0.009933250791114512,1,18.90999984741211,21.139999389648438,1.3946427045549648
2023-02-15,414.0,396.86077880859375,0.170975,0.170975,0.17968035714285716,0.0,0.008705357142857167,0,0.20024,0.1417,0.05854000000000001,-4.999999999977245e-06,0.17080213502668765,0.14708631033131347,0.055776892430278883,0.11641596364695739,0.16658386311557435,0.004391136884425634,0.6988429819651203,1.15,-0.9197823491708256,0.6045444569962303,-0.6457098902736009,0.008109085082329992,0.04075203047074649,-0.006718152439336489,1,18.229999542236328,20.68000030517578,1.132499542236328
2023-02-16,408.0,391.3965148925781,0.18560500000000005,0.18560500000000002,0.1901364285714286,-2.7755575615628914e-17,0.004531428571428547,0,0.2211442857142857,0.15146,0.0696842857142857,0.0006971428571428129,0.42683033537919307,0.23529589098911732,0.18326693227091634,0.14697314161021077,0.16395236095794194,0.02165263904205811,0.8964380918425031,1.33,0.8995673524857503,1.0139061237902947,-0.3035899253988261,0.0029231539189389366,0.04288738738079423,-0.020394369510605137,1,20.170000076293945,21.8799991607666,1.6095000762939407
2023-02-17,408.0,390.4187316894531,0.18211928571428573,0.1814221428571429,0.1854307142857143,-0.0006971428571428406,0.0033114285714285763,0,0.22253857142857142,0.15146,0.07107857142857141,0.004879999999999968,0.44770456944423254,0.21427925425393107,0.1553784860557769,0.14735733562653022,0.16133976844154266,0.020779517272743075,0.9133354847966165,1.23,-0.062045284184290915,1.1340851734827586,-0.2203562837762353,-0.0019115689868333119,0.04791089755199085,-0.022841611360579384,1,20.020000457763672,21.770000457763672,1.8080718863350995
2023-02-21,400.0,382.5865478515625,0.209995,0.20024,0.20076285714285716,-0.009754999999999986,-0.009232142857142828,1,0.24762571428571428,0.17236428571428572,0.07526142857142856,0.0,1.0,0.3823520545054414,0.3745019920318725,0.15689273647590896,0.16789027412576865,0.042104725874231336,0.9344956835223147,1.21,-0.2204716016055416,2.203945639923187,1.0466068117166691,-0.03328239080662565,0.008108470402414358,-0.042444369930699666,1,22.8700008392334,23.3799991607666,1.8705008392334008
2023-02-22,399.0,382.0592346191406,0.205115,0.20024,0.20024000000000003,-0.0048749999999999905,-0.004874999999999963,1,0.23926,0.17097,0.06828999999999999,0.0,0.8999589995899959,0.352928763076181,0.3187250996015936,0.1546846786486074,0.16260810979757273,0.04250689020242726,0.9512728414417397,1.17,-0.5932149710047638,1.7471407839289501,0.4793628235697954,-0.03417032594903924,-0.005216936517618009,-0.043764154322887716,1,22.290000915527344,22.68000030517578,1.7785009155273457
2023-02-23,401.0,384.0915832519531,0.19466785714285717,0.18612785714285718,0.19048500000000002,-0.008539999999999992,-0.004182857142857155,1,0.23786714285714286,0.1598257142857143,0.07804142857142857,0.00417857142857142,0.6857904293328655,0.289939146500601,0.24701195219123506,0.16368410587019888,0.16369832669866993,0.030969530444187238,0.9999131278324107,1.1,-1.188286141342815,0.9637862271668667,-0.38261292487616516,-0.03217550395122115,0.0011492693970034384,-0.0386774964502008,1,21.139999389648438,21.739999771118164,1.673213675362721
2023-02-24,396.0,379.98858642578125,0.20372214285714285,0.1960614285714286,0.20024,-0.007660714285714243,-0.0034821428571428503,1,0.23925999999999997,0.16122,0.07803999999999997,-0.003482142857142878,0.871405142622855,0.3445307217578177,0.3187250996015936,0.15620918086297897,0.16789849468227502,0.03582364817486783,0.930378685994675,1.18,-0.48207704936700685,1.3650141362096364,0.04519527823957088,-0.02914672980654376,-0.00991621140101906,-0.048946670139448534,1,21.670000076293945,22.43000030517578,1.2977857905796597
2023-02-27,398.0,381.2828063964844,0.1981507142857143,0.19048500000000002,0.19362053571428572,-0.007665714285714276,-0.004530178571428567,1,0.22951,0.16400571428571428,0.06550428571428571,-0.0013928571428571401,0.7571897147542908,0.31093855648436464,0.28286852589641437,0.16939807782905583,0.16342007653654222,0.034730637749172066,1.036580580667987,1.32,0.9518004113479714,1.4555239965597175,0.16184667079977377,-0.02340032521860569,-0.017343811433831124,-0.04570743544483047,1,20.950000762939453,21.59000015258789,1.1349293343680245
2023-02-28,396.0,379.87359619140625,0.19187857142857143,0.18699928571428576,0.19222785714285714,-0.004879285714285669,0.00034928571428571864,0,0.23090285714285713,0.15285428571428572,0.07804857142857141,0.0,0.6286095003807183,0.27312153042459636,0.22709163346613545,0.10056724455151618,0.16329420604751516,0.02858436538105627,0.615865357294142,1.22,-0.14727170233186548,0.614106586065934,-0.747513608555109,-0.007091079588111504,-0.023220038599752635,-0.049234473113565325,1,20.700000762939453,21.31999969482422,1.512143620082309
2023-03-01,395.0,378.4164123535156,0.195365,0.19048500000000002,0.19431732142857144,-0.0048799999999999955,-0.0010476785714285675,1,0.22951,0.16122,0.06828999999999999,0.0,0.7000820008200086,0.2941424738476381,0.2749003984063745,0.10201039359101118,0.15825235376853197,0.03711264623146804,0.6446058536368869,1.22,-0.10010412602065737,0.9650368110849296,-0.3718741019240746,-0.009534705447589498,-0.014603555897161113,-0.05288158144984567,1,20.579999923706055,21.360000610351562,1.0434999237060545
2023-03-02,398.0,381.3594665527344,0.1888591666666667,0.18734785714285718,0.19048500000000002,-0.001511309523809512,0.0016258333333333264,0,0.218125,0.15146,0.066665,-0.004066666666666663,0.5667110837775051,0.254916443077789,0.199203187250996,0.11370344655376548,0.15154722033038887,0.037311946336277824,0.7502839465209591,1.44,1.9912811180238374,1.4752609149453366,0.26411738944397173,-0.007113190755410392,-0.0213295158848118,-0.04551556679541924,1,19.59000015258789,20.6299991607666,0.7040834859212204
2023-03-03,404.0,387.47564697265625,0.17259833333333335,0.1777651785714286,0.18072500000000002,0.005166845238095241,0.008126666666666671,0,0.2067466666666667,0.1417,0.0650466666666667,0.0016249999999999876,0.23336066694000326,0.15687397626440783,0.05976095617529881,0.13211827292127998,0.1576991923904771,0.014899140942856243,0.8377866171574517,1.52,2.243524500319727,2.304201862194316,2.417016868752791,0.019703382718147422,-0.016090583382063373,-0.030207702395837588,1,18.489999771118164,19.979999542236328,1.2301664377848276
2023-03-06,404.0,387.74407958984375,0.17666333333333334,0.17828750000000002,0.18072500000000002,0.0016241666666666765,0.004061666666666686,0,0.20186666666666664,0.14332666666666666,0.05853999999999998,-0.004066666666666691,0.31669400027333633,0.18138333685046182,0.11155378486055777,0.13414940436045397,0.14785817850397368,0.028805154829359664,0.9072843025511012,1.32,0.5487179469743783,5.03038237807597,3.7174677606684075,0.016946143610369058,-0.029535856599571253,-0.029535856599571253,1,18.610000610351562,19.989999771118164,0.9436672770182284
2023-03-07,398.0,381.8004455566406,0.18560500000000002,0.18821928571428573,0.19048500000000002,0.002614285714285708,0.0048799999999999955,0,0.21,0.15146,0.05853999999999998,-0.004875000000000018,0.5000000000000006,0.23529589098911716,0.1952191235059761,0.1881515952019564,0.15246317045801563,0.033141829541984386,1.2340789886287222,1.2,-0.43026200897572464,1.3051027863201834,-0.05624275590933709,0.005072343496765441,-0.03414579578128285,-0.04441186377631412,1,19.59000015258789,20.59000015258789,1.0295001525878895
2023-03-08,399.0,382.423583984375,0.18073,0.1786357142857143,0.18386214285714286,-0.002094285714285715,0.003132142857142861,0,0.21,0.15146,0.05853999999999998,0.0,0.40006150061500634,0.20590274637484554,0.16334661354581673,0.18320057868716116,0.151962043403411,0.02876795659658901,1.2055680128018664,1.37,0.8928363381764688,0.5475171057531552,-0.8094364424625151,0.010589317746387605,-0.026620768370536174,-0.04285224357236206,1,19.110000610351562,20.190000534057617,1.037000610351562
2023-03-09,391.0,375.3679504394531,0.209995,0.20256142857142856,0.205115,-0.007433571428571428,-0.0048799999999999955,1,0.24658,0.17097,0.07560999999999998,-0.0012199999999999989,1.0,0.3823520545054414,0.42231075697211157,0.2233090936443029,0.15398442999351347,0.056010570006486515,1.450205671142918,1.44,1.3648124978897307,1.9473567951787756,0.5428509433490906,-0.015710941090412822,-0.05691354689874362,-0.060511415497212506,1,22.610000610351562,22.8700008392334,1.6105006103515649
2023-03-10,385.0,369.9515380859375,0.22463,0.21743119047619047,0.21975499999999998,-0.007198809523809524,-0.004875000000000018,1,0.26487,0.18073,0.08413999999999999,-0.0018299999999999983,1.0,0.470591781978234,0.5617529880478087,0.15296845019678143,0.15682296408990884,0.06780703591009116,0.9754212406614279,1.65,2.4739372179973804,6.948603432067192,3.319472834690209,-0.04522634912318868,-0.06024599431507438,-0.07406786742426263,0,24.799999237060547,25.389999389648438,2.336999237060546
2023-03-13,385.0,369.42431640625,0.2417025,0.22950500000000001,0.22950500000000001,-0.012197499999999972,-0.012197499999999972,1,0.27829,0.20024,0.07804999999999998,-0.0024374999999999813,1.0,0.5735280817581622,0.6733067729083665,0.1448093708174622,0.15548293846200686,0.08621956153799312,0.9313521615289461,1.46,1.0378935615463327,1.4907314078733322,-0.16412413393782269,-0.04724704811217861,-0.053378897238796075,-0.07538742267395548,0,26.520000457763672,26.639999389648438,2.3497504577636725
2023-03-14,391.0,375.5308837890625,0.209995,0.205115,0.20929785714285712,-0.0048799999999999955,-0.0006971428571428684,1,0.25023875,0.17097,0.07926875,0.0006093750000000231,0.6060568411243982,0.3823520545054414,0.4262948207171315,0.22120535309123068,0.1682270922513607,0.04176790774863928,1.3149210993952816,1.47,1.085256465335238,0.6755488010547668,-0.6722876418088173,-0.016421043612030117,-0.03997170172627118,-0.060103618236381884,1,23.729999542236328,24.8700008392334,2.7304995422363305
2023-03-15,388.0,373.1822204589844,0.22951,0.22346809523809522,0.22463,-0.006041904761904776,-0.0048799999999999955,1,0.27829,0.18073,0.09755999999999998,0.0,0.8485168504426154,0.5000150734074944,0.601593625498008,0.21716023990413066,0.1612717617136371,0.06823823828636288,1.3465484446665386,1.42,0.6769332274449322,1.1257722996401427,-0.39569697586045927,-0.024165255262521224,-0.0570451941359057,-0.06598196343038532,0,26.139999389648438,27.200000762939453,3.188999389648437
2023-03-16,395.0,379.7297668457031,0.20024000000000003,0.20325785714285716,0.205115,0.0030178571428571277,0.004874999999999963,0,0.24762571428571428,0.16122,0.08640571428571428,0.004182857142857099,0.4803570069781082,0.3235356184619097,0.3426294820717131,0.22411560119270776,0.17574062805321414,0.02449937194678589,1.2752634588562284,1.28,-0.3367742458259388,1.2525263828653697,-0.33944006279993344,0.01162010875234154,-0.04005912249278498,-0.04959445597370671,1,22.989999771118164,24.559999465942383,2.9659997711181596
2023-03-17,394.0,375.2897033691406,0.21836071428571427,0.2190535714285714,0.21975,0.000692857142857134,0.0013892857142857318,0,0.25877,0.19745142857142856,0.061318571428571444,0.009750000000000009,0.691276848007331,0.43279198266988794,0.5059760956175299,0.2114931920417956,0.17783193468298178,0.04052877960273249,1.189286909681443,1.14,-1.20978136137568,1.4693566901641957,-0.2153331680478323,0.014429363669689943,-0.05435426374007313,-0.060707255949875805,1,25.510000228881836,27.420000076293945,3.67392880031041
2023-03-20,394.0,378.8983459472656,0.21278571428571427,0.21975,0.21487499999999998,0.006964285714285728,0.00208928571428571,0,0.2518057142857143,0.18073,0.0710757142857143,0.003482142857142878,0.5951427328503066,0.399178283957157,0.46613545816733065,0.2118432018665461,0.17775885113906792,0.03502686314664635,1.1917448864518854,1.4,0.5010481730799006,0.906796520992471,-0.5709396226215081,0.02564538694468932,-0.0319322438237416,-0.051675375354502506,1,24.149999618530273,25.850000381469727,2.871428189958845
2023-03-21,400.0,383.8734436035156,0.19048,0.20024,0.1991942857142857,0.009759999999999991,0.008714285714285702,0,0.21975,0.17097,0.04877999999999999,0.0048799999999999955,0.28284555650560794,0.2646890356033886,0.23904382470119523,0.20164511512604705,0.1847267016110339,0.005753298388966099,1.0915861830881226,1.4,0.44170838528759254,1.2698796407773252,-0.3057573394381602,0.02221537608379287,-0.016764790095019744,-0.03922346663570697,1,21.3799991607666,23.56999969482422,2.3319991607665997
2023-03-22,396.0,377.3298034667969,0.20024,0.20512,0.20512,0.0048799999999999955,0.0048799999999999955,0,0.23926,0.17097,0.06828999999999999,0.0048749999999999905,0.413771163974409,0.32353561846190954,0.3386454183266932,0.247685534643643,0.18091678450224097,0.019323215497759033,1.369057798175575,1.4,0.3748113333996517,3.276670390851751,0.9194499101444848,0.011114095957495795,-0.013740013636875603,-0.05560119734591884,1,22.260000228881836,24.3799991607666,2.236000228881835
2023-03-23,397.0,378.349853515625,0.20024000000000003,0.20564232142857145,0.20825214285714283,0.005402321428571416,0.008012142857142801,0,0.23926,0.17097,0.06828999999999999,0.004874999999999963,0.4137711639744094,0.3235356184619097,0.3426294820717131,0.21004988194017737,0.1812635764153037,0.01897642358469634,1.1588091005052206,1.67,2.028081261805862,1.1074761100874937,-0.4548491046843838,-0.0036339351048000346,-0.009708916229215991,-0.053048168043940414,1,22.610000610351562,24.530000686645508,2.586000610351558
2023-03-24,399.0,380.8326110839844,0.19187428571428572,0.20093714285714287,0.20302857142857142,0.00906285714285715,0.0111542857142857,0,0.22951,0.17097,0.05853999999999998,0.008365714285714282,0.2954902366729452,0.273095690297463,0.23904382470119523,0.188572062168656,0.18180870866324164,0.010065577051044078,1.0372003825072091,1.5,0.772757762285332,1.1060072986882452,-0.44616724907181116,0.014769677039051743,-0.008484883059337811,-0.04683420547513073,1,21.739999771118164,23.959999084472656,2.5525711996895915
2023-03-27,400.0,381.544677734375,0.18073,0.1917,0.19222607142857145,0.010970000000000008,0.011496071428571453,0,0.21696428571428572,0.16122,0.05574428571428572,0.008362142857142874,0.13792372132480313,0.20590274637484554,0.1593625498007968,0.17918700435583382,0.17798480665102331,0.0027451933489766878,1.0067544962260047,1.15,-1.5648231745237784,0.8790137825257642,-0.5668001406078808,0.006984279069610189,0.004095100127165852,-0.04505201152739513,1,20.600000381469727,22.8700008392334,2.527000381469726
2023-03-28,400.0,380.688232421875,0.17585,0.18699785714285716,0.19048357142857145,0.011147857142857154,0.01463357142857144,0,0.20860571428571428,0.16121999999999997,0.04738571428571431,0.009062857142857123,0.0689265137322826,0.1764794549455851,0.099601593625498,0.1464272674064274,0.177778261926594,-0.0019282619265939827,0.823651136081465,1.23,-1.035940774178706,0.6429401358846154,-0.7159077795838424,-0.008297555443638527,-0.0015594041080129184,-0.04719556319024398,1,19.969999313354492,22.3799991607666,2.3849993133544913
2023-03-29,405.0,386.2214660644531,0.17097,0.1822969642857143,0.1817707142857143,0.01132696428571428,0.010800714285714302,0,0.20024,0.15146,0.04877999999999999,0.0048799999999999955,0.0,0.1470561635163246,0.04780876494023904,0.09987732848720383,0.1840997944004625,-0.013129794400462497,0.5425173276942721,1.48,0.5728836507074376,1.36286723371529,-0.2790404119834611,0.023564697291234893,0.01671047931914793,-0.03334672543917072,1,19.1200008392334,21.489999771118164,2.023000839233397
2023-03-30,407.0,388.4829406738281,0.16679142857142856,0.17933392857142857,0.1814221428571429,0.012542500000000012,0.01463071428571433,0,0.20163428571428574,0.14309428571428573,0.05854000000000001,0.005572857142857185,0.0,0.12186203956123463,0.027888446215139442,0.09847546386180427,0.18408508551873012,-0.01729365694730156,0.5349453682481228,1.35,-0.2933605888363988,1.5483436952153526,-0.16467317009312712,0.02678232081774712,0.026601722313535303,-0.027686600281539797,1,19.020000457763672,21.450000762939453,2.340857600620815
2023-03-31,413.0,393.9583740234375,0.16400571428571428,0.17288714285714288,0.1713232142857143,0.008881428571428596,0.0073175000000000046,0,0.19326857142857146,0.14448857142857144,0.04878000000000002,0.004872857142857151,0.0,0.1050659569245081,0.01593625498007968,0.11695021388319116,0.18809298013252135,-0.024087265846807066,0.6217680946986623,1.64,1.5814851363459121,6.165176419824471,2.235003091262409,0.034465963673889544,0.03303682896504401,-0.01398242782584258,1,18.700000762939453,21.229999542236328,2.2994293343680248
2023-04-03,414.0,395.45965576171875,0.16191357142857143,0.17341,0.170975,0.011496428571428574,0.009061428571428554,0,0.18769428571428573,0.1486714285714286,0.03902285714285714,0.006269285714285727,0.0,0.09245166819554095,0.01593625498007968,0.11255653672994483,0.1809858248209142,-0.019072253392342753,0.6219080242406815,1.37,-0.2042724333368169,2.476258129618428,0.34816010411570997,0.03647011435193215,0.020605188613636694,-0.01022494918765171,1,18.549999237060547,20.829999923706055,2.358642094203404
2023-04-04,412.0,393.265625,0.16888,0.17358428571428572,0.17654642857142858,0.004704285714285716,0.007666428571428574,0,0.19745285714285715,0.1500657142857143,0.04738714285714285,0.004879285714285725,0.087310717115246,0.13445479485092407,0.03187250996015936,0.13098029161898958,0.1823991799481928,-0.013519179948192794,0.7180969325420881,1.41,-0.010402537214493673,1.7964459996518818,-0.06002204395009605,0.033038564124006964,0.01424017980106096,-0.015716272707066548,1,19.0,21.34000015258789,2.1119999999999983
2023-04-05,411.0,392.23590087890625,0.17097,0.17375857142857143,0.18072500000000002,0.002788571428571418,0.009755000000000014,0,0.20024,0.15146,0.04877999999999999,0.0048799999999999955,0.11350482746890242,0.06450866287528113,0.05179282868525897,0.1215491579361188,0.17330058557507852,-0.0023305855750785087,0.701377652780408,1.55,0.8806049870192058,1.0465561595321435,-0.5152797271064674,0.015572502677646094,0.027332224055033327,-0.018293514732716787,1,19.079999923706055,21.479999542236328,1.9829999237060534
2023-04-06,412.0,393.76593017578125,0.166095,0.17074023809523808,0.17329642857142855,0.004645238095238091,0.007201428571428553,0,0.20024000000000003,0.1417,0.058540000000000036,0.004875000000000018,0.052406125088962245,0.03227086364237531,0.02390438247011952,0.11954681501459806,0.173534673140788,-0.007439673140788,0.6888929621437107,1.38,-0.2546669792966384,0.8087952583751744,-0.6148487539549039,0.013599025719867486,0.029659117968701576,-0.014464085350996636,1,18.399999618530273,21.0,1.7904996185302728
2023-04-10,413.0,394.1701354980469,0.166095,0.17259833333333333,0.1730642857142857,0.006503333333333333,0.006969285714285706,0,0.19745142857142856,0.15146,0.045991428571428544,0.008360714285714277,0.052406125088962245,0.03227086364237531,0.027888446215139442,0.06566616789460772,0.15759863288864773,0.008496367111352265,0.4166671162750793,1.13,-1.7442413912451376,1.036864106260063,-0.4296832565350545,0.0005375224606769535,0.0500900117779941,-0.013452421234176781,1,18.969999313354492,21.06999969482422,2.3604993133544916
2023-04-11,413.0,394.2760009765625,0.166095,0.17306285714285713,0.170975,0.006967857142857137,0.0048799999999999955,0,0.1988457142857143,0.15146,0.04738571428571428,0.009057857142857173,0.052406125088962245,0.03227086364237531,0.03187250996015936,0.057407340525825634,0.14552207284927646,0.020572927150723536,0.3944923227233364,1.19,-1.2091410668963065,0.7130130301962865,-0.6507163078837669,-0.0029931113526013853,0.0657504034622356,-0.013187456128759711,1,19.100000381469727,21.010000228881836,2.490500381469726
2023-04-12,411.0,392.6689147949219,0.166095,0.17352738095238096,0.17608214285714285,0.007432380952380968,0.009987142857142861,0,0.20024,0.1417,0.05854000000000001,0.004875000000000018,0.052406125088962245,0.03227086364237531,0.035856573705179286,0.049806948401583125,0.14683368822197368,0.019261311778026313,0.3392065472488044,1.1,-1.5666514426403955,0.8557422336632279,-0.5471687520310011,-0.0015173210348047306,0.06292113798786914,-0.01720974711070411,1,19.09000015258789,21.049999237060547,2.48050015258789
2023-04-13,416.0,397.8846130371094,0.15634000000000003,0.16330785714285714,0.16679214285714283,0.006967857142857109,0.010452142857142799,0,0.18073,0.14030714285714285,0.04042285714285715,0.004178571428571393,0.0,0.0,0.0,0.10232237456294803,0.1435108534753165,0.012829146524683532,0.7129939797936413,1.36,0.021208431505846934,1.7228583637205734,0.12040274988409595,0.014401313458420661,0.059525674752767044,-0.004155651914218184,1,17.799999237060547,20.260000228881836,2.165999237060543
2023-04-14,415.0,396.9127197265625,0.15146,0.15912857142857142,0.16423595238095237,0.0076685714285714135,0.01277595238095236,0,0.17375857142857143,0.13195,0.04180857142857142,0.001394285714285709,0.0,0.0,0.0,0.10802569475427087,0.14106860719749495,0.010391392802505062,0.7657670753283595,1.18,-1.0151708581158243,1.403559293979489,-0.1409506563972676,0.00799152316041285,0.06358957626221184,-0.006588152263660496,1,17.06999969482422,20.030000686645508,1.923999694824218
2023-04-17,417.0,398.3369445800781,0.1430942857142857,0.15634,0.15889238095238095,0.013245714285714305,0.01579809523809525,0,0.17097,0.13195,0.03902,0.00836571428571431,0.0,0.0,0.0,0.10870381643173198,0.13098694001787,0.012107345696415694,0.8298828602065363,1.18,-1.0419112482663886,0.8091449913302831,-0.584628380505793,0.01057109280175772,0.049001103834811266,-0.003023535225693874,1,16.950000762939453,19.649999618530273,2.6405721915108824
2023-04-18,417.0,398.5967102050781,0.1417,0.1559914285714286,0.15935690476190476,0.014291428571428594,0.017656904761904763,0,0.17097,0.1235842857142857,0.04738571428571431,0.005577142857142864,0.0,0.0,0.0,0.10832962797750421,0.12089187363029326,0.020808126369706734,0.8960869306136622,1.12,-1.2614383357937882,0.9725080230713197,-0.4583519700485939,0.010958590474220875,0.06210404022998839,-0.0023733815856508134,1,16.829999923706055,19.81999969482422,2.6599999237060548
2023-04-19,417.0,398.52935791015625,0.1417,0.15145999999999998,0.15982142857142856,0.009759999999999991,0.018121428571428566,0,0.17097,0.12219,0.04878000000000002,0.0048799999999999955,0.0,0.0,0.00398406374501992,0.09704430010288484,0.11877935260798445,0.022920647392015547,0.8170132095530671,1.3,-0.19871662377049024,0.4352285957459404,-0.8361492967052433,0.014924642349891881,0.05181076183854039,-0.002541954081371589,1,16.459999084472656,20.020000457763672,2.2899990844726563
2023-04-20,415.0,396.3545837402344,0.14658,0.15634,0.16075071428571427,0.009760000000000019,0.014170714285714286,0,0.18073,0.12219,0.05854000000000001,0.0048799999999999955,0.04879878003049919,0.028582305912671652,0.01195219123505976,0.05397189356725938,0.11514486738816256,0.03143513261183743,0.4687303463150972,1.23,-0.5504643546544465,0.660200267594178,-0.5852124845509165,-0.0038454095653412956,0.032513684769530204,-0.007985081295938334,1,17.170000076293945,20.549999237060547,2.512000076293946
2023-04-21,415.0,396.6625061035156,0.1417,0.1549457142857143,0.1607504761904762,0.013245714285714305,0.0190504761904762,0,0.17375857142857143,0.12219,0.051568571428571436,0.006274285714285732,0.0,0.0,0.00796812749003984,0.05249927585236687,0.09304590555973123,0.04865409444026876,0.5642298340432049,1.2,-0.6556412208654807,0.6908450020768039,-0.539539878330809,-0.0006303996083049102,0.05123555695599835,-0.007214398703359048,1,16.770000457763672,20.389999389648438,2.600000457763672
2023-04-24,415.0,397.0763244628906,0.1417,0.15389999999999998,0.16191214285714284,0.012199999999999989,0.020212142857142845,0,0.17794142857142858,0.12219,0.05575142857142859,0.00836571428571431,0.0,0.0,0.01195219123505976,0.043529589063369824,0.09315101307277766,0.04854898692722233,0.4673012952565607,1.02,-1.6037090419877444,0.5424146574553728,-0.6306545047046789,-0.0031647080049690413,0.049495118798803084,-0.006178674624530922,1,16.889999389648438,20.399999618530273,2.7199993896484376
2023-04-25,409.0,390.773193359375,0.166095,0.1730614285714286,0.17689517857142859,0.006966428571428596,0.010800178571428592,0,0.20024,0.1430942857142857,0.0571457142857143,0.005572142857142859,0.27781573852636376,0.14288224441385772,0.07171314741035857,0.11477780868134221,0.11120278057263276,0.05489221942736723,1.0321487294679148,1.06,-1.2880303838328573,1.9752270544192585,0.47371186470876026,-0.019627650317730727,0.026102234908655042,-0.02195444799954782,1,18.760000228881836,21.649999618530273,2.1505002288818353
2023-04-26,407.0,389.1180114746094,0.166095,0.17271607142857143,0.18072500000000002,0.0066210714285714345,0.014630000000000032,0,0.20024,0.1417,0.05854000000000001,0.004875000000000018,0.27781573852636376,0.14288224441385772,0.07569721115537849,0.10982706492670623,0.11276389694318195,0.05333110305681804,0.9739559194379784,1.23,-0.2648286770497453,0.9646341695367132,-0.35009239175912593,-0.02361518981913635,0.01984914004096483,-0.026097115172364793,1,18.84000015258789,21.540000915527344,2.23050015258789
2023-04-27,415.0,396.8646240234375,0.1424014285714286,0.1549457142857143,0.16295785714285715,0.012544285714285702,0.02055642857142856,0,0.17097,0.12219,0.04878000000000002,0.004178571428571393,0.009149778709527549,0.004108288115668156,0.01593625498007968,0.20452867384727513,0.12938687306170277,0.013014555509725828,1.5807528925267271,1.3,0.21995162068912782,2.2741556750522283,0.6597687475249131,0.0012868282697531264,0.04249249181843884,-0.00670852845453318,1,17.030000686645508,20.3700008392334,2.7898578295026475
2023-04-28,418.0,400.25189208984375,0.13195,0.14274964285714287,0.15355035714285714,0.010799642857142855,0.02160035714285713,0,0.16122,0.11244,0.048780000000000004,0.0048799999999999955,0.0,0.0,0.0,0.21293864878554966,0.12370306668918887,0.008246933310811139,1.7213691987165554,1.29,0.1772144426328895,2.1212454719908505,0.5116659676269537,0.009048967147379905,0.03632741123469607,0.0,1,15.779999732971191,19.540000915527344,2.584999732971191
2023-05-01,418.0,399.8478088378906,0.13195,0.14170500000000003,0.1545955357142857,0.009755000000000014,0.02264553571428568,0,0.16818428571428573,0.11244,0.05574428571428573,0.008362142857142846,0.0,0.0,0.00398406374501992,0.21389612827056323,0.12308910885314198,0.008860891146858035,1.73773399014338,1.15,-0.6619606347199297,1.044833336959344,-0.278462693265298,0.006979727080804521,0.029254484493836497,-0.00100957237164645,1,16.079999923706055,19.670000076293945,2.8849999237060544
2023-05-02,413.0,395.353759765625,0.15146,0.16144738095238093,0.16783785714285712,0.009987380952380914,0.01637785714285711,0,0.18908714285714287,0.1235842857142857,0.06550285714285717,0.004875714285714289,0.2856933665251134,0.10809762584148266,0.0398406374501992,0.19122852511264302,0.12158891825013625,0.029871081749863762,1.5727463313658416,1.1,-0.941352293125098,1.1278579586363635,-0.04083467603760331,0.011721803040971368,0.0035419623853572,-0.01223762440857934,1,17.780000686645508,20.75,2.634000686645507
2023-05-03,410.0,392.6401062011719,0.161215,0.1665597619047619,0.17480535714285717,0.005344761904761908,0.013590357142857168,0,0.19048,0.13195,0.05853,0.0,0.4285400497876699,0.16214643876222393,0.05179282868525897,0.19776247265716715,0.12319125074916548,0.038023749250834515,1.6053288805374584,1.18,-0.261101699849966,0.580760953873179,-0.9475832653427863,0.009051482128044075,-0.007129803304754212,-0.019017488834164653,1,18.34000015258789,21.290000915527344,2.2185001525878896
2023-05-04,406.0,389.85906982421875,0.17585,0.1814264285714286,0.18769642857142857,0.005576428571428593,0.011846428571428563,0,0.21975,0.1417,0.07805000000000001,0.0048749999999999905,0.6428466832625565,0.24323350970994814,0.16733067729083664,0.12181402540304459,0.12412899501603067,0.05172100498396934,0.9813502911814672,1.25,0.543362796816311,1.8211376160440123,1.235781311405998,-0.017652251612139236,-0.008662224611625358,-0.025965704275277113,1,20.09000015258789,22.770000457763672,2.5050001525878898
2023-05-05,414.0,397.0763244628906,0.14658,0.15819404761904762,0.17062410714285714,0.011614047619047635,0.024044107142857152,0,0.18351571428571428,0.11522571428571428,0.06829,0.0027907142857142853,0.2441414165494549,0.08105936781449968,0.035856573705179286,0.1862339720950772,0.13970007063451487,0.006879929365485121,1.3330986251417505,1.23,0.4594682917363282,1.6668722953004071,0.8732213224740725,-0.007933922836373064,0.012340592926700866,-0.007933922836373064,1,17.190000534057617,20.780000686645508,2.5320005340576177
2023-05-08,414.0,397.1821594238281,0.14518571428571428,0.15796166666666667,0.16679214285714283,0.012775952380952388,0.021606428571428554,0,0.17794142857142858,0.11244,0.06550142857142859,5.0000000000050004e-06,0.2713348562057046,0.07333415123536176,0.03187250996015936,0.18670567061792104,0.13918158146598555,0.006004132819728725,1.3414538666062639,1.26,0.728256276777472,0.7569983958237614,-0.6958295614022066,-0.006666660052008,0.008675786771399574,-0.007669501947854762,1,16.979999542236328,20.709999084472656,2.4614281136648994
2023-05-09,413.0,395.44036865234375,0.15076285714285717,0.161215,0.16714071428571428,0.010452142857142827,0.01637785714285711,0,0.18908714285714287,0.12219,0.06689714285714288,0.004875714285714261,0.4285388870810287,0.10423501755191378,0.043824701195219126,0.16908660152404667,0.14014347906107608,0.010619378081781095,1.206524931854709,1.19,-0.07454591809533107,0.3791555105519031,-1.283639352104129,0.00021906680935601663,0.00322255046717812,-0.012021238456556671,1,17.709999084472656,21.170000076293945,2.633713370186939
2023-05-10,415.0,397.2879943847656,0.1417,0.15354928571428572,0.16574642857142857,0.011849285714285729,0.02404642857142858,0,0.18073,0.12219,0.05854000000000001,0.009759999999999991,0.22209567198177635,0.05402110978751686,0.02390438247011952,0.15882787314682584,0.14101252880317178,0.0006874711968282154,1.1263387338335098,0.99,-2.0814477300415604,1.2351190495723225,0.12874086401018822,0.011837527828123529,0.007639301912220953,-0.007405081059336571,1,16.940000534057617,20.690000534057617,2.7700005340576173
2023-05-11,413.0,396.59521484375,0.14309428571428573,0.15122785714285714,0.16295785714285715,0.008133571428571407,0.019863571428571425,0,0.1751514285714286,0.11244000000000001,0.06271142857142858,0.0007014285714285751,0.25385616661243093,0.06174632636665494,0.035856573705179286,0.14241614178035916,0.14031420090587296,0.0027800848084127694,1.014980243346119,1.17,-0.1306290040857344,0.4732096655015729,-1.051963730917569,0.017278410433207325,0.009999009091103295,-0.009135939937725324,1,16.93000030517578,20.6200008392334,2.6205717337472088
2023-05-12,412.0,396.0755615234375,0.1410064285714286,0.15401357142857142,0.16330642857142857,0.013007142857142828,0.022299999999999986,0,0.1863042857142857,0.11244,0.0738642857142857,0.008365714285714254,0.2062967783924505,0.050178289450251136,0.00796812749003984,0.053012154811476364,0.1325248154171688,0.008481613154259798,0.4000168168097562,1.1,-0.8620217840883339,0.9589247323020063,-0.1962770520103762,-0.0025203289085714564,-0.004546673719958982,-0.010434255649861557,1,17.030000686645508,20.65999984741211,2.9293578295026492
2023-05-15,414.0,397.4420166015625,0.1424,0.149835,0.15947303571428573,0.007434999999999997,0.017073035714285728,0,0.1849057142857143,0.11244,0.07246571428571431,0.006272857142857163,0.23804100227790406,0.05789954843892837,0.03187250996015936,0.06023234133450342,0.13284695368584443,0.009553046314155572,0.45339648116388465,1.26,0.8552869278599601,0.5407183922877231,-0.8697591970373272,0.0006542518881293979,0.0013335346757459288,-0.007020267845855743,1,17.1200008392334,20.309999465942383,2.8800008392333982
2023-05-16,411.0,394.7859802246094,0.1549457142857143,0.15494214285714286,0.1688835714285714,-3.5714285714361083e-06,0.013937857142857113,0,0.19745285714285715,0.12219,0.07526285714285716,0.004875714285714261,0.5238203709729906,0.12741066728932757,0.07171314741035857,0.07221049427947836,0.13418688174630494,0.020758832539409355,0.5381337828238698,1.28,0.9720423179830189,0.5846650944506384,-0.7522822525108711,-0.001654834659305382,-0.00891447404963186,-0.013656179953816294,1,17.989999771118164,20.899999618530273,2.4954283425467345
2023-05-17,416.0,399.57830810546875,0.14170500000000003,0.1442611904761905,0.15529035714285713,0.002556190476190462,0.013585357142857107,0,0.18073,0.11244,0.06829,0.004879999999999968,0.22220956719817803,0.05404881292074141,0.03187250996015936,0.11240844029272386,0.14099520058903348,0.0007097994109665495,0.7972501178984593,1.33,1.4601593339496501,3.120456140519928,2.6025953624253324,0.005764870202659589,0.0024626342246667488,-0.0016829001878242433,1,16.8700008392334,20.049999237060547,2.699500839233396
2023-05-18,420.0,403.4275207519531,0.13612785714285716,0.1358954761904762,0.15041464285714284,-0.00023238095238095613,0.014286785714285682,0,0.17097,0.1110457142857143,0.05992428571428571,0.0048799999999999955,0.0951675886755615,0.023147946604189545,0.00796812749003984,0.12237040292493698,0.14474624806860817,-0.008618390925751007,0.845413297807448,1.14,-0.48751589512226845,1.4072895961911556,0.26260398274332586,0.017227403792289486,0.012290594769434948,0.0,1,16.049999237060547,19.329999923706055,2.4372135227748313
2023-05-19,419.0,402.8404541015625,0.14031071428571432,0.1451907142857143,0.15598678571428573,0.0048799999999999955,0.015676071428571414,0,0.18073,0.10965142857142857,0.07107857142857144,0.004879999999999968,0.19044907256752405,0.04632359634160348,0.01195219123505976,0.12272738385094098,0.1432912600020607,-0.0029805457163463722,0.8564889711289859,1.34,1.4451513842386188,1.14509746556899,-0.1248128012123813,0.017079803035827235,0.016363808133928126,-0.0014551973283736253,1,16.809999465942383,20.040000915527344,2.7789280373709513
2023-05-22,420.0,403.00408935546875,0.14309785714285717,0.14658500000000002,0.1521567857142857,0.0034871428571428553,0.009058928571428537,0,0.18351571428571428,0.11522571428571428,0.06829,0.006272857142857108,0.25393752033843175,0.06176611431895811,0.05976095617529881,0.12452052108673764,0.1432968873320938,-0.00019903018923664306,0.8689687780737239,1.33,1.2466941423224058,0.684960910347399,-0.7729797294904469,0.013994677265041888,0.015987352357165197,-0.0010495848069440594,1,17.209999084472656,20.360000610351562,2.9002133701869397
2023-05-23,415.0,398.4813232421875,0.15285357142857142,0.1565092857142857,0.16226071428571429,0.00365571428571429,0.009407142857142864,0,0.20024,0.11383285714285715,0.08640714285714285,0.004182857142857155,0.47616335828180895,0.1158188848301599,0.08764940239043825,0.14845004166858913,0.14922696347417708,0.0036266079543943452,0.9947936901783679,1.24,0.24270024234670642,1.2417595099963317,0.050285195673204525,0.009360370435332221,0.0035383594859184075,-0.012260436522888551,1,18.530000686645508,21.059999465942383,3.2446435437883654
2023-05-24,412.0,395.5943908691406,0.166095,0.1664435714285714,0.17167142857142859,0.0003485714285714203,0.005576428571428593,0,0.21975,0.12219,0.09756000000000001,0.004875000000000018,0.777790432801822,0.18918469678920674,0.15139442231075698,0.1265892278835622,0.14009298402713583,0.026002015972864168,0.9036086193941163,1.11,-1.0882352369707826,1.7436285863846577,0.702867992311131,-0.009970304081863612,0.01233758505367022,-0.019416449002319536,1,20.030000686645508,22.020000457763672,3.420500686645507
2023-05-25,415.0,399.0201110839844,0.156335,0.1573807142857143,0.16696642857142857,0.0010457142857142887,0.01063142857142857,0,0.20024000000000003,0.11244000000000001,0.08780000000000002,5.000000000032756e-06,0.5554669703872436,0.13510818073524108,0.09561752988047809,0.12109016074504554,0.14158783928812824,0.014747160711871765,0.855229950212247,1.02,-1.7701518112682793,0.6699087254068815,-0.7324258861726726,-0.01092491077394453,0.02544754886017686,-0.01092491077394453,1,19.139999389648438,21.3799991607666,3.5064993896484378
2023-05-26,421.0,404.187744140625,0.14031071428571432,0.14797785714285716,0.15738071428571426,0.007667142857142845,0.017069999999999946,0,0.19048,0.11244,0.07804000000000001,0.011149285714285695,0.19044907256752405,0.04632359634160348,0.01593625498007968,0.16229770501747737,0.131967838171063,0.008342876114651315,1.2298277161068543,1.41,1.8810091816663101,1.5605881016943641,0.6559324941046805,0.003344475524602597,0.018452438624902534,0.0,1,17.950000762939453,20.440000534057617,3.9189293343680216
2023-05-30,421.0,404.3417053222656,0.13752214285714287,0.14449214285714287,0.15494392857142855,0.006970000000000004,0.01742178571428568,0,0.18073,0.11244000000000001,0.06828999999999999,0.00906285714285715,0.12692808330621547,0.03087316318332747,0.01195219123505976,0.1623003717482106,0.12901864281970166,0.008503500037441214,1.2579606187225114,1.33,1.0427109137538402,1.1247486168384326,-0.025490022628733105,0.003319112639616595,0.010218098435631706,0.0,1,17.459999084472656,20.1299991607666,3.70778479875837
2023-05-31,418.0,402.09954833984375,0.141705,0.1497189285714286,0.15825214285714284,0.008013928571428602,0.016547142857142844,0,0.19048,0.10268,0.08780000000000002,0.0048749999999999905,0.2222095671981774,0.054048812920741256,0.04780876494023904,0.13918915300587503,0.13063554308553837,0.011069456914461623,1.0654768963966863,1.27,0.44249502192496465,0.8762257912872169,-0.38957591991038126,0.009080036846437434,0.005631491412939171,-0.005545203358715778,1,17.940000534057617,20.209999084472656,3.7695005340576166
2023-06-01,422.0,405.9198913574219,0.12707,0.1354307142857143,0.14588571428571429,0.008360714285714305,0.018815714285714297,0,0.16122,0.09292,0.0683,2.7755575615628914e-17,0.0,0.0,0.0,0.1197513629564439,0.12721674703499855,-0.00014674703499856223,0.9413175996671188,1.17,-0.46436408073448954,2.532964486268789,1.8523166856706204,0.026101230772245243,0.026725764788630535,0.0,1,15.649999618530273,18.75,2.9429996185302745
2023-06-02,428.0,411.78997802734375,0.117315,0.13090232142857144,0.1390907142857143,0.013587321428571442,0.021775714285714287,0,0.15146,0.09989142857142858,0.051568571428571436,0.008360714285714277,0.0,0.0,0.0,0.1360334849945832,0.13130325550048272,-0.013988255500482716,1.0360252263058558,1.08,-1.1626315348846232,10.69644472635044,4.039975974403239,0.03200306598248526,0.0487720727549934,0.0,1,14.600000381469727,17.920000076293945,2.868500381469726
2023-06-05,427.0,411.0008850097656,0.11870785714285714,0.1319475,0.13961357142857145,0.013239642857142853,0.020905714285714305,0,0.15146,0.10268,0.04878000000000002,0.008362142857142874,0.023795287312840866,0.007138464241785261,0.00398406374501992,0.1314857472291368,0.1278183905466453,-0.009110533403788146,1.028691932880763,1.27,0.4841331941093811,1.2399236520517183,-0.18275975659640264,0.016856376691051222,0.05422937882419765,-0.001916251146660275,1,14.729999542236328,17.899999618530273,2.8592138279506134
2023-06-06,428.0,411.8958435058594,0.117315,0.1251525,0.1378707142857143,0.007837499999999997,0.02055571428571429,0,0.1417,0.09292,0.04877999999999999,-5.0000000000050004e-06,0.0,0.0,0.00398406374501992,0.12954163516245398,0.1141286737996027,0.003186326200397299,1.135048983307339,1.27,0.4788090197388934,0.6714532422764645,-0.4346775544388027,0.0186825600331606,0.03732158814307174,0.0,1,13.960000038146973,17.040000915527344,2.228500038146972
2023-06-07,426.0,410.4715881347656,0.11243500000000001,0.12567499999999998,0.13508214285714285,0.013239999999999974,0.022647142857142838,0,0.1417,0.09292,0.04877999999999999,0.0048749999999999905,0.0,0.0,0.0,0.12064583456122484,0.11546127591125568,-0.003026275911255677,1.0449030084679996,1.11,-0.8621067267356288,0.603625462201486,-0.4712856315556384,0.020820813725078047,0.03345927906282542,-0.003457804669673714,1,13.9399995803833,17.139999389648438,2.6964995803833
2023-06-08,429.0,412.9543762207031,0.10825642857142859,0.1219602380952381,0.1336894642857143,0.013703809523809507,0.025433035714285707,0,0.1417,0.08317,0.05853,0.0041785714285714065,0.0,0.0,0.0,0.11333224205292664,0.11432049699242625,-0.006064068420997659,0.9913554002519331,1.21,-0.11427344067623886,0.48551406518742446,-0.5043173753486838,0.017329736761008352,0.0442898827655025,0.0,1,13.649999618530273,16.860000610351562,2.824356761387415
2023-06-09,430.0,413.6953125,0.107555,0.11987119047619048,0.1291592857142857,0.01231619047619048,0.0216042857142857,0,0.1417,0.09292,0.04877999999999999,0.009755,0.0,0.0,0.0,0.059251193236920886,0.11393038940445269,-0.006375389404452689,0.5200648707218866,1.12,-0.9308398567150661,1.3319305090477822,-0.14752319056247928,0.004626956881718325,0.041298298330515903,0.0,1,13.829999923706055,16.959999084472656,3.074499923706055
2023-06-12,433.0,417.4482727050781,0.12079571428571428,0.12707,0.1350830357142857,0.0062742857142857045,0.01428732142857142,0,0.15146,0.09292,0.05854000000000001,0.001394285714285723,0.1938753098428038,0.06462668042617281,0.02390438247011952,0.07505216607351796,0.11565631858063086,0.005139395705083427,0.6489240449167043,1.42,1.6488475900863575,1.6953121817417367,-0.0011455429479482868,0.01568704090542128,0.05258020541055641,0.0,1,15.010000228881836,17.280000686645508,2.9304288003104073
2023-06-13,436.0,420.20050048828125,0.11661785714285713,0.12567714285714285,0.13543142857142856,0.009059285714285714,0.01881357142857143,0,0.1417,0.09292,0.04877999999999999,0.0006921428571428634,0.13270162007258415,0.04423495286439445,0.01195219123505976,0.07802151747139993,0.11565821254886696,0.0009596445939901721,0.67458692082445,1.09,-1.1779148799135724,3.2147840643277243,0.6197445995176792,0.02016203152655449,0.060909940699323206,0.0,1,14.609999656677246,17.229999542236328,2.948213942391533
2023-06-14,437.0,420.700927734375,0.117315,0.12962357142857142,0.13194499999999998,0.012308571428571419,0.014629999999999976,0,0.13195,0.09292,0.03903000000000001,-0.0048799999999999955,0.14290943700124464,0.04880122003050079,0.02390438247011952,0.05297848098157562,0.1157673694786295,0.0015476305213704966,0.4576287879751416,1.08,-1.14120793988126,1.468069567909106,-0.18407896720480868,0.024920944336471074,0.05852152052692916,0.0,1,13.880000114440918,16.860000610351562,2.1485001144409175
2023-06-15,441.0,425.91656494140625,0.11731000000000001,0.1261404761904762,0.13612821428571428,0.00883047619047618,0.01881821428571427,0,0.15146,0.09292,0.05854000000000001,0.0048799999999999955,0.14283622519950234,0.04877621940548521,0.01593625498007968,0.0753591992782314,0.11503352550251801,0.0022764744974820006,0.6551064044071381,1.0,-1.5885048817348977,3.754469020804521,0.8253830844056699,0.03138891235233099,0.07885433190683577,0.0,1,14.5,17.18000030517578,2.7689999999999984
2023-06-16,449.0,424.4658508300781,0.10895428571428571,0.12079714285714285,0.1268957142857143,0.011842857142857141,0.017941428571428594,0,0.12497857142857144,0.10268,0.022298571428571445,0.004875000000000004,0.023903069939967787,0.006996603486515734,0.00796812749003984,0.099610013559612,0.11318554693315935,-0.0042312612188736415,0.8800594798418543,1.04,-1.1902469231282549,2.871621194541223,0.3969550912910315,0.02603495375616105,0.062284519003569905,-0.0034060992944185964,1,13.539999961853027,16.75,2.6445713904244563
2023-06-20,445.0,422.2636413574219,0.117315,0.12724410714285717,0.13194499999999998,0.009929107142857163,0.014629999999999976,0,0.14030714285714285,0.10268,0.03762714285714286,0.00417857142857142,0.1667236077895457,0.04880122003050079,0.035856573705179286,0.11469348586538576,0.11373149745752531,0.0035835025424746925,1.0084584167918806,1.21,0.16635371459394502,1.6551524670677376,-0.1568791006459031,0.01153524632199332,0.04669022224948827,-0.008576617780731044,1,13.880000114440918,17.299999237060547,2.1485001144409175
2023-06-21,444.0,420.10003662109375,0.10268,0.11801178571428572,0.12707000000000002,0.015331785714285728,0.024390000000000023,0,0.13195,0.10268,0.029270000000000018,0.014635000000000009,0.0,0.0,0.0,0.11727450419620722,0.11590538400929311,-0.013225384009293115,1.011812395072211,1.07,-0.8526002977799314,1.1958319017296297,-0.3757707073940977,-0.000239085548614959,0.04284471021666514,-0.013656497067947249,1,13.199999809265137,16.889999389648438,2.931999809265138
2023-06-22,445.0,421.61651611328125,0.10756,0.11836017857142858,0.12532892857142858,0.010800178571428579,0.017768928571428574,0,0.13195,0.09431428571428571,0.0376357142857143,0.005572142857142859,0.07695340219191057,0.02381998340410997,0.00796812749003984,0.12009668414141081,0.11588135185712829,-0.00832135185712829,1.036376278121778,1.06,-0.8495218340687867,0.631683464977486,-0.611406187415231,0.0021763402896137762,0.04618421313684351,-0.010095988703131442,1,12.90999984741211,16.559999465942383,2.153999847412109
2023-06-23,442.0,418.4290466308594,0.1040742857142857,0.11870857142857144,0.1291592857142857,0.014634285714285739,0.025084999999999996,0,0.1347357142857143,0.10268,0.0320557142857143,0.01463357142857144,0.021986686340545753,0.006805709544031381,0.00398406374501992,0.0676986256384668,0.11108860909877147,-0.0070143233844857655,0.6094110475204022,1.11,-0.45254901441047474,1.0637832201132718,-0.40166402529980755,-0.017579777183770573,0.050059368470195764,-0.017579777183770573,1,13.4399995803833,16.8700008392334,3.032571008954731
2023-06-26,440.0,416.719482421875,0.10965142857142857,0.11975375,0.12707000000000002,0.01010232142857144,0.01741857142857145,0,0.1389142857142857,0.10268,0.03623428571428572,0.011145714285714287,0.1099334317027292,0.034028547720157044,0.02390438247011952,0.06778587619956059,0.10813608272821659,0.0015153458432119737,0.626857146008608,1.09,-0.6567096945382812,0.966720129339713,-0.45303744832272785,-0.01824968579463926,0.053400887475480774,-0.02159362484714933,1,14.25,17.049999237060547,3.2848571428571436
2023-06-27,444.0,421.28814697265625,0.10755999999999999,0.11870928571428571,0.122195,0.011149285714285723,0.014635000000000009,0,0.13195,0.10268,0.029270000000000018,0.009755000000000014,0.07695340219191037,0.0238199834041099,0.01195219123505976,0.12077828954332007,0.11004156558668311,-0.0024815655866831238,1.0975697128570867,1.24,0.7066057159911993,1.0939001153961538,-0.3846699014829846,-0.0023101548161470475,0.0558068008857453,-0.01086695928200565,1,13.739999771118164,16.440000534057617,2.9839997711181656
2023-06-28,445.0,421.5006103515625,0.10755999999999999,0.1140069642857143,0.117315,0.006446964285714313,0.009755000000000014,0,0.13195,0.10268,0.029270000000000018,0.009755000000000014,0.07695340219191037,0.0238199834041099,0.01593625498007968,0.11344045750092022,0.10363421155111135,0.003925788448888634,1.0946236363748714,0.91,-1.9824204137753128,1.5710413582732303,-0.1828906500032477,0.003333905280593852,0.04283372383729178,-0.010368121255042606,1,13.430000305175781,15.899999618530273,2.674000305175783
2023-06-29,446.0,423.1618957519531,0.10756,0.11418107142857142,0.12149785714285713,0.006621071428571421,0.013937857142857127,0,0.13195,0.10268,0.029270000000000018,0.009755,0.07695340219191057,0.02381998340410997,0.02390438247011952,0.11400217755896223,0.10366678070756404,0.0038932192924359676,1.0996982522352416,0.91,-1.7293955892612938,0.6592074530511698,-0.5832158442157669,0.0036653678867188955,0.046545261549727046,-0.006467626329189846,1,13.539999961853027,16.100000381469727,2.783999961853027
2023-06-30,451.0,428.155517578125,0.10755999999999999,0.11139232142857143,0.12184642857142856,0.003832321428571442,0.014286428571428575,0,0.12497857142857144,0.10268,0.022298571428571445,0.006269285714285727,0.07695340219191037,0.0238199834041099,0.0199203187250996,0.10749152268742904,0.1047277455404255,0.002832254459574496,1.0263901140308296,1.34,1.5781184063758587,8.909879797853383,2.423465191997757,0.023245209732885463,0.06479979732844532,0.0,1,13.59000015258789,16.020000457763672,2.834000152587892
2023-07-03,452.0,428.6481628417969,0.10755999999999999,0.1148775,0.1226592857142857,0.0073175000000000046,0.015099285714285718,0,0.1291614285714286,0.10268,0.0264814285714286,0.008360714285714305,0.07695340219191037,0.0238199834041099,0.02390438247011952,0.0848446874423501,0.10218765005084052,0.005372349949159472,0.830283183928176,0.89,-1.628700871346637,1.159389993301095,-0.345423359510391,0.02862520453950279,0.05599201213907068,0.0,1,13.569999694824219,16.06999969482422,2.8139996948242203
2023-07-05,451.0,428.0106201171875,0.11244,0.12288928571428573,0.12405214285714285,0.01044928571428573,0.011612142857142849,0,0.13195,0.10268,0.029270000000000018,0.004875000000000004,0.15390680438382093,0.04763996680821987,0.05179282868525897,0.08201647518404918,0.09358500518551525,0.018854994814484743,0.8763847907201205,1.25,0.9121917530926293,1.048639649577591,-0.3982234847877968,0.015956948214276734,0.03939057032798088,-0.0014873333887229778,1,14.180000305175781,16.510000228881836,2.9360003051757815
2023-07-06,448.0,424.6590270996094,0.11801142857142857,0.12451380952380953,0.12823071428571428,0.006502380952380954,0.010219285714285709,0,0.15146,0.11244000000000001,0.03902,0.013938571428571439,0.2417634403757562,0.07483491273211587,0.0796812749003984,0.11427963430700079,0.09871603774605744,0.019295390825371128,1.1576602638872115,1.06,-0.3672337536836064,2.390579694822632,0.26728685500776433,0.0074932673179584075,0.03323141771220084,-0.009306317133708997,1,15.4399995803833,17.520000457763672,3.638856723240444
2023-07-07,447.0,423.58685302734375,0.11244,0.12474619047619048,0.12985714285714287,0.012306190476190484,0.017417142857142867,0,0.1417,0.11244,0.029259999999999994,0.01462999999999999,0.15390680438382093,0.04763996680821987,0.055776892430278883,0.11479176023846804,0.09968447366777937,0.01275552633222063,1.1515510491737866,1.07,-0.2793644669795312,1.744361569639856,-0.1085210850878252,0.0010042427724630265,0.028383412228625948,-0.011807608787818613,1,14.829999923706055,17.239999771118164,3.585999923706055
2023-07-10,448.0,424.6590270996094,0.11244,0.12544333333333335,0.1291592857142857,0.013003333333333353,0.0167192857142857,0,0.1486714285714286,0.11244,0.036231428571428595,0.018115714285714304,0.18190289814555965,0.04763996680821987,0.05976095617529881,0.06383145157779403,0.09820165376904888,0.014238346230951118,0.6500038352502,0.93,-1.1655009433893853,0.9300001575633731,-0.5644951704082742,-0.008166402942308526,0.03456375392341582,-0.009306317133708997,1,15.069999694824219,17.25,3.825999694824219
2023-07-11,450.0,427.363525390625,0.117315,0.12567571428571428,0.1268378571428571,0.008360714285714277,0.00952285714285711,0,0.1417,0.11244000000000001,0.02925999999999998,0.009755000000000014,0.37501601537476,0.07143554449162888,0.08764940239043825,0.08522858980909472,0.09838770860123708,0.018927291398762924,0.8662524112084372,0.88,-1.3604220900003483,0.797998405039587,-0.6172254415757442,-0.0029969507921254745,0.03489283562458456,-0.0029969507921254745,1,14.84000015258789,16.969999313354492,3.10850015258789
2023-07-12,454.0,430.8019714355469,0.10268,0.11615428571428571,0.11987119047619048,0.013474285714285716,0.017191190476190485,0,0.13195,0.10268,0.029270000000000018,0.014635000000000009,0.0,0.0,0.00398406374501992,0.10368730471928254,0.1008440553237128,0.001835944676287199,1.0281945166370277,1.04,-0.18650453592447397,1.9181292539462347,-0.01843875733615104,0.006521687049716451,0.04135086479991701,0.0,1,13.539999961853027,16.110000610351562,3.2719999618530284
2023-07-13,457.0,434.2212219238281,0.10756,0.11592214285714286,0.11801214285714286,0.00836214285714286,0.010452142857142854,0,0.13195,0.10268,0.029270000000000018,0.009755,0.12504804612427953,0.02381998340410997,0.0398406374501992,0.07127208998083108,0.09991667556966533,0.0076433244303346776,0.7133152656899372,1.11,0.3602457045093055,1.205381265833617,-0.35256252518575104,0.022517347363431472,0.04017970684142669,0.0,1,13.609999656677246,16.1200008392334,2.853999656677246
2023-07-14,456.0,433.95086669921875,0.10755999999999999,0.117315,0.12033595238095238,0.009755000000000014,0.012775952380952388,0,0.13195,0.10268,0.029270000000000018,0.009755000000000014,0.20008200082000804,0.0238199834041099,0.03187250996015936,0.059889324248551076,0.0987580874370853,0.008801912562914682,0.60642450459264,1.01,-0.40214670374527883,1.1651611575607288,-0.36532567759482226,0.024467269457973506,0.03272334562895396,-0.0006226209382663717,1,13.34000015258789,16.040000915527344,2.584000152587892
2023-07-17,458.0,435.45758056640625,0.11243499999999998,0.117315,0.12103309523809523,0.004880000000000023,0.008598095238095252,0,0.13195,0.10268,0.029270000000000018,0.004880000000000023,0.5384827694976727,0.04761556108751885,0.05976095617529881,0.05795212835731488,0.09897291293052539,0.01346208706947459,0.5855352403136271,1.17,0.7838994265158704,0.8167551140958424,-0.48674392283304907,0.0254287623191487,0.03507634963274531,0.0,1,13.479999542236328,16.270000457763672,2.2364995422363307
2023-07-18,461.0,438.6932678222656,0.10825714285714286,0.117315,0.12126547619047619,0.009057857142857145,0.01300833333333333,0,0.1305557142857143,0.10268,0.02787571428571431,0.00836071428571429,0.3078621559813898,0.02722283817612566,0.05179282868525897,0.0599228442200396,0.09360708804859863,0.014650054808544227,0.6401528502727171,1.23,1.1365411578847637,3.8615418066507963,1.1528341316679507,0.02651078475002011,0.029998135626908784,0.0,1,13.300000190734863,16.1299991607666,2.4742859050205777
2023-07-19,462.0,439.6688232421875,0.11244,0.11801214285714286,0.12637357142857145,0.005572142857142859,0.013933571428571448,0,0.13195,0.11244,0.019510000000000013,0.009755,0.5387587729674317,0.04763996680821987,0.08366533864541832,0.05703020376489452,0.09197248629397295,0.02046751370602705,0.6200789612516082,0.82,-1.6986804964783566,1.8559356087894483,0.05792502073538441,0.020582198770107585,0.03581671501341921,0.0,1,13.760000228881836,16.559999465942383,2.516000228881836
2023-07-20,460.0,436.7518005371094,0.11244000000000001,0.117315,0.12173023809523809,0.0048749999999999905,0.009290238095238074,0,0.13195,0.11244000000000001,0.01951,0.009755,0.5387587729674325,0.04763996680821994,0.08764940239043825,0.08313282832777726,0.09346930216292366,0.018970697837076347,0.8894131699289977,1.22,1.0515656724535212,1.065864327896175,-0.3672444383123919,0.005827855677042804,0.03431069540610565,-0.006634590743932023,1,13.989999771118164,16.65999984741211,2.7459997711181625
2023-07-21,459.0,436.7518005371094,0.11244,0.117315,0.12196261904761904,0.004875000000000004,0.009522619047619044,0,0.13195,0.10268,0.029270000000000018,0.004875000000000004,0.5387587729674317,0.04763996680821987,0.08764940239043825,0.08240473117623469,0.09044457994456537,0.02199542005543463,0.9111074563754025,1.35,1.6927084339178302,1.073788468812074,-0.37727332148556675,0.006454495319240916,0.039637615959159156,-0.006634590743932023,1,13.600000381469727,16.399999618530273,2.356000381469727
2023-07-24,462.0,438.70294189453125,0.11244,0.117315,0.12254321428571428,0.004875000000000004,0.010103214285714285,0,0.13195,0.10268,0.029270000000000018,0.004875000000000004,0.5387587729674317,0.04763996680821987,0.09163346613545817,0.08433444675327002,0.09070111604317291,0.02173888395682709,0.9298060534682682,1.46,2.007545825677533,2.3389151677525635,0.27907722778053473,0.00745276112521398,0.04052598778331351,-0.002196838385159272,1,13.90999984741211,16.260000228881836,2.6659998474121096
2023-07-25,463.0,439.900634765625,0.10755999999999999,0.11522571428571429,0.11836017857142858,0.0076657142857143035,0.010800178571428592,0,0.13195,0.11244000000000001,0.01951,0.014635000000000023,0.26937938648371546,0.0238199834041099,0.035856573705179286,0.06875553937820926,0.0838994924670759,0.02366050753292409,0.8194988712856699,1.37,1.3546871911484732,2.5802408419465457,0.367835942050306,0.002752189358530499,0.05131476485117914,0.0,1,13.859999656677246,16.219999313354492,3.1039996566772476
2023-07-26,463.0,439.9682922363281,0.10755999999999999,0.10930285714285713,0.11870857142857144,0.0017428571428571432,0.011148571428571452,0,0.12219,0.10268,0.01951,0.004875000000000004,0.31830040998881803,0.0238199834041099,0.0398406374501992,0.06713639203968544,0.0810081716534275,0.026551828346572492,0.8287607369650449,1.13,0.12005336891524535,1.0364646174416243,-0.4766279178294946,0.0006811240149626752,0.05579007172723616,0.0,1,13.1899995803833,15.789999961853027,2.4339995803833023
2023-07-27,460.0,437.05126953125,0.11244000000000001,0.117315,0.12393607142857142,0.0048749999999999905,0.011496071428571411,0,0.1417,0.10268,0.03902,0.009749999999999981,0.6366008199776378,0.04763996680821994,0.10756972111553785,0.06710741538174776,0.08112118214908688,0.03131881785091313,0.8272489823732572,1.19,0.375807078894004,1.854314755496015,-0.03636202517358659,0.0006856731758686507,0.03741648719971424,-0.006630074840737077,1,14.40999984741211,16.6299991607666,3.165999847412108
2023-07-28,464.0,441.3301086425781,0.10755999999999999,0.112435,0.12323964285714284,0.004875000000000004,0.01567964285714285,0,0.13195,0.10268,0.029270000000000018,0.009755000000000014,0.31830040998881803,0.0238199834041099,0.043824701195219126,0.095493618081938,0.08552765389470147,0.022032346105298514,1.1165232966580172,1.41,1.416741027024988,0.916499810041778,-0.5602642130990277,0.010482631324790104,0.0470450049276947,0.0,1,13.329999923706055,15.920000076293945,2.5739999237060562
2023-07-31,465.0,442.1704406738281,0.11104571428571428,0.112435,0.12532892857142858,0.001389285714285718,0.014283214285714302,0,0.13195,0.10268,0.029270000000000018,0.006269285714285727,0.5456578456951169,0.04083425726418842,0.07569721115537849,0.09319052539331081,0.08529476214098786,0.02575095214472642,1.0925703179671415,1.22,0.43850994413428,2.5153748782021,1.123859691008923,0.007903978861693028,0.04492026600858545,0.0,1,13.630000114440918,16.010000228881836,2.5254286858694908
2023-08-01,463.0,440.9051513671875,0.11244000000000001,0.11754738095238094,0.12567714285714285,0.005107380952380933,0.013237142857142836,0,0.13195,0.10268,0.029270000000000018,0.0048749999999999905,0.6366008199776378,0.04763996680821994,0.11952191235059761,0.09720583204764476,0.0792865431341617,0.033153456865838316,1.2260066866979131,1.16,0.0349964698324064,2.2965416325303543,0.7740599267572146,0.0022835079610596942,0.02977804387803107,-0.002861542044086951,1,13.930000305175781,16.34000015258789,2.6860003051757797
2023-08-02,457.0,434.7718505859375,0.12707000000000002,0.13194499999999998,0.1357792857142857,0.004874999999999963,0.008709285714285697,0,0.16122,0.12219,0.03903000000000001,0.014634999999999981,1.0,0.11905110557914786,0.16733067729083664,0.14176433471929747,0.09559359005618281,0.0314764099438172,1.482989964452417,1.25,0.5599435173185024,2.224400886015445,0.6158549601277032,-0.011810945793337635,0.014286046867768132,-0.01673243936572477,1,16.09000015258789,17.959999084472656,3.38300015258789
2023-08-03,456.0,433.5258483886719,0.122195,0.12846357142857145,0.1410057142857143,0.006268571428571457,0.01881071428571429,0,0.15146,0.12219,0.029270000000000018,0.014630000000000004,0.8001230012300118,0.09525552789573878,0.16334661354581673,0.13704158095865931,0.09610606351707647,0.026088936482923528,1.4259410482909778,1.35,1.0353827567443223,0.856490344329551,-0.9823821576701783,-0.008066378908724414,0.012885727625109755,-0.019550362235844276,1,15.920000076293945,17.719999313354492,3.7005000762939453
2023-08-04,453.0,431.5650329589844,0.13195,0.13775452380952383,0.1439707142857143,0.005804523809523815,0.012020714285714301,0,0.17097,0.11940428571428571,0.0515657142857143,0.013237142857142836,1.0,0.14287108898325776,0.18326693227091634,0.09280961026994967,0.09305274364932149,0.03889725635067852,0.9973871444318924,1.31,0.7340818148606449,2.292637824287312,0.744304950712567,-0.022126466090493402,0.01626247275736148,-0.023984886232291003,1,17.100000381469727,18.610000610351562,3.9050003814697263
2023-08-07,457.0,435.33197021484375,0.12219,0.128695,0.13752214285714287,0.006505000000000011,0.015332142857142878,0,0.15146,0.11244,0.03902000000000001,0.009760000000000019,0.6665527844209084,0.09523112217503783,0.16334661354581673,0.12802691874523295,0.09611064453689062,0.02607935546310937,1.3320784535587185,1.49,1.572785884024929,2.1941685165751004,0.5560769810916247,-0.015465688860981208,0.027727766108788687,-0.015465688860981208,1,15.770000457763672,17.719999313354492,3.5510004577636725
2023-08-08,455.0,433.43890380859375,0.12831090568652126,,,,,0,,,,,0.8756715301168859,0.12510814509943508,0.17928286852589642,0.12828024864422152,0.09794687594792889,0.03036402973859237,1.3096920897448392,1.24,0.08361729893958214,1.074162648875988,-0.8579902419922858,-0.016933908654598206,0.020675120858610452,-0.019746993607099306,1,15.989999771118164,18.1299991607666,3.158909202466038
2023-08-09,452.0,430.541259765625,0.12707000000000002,0.13403642857142856,0.14309607142857142,0.00696642857142854,0.016026071428571403,0,0.16122,0.12219,0.03903000000000001,0.014634999999999981,0.8332763922104547,0.11905110557914786,0.17928286852589642,0.09694421041923794,0.09935307326452286,0.027716926735477154,0.9757545210617548,1.11,-0.7599071281372652,1.2474341233387045,-0.5930059051801652,-0.009730599657293726,0.007435670538554762,-0.02630022235426066,1,15.960000038146973,18.049999237060547,3.253000038146972
2023-08-10,452.0,430.69580078125,0.1277664285714286,0.1342688095238095,0.14344785714285715,0.006502380952380926,0.01568142857142857,0,0.16261285714285714,0.11244000000000001,0.05017285714285713,0.009759999999999991,0.8570696471277273,0.12245047381963486,0.18326693227091634,0.09773250569282307,0.09537515157075314,0.03239127700067544,1.0247166487627666,1.29,0.32727858908128704,1.7280997802400624,-0.02726540019702899,-0.006527978938143164,-0.0002464488589574154,-0.025950716821078745,1,15.850000381469727,18.15999984741211,3.073357524326868
2023-08-11,452.0,430.4446105957031,0.12358428571428572,0.12962357142857142,0.13891642857142858,0.006039285714285705,0.015332142857142864,0,0.15424857142857146,0.11244,0.04180857142857146,0.009760000000000005,0.7141881009322074,0.10203683171906927,0.17131474103585656,0.09345457361427428,0.09092566075719233,0.03265862495709339,1.0278129720039666,1.22,-0.20153521002517752,1.127032829121936,-0.7806882439052584,-0.002596184300658444,-0.008697436093502375,-0.02651880134786011,1,14.84000015258789,17.559999465942383,2.4815715811593186
2023-08-14,454.0,432.82073974609375,0.12219357142857143,0.13032,0.13595357142857142,0.008126428571428562,0.013759999999999994,0,0.15564285714285714,0.11244,0.04320285714285714,0.011847857142857132,0.6666748011127921,0.09524855483268138,0.16733067729083664,0.07448591175950124,0.0931994415052874,0.028994129923284026,0.79920985100834,1.25,-0.02410837757344462,0.8417515472042669,-1.1432041793223395,-0.005768541344461031,-0.00260427398548857,-0.021145015739827078,1,14.819999694824219,17.40999984741211,2.6006425519670753
2023-08-15,448.0,427.7788391113281,0.1403114285714286,0.14031071428571432,0.14588785714285718,-7.142857142705683e-07,0.005576428571428593,0,0.16957714285714287,0.12219,0.04738714285714288,0.005572142857142859,1.0,0.183684427058274,0.22709163346613545,0.10604687707845006,0.10039349569763296,0.03991793287379562,1.0563122276152637,1.2,-0.35717293703851566,1.1955767173621985,-0.6707489180955829,-0.013058506395090652,-0.01763373012152014,-0.032547633759887895,1,16.459999084472656,18.59000015258789,2.4288562273297973
2023-08-16,445.0,424.6397705078125,0.14658,0.14913738095238094,0.15145999999999998,0.00255738095238095,0.0048799999999999955,0,0.18073,0.12219,0.05854000000000001,0.0048799999999999955,1.0,0.21428222775418557,0.2948207171314741,0.1077292704713657,0.09811035387377717,0.048469646126222815,1.0980418092260031,1.15,-1.0986136217074447,1.5432094286010527,-0.09123900646494174,-0.013707139847700334,-0.03203490535475195,-0.03964686137612561,1,16.780000686645508,18.969999313354492,2.1220006866455083
2023-08-17,441.0,421.404052734375,0.15215642857142855,0.156335,0.16086642857142855,0.004178571428571448,0.008709999999999996,0,0.19187428571428575,0.1305557142857143,0.061318571428571444,0.009058571428571471,1.0,0.24150157939878245,0.3107569721115538,0.10812154869813125,0.09928029426078114,0.052876134310647416,1.0890534672885501,1.39,1.0225687883898216,2.4548051541823748,1.229595189968114,-0.021573806918991245,-0.04154210974779882,-0.04696466798596266,1,17.889999389648438,19.829999923706055,2.6743565325055823
2023-08-18,442.0,421.60687255859375,0.14309928571428573,0.1507635714285714,0.15616089285714285,0.007664285714285679,0.013061607142857118,0,0.18351571428571428,0.12219,0.06132571428571429,0.00975357142857139,0.8169402457158539,0.19729235961480812,0.28286852589641437,0.1106988373035131,0.09815308098910101,0.04494620472518472,1.1278182629417937,1.35,0.6605975358624507,1.4043523786824268,-0.44973790722523127,-0.02053164987912992,-0.034676280578330054,-0.04650597648250154,1,17.299999237060547,19.239999771118164,2.9900706656319738
2023-08-21,444.0,424.34991455078125,0.1430992857142857,0.14658500000000002,0.15180821428571428,0.003485714285714314,0.008708928571428576,0,0.18073,0.11522571428571428,0.06550428571428572,0.0048785714285714266,0.8169402457158533,0.19729235961480798,0.28286852589641437,0.11616730661245744,0.10204581215196501,0.0410534735623207,1.138383870564555,1.18,-0.800974188731815,0.9321460733585349,-1.088002324041106,-0.019571209088274588,-0.02839572949917213,-0.04030239130388269,1,17.1299991607666,18.770000457763672,2.8200705893380302
2023-08-22,443.0,423.2005310058594,0.14588785714285718,0.14675910714285717,0.15198232142857143,0.0008712499999999901,0.006094464285714252,0,0.1793357142857143,0.12219,0.0571457142857143,0.004874999999999963,0.8733018609150112,0.21090377870287103,0.2948207171314741,0.09366007654640082,0.0998849616166705,0.04600289552618668,0.9376794567518684,1.12,-1.241613041301215,2.126103862293078,0.8895839501599248,-0.010702511875014142,-0.03533692028990043,-0.042901804198083204,1,16.969999313354492,18.719999313354492,2.381213599068774
2023-08-23,448.0,427.9140625,0.136825,0.13717357142857142,0.14309857142857146,0.0003485714285714203,0.006273571428571462,0,0.17097,0.11244,0.05853000000000001,0.0048799999999999955,0.6562184672058945,0.1666666666666667,0.2151394422310757,0.1174702987285692,0.10838729616488288,0.028437703835117123,1.083801357585938,1.51,2.0739614443671504,3.6532065631051833,2.606026246801915,0.007710752076452776,-0.02724836319459134,-0.032241816418353664,1,15.979999542236328,17.940000534057617,2.297499542236327
2023-08-24,442.0,421.9835510253906,0.14658500000000002,0.14710732142857147,0.1523305357142857,0.0005223214285714484,0.005745535714285682,0,0.19048000000000004,0.12079714285714285,0.06968285714285719,0.009053571428571439,0.8750700728757916,0.21430663347488665,0.3147410358565737,0.15199815006972586,0.11668079761041568,0.029904202389584342,1.3026835021922882,1.49,1.6540030155817662,0.7984808312543074,-1.136740547087696,0.0013751606973293473,-0.04087735759211719,-0.045654091254210716,1,17.200000762939453,18.75,2.5415007629394513
2023-08-25,445.0,424.9584655761719,0.13195,0.13752214285714287,0.14275071428571431,0.005572142857142859,0.010800714285714302,0,0.17097,0.11244,0.05853000000000001,0.009754999999999986,0.5469047809722117,0.14287108898325776,0.21115537848605578,0.15947364621736992,0.1193794197966157,0.012570580203384307,1.3358554304340056,1.62,2.2745750533037095,0.9229299209464467,-0.9754679648164599,0.00794956922129475,-0.02766907408379804,-0.03892610974045829,1,15.680000305175781,17.719999313354492,2.485000305175781
2023-08-28,448.0,427.65325927734375,0.12707,0.13438499999999998,0.14170500000000003,0.007314999999999988,0.014635000000000037,0,0.16122,0.10268,0.05854000000000001,0.004880000000000023,0.43747897813726283,0.11905110557914773,0.18326693227091634,0.1591604138210491,0.1159168874489985,0.011153112551001487,1.373056310635299,1.64,2.0124611797498035,1.1264029661644543,-0.634472711655286,0.007784483072323489,-0.030990066386589743,-0.0328316415144384,1,15.079999923706055,17.1200008392334,2.3729999237060557
2023-08-29,454.0,433.83489990234375,0.11801142857142857,0.12846285714285713,0.1354307142857143,0.010451428571428556,0.01741928571428572,0,0.15146,0.10268,0.04878000000000002,0.009058571428571444,0.23435572995915782,0.07483491273211587,0.1553784860557769,0.1756161459603316,0.12791999458359762,-0.009908566012169051,1.3728592354306568,1.62,1.6516182460388305,5.717599801087983,3.3371171164785447,0.025128439397768876,-0.018851420187160794,-0.018851420187160794,1,14.449999809265137,16.559999465942383,2.64885695212228
2023-08-30,456.0,435.62176513671875,0.117315,0.1220175,0.13386214285714285,0.004702499999999998,0.016547142857142844,0,0.1417,0.09292,0.04877999999999999,-5.0000000000050004e-06,0.21873948906863172,0.07143554449162888,0.15139442231075698,0.16709732147690295,0.12885279716990153,-0.011537797169901526,1.2968078702752048,1.24,-0.5779636699544584,1.138550999364939,-0.4895699596171274,0.01801226767750541,-0.011983044911327734,-0.014810296968584713,1,13.880000114440918,16.18000030517578,2.1485001144409175
2023-08-31,455.0,434.9842529296875,0.10894928571428572,0.12254,0.13194499999999998,0.013590714285714275,0.022995714285714258,0,0.1417,0.09292,0.04877999999999999,0.008360714285714277,0.03115239849443461,0.03060128722744046,0.06772908366533864,0.090556068152966,0.1193506318936009,-0.01040134617931518,0.7587397462101017,1.18,-0.8619520973603442,0.5988833960704892,-0.9253123335782705,0.030808551358710634,0.0004885374788266006,-0.01625207631064063,1,13.569999694824219,15.920000076293945,2.6750711233956466
2023-09-01,455.0,435.795654296875,0.10895285714285714,0.12114732142857143,0.12933339285714285,0.012194464285714288,0.020380535714285705,0,0.1417,0.08595571428571427,0.05574428571428572,0.0048749999999999905,0.03123248178105255,0.030618719885083953,0.07171314741035857,0.09445162335361958,0.11903079972770682,-0.010077942584849675,0.7935057444769402,1.34,0.048858601771035515,0.942190662882073,-0.5803342054497477,0.02550175981553804,0.005235687598881489,-0.014417034226074765,1,13.09000015258789,15.739999771118164,2.194714438302176
2023-09-05,454.0,433.91217041015625,0.11661785714285713,0.12254089285714286,0.13299267857142855,0.005923035714285721,0.016374821428571412,0,0.15146,0.09292,0.05854000000000001,0.005572142857142873,0.2031072315207817,0.06803268971961313,0.13545816733067728,0.11364762862885817,0.1189306138133854,-0.002312756670528271,0.9555792657993274,1.43,0.5915075099423661,0.889402243556636,-0.5682243029915092,0.014635480958075542,0.005438664562508633,-0.018676667420569837,1,14.010000228881836,16.239999771118164,2.3482145145961226
2023-09-06,450.0,430.9952087402344,0.12219,0.12985571428571427,0.13508214285714285,0.007665714285714276,0.012892142857142852,0,0.15146,0.09292,0.05854000000000001,1.3877787807814457e-17,0.32805317530231454,0.09523112217503783,0.18725099601593626,0.07016496352944691,0.11714782936306643,0.00504217063693356,0.5989437782239271,1.27,-0.35106017040279863,1.3883840962169502,-0.16725466864328373,-0.006545557221764753,-0.009961964136172008,-0.025273584359378876,1,14.449999809265137,16.610000610351562,2.2309998092651373
2023-09-07,449.0,429.6719665527344,0.12219,0.13171523809523808,0.136825,0.009525238095238087,0.014635000000000009,0,0.16122,0.10268,0.05854000000000001,0.009760000000000019,0.32805317530231454,0.09523112217503783,0.19123505976095617,0.05113551963852854,0.11669563452146364,0.0054943654785363505,0.43819565186153786,1.35,0.04911338002456271,0.709410784315269,-0.7031323577161775,-0.013658175647208615,-0.008690814836323169,-0.0282661909784091,1,14.399999618530273,16.579999923706055,2.180999618530274
2023-09-08,450.0,430.319091796875,0.117315,0.12730214285714286,0.13194499999999998,0.009987142857142861,0.014629999999999976,0,0.14448857142857144,0.09292,0.051568571428571436,0.001389285714285718,0.21873948906863172,0.07143554449162888,0.16733067729083664,0.05950125620124273,0.11456461627752405,0.002750383722475949,0.5193685287358313,1.1,-1.3564836615448603,0.6539905266969642,-0.6954065390953623,-0.010724896594283329,-0.0005160201576753787,-0.02680267106704992,1,13.84000015258789,16.139999389648438,2.10850015258789
2023-09-11,452.0,433.1491394042969,0.1159207142857143,0.12381833333333334,0.13107446428571426,0.007897619047619042,0.015153749999999966,0,0.1486714285714286,0.09292,0.05575142857142859,0.004875000000000004,0.1613489833030254,0.0646298349475975,0.13147410358565736,0.08382203946510833,0.1168145672988041,-0.000893853013089807,0.7175649527571075,1.22,-0.6563630620378361,1.9633094369150907,0.3362791981864913,-0.006072834518848214,0.005696221366906062,-0.020402316481815452,1,13.800000190734863,16.020000457763672,2.2079287621634336
2023-09-12,450.0,430.7730712890625,0.117315,0.12567714285714285,0.1312485714285714,0.008362142857142846,0.013933571428571406,0,0.15146,0.10268,0.04878000000000002,0.009755000000000014,0.19361877996363036,0.07143554449162888,0.1752988047808765,0.08691215871672607,0.11849728254306721,-0.001182282543067209,0.7334527581688491,1.28,-0.3162163512942892,1.9672902285376768,0.295747401216791,-0.007234411328279844,0.0007630730767074212,-0.025775964054487788,1,14.229999542236328,16.25,2.4984995422363276
2023-09-13,451.0,431.2752990722656,0.117315,0.12103309523809523,0.13090035714285714,0.0037180952380952287,0.013585357142857135,0,0.1417,0.09292,0.04877999999999999,-5.0000000000050004e-06,0.19361877996363036,0.07143554449162888,0.17928286852589642,0.07370112106462419,0.11691681834816486,0.00039818165183513887,0.6303722775379562,1.41,0.3886367835796484,1.378319016369438,-0.1946859646945163,0.0006498687835763128,-0.0035706252771868785,-0.0246401400893268,1,13.479999542236328,15.920000076293945,1.7484995422363276
2023-09-14,454.0,434.99395751953125,0.10755500000000001,0.11545595238095238,0.12637321428571427,0.00790095238095237,0.018818214285714258,0,0.13195,0.08456285714285713,0.04738714285714288,0.0007014285714285612,0.0,0.02379557768340908,0.01593625498007968,0.08703967955104233,0.11273066558795862,-0.005175665587958608,0.7721029508437456,1.29,-0.3776583835433384,2.5342246933842056,0.703851125760758,0.01238617219898086,0.016866468718256034,-0.016230128688296208,1,12.819999694824219,15.34000015258789,2.0644996948242174
2023-09-15,448.0,429.7530212402344,0.11244,0.12567642857142858,0.13177571428571427,0.01323642857142858,0.019335714285714276,0,0.1417,0.10268,0.03902,0.009749999999999995,0.10952563979372835,0.04763996680821987,0.12350597609561753,0.1362987658938877,0.1181436580281482,-0.005703658028148206,1.153669762463373,1.07,-1.5242056017531147,7.074228058734533,3.001639868651985,-0.0013154669812043274,0.012041384457011972,-0.028082880019457468,1,13.789999961853027,16.020000457763672,2.5459999618530276
2023-09-18,449.0,430.00506591796875,0.11244,0.12219,0.13194928571428574,0.009749999999999995,0.019509285714285743,0,0.1417,0.10546857142857143,0.03623142857142857,0.011144285714285704,0.10952563979372835,0.04763996680821987,0.12749003984063745,0.12347089553239557,0.11430689238226928,-0.0018668923822692807,1.0801701713618432,1.38,0.2464896575057593,0.9084220210155316,-0.5545452473475472,-0.00725863957770323,0.02041037129990597,-0.027512862997627008,1,14.0,16.1299991607666,2.7560000000000002
2023-09-19,448.0,429.1132507324219,0.12149357142857142,0.12724428571428573,0.13194892857142856,0.005750714285714303,0.010455357142857141,0,0.1417,0.11244000000000001,0.02925999999999998,0.005576428571428593,0.3125140130040676,0.09183175393455084,0.21115537848605578,0.11870688652182962,0.1147847448559767,0.006708826572594723,1.0341695376922615,1.07,-1.4426715881179946,1.818864320770142,-0.05611956200483368,-0.003853120511163155,0.017804212080970938,-0.029529766669857627,1,14.109999656677246,16.1299991607666,1.9606425138201047
2023-09-20,443.0,425.1683044433594,0.12707000000000002,0.136825,0.1382192857142857,0.009754999999999986,0.011149285714285695,0,0.15146,0.11244,0.03902000000000001,0.0048799999999999955,0.43754203901220373,0.11905110557914786,0.2549800796812749,0.13040213614947224,0.11791961511702781,0.009150384882972207,1.1058561887270095,1.23,-0.6076056984900505,1.0341082437784257,-0.47726185857536124,-0.014160316257488592,0.0019285732470206707,-0.038451544170521657,1,15.140000343322754,16.809999465942383,2.433000343322753
2023-09-21,436.0,418.1409606933594,0.14658,0.15146000000000004,0.15145999999999998,0.004880000000000051,0.0048799999999999955,0,0.18073,0.13195,0.04877999999999999,0.009760000000000019,0.8749719739918645,0.21428222775418557,0.38645418326693226,0.11291888794962983,0.13125435672259372,0.015325643277406265,0.8603058273203386,1.34,0.06711413170617316,7.123762048154532,2.4663174388853437,-0.03874305961000657,-0.011955491408468855,-0.0543443834550541,1,17.540000915527344,18.239999771118164,2.8820009155273443
2023-09-22,435.0,417.2007751464844,0.14658,0.15215714285714288,0.1542485714285714,0.005577142857142892,0.0076685714285714135,0,0.17097,0.13195,0.03902,0.004880000000000023,0.8749719739918645,0.21428222775418557,0.3904382470119522,0.11141885396514509,0.12428523079876123,0.022294769201238754,0.8964770250581987,1.38,0.34005897048253486,2.979972962074438,0.40755490379613474,-0.02920804618784334,-0.02503607217515924,-0.05647068015060486,1,17.200000762939453,18.09000015258789,2.5420007629394537
2023-09-25,437.0,418.9552001953125,0.1417,0.15146,0.15145999999999998,0.009760000000000019,0.009759999999999991,0,0.17097,0.13195,0.03902,0.009760000000000019,0.7655584382306782,0.19046224435007567,0.33067729083665337,0.12662731398116767,0.11648681881636927,0.025213181183630723,1.0870527263757108,1.63,1.8183132997022946,1.4136424176099538,-0.36982053933380543,-0.02569705940339828,-0.007176466529843273,-0.052502922726217705,1,16.899999618530273,18.020000457763672,2.7299996185302735
2023-09-26,431.0,412.8001708984375,0.16121999999999997,0.16261285714285714,0.166095,0.0013928571428571679,0.004875000000000018,0,0.19048,0.1430942857142857,0.04738571428571431,0.005567142857142882,1.0,0.28574217796651524,0.44223107569721115,0.13847599942617353,0.12342179471059589,0.037798205289404085,1.1219736331891568,1.46,0.9384835516616116,2.8863190519200908,0.3103944761587203,-0.03801579141669664,-0.02861054823616649,-0.0664229606362492,1,18.940000534057617,19.719999313354492,2.818000534057621
2023-09-27,431.0,412.96490478515625,0.15634,0.16122000000000003,0.16121607142857142,0.004880000000000023,0.00487607142857141,0,0.18073,0.1417,0.03903000000000001,0.0048749999999999905,0.9090654989285387,0.2619221945624055,0.4302788844621514,0.1484999108401772,0.1204330833440071,0.03590691665599291,1.233049148264348,1.64,2.0647550550070135,1.657843397655108,-0.2122225824505684,-0.02870251505266863,-0.03434641072771938,-0.06605040319783761,1,18.219999313354492,19.110000610351562,2.585999313354492
2023-09-28,432.0,415.35906982421875,0.15215714285714288,0.15634,0.15215714285714285,0.004182857142857127,-2.7755575615628914e-17,1,0.18073,0.13195,0.04877999999999999,0.004182857142857127,0.8311216408672859,0.24150506593031135,0.41832669322709165,0.12954815341597792,0.10920879015641179,0.04294835270073109,1.1862429135093937,1.29,-0.1791511870086313,1.4293484406345975,-0.34390863412791445,-0.006652997746328659,-0.04258723786925378,-0.06063582814073065,1,17.34000015258789,18.3799991607666,2.1242858668736027
2023-09-29,432.0,414.35101318359375,0.15146,0.15337714285714288,0.15634,0.0019171428571428673,0.0048799999999999955,0,0.18073,0.1417,0.03903000000000001,0.009754999999999986,0.8181309978570769,0.2381022111582956,0.41434262948207173,0.12963403083562217,0.1068684109630476,0.044591589036952414,1.2130247812933828,1.27,-0.3422902174853733,1.781568909415067,-0.18910966173194496,-0.006830672742374588,-0.04882848759048852,-0.06291562015733132,1,17.520000457763672,18.510000228881836,2.374000457763671
2023-10-02,431.0,414.186279296875,0.15634,0.15878,0.15680428571428573,0.0024399999999999977,0.00046428571428572263,0,0.18073,0.1417,0.03903000000000001,0.0048749999999999905,0.9090654989285387,0.2619221945624055,0.44223107569721115,0.12102103463046296,0.10704780365568918,0.049292196344310826,1.1305326265237312,1.08,-1.4117784295631428,1.7484309017972681,-0.23173028703400494,-0.011382889856037748,-0.04781316448293216,-0.0632881775957429,1,17.610000610351562,18.6200008392334,1.9760006103515622
2023-10-03,426.0,408.6419372558594,0.17585,0.17097,0.17097500000000002,-0.0048799999999999955,-0.0048749999999999905,1,0.1988457142857143,0.16121999999999997,0.03762571428571432,0.004182857142857127,1.0,0.3571533167374433,0.5657370517928287,0.11246136257328594,0.1125200236892578,0.0633299763107422,0.9994786606503581,1.21,-0.5482685640792798,2.3970294125941645,0.08677814468123773,-0.010073236242921002,-0.062308370387093914,-0.07582710270472692,1,19.780000686645508,20.40999984741211,2.195000686645507
2023-10-04,428.0,411.61767578125,0.166095,0.166095,0.16214452380952382,0.0,-0.003950476190476171,1,0.19048,0.15146,0.03902,0.004875000000000018,0.8571637748004977,0.30953775564992436,0.5059760956175299,0.13080939811320383,0.11790531228155009,0.048189687718449906,1.109444482033512,1.49,1.082264879158105,1.2248379769484645,-0.5651404478979971,-0.003262332920535127,-0.05138020122328524,-0.06909725771360575,1,18.579999923706055,19.520000457763672,1.970499923706054
2023-10-05,428.0,411.4625244140625,0.166095,0.166095,0.16237690476190475,0.0,-0.0037180952380952426,1,0.19048000000000004,0.1417,0.048780000000000046,-4.999999999977245e-06,0.8571637748004977,0.30953775564992436,0.5099601593625498,0.11844804509360311,0.11708517841573018,0.04900982158426981,1.0116399590137177,1.27,-0.2129360167362728,0.8146771917115552,-0.7997763046722336,-0.00938114921098332,-0.04531995699735136,-0.06944814360039431,1,18.489999771118164,19.5,1.8804997711181635
2023-10-06,433.0,416.3478088378906,0.15146,0.15657238095238096,0.15773285714285715,0.005112380952380952,0.006272857142857136,0,0.17097,0.1417,0.029270000000000018,0.0048749999999999905,0.6428728311003734,0.2381022111582956,0.41832669322709165,0.15252134861559444,0.1266505110945493,0.024809488905450705,1.204269507461613,1.34,0.14094774692065049,2.0360015488553067,-0.15638450135047582,0.004819092003552461,-0.031010069895282433,-0.05839972431577767,1,17.450000762939453,18.729999542236328,2.3040007629394523
2023-10-09,436.0,419.0133056640625,0.15285428571428572,0.15471333333333334,0.15842928571428572,0.0018590476190476213,0.005574999999999997,0,0.18073,0.1417,0.03903000000000001,0.008360714285714277,0.663288464957694,0.24490792070232698,0.4342629482071713,0.15626301907731396,0.12920927851277905,0.023645007201506668,1.2093792402211985,1.42,0.5800511678944271,1.562695661827143,-0.41487128640658694,0.01165424015344474,-0.026273029359685562,-0.0523715130628728,1,17.700000762939453,18.809999465942383,2.4145721915108815
2023-10-10,438.0,421.1942138671875,0.14658,0.15355142857142856,0.15145999999999998,0.006971428571428573,0.0048799999999999955,0,0.17097,0.13195,0.03902,0.004880000000000023,0.5714181125997507,0.21428222775418557,0.398406374501992,0.06951543188076126,0.12825175613627862,0.018328243863721366,0.542023235977331,1.4,0.41602933682703175,1.7195441746230262,-0.3175531246647755,0.030717054386586007,-0.027600021446541056,-0.047439233555899296,1,17.030000686645508,18.270000457763672,2.3720006866455083
2023-10-11,440.0,422.9195556640625,0.136825,0.1479754761904762,0.14658,0.01115047619047621,0.009754999999999986,0,0.16122,0.13195,0.02926999999999999,0.009760000000000019,0.42858188740024883,0.1666666666666667,0.2908366533864542,0.06969430723658193,0.12862623204875537,0.008198767951244634,0.5418358769163395,1.21,-0.7047142908234934,1.8538475160176522,-0.2559049324157104,0.02745722680971263,-0.018231213017793402,-0.043537249980864834,1,16.09000015258789,17.6299991607666,2.4075001525878896
2023-10-12,437.0,420.3412170410156,0.1417,0.14518571428571428,0.15145999999999998,0.0034857142857142864,0.009759999999999991,0,0.17097,0.13195,0.03902,0.009760000000000019,0.49996339409912854,0.19046224435007567,0.3386454183266932,0.10347088049926183,0.1296388645035659,0.012061135496434089,0.7981470749183839,1.15,-1.0056170301613645,0.6441778137802474,-0.8767508486453076,0.021578374943372225,-0.025352905800009373,-0.049368346738752455,1,16.690000534057617,18.09000015258789,2.5200005340576173
2023-10-13,434.0,418.24755859375,0.15634,0.16017035714285713,0.16423595238095237,0.0038303571428571215,0.007895952380952365,0,0.19326857142857146,0.13195,0.061318571428571444,0.006269285714285727,0.7143275496009956,0.279673384294649,0.46613545816733065,0.09477324033372382,0.12515015456913403,0.031189845430865976,0.757276254751809,1.41,0.4900291852878103,0.8820837265168338,-0.7326259617006738,0.004562891206661979,-0.03849800356141575,-0.054103304697667665,1,19.31999969482422,20.56999969482422,3.6859996948242184
2023-10-16,439.0,422.6481628417969,0.14518571428571428,0.15146,0.15145999999999998,0.006274285714285732,0.0062742857142857045,0,0.17097,0.12497857142857144,0.04599142857142857,0.002788571428571446,0.5510024787424302,0.2234320557491289,0.38247011952191234,0.11242304955126617,0.12629156671494554,0.018894147570768738,0.8901865142350938,1.72,2.07154745567546,2.5403557218928,0.41072121478721607,0.008674801321580494,-0.01653242222226481,-0.04415102421202344,1,17.209999084472656,18.790000915527344,2.6914276559012276
2023-10-17,439.0,422.6287536621094,0.14658,0.1559914285714286,0.15145999999999998,0.009411428571428598,0.0048799999999999955,0,0.18073,0.13195,0.04877999999999999,0.009760000000000019,0.5714181125997507,0.23076114381833468,0.41434262948207173,0.10833078342266116,0.12622348172606584,0.020356518273934143,0.8582458821549862,1.39,0.14174356759356266,1.1308315927533932,-0.5871702583084712,0.003405886756493226,-0.01715401245358017,-0.04419491945671217,1,17.8799991607666,19.260000228881836,3.221999160766602
2023-10-18,434.0,416.9972229003906,0.166095,0.16539785714285715,0.161215,-0.0006971428571428406,-0.0048799999999999955,1,0.19048,0.1417,0.04878000000000002,-4.999999999977245e-06,0.8571637748004977,0.34211804056970213,0.545816733067729,0.14021218710799818,0.13353980160715703,0.03255519839284296,1.0499655190477948,1.31,-0.37054810268801813,1.0386608154150612,-0.6540410114497681,-0.01400344979170498,-0.028235035416294685,-0.0569310280783939,1,19.219999313354492,20.469999313354492,2.6104993133544916
2023-10-19,428.0,413.3333435058594,0.18072500000000002,0.17968035714285716,0.17585,-0.001044642857142869,-0.004875000000000018,1,0.21975,0.1500657142857143,0.0696842857142857,0.004182857142857127,1.0,0.42104553301683223,0.6414342629482072,0.14544620092427205,0.13324207149682246,0.04748292850317756,1.0915936632502792,1.44,0.3937278528357721,1.814863391241853,0.20963752294596236,-0.01667186859401526,-0.027835943587080414,-0.06521715274323536,1,21.399999618530273,22.190000534057617,3.327499618530272
2023-10-20,424.0,408.25421142578125,0.18073,0.1842107142857143,0.18072500000000002,0.003480714285714309,-4.999999999977245e-06,1,0.21696428571428572,0.15843142857142858,0.058532857142857136,0.006967857142857137,1.0,0.4403757722797417,0.6573705179282868,0.1593975300160922,0.127727872908018,0.053002127091982015,1.2479463282918741,1.4,0.14337252427234276,2.2714529501722622,1.0554250554782718,-0.02389337836559957,-0.023644536644255032,-0.07670397233329662,1,21.709999084472656,22.440000534057617,3.636999084472656
2023-10-23,424.0,407.5466613769531,0.17724285714285715,0.17829,0.1761982142857143,0.0010471428571428576,-0.0010446428571428412,1,0.20302857142857142,0.16122,0.04180857142857142,0.004881428571428564,0.9523451608179999,0.42070052271197655,0.6254980079681275,0.0968716762749666,0.12768376689553118,0.049559090247325965,0.7586843545603214,1.4,0.22893092246270683,2.2293044072704755,0.8991994898310687,-0.03573066865665386,-0.023140210528471705,-0.07830414725170565,1,20.3700008392334,21.329999923706055,2.645715124947685
2023-10-24,426.0,410.6192932128906,0.166095,0.17097285714285715,0.170975,0.004877857142857156,0.0048799999999999955,0,0.19048,0.1430942857142857,0.04738571428571431,0.0006921428571428634,0.7999999999999998,0.36111269289903764,0.549800796812749,0.1383747779616575,0.1299177932278084,0.036177206772191606,1.065094892113969,1.13,-1.3677990649221217,0.6921363076866713,-1.5303177021346364,-0.028416098869648354,-0.019896893459099618,-0.06869018894513823,1,18.969999313354492,20.209999084472656,2.3604993133544916
2023-10-25,420.0,404.7260437011719,0.18073,0.18246785714285718,0.18072500000000002,0.0017378571428571798,-4.999999999977245e-06,1,0.20024,0.16122,0.03902,0.0,1.0,0.47762564063336665,0.6693227091633466,0.14214793231699052,0.12946023937879064,0.05126976062120936,1.0980045533600218,1.25,-0.5431273449216389,1.8708665932104989,0.4947679870701188,-0.029427484226075995,-0.019559408562483727,-0.07129398902756778,0,20.190000534057617,21.329999923706055,2.117000534057617
2023-10-26,415.0,399.8795471191406,0.18560500000000005,0.18211928571428573,0.18159642857142858,-0.003485714285714314,-0.004008571428571472,1,0.21,0.16122,0.04877999999999999,4.999999999949489e-06,1.0,0.5312469970210453,0.6932270916334662,0.14794161705163286,0.13490232665183707,0.050702673348162974,1.0966572684357645,1.28,-0.3330766285124297,3.6698183856592363,2.6604819142806106,-0.032549506586148524,-0.03168636732659702,-0.08241501911184135,0,20.68000030517578,21.56999969482422,2.1195003051757766
2023-10-27,413.0,398.06695556640625,0.19048,0.18665071428571428,0.18665071428571428,-0.0038292857142857295,-0.0038292857142857295,1,0.21696428571428572,0.16122,0.05574428571428572,-0.0013878571428571351,1.0,0.5869245510049468,0.7171314741035857,0.13894996043722813,0.13256994781414252,0.057910052185857486,1.048125632756755,1.33,-0.010347677329654864,2.0918342303092436,0.5089524881342319,-0.024953216829771807,-0.041631724245555946,-0.08657428856499572,0,21.270000457763672,22.270000457763672,2.22200045776367
2023-10-30,417.0,402.8262023925781,0.17585,0.17585,0.1774169642857143,0.0,0.0015669642857142896,0,0.20023999999999997,0.15146,0.04877999999999996,0.0,0.7879293028649528,0.5000000000000001,0.6175298804780877,0.18534348079314508,0.1410237210015571,0.0348262789984429,1.314271666332635,1.63,1.8448656971336699,2.6450245494518696,1.1455543835556055,-0.0115826221430112,-0.02781412479836054,-0.07565346643369064,0,19.75,20.799999237060547,2.164999999999999
2023-10-31,420.0,405.3560791015625,0.16191642857142857,0.16609499999999996,0.16783785714285712,0.004178571428571393,0.00592142857142855,0,0.19048,0.1417,0.04878000000000002,0.004173571428571443,0.5495415324306664,0.4047863097678596,0.50199203187251,0.181329973233047,0.14345156769728867,0.0184648608741399,1.2640501330434346,1.44,0.484047065029488,0.6005149763064461,-1.3307885251020435,-0.012817746750636405,-0.021319393318153135,-0.06984827612479194,0,18.139999389648438,19.489999771118164,1.9483565325055814
2023-11-01,425.0,409.6791076660156,0.15146,0.15192428571428568,0.15825214285714284,0.0004642857142856671,0.00679214285714283,0,0.17097,0.13195,0.03902,0.0,0.272761159258224,0.3333333333333335,0.44223107569721115,0.16443047091114207,0.14136026843654134,0.01009973156345867,1.163201461979094,1.45,0.5735403512313867,1.1651952964326773,-0.620803306789939,0.012238065827315125,0.002538090968149609,-0.059928423731063885,1,16.8700008392334,18.549999237060547,1.7240008392333976
2023-11-02,432.0,417.5303039550781,0.136825,0.14658500000000002,0.1486742857142857,0.009760000000000019,0.011849285714285701,0,0.16122,0.12219,0.03903000000000001,0.0048799999999999955,0.0,0.23332649993166604,0.2948207171314741,0.13766893189926338,0.15408326234453773,-0.017258262344537728,0.8934710351045716,1.3,-0.4958890696121481,6.215645297100295,3.3635258540784045,0.044140184120691206,0.014364368980525288,-0.04191264910905712,1,15.65999984741211,17.799999237060547,1.9774998474121084
2023-11-03,437.0,421.339599609375,0.12846428571428573,0.1338040476190476,0.14396839285714286,0.005339761904761875,0.015504107142857132,0,0.14448857142857144,0.11522571428571428,0.02926285714285716,0.0013928571428571401,0.0,0.18227262628506807,0.26693227091633465,0.07535876939201076,0.1567277222275322,-0.028263436513246476,0.4808260358853895,1.38,0.0567390156362627,9.24174587954904,3.3526967764843096,0.05846414458053739,0.024004799001750676,-0.03317163570807935,1,14.90999984741211,17.219999313354492,2.063571275983536
2023-11-06,437.0,422.3089294433594,0.1305557142857143,0.13682500000000003,0.13961357142857145,0.006269285714285727,0.009057857142857145,0,0.15146,0.11244,0.03902000000000001,0.001394285714285709,0.03372417129299035,0.1970572196077641,0.27091633466135456,0.09839553973615156,0.15195770256988367,-0.021401988284169365,0.6475192640590268,1.39,0.13867357258430477,3.036571556144104,0.32294217738924924,0.04836509376764475,0.014317646157685937,-0.030947359663958784,1,14.890000343322754,17.030000686645508,1.8344289147513244
2023-11-07,439.0,423.5107421875,0.1305557142857143,0.1338040476190476,0.13978785714285716,0.0032483333333332975,0.009232142857142855,0,0.1417,0.11244000000000001,0.02925999999999998,-0.0034857142857142864,0.03372417129299035,0.1970572196077641,0.2749003984063745,0.10790341520473823,0.15077340740474637,-0.02021769311903207,0.7156660916674449,1.34,-0.19559653471691124,1.3397962046470187,-0.48528029316806087,0.044786951576440526,0.010733397872198402,-0.028189615908850274,1,14.8100004196167,16.920000076293945,1.7544289910452697
2023-11-08,439.0,423.8209228515625,0.12219,0.1291592857142857,0.13821928571428574,0.006969285714285706,0.016029285714285746,0,0.1417,0.11244,0.029259999999999994,0.0048799999999999955,0.0,0.13791884631698006,0.22709163346613545,0.11942490646729699,0.14981655065089383,-0.02762655065089384,0.797140943029611,1.32,-0.38915480453421,1.4134168473844304,-0.43762900412393346,0.03451924914139326,0.006236336820152122,-0.027477858779094255,1,14.449999809265137,16.639999389648438,2.2309998092651373
2023-11-09,435.0,420.5157165527344,0.13334357142857145,0.136825,0.14344785714285715,0.003481428571428552,0.010104285714285705,0,0.15285428571428572,0.12079714285714285,0.03205714285714287,0.0034821428571428226,0.16332656946216803,0.21676496132172668,0.29880478087649404,0.09640380988085963,0.15169198627735514,-0.01834841484878369,0.6355234198370502,1.34,-0.33711667557598296,1.4721612766672398,-0.4349653327960094,0.0071501698664186986,-0.00568391572140392,-0.03506216180331978,1,15.289999961853027,17.299999237060547,1.9556428189958819
2023-11-10,442.0,427.0777282714844,0.12358428571428572,0.12962357142857142,0.13891642857142858,0.006039285714285705,0.015332142857142864,0,0.13752428571428574,0.11244,0.02508428571428574,0.001397857142857159,0.020417128632094342,0.15036620485378788,0.24302788844621515,0.13242433185141833,0.1594618190226717,-0.03587753330838599,0.8304453860054783,1.49,0.807092684515604,1.5621016360101632,-0.4118686323755908,0.013618773709922483,0.016026292348607418,-0.020004618998453183,1,14.170000076293945,16.520000457763672,1.8115715048653733
2023-11-13,442.0,426.670654296875,0.13403785714285715,0.13032,0.13996214285714287,-0.0037178571428571616,0.005924285714285715,0,0.1486714285714286,0.11244,0.036231428571428595,-0.0034821428571428503,0.17349329539987052,0.2255595831096201,0.30677290836653387,0.13504068823352997,0.15823561131224095,-0.0241977541693838,0.8534152781010765,1.1,-2.1671432298484783,0.8610145720410715,-0.7046445378470528,0.010328279961460352,0.020139019415786885,-0.020938712697175732,1,14.760000228881836,16.610000610351562,1.35621451459612
2023-11-14,450.0,434.94842529296875,0.12567642857142858,0.122195,0.13055214285714284,-0.0034814285714285798,0.004875714285714261,0,0.13891285714285714,0.11244000000000001,0.02647285714285713,0.0,0.05105328117482184,0.16541515633389262,0.24701195219123506,0.1826757726237135,0.1674965529827686,-0.04182012441134003,1.0906240717831757,1.24,-0.8975103686746174,22.04724192174626,3.851045398312654,0.027006831152360578,0.029102841399966106,-0.00194409695358988,1,14.15999984741211,16.290000915527344,1.592356990269252
2023-11-15,450.0,435.8692626953125,0.122195,0.12474738095238094,0.13142267857142856,0.002552380952380945,0.00922767857142856,0,0.1417,0.10268,0.03902,-5.0000000000050004e-06,7.32171621028701e-05,0.14037296121131476,0.23904382470119523,0.18073678123410847,0.16743427992631452,-0.04523927992631452,1.0794490907934038,1.24,-0.8530967561233725,2.273092552344633,-0.2387250735290161,0.0284279024326739,0.03132893566392059,0.0,1,14.180000305175781,16.280000686645508,1.9605003051757812
2023-11-16,451.0,436.4023132324219,0.12149785714285714,0.12126547619047619,0.1312485714285714,-0.00023238095238095613,0.009750714285714265,0,0.1417,0.10268,0.03902,0.0006921428571428495,0.0,0.13535835668943624,0.2151394422310757,0.14653389927589536,0.15847811785694926,-0.03698026071409212,0.9246317488964919,1.38,0.3188265897412478,1.7095036111616428,-0.35422415075633507,0.03777884168021406,0.04653529871748474,0.0,1,14.319999694824219,16.139999389648438,2.170213980538504
2023-11-17,451.0,436.94512939453125,0.12080071428571429,0.117315,0.1314225,-0.0034857142857142864,0.010621785714285709,0,0.1417,0.09989142857142858,0.04180857142857142,-5.0000000000050004e-06,0.0,0.13034375216755775,0.21115537848605578,0.13121495069072917,0.1534375586517822,-0.032636844366067924,0.8551683945161954,1.1,-1.7253181607455637,2.5112444965516016,-0.19082294361001068,0.02310446195118465,0.05712528703442765,0.0,1,13.800000190734863,15.850000381469727,1.719928762163434
2023-11-20,455.0,440.30859375,0.117315,0.117315,0.12782,0.0,0.010504999999999987,0,0.1389142857142857,0.09570857142857143,0.04320571428571428,-3.5714285714361083e-06,0.0,0.10527072955816512,0.1952191235059761,0.12233207507625571,0.14415790324691505,-0.026842903246915045,0.8485977689806167,1.33,0.05378588577794437,3.287981497979255,-0.04095323944054119,0.031963621860986446,0.07851574197427746,0.0,1,13.40999984741211,15.6899995803833,1.678499847412109
2023-11-21,453.0,439.3489990234375,0.11313214285714288,0.117315,0.12707,0.004182857142857127,0.013937857142857113,0,0.1417,0.09431428571428571,0.04738571428571428,0.004874999999999977,0.0,0.07518310242689408,0.14342629482071714,0.05657528739246843,0.14437451827401193,-0.031242375416869056,0.39186476996648956,1.14,-1.4182792708012089,1.818474583873264,-0.35964244680305646,0.01011746100127775,0.07803361102023443,-0.00217936860688972,1,13.350000381469727,15.5,2.0367860957554385
2023-11-22,455.0,441.045166015625,0.107555,0.117315,0.123695,0.009760000000000005,0.01614,0,0.13195,0.09292,0.03903000000000001,0.004880000000000009,0.0,0.035066266251865735,0.01593625498007968,0.05809736619050228,0.14367331674907546,-0.036118316749075466,0.40437130223678874,1.08,-1.6828699539926524,2.1750152178934705,-0.2887110316146467,0.0118748986526509,0.07409752368104083,0.0,1,12.850000381469727,15.479999542236328,2.094500381469727
2023-11-24,456.0,441.316650390625,0.10616214285714286,0.11080833333333334,0.122195,0.004646190476190484,0.01603285714285714,0,0.13195,0.08317,0.04878000000000002,0.0013978571428571451,0.0,0.025047333037046985,0.01195219123505976,0.05899949009102483,0.128781179543761,-0.022619036686618146,0.45813751900739713,1.32,0.021520653061803608,0.7580228697871622,-0.5496942485360092,0.011261024539037656,0.09040833239896395,0.0,1,12.460000038146973,15.119999885559082,1.8437857524326873
2023-11-27,455.0,440.5218200683594,0.107555,0.11528166666666667,0.122195,0.007726666666666673,0.01464,0,0.13195,0.09292,0.03903000000000001,0.004880000000000009,0.01651912406285735,0.035066266251865735,0.02390438247011952,0.06580968276170222,0.1169183938212926,-0.009363393821292601,0.5628685154732026,1.36,0.2970453976003731,4.1438068913094055,0.13071582307196816,0.00818567466076181,0.1016362883323707,-0.0018010431320959475,1,12.6899995803833,15.34000015258789,1.9344995803833012
2023-11-28,455.0,440.9579772949219,0.107555,0.11568833333333334,0.122195,0.00813333333333334,0.01464,0,0.13195,0.08456285714285715,0.047387142857142864,0.0007014285714285889,0.01651912406285735,0.035066266251865735,0.027888446215139442,0.03870613751353128,0.11296528254123739,-0.005410282541237391,0.342637460313542,1.24,-0.4927665329646266,3.3437938133994836,-0.04258039880028987,0.0014748373166901807,0.10774825975566427,-0.0008127341114042563,1,12.6899995803833,15.239999771118164,1.9344995803833012
2023-11-29,455.0,440.6478576660156,0.112435,0.119755,0.12707000000000002,0.007320000000000007,0.014635000000000023,0,0.13195,0.09292,0.03903000000000001,1.3877787807814457e-17,0.07439535770257096,0.07016849790501538,0.11155378486055777,0.03386790809709643,0.11152727190952512,0.0009077280904748741,0.3036737787737808,1.07,-1.6805504513962863,2.5128692735213947,-0.2371193377817787,0.002956325484899658,0.09389075251013113,-0.001515448655783569,1,12.979999542236328,15.510000228881836,1.736499542236329
2023-11-30,456.0,442.3828125,0.11243500000000002,0.117315,0.12707,0.004879999999999982,0.014634999999999967,0,0.13195,0.08456285714285713,0.04738714285714288,-0.004178571428571448,0.07439535770257129,0.07016849790501557,0.11952191235059761,0.034332439638367684,0.11129599782014231,0.0011390021798577121,0.30847865431648264,1.25,-0.17251401068187747,1.7472919698439189,-0.4048463075668768,0.0030329013612351297,0.0913437229817895,0.0,1,12.920000076293945,15.4399995803833,1.6765000762939426
2023-12-01,459.0,444.9999084472656,0.107555,0.117315,0.12707,0.009760000000000005,0.01951499999999999,0,0.13195,0.09292,0.03903000000000001,0.004880000000000009,0.01651912406285735,0.035066266251865735,0.03187250996015936,0.05091073367926046,0.10903181348188211,-0.001476813481882111,0.4669346684554626,1.22,-0.39032423268298905,1.5476971084476698,-0.3991514880565945,0.008346066375198857,0.08621577258961599,0.0,1,12.630000114440918,15.359999656677246,1.8745001144409184
2023-12-04,456.0,442.6639099121094,0.11243500000000001,0.12279999999999999,0.13292099999999998,0.010364999999999985,0.020485999999999976,0,0.1417,0.09292,0.04877999999999999,0.0048749999999999905,0.07439535770257112,0.07016849790501548,0.12350597609561753,0.06860262574101844,0.09874213638522973,0.013692863614770276,0.6947654593311019,1.09,-1.3257048326292875,1.2401264003109127,-0.3947240738337941,0.004862619162468773,0.060195884511739184,-0.005249435990464013,1,13.079999923706055,15.680000305175781,1.8364999237060537
2023-12-05,456.0,442.57666015625,0.11243500000000001,0.124023125,0.13194499999999998,0.01158812499999999,0.019509999999999972,0,0.13195,0.09292,0.03903000000000001,0.0,0.07439535770257112,0.07016849790501548,0.12749003984063745,0.06909698314858448,0.09649056232790473,0.015944437672095274,0.7161009479224671,1.11,-1.052677742042506,1.2119789254127609,-0.37936867849234557,0.003670832470835439,0.05040366622687231,-0.005445502897901799,1,12.850000381469727,15.569999694824219,1.6065003814697256
2023-12-06,455.0,440.793212890625,0.117315,0.1246325,0.13194499999999998,0.007317499999999991,0.014629999999999976,0,0.13195,0.09292,0.03903000000000001,-0.0048799999999999955,0.13227159134228472,0.10527072955816512,0.23904382470119523,0.0770594683444171,0.09899045717351374,0.018324542826486268,0.778453504961036,0.96,-1.9344922491201602,1.3314227817712903,-0.35317596048244787,0.0003298670856572983,0.04376957757353028,-0.009453250386767476,1,12.970000267028809,15.739999771118164,1.238500267028808
2023-12-07,458.0,444.15667724609375,0.11313214285714288,0.1203634375,0.13194499999999998,0.007231294642857128,0.018812857142857103,0,0.13334285714285715,0.09431428571428571,0.03902857142857144,0.0006964285714285562,0.0826633910796732,0.07518310242689408,0.18326693227091634,0.09168030764287452,0.10083228011102817,0.012299862746114706,0.9092356886299084,1.43,1.464136656449653,1.048877046363774,-0.41026638012940586,0.004009795805739458,0.048749495590015623,-0.0018949019655175592,1,13.0600004196167,15.649999618530273,1.746786133902411
2023-12-08,459.0,446.066162109375,0.10546714285714286,0.119145,0.12707,0.013677857142857144,0.021602857142857132,0,0.13195,0.09292,0.03903000000000001,0.006967857142857151,0.0,0.020048142258575864,0.01195219123505976,0.08661641448879366,0.10090326264433136,0.004563880212811497,0.8584104440121361,1.15,-0.46916140204419243,1.0335772162219545,-0.4080748824564074,0.0023960761381498497,0.05248735505586066,0.0,1,12.350000381469727,15.15999984741211,1.8032860957554409
2023-12-11,461.0,447.8011474609375,0.10964785714285714,0.12006,0.12869499999999998,0.010412142857142856,0.019047142857142832,0,0.13195,0.09292,0.03903000000000001,0.002787142857142863,0.05939961029471464,0.050120355646439615,0.10756972111553785,0.07142289913186393,0.09379665658246039,0.015851200560396753,0.761465298809166,1.28,0.6099670553837393,1.479546702859334,-0.3100105929219409,0.011605277579209261,0.06488563883386123,0.0,1,12.630000114440918,15.1899995803833,1.6652144001552038
2023-12-12,464.0,449.84637451171875,0.10198357142857142,0.118535,0.122195,0.016551428571428578,0.020211428571428575,0,0.12079714285714285,0.09152714285714285,0.029270000000000004,0.00417857142857142,0.0,0.0,0.0,0.068846950238958,0.08240875242220531,0.01957481900636611,0.8354325021962953,1.12,-0.6953106497835081,1.7981073047484848,-0.2518249356134744,0.016425887331930733,0.05331265185001843,0.0,1,12.069999694824219,14.829999923706055,1.871642551967076
2023-12-13,469.0,456.0497741699219,0.10268,0.11091000000000001,0.12121900000000001,0.008230000000000015,0.018539000000000014,0,0.12219,0.08317,0.03902,0.0,0.014075966910650061,0.004984496936451489,0.01195219123505976,0.06547233925750298,0.09000755904248826,0.01267244095751173,0.7274093415487095,1.0,-1.4784692484510267,5.700321833549022,2.9513136490073104,0.03461160660629892,0.06885666866745677,0.0,1,12.1899995803833,14.65999984741211,1.9219995803833019
2023-12-14,470.0,457.5133972167969,0.10268,0.114875,0.117315,0.012195000000000011,0.014635000000000009,0,0.12219,0.08317,0.03902,0.0,0.019988519414490095,0.004984496936451489,0.01593625498007968,0.06942607561582685,0.06858683644920534,0.034093163550794656,1.012236155070996,0.68,-2.7998568222473104,2.87779353710012,0.5853285701326675,0.030072090897110604,0.05187964965875902,0.0,1,12.479999542236328,14.789999961853027,2.211999542236329
2023-12-15,472.0,456.7601013183594,0.10268,0.11640093750000001,0.12219,0.013720937500000016,0.01951,0,0.11244,0.10268,0.009760000000000005,0.0048799999999999955,0.02172653534183077,0.004984496936451489,0.0199203187250996,0.08843534775114781,0.07001353222509127,0.032666467774908725,1.2631179279290037,1.07,-0.47917350798565184,1.1619902099354942,-0.7881447134367439,0.023973885753661328,0.04792913933380594,-0.0016465001965407788,1,12.279999732971191,15.130000114440918,2.0119997329711925
2023-12-18,474.0,459.3294372558594,0.10616571428571428,0.12219,0.12707000000000002,0.016024285714285713,0.020904285714285736,0,0.12219,0.10268,0.01951,0.006269285714285713,0.13047063018094296,0.02993254314146002,0.035856573705179286,0.08823173921335552,0.0708626633982167,0.03530305088749758,1.2451089894481149,1.16,0.04203018408633266,2.0250308583815415,-0.07065834508806731,0.025744216736129477,0.05253666932610157,0.0,1,12.5600004196167,15.470000267028809,1.9434289910452716
2023-12-19,477.0,462.1225280761719,0.10755999999999999,0.12219000000000001,0.128195,0.014630000000000018,0.020635000000000014,0,0.12079714285714285,0.10268,0.01811714285714286,0.004178571428571434,0.17396826811658767,0.039911761623463396,0.09561752988047809,0.08831274813422449,0.07179886387246974,0.03576113612753025,1.2300020274845431,0.97,-0.9947970635399229,1.5016523903344372,-0.4313738827988282,0.027289657669861578,0.05762141968839107,0.0,1,12.529999732971191,15.640000343322754,1.773999732971193
2023-12-20,470.0,455.7187805175781,0.11244,0.12782076923076924,0.136825,0.01538076923076924,0.024385000000000004,0,0.13195,0.10268,0.029270000000000018,0.004875000000000004,0.326210000891345,0.0748390263104754,0.199203187250996,0.13181890561906184,0.08967007464460136,0.022769925355398637,1.4700434469527686,1.22,0.4851723380310682,1.841752609366373,-0.15088535979855677,-0.0007257840505374702,0.03499860549241918,-0.013857250338460525,1,13.670000076293945,16.579999923706055,2.4260000762939455
2023-12-21,475.0,460.0399169921875,0.11313642857142858,0.12819615384615385,0.13382500000000003,0.015059725274725266,0.020688571428571445,0,0.13195,0.11244000000000001,0.01951,0.00905857142857143,0.3479365362331762,0.07982352324692699,0.22310756972111553,0.14820567061203235,0.09242460690525241,0.020711821666176175,1.6035304403724757,1.11,-0.18315323804938646,0.8092293763536464,-0.926595949957011,0.005522285884435929,0.047094492111603214,-0.004506620987845711,1,13.649999618530273,16.299999237060547,2.3363567613874157
2023-12-22,475.0,460.9644470214844,0.11244,0.12369153846153846,0.1319476923076923,0.011251538461538466,0.019507692307692295,0,0.12497857142857144,0.10268,0.022298571428571445,0.001389285714285718,0.326210000891345,0.0748390263104754,0.20318725099601595,0.1461920070719138,0.09222739929225801,0.020212600707741987,1.585125550473869,1.19,0.3464985652823396,1.1875284236022483,-0.6477917200846701,0.009204713132757947,0.045163812100717404,-0.002506004326403688,1,13.029999732971191,15.989999771118164,1.7859997329711916
2023-12-26,477.0,462.91082763671875,0.11244000000000001,0.12519307692307693,0.12819615384615385,0.012753076923076923,0.015756153846153836,0,0.12219,0.10268,0.01951,-5.000000000018878e-06,0.32621000089134544,0.0748390263104755,0.21912350597609562,0.14424299263476337,0.09233806666721182,0.02010193333278819,1.562118396463919,1.34,1.2921305386467599,0.8342138647723102,-0.8643689720772261,0.007796997297311092,0.04893125429774736,0.0,1,12.989999771118164,15.880000114440918,1.7459997711181625
2023-12-27,479.0,463.74786376953125,0.10755999999999999,0.12068999999999999,0.12631923076923077,0.013130000000000003,0.018759230769230778,0,0.12219,0.10268,0.01951,0.004875000000000004,0.2353632800723542,0.039911761623463396,0.099601593625498,0.1389280061293877,0.09116894455721823,0.016391055442781757,1.5238523030415863,1.17,0.2555279326233527,1.2870126476005912,-0.3919184422401554,0.003517109845576405,0.052723934758935886,0.0,1,12.430000305175781,15.270000457763672,1.6740003051757828
2023-12-28,478.0,463.9229736328125,0.108536,0.121065,0.1266946153846154,0.012529000000000012,0.018158615384615412,0,0.11439,0.10268,0.011710000000000012,-1.000000000001e-06,0.3241942324003392,0.04689721456086581,0.12350597609561753,0.056450798155551145,0.09131674051251494,0.017219259487485053,0.6181867403361224,1.12,-0.07599712905157288,0.7680190779888452,-0.7914427369839921,0.018002754035979285,0.052079784288676434,0.0,1,12.470000267028809,15.229999542236328,1.6164002670288085
2023-12-29,477.0,462.5799865722656,0.104632,0.12143999999999999,0.12707000000000002,0.01680799999999999,0.022438000000000013,0,0.11634,0.096824,0.019516000000000006,0.0019499999999999934,0.1357174231332361,0.01895540281125633,0.027888446215139442,0.04164708888056663,0.09257036005552204,0.012061639944477967,0.4498965852092123,1.1,-0.15750995042595867,1.9088828725938622,0.25842407033487397,0.005521411265103859,0.04977246235217869,-0.0028948492247116153,1,12.449999809265137,15.260000228881836,1.9867998092651362
2024-01-02,474.0,459.9912109375,0.1148775,0.12284066666666665,0.12795636363636365,0.00796316666666666,0.013078863636363652,0,0.12707000000000002,0.10268,0.024390000000000023,-2.4999999999886224e-06,0.6852224415426659,0.09228476558805561,0.24701195219123506,0.06156707434027176,0.09629691266902388,0.018580587330976117,0.6393462950560016,1.03,-0.5476527464524801,2.297930705600649,0.5785199833492239,-0.002111304006790382,0.03980353200882991,-0.00847503339729927,1,13.199999809265137,15.479999542236328,1.7122498092651366
2024-01-03,470.0,456.2345275878906,0.12219,0.13195,0.136825,0.009760000000000019,0.014635000000000009,0,0.1417,0.11244,0.029259999999999994,0.0048799999999999955,1.0,0.14462198342079635,0.3545816733067729,0.06561736015588389,0.1011094373254177,0.02108056267458229,0.6489736457013046,1.19,0.4488072562548118,1.7138869002629016,0.021140936466540774,-0.014422432248803463,0.025246340341565254,-0.016572677970044136,1,14.039999961853027,16.040000915527344,1.820999961853028
2024-01-04,469.0,454.7649841308594,0.12288714285714286,0.13195,0.136825,0.00906285714285715,0.01393785714285714,0,0.1417,0.11244000000000001,0.02925999999999998,0.004182857142857155,1.0,0.14961159266179813,0.3705179282868526,0.05093283109366697,0.0997084978491694,0.023178645007973467,0.5108173545118878,1.13,0.057705038589748896,1.023049881776758,-0.6036717058187513,-0.019370180092379008,0.027336934292096826,-0.019740323334798915,1,14.130000114440918,16.040000915527344,1.8412858287266314
2024-01-05,469.0,455.38787841796875,0.11870785714285714,0.12544333333333335,0.12862113636363637,0.006735476190476208,0.009913279220779225,0,0.13195,0.11244,0.019510000000000013,0.0034871428571428553,0.8000683410216981,0.1196994987385389,0.32270916334661354,0.05638641352203765,0.09956280342345128,0.019145053719405863,0.5663401549896119,1.37,1.4230797284356558,1.329818342554972,-0.32233893362561805,-0.01839765586086095,0.028946890821571536,-0.01839765586086095,1,13.350000381469727,15.510000228881836,1.4792146671840118
2024-01-08,475.0,461.8890075683594,0.11244,0.12479266666666666,0.12707000000000002,0.012352666666666665,0.014630000000000018,0,0.13195,0.10268,0.029270000000000018,0.004875000000000004,0.5002221083205193,0.0748390263104754,0.21912350597609562,0.140089769888487,0.10684748283979598,0.005592517160204022,1.3111190471237733,1.48,2.0289151059751034,16.368545568148463,4.034805073209274,-0.0014937503220284754,0.04785871029953648,-0.004384275364778478,1,13.079999923706055,15.140000343322754,1.835999923706055
2024-01-09,475.0,461.1882629394531,0.11244000000000001,0.11828999999999999,0.12463250000000001,0.00584999999999998,0.012192499999999995,0,0.12219,0.10268,0.01951,-5.000000000018878e-06,0.5002221083205199,0.0748390263104755,0.23904382470119523,0.13315100038201186,0.10573111127393259,0.006708888726067425,1.259336053293138,0.92,-1.2284057901591416,0.7591055414544833,-0.4844369181500201,0.002602336682723694,0.03834589586485637,-0.005894751604872739,1,12.760000228881836,14.899999618530273,1.5160002288818344
2024-01-10,477.0,463.7965087890625,0.11244,0.11893999999999999,0.12485409090909091,0.006499999999999992,0.012414090909090916,0,0.12219,0.10268,0.01951,-5.0000000000050004e-06,0.5002221083205193,0.0748390263104754,0.22310756972111553,0.11034704439433185,0.10623506103913945,0.006204938960860551,1.038706462018951,0.99,-0.7436411787950282,2.3126377574778156,-0.04716085259457696,0.016574767458201967,0.03974824406281696,-0.0002725987953553499,1,12.6899995803833,14.729999542236328,1.445999580383301
2024-01-11,477.0,463.59210205078125,0.10825714285714286,0.11592214285714286,0.12019863636363637,0.007665000000000005,0.011941493506493511,0,0.12219,0.09431428571428571,0.02787571428571428,-5.0000000000050004e-06,0.3001195967879721,0.044901370864465176,0.12749003984063745,0.10139692551279954,0.10625178496636149,0.0020053578907813646,0.954307972754538,1.06,-0.3186345847311884,1.4903926911794536,-0.2807434449392826,0.0194102849338591,0.03526331872836752,-0.0007132037015548098,1,12.4399995803833,14.5600004196167,1.6142852946690152
2024-01-12,477.0,463.9132385253906,0.10895428571428571,0.11627035714285715,0.122195,0.007316071428571436,0.013240714285714286,0,0.12219,0.09570857142857143,0.02648142857142856,-4.999999999991123e-06,0.3334700153767299,0.049890980105466866,0.14741035856573706,0.10254454624711458,0.10576196156228088,0.0031923241520048357,0.9695787098911585,1.22,0.5468113348229406,5.146435117433544,0.7917072777101897,0.01872109582064252,0.031270373200052104,-2.0984318464867258e-05,1,12.699999809265137,14.9399995803833,1.8045712378365657
2024-01-16,475.0,462.2101745605469,0.12219,0.12707000000000002,0.13105863636363635,0.004880000000000023,0.008868636363636356,0,0.13195,0.11244000000000001,0.01951,5.000000000018878e-06,0.9666495814112416,0.14462198342079635,0.38247011952191234,0.05511306769732666,0.09722869549428328,0.024961304505716708,0.5668395263059672,1.09,-0.41307882641955374,1.2031765725376924,-0.33321269553808647,0.0006953336990596082,0.013508175509653109,-0.003691990200125894,1,13.84000015258789,15.739999771118164,1.6210001525878912
2024-01-17,472.0,459.64093017578125,0.13195,0.1319492307692308,0.13194499999999998,-7.692307692208633e-07,-5.000000000032756e-06,1,0.1417,0.11244,0.029259999999999994,-0.004880000000000023,1.0,0.21447651279482036,0.4701195219123506,0.06865461790114072,0.09904874458175414,0.03290125541824587,0.6931397080401527,1.13,-0.14373637917822057,1.4157610583134423,-0.2753891188085026,-0.0033551000491853777,0.004650209090983681,-0.009230074172658753,1,14.789999961853027,16.3799991607666,1.594999961853027
2024-01-18,476.0,463.7283935546875,0.12219,0.125945,0.13105863636363635,0.0037550000000000083,0.008868636363636356,0,0.1417,0.10268,0.03902,0.0,0.6743021953138031,0.14462198342079635,0.38645418326693226,0.08826064764335854,0.10314764427806387,0.01904235572193612,0.8556729362177852,1.11,-0.27221533905225215,1.0899330904515103,-0.3555211768316264,-0.00014686448277245745,0.015255912712637043,-0.00041942324304677925,1,14.130000114440918,15.84000015258789,1.9110001144409186
2024-01-19,486.0,469.5092468261719,0.11244,0.117315,0.12197318181818181,0.004875000000000004,0.009533181818181816,0,0.12219,0.10268,0.01951,-5.0000000000050004e-06,0.3489380973947035,0.0748390263104754,0.2350597609561753,0.12418066279424621,0.10966381821645324,0.002776181783546758,1.1323758812513693,1.13,-0.19303042968352638,9.76479764888341,1.8436072583604648,0.01276368762370006,0.02216232782973604,0.0,1,13.300000190734863,15.260000228881836,2.0560001907348635
2024-01-22,487.0,470.501953125,0.11244,0.117315,0.12219499999999998,0.004875000000000004,0.009754999999999986,0,0.12219,0.10268,0.01951,-5.0000000000050004e-06,0.3489380973947035,0.0748390263104754,0.23904382470119523,0.12325805148016242,0.10823043333001386,0.004209566669986134,1.138848359816935,1.07,-0.5966418017543619,2.1713003144784175,-0.1501883222185186,0.014202471609890743,0.018132474700404355,0.0,1,13.1899995803833,14.970000267028809,1.945999580383301
2024-01-23,488.0,471.8741455078125,0.10337714285714285,0.11243692307692307,0.117315,0.009059780219780225,0.013937857142857155,0,0.11244000000000001,0.10268,0.009760000000000019,0.004182857142857155,0.04650442161466387,0.009974106177453175,0.02390438247011952,0.10947820665802532,0.09398319613387054,0.009393946723272303,1.1648700104014715,1.12,-0.21578146447296864,2.909175133716885,0.015870852299192155,0.020908174417523018,0.0354502945256856,0.0,1,12.550000190734863,14.520000457763672,2.212285905020579
2024-01-24,488.0,472.3900146484375,0.10755999999999999,0.11243500000000001,0.11908954545454545,0.004875000000000018,0.011529545454545459,0,0.12219,0.10268,0.01951,0.004875000000000004,0.18608919505160507,0.039911761623463396,0.11155378486055777,0.077889795932661,0.08962556253387595,0.01793443746612404,0.8690578193383259,1.14,-0.042507060058628594,2.9438443271456003,0.0018449050353344584,0.02773705219807243,0.026845708818045377,0.0,1,13.140000343322754,14.970000267028809,2.3840003433227555
2024-01-25,491.0,474.95928955078125,0.10755999999999999,0.11356115384615384,0.122195,0.0060011538461538505,0.014635000000000009,0,0.12219,0.10268,0.01951,0.004875000000000004,0.18608919505160507,0.039911761623463396,0.11553784860557768,0.07209985624843886,0.09075819743970596,0.016801802560294024,0.794417014466792,1.15,0.11563993290450605,1.419824700767171,-0.41221890405365424,0.024218693856556506,0.03035991738565591,0.0,1,13.449999809265137,15.100000381469727,2.6939998092651383
2024-01-26,490.0,474.35589599609375,0.11244000000000001,0.141705,0.122195,0.029264999999999985,0.009754999999999986,0,0.12219,0.10268,0.01951,-5.000000000018878e-06,0.3334472155790916,0.0748390263104755,0.2749003984063745,0.03894844978383411,0.09062290837842527,0.021817091621574747,0.42978591705744273,1.18,0.3588108594394574,2.5691607590373096,-0.12355966712679256,0.010322798118854282,0.02472413189772449,-0.0012704111025140241,1,13.260000228881836,15.029999732971191,2.0160002288818344
2024-01-29,494.0,478.112548828125,0.1132525,0.1175368181818182,0.122195,0.004284318181818195,0.008942499999999992,0,0.12219,0.10268,0.01951,-0.0008175000000000127,0.3612060129825762,0.08065427273633553,0.2908366533864542,0.0569284555159034,0.09356809724776777,0.01968440275223224,0.6084173686374875,1.27,1.0100348778855956,1.3028062607064388,-0.47196836577042156,0.01617548163738025,0.030975204805973044,0.0,1,13.600000381469727,15.220000267028809,2.274750381469726
2024-01-30,493.0,477.74267578125,0.112435,0.117315,0.117315,0.004880000000000009,0.004880000000000009,0,0.12219,0.10268,0.01951,0.0,0.3332763922104542,0.07480324017862391,0.18326693227091634,0.06374638013397246,0.09381947455072873,0.018615525449271267,0.6794578677746104,1.11,-0.2769250169809859,3.08245208476732,-0.008969464862365896,0.012436642967844858,0.029788785927587158,-0.0007736108323899149,1,13.3100004196167,15.140000343322754,2.0665004196167
2024-01-31,486.0,469.947265625,0.117315,0.12707000000000002,0.12707000000000002,0.009755000000000014,0.009755000000000014,0,0.13195,0.11244,0.019510000000000013,0.0048799999999999955,0.4878006099695016,0.10973050486563592,0.36254980079681276,0.15042011901417646,0.11168572873579359,0.005629271264206412,1.3468159335738754,1.06,-0.6974555170639779,1.6415243494222156,-0.38772282146297105,-0.005171042883400978,0.015926497614663804,-0.017078161247050416,1,14.350000381469727,15.960000038146973,2.618500381469726
2024-02-01,493.0,476.0979309082031,0.11313214285714286,0.11820136363636363,0.12707000000000002,0.0050692207792207705,0.013937857142857155,0,0.12358428571428572,0.11244000000000001,0.011144285714285704,0.004880000000000009,0.34140792960352007,0.0797928494196257,0.28286852589641437,0.1780200655158496,0.11681774158739902,-0.0036855987302561594,1.5239129185069984,1.22,0.584446402387558,1.2254441608881923,-0.49161627985486317,0.002397345167201248,0.035015277656884614,-0.004213689694737788,1,13.880000114440918,15.5,2.5667858287266316
2024-02-02,497.0,481.11004638671875,0.11244,0.11842409090909091,0.1233420588235294,0.005984090909090911,0.010902058823529404,0,0.12497857142857144,0.10268,0.022298571428571445,0.001389285714285718,0.31718414079296037,0.0748390263104754,0.2589641434262948,0.18987458849248753,0.1148937309261126,-0.0024537309261126045,1.65261052071322,1.14,-0.06451877923644551,8.393326655700134,1.2806426257646204,0.014238571603378158,0.05452353404803634,0.0,1,13.850000381469727,15.609999656677246,2.606000381469727
2024-02-05,495.0,479.3582458496094,0.11244,0.1159840909090909,0.12362882352941176,0.0035440909090908995,0.011188823529411765,0,0.12219,0.10268,0.01951,-5.0000000000050004e-06,0.31718414079296037,0.0748390263104754,0.26294820717131473,0.18815887050180752,0.11516872465448005,-0.0027287246544800553,1.6337670757951572,1.04,-0.7991904066346329,0.8433276115826807,-0.6573555537605561,0.002605447241528447,0.05407905748449893,-0.0036411639088934633,1,13.670000076293945,15.329999923706055,2.4260000762939455
2024-02-06,496.0,480.7499694824219,0.10755999999999999,0.11443136363636364,0.11903735294117647,0.006871363636363648,0.01147735294117648,0,0.12219,0.10268,0.01951,0.004875000000000004,0.14639268036598152,0.039911761623463396,0.11952191235059761,0.18837381914281306,0.11509997997516039,-0.007539979975160399,1.6366103554793479,0.93,-1.9385045378380026,0.899509951038961,-0.7055439037976514,0.006294798127996604,0.05569338198583984,-0.0007484294019656224,1,13.0600004196167,14.989999771118164,2.3040004196167008
2024-02-07,500.0,484.7596130371094,0.10755999999999999,0.1146531818181818,0.11932441176470589,0.007093181818181818,0.011764411764705898,0,0.12219,0.10268,0.01951,0.004875000000000004,0.14639268036598152,0.039911761623463396,0.12350597609561753,0.10555214900387624,0.10930018971389134,-0.001740189713891352,0.965708744698192,1.31,2.0711794930789114,3.3742828373166027,0.2542685912757725,0.031519169267662184,0.049515370779559253,0.0,1,12.829999923706055,14.850000381469727,2.0739999237060562
2024-02-08,500.0,484.9737243652344,0.10825642857142857,0.112435,0.122195,0.00417857142857142,0.013938571428571425,0,0.11383285714285715,0.10268,0.011152857142857159,0.0,0.1707664616769164,0.044896258559914984,0.1394422310756972,0.09130549601408533,0.10864611202421263,-0.000389683452784062,0.8403935889922797,1.03,-1.0935873362549082,1.7084417673206842,-0.4210344847747735,0.018642789394400117,0.051574299125005885,0.0,1,12.789999961853027,14.930000305175781,1.9643571047101709
2024-02-09,503.0,487.776611328125,0.10895285714285713,0.11509681818181818,0.11989852941176471,0.006143961038961046,0.01094567226890758,0,0.11801428571428571,0.10268,0.015334285714285717,0.001394285714285723,0.1951402429878503,0.04988075549636637,0.16334661354581673,0.0737041444945883,0.10869332808662191,0.00025952905623521927,0.6780926280576359,1.06,-0.7500520473790185,1.908269113255947,-0.34862781834042045,0.013856632160301308,0.05170393067785861,0.0,1,12.930000305175781,15.079999923706055,2.0347145908900686
2024-02-12,502.0,487.5624694824219,0.11592214285714286,0.12064227272727274,0.12563617647058822,0.004720129870129874,0.009714033613445361,0,0.1291614285714286,0.10268,0.0264814285714286,-1.4285714285688922e-06,0.4390530473476328,0.09976151099273294,0.3346613545816733,0.057997141153639305,0.10869276514735962,0.007229377709783241,0.5335878710511228,1.18,0.6609132929188366,1.1597287861540673,-0.5866077416604178,0.017115015135019673,0.05170572864723866,-0.0004390162232666972,1,13.930000305175781,15.670000076293945,2.337786019461495
2024-02-13,496.0,480.8472900390625,0.12637285714285715,0.1292859090909091,0.13194499999999998,0.0029130519480519423,0.005572142857142831,0,0.1500657142857143,0.11244000000000001,0.03762571428571429,0.004880000000000023,0.8048097595120243,0.17455963886680664,0.4860557768924303,0.1363075630637309,0.12241422318209427,0.003958633960762875,1.1134944904316382,1.15,0.2754889853374566,3.66564097474094,0.4195661511984821,0.00020243486805715527,0.03650262615375888,-0.014205931830546858,1,15.850000381469727,16.81999969482422,3.212714667184011
2024-02-14,500.0,485.2170104980469,0.117315,0.12108590909090909,0.12620970588235295,0.0037709090909090887,0.008894705882352943,0,0.13195,0.10268,0.029270000000000018,0.0,0.4878006099695016,0.10973050486563592,0.398406374501992,0.13920770831440202,0.123293965753421,-0.005978965753420995,1.1290715442863388,1.1,-0.2923921348927483,0.9696991806170031,-0.7077814118475078,0.0009435552150720561,0.04977570205886117,-0.005247485776550098,1,14.380000114440918,15.930000305175781,2.6485001144409175
2024-02-15,504.0,488.56488037109375,0.117315,0.12130772727272726,0.1264964705882353,0.003992727272727259,0.009181470588235291,0,0.13334285714285715,0.10268,0.03066285714285716,0.0006964285714285701,0.4878006099695016,0.10973050486563592,0.40239043824701193,0.1472091961122199,0.1207762068676673,-0.0034612068676672936,1.2188592433070433,1.14,0.15791733547618314,1.1364304505792728,-0.6390435056846444,0.0074048465420673,0.06292727278280252,0.0,1,14.010000228881836,15.760000228881836,2.2785002288818355
2024-02-16,500.0,486.1318359375,0.117315,0.12573977272727271,0.12707,0.008424772727272711,0.009754999999999986,0,0.14448857142857144,0.10268,0.041808571428571445,0.006269285714285713,0.4878006099695016,0.10973050486563592,0.4063745019920319,0.14727724648601845,0.12170557021846422,-0.004390570218464215,1.2101109770214502,1.24,1.2109872858367203,0.7703957390576222,-0.8342788637284358,-0.003371984946442197,0.04831156059062924,-0.004979982252808934,1,14.239999771118164,15.859999656677246,2.5084997711181636
2024-02-20,497.0,483.45550537109375,0.12776642857142856,0.12707,0.13194499999999998,-0.0006964285714285701,0.00417857142857142,0,0.15146,0.11244000000000001,0.03902,0.004183571428571453,0.853582320883955,0.18453374504425973,0.5219123505976095,0.15113107747145718,0.11867541579139552,0.009091012780033034,1.2734826034830276,1.06,-0.7982005195421862,1.5561731829491268,-0.3580679128626952,-0.008423462363064793,0.029703906023570203,-0.010457925252668865,1,15.420000076293945,16.40999984741211,2.64335721915109
2024-02-21,498.0,483.8934020996094,0.12707,0.12219499999999998,0.13194499999999998,-0.004875000000000004,0.0048749999999999905,0,0.15146,0.11244,0.03902000000000001,0.004880000000000023,0.8292085395730207,0.17954924810780826,0.5099601593625498,0.1057068739728988,0.11865701610648696,0.008412983893513026,0.8908607130153496,1.19,0.6079590018331053,0.5246779863568262,-0.8723116815032516,0.006334884533298224,0.028462047576349958,-0.009561633386206747,1,15.34000015258789,16.229999542236328,2.6330001525878917
2024-02-22,508.0,493.9078674316406,0.12138166666666667,0.122195,0.12881107142857143,0.0008133333333333326,0.007429404761904762,0,0.1417,0.10268,0.03902,0.0008083333333333276,0.6301268269919835,0.13883655877147916,0.4342629482071713,0.1702494575049379,0.13595089816311373,-0.014569231496447066,1.2522863754873674,1.23,0.9738177932692557,33.23018632906987,4.122214959006179,0.017911278346719683,0.04669406479161142,0.0,1,14.539999961853027,15.770000457763672,2.4018332951863606
2024-02-23,508.0,494.24847412109375,0.11731500000000002,0.117315,0.122195,-1.3877787807814457e-17,0.004879999999999982,0,0.13195,0.10268,0.029270000000000018,-1.3877787807814457e-17,0.4878006099695021,0.10973050486563601,0.4103585657370518,0.16829035343803692,0.13599845109902592,-0.018683451099025902,1.2374431626099769,1.15,0.1129843848544435,1.4455958825149875,-0.2953090955269688,0.011633242540239452,0.04627206078630541,0.0,1,13.75,15.25,2.0184999999999977
2024-02-26,507.0,492.4383239746094,0.11324833333333333,0.117315,0.122195,0.004066666666666677,0.008946666666666672,0,0.13195,0.10268,0.029270000000000018,0.004066666666666677,0.34547439294701915,0.08062445095979257,0.32270916334661354,0.16489939393254488,0.13688853723435546,-0.02364020390102213,1.204625290503575,1.31,1.6370731171884971,1.0258220207027027,-0.3419968782752141,0.012972793738034838,0.03680112129264779,-0.0036624294080084274,1,13.739999771118164,15.220000267028809,2.4151664377848316
2024-02-27,508.0,493.35308837890625,0.112435,0.112435,0.122195,0.0,0.009760000000000005,0,0.13195,0.10268,0.029270000000000018,0.004880000000000009,0.31700914954252274,0.07480324017862391,0.20318725099601595,0.14969038780114105,0.13645521012086073,-0.024020210120860738,1.0969928350010065,1.32,1.6492350935682933,0.9454582803101449,-0.35036071898952764,0.020472583097828734,0.04004839518842829,-0.0018116105341139388,1,13.430000305175781,14.890000343322754,2.186500305175782
2024-02-28,506.0,492.7010498046875,0.11243500000000001,0.117315,0.12602535714285712,0.0048799999999999955,0.013590357142857112,0,0.1417,0.09292,0.04877999999999999,0.0048749999999999905,0.31700914954252324,0.07480324017862401,0.21912350597609562,0.15343076230676497,0.1350597752882287,-0.022624775288228705,1.1360211578860624,1.26,0.9770308961238474,1.0794704855086779,-0.3170710632126289,0.018201628017372906,0.03051269206867624,-0.003130863113250837,1,13.84000015258789,15.220000267028809,2.5965001525878897
2024-02-29,508.0,494.4722900390625,0.108775,0.112435,0.122195,0.0036599999999999966,0.013420000000000001,0,0.13195,0.09292,0.03903000000000001,0.0036600000000000105,0.22132083760433474,0.048607791663364985,0.1593625498007968,0.044722664501878395,0.13500774321348477,-0.026232743213484774,0.3312599961852516,0.95,-1.7553240120561149,1.0352874821380187,-0.3185951025812233,0.0011427690155187964,0.03501804445343848,0.0,1,13.399999618530273,14.930000305175781,2.522499618530274
2024-03-01,513.0,499.11456298828125,0.107555,0.112435,0.122195,0.0048799999999999955,0.01464,0,0.13195,0.09292,0.03903000000000001,0.004880000000000009,0.17129887245570394,0.03987597549161201,0.06772908366533864,0.0792361568232397,0.12021763738369998,-0.012662637383699979,0.6591059227885238,1.46,2.23722822222321,4.584537831625889,0.14810091716259505,0.009845430227864105,0.06206504324371509,0.0,1,13.109999656677246,14.930000305175781,2.3544996566772465
2024-03-04,512.0,498.5793151855469,0.117315,0.11817617647058823,0.12312357142857142,0.0008611764705882263,0.005808571428571413,0,0.13195,0.10268,0.029270000000000018,0.0,0.571474593644751,0.10973050486563592,0.4302788844621514,0.06911474576755122,0.11504175485240412,0.002273245147595887,0.6007796547977196,1.15,-0.09781292274798649,1.4679379313964531,-0.23737252591472027,0.012470579384179059,0.047220083974022664,-0.001072394681352784,1,13.489999771118164,15.229999542236328,1.7584997711181636
2024-03-05,508.0,493.5964050292969,0.122195,0.1233420588235294,0.13264214285714285,0.0011470588235294038,0.01044714285714285,0,0.1417,0.10389999999999999,0.0378,0.0006049999999999944,0.771562454239274,0.1446577695526478,0.5139442231075697,0.11335039541445562,0.11835271097947685,0.0038422890205231514,0.9577338320041636,1.14,-0.2155794029393064,2.6226886154737286,-0.08867421208670202,0.0004931896771744881,0.025953227824599523,-0.011055894514370168,1,14.460000038146973,15.90999984741211,2.2405000381469726
2024-03-06,510.0,496.0975646972656,0.122195,0.12506264705882353,0.13194499999999998,0.0028676470588235303,0.009749999999999981,0,0.1417,0.10268,0.03902,-5.0000000000050004e-06,0.7243426632739614,0.1446577695526478,0.5179282868525896,0.11728586285353111,0.11768005493262908,0.004514945067370921,0.996650306805825,1.19,0.07679195011072605,2.337402454795477,-0.139070255379842,0.0068936627878599666,0.03492026890658284,-0.006044700985986751,1,14.5,15.970000267028809,2.2805
2024-03-07,514.0,501.0220642089844,0.12288714285714285,0.12563617647058822,0.13194499999999998,0.0027490336134453758,0.009057857142857131,0,0.1417,0.10407428571428572,0.037625714285714276,1.3877787807814457e-17,0.758587786259542,0.14961159266179802,0.5219123505976095,0.13230342157843022,0.12105934971988244,0.0018277931372604056,1.0928806563438949,1.22,0.3827190815973229,2.7615810157249125,-0.07516887972169146,0.01324598830281154,0.04216764641376369,0.0,1,14.4399995803833,15.90999984741211,2.151285294669016
2024-03-08,512.0,498.0148010253906,0.12358785714285715,0.13108676470588237,0.136825,0.007498907563025223,0.01323714285714285,0,0.1417,0.11244,0.029259999999999994,0.0034821428571428364,0.7932569974554717,0.1546267634255509,0.5378486055776892,0.12808949590097554,0.12177737096209583,0.0018104861807613226,1.0518333159027091,1.06,-1.0553796492774643,2.5740841109667083,-0.10769640103420793,-0.0022034259154976032,0.027343837299553586,-0.006002256983116405,1,14.739999771118164,16.299999237060547,2.381214056832448
2024-03-11,511.0,497.5866394042969,0.13055214285714284,0.13194499999999998,0.13891642857142858,0.0013928571428571401,0.00836428571428574,0,0.15146,0.11244,0.03902000000000001,0.0013978571428571729,1.0,0.2044717327900657,0.5896414342629482,0.12803225092101578,0.12197423567380627,0.008577907183336564,1.0496663513712057,1.22,0.31307916698221444,1.3647758554220555,-0.27364473282398716,-0.0019910087543053567,0.026007419382505947,-0.006856833361443604,1,15.220000267028809,16.459999084472656,2.164785981314525
2024-03-12,516.0,502.9393615722656,0.117315,0.1253494117647059,0.12939142857142855,0.008034411764705901,0.012076428571428544,0,0.13195,0.10268,0.029270000000000018,0.0,0.42440054665175847,0.10973050486563592,0.4342629482071713,0.11343948922899297,0.12543955370375365,-0.008124553703753645,0.9043358803467938,1.3,0.9683900465870999,1.1819491894610363,-0.2994967690986853,0.018928331826918887,0.03108543930151808,0.0,1,13.84000015258789,15.65999984741211,2.10850015258789
2024-03-13,515.0,502.1509704589844,0.117315,0.12563617647058825,0.12962357142857142,0.008321176470588248,0.012308571428571419,0,0.13195,0.10268,0.029270000000000018,0.0,0.42440054665175847,0.12022157872037735,0.43824701195219123,0.11828389461612412,0.12571553172871092,-0.008400531728710914,0.9408852907004047,1.07,-1.0305154567570518,0.8337329524330326,-0.32756590064487257,0.012202046920775977,0.029921296017819232,-0.0015675669345437404,1,13.75,15.600000381469727,2.0184999999999995
2024-03-14,513.0,501.15826416015625,0.117315,0.12965088235294117,0.13194499999999998,0.012335882352941169,0.014629999999999976,0,0.1417,0.10268,0.03902,0.0048749999999999905,0.42440054665175847,0.12022157872037735,0.44223107569721115,0.09971756862234923,0.11368718131200593,0.0036278186879940694,0.8771223586648864,0.8,-2.612128958638206,0.8134961156761641,-0.3291855855138522,0.00027184421785286794,0.042239967952078405,-0.003541376054841616,1,14.399999618530273,16.1200008392334,2.668499618530273
2024-03-15,517.0,497.71710205078125,0.12219,0.13022764705882353,0.13195,0.008037647058823538,0.009760000000000019,0,0.1417,0.11244,0.029259999999999994,0.0048799999999999955,0.6363834016648033,0.17362884218796032,0.5139442231075697,0.10318644942014871,0.11458874907612221,0.007601250923877784,0.9004937243149511,1.12,-0.36336104634370575,2.666920755600633,-0.08056013505640136,-0.0005977713393184869,0.025761857647784714,-0.010383477453740686,1,14.40999984741211,16.40999984741211,2.19099984741211
2024-03-18,520.0,500.675048828125,0.12219,0.13195,0.13195,0.009760000000000019,0.009760000000000019,0,0.1417,0.11244,0.029259999999999994,0.0048799999999999955,0.6363834016648033,0.17362884218796032,0.5179282868525896,0.11106266601524202,0.11404263671443679,0.008147363285563203,0.9738696790512076,1.49,1.9170860476737814,1.8665591782753448,-0.20098838560873386,0.006206777230846727,0.024787226719679145,-0.00450215854464453,1,14.329999923706055,16.219999313354492,2.1109999237060553
2024-03-19,522.0,503.4573669433594,0.117315,0.12219,0.1300909523809524,0.0048749999999999905,0.012775952380952388,0,0.13195,0.11244000000000001,0.01951,0.004880000000000009,0.42440054665175847,0.13836761795478436,0.44621513944223107,0.08675254181770276,0.11270554062148257,0.004609459378517436,0.7697273917442798,1.46,1.5227669270218742,0.6446916815826689,-0.36563950374199744,0.0010299559165032335,0.03563957289990549,0.0,1,13.819999694824219,15.770000457763672,2.0884996948242183
2024-03-20,527.0,508.114013671875,0.10755999999999999,0.12219,0.12637285714285715,0.014630000000000004,0.01881285714285716,0,0.12219,0.11244,0.009749999999999995,0.009755000000000014,0.00021741831283350653,0.056753829265987606,0.13147410358565736,0.10473114679507924,0.11241686684324709,-0.0048568668432470985,0.9316319671238948,1.42,1.1691299702303362,2.2565243453277692,-0.15212978541279182,0.011875000873622144,0.05100471093374703,0.0,1,13.039999961853027,15.279999732971191,2.283999961853029
2024-03-21,529.0,509.793212890625,0.11244000000000001,0.12219,0.1266052380952381,0.009749999999999981,0.014165238095238092,0,0.12219,0.10268,0.01951,-5.000000000018878e-06,0.21241769163871366,0.10641979078068334,0.32669322709163345,0.09739856148511225,0.11233001849205425,0.00010998150794576389,0.8670750952649564,1.24,0.13463555602788418,1.81983251174176,0.055392363123863156,0.017229983715701502,0.05352379403942398,0.0,1,12.920000076293945,15.180000305175781,1.6760000762939438
2024-03-22,527.0,508.82672119140625,0.10755999999999999,0.11870785714285714,0.12683761904761906,0.011147857142857154,0.01927761904761907,0,0.12219,0.10268,0.01951,0.004875000000000004,0.00021741831283350653,0.056753829265987606,0.13545816733067728,0.0652627892246783,0.0920661375826781,0.015493862417321883,0.7088685475272642,1.68,2.163444473373574,1.97050414053845,0.18481747573498822,0.022321152105983844,0.030205742292271687,-0.0018958504640314011,1,13.0600004196167,15.300000190734863,2.3040004196167008
2024-03-25,526.0,507.4208679199219,0.11104571428571428,0.12219,0.12707000000000002,0.011144285714285718,0.01602428571428574,0,0.12219,0.10268,0.01951,0.001389285714285718,0.15178904211703292,0.10081289184485917,0.20717131474103587,0.08008156663986206,0.09318202747957997,0.017863686806134302,0.8594100043316962,1.19,-0.2330426885730195,0.8208962808476362,-0.9893286336881439,0.013473447713414188,0.026651359566161936,-0.004653543654007275,1,13.1899995803833,15.380000114440918,2.0854281518118736
2024-03-26,525.0,506.4837646484375,0.10755999999999999,0.12010071428571428,0.12428142857142857,0.012540714285714294,0.01672142857142858,0,0.12219,0.10268,0.01951,0.004875000000000004,0.00021741831283350653,0.0630130352314459,0.1394422310756972,0.08060918110217045,0.0921784167723994,0.015381583227600595,0.8744908398807185,1.07,-0.7573572514080148,0.8448671193875396,-0.9547665953789968,0.006011229358808157,0.02852223312041069,-0.006491746375794749,1,13.239999771118164,15.289999961853027,2.4839997711181656
2024-03-27,529.0,510.7401428222656,0.10268,0.11870785714285714,0.12497857142857144,0.01602785714285715,0.022298571428571445,0,0.11244,0.10268,0.009760000000000005,0.0048799999999999955,0.0,0.007869566972032753,0.02390438247011952,0.07541564235359893,0.09534493522395832,0.007335064776041678,0.7909769111117761,1.15,-0.3374517933463187,1.5279083669748277,-0.2817883916895855,0.005168385597974279,0.0352426180212857,0.0,1,12.779999732971191,15.010000228881836,2.5119997329711925
2024-03-28,529.0,510.64251708984375,0.10268,0.11940428571428571,0.12358785714285715,0.01672428571428572,0.02090785714285716,0,0.12219,0.10268,0.01951,0.009755,0.0,0.007869566972032753,0.027888446215139442,0.07282831694758662,0.09498046321003302,0.007699536789966974,0.7667715494979139,1.63,1.7640192630093932,2.2105537139839093,0.3698856694028036,0.0016659778469843012,0.03641450995947437,-0.0001911456026980618,1,13.010000228881836,15.1899995803833,2.742000228881837
2024-04-01,528.0,509.7540588378906,0.10918666666666667,0.12219,0.12707000000000002,0.013003333333333325,0.01788333333333335,0,0.12544333333333335,0.10593333333333334,0.019510000000000013,0.0065016666666666695,0.23344694737021984,0.08139419131791711,0.20717131474103587,0.07253467802132334,0.09544087268267532,0.013745793983991353,0.7599959638098535,0.93,-1.3509225251613755,1.6297292894482862,-0.11536561514281883,0.0018225018613664545,0.030905207645955057,-0.00193069606576457,1,13.649999618530273,15.520000457763672,2.7313329518636067
2024-04-02,524.0,506.51312255859375,0.11893999999999999,0.12730238095238094,0.1277664285714286,0.008362380952380954,0.008826428571428596,0,0.13845,0.11244000000000001,0.026009999999999978,0.006505000000000011,0.5833781809794727,0.19160579522983162,0.50199203187251,0.08569293898364405,0.09458987098196504,0.024350129018034947,0.9059420220583944,0.98,-1.0540340104108572,2.832113703739716,1.4168954045705757,-0.0017889397514321281,0.014823369460542413,-0.008276264012290202,1,14.609999656677246,16.09000015258789,2.7159996566772477
2024-04-03,525.0,507.0694274902344,0.12219,0.12753476190476193,0.12892809523809526,0.0053447619047619355,0.006738095238095265,0,0.1417,0.12219,0.01951,0.009754999999999986,0.6999820609415446,0.2283304410993179,0.5617529880478087,0.08501464871399385,0.09437565571918038,0.02781434428081961,0.9008112109648203,1.11,-0.4703163606546231,0.8667851965696622,-1.1110846864069022,0.0011563309284028378,0.01702860918232818,-0.00718705076077919,1,14.329999923706055,15.90999984741211,2.1109999237060553
2024-04-04,518.0,500.8800964355469,0.136825,0.1417,0.13798690476190478,0.0048749999999999905,0.0011619047619047806,0,0.1598257142857143,0.1305557142857143,0.02926999999999999,0.008365714285714282,1.0,0.3937043464223738,0.7091633466135459,0.08686762260270633,0.09786865218226591,0.03895634781773409,0.8875939400997187,1.31,0.3849666511756308,3.358697745115761,1.9714559422188538,-0.019305407114141748,0.014756370451720846,-0.019305407114141748,1,16.350000381469727,17.15999984741211,2.6675003814697256
2024-04-05,524.0,506.1127014160156,0.13195,0.136825,0.1382192857142857,0.0048749999999999905,0.0062692857142856995,0,0.15843142857142858,0.12219,0.03624142857142859,0.008360714285714277,0.8572265338995464,0.33861737761814453,0.6852589641434262,0.13467005867900808,0.10250038864190844,0.02944961135809157,1.3138492493866185,1.44,0.8884375364470265,1.1244683230079422,-0.6749649057035119,-0.008870815731607307,0.020187836892248345,-0.009060265716885896,1,16.030000686645508,17.18000030517578,2.8350006866455075
2024-04-08,524.0,506.39581298828125,0.12707000000000002,0.13195,0.136825,0.0048799999999999955,0.009754999999999986,0,0.14448857142857144,0.12219,0.022298571428571445,0.0062692857142856995,0.714306633474887,0.2834739093587314,0.6374501992031872,0.13570032589422956,0.09722312677732786,0.029846873222672154,1.3957617944650846,1.29,0.1964551943689,0.7600227835113175,-1.0278040618109843,-0.006587972751536886,0.010725573109801045,-0.008505949444228778,1,15.1899995803833,16.559999465942383,2.4829995803833
2024-04-09,525.0,506.9815979003906,0.12707000000000002,0.12892904761904764,0.13427142857142857,0.0018590476190476213,0.007201428571428553,0,0.1417,0.12219,0.01951,0.004874999999999963,0.714306633474887,0.2834739093587314,0.6414342629482072,0.128357367695377,0.0942853189122506,0.032784681087749415,1.3613717297264123,1.1,-0.6009257582303431,1.4430775301443834,-0.16594410304050078,0.0009249026746442901,0.018005081087023367,-0.007359016076366909,1,14.979999542236328,16.420000076293945,2.2729995422363274
2024-04-10,518.0,501.9051208496094,0.136825,0.13891642857142858,0.14170500000000003,0.0020914285714285774,0.004880000000000023,0,0.16122,0.12219,0.03903000000000001,0.0048799999999999955,1.0,0.3937043464223738,0.7250996015936255,0.14652809454940827,0.10150241490193916,0.03532258509806084,1.4435922011409101,1.16,-0.3110353943529393,1.9767153662564618,0.46211513192951925,-0.010184614493888966,0.008678853295744693,-0.01729846791332157,1,15.800000190734863,17.040000915527344,2.1175001907348623
2024-04-11,523.0,505.6929626464844,0.12776714285714288,0.13427142857142857,0.136825,0.006504285714285685,0.009057857142857118,0,0.15146,0.12219,0.029270000000000018,0.009057857142857118,0.7347237621069815,0.29135154768150484,0.6533864541832669,0.12529088286160062,0.09797639225569896,0.029790750601443927,1.2787864502564685,1.08,-0.6598101187782599,1.0635185219613181,-0.7236019371923722,0.009608819047088657,0.005475016044897751,-0.009882090230643237,1,14.90999984741211,16.489999771118164,2.1332855616978215
2024-04-12,515.0,498.71282958984375,0.1430942857142857,0.14425619047619048,0.14658,0.0011619047619047806,0.0034857142857142864,0,0.17097,0.13195,0.03902,0.00836571428571431,1.0,0.46454659187214964,0.8007968127490039,0.13958190285037653,0.10950851167873196,0.03358577403555374,1.2746214948101173,1.04,-0.9600471212120989,1.727251827720704,0.07535384696138045,-0.014620996085394244,-0.006846827092653163,-0.023548791692700966,1,17.309999465942383,18.200000762939453,3.000570894513812
2024-04-15,508.0,492.4649658203125,0.166095,0.16447,0.161215,-0.0016249999999999876,-0.0048799999999999955,1,0.19048,0.14448857142857144,0.04599142857142857,0.0013892857142857318,1.0,0.7244521570684853,0.9641434262948207,0.14968433841150666,0.11743087243114442,0.048664127568855575,1.2746591702218175,1.12,-0.5844785652367052,1.545971651300599,-0.09592781126349018,-0.02750979927294761,-0.017346413222202428,-0.03578175175533982,1,19.229999542236328,19.549999237060547,2.6204995422363275
2024-04-16,508.0,491.5667724609375,0.16121999999999997,0.1549457142857143,0.15238952380952378,-0.006274285714285677,-0.008830476190476194,1,0.18073,0.1417,0.03903000000000001,-4.999999999977245e-06,0.9231254435070564,0.6693651882642557,0.9282868525896414,0.14255930408935863,0.11543306338345921,0.04578693661654076,1.2349954156183853,1.22,-0.053648291326214584,1.0452043335810113,-0.7306139616041919,-0.03040509853472384,-0.012357079080670741,-0.03754036300217023,1,18.399999618530273,18.84000015258789,2.277999618530277
2024-04-17,505.0,488.6575622558594,0.16122,0.15517809523809525,0.15215714285714285,-0.006041904761904748,-0.00906285714285715,1,0.18073,0.1417,0.03903000000000001,-5.0000000000050004e-06,0.9231254435070568,0.669365188264256,0.9282868525896414,0.138418325350802,0.11430201215986101,0.046917987840138994,1.210987652231461,1.46,1.116859883063909,1.2544839361607951,-0.5034972524630669,-0.026394547581672256,-0.0240025673346288,-0.04323643026056567,1,18.209999084472656,18.770000457763672,2.0879990844726564
2024-04-18,503.0,487.6520080566406,0.16122,0.15634,0.15192476190476187,-0.0048799999999999955,-0.009295238095238134,1,0.18073,0.1417,0.03903000000000001,-5.0000000000050004e-06,0.9231254435070568,0.669365188264256,0.9282868525896414,0.0908456595455756,0.11169227066598772,0.04952772933401228,0.813356725616643,1.26,0.1846819405363241,0.9070664298647431,-0.9083748546649189,-0.03567570823099564,-0.031393639113233784,-0.04520524789385805,1,18.0,18.65999984741211,1.8780000000000001
2024-04-19,499.0,483.3956298828125,0.166095,0.1612157142857143,0.161215,-0.004879285714285697,-0.0048799999999999955,1,0.19048,0.1417,0.04878000000000002,-4.999999999977245e-06,1.0,0.7244521570684853,0.9641434262948207,0.07273623907871059,0.10720861992356047,0.05888638007643952,0.678455138500723,1.33,0.5080490005626219,1.6578392471504397,0.18751876295412404,-0.030713466344205687,-0.04864731757826479,-0.053538993015806224,1,18.709999084472656,19.25,2.1004990844726557
2024-04-22,503.0,487.8472595214844,0.1500657142857143,0.14658,0.14658500000000002,-0.003485714285714314,-0.0034807142857142814,1,0.17097,0.13195,0.03902,0.001394285714285709,0.7472319527826904,0.5433229750998831,0.848605577689243,0.10823380716179613,0.11289743278535143,0.037168281500362874,0.9586914820957699,1.22,0.0904387253653976,1.0781228283726747,-0.5886391275643681,-0.009376720415301576,-0.043048735868221666,-0.044822956688461923,1,16.940000534057617,17.6299991607666,1.9334291054861872
2024-04-23,509.0,493.63641357421875,0.1417,0.136825,0.14170500000000003,-0.0048749999999999905,5.000000000032756e-06,0,0.15146,0.13195,0.01951,5.000000000032756e-06,0.615311834739415,0.4487913152266031,0.7689243027888446,0.14549216343972907,0.1227377104023003,0.01896228959769969,1.1853908873063213,1.37,0.8929210004614385,1.1263777908079848,-0.5505160979005127,0.004210294977669005,-0.029853596488839562,-0.033488124026309185,1,15.6899995803833,16.68000030517578,1.5199995803833009
2024-04-24,507.0,493.4020690917969,0.136825,0.136825,0.14170500000000003,0.0,0.004880000000000023,0,0.17097,0.12219,0.04878000000000002,0.009754999999999986,0.5384372782464718,0.3937043464223738,0.7330677290836654,0.13419568634017456,0.12268308508505088,0.014141914914949122,1.0938401675108063,1.17,-0.2813869012510898,0.5635539110146777,-1.327794456995396,0.009709267189143223,-0.027627556756962823,-0.033946957125127075,1,15.970000267028809,16.84000015258789,2.2875002670288076
2024-04-25,511.0,491.5276794433594,0.1319457142857143,0.13682785714285714,0.13885833333333333,0.004882142857142835,0.006912619047619029,0,0.13195,0.1500657142857143,-0.01811571428571429,0.009062142857142852,0.46149513972584266,0.3385689495137013,0.6772908366533864,0.13798767200580855,0.12297358976034854,0.008972124525365763,1.1220919245727439,1.21,-0.06700611629557726,0.8534634576395738,-0.8443372946463515,0.007947616994675721,-0.029529249008523495,-0.037616904895591996,1,15.369999885559082,16.3700008392334,2.1754284569876514
2024-04-26,512.0,496.18438720703125,0.13195,0.13403642857142856,0.13438499999999998,0.0020864285714285447,0.002434999999999965,0,0.1486714285714286,0.11940428571428571,0.02926714285714288,0.0020878571428571413,0.46156272175352864,0.33861737761814453,0.7051792828685259,0.10953834331417146,0.12408805236630982,0.007861947633690192,0.8827468980721255,1.26,0.3991725218294317,1.7183549601573316,0.4236953388345699,0.026456088002531297,-0.028499337324067953,-0.028499337324067953,1,15.029999732971191,16.270000457763672,1.8349997329711911
2024-04-29,513.0,497.9416198730469,0.13195,0.13194499999999998,0.13194499999999998,-5.000000000032756e-06,-5.000000000032756e-06,1,0.1417,0.11522571428571428,0.026474285714285714,-0.003487142857142883,0.46156272175352864,0.33861737761814453,0.7091633466135459,0.10391411199829026,0.12520310353739714,0.006746896462602875,0.8299643464289364,1.16,-0.4252358756180824,0.9848042441124726,-0.5905529024858356,0.020691640989156657,-0.02487238487147403,-0.02505877622717534,1,14.670000076293945,16.0,1.475000076293945
2024-04-30,505.0,490.0535888671875,0.14239714285714286,0.13705738095238093,0.14170500000000003,-0.0053397619047619305,-0.0006921428571428356,1,0.15285428571428572,0.1235842857142857,0.029270000000000018,-0.00417785714285715,0.6263051779096881,0.45666895354937653,0.7888446215139442,0.15070124554837785,0.13527351470907661,0.007123628148066247,1.1140484216180868,1.19,-0.30182095754097854,0.9140145508794637,-0.6280855454239114,-0.007258023534142288,-0.038647009531645904,-0.040503089968154105,1,15.649999618530273,16.59000015258789,1.4102853328159881
2024-05-01,504.0,488.4623718261719,0.136825,0.136825,0.14129833333333336,0.0,0.004473333333333357,0,0.15146,0.13195,0.01951,0.004880000000000023,0.5384372782464718,0.3937043464223738,0.7410358565737052,0.15085087498673722,0.13439345933941269,0.002431540660587317,1.1224569687261423,1.31,0.6571287406727474,1.241740125585166,-0.1250148314916217,-0.010011504967373686,-0.03563728150070533,-0.043618601962615355,1,15.390000343322754,16.56999969482422,1.707500343322753
2024-05-02,508.0,493.0311279296875,0.13195,0.13194499999999998,0.13194499999999998,-5.000000000032756e-06,-5.000000000032756e-06,1,0.14309428571428573,0.12219,0.020904285714285736,0.0006921428571428634,0.46156272175352864,0.33861737761814453,0.7051792828685259,0.16870656189038058,0.1394834981939271,-0.007533498193927096,1.2095091109331368,1.1,-1.0686234269452517,0.6221197564415794,-1.436324226257026,0.00305872598676582,-0.027685162621675197,-0.03467323871337202,1,14.680000305175781,16.049999237060547,1.485000305175781
2024-05-03,515.0,499.14239501953125,0.11870785714285714,0.12707000000000002,0.13194499999999998,0.008362142857142874,0.013237142857142836,0,0.13195,0.11244,0.019510000000000013,0.0034871428571428553,0.2527455198747481,0.18898260623915414,0.50199203187251,0.1791471058451636,0.14118461788818776,-0.022476760745330615,1.2688854389721163,1.34,1.109057469650139,2.7392464254783166,2.834391405803527,0.0059615092468956465,-0.0034692962015895334,-0.022707727140160006,1,13.489999771118164,15.270000457763672,1.6192140568324493
2024-05-06,519.0,504.296875,0.12219,0.12219500000000001,0.12828874999999998,5.000000000018878e-06,0.006098749999999986,0,0.13195,0.11244,0.019510000000000013,5.0000000000050004e-06,0.3076559173697075,0.2283304410993179,0.5697211155378487,0.19072093463436135,0.1410731270965352,-0.018883127096535196,1.3519295882897142,1.88,3.4429805149808304,3.004887957290374,2.5620589124365565,0.012763052681905585,-0.003587790646105593,-0.012615550026401245,1,13.489999771118164,15.020000457763672,1.2709997711181646
2024-05-07,520.0,504.8533935546875,0.117315,0.122195,0.1237184375,0.0048799999999999955,0.006403437499999998,0,0.12219,0.11244000000000001,0.009749999999999981,0.0,0.23078136087676432,0.17324347229508863,0.4820717131474104,0.10611167157311603,0.14112116135698785,-0.02380616135698785,0.7519189223839372,1.29,0.1749637661297705,1.5832507979288177,0.31776548085936795,0.030200380170077645,-0.003045877145965714,-0.011525918513177635,1,13.229999542236328,14.949999809265137,1.4984995422363276
2024-05-08,520.0,504.90216064453125,0.11244,0.122195,0.122195,0.009755,0.009755,0,0.13195,0.10268,0.029270000000000018,0.004875000000000004,0.15390680438382093,0.11815650349085921,0.32669322709163345,0.08911581213696457,0.14104576153202802,-0.028605761532028026,0.6318219786897216,1.4,0.7149896372499245,0.6102956135190661,-1.0892484605218868,0.03365620315214324,-0.004101603025575606,-0.011430435339338407,1,13.0,14.899999618530273,1.7560000000000002
2024-05-09,523.0,507.8113708496094,0.11313642857142858,0.11963880952380952,0.122195,0.00650238095238094,0.009058571428571416,0,0.12358428571428572,0.10407428571428572,0.01951,0.000692857142857134,0.16488888388281303,0.12602607046289213,0.3745019920318725,0.08587257518929936,0.13770171725338393,-0.024565288681955344,0.6236129577911208,1.25,-0.16513282158967887,1.106525863455837,-0.3227808615139607,0.029978315937142508,0.01176766236216542,-0.005734368080942964,1,12.6899995803833,14.710000038146973,1.376356723240443
2024-05-10,523.0,508.4654846191406,0.11034714285714285,0.11499119047619047,0.122195,0.004644047619047617,0.011847857142857146,0,0.12497857142857144,0.10268,0.022298571428571445,0.003482142857142864,0.020392025605087436,0.09450744582105813,0.21912350597609562,0.06779170373763933,0.1354051554729027,-0.025058012615759837,0.5006582171917806,1.15,-0.7942233908395894,1.8481581163024066,0.8144908125649439,0.01867821626180355,0.005482619252098253,-0.004453650716694457,1,12.550000190734863,14.65999984741211,1.515285905020578
2024-05-13,523.0,508.5337829589844,0.12079714285714285,0.122195,0.122195,0.0013978571428571451,0.0013978571428571451,0,0.13195,0.10965142857142857,0.022298571428571445,3.5714285714361083e-06,0.18745115122938744,0.2125913071552524,0.5298804780876494,0.03715342268908941,0.125261157565044,-0.004464014707901143,0.2966076907743477,1.2,-0.5325779273018227,1.5091770252663084,0.29458647698487583,0.008401614542989932,0.019692602208003507,-0.004319926471980984,1,13.600000381469727,14.890000343322754,1.5202860957554414
2024-05-14,525.0,510.8669738769531,0.12079714285714285,0.11940642857142858,0.122195,-0.001390714285714273,0.0013978571428571451,0,0.1305557142857143,0.11104571428571429,0.019510000000000013,3.5714285714361083e-06,0.18745115122938744,0.2125913071552524,0.5338645418326693,0.04170318498379541,0.11563913699292148,0.005158005864221368,0.3606321014515021,1.3,0.0453451006615812,1.0581794333796226,-0.40311987354593615,0.011911537882163925,0.03736714148992881,0.0,1,13.420000076293945,14.699999809265137,1.3402857905796601
2024-05-15,531.0,517.1930541992188,0.10755999999999999,0.10755499999999998,0.1164,-5.0000000000050004e-06,0.008840000000000015,0,0.12219,0.09292,0.02926999999999999,-4.999999999991123e-06,0.0,0.0630130352314459,0.15139442231075698,0.07588505079506781,0.12040284491030752,-0.01284284491030753,0.6302596159716771,1.44,0.9033417039204561,5.784256529042648,3.5645359611975973,0.02434311934612765,0.05213184286234007,0.0,1,12.449999809265137,14.079999923706055,1.6939998092651383
2024-05-16,530.0,516.1289672851562,0.10756,0.11150547619047618,0.12097499999999999,0.00394547619047618,0.013414999999999982,0,0.12219,0.10128571428571428,0.02090428571428571,0.004177857142857136,2.370852961102666e-16,0.06301303523144607,0.16733067729083664,0.08893357068611402,0.11773250956591541,-0.010172509565915408,0.7553866898277777,1.21,-0.4780007531665011,1.621787560169566,0.034315640293282795,0.01637930324724879,0.05621811090465223,-0.0020574269229312048,1,12.420000076293945,14.220000267028809,1.664000076293945
2024-05-17,531.0,516.8709106445312,0.10268,0.10685857142857143,0.112435,0.004178571428571434,0.009755,0,0.11522571428571428,0.09292,0.022305714285714276,0.0013928571428571401,0.0,0.007869566972032753,0.03187250996015936,0.08873226638322497,0.11660473062327671,-0.013924730623276718,0.7609662653387425,1.36,0.41918300910405154,3.2148371576680184,1.2596361142601202,0.016530966761070465,0.05991752746867984,-0.0006228690661483904,1,11.989999771118164,13.989999771118164,1.7219997711181652
2024-05-20,531.0,517.466552734375,0.10755999999999999,0.107555,0.11382928571428572,-4.999999999991123e-06,0.006269285714285727,0,0.12219,0.09570857142857143,0.02648142857142856,0.0013892857142857318,0.07695340219191037,0.0630130352314459,0.1593625498007968,0.0867319525700061,0.10905688132680937,-0.0014968813268093767,0.7952909666479235,1.52,1.2433394462968401,2.5255518060219355,0.6395288336329413,0.017565735207234257,0.07048248007501057,0.0,1,12.149999618530273,14.109999656677246,1.393999618530275
2024-05-21,533.0,518.7355346679688,0.10268,0.10349291666666666,0.11348071428571427,0.0008129166666666632,0.010800714285714275,0,0.12079714285714285,0.09292,0.02787714285714285,0.004178571428571434,0.0,0.007869566972032753,0.035856573705179286,0.08635451216909204,0.10692120916535125,-0.004241209165351256,0.8076462363565935,1.13,-0.9284166476979776,0.5405521839872385,-0.9195479796798068,0.015402367335084044,0.06331546307502434,0.0,1,11.859999656677246,13.949999809265137,1.5919996566772472
2024-05-22,531.0,517.2420043945312,0.10755999999999999,0.112435,0.117315,0.004875000000000004,0.009755000000000014,0,0.12219,0.09292,0.02926999999999999,-4.999999999991123e-06,0.07695340219191037,0.0630130352314459,0.16733067729083664,0.03718037772102835,0.10361268695491935,0.0039473130450806415,0.35884001094581297,1.33,0.16396264230890906,0.8163370193542161,-0.7173689534565291,9.464588689866993e-05,0.047819792404280026,-0.0028791747887360053,1,12.289999961853027,14.3100004196167,1.533999961853029
2024-05-23,527.0,513.4638061523438,0.10755928571428572,0.112435,0.122195,0.004875714285714275,0.01463571428571428,0,0.13195,0.09152714285714286,0.04042285714285715,0.004179285714285719,0.07694213852062959,0.06300496388070553,0.09163346613545817,0.06452664025089326,0.10847165889128749,-0.0009123731770017685,0.5948709636271275,1.11,-1.0478755333114798,1.0058901213785427,-0.5744421095738461,-0.0051637503448629385,0.04066001810141251,-0.010162651608202067,1,12.770000457763672,14.670000076293945,2.014071886335101
2024-05-24,531.0,516.8611450195312,0.10128714285714285,0.10430500000000001,0.11452642857142856,0.0030178571428571555,0.013239285714285703,0,0.12219,0.08317,0.03902,0.0013928571428571401,0.0,0.0,0.0,0.08432844101836941,0.10756024220253538,-0.006273099345392524,0.7840112600302572,1.4,0.5384537930397878,1.454731566813396,-0.20384403974993287,-1.8893740775238754e-05,0.05154026240162368,-0.003613382009075683,1,11.930000305175781,14.170000076293945,1.8012860194614966
2024-05-28,531.0,517.2224731445312,0.10825214285714285,0.11080833333333333,0.12080071428571429,0.002556190476190476,0.012548571428571437,0,0.13195,0.08456285714285715,0.047387142857142864,4.285714285734432e-06,0.10747153674047458,0.07808921278129252,0.1952191235059761,0.08399811939823996,0.10457456343157547,0.003677579425567387,0.8032366250632359,1.24,-0.38195829930206626,0.9654155128024343,-0.5945727168986984,-0.0004716818672704237,0.04239973380847628,-0.00291682644106106,1,12.920000076293945,14.720000267028809,2.0947857905796603
2024-05-29,526.0,513.6005249023438,0.117315,0.117315,0.122195,0.0,0.0048799999999999955,0,0.15146,0.09292,0.05854000000000001,0.004875000000000004,0.2473134871212707,0.17969888684231605,0.5338645418326693,0.09243733740680014,0.10890359533489269,0.008411404665107314,0.848799684918972,1.25,-0.34547094612955964,1.3743945858467501,-0.28827375205393113,-0.00989909004192624,0.03144727093366728,-0.00989909004192624,1,14.279999732971191,15.449999809265137,2.548499732971191
2024-05-30,523.0,510.1933898925781,0.12149357142857142,0.12138166666666667,0.13055214285714284,-0.00011190476190475751,0.009058571428571416,0,0.15146,0.09292,0.05854000000000001,0.0006964285714285839,0.3117897962107769,0.22654760951389438,0.5896414342629482,0.09842139282946742,0.09384782675888012,0.027645744669691302,1.048733851688841,1.21,-0.5408927232638983,1.6881967595820502,-0.053115291830614766,-0.013627304901898007,0.04109714015552046,-0.016467244297922012,1,14.470000267028809,15.59000015258789,2.320643124171667
2024-05-31,528.0,514.8403930664062,0.11104071428571427,0.112435,0.12184642857142856,0.001394285714285723,0.010805714285714293,0,0.13195,0.09292,0.03903000000000001,0.0013942857142857368,0.15049982916533472,0.10935372787699192,0.2589641434262948,0.11731080109261163,0.09499237545460325,0.016048338831111023,1.2349496528663433,0.97,-1.762852108541652,2.2149164740741805,0.3160749946798245,0.002680981400379423,0.054002156075230845,-0.007508916087762718,1,12.920000076293945,14.65999984741211,1.8159286477225187
2024-06-03,529.0,515.2601318359375,0.1138292857142857,0.113045,0.122195,-0.0007842857142856957,0.008365714285714296,0,0.1347357142857143,0.09292,0.04181571428571429,-1.4285714285550144e-06,0.25712402987260186,0.1406182429726915,0.4302788844621514,0.10503726134132059,0.0918296037687015,0.0219996819455842,1.1438278837169575,1.11,-0.9292952393428657,2.0561016854430747,0.2159388195408818,-0.0030975692388973686,0.045086410668618404,-0.006699758547013324,1,13.109999656677246,14.800000190734863,1.7270710852486761
2024-06-04,529.0,515.8361206054688,0.117315,0.11426499999999999,0.12289142857142857,-0.003050000000000011,0.0055764285714285655,0,0.1417,0.09292,0.04877999999999999,-5.0000000000050004e-06,0.38987733259200064,0.17969888684231605,0.5418326693227091,0.10540968148523125,0.08398649645199047,0.033328503548009536,1.2550789226633237,1.12,-0.9662324215056766,1.3999300703225805,-0.27548867852793635,-0.0026803795485411674,0.03344481605351168,-0.005589387787663047,1,13.15999984741211,14.880000114440918,1.428499847412109
2024-06-05,535.0,521.9668579101562,0.107555,0.11365499999999999,0.122195,0.006099999999999994,0.01464,0,0.13195,0.09292,0.03903000000000001,0.004880000000000009,0.15246551065086703,0.07027308400736768,0.09163346613545817,0.11659962097218532,0.0861418662991591,0.0214131337008409,1.353576675100706,1.27,0.16070917733245482,4.53848850624748,2.028259419855255,0.01628957254162322,0.03503885069713397,0.0,1,12.630000114440918,14.539999961853027,1.8745001144409184
2024-06-06,535.0,521.9571533203125,0.10755500000000001,0.11243500000000001,0.12219499999999998,0.0048799999999999955,0.014639999999999972,0,0.13195,0.09292,0.03903000000000001,0.0048799999999999955,0.15246551065086736,0.07027308400736783,0.099601593625498,0.08687216789005,0.08631739418712481,0.021237605812875204,1.0064271368262405,1.69,2.611859281942314,1.7292059153971195,-0.15058775848805983,0.023057459506112377,0.033878666527715984,-1.8592348722257235e-05,1,12.579999923706055,14.539999961853027,1.8244999237060533
2024-06-07,534.0,521.3225708007812,0.10407285714285713,0.109385,0.122195,0.0053121428571428625,0.018122142857142864,0,0.13195,0.08595571428571427,0.04599428571428574,0.004880000000000009,0.06776244917816297,0.03123248178105223,0.04780876494023904,0.08387840375749903,0.08672189155208163,0.017350965590775508,0.9672114186661287,1.24,-0.13757916543733495,1.5268782034358326,-0.32718459119515664,0.012590654932428613,0.032521964523361424,-0.0012343448623435282,1,12.220000267028809,14.40999984741211,1.8127145527430955
2024-06-10,535.0,522.9334106445312,0.11243500000000001,0.117315,0.122195,0.0048799999999999955,0.009759999999999991,0,0.13195,0.09013428571428572,0.04181571428571429,-0.0013928571428571401,0.271171421621434,0.12498598542484193,0.30677290836653387,0.08253876545801607,0.08557228442580596,0.02686271557419405,0.9645502163680104,1.33,0.361176668863233,1.4675098395375887,-0.35763220323206774,0.014892048374192779,0.029778852272688283,0.0,1,12.739999771118164,14.600000381469727,1.4964997711181631
2024-06-11,537.0,524.1926879882812,0.11173785714285714,0.115485,0.11963880952380952,0.0037471428571428655,0.007900952380952384,0,0.13195,0.09292,0.03903000000000001,0.0006971428571428684,0.2542134343399242,0.11716985665091693,0.2749003984063745,0.08122671371823452,0.08564176841306076,0.02609608872979638,0.9484474132583077,1.1,-1.004268255503309,0.5139890699786356,-1.0356362527747955,0.01620004309315104,0.03093071967494687,0.0,1,12.850000381469727,14.489999771118164,1.6762146671840128
2024-06-12,541.0,528.4979858398438,0.097805,0.1093865625,0.11754738095238096,0.011581562500000003,0.019742380952380956,0,0.12219,0.08317,0.03902,0.0048749999999999905,0.0,0.0,0.0,0.05765570920407925,0.08856850844545029,0.009236491554549711,0.6509730175662791,1.2,-0.369955524508507,6.708263347340974,2.7018144337570473,0.012512533757098598,0.03925836109588343,0.0,1,12.039999961853027,14.119999885559082,2.2594999618530274
2024-06-13,542.0,529.56201171875,0.097805,0.10964785714285713,0.11801214285714286,0.011842857142857127,0.020207142857142854,0,0.12219,0.08317,0.03902,0.0048749999999999905,0.0,0.0,0.00398406374501992,0.05376814386924989,0.08801114369898597,0.009793856301014037,0.6109242717393455,1.21,-0.2482705794418277,1.49458325709375,-0.3079249429428898,0.014569890172135613,0.036594727781913194,0.0,1,11.9399995803833,14.170000076293945,2.159499580383301
2024-06-14,542.0,529.88427734375,0.10407285714285713,0.11626928571428571,0.122195,0.01219642857142858,0.018122142857142864,0,0.13195,0.08317,0.04878000000000002,0.003487142857142869,0.2570374058994108,0.06763266407183308,0.05976095617529881,0.04597764934738567,0.07914949696588662,0.024923360176970513,0.5808962925841715,1.54,1.5786998954798255,6.696737033224044,2.5017040976089477,0.016423049801618017,0.024538657357224825,0.0,1,12.65999984741211,14.84000015258789,2.2527141331263962
2024-06-17,546.0,534.1015014648438,0.107555,0.112435,0.122195,0.0048799999999999955,0.01464,0,0.13195,0.09292,0.03903000000000001,0.004880000000000009,0.3998359647324174,0.10520636633396271,0.10756972111553785,0.05648194109569126,0.08156367084837579,0.025991329151624207,0.6924889538222152,1.25,-0.06400566192567896,4.087799970988109,1.0067978730077087,0.021356621307763612,0.034821789356685784,0.0,1,12.75,14.789999961853027,1.9945000000000004
2024-06-18,547.0,535.4586181640625,0.107555,0.117315,0.12126547619047619,0.009760000000000005,0.01371047619047619,0,0.12219,0.09152714285714285,0.030662857142857144,-0.0006964285714285839,0.4115908816789289,0.10520636633396271,0.11155378486055777,0.05622001182495635,0.08161994602548583,0.025935053974514163,0.6888023646499551,1.03,-1.2300856930717345,1.2998824521421548,-0.47636237972602924,0.02149196361173411,0.03596199193402594,0.0,1,12.300000190734863,14.6899995803833,1.5445001907348637
2024-06-20,545.0,534.0039672851562,0.11313214285714288,0.12219499999999998,0.13101642857142856,0.009062857142857109,0.017884285714285686,0,0.13195,0.09292,0.03903000000000001,-0.0006971428571428684,0.6470268966349062,0.16538594936221065,0.43824701195219123,0.06128331495154962,0.0830271758607871,0.030104966996355773,0.7381115197065629,1.04,-1.116056712908272,1.171244377139026,-0.5706510699863461,0.010418169213195494,0.03195842216930722,-0.00271664481541789,1,13.279999732971191,15.40999984741211,1.9667854472569033
2024-06-21,545.0,533.2879638671875,0.11383285714285714,0.12358428571428572,0.13171761904761906,0.009751428571428578,0.017884761904761917,0,0.12219,0.10268,0.01951,-0.0013978571428571451,0.6766071643951271,0.17294693437126663,0.4581673306772908,0.06594153779649166,0.08351703157876268,0.030315825564094456,0.7895579685959498,1.22,-0.038125919699836155,0.9359634349544921,-0.7049158428546758,0.00703591282226701,0.02805365784037428,-0.0040538226918778175,1,13.199999809265137,15.170000076293945,1.8167140949794227
2024-06-24,550.0,531.5545043945312,0.11104571428571428,0.1197525,0.12316600000000001,0.008706785714285722,0.012120285714285736,0,0.12219,0.10268,0.01951,0.001389285714285718,0.5589494632734286,0.1428725577093528,0.28286852589641437,0.0740768816716235,0.08376270309887787,0.027283011186836403,0.8843659401031898,1.18,-0.296420874455845,0.8425342322208682,-0.7493399575186231,0.0031520600293217793,0.027670799893279696,-0.0072911587134733,1,13.329999923706055,15.229999542236328,2.2254284951346275
2024-06-25,551.0,533.6014404296875,0.10686285714285713,0.11801142857142857,0.12072749999999999,0.011148571428571438,0.013864642857142853,0,0.12219,0.10268,0.01951,0.005572142857142859,0.38237245205644643,0.09773787043816705,0.07569721115537849,0.05072233309419568,0.07800096083809947,0.02886189630475766,0.6502783113079348,1.02,-1.1240617834427147,0.6371551865215426,-0.8274422824749679,-0.0009362659228344672,0.03921918942689584,-0.003468387045002186,1,12.84000015258789,14.859999656677246,2.1537144383021776
2024-06-26,551.0,534.2674560546875,0.10755999999999999,0.11557392857142858,0.117315,0.008013928571428588,0.009755000000000014,0,0.12219,0.09292,0.02926999999999999,-4.999999999991123e-06,0.4118019539259434,0.10526031831669798,0.20318725099601595,0.047049162245457445,0.07606229705045044,0.03149770294954955,0.6185608911370475,0.92,-1.5134631478250686,0.6530551713492537,-0.805190984162309,-0.002224564268774265,0.033676957927449624,-0.002224564268774265,1,12.550000190734863,14.710000038146973,1.7940001907348648
2024-06-27,553.0,535.1096801757812,0.10268,0.11244,0.117315,0.009760000000000005,0.014635000000000009,0,0.11439,0.09292,0.021470000000000003,0.0009750000000000036,0.20579544083946416,0.05260318316698128,0.04780876494023904,0.04372988360193621,0.07599532869489316,0.026684671305106836,0.5754285737417284,1.07,-0.63289136675116,0.6567173477547393,-0.7745592910034946,0.0020706080073644717,0.034583197676044675,-0.0006516619145614522,1,12.239999771118164,14.420000076293945,1.9719997711181652
2024-06-28,551.0,533.0039672851562,0.0978,0.11522464285714286,0.119265,0.01742464285714286,0.021464999999999998,0,0.11634,0.10268,0.013660000000000005,0.011709999999999998,0.0,0.0,0.0,0.05318491376859162,0.0722315302909033,0.025568469709096694,0.7363116017948969,1.21,0.13094304139679197,1.9116761383377114,-0.11448502835867562,-0.0005325388931934905,0.03777924951790479,-0.00458420276682181,1,12.4399995803833,14.520000457763672,2.6599995803833014
2024-07-01,551.0,534.1009521484375,0.0978,0.11244,0.117315,0.01464,0.019515000000000005,0,0.11244,0.09292,0.019519999999999996,0.0048799999999999955,0.0,0.0,0.00398406374501992,0.046291660174511653,0.06541591824475794,0.03238408175524206,0.7076513089873382,1.19,-0.039749905508694845,1.1482131553202557,-0.4885869739298957,0.004790567538895729,0.046859804006659456,-0.0025355199628311897,1,12.220000267028809,14.1899995803833,2.4400002670288092
2024-07-02,555.0,537.6953735351562,0.0978,0.10779238095238093,0.112435,0.009992380952380933,0.014634999999999995,0,0.117315,0.088045,0.029270000000000004,0.0048799999999999955,0.0,0.0,0.00796812749003984,0.0599855865270398,0.06274199036506255,0.03505800963493745,0.9560676379250214,1.16,-0.2255167120705675,0.6509789558153388,-0.7041039639674599,0.007672267717591108,0.04439236077151021,0.0,1,12.029999732971191,14.010000228881836,2.249999732971192
2024-07-03,557.0,540.0948486328125,0.10268,0.10848904761904761,0.1127061111111111,0.0058090476190476165,0.01002611111111111,0,0.11244,0.09292,0.019519999999999996,0.0,0.20596304000482332,0.05265429434613719,0.06374501992031872,0.06326512817962765,0.06309080356064027,0.03958919643935972,1.0027630749514835,1.09,-0.6136488756347421,1.059033701402655,-0.481022415421634,0.010907257239955337,0.04819840554786525,0.0,1,12.09000015258789,14.020000457763672,1.8220001525878917
2024-07-05,560.0,543.2092895507812,0.10268,0.10941809523809523,0.11324833333333333,0.0067380952380952375,0.010568333333333332,0,0.12219,0.09292,0.02926999999999999,0.004875000000000004,0.20596304000482332,0.05265429434613719,0.06772908366533864,0.06758822183561784,0.06408378298065805,0.03859621701934195,1.0546852681280927,1.26,0.35552736952045255,1.841310700867908,-0.005635925055650531,0.015136353676762804,0.05306563044321688,0.0,1,12.479999542236328,14.350000381469727,2.211999542236329
2024-07-08,561.0,543.8361206054688,0.10268,0.11244000000000001,0.11406166666666667,0.009760000000000019,0.011381666666666679,0,0.11244,0.09570857142857143,0.016731428571428564,0.001394285714285723,0.20596304000482332,0.05265429434613719,0.07171314741035857,0.037630179746511304,0.05438685162087612,0.04829314837912387,0.6918984759188955,1.1,-0.5108004330874887,1.0706791063600924,-0.40645750415825677,0.020322838074706695,0.04189779937920268,0.0,1,12.369999885559082,14.289999961853027,2.101999885559083
2024-07-09,561.0,544.364990234375,0.10268,0.11429714285714285,0.117315,0.011617142857142854,0.014635000000000009,0,0.12079714285714285,0.09292,0.02787714285714285,0.004178571428571434,0.20596304000482332,0.05265429434613719,0.07569721115537849,0.04176150818898022,0.054041200160053766,0.04863879983994623,0.7727716643097342,1.12,-0.31719456478765323,0.7642470119786173,-0.5480123415917465,0.019217412072848994,0.042930414444021237,0.0,1,12.510000228881836,14.390000343322754,2.242000228881837
2024-07-10,567.0,549.7515869140625,0.10268,0.11452928571428571,0.11677277777777778,0.011849285714285715,0.014092777777777787,0,0.12219,0.09292,0.02926999999999999,0.004875000000000004,0.20596304000482332,0.05265429434613719,0.0796812749003984,0.05820571347723865,0.0590928266824859,0.04358717331751409,0.9849878021572087,1.19,0.2763812761026081,2.299615956735449,0.257165321120447,0.022422014345485186,0.0545324866130632,0.0,1,12.850000381469727,14.5,2.5820003814697277
2024-07-11,563.0,545.0112915039062,0.10337714285714286,0.11476142857142857,0.117315,0.011384285714285708,0.01393785714285714,0,0.12219,0.10268,0.01951,0.009057857142857131,0.2353863314340843,0.06017633639558549,0.08764940239043825,0.10965584759510913,0.07058736427300204,0.032789778584140825,1.5534770100071558,1.04,-0.8702271965788143,1.6087282030926693,-0.14640200754398167,0.009102924946496227,0.04221929677846248,-0.008622613418480696,1,12.920000076293945,14.670000076293945,2.5822857905796592
2024-07-12,566.0,548.4490356445312,0.09919428571428571,0.11011619047619046,0.11514611111111112,0.010921904761904758,0.01595182539682541,0,0.11522571428571428,0.09292,0.022305714285714276,0.0048785714285714266,0.058846582858520784,0.015044084098896297,0.0199203187250996,0.11093186422309363,0.0721535760352564,0.0270407096790293,1.5374409740812984,1.07,-0.583322655061165,2.0728991315734824,0.29710427046129556,0.009645906641403634,0.04627372378912753,-0.0023693451743229677,1,12.460000038146973,14.369999885559082,2.5405714667184025
2024-07-15,568.0,549.957275390625,0.11244,0.11569000000000002,0.117315,0.0032500000000000168,0.004875000000000004,0,0.12219,0.10268,0.01951,-5.0000000000050004e-06,0.7501921598770175,0.15796288303841172,0.398406374501992,0.11081466815676798,0.06881398387847398,0.043626016121526015,1.6103510058721136,1.14,-0.015559559700170873,1.9176460212035682,0.1744815341441554,0.011255513477739232,0.04060429769979157,0.0,1,13.119999885559082,14.869999885559082,1.8759998855590823
2024-07-16,571.0,553.2185668945312,0.10755999999999999,0.11592214285714286,0.12002611111111111,0.008362142857142874,0.012466111111111122,0,0.12219,0.10268,0.01951,0.004875000000000004,0.5001281065846779,0.10530858869227439,0.22709163346613545,0.1127904625867153,0.07020972731431073,0.03735027268568926,1.6064791432928043,1.08,-0.44072646525899895,0.7311172140540899,-0.7636795458994962,0.016264044931222355,0.04467192633210493,0.0,1,13.1899995803833,14.90999984741211,2.4339995803833023
2024-07-17,563.0,545.4619140625,0.12219,0.12219,0.12707000000000002,0.0,0.004880000000000023,0,0.1417,0.11244,0.029259999999999994,0.0048799999999999955,1.0,0.26316357358653425,0.6454183266932271,0.14724397710737847,0.0898842641587704,0.03230573584122959,1.6381507762836953,0.95,-1.7013008142098562,1.0930870524111507,-0.2338670692660436,-0.007802929456996899,0.02939818633011515,-0.014020955362313514,1,14.479999542236328,15.789999961853027,2.2609995422363287
2024-07-18,559.0,541.2700805664062,0.12707000000000002,0.1310204761904762,0.13140333333333332,0.003950476190476171,0.0043333333333333,0,0.15146,0.12079714285714285,0.03066285714285716,0.009058571428571416,1.0,0.3158178679326717,0.7211155378486056,0.14450218257391942,0.09183857534728293,0.035231424652717086,1.5734366743766628,1.01,-1.0165620072957742,1.644155886565577,0.7517679289515337,-0.006864465004342346,0.013421754258135854,-0.02159812964195562,1,15.930000305175781,16.559999465942383,3.2230003051757805
2024-07-19,570.0,537.67578125,0.13195,0.12707,0.12707,-0.004880000000000023,-0.004880000000000023,1,0.16122,0.11940428571428571,0.04181571428571429,0.008362142857142846,1.0,0.3684721622788089,0.7848605577689243,0.12971313777319524,0.09491528758143722,0.03703471241856279,1.3666200785821936,0.96,-1.4476025508874568,1.2627899175817943,0.041791548844859396,-0.019643127609606625,0.004140680550701603,-0.028095198850212166,1,16.520000457763672,17.15999984741211,3.3250004577636716
2024-07-22,577.0,543.2191162109375,0.12498214285714287,0.122195,0.12707,-0.002787142857142877,0.0020878571428571135,0,0.1417,0.11244,0.029259999999999994,0.0020878571428571135,0.7959631876176535,0.29329027683581005,0.6772908366533864,0.16131485354514744,0.10037865929305818,0.02460348356408469,1.6070632411435621,1.13,0.38553527718207947,0.7624540898689419,-0.8528506279066228,-0.012252150269130513,0.01725670498784959,-0.018075045347312302,1,14.90999984741211,16.09000015258789,2.4117855616978225
2024-07-23,575.0,542.3670043945312,0.12776714285714286,0.126582,0.12707,-0.0011851428571428568,-0.0006971428571428684,1,0.1417,0.11244000000000001,0.02925999999999998,-0.0006971428571428406,0.8775151641915914,0.3233399099821197,0.7250996015936255,0.14472534505135928,0.10044350591348336,0.027323636943659496,1.44086313729449,1.0,-0.9285427098328983,0.4780604697776863,-1.291654274789159,-0.019615325929704053,0.017024649237358025,-0.019615325929704053,1,14.720000267028809,16.010000228881836,1.9432859813145225
2024-07-24,563.0,530.0756225585938,0.136825,0.136825,0.13832653846153847,0.0,0.0015015384615384708,0,0.17097,0.1417,0.029270000000000018,0.01951,1.0,0.42107250755287007,0.8207171314741036,0.19004822624223577,0.12939334876910083,0.007431651230899172,1.4687634878464428,1.0,-0.9092552876381292,6.307802101590033,3.8179801807995455,-0.02820782002782185,-0.0027821828687577543,-0.04183327480465715,1,18.040000915527344,18.43000030517578,4.357500915527343
2024-07-25,560.0,527.313720703125,0.14658,0.14170500000000003,0.14170500000000003,-0.004874999999999963,-0.004874999999999963,1,0.18073,0.1417,0.03903000000000001,0.014635000000000009,1.0,0.5263271471730685,0.8804780876494024,0.18922436588300381,0.12969472405307614,0.01688527594692385,1.4589981764066657,1.01,-0.9132393932246239,0.8437136982894557,-0.528292374772572,-0.025784465767398013,-0.011783550886780292,-0.04682569917496082,1,18.459999084472656,18.690000534057617,3.8019990844726568
2024-07-26,565.0,533.2195434570312,0.136825,0.13194499999999998,0.136825,-0.004880000000000023,0.0,0,0.16122,0.13195,0.02926999999999999,0.009760000000000019,0.8000205002050023,0.42107250755287007,0.8167330677290837,0.22033968767972614,0.1358163518382245,0.0010086481617755105,1.6223354897809381,1.14,0.545287359237499,1.1387468475138418,-0.315429469794595,-0.008287964510152901,-0.0019614007661903354,-0.03615031134938884,1,16.389999389648438,17.239999771118164,2.7074993896484365
2024-07-29,565.0,533.532958984375,0.14170500000000003,0.133409,0.136825,-0.008296000000000026,-0.004880000000000023,1,0.16400571428571428,0.13195,0.03205571428571427,0.006272857142857136,0.9000615006150069,0.47372680189900757,0.8326693227091634,0.1968179537398394,0.13570651267980338,0.005998487320196644,1.4503206209729018,1.17,0.9386506109131963,0.4479512240600576,-0.8004425226024264,-0.017831031599413127,-0.0029465383449768234,-0.035583780241976615,1,16.600000381469727,17.15999984741211,2.4295003814697242
2024-07-30,559.0,530.8297729492188,0.15703214285714287,0.143656,0.14658,-0.013376142857142864,-0.010452142857142882,1,0.19048,0.12219,0.06829000000000002,-0.0006971428571428684,1.0,0.6391038288427154,0.9243027888446215,0.1961149333937061,0.13616411614773505,0.020868026709407822,1.4402835265417926,1.14,0.6317672786273588,1.5936494861501016,0.09071946989933519,-0.02127200097320081,-0.004079133495031417,-0.0404700696706386,1,17.690000534057617,18.010000228881836,1.9867862483433303
2024-07-31,572.0,539.4581909179688,0.13195,0.12707000000000002,0.13194499999999998,-0.0048799999999999955,-5.000000000032756e-06,1,0.16122,0.13195,0.02926999999999999,0.014635000000000009,0.5765450708471511,0.3684721622788089,0.7649402390438247,0.15388702691394424,0.14735471234430902,-0.015404712344309013,1.044330544070907,1.33,2.3946315068695974,1.9077244069615125,0.2931176391296535,0.017700433598675458,0.010030386105813083,-0.024873308308876463,1,16.360000610351562,16.969999313354492,3.165000610351562
2024-08-01,561.0,531.8189086914062,0.1598214285714286,0.14658,0.15146,-0.013241428571428598,-0.008361428571428575,1,0.19048000000000004,0.14030714285714285,0.050172857142857186,0.005572142857142859,1.0,0.6691997040508048,0.9243027888446215,0.19427771606005534,0.15393784386032439,0.0058835847111042006,1.2620529896230934,1.06,-0.35770787003622057,2.2635956989151578,0.5283298780930681,0.008543657810143879,-0.010928985319539453,-0.03868210411528861,1,18.59000015258789,19.139999389648438,2.607857295445031
2024-08-02,550.0,521.9172973632812,0.17585,0.1663661111111111,0.170975,-0.009483888888888903,-0.004875000000000018,1,0.22951,0.16122,0.06828999999999999,0.019515000000000005,1.0,0.8421450151057401,0.9760956175298805,0.2175082672720075,0.16512637219577014,0.010723627804229863,1.3172230721216025,1.41,2.66596756322438,7.128976528608274,2.9902928786559713,-0.021196233769816386,-0.03365622041303595,-0.05658029466899195,1,23.389999389648438,23.34000015258789,5.804999389648437
2024-08-05,535.0,506.7171936035156,0.25040928571428567,0.22951,0.23048100000000002,-0.020899285714285676,-0.01992828571428565,1,0.3619042857142857,0.23229571428571427,0.1296085714285714,0.04669071428571431,1.0,1.0,1.0,0.27312899929658213,0.18883500819866653,0.06157427751561914,1.4463896387752049,1.74,3.3025103685558603,13.461818353253621,3.517616352155413,-0.05026074758700094,-0.06717870376893509,-0.08405606043204428,1,38.56999969482422,33.709999084472656,13.529071123395653
2024-08-06,523.0,511.38897705078125,0.2211442857142857,0.20728527777777778,0.20284133333333335,-0.013859007936507933,-0.018302952380952364,1,0.2699242857142857,0.18212285714285714,0.08780142857142859,0.004879285714285725,0.8082357841921248,0.8082357841921248,0.9960159362549801,0.30699534303799264,0.19322042604866058,0.027923859665625134,1.5888348313685998,1.35,1.0765287867782936,1.498243272303813,-0.33028485566459576,-0.03662340902701644,-0.05966345802585371,-0.0756113267827554,1,27.709999084472656,26.760000228881836,5.595570513044084
2024-08-07,520.0,507.9707336425781,0.22463,0.206745,0.206745,-0.017884999999999984,-0.017884999999999984,1,0.26853,0.19048,0.07804999999999998,0.004875000000000018,0.8310765587190446,0.8310765587190446,0.9960159362549801,0.22949394163240822,0.1930977607717018,0.0315322392282982,1.1884857738134902,1.38,1.142756720249506,1.2889992659367,-0.3799582376708712,-0.05836867027973014,-0.06685635050874128,-0.08179015665715972,1,27.850000381469727,27.010000228881836,5.387000381469726
2024-08-08,532.0,519.7137451171875,0.19466285714285717,0.18370722222222224,0.18462900000000004,-0.010955634920634921,-0.010033857142857122,1,0.22951,0.16122,0.06828999999999999,0.0007021428571428456,0.6347114245997018,0.6347114245997018,0.9880478087649402,0.3341452233990533,0.208865842779686,-0.014202985636828841,1.5998078908072746,1.4,1.1227514855680527,0.9386303812545348,-0.4796205771849538,-0.022761814926822943,-0.054638936042890496,-0.06056344414725923,1,23.790000915527344,24.1299991607666,4.323715201241626
2024-08-09,533.0,522.0054321289062,0.17097,0.166095,0.16837233333333332,-0.004875000000000018,-0.0025976666666666925,1,0.20023999999999997,0.1417,0.05853999999999998,-2.7755575615628914e-17,0.4794596846288142,0.4794596846288142,0.9482071713147411,0.31192918539970943,0.20905058770307058,-0.03808058770307057,1.4921229776343161,1.31,0.6151400897854202,0.8963967234133428,-0.4715653764497998,0.00016886730152498863,-0.04221171145191793,-0.05642098192914713,1,20.3700008392334,21.18000030517578,3.273000839233397
2024-08-12,533.0,522.2797241210938,0.17724428571428572,0.1690772222222222,0.16934833333333332,-0.008167063492063503,-0.007895952380952392,1,0.21,0.1417,0.0683,-0.001394285714285709,0.5205730787772699,0.5205730787772699,0.9641434262948207,0.17536564205019703,0.20709731966565978,-0.029853033951374064,0.846778907294934,1.37,0.8391109161431709,1.074022857527518,-0.4001661882892331,0.030712457982539076,-0.04771511995218225,-0.05592517067370206,1,20.709999084472656,21.6299991607666,2.9855705130440846
2024-08-13,542.0,530.868896484375,0.15215714285714288,0.15145999999999998,0.15861366666666665,-0.0006971428571428961,0.006456523809523773,0,0.18073,0.13195,0.04877999999999999,0.004182857142857127,0.35618502899561466,0.35618502899561466,0.8725099601593626,0.1900781188880653,0.21640765308172802,-0.06425051022458514,0.8783336272136404,1.47,1.1909396678989976,7.500068511789536,1.4461925079078033,0.038092177007678085,-0.034708839687031756,-0.04039934981867144,1,18.1200008392334,19.860000610351562,2.9042865535191105
2024-08-14,545.0,532.543701171875,0.14170500000000003,0.136825,0.148533,-0.004880000000000023,0.006827999999999973,0,0.15146,0.12219,0.029270000000000018,-0.004880000000000023,0.28112762811701436,0.2876954688209389,0.7928286852589641,0.15300711291858335,0.21539525777444438,-0.07369025777444435,0.7103550676998095,1.08,-0.6936003526501364,0.9924088544953575,-0.5030387284388246,0.04837477024136416,-0.037371966452090954,-0.037371966452090954,1,16.190000534057617,18.450000762939453,2.019500534057615
2024-08-15,553.0,541.6715698242188,0.1277664285714286,0.13086166666666665,0.1404036666666667,0.0030952380952380676,0.012637238095238118,0,0.15285428571428572,0.1110457142857143,0.04180857142857142,0.004183571428571425,0.1889504537059345,0.19636045363275983,0.6693227091633466,0.12346648850895005,0.21991680718368772,-0.09215037861225914,0.561423613274921,1.57,1.4933545998750328,8.574198425111328,1.5533936653157006,0.04224984409846644,-0.006948870563760257,-0.020872396122080805,1,15.229999542236328,17.8799991607666,2.4533566850934694
2024-08-16,573.0,542.885986328125,0.117315,0.117315,0.13161999999999996,0.0,0.014304999999999957,0,0.14448857142857144,0.10965142857142857,0.03483714285714287,0.009755000000000014,0.11983410564900505,0.12787557394466736,0.5099601593625498,0.12858616637142348,0.21840454723853314,-0.10108954723853314,0.5887522398102204,1.33,0.29827270177139187,0.9570229749412341,-0.5705730096589361,0.04000064542252191,0.0029853964217416706,-0.018677212199163407,1,14.800000190734863,17.809999465942383,3.068500190734863
2024-08-19,577.0,548.0767211914062,0.12079714285714285,0.12219,0.136825,0.0013928571428571401,0.01602785714285715,0,0.1486714285714286,0.10268,0.0459914285714286,0.0048785714285714266,0.14286186650039448,0.1506929460386702,0.5418326693227091,0.11098315877613837,0.2192424999882649,-0.09844535713112204,0.5062118831069652,1.07,-0.9565142277998774,1.513728224456828,-0.4282659159489904,0.049393066356777204,0.019344259689781707,-0.009294419983025048,1,14.649999618530273,17.59000015258789,2.5702853328159883
2024-08-20,577.0,547.1856079101562,0.12149785714285713,0.12257,0.13194499999999998,0.0010721428571428687,0.01044714285714285,0,0.15982571428571427,0.11244000000000001,0.04738571428571425,0.014635000000000009,0.1474957605301817,0.15528450337697103,0.5617529880478087,0.11602353380576312,0.21671070173193238,-0.09521284458907525,0.5353844220821284,1.03,-1.1696169732629476,1.35700149003286,-0.4883922910598224,0.030735858766330004,0.007301826428506075,-0.01090519976261961,1,15.880000114440918,18.280000686645508,3.730214400155205
2024-08-21,578.0,549.0660400390625,0.122195,0.122945,0.136825,0.0007500000000000007,0.014630000000000004,0,0.16122,0.11244,0.048780000000000004,0.014635000000000009,0.15210603634371125,0.1598526582823551,0.6254980079681275,0.11559699875396956,0.21684582354596219,-0.09465082354596219,0.533083814406358,0.92,-1.6402696107472634,0.7901087910863653,-0.5788348505119437,0.031025320233493803,0.012351480805897541,-0.00750612344552859,1,16.270000457763672,18.579999923706055,4.050500457763672
2024-08-22,574.0,544.7566528320312,0.12637357142857142,0.12707,0.14170500000000003,0.0006964285714285701,0.015331428571428607,0,0.17097,0.12079714285714285,0.05017285714285716,0.019510000000000027,0.17973934936537855,0.18723350479515852,0.6573705179282868,0.10214786545851824,0.20205454670075532,-0.0756809752721839,0.50554598808311,0.98,-1.334236471739329,1.0390441870860927,-0.5110504201573367,0.005695486305130837,0.027696105326584286,-0.015295788263218646,1,17.549999237060547,19.360000610351562,4.912642094203406
2024-08-23,580.0,550.5447998046875,0.12079714285714285,0.12219,0.13403642857142856,0.0013928571428571401,0.013239285714285703,0,0.16122,0.10268,0.05854000000000001,0.011152857142857159,0.09266509658031198,0.1506929460386702,0.545816733067729,0.12283888459348775,0.2030327075747879,-0.08223556471764504,0.6050201766049914,1.2,-0.31142289195506223,1.8816783940507813,-0.28087345208074055,0.014107591040181111,0.044055517976255176,-0.004833111630458853,1,15.859999656677246,18.190000534057617,3.780285370962961
2024-08-26,578.0,549.2325439453125,0.12358428571428572,0.12219,0.13369107142857145,-0.001394285714285723,0.010106785714285735,0,0.16122,0.10546857142857143,0.05575142857142858,0.009760000000000005,0.11217616968933303,0.16895620468703934,0.6454183266932271,0.11027316763997036,0.20080086983516587,-0.07721658412088016,0.549166782646369,1.02,-1.099339717630495,0.7918650566227325,-0.6022784030704541,0.002108870362882209,0.030030783163842667,-0.007205150346985101,1,16.149999618530273,18.25,3.7915710471017015
2024-08-27,579.0,549.9866943359375,0.11313214285714288,0.117315,0.13194499999999998,0.004182857142857127,0.018812857142857103,0,0.15146,0.1040742857142857,0.04738571428571431,0.014634999999999981,0.0,0.10046664451236367,0.398406374501992,0.10880897850342429,0.20077882448084713,-0.08764668162370426,0.5419345331101084,1.05,-0.9250729343537495,0.7198845304752605,-0.6065221581934207,0.005119079130168069,0.03083921072633178,-0.005841945212966548,1,15.430000305175781,17.729999542236328,4.116786019461493
2024-08-28,575.0,546.7938842773438,0.12707000000000002,0.12707,0.136825,-2.7755575615628914e-17,0.009754999999999986,0,0.17097,0.10268,0.06829000000000002,0.009754999999999986,0.10153079276541722,0.19179697921395925,0.6932270916334662,0.11552185791013785,0.2010992155408263,-0.07402921554082628,0.5744520564113543,1.06,-0.8060882958596807,1.154454658272326,-0.46874462849093296,-0.004138219441794488,0.030073880821398724,-0.011613280901348277,1,17.110000610351562,18.899999618530273,4.403000610351562
2024-08-29,576.0,546.8427734375,0.11080833333333334,0.117315,0.13194499999999998,0.006506666666666661,0.021136666666666637,0,0.15146,0.10268,0.04878000000000002,0.016261666666666674,0.0,0.08523946149441705,0.27091633466135456,0.09729806043818548,0.19385849795739885,-0.0830501646240655,0.5019024776492754,1.14,-0.4714269515837887,0.7558139934360776,-0.5568353642340921,0.0038294541142795957,0.013688887561360996,-0.011524908668234857,1,15.649999618530273,18.0,4.569166285196939
2024-08-30,580.0,552.0629272460938,0.112435,0.11731,0.12707,0.004875000000000004,0.014634999999999995,0,0.14495333333333332,0.08317,0.06178333333333333,0.0016266666666666652,0.01165226052489739,0.09589848960697954,0.30278884462151395,0.09057873928649762,0.18822577657546063,-0.07579077657546064,0.48122388407405065,1.05,-0.7962509646724119,0.7070039654150968,-0.4983627552524757,0.0027575002832553874,0.03806562388783785,-0.0020889386538933685,1,15.0,17.43000030517578,3.756500000000001
2024-09-03,569.0,540.7019653320312,0.13560625,0.13877633333333333,0.15145999999999998,0.0031700833333333234,0.015853749999999972,0,0.1978,0.11975249999999998,0.07804750000000002,0.023169999999999996,0.1776342943491995,0.24773230425035003,0.7649402390438247,0.17914765594209367,0.19108576134536884,-0.055479511345368826,0.9375248824442852,1.03,-0.8500860755191916,2.2482036230235636,0.19127103006159196,-0.015531815634964752,0.0359916562713094,-0.022625056915138275,1,20.719999313354492,21.700000762939453,7.1593743133544905
2024-09-04,566.0,539.5953979492188,0.14658,0.15341100000000002,0.156335,0.0068310000000000315,0.009755000000000014,0,0.21975,0.12219,0.09756000000000001,0.024390000000000023,0.25624228242405217,0.3196397897525427,0.848605577689243,0.17533629628886602,0.15472102133307358,-0.008141021333073595,1.1332415904327129,1.21,0.14313542738920798,0.8138952043208416,-0.4528760480029893,-0.0188937232368237,0.0648847222094242,-0.024625292353771866,1,21.31999969482422,22.06999969482422,6.661999694824219
2024-09-05,565.0,538.282958984375,0.14588785714285715,0.149185,0.156335,0.0032971428571428596,0.01044714285714285,0,0.20163428571428574,0.12219,0.07944428571428575,0.016024285714285713,0.25128427285937477,0.3151043982532426,0.8247011952191236,0.17454043352975257,0.15410132422305142,-0.00821346708019427,1.132634222384208,1.21,0.19503143590292402,0.8318542924636001,-0.4325299369139359,-0.015565143535240855,0.052590069673956075,-0.026997662052444582,1,19.899999618530273,20.93000030517578,5.311213904244559
2024-09-06,555.0,529.2235107421875,0.16609000000000002,0.16446666666666668,0.16748785714285713,-0.0016233333333333377,0.0013978571428571174,0,0.22951,0.1417,0.08781,0.019514999999999977,0.39599777597369396,0.4474826002911265,0.9163346613545816,0.19544906843814444,0.16546525475935178,0.0006247452406482334,1.1812091228602664,1.17,0.0379069037095712,4.577672552804618,1.1579951097616736,-0.03221997903447882,0.04183858575317734,-0.0433735553870489,1,22.3799991607666,22.739999771118164,5.7709991607666
2024-09-09,548.0,535.1488037109375,0.1626092857142857,0.16642033333333334,0.170975,0.0038110476190476306,0.008365714285714282,0,0.20023999999999997,0.13195,0.06828999999999996,0.0034857142857142864,0.37106446265204907,0.4246745891702902,0.9123505976095617,0.2040537309309328,0.15117379720303795,0.01143548851124776,1.3497956306334824,1.5,1.7698211680254377,0.9950602005254597,-0.42877341872274916,-0.030638035449202405,0.02969915408003998,-0.03266297312656663,1,19.450000762939453,20.8799991607666,3.1890721915108813
2024-09-10,550.0,537.4798583984375,0.16191214285714287,0.16511900000000002,0.166095,0.00320685714285715,0.004182857142857127,0,0.2016342857142857,0.12219,0.07944428571428572,-2.7755575615628914e-17,0.3660706367128074,0.42010643426490635,0.9043824701195219,0.16534268377513722,0.15116053399617757,0.010751608860965295,1.0938217761212612,1.33,0.8701601361997712,1.1327096487808235,-0.36933681055869105,-0.0059591182207283655,0.029644186280632256,-0.028449349746958674,1,19.079999923706055,20.549999237060547,2.8887856379917665
2024-09-11,556.0,542.9937133789062,0.14658500000000002,0.15633833333333336,0.1586588095238095,0.009753333333333336,0.012073809523809487,0,0.19048,0.11244,0.07804000000000001,0.0048749999999999905,0.2562780987986166,0.31967255315862664,0.8366533864541833,0.18327604208613704,0.15415244983216755,-0.007567449832167533,1.1889272099514319,1.0,-0.856736237940282,1.2813607711802413,-0.20273740036893262,0.006297895502080042,0.039660718770330394,-0.018482484369643948,1,17.690000534057617,19.59000015258789,3.0315005340576153
2024-09-12,559.0,547.5675659179688,0.141705,0.152155,0.156335,0.010450000000000015,0.014630000000000004,0,0.18073,0.10268,0.07805000000000001,0.0,0.22132131722392398,0.2876954688209387,0.7848605577689243,0.18563629005088206,0.1470684880525614,-0.005363488052561399,1.2622438192506389,1.28,0.704678059348391,3.324916007648157,0.8275868619190987,0.017248561892265313,0.03145535469148597,-0.010214771005037204,1,17.06999969482422,19.479999542236328,2.899499694824218
2024-09-13,563.0,550.4273681640625,0.136825,0.14832392857142856,0.15447785714285714,0.011498928571428563,0.017652857142857137,0,0.17097,0.10268,0.06829000000000002,0.0,0.1863645356492315,0.25571838448325096,0.7689243027888446,0.047541322337504514,0.14753627836637742,-0.01071127836637742,0.3222347944784466,1.18,0.2905859416056251,1.603291993548267,0.1833587104469008,0.04006597777966925,0.03358159518708814,-0.005045381513742453,1,16.559999465942383,19.280000686645508,2.877499465942382
2024-09-16,563.0,551.240234375,0.1382192857142857,0.156335,0.156335,0.01811571428571429,0.01811571428571429,0,0.17375857142857143,0.11244,0.06131857142857143,0.0048799999999999955,0.19635218752771505,0.26485469429401887,0.7689243027888446,0.05452978548900954,0.13647633896882277,0.0017429467454629366,0.39955486717347066,1.19,0.4275693198139434,0.9057102024493392,-0.5260148493691246,0.030069077147286905,0.01766506695909187,-0.0035760414380821004,1,17.139999389648438,19.809999465942383,3.3180708182198657
2024-09-17,564.0,551.4655151367188,0.13752214285714287,0.16051821428571428,0.15540642857142856,0.022996071428571407,0.017884285714285686,0,0.18073,0.11244000000000001,0.06828999999999999,0.00906285714285715,0.23469880828614528,0.260286539388635,0.7649402390438247,0.06736726305107317,0.13638608349181236,0.0011360593653305107,0.49394528625141887,1.14,0.04007390593422155,2.7478932809498415,1.2351511631556262,0.026020801560741713,0.015803555487999388,-0.0031688230705148035,1,17.610000610351562,20.1299991607666,3.857786324637276
2024-09-18,563.0,549.8300170898438,0.14170500000000003,0.15634000000000003,0.16051857142857143,0.014635000000000009,0.018813571428571402,0,0.17097,0.12219,0.04878000000000002,0.004874999999999963,0.27144802541988217,0.2876954688209389,0.7928286852589641,0.06980947397266754,0.13308922527482486,0.008615774725175163,0.5245313723069113,1.19,0.3505885566205078,3.414522189351806,1.6467373476628184,0.012590023682589324,0.003198997203577969,-0.006125155602981658,1,18.229999542236328,20.350000381469727,4.059499542236326
2024-09-19,571.0,559.2125854492188,0.12707,0.14553928571428573,0.1461202380952381,0.018469285714285744,0.01905023809523812,0,0.16122,0.10268,0.05854000000000001,0.004880000000000023,0.1939271243565242,0.19179697921395908,0.6254980079681275,0.12194401509710617,0.14494589918518283,-0.017875899185182842,0.8413071068765494,1.37,1.5304430056319216,7.3992368621922076,3.240082510388448,0.0212668175693127,0.021979703715155452,0.0,1,16.329999923706055,19.06999969482422,3.6229999237060557
2024-09-20,568.0,558.245849609375,0.12707000000000002,0.14658,0.14658,0.019509999999999972,0.019509999999999972,0,0.15424857142857146,0.10268,0.051568571428571464,0.001394285714285709,0.24477208625564917,0.19179697921395925,0.6454183266932271,0.12815094504714228,0.14497381352647282,-0.0179038135264728,0.8839592608477626,1.16,-0.11048363827020712,1.1060605188212078,-0.4812862974942346,0.014204383534544895,0.016718953460788555,-0.001728744783286995,1,16.149999618530273,18.940000534057617,3.4429996185302727
2024-09-23,570.0,559.6407470703125,0.12219,0.14658,0.14658,0.024389999999999995,0.024389999999999995,0,0.15146,0.11244,0.03902000000000001,0.009760000000000019,0.17131788224247463,0.15981989487627135,0.5697211155378487,0.12768016378911726,0.14157175798383867,-0.019381757983838677,0.9018759504539936,1.26,0.6481003130599694,3.036690683717277,0.619928604277643,0.015239295268127728,0.027322464371757782,0.0,1,15.890000343322754,18.700000762939453,3.6710003433227545
2024-09-24,571.0,561.2421264648438,0.12219,0.1417,0.14658,0.01951,0.024389999999999995,0,0.1500657142857143,0.10268,0.04738571428571431,0.004182857142857155,0.20588501311465493,0.15981989487627135,0.5737051792828686,0.12568695085239528,0.13766517084233715,-0.015475170842337155,0.9129901926780007,1.18,-0.04077478545812854,0.8335254450200107,-0.6712426668327081,0.017728418295931414,0.019430438111396775,0.0,1,15.390000343322754,18.469999313354492,3.1710003433227545
2024-09-25,571.0,560.0042724609375,0.12219,0.14658,0.14968545454545454,0.024389999999999995,0.027495454545454545,0,0.1417,0.10268,0.03902,0.0,0.20588501311465493,0.15981989487627135,0.5776892430278885,0.12330351248661206,0.1376126170746212,-0.015422617074621198,0.8960189487548955,1.26,0.5401769153459102,1.5053818635116616,-0.3045648167289218,0.018504365085311836,0.019612327481995484,-0.0022055614600836604,1,15.40999984741211,18.56999969482422,3.19099984741211
2024-09-26,573.0,562.2245483398438,0.12219,0.14658,0.14924181818181817,0.024389999999999995,0.027051818181818177,0,0.1417,0.11081333333333333,0.03088666666666666,0.004066666666666663,0.20588501311465493,0.15981989487627135,0.5816733067729084,0.0450034163043681,0.13800919324960118,-0.015819193249601182,0.32608998896889174,1.1,-0.8309660855785678,1.4758628130137166,-0.3330248758267159,0.005386078512888748,0.02225118194665132,0.0,1,15.369999885559082,18.450000762939453,3.1509998855590826
2024-09-27,571.0,561.4090576171875,0.13195,0.1573857142857143,0.15367818181818182,0.025435714285714284,0.021728181818181813,0,0.16122000000000003,0.11244000000000001,0.04878000000000002,0.0048799999999999955,0.3824354065543128,0.22377406355164697,0.7290836653386454,0.043940087001240316,0.13608486455829197,-0.004134864558291956,0.32288739195106136,1.35,1.1711543293369326,1.2292076324826255,-0.4987513925570355,0.005666335020718671,0.026728852973839645,-0.0014504715688140601,1,16.959999084472656,19.540000915527344,3.764999084472656
2024-09-30,575.0,563.6588134765625,0.12707000000000002,0.15146,0.15234727272727272,0.024389999999999995,0.025277272727272704,0,0.16122,0.10430666666666666,0.056913333333333344,0.005693333333333328,0.2941602098344841,0.19179697921395925,0.6653386454183267,0.047993992919418124,0.13633630124267768,-0.00926630124267766,0.352026514449656,1.25,0.27669885083461754,0.8934674023204349,-0.7094656969745842,0.007179724541653387,0.030751142478038895,0.0,1,16.729999542236328,19.219999313354492,4.022999542236327
2024-10-01,570.0,558.6093139648438,0.1417,0.16122,0.15678363636363638,0.01952000000000001,0.015083636363636382,0,0.18073,0.12219,0.05854000000000001,0.009759999999999991,0.5588049081974129,0.287662705414855,0.8007968127490039,0.08518801492266766,0.13761405074734062,0.004085949252659371,0.6190357340695744,1.17,-0.5110100820460685,1.1419595623727021,-0.5221134922391457,-0.004691045764122492,0.011858044428750159,-0.008958432638663472,1,19.260000228881836,20.889999389648438,5.090000228881836
2024-10-02,571.0,558.8450927734375,0.14658,0.16122,0.15634,0.014640000000000014,0.009760000000000019,0,0.18073,0.12219,0.05854000000000001,0.0048799999999999955,0.6470801049172415,0.3196397897525427,0.852589641434263,0.08476766907557784,0.1136735175242818,0.03290648247571819,0.7457116742909853,1.5,2.1038656990626,0.8102053152712881,-0.7209114306399477,-0.0020699479352290773,0.03355476511032296,-0.008540132058673433,1,18.899999618530273,20.59000015258789,4.241999618530274
2024-10-03,569.0,557.823486328125,0.15912714285714288,0.17097,0.16580794117647057,0.011842857142857127,0.006680798319327691,0,0.19326857142857146,0.12497714285714286,0.0682914285714286,-4.285714285734432e-06,0.8740476262258652,0.4018572170762876,0.8884462151394422,0.0754055989776094,0.11358817561919897,0.045538967237943914,0.6638507799474169,1.25,0.06874740312403194,0.7434343968443823,-0.7567558275466041,-0.007827943523124992,0.03378103009807676,-0.010352587432184479,1,20.489999771118164,21.6299991607666,4.577285485403875
2024-10-04,574.0,562.892578125,0.14727714285714286,0.1602904761904762,0.15634,0.013013333333333349,0.00906285714285715,0,0.17933285714285713,0.11801428571428571,0.06131857142857142,0.0013964285714285485,0.6596908473057888,0.32420794465792674,0.8605577689243028,0.10676726050579644,0.11542023507597622,0.031856907781166635,0.9250306970481917,1.42,1.291114466838552,1.350544247143402,-0.3175540820783604,0.0026424947864380766,0.04571874091473771,-0.0013593956720671097,1,19.209999084472656,20.649999618530273,4.482284798758371
2024-10-07,569.0,557.8037719726562,0.1751557142857143,0.17097,0.166095,-0.004185714285714293,-0.00906071428571431,1,0.22114714285714288,0.1458857142857143,0.07526142857142856,0.008360714285714277,1.0,0.5068873360074516,0.9482071713147411,0.11958862549729678,0.10134208803904554,0.07381362624666876,1.1800489590388263,1.21,-0.2565115309351457,0.6247628119471738,-0.7641146201391106,-0.010387563121373455,0.054004141256664084,-0.010387563121373455,1,22.639999389648438,22.59000015258789,5.124427961077007
2024-10-08,574.0,563.0792236328125,0.16678857142857142,0.16307714285714286,0.15634,-0.00371142857142856,-0.010448571428571418,1,0.20581857142857143,0.13891285714285714,0.06690571428571429,0.005577142857142864,0.8699691777147104,0.4520601161696771,0.9402390438247012,0.12391712916939886,0.09965706282947194,0.06713150859909948,1.243435494195123,1.48,1.8548227823340626,0.7007184242690583,-0.6964375177584451,0.008001853095220834,0.052191875844987745,-0.0010282636053806637,1,21.420000076293945,21.520000457763672,4.741142933436802
2024-10-09,577.0,566.9794311523438,0.166095,0.15912857142857142,0.15547676470588234,-0.006966428571428568,-0.01061823529411765,1,0.20024,0.13195,0.06828999999999999,0.0,0.8591906282491977,0.44751536369721007,0.9362549800796812,0.12851148740365545,0.10066712219315062,0.06542787780684937,1.2765984027742412,1.43,1.3725432762366927,1.219548206603628,-0.36744297799923387,0.014555622808705593,0.05488498274485676,0.0,1,20.860000610351562,20.90999984741211,4.250500610351562
2024-10-10,577.0,565.9871215820312,0.16122,0.16122,0.15634,0.0,-0.0048799999999999955,1,0.20024000000000003,0.14030714285714285,0.05993285714285718,0.009053571428571439,0.7834299690297083,0.4155710427656061,0.900398406374502,0.12833198942913998,0.09767755040081477,0.06354244959918523,1.3138330036178867,1.2,-0.5438023720497828,0.44022952208108107,-0.7742450342551279,0.014634800172440565,0.04234562507186879,-0.001750168552491771,1,20.93000030517578,21.020000457763672,4.808000305175781
2024-10-11,579.0,569.3763427734375,0.1598257142857143,0.15634,0.15145999999999998,-0.0034857142857142864,-0.00836571428571431,1,0.19048,0.13195,0.05853,0.001389285714285704,0.7555831406803403,0.4064347329548382,0.8844621513944223,0.12069012045520416,0.0960224181747542,0.0638032961109601,1.2568952412295684,1.48,1.5900815879892027,1.0828786274665105,-0.3483356817664376,0.011518653647974775,0.03982846723017186,0.0,1,20.459999084472656,20.770000457763672,4.477427655901227
2024-10-14,585.0,574.0328979492188,0.15424857142857146,0.15146,0.14658,-0.002788571428571446,-0.007668571428571469,1,0.18351571428571428,0.1347357142857143,0.04877999999999999,0.00487714285714283,0.6052702556910134,0.3698894937117666,0.8645418326693227,0.0695615376827129,0.09783427188360011,0.05641429954497135,0.7110140070902236,1.38,0.7213427338227262,1.9613215598755025,0.1752687080562542,0.029094686683757365,0.042885821364391674,0.0,1,19.700000762939453,20.1200008392334,4.275143620082307
2024-10-15,580.0,569.5728759765625,0.16121999999999997,0.15773428571428572,0.15519176470588236,-0.0034857142857142587,-0.006028235294117612,1,0.19187428571428572,0.13334285714285715,0.05853142857142857,0.0013885714285714612,0.7368917898370907,0.41557104276560586,0.8884462151394422,0.1086117693490364,0.10356863509315746,0.057651364906842514,1.0486936440877372,1.34,0.3372698910583105,0.8225345636973922,-0.4910684575017071,0.011532395569232579,0.03325708186440379,-0.007769627818527525,1,20.639999389648438,20.799999237060547,4.517999389648441
2024-10-16,582.0,572.0485229492188,0.16122,0.15517809523809525,0.15547882352941178,-0.006041904761904748,-0.005741176470588222,1,0.18073,0.13195,0.04877999999999999,-0.0048799999999999955,0.7368917898370912,0.4155710427656061,0.900398406374502,0.10314163379501914,0.10391284214489037,0.05730715785510963,0.9925783153077856,1.14,-1.2579890421858164,0.7450078221447721,-0.4705914976004467,0.008940521504585242,0.03732419752012439,-0.003456901176029037,1,19.579999923706055,20.31999969482422,3.457999923706055
2024-10-17,583.0,572.0975341796875,0.15146,0.1505304761904762,0.14658,-0.0009295238095238245,-0.004880000000000023,1,0.18073,0.13195,0.04877999999999999,0.0048799999999999955,0.5526216420325818,0.3516168740902306,0.852589641434263,0.0999534194294165,0.1026978114794996,0.048762188520500405,0.9732770152494347,1.09,-1.4665091553450578,0.9877321186084184,-0.25815343113975325,0.010796027620869841,0.04049891129571637,-0.0033715206505506856,1,19.110000610351562,19.809999465942383,3.9640006103515617
2024-10-18,600.0,574.2981567382812,0.12707000000000002,0.1312485714285714,0.13194499999999998,0.004178571428571393,0.004874999999999963,0,0.17097,0.12219,0.04878000000000002,0.019509999999999972,0.09213507390225523,0.19179697921395925,0.6693227091633466,0.09588079002291482,0.08743941812246808,0.039630581877531934,1.0965396623365415,1.26,-0.21447237435096952,0.507356934510485,-1.0146373374692372,0.008644219288896915,0.0269764516779325,0.0,1,18.030000686645508,19.190000534057617,5.323000686645507
2024-10-21,600.0,573.3550415039062,0.13195,0.136825,0.13194499999999998,0.0048749999999999905,-5.000000000032756e-06,1,0.18073,0.13195,0.04877999999999999,0.024389999999999995,0.18427014780450993,0.22377406355164697,0.7410358565737052,0.0780997820209745,0.08740247897893873,0.044547521021061284,0.8935648385876346,1.2,-0.6520389056516837,0.562325017014662,-1.0803796736704707,-0.0011808668941000189,0.02706548003017617,-0.0016422048779181075,1,18.3700008392334,19.239999771118164,5.175000839233398
2024-10-22,600.0,573.050537109375,0.136825,0.13194499999999998,0.13194499999999998,-0.004880000000000023,-0.004880000000000023,1,0.18073,0.13195,0.04877999999999999,0.019515000000000005,0.2763108210162909,0.25571838448325096,0.7888446215139442,0.04283900998580355,0.08749731154241007,0.04932768845758993,0.4896037287390187,1.06,-1.5921159639028604,0.49201210445053445,-1.1747547738922879,0.006105735156102465,0.023961425448847384,-0.0021724249229565507,1,18.200000762939453,19.170000076293945,4.517500762939452
2024-10-23,595.0,567.8143920898438,0.1417,0.136825,0.1382192857142857,-0.0048749999999999905,-0.0034807142857142814,1,0.19048,0.1417,0.04878000000000002,0.024390000000000023,0.3683514942280719,0.287662705414855,0.8087649402390438,0.07569641909496948,0.0941789284329969,0.047521071567003095,0.8037511187953609,0.97,-1.9136062937420149,1.7362974115286185,1.8022453233950777,-0.007401698788672251,0.011710214388925833,-0.011289892841136684,1,19.239999771118164,20.040000915527344,5.069999771118164
2024-10-24,595.0,569.0423583984375,0.13612857142857143,0.136825,0.13856785714285713,0.0006964285714285701,0.0024392857142856994,0,0.1890871428571429,0.14030714285714285,0.048780000000000046,0.028568571428571443,0.2631621534146079,0.2511549100644504,0.7569721115537849,0.07973497678004175,0.093779356453551,0.042349214975020436,0.8502401785998026,0.92,-1.9902581802372716,0.424712434358764,-1.1837401335721704,-0.005340305802280287,0.016139316040897578,-0.009151689376288408,1,19.079999923706055,19.850000381469727,5.467142780848912
2024-10-25,595.0,568.8458251953125,0.14518714285714285,0.13993045454545455,0.14170500000000003,-0.005256688311688296,-0.0034821428571428226,1,0.19745142857142856,0.13195,0.06550142857142854,0.019513571428571436,0.4341892329269606,0.3105128409149416,0.8406374501992032,0.06820038894662894,0.09311468345172397,0.05207245940541888,0.7324343102340886,1.17,-0.45296246259671635,0.8687081821842678,-0.0892305198026933,-0.009493903957371597,0.011776925918692616,-0.009493903957371597,1,20.329999923706055,20.940000534057617,5.8112856379917694
2024-10-28,595.0,570.6043701171875,0.1430942857142857,0.13859954545454548,0.14170500000000003,-0.004494740259740226,-0.0013892857142856763,1,0.19326857142857146,0.1347357142857143,0.058532857142857164,0.020907857142857172,0.39467580105728745,0.29679901522562285,0.8406374501992032,0.07704875872958655,0.0932079697936959,0.0498863159205898,0.8266327321593236,1.56,1.641024061400327,1.0619021742669976,0.3541870264417513,-0.0047975010030499865,0.016378988502657954,-0.006431827401419121,1,19.799999237060547,20.170000076293945,5.490570665631976
2024-10-29,600.0,571.5277709960938,0.14379142857142857,0.136825,0.136825,-0.006966428571428568,-0.006966428571428568,1,0.19048,0.13473714285714286,0.05574285714285715,0.018817142857142866,0.40783795447189547,0.3013671701310069,0.8446215139442231,0.07928205100603034,0.09253203371420164,0.05125939485722693,0.856806533085658,1.15,-0.605538662589658,0.44566406722956237,-1.0182773641011695,-0.0026572981171303356,0.013960497612015788,-0.004823950259429499,1,19.34000015258789,19.959999084472656,4.9608572954450345
2024-10-30,595.0,569.798828125,0.156335,0.14747136363636365,0.14658500000000002,-0.008863636363636351,-0.009749999999999981,1,0.20024,0.13195,0.06828999999999999,0.009759999999999991,0.6446623152443628,0.3835611950218346,0.896414342629482,0.0386186816576626,0.08681487323704448,0.06952012676295552,0.444839463765798,1.13,-0.6380048146073912,1.1369981019124642,0.5618548549147033,0.0034948674475343555,0.020031019677664075,-0.007834482072579085,1,20.350000381469727,20.760000228881836,4.716500381469727
2024-10-31,585.0,558.6290283203125,0.16539857142857142,0.15678363636363638,0.15634,-0.008614935064935048,-0.009058571428571416,1,0.21975,0.1598257142857143,0.05992428571428571,0.024389285714285724,0.8157837954471892,0.4429518892784095,0.9482071713147411,0.14746397628869784,0.11273454790373535,0.05266402352483607,1.308063757124552,1.02,-1.1540848053547654,3.125548914478739,3.219086474569925,-0.018299745044346394,-0.00038662673416833826,-0.02728396083832374,1,23.15999984741211,22.639999389648438,6.620142704554969
2024-11-01,585.0,560.9866333007812,0.16122,0.15145999999999998,0.15634,-0.009760000000000019,-0.0048799999999999955,1,0.21,0.15146,0.05853999999999998,0.01951,0.7368917898370912,0.4155710427656061,0.9362549800796812,0.15720925984304865,0.11345165688509369,0.04776834311490631,1.385693820252212,1.33,0.5824900660587969,0.6549653744364257,-0.49603462597750414,-0.013816031596668221,0.005670515943094534,-0.023178767476988993,1,21.8799991607666,21.90999984741211,5.757999160766602
2024-11-04,585.0,559.7782592773438,0.16122,0.15145999999999998,0.15145999999999998,-0.009760000000000019,-0.009760000000000019,1,0.21,0.15424857142857146,0.055751428571428535,0.020904285714285736,0.7368917898370912,0.4155710427656061,0.9362549800796812,0.1490736305731886,0.10908469145654018,0.052135308543459824,1.366586168807932,1.29,0.33507968887845313,1.4134921496132669,0.6000399061640126,-0.01897305980607955,-0.00553270547291651,-0.025282855761549095,1,21.979999542236328,21.56999969482422,5.857999542236328
2024-11-05,595.0,566.547119140625,0.14239714285714286,0.13797323529411765,0.14170500000000003,-0.0044239075630252145,-0.0006921428571428356,1,0.19048,0.1430942857142857,0.04738571428571431,0.024389999999999995,0.3815136476426799,0.29223086032023904,0.8286852589641435,0.1865951067891331,0.1120442879072859,0.030352854949856956,1.6653692060012582,1.45,1.2516185083477538,1.3942123725450006,0.5174036856234693,-0.00871462789426336,0.015674593122682046,-0.013496539222201509,1,20.489999771118164,20.190000534057617,6.250285485403879
2024-11-06,605.0,580.6347045898438,0.12219,0.122195,0.13194499999999998,5.0000000000050004e-06,0.009754999999999986,0,0.15146,0.12219,0.029270000000000018,0.014635000000000009,0.0,0.15981989487627135,0.5856573705179283,0.262181678515312,0.13644882583775308,-0.014258825837753092,1.9214652592691694,1.3,0.4548563838146072,8.045159318414525,3.918250458804043,0.019017021324000627,0.03117763934490192,0.0,1,16.270000457763672,17.670000076293945,4.0510004577636725
2024-11-07,610.0,585.1241455078125,0.11244000000000001,0.11903735294117647,0.12306553571428572,0.006597352941176457,0.010625535714285705,0,0.1417,0.11244000000000001,0.02925999999999998,0.014630000000000004,0.0,0.09593125301306336,0.3705179282868526,0.15874506259490578,0.13687794775744244,-0.02443794775744243,1.1597563025726645,1.02,-1.0884142790919442,2.949609977447825,0.8328429056436991,0.0474288227863231,0.03200242082608007,0.0,1,15.199999809265137,16.950000762939453,3.955999809265135
2024-11-08,615.0,587.6587524414062,0.117315,0.11932441176470589,0.12358785714285715,0.0020094117647058846,0.0062728571428571495,0,0.1347357142857143,0.11244,0.022295714285714294,0.006272857142857136,0.07773171453953197,0.12787557394466736,0.4860557768924303,0.1585242735624612,0.13667688721325685,-0.01936188721325685,1.1598469704326517,1.27,0.40523147461094206,1.6826395779591836,0.0769172306704057,0.047545017220266494,0.038289971684866364,0.0,1,14.9399995803833,16.829999923706055,3.2084995803833003
2024-11-11,615.0,588.2186889648438,0.117315,0.12018558823529413,0.12428428571428571,0.0028705882352941248,0.006969285714285706,0,0.1389142857142857,0.11244,0.026474285714285714,0.008362142857142846,0.07773171453953197,0.12787557394466736,0.4900398406374502,0.14537387182511538,0.13584561238057924,-0.018530612380579237,1.0701403547568558,1.16,-0.19514643806211346,1.3583150972080338,-0.09497931551736274,0.05080659924916642,0.03309295588156158,0.0,1,14.970000267028809,16.799999237060547,3.238500267028808
2024-11-12,615.0,586.3914794921875,0.11244000000000001,0.11559264705882352,0.12451642857142858,0.00315264705882351,0.012076428571428571,0,0.14030714285714285,0.11244000000000001,0.02786714285714284,0.013933571428571406,0.0,0.09593125301306336,0.3745019920318725,0.16927310640023616,0.1345504437038764,-0.02211044370387638,1.2580642749330406,1.11,-0.44178976568610256,0.8054586006519034,-0.41763775286120286,0.03502684892593533,0.021529395940756757,-0.003106343791748234,1,14.710000038146973,16.709999084472656,3.466000038146971
2024-11-13,615.0,586.67626953125,0.11244,0.11587970588235294,0.12242476190476191,0.003439705882352942,0.009984761904761913,0,0.13195,0.11244,0.019510000000000013,0.009755,0.0,0.09593125301306327,0.3545816733067729,0.06516253174466205,0.13071816196993813,-0.01827816196993813,0.4984963891983716,1.21,0.16741490045560234,2.4511330818407653,0.49395412744245726,0.010405104782143404,0.03002845513905994,-0.0026221870581979445,1,14.020000457763672,16.510000228881836,2.776000457763672
2024-11-14,610.0,582.9039306640625,0.117315,0.11616676470588236,0.1228892857142857,-0.0011482352941176444,0.005574285714285698,0,0.14309428571428573,0.10268,0.040414285714285736,0.005572142857142859,0.07773171453953218,0.12787557394466736,0.50199203187251,0.06556156239269978,0.13299522248413062,-0.015680222484130618,0.49296178590567624,1.2,0.0701649702198651,0.685061136405,-0.5262904132402431,-0.0037944338151062462,0.0189763757432293,-0.009035344167888093,1,14.3100004196167,16.68000030517578,2.5785004196166987
2024-11-15,588.0,575.437744140625,0.12846428571428573,0.1351035294117647,0.136825,0.00663924369747898,0.008360714285714277,0,0.15424857142857146,0.11244,0.04180857142857146,0.0048799999999999955,0.25550670827543803,0.20093328902472715,0.701195219123506,0.09060027931207477,0.1413268796013613,-0.012862593887075585,0.6410689853736931,1.04,-0.8666795477637423,2.6566646634222506,0.5590760932059254,-0.02079609679939165,0.005838532350479264,-0.021728219561861994,1,16.139999389648438,17.809999465942383,3.293570818219864
2024-11-18,590.0,577.7955322265625,0.1305557142857143,0.12707000000000002,0.136825,-0.0034857142857142864,0.0062692857142856995,0,0.15843142857142858,0.11244,0.045991428571428586,0.0048799999999999955,0.3333245715487334,0.2146377537408791,0.7051792828685259,0.10364260048690824,0.14140883489677747,-0.010853120611063166,0.7329287492012999,0.94,-1.3414838969727358,0.5222805721063044,-0.6833350479441118,-0.0177198666649373,0.006089825375976465,-0.0177198666649373,1,15.579999923706055,17.190000534057617,2.524428495134625
2024-11-19,593.0,579.9076538085938,0.13125285714285717,0.13229821428571428,0.136825,0.0010453571428571118,0.005572142857142831,0,0.15982571428571427,0.11383285714285715,0.04599285714285711,0.005576428571428538,0.35062635621763444,0.21920590864626313,0.7051792828685259,0.11593380482718757,0.1416856151438964,-0.010432758001039238,0.8182468256177227,1.17,-0.003013974407526506,0.8457619302950208,-0.5085704120544561,-0.011057162169560764,0.011428542230133676,-0.014129158614249238,1,16.350000381469727,17.690000534057617,3.22471466718401
2024-11-20,592.0,580.1040649414062,0.136825,0.136825,0.14518642857142855,0.0,0.008361428571428547,0,0.17097,0.12219,0.04878000000000002,0.009754999999999986,0.4604542634404252,0.25571838448325096,0.7848605577689243,0.11572201025667274,0.14163469436059112,-0.004809694360591116,0.8170456453420469,0.98,-1.1556727070227928,0.6010767893838671,-0.612288498149916,-0.011202438092638212,0.012308736097886186,-0.013795250262649272,1,17.15999984741211,18.260000228881836,3.4774998474121084
2024-11-21,595.0,583.21826171875,0.1354314285714286,0.13299071428571427,0.136825,-0.002440714285714324,0.0013935714285714107,0,0.16957714285714287,0.1110457142857143,0.05853142857142857,0.0048799999999999955,0.43413989371746153,0.24658675515906656,0.7410358565737052,0.11904353838447186,0.13791232334376674,-0.002480894772338149,0.8631827489972621,1.1,-0.5144833116124569,1.112109280514785,-0.33951459862724287,0.0005392501888423773,0.02712835363720223,-0.008500966290094558,1,16.8700008392334,18.18000030517578,3.326857982090539
2024-11-22,597.0,585.0259399414062,0.1159207142857143,0.12358785714285715,0.13636047619047617,0.0076671428571428585,0.020439761904761877,0,0.15146,0.09989142857142858,0.051568571428571436,0.009754999999999986,0.06572522996412308,0.11873926413389946,0.42231075697211157,0.02945860936629584,0.13802587224882973,-0.022105157963115435,0.21342817028671673,1.03,-0.8989211027414113,1.1717642873379845,-0.31458046019211733,0.016662438115005118,0.02808856196216092,-0.0054278265606557685,1,15.239999771118164,17.299999237060547,3.6479283425467344
2024-11-25,599.0,587.0103759765625,0.11034714285714285,0.1197525,0.12846428571428573,0.009405357142857146,0.018117142857142873,0,0.1347357142857143,0.09570857142857143,0.03902714285714286,0.004875000000000004,0.0,0.08221742732374458,0.250996015936255,0.028692901168653317,0.13806418281914865,-0.027717039962005793,0.20782291672445108,0.91,-1.6318254495304423,2.5242269309847565,0.4381750748831873,0.01594827795654652,0.03193229162754818,-0.0020541900673159974,1,14.600000381469727,16.8700008392334,3.5652860957554413
2024-11-26,602.0,590.0755004882812,0.10825714285714286,0.12010071428571428,0.12707000000000002,0.011843571428571426,0.01881285714285716,0,0.13195,0.09431428571428571,0.0376357142857143,0.004875000000000004,0.0,0.06852232358075949,0.21912350597609562,0.03226387041672599,0.13856662424399246,-0.030309481386849607,0.2328401272150121,1.28,0.9193784736592597,1.1269671093252596,-0.4086796807739186,0.01753356178851795,0.03412369654143177,0.0,1,14.100000381469727,16.530000686645508,3.274286095755441
2024-11-27,600.0,588.2874145507812,0.10268,0.11557214285714287,0.12707000000000002,0.01289214285714288,0.024390000000000023,0,0.13195,0.08317,0.04878000000000002,0.004880000000000009,0.0,0.03197708433768773,0.08366533864541832,0.054297752547688295,0.1394924387136348,-0.03681243871363479,0.3892522996114263,1.2,0.34119999205241797,0.7839478707289236,-0.5991336051041284,0.014106692409062038,0.029324285546925788,-0.0030302663574752753,1,14.100000381469727,16.600000381469727,3.8320003814697277
2024-11-29,603.0,591.9419555664062,0.10268,0.11626928571428571,0.12567642857142858,0.01358928571428572,0.022996428571428584,0,0.12707000000000002,0.08317,0.04390000000000002,0.0024400000000000116,0.0,0.03197708433768773,0.08764940239043825,0.05703973590912719,0.1394805441664588,-0.03680054416645881,0.4089440305097667,1.2,0.2849959928828575,1.8477591831966271,0.06998502636093978,0.014957854409338056,0.03886130744471905,0.0,1,13.510000228881836,16.260000228881836,3.242000228881837
2024-12-02,605.0,593.0029907226562,0.09942666666666666,0.117315,0.12265476190476189,0.01788833333333334,0.023228095238095228,0,0.12219,0.08642,0.035769999999999996,0.004878333333333332,0.0,0.010659028112562575,0.02390438247011952,0.05760754966151578,0.11527934577352832,-0.015852679106861653,0.49972134448688244,1.22,0.4810313790739169,1.9921707293394137,0.11806117056393062,0.013635379624447053,0.06153271788560555,0.0,1,13.34000015258789,16.34000015258789,3.3973334859212247
2024-12-03,605.0,593.2779541015625,0.0978,0.11754714285714285,0.12288714285714286,0.019747142857142852,0.025087142857142863,0,0.12219,0.08317,0.03902,0.0048799999999999955,0.0,0.0,0.01195219123505976,0.0591574913364128,0.11544994395829172,-0.017649943958291725,0.5124081425087955,1.29,0.9912161750614045,1.4471206526186517,-0.2152608816133114,0.010677116421618837,0.057561658128613136,0.0,1,13.300000190734863,16.239999771118164,3.520000190734864
2024-12-04,608.0,596.9619140625,0.097805,0.11289976190476189,0.12707000000000002,0.015094761904761889,0.029265000000000013,0,0.12219,0.08317,0.03902,0.0048749999999999905,7.396606014504746e-05,3.2763406083729236e-05,0.02390438247011952,0.06268918889693996,0.11467597434886936,-0.01687097434886936,0.5466636691154309,1.38,1.7659484229619589,1.6461937446423116,-0.10170841451123064,0.01167039398944758,0.06642568582988417,0.0,1,13.449999809265137,16.389999389648438,3.6694998092651367
2024-12-05,607.0,595.9795532226562,0.09850142857142857,0.11452571428571429,0.12823071428571428,0.016024285714285713,0.029729285714285708,0,0.12358428571428572,0.08317,0.04041428571428572,0.004875714285714289,0.010376381580337763,0.0045962378248843,0.027888446215139442,0.05559207923958665,0.11093736134416693,-0.012435932772738356,0.501112326505769,1.17,0.20757915019660964,0.6315487841503721,-1.0766018398896178,0.013075477192978413,0.051950549367678844,-0.0016456005261014095,1,13.539999961853027,16.579999923706055,3.6898571047101694
2024-12-06,608.0,597.1093139648438,0.09571214285714286,0.1133645238095238,0.12707000000000002,0.017652380952380947,0.03135785714285716,0,0.11522571428571428,0.08317,0.032055714285714285,0.0034857142857142864,0.0,0.0,0.0,0.045549162083388994,0.07629168654886136,0.0194204563082815,0.5970396532552316,1.15,-0.004104905073060705,0.819721817841023,-0.7642362858034126,0.008729501853763866,0.028373449338749968,0.0,1,12.770000457763672,16.31999969482422,3.1987861720493864
2024-12-09,604.0,594.0344848632812,0.10616214285714286,0.12382000000000001,0.13125071428571428,0.017657857142857156,0.02508857142857142,0,0.13195,0.09013428571428572,0.04181571428571429,0.004880000000000009,0.1499574625106344,0.06755134456264777,0.13545816733067728,0.06682609552110169,0.07577211917798912,0.030390023679153735,0.8819351530096028,1.23,0.6788503901066837,1.8250873941055017,0.7097733723846049,0.001739441717432122,0.015228117697545507,-0.0051495246006889595,1,14.1899995803833,17.09000015258789,3.5737852946690154
2024-12-10,603.0,592.1875610351562,0.10686285714285713,0.11917214285714285,0.13195,0.012309285714285717,0.025087142857142877,0,0.1305557142857143,0.09152714285714285,0.039028571428571454,0.004178571428571434,0.1600127099968224,0.07208093232860517,0.14342629482071714,0.07112314121069448,0.07569592526360273,0.0311669318792544,0.9395900897309328,1.14,-0.06248002146214467,0.59990225859528,-1.0076274554077072,-0.0018379126661760559,0.007706527938085239,-0.008242632989605814,1,14.180000305175781,16.979999542236328,3.493714590890068
2024-12-11,607.0,596.7655639648438,0.10268,0.12149571428571429,0.1321797619047619,0.018815714285714297,0.029499761904761918,0,0.12219,0.08317,0.03902,0.0,0.09998872500281868,0.04504192523640659,0.11155378486055777,0.08013617149702269,0.07985101151786542,0.022828988482134577,1.003571150493109,1.19,0.3206839266148133,1.3518197228808484,0.028571532017331678,-0.0003289156192897158,0.014530097666636488,-0.0005756902328611924,1,13.579999923706055,16.8799991607666,3.311999923706056
2024-12-12,604.0,593.6907348632812,0.10825714285714286,0.1219602380952381,0.12985857142857143,0.013703095238095236,0.021601428571428577,0,0.13195,0.08456285714285713,0.04738714285714288,-7.142857142844461e-07,0.18002070499482378,0.08109393469267143,0.24701195219123506,0.08801661577887838,0.08138486277220168,0.026872280084941177,1.0814863204382263,1.27,0.9442221277758064,0.7618272456968185,-0.7502728472718619,-0.003840431013108825,0.012447751419264907,-0.005725214833550152,1,13.920000076293945,17.350000381469727,3.0942857905796597
2024-12-13,603.0,593.57275390625,0.10059071428571428,0.12474857142857143,0.13008785714285714,0.024157857142857148,0.02949714285714286,0,0.13195,0.08317,0.04878000000000002,0.0069692857142857195,0.07447307302286527,0.03153627364066194,0.043824701195219126,0.08523715426443655,0.08143034124964406,0.019160373036070225,1.0467493191895365,1.07,-0.6329704584539813,1.4159911156289504,0.20767945933332813,-0.005922801697918256,0.011755178678882316,-0.005922801697918256,1,13.8100004196167,17.149999618530273,3.7509289910452708
2024-12-16,606.0,596.1072998046875,0.11104071428571427,0.125445,0.136825,0.01440428571428573,0.025784285714285732,0,0.1389142857142857,0.09292,0.04599428571428571,0.004876428571428587,0.23399592197228225,0.09908761820330962,0.28286852589641437,0.0837952942759065,0.0782066111423327,0.032834103143381574,1.0714604948602444,1.16,0.04975690142986364,0.6098018942617198,-1.0168428240770564,0.003489384866071088,0.02265102094196436,-0.0016781084078270059,1,14.6899995803833,17.56999969482422,3.585928151811874
2024-12-17,603.0,593.6512451171875,0.12080071428571428,0.13403785714285715,0.136825,0.013237142857142878,0.016024285714285727,0,0.1500657142857143,0.10128571428571428,0.04878000000000002,0.004875000000000004,0.5374011230281979,0.16217863475177302,0.5258964143426295,0.08695253448564849,0.06289281330080597,0.057907900984908306,1.3825511997653666,1.14,-0.21876304029198246,1.3409112652423902,0.21816719670786525,0.002471656242614584,0.031651557726306345,-0.005791349702275572,1,15.869999885559082,18.1299991607666,3.7899284569876546
2024-12-18,584.0,575.9583740234375,0.18560500000000002,0.18072500000000002,0.18072500000000002,-0.0048799999999999955,-0.0048799999999999955,1,0.23926,0.1417,0.09756000000000001,0.004874999999999963,1.0,0.5810893173758869,0.9840637450199203,0.21379026521693872,0.12592137218711805,0.05968362781288197,1.6978076199745369,1.09,-0.6310337493465259,10.500814762532281,4.113811769240102,-0.03486660624846649,-0.0031795991845859906,-0.03542222411665741,1,27.6200008392334,24.239999771118164,9.059500839233397
2024-12-19,584.0,575.7815551757812,0.18072500000000002,0.17677857142857142,0.17585,-0.003946428571428601,-0.004875000000000018,1,0.22811571428571428,0.13195,0.09616571428571427,-0.0006921428571428634,0.9457131505760827,0.5495438091016551,0.9800796812749004,0.2192689369040086,0.12516036938382774,0.055564630616172284,1.7519038812643584,1.05,-1.0713294679572771,2.427335359237459,0.2963768672335326,-0.030165839949690687,-0.007115096008328159,-0.03571834886889447,1,24.09000015258789,24.139999389648438,6.017500152587889
2024-12-20,592.0,582.697265625,0.14658,0.15146,0.15634,0.004880000000000023,0.009760000000000019,0,0.17794142857142858,0.12219,0.05575142857142859,0.003485714285714314,0.565872069924513,0.3288222148345154,0.852589641434263,0.25410596467074054,0.13220613104388354,0.014373868956116448,1.9220437256907128,1.09,-0.6868542112289489,1.4420124859894017,-0.17491059485884333,-0.01832208134500679,0.004470233601717055,-0.02413636498842542,1,18.360000610351562,20.100000381469727,3.702000610351563
2024-12-23,596.0,586.1865844726562,0.13333928571428572,0.136825,0.14658,0.0034857142857142864,0.013240714285714272,0,0.15146,0.11244,0.03902000000000001,-0.001389285714285704,0.41857767183154543,0.2432310135933807,0.7250996015936255,0.2577430895618036,0.13252502772063054,0.0008142579936551708,1.9448635023502054,1.14,-0.2799938133621171,0.7645603541680305,-0.48251079777056,-0.01664249932064532,0.005089557287109914,-0.018292679810435142,1,16.780000686645508,18.649999618530273,3.4460721152169356
2024-12-24,602.0,592.7020874023438,0.10755999999999999,0.12288714285714286,0.13195,0.015327142857142873,0.024390000000000023,0,0.13195,0.09292,0.03903000000000001,0.004875000000000018,0.1317997616209772,0.07658743351063825,0.21115537848605578,0.2767162117752139,0.13746000201027506,-0.029900002010275067,2.0130671302807746,0.92,-2.478417633912361,1.4316337824126115,-0.14429454497850724,-0.0015988473411798765,0.013121037781173017,-0.0073809375593820725,1,14.270000457763672,17.200000762939453,3.5140004577636734
2024-12-26,601.0,592.7415771484375,0.11383285714285715,0.12637285714285712,0.13195,0.012539999999999968,0.01811714285714286,0,0.13334285714285715,0.09431428571428571,0.03902857142857144,-4.285714285720554e-06,0.20158124751688525,0.11713670951536653,0.398406374501992,0.09238495217831894,0.1370990151893354,-0.023266158046478247,0.6738556951028,0.83,-2.58759592498842,0.6093163250953679,-0.5163073467732108,0.02913961126697151,0.009763372857490626,-0.007314802690656763,1,14.729999542236328,17.360000610351562,3.3467138279506123
2024-12-27,595.0,586.5020751953125,0.12846428571428573,0.136825,0.1417,0.008360714285714277,0.013235714285714267,0,0.15146,0.10546857142857143,0.045991428571428586,0.0,0.3643464441795789,0.21171782653664317,0.6693227091633466,0.1472795257991526,0.14106701792349982,-0.012602732209214096,1.044039407418549,0.97,-1.2919626439562346,2.7975026379881256,0.4604045079974101,0.018619075104374216,-0.006055878086807187,-0.01776431638471443,1,15.949999809265137,18.06999969482422,3.1035712378365634
2024-12-30,588.0,579.8091430664062,0.1417,0.14658,0.14658,0.0048799999999999955,0.0048799999999999955,0,0.16818428571428573,0.12219,0.04599428571428574,0.0034871428571428553,0.5115852205005957,0.2972767065602837,0.7928286852589641,0.15807077819730217,0.14607979261705867,-0.004379792617058675,1.0820851766382042,0.99,-1.0291888680848826,2.622505413417367,0.35914819876122767,-0.004956471788993166,-0.014411784571065511,-0.028973205565264504,1,17.399999618530273,18.940000534057617,3.2299996185302735
2024-12-31,600.0,577.6997680664062,0.12637285714285715,0.13195,0.13195,0.005577142857142864,0.005577142857142864,0,0.15982571428571427,0.12219,0.03763571428571427,0.014634999999999981,0.34108065156932854,0.19819832299054382,0.601593625498008,0.1456324270365441,0.14420124218237826,-0.01782838503952111,1.0099249134924633,0.95,-1.199707476961094,3.093199476407549,0.5483011987002927,-0.0144780120034389,-0.02406010820160942,-0.0325058501760036,1,17.350000381469727,18.979999542236328,4.712714667184011
2025-01-02,600.0,576.2803344726562,0.12707000000000002,0.136825,0.136825,0.009754999999999986,0.009754999999999986,0,0.17097,0.1305557142857143,0.04041428571428571,0.023692857142857127,0.3488359157727454,0.20270482417257701,0.6414342629482072,0.08139315646378674,0.1438567548902832,-0.016786754890283195,0.5657930802475264,0.95,-1.0921898962766434,2.323013790597497,0.17214532446558362,-0.02770658865343245,-0.028199952633664038,-0.03488302561198009,1,17.93000030517578,19.329999923706055,5.2230003051757805
2025-01-03,605.0,583.48583984375,0.12010214285714287,0.12707000000000002,0.12793029411764706,0.006967857142857151,0.007828151260504193,0,0.15424857142857146,0.11244,0.04180857142857146,0.013242142857142855,0.2713230035756854,0.1576628989361703,0.47808764940239046,0.15224487274276824,0.15153321724428678,-0.03143107438714392,1.004696366324317,1.23,1.2131270461369115,1.6344331631096432,-0.1459831200059979,-0.015615130879151451,-0.01650510387267179,-0.022815711968438457,1,16.1299991607666,18.139999389648438,4.119784875052314
2025-01-06,610.0,586.8470458984375,0.117315,0.12707000000000002,0.12707000000000002,0.009755000000000014,0.009755000000000014,0,0.15146,0.11244,0.03902000000000001,0.014635000000000009,0.24031783869686132,0.13964612884160763,0.46215139442231074,0.14600906818731288,0.15128178105576737,-0.033966781055767364,0.965146412002442,1.25,1.301638565765321,12.259885180584433,3.103791326490529,0.0005881832609204718,-0.016943908691306353,-0.017186581797333123,1,16.040000915527344,18.030000686645508,4.308500915527343
2025-01-07,590.0,580.2133178710938,0.14658,0.14843904761904764,0.1485894117647059,0.001859047619047649,0.0020094117647058984,0,0.17097,0.13195,0.03902,0.004880000000000023,0.565872069924513,0.3288222148345154,0.852589641434263,0.14546563516097372,0.1556417932889519,-0.009061793288951903,0.9346180873855267,1.1,0.09854831582691059,1.8999430568746676,-0.2202822388780565,0.000697082496060597,-0.02645432257920477,-0.028296319783658208,1,17.81999969482422,19.190000534057617,3.1619996948242193
2025-01-08,590.0,581.0609741210938,0.14658,0.14658,0.14658,0.0,0.0,0,0.17097,0.12219,0.04878000000000002,0.0,0.565872069924513,0.3288222148345154,0.852589641434263,0.141561626050776,0.15553763117594852,-0.008957631175948527,0.9101438988140274,1.24,1.2377417064159653,1.9854808564644895,-0.19549354240040703,0.00581825758029586,-0.02687672000489827,-0.02687672000489827,1,17.700000762939453,19.34000015258789,3.0420007629394537
2025-01-10,581.0,572.1896362304688,0.16122,0.16122,0.16207823529411763,0.0,0.0008582352941176319,0,0.19048,0.1389142857142857,0.0515657142857143,0.003477142857142873,0.7287326181962652,0.42345873965721054,0.9282868525896414,0.18535236459766632,0.16260900150325236,-0.0013890015032523573,1.139865338844474,1.22,1.0164114480818585,3.1422823125495376,0.1370216153730555,-0.007098451912177173,-0.03677370453979645,-0.0417338620442993,1,19.540000915527344,20.969999313354492,3.418000915527344
2025-01-13,582.0,573.0768432617188,0.16261285714285714,0.15959333333333334,0.16007176470588236,-0.0030195238095238053,-0.0025410924369747845,1,0.18073,0.1417,0.03903000000000001,-0.0013978571428571451,0.7442272546682557,0.432462507387707,0.9362549800796812,0.14606888954725564,0.16293056795546568,-0.00031771081260853484,0.8965100372520711,1.21,0.9221439913676225,1.8029027630876255,-0.30653379905929073,-0.01783933023090778,-0.03227139344168517,-0.04024802517908799,1,19.190000534057617,20.43000030517578,2.9287148197719013
2025-01-14,583.0,573.8652954101562,0.161215,0.15634,0.15146,-0.0048749999999999905,-0.009754999999999986,1,0.18073,0.1417,0.03903000000000001,0.0,0.7286769964243145,0.4234264184397164,0.8884462151394422,0.13097394529546638,0.15984342256646086,0.001371577433539134,0.8193890195325934,0.94,-1.1084948984891398,0.8777469912829641,-0.6107623922305959,-0.02212118230638227,-0.03837397788595687,-0.03892757659455304,1,18.709999084472656,19.989999771118164,2.588499084472655
2025-01-15,593.0,584.303955078125,0.13195,0.13566428571428574,0.136825,0.0037142857142857255,0.0048749999999999905,0,0.15146,0.11244,0.03902000000000001,0.0,0.40312276519666274,0.23425033244680865,0.6972111553784861,0.18753012545751657,0.17341986316469116,-0.041469863164691145,1.0813647412431953,1.19,0.8483967136040924,2.4923431496190234,-0.10186018086706505,0.007050229770734218,-0.015810891485982026,-0.02144558556906495,1,16.1200008392334,18.229999542236328,2.925000839233398
2025-01-16,591.0,583.1802368164062,0.13612785714285716,0.14077547619047623,0.1411308823529412,0.004647619047619067,0.005003025210084028,0,0.16122,0.11244000000000001,0.04877999999999999,0.0007021428571428456,0.44959872864521266,0.2612570183215132,0.7091633466135459,0.18900171127319654,0.1734527047957715,-0.03732484765291433,1.0896440703864083,1.2,0.9004588124543385,1.1579877199948079,-0.5518560198084216,0.0036472294469922506,-0.017508413284557767,-0.023327516122546355,1,16.600000381469727,18.350000381469727,2.987214667184011
2025-01-17,610.0,589.0353393554688,0.117315,0.12567642857142858,0.13194499999999998,0.008361428571428575,0.014629999999999976,0,0.15146,0.11244,0.03902000000000001,0.014635000000000009,0.24031783869686132,0.13964612884160763,0.44621513944223107,0.12905577182733827,0.1766812902964613,-0.05936629029646129,0.7304439061475605,1.19,0.7925757898527013,1.9873964268360698,-0.29009365583616303,0.029440769385439935,-0.011863569614960046,-0.013521769666869354,1,15.970000267028809,18.190000534057617,4.238500267028808
2025-01-21,615.0,594.4270629882812,0.11313642857142858,0.11731500000000002,0.123695,0.004178571428571434,0.010558571428571417,0,0.1417,0.11244000000000001,0.02925999999999998,0.013933571428571434,0.19383392928089002,0.11263482565011831,0.350597609561753,0.12443673901325654,0.1792541755586322,-0.06611774698720363,0.6941915781066677,1.44,2.211709956437777,2.4710730984947253,0.004104840057621118,0.03725542216126865,0.0013068579868649177,-0.004492060187023639,1,15.0600004196167,17.5,3.7463575624738414
2025-01-22,620.0,597.7686157226562,0.10755999999999999,0.117315,0.122195,0.009755000000000014,0.014635000000000009,0,0.13195,0.10268,0.029270000000000018,0.009755000000000014,0.1317997616209772,0.07658743351063825,0.20717131474103587,0.11497704980179616,0.14200456213454102,-0.03444456213454103,0.8096715209252371,1.27,0.992239596159076,4.279505443410966,0.7024902817718001,0.04165319022370162,0.037867739550100143,0.0,1,15.100000381469727,17.809999465942383,4.344000381469728
2025-01-23,620.0,601.03125,0.10895357142857143,0.117315,0.122195,0.008361428571428575,0.01324142857142857,0,0.1417,0.10268,0.03902,0.013236428571428566,0.09837002184506805,0.08559581855791965,0.23904382470119523,0.07456145289267929,0.1423415345167878,-0.03338796308821637,0.5238207747710173,1.28,0.9699268248756538,0.5898482326109487,-0.773406853897468,0.028627728387767837,0.0438529067095772,0.0,1,15.020000457763672,17.520000457763672,4.124643314906528
2025-01-24,620.0,599.2767333984375,0.11243499999999998,0.117315,0.122195,0.004880000000000023,0.009760000000000019,0,0.1417,0.10268,0.03902,0.009755000000000014,0.13932112250041984,0.1081006205673758,0.2749003984063745,0.08100606776956944,0.13858425707802338,-0.026149257078023402,0.5845257569477229,1.11,-0.08789117671628442,0.8418342916550178,-0.6742860190502143,0.027601238117914262,0.028452969923677962,-0.002919177000467954,1,14.850000381469727,17.549999237060547,3.606500381469729
2025-01-27,610.0,590.7996826171875,0.1305557142857143,0.128534,0.136825,-0.0020217142857142933,0.0062692857142856995,0,0.16818428571428573,0.12219,0.04599428571428574,0.014631428571428545,0.3524701730801547,0.2252373300827425,0.649402390438247,0.14929581851615087,0.14747607104955843,-0.016920356763844124,1.0123392727622973,1.19,0.34453286588700444,2.395205753161411,-0.06804161986184724,0.002995309693386794,0.007869675401529719,-0.017023353416003695,1,17.899999618530273,18.969999313354492,4.844428189958844
2025-01-28,615.0,595.8760986328125,0.12219071428571428,0.12317,0.13119499999999998,0.0009792857142857242,0.0090042857142857,0,0.15982571428571427,0.11244000000000001,0.04738571428571425,0.013942142857142861,0.2540749453873297,0.17116393321513002,0.5338645418326693,0.14733732895858853,0.14543637588698843,-0.023245661601274156,1.0130706851020355,1.04,-0.7913124584331845,0.9081567343733475,-0.6796769399833723,0.002437701334200293,0.005355154466183176,-0.008577176922476948,1,16.40999984741211,18.1299991607666,4.190928418840681
2025-01-29,610.0,593.204833984375,0.12707000000000002,0.1275575,0.13194499999999998,0.00048749999999997407,0.004874999999999963,0,0.16122,0.11244,0.048780000000000004,0.009759999999999991,0.31146866072928936,0.20270482417257701,0.6135458167330677,0.14260069369665443,0.14636525818772608,-0.019295258187726066,0.9742796580439651,0.98,-1.2406822684273067,0.9097832712533814,-0.6335762270286003,-0.007634696131987417,0.0007815494201810491,-0.013021645739094256,1,16.559999465942383,18.149999618530273,3.852999465942382
2025-01-30,615.0,596.3886108398438,0.11870857142857144,0.122195,0.13194499999999998,0.003486428571428557,0.013236428571428538,0,0.15146,0.11244000000000001,0.03902,0.01324142857142857,0.14284799062811773,0.148654513888889,0.44621513944223107,0.14232309552539252,0.14214602211476138,-0.023437450686189937,1.001245714850101,1.01,-1.035999501928723,0.741515371034527,-0.6555629929940797,-0.007724455525659035,0.016856778624762647,-0.007724455525659035,1,15.84000015258789,17.90999984741211,3.9691430097307467
2025-01-31,610.0,593.2146606445312,0.12358428571428572,0.12735676470588236,0.13224999999999998,0.003772478991596648,0.008665714285714263,0,0.16122,0.11244,0.048780000000000004,0.013245714285714291,0.20532110595535552,0.18017231826241142,0.549800796812749,0.14479817765275588,0.1369624123783848,-0.013378126664099085,1.0572110635195537,1.29,0.9536376511732497,2.455226364097319,0.03884313366487753,-0.010115648440961245,0.023120569481239972,-0.013005296073155481,1,16.43000030517578,18.43000030517578,4.071571733747209
2025-02-03,610.0,589.2225341796875,0.14030714285714285,0.13424147058823527,0.136825,-0.006065672268907585,-0.0034821428571428503,1,0.18073,0.13195,0.04877999999999999,0.016032857142857154,0.4195930918975316,0.2882729388297873,0.7569721115537849,0.11074669736507523,0.13872731726740967,0.0015798255897331859,0.7983049016337624,1.31,1.0230980248968429,2.7903966032774745,0.16300874553349548,-0.0026695146999967667,0.019945942079652612,-0.019647424023813254,1,18.6200008392334,19.549999237060547,4.589286553519113
2025-02-04,610.0,593.17529296875,0.13194499999999998,0.12850382352941175,0.13499499999999998,-0.0034411764705882253,0.003049999999999997,0,0.17097,0.11244000000000001,0.05853,0.009760000000000046,0.3332877742089794,0.23421801122931435,0.649402390438247,0.10148634177490966,0.13951818118315168,-0.0075731811831517,0.7274058543071462,1.08,-0.7802894186569614,1.689147191822205,-0.2768125381423662,-0.004532495379927615,0.02931725669860663,-0.013070796287630637,1,17.209999084472656,18.639999389648438,4.015499084472658
2025-02-05,615.0,595.5803833007812,0.117315,0.12391558823529411,0.128898125,0.006600588235294108,0.011583125,0,0.15146,0.11244,0.03902000000000001,0.014635000000000009,0.17719334665386532,0.13964612884160763,0.42231075697211157,0.10058820503205593,0.13406925063576014,-0.016754250635760137,0.7502705098675785,1.04,-0.9986669207361865,1.0127224999376057,-0.8379848686845625,0.0040046020873605315,0.02072808392448744,-0.009069190161441254,1,15.770000457763672,17.959999084472656,4.038500457763671
2025-02-06,615.0,597.650390625,0.11801214285714286,0.12133176470588236,0.12920281249999999,0.003319621848739504,0.011190669642857129,0,0.15146,0.10268,0.04878000000000002,0.00905785714285716,0.1898565015439709,0.1441526300236407,0.4262948207171315,0.09600158463228733,0.13327944924938112,-0.015267306392238264,0.720302981239496,1.05,-0.8869514128274758,0.6929657578276859,-1.0711922000351197,0.0021157006727197114,0.018409131991152794,-0.005625097488691333,1,15.5,17.940000534057617,3.698785714285714
2025-02-07,610.0,592.1797485351562,0.12219,0.12448911764705883,0.13438499999999998,0.0022991176470588404,0.012194999999999984,0,0.15843142857142858,0.11244,0.045991428571428586,0.013245714285714305,0.265744609076991,0.17115931589834515,0.5139442231075697,0.11299399892240103,0.1309582635204457,-0.008768263520445713,0.8628245051887082,1.02,-1.0147056094290023,2.0725871909306903,0.30753653055889846,-0.00174458282647727,0.02062419164725382,-0.014727190083450359,1,16.540000915527344,18.6299991607666,4.321000915527344
2025-02-10,615.0,596.2012939453125,0.1159207142857143,0.12362705882352941,0.13042156249999998,0.007706344537815116,0.014500848214285683,0,0.15146,0.10268,0.04878000000000002,0.011149285714285723,0.15186703687365422,0.13063312647754147,0.3386454183266932,0.10522660810623,0.13248941456390456,-0.016568700278190268,0.794226530871078,1.45,1.9494934076095913,3.7591224663395923,1.866920658015901,0.01184401369737298,0.026056335735022973,-0.008036114685696427,1,15.8100004196167,18.229999542236328,4.2179289910452695
2025-02-11,615.0,596.65478515625,0.11244000000000001,0.12420088235294117,0.13194499999999998,0.011760882352941163,0.019504999999999967,0,0.15146,0.10268,0.04878000000000002,0.014630000000000004,0.08864208423073969,0.1081329417848701,0.29880478087649404,0.09802337138806025,0.1179977388887747,-0.005557738888774685,0.8307224554570287,1.35,1.1745039874355345,0.6701749866772739,-0.9893732529339245,0.005865875111024321,0.042757064051273774,-0.00728159283523111,1,16.020000457763672,18.280000686645508,4.77600045776367
2025-02-12,615.0,594.732666015625,0.11244,0.12104676470588235,0.130116875,0.008606764705882355,0.017676874999999995,0,0.15146,0.11244,0.03902000000000001,0.019510000000000013,0.08864208423073944,0.10813294178487,0.28286852589641437,0.0981755544206336,0.11937619844204346,-0.006936198442043462,0.8224047649523479,1.14,-0.29182005402380906,0.9944416073381199,-0.6977793343789799,-0.001423346552245519,0.03778868926311896,-0.01047962811313885,1,15.890000343322754,18.309999465942383,4.646000343322754
2025-02-13,620.0,601.0115356445312,0.10825642857142857,0.11618884615384616,0.12646062500000002,0.007932417582417584,0.018204196428571448,0,0.14309428571428573,0.10268,0.040414285714285736,0.014630714285714289,0.012650180346161057,0.08108931737588657,0.199203187250996,0.12432970872493247,0.12312728325894863,-0.014870854687520058,1.0097657110118723,1.24,0.3921391308787471,1.6054387561136363,-0.09017440777265408,0.005623931770572854,0.04730420266131086,-3.280088259760561e-05,1,15.100000381469727,17.84000015258789,4.27435752432687
2025-02-14,620.0,600.9819946289062,0.10546714285714284,0.12069346153846153,0.12707000000000002,0.015226318681318685,0.021602857142857174,0,0.1417,0.10268,0.03902,0.01672285714285715,0.0,0.0630586953309692,0.11553784860557768,0.08822634310578613,0.10896042441098758,-0.003493281553844735,0.8097099803228133,1.07,-0.7414721219764119,1.693707477483964,-0.032530252876211474,0.0148641457522376,0.02854343087332234,-8.19514311339864e-05,1,14.770000457763672,17.809999465942383,4.223286172049388
2025-02-18,620.0,602.7463989257812,0.11104142857142857,0.11806576923076922,0.12811464285714286,0.0070243406593406554,0.01707321428571429,0,0.1500657142857143,0.10268,0.04738571428571431,0.01533142857142858,0.09754512274386298,0.09909223552009458,0.24701195219123506,0.08173422483113857,0.10842415237590705,0.0026172761955215174,0.7538378031101929,0.95,-1.4032628440658705,0.7496719011494405,-0.8527855076189838,0.010978012035427032,0.033550797633656204,0.0,1,15.350000381469727,17.81999969482422,4.245857524326869
2025-02-19,620.0,604.1658935546875,0.112435,0.117315,0.12846285714285713,0.004880000000000009,0.016027857142857135,0,0.15146,0.09292,0.05854000000000001,0.009755000000000014,0.12193140342982861,0.10810062056737588,0.2749003984063745,0.08076336189454675,0.10409377467628503,0.008341225323714965,0.7758712002298684,1.13,-0.14347490635669224,0.9404387778465346,-0.6073661579619086,0.012588700510414164,0.025687005835294707,0.0,1,15.270000457763672,17.93000030517578,4.026500457763673
2025-02-20,620.0,601.6522827148438,0.11173785714285715,0.11543807692307692,0.12567714285714285,0.0037002197802197684,0.013939285714285696,0,0.15146,0.09292,0.05854000000000001,0.010452142857142854,0.10973201339933043,0.10359411938534288,0.26294820717131473,0.08513380397159513,0.10152230805997897,0.01021554908287818,0.8385723847146819,0.91,-1.518831340250127,1.1405459752633607,-0.33814531222797795,0.011634835438880886,0.012154930649086015,-0.004160464644991091,1,15.65999984741211,18.010000228881836,4.486214133126394
2025-02-21,610.0,591.361572265625,0.12707000000000002,0.128945,0.136825,0.0018749999999999878,0.009754999999999986,0,0.18073,0.11244,0.06829,0.019514999999999977,0.3780310984450782,0.20270482417257701,0.6095617529880478,0.13204118391202238,0.11695690189372487,0.010113098106275142,1.1289729958134846,1.17,0.3056451373638179,3.9634821692831497,2.3435021254612494,-0.016056203261652136,-0.010718266714764946,-0.021193386494769872,1,18.209999084472656,19.479999542236328,5.5029990844726555
2025-02-24,605.0,588.6705932617188,0.1347357142857143,0.136825,0.14658,0.00208928571428571,0.011844285714285696,0,0.18351571428571428,0.12219,0.06132571428571429,0.01811714285714283,0.5121743912804362,0.2522578679078015,0.6932270916334662,0.12902871656187295,0.11566453977901249,0.019071174506701802,1.1155425578867466,1.36,1.4589344875570407,1.739346763919637,0.09387302910056151,-0.020485474568650797,-0.02056574718582649,-0.025647426407671148,1,18.979999542236328,19.860000610351562,5.506428113664899
2025-02-25,605.0,585.7431030273438,0.14170428571428573,0.14020346153846155,0.14658,-0.0015008241758241725,0.004875714285714261,0,0.19048,0.1235842857142857,0.06689571428571431,0.015327857142857115,0.6341182940852961,0.2973044104609931,0.7729083665338645,0.11293181192255962,0.11631766887690043,0.0253866168373853,0.9708912928961456,1.17,0.2116517503756931,3.3330443418293316,1.5619103763059845,-0.028209701341627036,-0.022583273497614242,-0.03049293368573136,1,19.43000030517578,20.030000686645508,5.259571733747208
2025-02-26,605.0,586.0386962890625,0.136825,0.14170500000000003,0.14658,0.004880000000000023,0.009754999999999986,0,0.19048,0.12219,0.06829000000000002,0.01951,0.5624943944033725,0.2657635195035462,0.7410358565737052,0.1050980247609124,0.10606349921326108,0.03076150078673892,0.9908972034723519,1.1,-0.27382055891311824,1.1741235680439146,-0.5112354742710681,-0.030003675247159856,-0.00805854584591903,-0.030003675247159856,1,19.100000381469727,19.75,5.417500381469726
2025-02-27,595.0,576.6844482421875,0.16446833333333333,0.161215,0.161215,-0.0032533333333333303,-0.0032533333333333303,1,0.21000000000000002,0.1417,0.06830000000000003,0.011381666666666679,1.0,0.4444567572892042,0.9362549800796812,0.12377099347879852,0.11395436914938581,0.05051396418394752,1.0861452211327136,1.36,1.3130643285971944,1.3463172187592523,-0.3714799133468443,-0.04149877793198686,-0.032207451238031926,-0.04548658837858155,1,21.1299991607666,21.219999313354492,4.6831658274332675
2025-02-28,600.0,585.6839599609375,0.14658500000000002,0.14733500000000002,0.15145999999999998,0.0007500000000000007,0.004874999999999963,0,0.20024,0.12219,0.07805000000000001,0.014629999999999976,0.6968987712112351,0.3288545360520097,0.8406374501992032,0.18203705725462102,0.1276633747511153,0.018921625248884716,1.4259145006115443,1.29,0.7699368932022792,1.7593322792236257,-0.01974990553528817,-0.009600915194633686,-0.01267837615705536,-0.030590825782980224,1,19.6299991607666,20.18000030517578,4.9714991607666
2025-03-03,595.0,575.4227294921875,0.1709725,0.166095,0.166095,-0.004877500000000007,-0.004877500000000007,1,0.21975,0.15146,0.06828999999999999,0.01463250000000002,1.0,0.48650127437943275,0.9641434262948207,0.21483484657177193,0.13857357933903194,0.032398920660968056,1.5503305002042298,1.31,0.8908774424493024,1.1312077321452854,-0.5827495638893513,-0.022504714727004105,-0.03515473127183255,-0.047574953119888796,1,22.780000686645508,22.18000030517578,5.682750686645509
2025-03-04,585.0,568.611572265625,0.18926125000000002,0.17585,0.17515285714285714,-0.013411250000000013,-0.014108392857142882,1,0.22951,0.17097,0.05853999999999998,0.010978749999999982,1.0,0.60472420766844,0.9840637450199203,0.221238723517928,0.1425561361528808,0.04670511384711923,1.5519410773077214,1.28,0.7087122255264432,3.891957057993963,1.953598363465762,-0.029247515972747218,-0.041474174546149656,-0.0588486070934493,1,23.510000228881836,22.780000686645508,4.583875228881833
2025-03-05,590.0,574.722900390625,0.17585,0.167315,0.1700454761904762,-0.008535000000000015,-0.005804523809523815,1,0.22951,0.15146,0.07804999999999998,0.014635000000000009,0.8399499623865468,0.5180306220449175,0.9681274900398407,0.2498852829645069,0.14795890535163367,0.027891094648366338,1.688883020394337,1.14,-0.24513037555950531,1.2371482280098642,-0.46473558413966426,-0.019308956848910874,-0.024608077505468784,-0.048733292425414576,1,21.93000030517578,21.719999313354492,4.34500030517578
2025-03-06,580.0,564.52099609375,0.20930285714285712,0.19048,0.18444428571428573,-0.018822857142857113,-0.024858571428571397,1,0.24762571428571428,0.1793357142857143,0.06828999999999999,0.004177857142857178,1.0,0.7342780363475179,0.9880478087649402,0.2557439777703058,0.15579489922244294,0.053507957920414184,1.6415426887959674,1.07,-0.7317156608082834,2.5946428306117277,0.7033157901205299,-0.02109204121164243,-0.04830662573889366,-0.06561922459356595,1,24.8700008392334,23.700000762939453,3.9397151249476856
2025-03-07,585.0,567.6849975585938,0.1890907142857143,0.17767812500000002,0.170975,-0.011412589285714286,-0.01811571428571432,1,0.23925999999999997,0.15843142857142858,0.08082857142857139,0.009754999999999986,0.8053449817706546,0.6036218232860523,0.9760956175298805,0.21381354892514162,0.15668304751858456,0.03240766676712975,1.3646246502818415,1.15,-0.22805911455262778,2.3853894171190078,0.44593465085522915,-0.030731526954475896,-0.046837314532738206,-0.0603822499503468,1,23.3700008392334,22.59000015258789,4.460929410661969
2025-03-10,568.0,552.564453125,0.234385,0.2072528125,0.20093714285714284,-0.027132187500000016,-0.03344785714285717,1,0.28107571428571426,0.19326857142857146,0.0878071428571428,0.002787142857142849,1.0,0.8964151152482273,0.9960159362549801,0.2520368994287763,0.17683418034369433,0.05755081965630568,1.4252725289812083,0.94,-1.588731746182569,4.953068535717673,2.288906095670275,-0.03972431952307476,-0.07543864809132117,-0.08540939000393388,0,27.860000610351562,25.719999313354492,4.421500610351561
2025-03-11,557.0,547.9708862304688,0.2406542857142857,0.216703125,0.21,-0.023951160714285713,-0.030654285714285717,1,0.27131714285714287,0.2016342857142857,0.06968285714285716,-0.00417857142857142,1.0,0.936941304669031,0.9960159362549801,0.24991336761463426,0.1765284290341722,0.0641258566801135,1.4157117297308315,1.2,0.2454759442209986,1.4747121490613162,-0.38471726017144,-0.036300151178622175,-0.07465446498980188,-0.09301254493792788,0,26.920000076293945,25.34000015258789,2.854571504865376
2025-03-12,558.0,550.8788452148438,0.21487499999999998,0.2017634375,0.1951302380952381,-0.01311156249999998,-0.019744761904761876,1,0.25877,0.17097,0.08779999999999999,-4.999999999977245e-06,0.8093066754023522,0.7702977245862885,0.9800796812749004,0.2272111704758312,0.17549758608406613,0.03937741391593386,1.294668351546405,1.16,0.023173833707067014,1.0060002218367108,-0.7979106804222228,-0.04148791558431908,-0.07601870239252784,-0.0881993652874421,0,24.229999542236328,23.670000076293945,2.742499542236331
2025-03-13,553.0,543.5353393554688,0.22381666666666666,0.21,0.20024,-0.013816666666666672,-0.023576666666666662,1,0.24902,0.188855,0.060164999999999996,-0.004879166666666657,0.875449553176725,0.8280988352048859,0.9840637450199203,0.21749155809474102,0.17775080126583695,0.046065865400829714,1.2235756831805749,1.15,-0.05795688526837692,1.6446115823448832,-0.29334069402408586,-0.0371742714327602,-0.08902877697841727,-0.10035414916007768,0,24.65999984741211,24.059999465942383,2.2783331807454417
2025-03-14,561.0,554.7625122070312,0.19373500000000002,0.18665071428571428,0.18560500000000002,-0.007084285714285737,-0.008129999999999998,1,0.23601,0.15146,0.08454999999999999,-2.7755575615628914e-17,0.6529308577527451,0.6336436170212769,0.9641434262948207,0.28822047302659926,0.1975946663983706,-0.0038596663983705704,1.4586450043419592,1.59,2.578160672215133,1.3576554224652857,-0.5252547975434533,-0.02276347870233919,-0.06720692521628469,-0.08177121859194192,0,21.770000457763672,22.170000076293945,2.3965004577636684
2025-03-17,566.0,559.0403442382812,0.18560500000000002,0.18072500000000002,0.18072500000000002,-0.0048799999999999955,-0.0048799999999999955,1,0.22137666666666667,0.15146,0.06991666666666665,0.0008133333333333326,0.5927920026207059,0.5810893173758869,0.952191235059761,0.2141103078052813,0.1953385752214806,-0.009733575221480578,1.0960984411937928,1.28,0.588394321917237,1.353586278624899,-0.5113385426712076,0.011719702700123458,-0.06983425261753029,-0.0746906599624555,0,20.510000228881836,21.299999237060547,1.9495002288818348
2025-03-18,560.0,552.9981079101562,0.19536,0.18560500000000002,0.18560500000000002,-0.009754999999999986,-0.009754999999999986,1,0.22951,0.16122,0.06828999999999999,5.0000000000050004e-06,0.664951231626,0.6441480127068561,0.9681274900398407,0.22260381361574866,0.19655819053109458,-0.0011981905310945729,1.1325084597811954,0.97,-1.3606215170580798,0.7024737201808361,-1.0571438215535547,0.009174249592474037,-0.07984246973718245,-0.0846916156479457,0,21.700000762939453,21.969999313354492,2.1640007629394518
2025-03-19,566.0,559.0206298828125,0.17950625000000003,0.17585,0.17585,-0.0036562500000000275,-0.0036562500000000275,1,0.20878,0.1417,0.06708,-0.004266250000000027,0.5476786148302356,0.5416655123374708,0.9362549800796812,0.23133949094074052,0.2018825817137558,-0.022376331713755776,1.145911098307386,1.16,-0.17643501746851661,1.3906506377103416,-0.5028055533900226,0.014779628476736084,-0.07254422277909434,-0.07472329066153838,0,19.899999618530273,20.829999923706055,1.9493746185302712
2025-03-20,564.0,557.4041748046875,0.17828750000000002,0.17585,0.17143928571428568,-0.002437500000000009,-0.0068482142857143324,1,0.20756,0.1417,0.06586,-0.003657500000000008,0.5386633344252942,0.5337872155732863,0.9322709163346613,0.1934248280524687,0.20075286516229426,-0.02246536516229425,0.9634972227972867,1.1,-0.6660255098255781,0.5930149393265476,-1.1351601370840934,0.025515977425984104,-0.077398805938666,-0.077398805938666,0,19.799999237060547,20.709999084472656,1.971249237060544
2025-03-21,572.0,557.5880126953125,0.16426687499999998,0.16122,0.16586285714285712,-0.0030468749999999767,0.0015959821428571386,0,0.19048,0.14780000000000001,0.042679999999999996,0.004873125000000034,0.4349506240027052,0.4431544815676714,0.8764940239043825,0.1369628760647746,0.20126310339017145,-0.03699622839017147,0.6805165664133503,1.03,-1.0625754824488494,1.5698826415938838,-0.23801709322531278,0.005093171268982122,-0.07323876479068514,-0.07709452214412182,0,19.280000686645508,20.350000381469727,2.8533131866455115
2025-03-24,580.0,567.5736694335938,0.14414375000000001,0.15146,0.15243600000000002,0.007316249999999996,0.008292250000000001,0,0.17341,0.1343875,0.039022500000000016,0.009754999999999986,0.2860967864653234,0.3130737016105203,0.7410358565737052,0.17979003169472282,0.20781274034511676,-0.06366899034511675,0.8651540391418913,1.23,0.31488350666250015,4.713667147858626,2.1438024728133125,0.01526423858896897,-0.04022564865162781,-0.06056651742752095,1,17.479999542236328,19.040000915527344,3.0656245422363266
2025-03-25,585.0,568.9379272460938,0.1417,0.1444885714285714,0.14658,0.002788571428571418,0.0048799999999999955,0,0.17097,0.13195,0.03902,0.009760000000000019,0.2680199934482358,0.2972767065602837,0.6972111553784861,0.13403218170264508,0.20811191873617707,-0.06641191873617708,0.6440389503714937,1.12,-0.41903945788978586,0.8762997690463108,-0.7814975408503205,0.028824365052849688,-0.03352072660244465,-0.05830843264144803,1,17.149999618530273,19.049999237060547,2.9799996185302735
2025-03-26,576.0,562.1458129882812,0.15146,0.15773428571428572,0.15926800000000002,0.0062742857142857045,0.007808000000000009,0,0.18073,0.1417,0.03903000000000001,0.009754999999999986,0.34021620821929405,0.3603677231087472,0.7928286852589641,0.17159036024459617,0.21094508829164552,-0.059485088291645505,0.8134361488775751,1.04,-0.9288302405423805,1.329908846702336,-0.42787702396621896,0.005590461135797309,-0.040286074077701794,-0.06955056717812336,0,18.329999923706055,19.84000015258789,3.183999923706054
2025-03-27,575.0,560.6529541015625,0.15146,0.16122,0.15878,0.009759999999999991,0.007319999999999993,0,0.19048000000000004,0.1417,0.048780000000000046,0.014630000000000004,0.34021620821929405,0.3603677231087472,0.7928286852589641,0.1712498402977923,0.21076433645622053,-0.05930433645622052,0.8125181099287351,1.21,0.27242978466015577,0.8298896697108843,-0.7961662647218757,0.005828408619317216,-0.043317518703540614,-0.07202150918700667,0,18.690000534057617,19.889999389648438,3.5440005340576164
2025-03-28,562.0,549.3623657226562,0.183653,0.1817707142857143,0.18072500000000002,-0.0018822857142856975,-0.002927999999999986,1,0.21975,0.157316,0.06243399999999999,0.0048799999999999955,0.5783527596664942,0.5684711140661941,0.9402390438247012,0.23029540721301828,0.2147959039623724,-0.031142903962372376,1.0721592123719503,1.1,-0.43575742165270603,2.173232940387013,0.2462075055216092,-0.01475219478427181,-0.04737787294735041,-0.09070940352092316,0,21.649999618530273,22.010000228881836,3.284699618530272
2025-03-31,559.0,553.0501098632812,0.19048500000000002,0.18560500000000002,0.18072500000000002,-0.0048799999999999955,-0.009759999999999991,1,0.21975,0.15146,0.06828999999999999,-0.0048799999999999955,0.6129297137629646,0.6126348256501185,0.9561752988047809,0.17413529787259155,0.20765664288538851,-0.0171716428853885,0.8385732113019937,1.37,1.4168512868403929,2.610806288889035,0.5330908846081717,-0.025588853663360056,-0.05571921433503624,-0.08460554333952874,0,22.280000686645508,21.969999313354492,3.231500686645507
2025-04-01,562.0,554.6121826171875,0.1880425,0.18096214285714285,0.17585,-0.007080357142857152,-0.012192499999999995,1,0.21975,0.15634,0.06341,2.500000000016378e-06,0.5918923111872033,0.5968459109042555,0.9442231075697212,0.1753086006715451,0.20110461437943114,-0.013062114379431139,0.8717283848136086,1.18,0.14380817430533346,1.0428161925671293,-0.6267814160632933,-0.025179802475551405,-0.03616566709724067,-0.08202004030042875,0,21.770000457763672,21.81999969482422,2.965750457763672
2025-04-02,570.0,558.1219482421875,0.17585,0.17097,0.1663661111111111,-0.0048799999999999955,-0.009483888888888903,1,0.19048,0.17097,0.01951,0.004875000000000018,0.49731553664334044,0.5180306220449175,0.9123505976095617,0.1780374956462576,0.19940935192351944,-0.023559351923519434,0.8928242027211507,1.28,0.7829742512771707,1.7956345057774936,-0.02042137904177052,-0.007158044502196814,-0.01844778498200761,-0.07621076562530626,0,21.510000228881836,21.450000762939453,3.925000228881835
2025-04-03,539.0,530.6173095703125,0.2573807142857143,0.23368857142857144,0.22463,-0.023692142857142856,-0.0327507142857143,1,0.29640571428571433,0.21835714285714286,0.07804857142857147,7.142857142983239e-07,1.0,1.0,1.0,0.3931921254941232,0.2586238665102561,-0.0012431522245417992,1.520324209825123,1.54,2.1189092086655683,9.713571769699522,3.54305600094433,-0.05357261441595651,-0.07674235843105437,-0.12173574306163237,0,30.020000457763672,27.3799991607666,4.281929029192241
2025-04-04,506.0,499.5533447265625,0.3800257142857143,0.3282278571428572,0.30186166666666675,-0.05179785714285712,-0.07816404761904755,1,0.45807571428571425,0.3117357142857143,0.14633999999999997,0.0048799999999999955,1.0,1.0,1.0,0.5312081603837199,0.32180126799652253,0.05822444628919177,1.6507335837764947,1.63,2.1690463122676285,59.617144911164246,4.1914737216401825,-0.09066696975241961,-0.1150845616314301,-0.17315202652805117,0,45.310001373291016,36.709999084472656,7.307429944719587
2025-04-07,508.0,498.66357421875,0.3890828571428571,0.3286916666666667,0.3043016666666667,-0.060391190476190404,-0.08478119047619043,1,0.4594642857142857,0.33543,0.12403428571428571,0.008364285714285769,1.0,1.0,1.0,0.5082951300511526,0.3195126445244324,0.06957021261842472,1.5908451160288413,1.47,1.2173423286196754,4.051905727140793,-0.07221327937261493,-0.09833925475211658,-0.12158401866647828,-0.17462475201173822,0,46.97999954223633,36.880001068115234,8.071713827950617
2025-04-08,497.0,490.85308837890625,0.42880142857142856,0.3665504761904762,0.33004722222222227,-0.06225095238095235,-0.09875420634920629,1,0.5277557142857143,0.3410014285714286,0.1867542857142857,0.005577142857142947,1.0,1.0,1.0,0.46974656880693205,0.31259218798940885,0.1162092405820197,1.5027457078449058,1.55,1.4568214627406155,2.0624730010187298,-0.22736164626453848,-0.11496158259165035,-0.11168174933636843,-0.18755246925491087,0,52.33000183105469,41.5,9.44985897391183
2025-04-09,543.0,542.4021606445312,0.26853,0.24971642857142856,0.23980722222222223,-0.01881357142857143,-0.028722777777777764,1,0.35633,0.19048,0.16584999999999997,0.004875000000000018,0.44176025396699026,0.5188334316195786,0.9880478087649402,1.011960351168552,0.48046075327806625,-0.21193075327806626,2.1062289568173758,1.18,-0.39505718346776003,3.1200216709555155,-0.15453731638937176,-0.0281655069240081,-0.010162447907123617,-0.10222975770241083,0,33.619998931884766,29.920000076293945,6.766998931884768
2025-04-10,527.0,518.6345825195312,0.34866785714285714,0.3126647619047619,0.29292,-0.03600309523809525,-0.05574785714285713,1,0.41208285714285714,0.28525285714285714,0.12683,0.0,0.7208875907469238,0.759423149091299,0.9880478087649402,0.9966777074678171,0.5036539769370216,-0.1549861197941645,1.9788937506840032,1.38,0.5475378246430556,1.374270132339904,-0.2878010103561241,-0.022582616199393724,-0.05853240322332065,-0.14156924769771728,0,40.720001220703125,35.709999084472656,5.853215506417413
2025-04-11,535.0,527.888427734375,0.31940142857142856,0.2926876190476191,0.2755788888888889,-0.026713809523809473,-0.043822539682539685,1,0.3897828571428571,0.2559842857142857,0.13379857142857138,0.0034821428571428226,0.618949997760871,0.6715595346593042,0.9840637450199203,0.8671890603481768,0.5069613736342361,-0.18755994506280754,1.7105623928142477,1.19,-0.32552371059950586,1.102429712537707,-0.3076445454819014,0.056720835336058206,-0.028787294014126275,-0.12625251877679533,0,37.560001373291016,33.90999984741211,5.61985851614816
2025-04-14,539.0,533.009765625,0.2664385714285714,0.24739166666666668,0.24061916666666666,-0.019046904761904737,-0.025819404761904752,1,0.32009857142857145,0.20302857142857142,0.11707000000000004,-0.004874999999999963,0.43447562086072117,0.5125545488661342,0.9760956175298805,0.8603135173224021,0.5024632097689982,-0.23602463834042675,1.7121920582363068,1.29,0.20973230656060815,1.6698622127357168,-0.2652997580514417,0.06887647941813224,-0.03921091656949116,-0.11777581073143883,0,30.889999389648438,29.6299991607666,4.2461422467912975
2025-04-15,538.0,531.5169067382812,0.2545914285714286,0.24204857142857142,0.239265,-0.012542857142857161,-0.015326428571428574,1,0.30755,0.2016342857142857,0.10591571428571428,7.142857142428127e-07,0.39321096078538703,0.47698707982630145,0.9681274900398407,0.8372691858296863,0.501254027099021,-0.24666259852759242,1.6703490457230514,1.35,0.45764452567932545,1.0308719429314803,-0.3158794314123639,0.08284315474854509,-0.04923336532625744,-0.12024675274032204,0,30.1200008392334,29.0,4.6608579820905405
2025-04-16,527.0,519.7022705078125,0.288045,0.26969190476190474,0.25877,-0.01835309523809525,-0.029274999999999995,1,0.32707,0.23926,0.08781000000000003,-0.0048799999999999955,0.509732747510835,0.5774213263282046,0.9800796812749004,0.4017056506944668,0.5053217143226243,-0.2172767143226243,0.7949503045459798,1.37,0.5138985709348944,1.7061687137024448,-0.2651928111170787,-0.04185066318641628,-0.06020967689776113,-0.1398020377315946,0,32.63999938964844,30.940000534057617,3.8354993896484366
2025-04-17,528.0,520.44384765625,0.26295785714285713,0.24692761904761903,0.24468222222222222,-0.016030238095238097,-0.018275634920634914,1,0.29780000000000006,0.21975,0.07805000000000006,-0.004182857142857099,0.42235198113160605,0.5021047552672492,0.9681274900398407,0.2405870873154431,0.5031335117702672,-0.24017565462741008,0.47817742544904485,1.34,0.28062174696193315,1.4059440103025496,-0.2917567817651053,0.003488516187889701,-0.06900779714453353,-0.13857459812212858,0,29.649999618530273,29.350000381469727,3.35421390424456
2025-04-21,515.0,508.055908203125,0.3005857142857143,0.278285,0.26853,-0.022300714285714285,-0.0320557142857143,1,0.3396085714285714,0.2615585714285714,0.07805000000000001,-2.1428571428949716e-06,0.5534131790158779,0.6150710341500027,0.9800796812749004,0.23752040750382458,0.5081948090829292,-0.20760909479721495,0.46738062502536315,1.19,-0.6918386311625854,5.878730905128022,0.036582853219496086,-0.037569528880124325,-0.0885322873996306,-0.1590788000065464,0,33.81999969482422,31.829999923706055,3.761428266252789
2025-04-22,529.0,521.2743530273438,0.2699242857142857,0.253407,0.249015,-0.016517285714285734,-0.02090928571428574,1,0.30894428571428567,0.23090285714285713,0.07804142857142854,-7.14285714353835e-07,0.4466166760378364,0.5230193534552083,0.9721115537848606,0.32301232969224614,0.5186596281646245,-0.2487353424503388,0.6227828659718254,1.13,-1.0118517328217234,1.2256406035581848,-0.30868711954299716,-0.02201725625776385,-0.06512632775664051,-0.13719996678336266,0,30.56999969482422,29.450000762939453,3.5775711233956464
2025-04-23,537.0,529.3517456054688,0.253895,0.24316500000000002,0.239265,-0.010729999999999962,-0.014629999999999976,1,0.28804,0.21975,0.06829000000000002,0.0,0.39078523767110673,0.47489626333565643,0.9482071713147411,0.3532314397387412,0.5175151220240025,-0.26362012202400253,0.6825528853287465,1.29,-0.08844328552141519,4.115880749277401,-0.09869970851057859,-0.0040735508228689765,-0.06734266560721236,-0.12383047230461841,0,28.450000762939453,28.020000457763672,3.060500762939455
2025-04-24,549.0,540.4940795898438,0.22880857142857147,0.21975,0.22463,-0.009058571428571471,-0.004178571428571476,1,0.2671357142857143,0.20024000000000003,0.06689571428571428,0.004879285714285697,0.30340695921302097,0.39958183670187114,0.9322709163346613,0.3179557961328091,0.5239796012144032,-0.29517102978583176,0.6068094929571641,1.26,-0.37629631407862374,1.4593775072163444,-0.30457488913544456,0.040007154599719374,-0.04999464140830012,-0.1053879648687589,0,26.469999313354492,26.440000534057617,3.5891421704973467
2025-04-25,552.0,544.3992309570312,0.21975,0.21292299999999997,0.2126226923076923,-0.0068270000000000275,-0.0071273076923077106,1,0.2559842857142857,0.18073,0.07525428571428572,-0.0013928571428571401,0.27185514327937865,0.37238621133329763,0.9163346613545816,0.3132186538329339,0.5237853095418359,-0.3040353095418359,0.5979905280407953,1.13,-1.2048642414746717,1.4184534227263816,-0.31025989418194405,0.046028756817207306,-0.03156935731124966,-0.0989242577829269,0,24.84000015258789,25.3700008392334,2.865000152587889
2025-04-28,551.0,544.6068115234375,0.22463,0.21633899999999998,0.21637653846153845,-0.00829100000000002,-0.008253461538461543,1,0.2615585714285714,0.18073,0.08082857142857142,-0.0034857142857142864,0.2888526205273398,0.3870369377580014,0.9282868525896414,0.16203610729684154,0.5238084340701601,-0.2991784340701601,0.30934230294416765,1.13,-1.2319261118105727,0.9663638379186663,-0.34007289089967147,0.07194267939838461,-0.028620454883429125,-0.09858067571611251,0,25.149999618530273,25.729999542236328,2.6869996185302725
2025-04-29,555.0,548.0375366210938,0.21,0.210971,0.209995,0.0009709999999999996,-5.0000000000050004e-06,1,0.24902,0.17236428571428572,0.07665571428571427,0.0006921428571428634,0.23789501967945625,0.34311478046426847,0.9043824701195219,0.12808627453226146,0.5197689874151381,-0.30976898741513814,0.24642923612900994,1.12,-1.1727468271726054,0.9166719779852923,-0.33673015761147823,0.051341838397229056,-0.0024115760092516814,-0.09290222690883021,0,24.170000076293945,25.219999313354492,3.1700000762939453
2025-04-30,557.0,548.2550048828125,0.21487499999999998,0.21536299999999997,0.21975,0.00048799999999998844,0.004875000000000018,0,0.24902,0.19048,0.05853999999999998,0.004875000000000018,0.2548750814794174,0.357750495898783,0.9083665338645418,0.13263820107878083,0.5191876331074377,-0.30431263310743767,0.255472574115288,1.29,-0.10271114254364253,1.0859882632762927,-0.32385956404317845,0.035710204857683614,-0.008670290259329527,-0.09254227898055634,0,24.700000762939453,25.540000915527344,3.212500762939456
2025-05-01,558.0,552.1404418945312,0.21487499999999998,0.209995,0.21449961538461537,-0.0048799999999999955,-0.00037538461538461076,1,0.25877,0.17097,0.08779999999999999,-4.999999999977245e-06,0.2548750814794174,0.357750495898783,0.9083665338645418,0.0564261683945609,0.519728258499421,-0.30485325849942096,0.1085685980544461,1.13,-1.0776971608045975,4.313429880676273,-0.08484750851593721,0.0215476223412574,-0.004456701096957949,-0.08611120259380722,0,24.600000381469727,25.489999771118164,3.1125003814697294
2025-05-02,568.0,560.3365478515625,0.19048,0.19102694444444446,0.20024,0.0005469444444444471,0.009759999999999991,0,0.22951,0.16122,0.06828999999999999,0.0048850000000000005,0.16990511068761172,0.2845118747654533,0.8725099601593626,0.09398643317186268,0.5218758149043541,-0.3313958149043541,0.18009348294687288,1.31,0.16183012861642937,2.4637020795254982,-0.2001298442202788,0.029275054019665125,0.0039679493278304,-0.07254521675371217,0,22.68000030517578,24.0,3.6320003051757794
2025-05-05,564.0,557.1234130859375,0.20233142857142855,0.20132333333333333,0.20609100000000002,-0.0010080952380952246,0.003759571428571473,0,0.23925999999999997,0.16122,0.07803999999999997,-0.0020914285714285774,0.21118469828980296,0.3200922103683053,0.8884462151394422,0.1220363236406758,0.48905549485073485,-0.2867240662793063,0.24953471523292595,1.17,-0.7625485441324559,0.9551155971842396,-0.8170054631974638,0.022982822281431003,0.049953333669211286,-0.07786351558504823,0,23.639999389648438,24.549999237060547,3.406856532505582
2025-05-06,559.0,552.4666748046875,0.21,0.209995,0.21259766666666668,-5.0000000000050004e-06,0.0025976666666666925,0,0.24902,0.17236428571428572,0.07665571428571427,0.0006921428571428634,0.23789501967945625,0.34311478046426847,0.896414342629482,0.15012106773729383,0.4353753315906758,-0.22537533159067583,0.34480839139143565,1.16,-0.7688286814230638,1.045607903726498,-0.6749617532230642,0.008081815364147316,0.1059212807534855,-0.08557123018947832,0,24.760000228881836,25.40999984741211,3.760000228881836
2025-05-07,562.0,554.7901611328125,0.20512,0.20349166666666668,0.20999500000000001,-0.001628333333333315,0.004875000000000018,0,0.23926,0.17097,0.06828999999999999,-5.0000000000050004e-06,0.19347992932898592,0.3284640540395647,0.8844621513944223,0.15060971909627957,0.43472944988162265,-0.22960944988162266,0.34644471207849104,1.12,-1.1433398651023259,0.8811621319499504,-0.7408322202591715,0.011919920824793762,0.1125540140003114,-0.08172545479415683,0,23.549999237060547,24.700000762939453,3.0379992370605464
2025-05-08,565.0,558.6558227539062,0.19605714285714287,0.19427861111111114,0.20024,-0.0017785317460317362,0.004182857142857127,0,0.22951,0.16122,0.06828999999999999,-0.0006921428571428634,0.16080231174570803,0.301255562107972,0.8764940239043825,0.15037971218046878,0.4280627449636437,-0.23200560210650084,0.35130296656215865,1.03,-1.8413157254417385,2.3630339986812916,0.3634066792982148,0.011800223937625587,0.13813243917630347,-0.07532711013032678,0,22.479999542236328,23.760000228881836,2.8742852565220396
2025-05-09,565.0,557.9440307617188,0.19187428571428572,0.19482055555555555,0.20024,0.002946269841269833,0.008365714285714282,0,0.22253857142857142,0.16122,0.06131857142857142,4.999999999977245e-06,0.06334925959811596,0.28869779660108297,0.8605577689243028,0.10266904063030659,0.2591709445147965,-0.06729665880051078,0.3961441002675554,0.92,-2.391426126586073,1.5758772826885286,-0.22346872359300507,-0.004269785897452416,0.028653776192040237,-0.0765052501077419,0,21.899999618530273,23.3799991607666,2.712571047101701
2025-05-12,583.0,576.3826293945312,0.1598257142857143,0.1574213888888889,0.16446833333333333,-0.002404325396825391,0.004642619047619034,0,0.18769428571428573,0.13195,0.05574428571428572,-3.5714285714361083e-06,0.0,0.19248163834235782,0.7211155378486056,0.2464400624051468,0.221320342605432,-0.06149462831971772,1.1134993715625048,1.13,-0.5414582595970927,20.38975007361381,4.039950403864269,0.03456903058860128,0.1113463097552414,-0.04598615124844252,1,18.389999389648438,20.219999313354492,2.4074279610770084
2025-05-13,587.0,580.1890258789062,0.15146,0.15796333333333334,0.16479366666666667,0.006503333333333333,0.01333366666666666,0,0.18073,0.13195,0.04877999999999999,0.0048799999999999955,0.0,0.1673661073285799,0.6892430278884463,0.20825964768328276,0.2166109654884888,-0.06515096548848878,0.9614455446132535,1.12,-0.5604014121539734,3.581721956895166,0.1481988197088207,0.05017922770458405,0.0990750988215412,-0.039685900729533485,1,18.219999313354492,20.09000015258789,3.0739993133544914
2025-05-14,588.0,580.9304809570312,0.16122,0.1585052777777778,0.165119,-0.0027147222222222156,0.003898999999999986,0,0.18073,0.1417,0.03903000000000001,-5.0000000000050004e-06,0.035191280474299313,0.19666756017798748,0.749003984063745,0.21414982202012584,0.21604156004593889,-0.05482156004593888,0.9912436383748997,1.02,-1.300893041941219,0.510974229392109,-0.5521044308592813,0.04711748991878917,0.08990588620049023,-0.038458663167739826,1,18.6200008392334,20.579999923706055,2.4980008392333986
2025-05-15,590.0,583.7679443359375,0.15146,0.15525166666666668,0.161215,0.0037916666666666654,0.009754999999999986,0,0.18073,0.13195,0.04877999999999999,0.0048799999999999955,0.0,0.1673661073285799,0.6852589641434262,0.21602624575138024,0.21458210470673197,-0.06312210470673196,1.006730016217438,1.19,0.299188365100548,0.9104799858183202,-0.4495594131070962,0.044950970811045154,0.09830550436918584,-0.029725372765489255,1,17.829999923706055,20.25,2.683999923706054
2025-05-16,600.0,587.465576171875,0.1417014285714286,0.14983416666666666,0.16056466666666666,0.008132738095238068,0.018863238095238072,0,0.17375857142857143,0.1291614285714286,0.044597142857142835,0.009758571428571422,0.0,0.1380689433335121,0.5856573705179283,0.19985485642287198,0.19090242593418,-0.04920099736275141,1.0468953207110037,1.03,-1.1563301888357285,1.4617440851630228,-0.3240035034457011,0.05291130253665899,0.13038870428226046,-0.006588179341487588,1,17.239999771118164,20.079999923706055,3.069856913975306
2025-05-19,600.0,588.108154296875,0.15145999999999998,0.156335,0.16121500000000002,0.004875000000000018,0.009755000000000041,0,0.19048,0.13195,0.05853,0.009755000000000014,0.033990147783251115,0.16736610732857982,0.6653386454183267,0.04247999358785194,0.19100272332115548,-0.03954272332115549,0.22240517228869716,1.05,-0.8680779961407475,1.4513831048177015,-0.2787463160895486,0.020343300273745202,0.13001269386763292,-0.000955439207056985,1,18.139999389648438,20.690000534057617,2.9939993896484385
2025-05-20,595.0,586.130859375,0.15215714285714285,0.1567103846153846,0.16330642857142855,0.004553241758241761,0.011149285714285695,0,0.19048,0.13195,0.05853,0.009057857142857145,0.03641837090112945,0.16945906824639467,0.6852589641434262,0.05993194070652351,0.16129276315608707,-0.009135620298944214,0.371572409907355,0.91,-1.9275108862997663,0.7829901909634374,-0.4275861710359328,0.010241202834011975,0.1536739360988988,-0.003362128049795521,1,18.09000015258789,20.719999313354492,2.874285866873606
2025-05-21,585.0,576.2540893554688,0.170975,0.17585,0.18072500000000002,0.004875000000000018,0.009750000000000036,0,0.21975,0.1417,0.07805000000000001,0.009750000000000009,0.14144115850396705,0.22595400203720578,0.7928286852589641,0.14889278110794013,0.16604298901788547,0.004932010982114515,0.8967122429475297,1.09,-0.2427297135137092,1.4152428822971705,-0.2505792385182425,-0.008049829979412615,0.10547178469231344,-0.020156266929470812,1,20.8700008392334,22.65999984741211,3.7725008392333983
2025-05-22,585.0,576.4815063476562,0.17097500000000002,0.170975,0.18072500000000002,-2.7755575615628914e-17,0.009750000000000009,0,0.21139285714285713,0.1417,0.06969285714285714,0.005571428571428533,0.14144115850396718,0.22595400203720586,0.7928286852589641,0.13970866141941224,0.16205289912058313,0.008922100879416889,0.8621176305858953,1.09,-0.17089277329316102,0.8979245600648036,-0.36311126630662766,-0.012481737065179077,0.08903297501792662,-0.019769574463933792,1,20.280000686645508,22.31999969482422,3.1825006866455077
2025-05-23,580.0,572.5465087890625,0.18560500000000002,0.18560500000000002,0.19048500000000002,0.0,0.0048799999999999955,0,0.23925999999999997,0.1486714285714286,0.09058857142857138,0.008360714285714277,0.24706568052094224,0.2698761593309388,0.8366533864541833,0.11667307708015917,0.15413705515508866,0.03146794484491136,0.7569437275336925,1.31,1.7745534609888856,1.8412493590991112,-0.1501767516957729,-0.025395645273430634,0.05930209119689511,-0.0264605164783297,1,22.290000915527344,23.799999237060547,3.7295009155273426
2025-05-27,595.0,584.4501342773438,0.15215714285714285,0.15934,0.166095,0.0071828571428571575,0.01393785714285714,0,0.1988457142857143,0.13195,0.06689571428571428,0.0132407142857143,0.06580710130463306,0.16945906824639467,0.6733067729083665,0.21922729322475706,0.1655542031401606,-0.013397060283017737,1.3242025213890587,1.2,0.7258518207307627,1.0390095836864524,-0.3366779357515375,-0.006219978405000437,0.07356899319990706,-0.006219978405000437,1,18.959999084472656,21.290000915527344,3.744284798758372
2025-05-28,590.0,581.06884765625,0.161215,0.16459346153846155,0.17480535714285717,0.0033784615384615524,0.013590357142857168,0,0.20024,0.13195,0.06828999999999999,0.0048799999999999955,0.12281624542569153,0.1966525491877982,0.7091633466135459,0.22138101407304908,0.16832811640550863,-0.007113116405508629,1.315175496526879,0.95,-1.3737226630918353,0.5873470512943576,-0.43666775483433573,-0.008636316682161582,0.06695112026016825,-0.011969408329393083,1,19.309999465942383,21.670000076293945,3.1884994659423818
2025-05-29,595.0,583.3626098632812,0.15146,0.16008884615384616,0.17027785714285715,0.008628846153846154,0.018817857142857136,0,0.20024000000000003,0.12869666666666668,0.07154333333333335,0.013008333333333344,0.061419361799692464,0.1673661073285799,0.6613545816733067,0.17563152366757664,0.16796349121728035,-0.01650349121728034,1.0456529713375438,0.91,-1.5495232920073765,1.6689940060295303,-0.19389565357601787,0.012335739804923973,0.06445739731621858,-0.008069169588827418,1,19.18000030517578,21.6200008392334,4.0340003051757805
2025-05-30,595.0,582.7100219726562,0.14658500000000002,0.15971423076923075,0.16574642857142857,0.013129230769230726,0.01916142857142855,0,0.19048,0.12219,0.06829000000000002,0.009749999999999981,0.030736654708278282,0.15273039189406537,0.6294820717131474,0.17707172524654993,0.1683383386370142,-0.021753338637014175,1.0518799619875507,1.12,0.24295351386313668,1.4665116217346668,-0.20857437299312012,0.0108043632907866,0.06284487470790778,-0.009178808837759789,1,18.56999969482422,21.3799991607666,3.911499694824217
2025-06-02,595.0,585.9924926757812,0.149835,0.16154033333333334,0.1665597619047619,0.011705333333333345,0.01672476190476191,0,0.19048,0.12219,0.06829000000000002,0.006500000000000006,0.05119179276922095,0.162487535517075,0.6334661354581673,0.1582797695959125,0.16796253299810546,-0.01812753299810546,0.9423516469455592,1.1,0.18004998728243102,0.9567285562297516,-0.3086674531166171,0.023484526899233193,0.06131058008555801,-0.0035974022900994163,1,18.360000610351562,21.09000015258789,3.376500610351563
2025-06-03,600.0,589.3341064453125,0.14658500000000002,0.15276066666666666,0.16191214285714287,0.006175666666666635,0.015327142857142845,0,0.19048,0.12219,0.06829000000000002,0.009749999999999981,0.03808659031151123,0.15273039189406537,0.6254980079681275,0.07956177494610027,0.1627269478232398,-0.01614194782323977,0.4889280848094275,1.15,0.668383904762673,2.148800953643692,-0.04645833082116366,0.008356525016471439,0.05175025385178289,0.0,1,17.690000534057617,20.719999313354492,3.0315005340576153
2025-06-04,600.0,589.1759643554688,0.14658500000000002,0.153411,0.16214452380952382,0.006825999999999971,0.015559523809523801,0,0.18194875,0.12219,0.05975875,0.005484374999999986,0.04352808602479138,0.15273039189406537,0.6254980079681275,0.05164611865649125,0.160356747342251,-0.013771747342250978,0.3220701312072789,1.04,-0.3290304560514805,1.1686305474010397,-0.2756630114689399,0.013952075957812893,0.05753222807849778,-0.0002683402981673577,1,17.610000610351562,20.65999984741211,2.9515006103515606
2025-06-05,595.0,586.3285522460938,0.15145999999999998,0.161215,0.16725690476190475,0.009755000000000014,0.015796904761904762,0,0.19048,0.12219,0.06829000000000002,0.004875000000000018,0.11202952029520252,0.16736610732857982,0.6374501992031872,0.07254631587333321,0.15772285966147187,-0.006262859661471887,0.4599606932631252,1.11,0.35394425213169384,1.3813320357225047,-0.23245895050822837,0.005084217487829168,0.061292162922546245,-0.005099915593460791,1,18.479999542236328,21.110000610351562,3.333999542236329
2025-06-06,600.0,592.3495483398438,0.138655,0.15145999999999998,0.161215,0.012804999999999983,0.022559999999999997,0,0.17463,0.11609625,0.05853375000000001,0.006708125000000009,0.0,0.12892296145392163,0.5099601593625498,0.09323138564304637,0.1597444411510233,-0.02108944115102329,0.5836283564628386,1.33,2.0587113543139486,1.4115254367622572,-0.21408430420108632,0.016542578647531503,0.0677001681686995,0.0,1,16.770000457763672,20.020000457763672,2.904500457763671
2025-06-09,600.0,592.8834228515625,0.14414500000000002,0.149185,0.161215,0.005039999999999989,0.017069999999999974,0,0.17829,0.11975249999999998,0.05853750000000002,0.004876249999999971,0.06385577202675223,0.14540502868171348,0.5697211155378487,0.09178831216861791,0.15929255534946266,-0.015147555349462632,0.5762247455146217,0.99,-0.9028242015154714,0.7274503551932076,-0.36224150695021656,0.01175941716303508,0.06126777651565596,0.0,1,17.15999984741211,20.09000015258789,2.7454998474121073
2025-06-10,602.0,596.2449340820312,0.141095625,0.15243500000000001,0.1586588095238095,0.011339375000000013,0.017563184523809505,0,0.17951,0.11244,0.06707,0.004879374999999991,0.032020795066911606,0.1362502010400472,0.5099601593625498,0.09171381077171036,0.15884955647206467,-0.017753931472064666,0.5773627122958896,0.99,-0.8273638486927399,1.342218327222745,0.006813464002617428,0.011726502099806746,0.0686464971549623,0.0,1,16.950000762939453,19.940000534057617,2.8404382629394522
2025-06-11,601.0,594.5443725585938,0.14170500000000003,0.1547133333333333,0.161215,0.013008333333333288,0.019509999999999972,0,0.18073,0.11244,0.06829,0.004879999999999968,0.040015743899239384,0.13807966546936157,0.549800796812749,0.09796285748711252,0.11867536297880954,0.023029637021190486,0.8254692046284668,0.86,-1.6970149398050935,1.4036007126513736,0.4127287901229974,0.009111723029974206,0.03150987250108628,-0.0028521190306726174,1,17.260000228881836,20.299999237060547,3.0895002288818336
2025-06-12,603.0,596.9072875976562,0.14658500000000002,0.15145999999999998,0.161215,0.004874999999999963,0.014629999999999976,0,0.18212285714285717,0.11244000000000001,0.06968285714285716,0.0006964285714285701,0.1040409341380218,0.15273039189406537,0.6215139442231076,0.07821182146410609,0.11759866332515671,0.028986336674843308,0.6650740684683871,1.31,1.6556033680534799,0.6430496098442907,-1.434513467752819,0.018042333621717255,0.028815198104487072,0.0,1,18.020000457763672,20.649999618530273,3.36150045776367
2025-06-13,597.0,590.23388671875,0.161215,0.17480535714285717,0.17886785714285716,0.013590357142857168,0.017652857142857165,0,0.21,0.13195,0.07804999999999998,0.009759999999999991,0.31620996565982196,0.1966525491877982,0.7091633466135459,0.1066402088753393,0.12543654815025865,0.03577845184974135,0.8501526106059337,1.3,1.469776811900358,1.267362540443795,0.03501708785233682,-0.00357164384951969,0.016014662798192747,-0.011179962144145295,1,20.81999969482422,22.6200008392334,4.698499694824218
2025-06-16,602.0,595.8494262695312,0.15006714285714284,0.161215,0.16865119047619045,0.011147857142857154,0.01858404761904761,0,0.18769428571428573,0.12219,0.06550428571428574,0.004875000000000018,0.15995714986534226,0.16318447434728994,0.6254980079681275,0.12968188732132552,0.12831464419584884,0.021752498661294,1.0106553942774437,1.45,2.08572529109648,1.338253670033387,0.22630007413489875,0.005002675574404369,0.020695692613504235,-0.0017722372470647674,1,19.110000610351562,21.229999542236328,4.103286324637278
2025-06-17,596.0,590.7578735351562,0.17167142857142856,0.18072500000000005,0.18072500000000002,0.009053571428571494,0.009053571428571466,0,0.21975,0.13195,0.08779999999999999,0.004178571428571448,0.4627714425878276,0.22804481852785072,0.7888446215139442,0.1366751644162571,0.13085597360609338,0.040815454965335174,1.0444701961232647,1.2,0.490810139182235,0.6219975192159504,-1.378331429845593,-0.009202695458239485,0.005604238778950998,-0.010302125958704944,1,21.600000381469727,22.90999984741211,4.43285752432687
2025-06-18,596.0,590.6688232421875,0.161215,0.17167142857142859,0.17585,0.010456428571428589,0.014635000000000009,0,0.20024,0.13195,0.06828999999999999,0.0048799999999999955,0.3394267659670503,0.1966525491877982,0.7051792828685259,0.13676871691289078,0.13082785480727477,0.03038714519272523,1.0454097647199643,0.79,-1.8856234631596127,0.6623428950074759,-1.247746726460299,-0.006518519887301233,0.004354078287477581,-0.010451312096684928,1,20.139999389648438,21.969999313354492,4.0184993896484364
2025-06-20,600.0,589.2816772460938,0.15773428571428572,0.16748785714285713,0.17097,0.009753571428571417,0.013235714285714295,0,0.20023999999999997,0.1417,0.05853999999999998,0.013235714285714267,0.33237932879558996,0.18620275558891333,0.6733067729083665,0.12852515156109567,0.13052491002886688,0.02720937568541884,0.9846791047982417,1.02,-0.5250296369690394,0.8715631981887111,-0.6940501232887651,-0.012775200621612304,0.005375621878113579,-0.012775200621612304,1,20.6200008392334,22.479999542236328,4.846572267804827
2025-06-23,605.0,595.1021728515625,0.15146,0.16122,0.16520772727272726,0.009759999999999991,0.013747727272727245,0,0.19048,0.13195,0.05853,0.009754999999999986,0.24060826499523552,0.1673661073285799,0.6454183266932271,0.12599307048997344,0.11836693391673438,0.033093066083265635,1.0644279303424695,1.38,1.3883080337403666,1.12381077161022,-0.13944359588901423,0.0082480627465773,0.03270793881423906,-0.0030241124268372,1,19.829999923706055,21.81999969482422,4.683999923706054
2025-06-24,610.0,601.6764526367188,0.14030714285714285,0.14727714285714286,0.15145999999999998,0.006970000000000004,0.011152857142857131,0,0.16957714285714287,0.12219,0.04738714285714288,0.005576428571428593,0.03518941122774976,0.13388302149788237,0.47410358565737054,0.132237939728026,0.12269187163137484,0.017615271225768017,1.0778052202621224,1.31,1.0064551364443932,6.663150723097438,4.041420399029278,0.009779360540244308,0.043704691324249145,0.0,1,17.479999542236328,20.049999237060547,3.4492852565220424
2025-06-25,610.0,602.0135498046875,0.13195,0.14797428571428572,0.15145999999999998,0.016024285714285713,0.019509999999999972,0,0.16122,0.12219,0.03903000000000001,0.009754999999999986,0.0,0.10879322361014318,0.4063745019920319,0.09783614302363086,0.11854479916359777,0.013405200836402245,0.8253094502156276,1.09,-0.1642821851681879,0.8095045111691945,-0.46410360023120834,0.019052943301755887,0.05146663295170173,0.0,1,16.760000228881836,19.670000076293945,3.5650002288818357
2025-06-26,615.0,606.7236938476562,0.1327625,0.14518571428571428,0.14879818181818177,0.012423214285714274,0.01603568181818177,0,0.16122,0.114065,0.047155,0.0048799999999999955,0.015143043518777256,0.11123250951589558,0.4063745019920319,0.093932954590765,0.1007708149748466,0.0319916850251534,0.932144437000054,1.3,0.8917109293224371,1.7773591604004106,0.23649497266037744,0.027180832936709587,0.0381102822362307,0.0,1,16.59000015258789,19.450000762939453,3.3137501525878896
2025-06-27,620.0,609.7380981445312,0.12869666666666668,0.14065535714285712,0.14658,0.011958690476190442,0.017883333333333307,0,0.16122000000000003,0.11569000000000002,0.045530000000000015,0.009758333333333341,0.0,0.09902607266034065,0.36254980079681276,0.06641870943486064,0.09740509904650267,0.03129156762016401,0.6818812370710833,1.09,-0.32341901128530204,2.5602329152320973,0.7958163655196574,0.034714164190607466,0.049338818633831716,0.0,1,16.31999969482422,19.450000762939453,3.4503330281575515
2025-06-30,620.0,612.6533203125,0.136825,0.14658,0.15057272727272725,0.009754999999999986,0.013747727272727245,0,0.16934500000000002,0.12056499999999999,0.04878000000000003,0.008129999999999998,0.14283203983013595,0.12342893904465771,0.4541832669322709,0.06153589229887425,0.09762405096383912,0.03920094903616088,0.6303353701401689,1.13,-0.09734843654321049,1.340980335465604,-0.1296719146797896,0.029492662372307077,0.05021012652162171,0.0,1,16.729999542236328,19.440000534057617,3.047499542236327
2025-07-01,620.0,612.455078125,0.136825,0.14681238095238092,0.15145999999999998,0.009987380952380914,0.014634999999999981,0,0.17097,0.12219,0.04878000000000002,0.009754999999999986,0.14283203983013595,0.12342893904465771,0.4541832669322709,0.053490666408685154,0.09730793489739319,0.039517065102606816,0.5497050827878388,1.01,-0.7483839225768301,1.6406094818727766,0.07313060004933539,0.017914321627589436,0.05104606928099065,-0.0003235797161743603,1,16.829999923706055,19.510000228881836,3.1474999237060537
2025-07-02,625.0,615.2315063476562,0.136825,0.1421647619047619,0.14658,0.005339761904761903,0.009754999999999986,0,0.17097,0.12219,0.04878000000000002,0.009754999999999986,0.14283203983013595,0.12342893904465771,0.4541832669322709,0.04646782134851665,0.09692098668213507,0.03990401331786493,0.47944024239986216,1.22,0.4159777878173498,1.7077624082254401,0.14226389695469824,0.021956244252736568,0.0498965669992848,0.0,1,16.639999389648438,19.350000381469727,2.9574993896484365
2025-07-03,630.0,620.0804443359375,0.13264642857142858,0.14239714285714286,0.1468670588235294,0.00975071428571428,0.014220630252100824,0,0.16122,0.12219,0.03903000000000001,0.009058571428571416,0.06940568583561693,0.11088404010078812,0.3904382470119522,0.04673566388590934,0.09815070170114924,0.03449572687027934,0.47616230017601713,1.21,0.31423470769836886,1.7544428630526765,0.1558814335009103,0.022014552297400458,0.05217131938295205,0.0,1,16.3799991607666,19.209999084472656,3.1153563036237433
2025-07-07,625.0,615.4595336914062,0.14658,0.15308666666666668,0.1543291176470588,0.006506666666666688,0.007749117647058823,0,0.18073,0.13195,0.04877999999999999,0.009760000000000019,0.31424805974520376,0.152715380903876,0.5737051792828686,0.09506472390400582,0.10366548595083472,0.04291451404916527,0.9170335047586815,1.1,-0.30548813772517047,3.1207378962099495,1.1042943678836785,0.009383431286786426,0.04461072909634134,-0.007452114780816754,1,17.790000915527344,20.209999084472656,3.1320009155273443
2025-07-08,625.0,615.1224365234375,0.14100357142857142,0.14541809523809524,0.14830235294117644,0.004414523809523813,0.007298781512605018,0,0.16957714285714287,0.1235842857142857,0.04599285714285717,0.005577142857142864,0.21625839382465498,0.1359738379885273,0.4701195219123506,0.09229415566829859,0.10108650986857005,0.03991706156000137,0.9130214881124786,1.13,-0.08145449443478062,0.7480826673350147,-0.633083675768604,0.0040302013048392205,0.0491087874998426,-0.00799574935444014,1,16.809999465942383,19.579999923706055,2.709642323085241
2025-07-09,625.0,618.8110961914062,0.136825,0.14379142857142857,0.14858941176470586,0.006966428571428568,0.011764411764705857,0,0.16122,0.12219,0.03903000000000001,0.0048799999999999955,0.18914202134142946,0.12342893904465771,0.44621513944223107,0.09810350689293959,0.09791179659905114,0.038913203400948865,1.0019579897473796,1.07,-0.46151252308280283,23.501675676025993,4.097295294824285,0.01037793349002003,0.044672183722812564,-0.0020470701118314727,1,15.9399995803833,19.020000457763672,2.2574995803833
2025-07-10,630.0,620.5562744140625,0.12776714285714288,0.136825,0.14170500000000003,0.009057857142857118,0.01393785714285714,0,0.15285428571428572,0.11383285714285715,0.03902142857142857,0.0055764285714285655,0.0,0.09623545810325426,0.32270916334661354,0.0961378330729152,0.09784568080724182,0.029921462049901065,0.9825454969474726,1.26,0.5916296421573274,1.0135941977726906,-0.3381614412527678,0.00865490146630643,0.04667503002428908,0.0,1,15.779999732971191,18.920000076293945,3.0032854472569035
2025-07-11,625.0,618.3748168945312,0.136825,0.14425619047619048,0.1491635294117647,0.00743119047619048,0.012338529411764693,0,0.16400571428571428,0.12219,0.04181571428571429,0.006272857142857136,0.2063091790583408,0.12342893904465771,0.44621513944223107,0.08355288396018558,0.09888900889330902,0.03793599110669098,0.8449157787629409,1.14,-0.23535045773882288,0.9853105311897752,-0.3391724825744334,-0.002750655107714106,0.03711542278605817,-0.0035153258608029425,1,16.399999618530273,19.3700008392334,2.7174996185302724
2025-07-14,625.0,619.5548095703125,0.1417,0.14820666666666665,0.15145999999999998,0.006506666666666661,0.009759999999999991,0,0.17097,0.12219,0.04878000000000002,0.0048799999999999955,0.3173461751212047,0.13806465447917224,0.4900398406374502,0.05680284512474017,0.09746873164644122,0.04423126835355877,0.5827801815538877,1.2,0.20318563844357207,1.2332346345103093,-0.29679818754630927,0.006654013228690303,0.04206656082554017,-0.001613817932460071,1,17.200000762939453,19.84000015258789,3.030000762939453
2025-07-15,625.0,616.9072875976562,0.14658,0.15006571428571427,0.15145999999999998,0.0034857142857142864,0.0048799999999999955,0,0.1793357142857143,0.12219,0.0571457142857143,0.004182857142857155,0.42849705528259474,0.152715380903876,0.5737051792828686,0.06936445826100236,0.09949899371668289,0.0470810062833171,0.6971372842072482,0.94,-1.3872609428168663,1.2534694815560392,-0.2926553027608753,0.002901619203335315,0.033506040913812596,-0.005880186804736898,1,17.3799991607666,20.059999465942383,2.721999160766602
2025-07-16,625.0,618.9697265625,0.1417,0.15146,0.15145999999999998,0.009760000000000019,0.009759999999999991,0,0.17097,0.12219,0.04878000000000002,0.0048799999999999955,0.3173461751212047,0.13806465447917224,0.4860557768924303,0.0580192845429789,0.08799735798122756,0.05370264201877244,0.6593298466455793,1.21,0.5118186756860981,1.026989675876919,-0.33395013930430195,0.00025634700487775497,0.04868551347246308,-0.002556654274522563,1,17.15999984741211,20.09000015258789,2.9899998474121094
2025-07-17,630.0,622.7576293945312,0.13334285714285715,0.14565047619047616,0.15031235294117645,0.012307619047619012,0.0169694957983193,0,0.16261285714285714,0.12219,0.04042285714285715,0.009058571428571416,0.126997039013438,0.11297485659143305,0.3705179282868526,0.07109452025648172,0.08525313874177341,0.04808971840108374,0.8339226133576467,1.25,0.7769066521278459,0.9574371985195265,-0.35143742647357584,0.0035473897714550784,0.04515940091352566,0.0,1,16.520000457763672,19.690000534057617,3.1857147434779574
2025-07-18,630.0,622.301513671875,0.13195,0.14588285714285712,0.15088617647058822,0.013932857142857108,0.018936176470588206,0,0.16400571428571428,0.12219,0.04181571428571429,0.011147857142857126,0.0952721829954769,0.10879322361014318,0.3545816733067729,0.06292947366459287,0.0767719034969805,0.05517809650301951,0.8196940651219874,1.17,0.07674790225907742,0.9353493467391603,-0.3588839823528439,0.006350026990205704,0.05339520901847372,-0.0007324129021104575,1,16.40999984741211,19.579999923706055,3.214999847412109
2025-07-21,631.0,623.4815063476562,0.13543214285714286,0.1417,0.14727714285714286,0.006267857142857131,0.011844999999999994,0,0.16122,0.12219,0.03903000000000001,0.006272857142857136,0.17458432304037969,0.11924730606336785,0.3784860557768924,0.0629218260559761,0.07621473029284798,0.059217412564294886,0.8255861539390728,1.46,2.228652776285186,1.893752953125981,-0.18010155007651518,0.0063379328457915385,0.05555174374255878,0.0,1,16.649999618530273,19.510000228881836,3.1067853328159867
2025-07-22,631.0,623.5707397460938,0.13195,0.14613681818181817,0.14762571428571428,0.014186818181818162,0.015675714285714265,0,0.16121999999999997,0.12219,0.03902999999999998,0.009754999999999958,0.0952721829954769,0.10879322361014318,0.350597609561753,0.04305471230450926,0.07465744823229038,0.05729255176770963,0.5766968108868138,1.16,-0.1085445660077069,0.7215265824372862,-0.40783259050757653,0.01080138342081538,0.05818789862980989,0.0,1,16.5,19.530000686645508,3.3049999999999997
2025-07-23,636.0,628.875732421875,0.12707000000000002,0.136825,0.14309785714285717,0.009754999999999986,0.01602785714285715,0,0.1417,0.11244,0.029259999999999994,-2.7755575615628914e-17,0.0,0.09414249718543939,0.28286852589641437,0.06285809143129158,0.07315578643912671,0.05391421356087331,0.8592360835816605,1.29,1.0396189489872232,1.2512765953985816,-0.25316744393272567,0.016004023192521588,0.056752539498350574,0.0,1,15.369999885559082,18.559999465942383,2.6629998855590813
2025-07-24,636.0,629.083984375,0.12707000000000002,0.13327954545454546,0.14030892857142857,0.00620954545454544,0.013238928571428554,0,0.15146,0.11244000000000001,0.03902,0.0048799999999999955,0.0,0.09414249718543939,0.28286852589641437,0.059178846831052366,0.0668575798864619,0.06021242011353811,0.8851479059150865,1.27,0.7829172261433228,1.1962582906098769,-0.2684378834878501,0.010158614976133684,0.045551943437662556,0.0,1,15.390000343322754,18.559999465942383,2.683000343322753
2025-07-25,639.0,631.7413940429688,0.12219,0.12884272727272728,0.13612785714285713,0.006652727272727282,0.01393785714285714,0,0.14448857142857144,0.10546857142857143,0.03902000000000001,0.002788571428571446,0.0,0.07949177076073552,0.22310756972111553,0.05494540978731873,0.06698112772318088,0.055208872276819115,0.8203118050564441,1.41,1.8254967758796408,1.0512517438644304,-0.289807661830253,0.015169303245614829,0.04938068960063435,0.0,1,14.930000305175781,18.31999969482422,2.711000305175782
2025-07-28,638.0,631.5828247070312,0.12219,0.12707000000000002,0.13821928571428574,0.004880000000000023,0.016029285714285746,0,0.1486714285714286,0.10965142857142857,0.03902000000000003,0.006971428571428601,0.0,0.07949177076073552,0.22709163346613545,0.05960577439925245,0.06440824703012384,0.05778175296987616,0.9254369921195765,0.9,-2.0175580674884275,0.8345332520024996,-0.3151264770209716,0.01299367868476553,0.04097273785654543,-0.0002510035553040524,1,15.029999732971191,18.15999984741211,2.810999732971192
2025-07-29,636.0,629.9169311523438,0.1305557142857143,0.13327590909090908,0.14170500000000003,0.002720194805194781,0.011149285714285723,0,0.15982571428571427,0.11104571428571429,0.048779999999999976,0.004879999999999968,0.16906775990992343,0.10460730177451354,0.32270916334661354,0.06927587765647698,0.06525551922265409,0.06530019506306022,1.0616094773547857,1.07,-0.7458691642352533,0.8163731231144595,-0.3130547314493115,0.010177179591258634,0.03309426304378538,-0.002887990098209281,1,15.979999542236328,18.770000457763672,2.9244281136648986
2025-07-30,639.0,629.1236572265625,0.12707000000000002,0.13105863636363635,0.14065928571428574,0.003988636363636333,0.01358928571428572,0,0.1417,0.12219,0.01951,0.004874999999999963,0.09862285994745551,0.09414249718543939,0.2948207171314741,0.04083969126503321,0.06484913007960261,0.06222086992039741,0.6297646740195635,1.29,0.7565332011284679,1.0574451677843406,-0.2587041109526384,0.0003942349687000579,0.026883616505434693,-0.004143684173762097,1,15.479999542236328,18.350000381469727,2.7729995422363274
2025-07-31,633.0,626.763671875,0.136825,0.13238863636363635,0.14588357142857142,-0.004436363636363655,0.009058571428571416,0,0.16261285714285714,0.11244000000000001,0.05017285714285713,0.0007014285714285751,0.37501601537476,0.12342893904465771,0.44223107569721115,0.04879280048965674,0.06696508346643688,0.06985991653356312,0.7286304737320585,1.46,1.7539947468990247,1.1681933927394608,-0.23096689852881983,-0.0036883986202657093,0.023362682849826344,-0.0078793668024707,1,16.719999313354492,19.139999389648438,3.037499313354491
2025-08-01,623.0,616.4907836914062,0.16470214285714285,0.15634,0.1608667857142857,-0.008362142857142846,-0.0038353571428571542,1,0.20023999999999997,0.13195,0.06828999999999996,0.0013928571428571401,1.0,0.20712164263121213,0.7529880478087649,0.10542955448407988,0.0893604329481314,0.07534170990901146,1.1798236759358103,1.26,0.38893870019054483,5.497443798379857,0.589742560640128,-0.02414059058875795,0.002046834940599318,-0.02414059058875795,1,20.3799991607666,21.239999771118164,3.909784875052317
2025-08-04,633.0,625.8612670898438,0.136825,0.13854647058823527,0.14658,0.0017214705882352688,0.009754999999999986,0,0.17097,0.12219,0.04878000000000002,0.009754999999999986,0.34425458272426385,0.12342893904465771,0.44223107569721115,0.17868649394547667,0.10013454045360887,0.036690459546391135,1.7844641133421888,1.42,1.3060255431469252,0.9872794386373137,-0.279971199453164,-0.009059077279122585,0.009322698057502965,-0.00930780697382172,1,17.520000457763672,19.610000610351562,3.837500457763671
2025-08-05,629.0,622.688232421875,0.14239714285714286,0.14658,0.15634000000000003,0.004182857142857127,0.013942857142857173,0,0.1793357142857143,0.12219,0.0571457142857143,0.008365714285714282,0.47532637733756766,0.1401576153969871,0.5258964143426295,0.18022741659662272,0.0980679324673956,0.044329210389747256,1.8377813426069982,1.23,0.045667056410684664,0.6892105654717244,-0.3381211577009113,-0.01147563809285912,0.011745205549278603,-0.014330486661885522,1,17.850000381469727,20.030000686645508,3.6102860957554412
2025-08-06,633.0,627.4578247070312,0.13195,0.13826029411764706,0.14750952380952378,0.006310294117647053,0.015559523809523773,0,0.17097,0.11244,0.05853000000000001,0.009754999999999986,0.2295814641194957,0.10879322361014318,0.36254980079681276,0.19401027788783307,0.10095760330150454,0.030992396698495475,1.9217005113367405,1.35,0.7466220669268334,0.8596506467403161,-0.40071490310126545,-0.0026478618319250025,0.020053549425560258,-0.006780574102519754,1,16.770000457763672,19.469999313354492,3.5750004577636716
2025-08-07,634.0,626.9322509765625,0.136825,0.136825,0.14658,0.0,0.009754999999999986,0,0.16122,0.12219,0.03903000000000001,0.0048799999999999955,0.34425458272426385,0.12342893904465771,0.450199203187251,0.19204696430595708,0.09942551301258434,0.03739948698741566,1.9315662397603077,0.9,-1.8891045720179793,0.8752188254540366,-0.3779922837766564,0.00026896756963945556,0.013123802781074057,-0.007612518526970424,1,16.56999969482422,19.350000381469727,2.8874996948242178
2025-08-08,639.0,631.82080078125,0.12358785714285715,0.1290794117647059,0.13961214285714285,0.005491554621848735,0.0160242857142857,0,0.1417,0.11244,0.029259999999999994,0.0034821428571428364,0.0328813616277706,0.0836884147322147,0.24701195219123506,0.12599944856427578,0.1022423670000172,0.021345490142839957,1.2323604417751262,1.35,0.7079248509047733,1.2433403064459834,-0.03319345810218422,0.02486657950999871,0.01815230436244253,0.0,1,15.149999618530273,18.700000762939453,2.7912139042445574
2025-08-11,636.0,630.5713500976562,0.13195,0.13768617647058823,0.14588571428571429,0.005736176470588217,0.013935714285714274,0,0.16122,0.11244,0.048780000000000004,0.0048799999999999955,0.2295814641194957,0.10879322361014318,0.3705179282868526,0.093163269806112,0.10154754941323792,0.030402450586762095,0.9174349390450881,1.08,-0.8275870654992085,0.8951373963915094,-0.3542615175783474,0.00752576210653455,0.01972352830339341,-0.001977539647394999,1,16.25,19.25,3.0549999999999997
2025-08-12,643.0,637.284423828125,0.12079714285714285,0.1253494117647059,0.13659261904761905,0.004552268907563051,0.015795476190476193,0,0.1417,0.10268,0.03902,0.0013928571428571401,0.0,0.07531013777944566,0.19123505976095617,0.08978171465741351,0.10691282121254608,0.01388432164459677,0.8397656486767345,1.32,0.48113400790902733,1.8464839527534418,0.5349983896528064,0.023440609033962057,0.02861670022400231,0.0,1,14.729999542236328,18.34000015258789,2.650285256522043
2025-08-13,645.0,639.4659423828125,0.11244,0.12907735294117645,0.13705738095238096,0.01663735294117645,0.02461738095238096,0,0.1417,0.10268,0.03902,0.009749999999999995,0.0,0.05022033989170643,0.11155378486055777,0.08581778025117656,0.10511970682751477,0.007320293172485226,0.8163814649139985,1.0,-1.3654272054435452,1.3503757484689787,0.042389056524309195,0.01913772878900355,0.03656733392306566,0.0,1,14.489999771118164,18.329999923706055,3.2459997711181643
2025-08-14,644.0,639.5254516601562,0.11801214285714286,0.12965088235294117,0.13961357142857145,0.011638739495798314,0.02160142857142859,0,0.14448857142857144,0.10268,0.041808571428571445,0.005572142857142859,0.10661910424098299,0.06694901624403582,0.17928286852589642,0.0828571629645336,0.10508766891451245,0.01292447394263041,0.7884575214237258,1.33,0.548769553863426,0.7101953197270234,-0.5593176606895786,0.020087020031235525,0.03320958072023039,0.0,1,14.829999923706055,18.489999771118164,3.028785637991769
2025-08-15,647.0,638.0281372070312,0.11870928571428571,0.12936323529411764,0.13798690476190478,0.010653949579831928,0.01927761904761907,0,0.14727714285714286,0.10268,0.04459714285714286,0.006269285714285713,0.11995845121434526,0.06904197716185063,0.18725099601593626,0.08479350292908665,0.1045558826004928,0.014153403113792914,0.8109873956406829,1.09,-0.8168904271939342,0.9219101986454621,-0.3557600118875656,0.00982452052560756,0.024520788010813366,-0.002341289856780615,1,15.09000015258789,18.639999389648438,3.2190715811593194
2025-08-18,647.0,637.8893432617188,0.11592214285714286,0.13194499999999998,0.1393811904761905,0.016022857142857116,0.02345904761904763,0,0.1486714285714286,0.10268,0.0459914285714286,0.009753571428571417,0.0666283980483006,0.06067442234493113,0.14741035856573706,0.0804540635175924,0.10445396702681811,0.01146817583032475,0.7702346383544836,0.97,-1.36077252703364,1.2223575236752138,-0.03616838612136918,0.01160533722778423,0.025048676963467686,-0.002558316317498033,1,14.989999771118164,18.450000762939453,3.397785485403878
2025-08-19,643.0,634.4286499023438,0.12637285714285715,0.1322935714285714,0.14077547619047623,0.005920714285714251,0.01440261904761908,0,0.15982571428571427,0.10268,0.05714571428571427,0.004879999999999968,0.2665955963754153,0.09204953626762453,0.2749003984063745,0.0519194458300157,0.10688199386557198,0.019490863277285164,0.4857641961219026,1.03,-0.9565643296245206,1.3562214981776701,0.06302406600562628,-0.0044811607172615675,0.017558088641338676,-0.007969662105834274,1,15.569999694824219,18.899999618530273,2.9327139805385034
2025-08-20,641.0,632.742919921875,0.12707000000000002,0.13333928571428572,0.14170500000000003,0.0062692857142856995,0.014635000000000009,0,0.16122,0.10268,0.05854000000000001,0.0048799999999999955,0.27993494334877783,0.09414249718543939,0.32270916334661354,0.03539119881706619,0.10754785585312497,0.019522144146875045,0.3290739600183098,1.28,0.4453368660189006,2.3939538391636983,0.9900358199710761,-0.010513495739719603,0.014709125350423014,-0.01060556967775772,1,15.6899995803833,19.100000381469727,2.9829995803833
2025-08-21,639.0,630.2044677734375,0.13612785714285716,0.1378707142857143,0.14611571428571427,0.0017428571428571293,0.009987857142857104,0,0.17097,0.11244000000000001,0.05853,0.005577142857142864,0.45325078245657235,0.12133597812684294,0.4262948207171315,0.031007131334019618,0.10483874584147233,0.03128911130138483,0.2957602276252503,1.14,-0.30299755181329274,1.1364889225136454,-0.1980026803933846,-0.014574844304510837,0.0021128742660261324,-0.014574844304510837,1,16.600000381469727,19.40999984741211,2.987214667184011
2025-08-22,649.0,639.8823852539062,0.11243499999999998,0.12358785714285715,0.1317128571428571,0.011152857142857173,0.019277857142857124,0,0.1417,0.09292,0.04877999999999999,0.004875000000000018,0.0,0.050205328901517125,0.09561752988047809,0.13363249064629024,0.11723960752512362,-0.004804607525123641,1.1398237632077857,1.49,1.585901682265097,6.1915209391079475,3.0405481153493663,0.0029062167304909625,0.0171652770490327,0.0,1,14.220000267028809,17.760000228881836,2.976500267028811
2025-08-25,646.0,637.0662231445312,0.117315,0.1295075,0.136825,0.012192499999999995,0.01951,0,0.1486714285714286,0.09570857142857143,0.05296285714285716,0.004875000000000018,0.09336649629649917,0.06485605532622099,0.17928286852589642,0.13843925369437457,0.11788933651221348,-0.0005743365122134747,1.1743153179934311,1.14,-0.4092753318112566,1.0759656393714039,-0.358296178696512,-0.0012903807312074633,0.008428811459519903,-0.004401062092461827,1,14.789999961853027,18.020000457763672,3.058499961853027
2025-08-26,649.0,639.733642578125,0.11243571428571428,0.12498071428571429,0.136825,0.012545000000000014,0.024389285714285724,0,0.1500657142857143,0.09431428571428571,0.05575142857142859,0.00975428571428573,1.3666056249728771e-05,0.05020747332868705,0.10756972111553785,0.1324696852767233,0.11857777998845748,-0.006142065702743199,1.1171543714987586,1.07,-0.8185506636225119,0.8249207921001592,-0.5256140493427826,0.00836184285907926,0.012905382401547483,-0.0002324531495303539,1,14.619999885559082,17.899999618530273,3.3764284569876537
2025-08-27,650.0,641.1912841796875,0.112435,0.12846285714285713,0.13194499999999998,0.016027857142857135,0.019509999999999986,0,0.15146,0.09292,0.05854000000000001,0.009755000000000014,2.6551648032006223e-16,0.05020532890151717,0.10756972111553785,0.12682911813215622,0.11810121164334554,-0.005666211643345548,1.0739019216430068,1.12,-0.4764041479038339,0.8996669776267984,-0.46956103071001176,0.013351969641723693,0.017898158423395483,0.0,1,14.850000381469727,17.940000534057617,3.6065003814697274
2025-08-28,652.0,643.4620361328125,0.111215,0.122195,0.13194499999999998,0.010980000000000004,0.020729999999999985,0,0.1417,0.09292,0.04877999999999999,0.006095000000000003,0.0,0.046542647295341216,0.08764940239043825,0.11229642971171244,0.11819255312482209,-0.0069775531248220946,0.9501142562942794,1.22,0.19056721956367925,1.2541020021289677,-0.23740109942948812,0.021036931721882368,0.02279103438815122,0.0,1,14.430000305175781,17.719999313354492,3.308500305175782
2025-08-29,648.0,639.6245727539062,0.117315,0.12985571428571427,0.1403107142857143,0.012540714285714266,0.022995714285714286,0,0.15146,0.09292,0.05854000000000001,0.004875000000000004,0.11404609919606863,0.06485605532622099,0.19123505976095617,0.07544065641634531,0.11958049140529298,-0.002265491405292974,0.6308776250187419,1.03,-0.9082372760766229,2.2879526539705464,0.6903292585572137,-0.00040290607452442284,0.020519537835420598,-0.00596377589262187,1,15.359999656677246,18.350000381469727,3.6284996566772456
2025-09-02,644.0,634.884765625,0.13032333333333335,0.13728952380952378,0.14658,0.006966190476190431,0.01625666666666664,0,0.17097,0.10918666666666667,0.06178333333333334,0.009754999999999986,0.35725096373850446,0.10390964813524192,0.3346613545816733,0.08834437575108212,0.10622726559372977,0.02409606773960357,0.8316544274890643,1.02,-0.884103102603893,2.21875258146881,0.579365815428851,-0.003424224107760221,0.02983658867283423,-0.013329878106502768,1,17.170000076293945,19.3799991607666,4.1376667429606115
2025-09-03,646.0,638.3255615234375,0.12707,0.1328745238095238,0.14263357142857144,0.005804523809523815,0.015563571428571454,0,0.17097,0.10268,0.06829000000000002,0.009755000000000014,0.29642637750060086,0.09414249718543931,0.2749003984063745,0.09291054254846629,0.09523792975740947,0.03183207024259052,0.9755623918445989,0.99,-0.9783446400225618,0.6673500847001026,-0.6922734778110018,-0.002201042685535448,0.019915427090656523,-0.007982560463465793,1,16.350000381469727,18.93000030517578,3.6430003814697276
2025-09-04,652.0,643.660400390625,0.11801214285714286,0.12846357142857145,0.13798690476190478,0.010451428571428598,0.019974761904761926,0,0.16122,0.09292,0.0683,0.00905785714285716,0.1270799391041907,0.06694901624403582,0.1952191235059761,0.11200472683711779,0.09587748151156533,0.022134661345577525,1.1682068101007335,1.33,1.1696734220112057,1.0006299745890512,-0.42600680485270315,0.0038508262227805456,0.03368004544935932,0.0,1,15.300000190734863,18.389999389648438,3.4987859050205774
2025-09-05,647.0,641.7960815429688,0.117315,0.1338040476190476,0.14309928571428573,0.016489047619047598,0.025784285714285732,0,0.16122,0.09292,0.0683,0.009755000000000014,0.11404609919606863,0.06485605532622099,0.18725099601593626,0.11130685715475348,0.09442960025781184,0.02288539974218816,1.1787284585645108,1.0,-0.990431505110154,2.8254993833711755,0.9756078080359372,-0.002589048764797486,0.0228513475668779,-0.002896432414554062,1,15.180000305175781,18.420000076293945,3.4485003051757808
2025-09-08,649.0,643.3728637695312,0.12080071428571429,0.13194499999999998,0.13891642857142858,0.01114428571428569,0.01811571428571429,0,0.15843142857142858,0.09292,0.06551142857142858,0.0048749999999999905,0.1792152987366792,0.07532085991529514,0.22310756972111553,0.10084106302720032,0.09427734103074481,0.02652337325496948,1.06962141618223,1.06,-0.5205463365277303,1.8152518965393762,0.1378304574100913,0.005860142301110649,0.02622390659813645,-0.0004467210052370163,1,15.109999656677246,18.290000915527344,3.029928228105817
2025-09-09,651.0,644.8601684570312,0.11661785714285713,0.1307861904761905,0.13914880952380954,0.014168333333333366,0.0225309523809524,0,0.15146,0.09292,0.05854000000000001,0.005572142857142873,0.10101225928794631,0.06276309440840613,0.1553784860557769,0.0662366977132076,0.09136135433752007,0.02525650280533706,0.7249968894780894,1.33,1.2079484202856425,2.1927588330819843,0.3928743966939043,0.01571214710469726,0.020637762573910257,0.0,1,15.039999961853027,18.270000457763672,3.378214247567314
2025-09-10,652.0,646.724365234375,0.117315,0.13194499999999998,0.13705738095238096,0.014629999999999976,0.019742380952380956,0,0.16122,0.09292,0.0683,0.009755000000000014,0.11404609919606863,0.06485605532622099,0.1952191235059761,0.06309734349573608,0.09093418794484746,0.02638081205515254,0.693879221025268,1.18,0.2681928838873028,2.2181176840389045,0.3967803397719242,0.013157555042747848,0.025616474859216476,0.0,1,15.350000381469727,18.440000534057617,3.618500381469726
2025-09-11,657.0,652.0987548828125,0.11801214285714286,0.12939142857142855,0.13752214285714287,0.011379285714285689,0.019510000000000013,0,0.14309428571428573,0.09292,0.05017428571428573,-4.999999999991123e-06,0.1270799391041907,0.06694901624403582,0.21115537848605578,0.06282983264774021,0.08823839818421217,0.029773744672930688,0.7120463872947081,1.68,2.731778465370003,2.7620214051817045,0.7692237116132471,0.013109948176191155,0.02324602720665725,0.0,1,14.710000038146973,18.030000686645508,2.9087857524326868
2025-09-12,657.0,651.8805541992188,0.117315,0.12962357142857142,0.13798690476190478,0.012308571428571419,0.02067190476190478,0,0.14448857142857144,0.09292,0.051568571428571436,0.001389285714285718,0.11404609919606863,0.06485605532622099,0.199203187250996,0.049994098527106505,0.08795056412997926,0.029364435870020744,0.5684340859169688,1.4,1.1745946909399032,1.3701790282877802,-0.37512327672750223,0.0157128922196057,0.019414031293279344,-0.0003346129431468503,1,14.760000228881836,18.059999465942383,3.0285002288818355
2025-09-15,660.0,655.3511962890625,0.12567571428571428,0.13519833333333334,0.14054309523809527,0.009522619047619058,0.014867380952380993,0,0.15843142857142858,0.09989142857142858,0.05854000000000001,0.003485714285714314,0.46374985683197784,0.08995657534980966,0.2868525896414343,0.0516862500398461,0.08918381030624994,0.036491903979464335,0.5795474521929455,1.23,0.23706265417972364,1.8536266142093023,-0.020416683774537064,0.01861802571117166,0.024746074746241797,0.0,1,15.6899995803833,18.530000686645508,3.1224281518118726
2025-09-16,659.0,654.4488525390625,0.1312485714285714,0.13891642857142858,0.14170500000000003,0.007667857142857171,0.010456428571428616,0,0.16121999999999997,0.10268,0.05853999999999998,0.0007014285714285751,0.6424693620432934,0.1066873961293089,0.3784860557768924,0.06322804014328995,0.08876676766553215,0.042481803763039255,0.7122940465910554,1.03,-0.8588858903742135,2.381815629981719,0.3692433377658893,0.014869400454635473,0.02573666328245805,-0.0013768857905647192,1,16.360000610351562,18.90999984741211,3.235143467494421
2025-09-17,658.0,653.6357421875,0.12707000000000002,0.13566309523809522,0.14100785714285716,0.008593095238095205,0.01393785714285714,0,0.15146,0.10268,0.04878000000000002,0.0,0.6190941038656781,0.09414249718543939,0.3466135458167331,0.06993846747212726,0.08904527483974473,0.03802472516025529,0.78542592628296,1.2,0.01659912409412565,1.2277373913980343,-0.58029133859027,0.010686742799028925,0.024685157531030733,-0.0026176103916133453,1,15.720000267028809,18.440000534057617,3.013000267028808
2025-09-18,661.0,656.6898193359375,0.12289142857142857,0.1358954761904762,0.14565095238095238,0.013004047619047637,0.022759523809523813,0,0.16122,0.10268,0.05854000000000001,0.009058571428571444,0.4559323924806158,0.08159759824156972,0.2788844621513944,0.052432296777330675,0.0864474456546311,0.03644398291679747,0.6065222214523792,0.59,-2.5490863850014813,1.448145787178187,-0.3592413111466013,0.007040443519862327,0.03508853113272914,0.0,1,15.699999809265137,18.520000457763672,3.4108569521222805
2025-09-19,667.0,659.9423217773438,0.12219,0.13195,0.1458833333333333,0.009760000000000019,0.023693333333333316,0,0.15146,0.11244,0.03902000000000001,0.009760000000000019,0.4405355811686445,0.07949177076073552,0.2749003984063745,0.05474132045456508,0.08568717394084625,0.03650282605915374,0.6388508097180974,1.3,0.5715234375483065,2.1209737041896104,0.15793984338139488,0.012366939811585986,0.042986497357927034,0.0,1,15.449999809265137,18.479999542236328,3.2309998092651373
2025-09-22,669.0,663.0645141601562,0.1305557142857143,0.1417,0.14658,0.01114428571428569,0.016024285714285685,0,0.15843142857142858,0.11244,0.045991428571428586,0.0048799999999999955,0.7763346522162969,0.10460730177451354,0.3904382470119522,0.052935236315355474,0.08325943630249201,0.04729627798322229,0.6357866287135923,1.53,1.556303919270083,1.3575921161071476,-0.504372886602469,0.011769747144386944,0.0521418810355565,0.0,1,16.100000381469727,18.950000762939453,3.044428952898297
2025-09-23,666.0,659.4551391601562,0.13612857142857143,0.14658,0.15023999999999998,0.010451428571428556,0.014111428571428553,0,0.16121999999999997,0.12219,0.03902999999999998,0.005576428571428538,1.0,0.12133812255401277,0.47410358565737054,0.07451802444273599,0.07339261438330201,0.06273595704526942,1.0153341050579883,1.21,0.1480043709239083,1.0866797959282475,-0.9167845632217512,0.007649622429118708,0.030588049237335158,-0.0054434748398075605,1,16.639999389648438,19.440000534057617,3.0271422467912945
2025-09-24,665.0,657.3569946289062,0.12707000000000002,0.14658,0.14983333333333335,0.019509999999999972,0.02276333333333333,0,0.15146,0.12219,0.029270000000000018,0.009754999999999986,0.6364001261504063,0.09414249718543939,0.350597609561753,0.08013093651557085,0.07227822605741696,0.054791773942583055,1.1086455892251117,1.27,0.36646280490424593,0.9128665926271298,-1.1978502837156355,0.005693159356543909,0.03185033321060504,-0.008607789150772427,1,16.18000030517578,19.139999389648438,3.4730003051757805
2025-09-25,661.0,654.3242797851562,0.13334285714285715,0.14658,0.14942666666666665,0.013237142857142836,0.0160838095238095,0,0.16261285714285714,0.12219,0.04042285714285715,0.009058571428571416,0.888184867685427,0.11297485659143305,0.44621513944223107,0.08149284818684886,0.07455395249157633,0.058788904651280824,1.0930721372023373,1.37,0.7385027095129493,2.022228387603328,0.43096869081437417,-0.0036022174870524726,0.022807362683367804,-0.013181574625616088,1,16.739999771118164,19.459999084472656,3.4057140568324495
2025-09-26,665.0,658.072998046875,0.12358428571428572,0.136825,0.1417,0.013240714285714286,0.018115714285714277,0,0.15424857142857146,0.11244,0.04180857142857146,0.009760000000000005,0.49648785802345263,0.0836776925963652,0.28286852589641437,0.08498252456069828,0.0761849475243141,0.04739933818997162,1.1154765780153157,1.16,-0.1528052866518198,1.450125421269186,-0.49967364253602675,-0.0028325562231473755,0.02632867021700891,-0.007527949402636236,1,15.289999961853027,18.40999984741211,2.9315713904244554
2025-09-29,666.0,659.9224243164062,0.1291614285714286,0.1417,0.14658,0.012538571428571399,0.017418571428571394,0,0.15843142857142858,0.11244,0.045991428571428586,0.0062742857142857045,0.7203474870265785,0.10042137993888389,0.36254980079681276,0.07830620280060414,0.0759494725704496,0.053211956000979,1.0310302382675334,1.18,-0.10039432092850369,2.16190169345261,0.6597514402954284,-0.004738739257868163,0.02558097798981307,-0.004738739257868163,1,16.1200008392334,18.760000228881836,3.2038579820905397
2025-09-30,667.0,662.4082641601562,0.13055214285714284,0.13728952380952378,0.14251750000000002,0.006737380952380939,0.01196535714285718,0,0.16957714285714287,0.11104571428571429,0.05853142857142858,0.009759285714285748,0.7761690415436214,0.10459657963866398,0.3665338645418327,0.0719595543392052,0.07171749479815333,0.05883464805898951,1.003375181212522,1.34,0.5334951146783447,1.9603196174268105,0.35846819439108224,0.004478128722692043,0.035620412937162005,-0.0009897226981467888,1,16.280000686645508,18.770000457763672,3.224786400931224
2025-10-01,670.0,664.6654663085938,0.13195,0.1377540476190476,0.14211125000000002,0.005804047619047598,0.01016125000000001,0,0.16122,0.11244,0.048780000000000004,0.0048799999999999955,0.8322773015281405,0.10879322361014318,0.4262948207171315,0.06307664476932305,0.06376812748282479,0.06818187251717522,0.9891562957734963,1.38,0.6350657369760928,1.572883938238139,-0.3845500779910173,0.011117964423293714,0.04690725356163927,0.0,1,16.290000915527344,18.760000228881836,3.0950009155273435
2025-10-02,672.0,665.4309692382812,0.13195,0.14239714285714286,0.14658,0.01044714285714285,0.014629999999999976,0,0.16261285714285714,0.11244000000000001,0.05017285714285713,0.0055764285714285655,0.8322773015281405,0.10879322361014318,0.4262948207171315,0.026184434749361104,0.06275446632470297,0.06919553367529704,0.41725213013330553,1.39,0.6614525786572913,1.4965393975901895,-0.5943565328184507,0.016974289043304003,0.04246329670733151,0.0,1,16.6299991607666,18.889999389648438,3.4349991607666013
2025-10-03,671.0,665.421142578125,0.13195,0.1426295238095238,0.146885,0.010679523809523778,0.014934999999999976,0,0.16400571428571428,0.11244,0.051565714285714284,0.006272857142857136,0.8322773015281405,0.10879322361014318,0.4302788844621514,0.025409481538812055,0.058648954177683406,0.07330104582231661,0.43324696740254326,1.41,0.6728297121911826,1.6582518048193708,-0.20078405899459523,0.01116615413952382,0.03380780016029239,-1.4767362221612679e-05,1,16.649999618530273,19.079999923706055,3.454999618530273
2025-10-06,674.0,667.8074951171875,0.13195,0.14332666666666666,0.14658,0.011376666666666646,0.014629999999999976,0,0.16122,0.11940428571428571,0.04181571428571429,0.008362142857142846,0.8322773015281405,0.10879322361014318,0.4342629482071713,0.027071194897869834,0.056669200738274174,0.07528079926172584,0.4777056063115788,1.27,-0.011640504929493702,0.8474400722520876,-1.6642541543107943,0.011948481382412668,0.04052909377645886,0.0,1,16.3700008392334,19.1200008392334,3.175000839233398
2025-10-07,671.0,665.3316040039062,0.136825,0.14541809523809524,0.14962999999999999,0.008593095238095233,0.012804999999999983,0,0.17097,0.12219,0.04878000000000002,0.009754999999999986,1.0,0.12342893904465771,0.5298804780876494,0.04737867321925159,0.059838204225623186,0.07698679577437681,0.7917796637179776,1.32,0.22363234201108922,24.83821345294472,4.228674613617073,0.004413199535570955,0.03413065963913753,-0.003707492250961897,1,17.239999771118164,19.709999084472656,3.557499771118163
2025-10-08,675.0,669.2990112304688,0.13195,0.1410057142857143,0.14658,0.009055714285714278,0.014629999999999976,0,0.16122,0.11244,0.048780000000000004,0.0048799999999999955,0.8096446700507619,0.10879322361014318,0.43824701195219123,0.05812738037968878,0.06168002289576311,0.07026997710423691,0.9424020558150868,1.47,0.8422567697397837,1.3176874674904695,-0.2829219308110609,0.006971243665792715,0.03789789472020377,0.0,1,16.299999237060547,19.260000228881836,3.1049992370605466
2025-10-09,673.0,667.3600463867188,0.13195,0.1440238095238095,0.14871499999999999,0.012073809523809487,0.016764999999999974,0,0.16122,0.11244000000000001,0.04877999999999999,0.0048799999999999955,0.8096446700507619,0.10879322361014318,0.44223107569721115,0.06578834423720835,0.06359039767678906,0.06835960232321095,1.0345641266719354,1.31,0.21271546004057593,1.6370052635736883,-0.2106085822490399,0.0028989891327806383,0.0319080001645915,-0.0028970083792374535,1,16.43000030517578,19.3799991607666,3.235000305175781
2025-10-10,656.0,649.32275390625,0.17585,0.1784061904761905,0.17829,0.0025561904761904897,0.0024399999999999977,0,0.21696428571428572,0.15146,0.06550428571428571,0.008362142857142874,1.0,0.2405897174717204,0.8247011952191236,0.21017549003166502,0.11498357854858199,0.06086642145141802,1.827873968480319,1.19,-0.34503337277545393,4.37631263370292,0.28538829134377247,-0.02419278204702513,-0.004257025421036675,-0.029846536434430915,1,21.65999984741211,22.809999465942383,4.0749998474121085
2025-10-13,664.0,659.2860107421875,0.15146,0.15471333333333334,0.1596915625,0.0032533333333333303,0.008231562499999984,0,0.19048,0.13195,0.05853,0.009754999999999986,0.5882303286101901,0.1673661073285799,0.7051792828685259,0.2519002076436515,0.1267905167367316,0.0246694832632684,1.9867432843317312,1.27,0.05369697056697393,0.7657763170597505,-0.39450620278511817,-0.012760390437823177,0.011360143350288565,-0.014960429225605587,1,19.030000686645508,20.93000030517578,3.884000686645507
2025-10-14,663.0,658.4805908203125,0.166095,0.166095,0.164875,0.0,-0.0012199999999999989,1,0.21,0.13195,0.07804999999999998,0.0048799999999999955,0.83530901416943,0.211303275612502,0.796812749003984,0.25180727187885277,0.12570738751397884,0.04038761248602116,2.0031223053685006,1.24,-0.15951936738662265,1.0010414971244006,-0.3354244241280879,-0.01029714076764876,0.00477514125093581,-0.01616380754883706,1,20.809999465942383,22.030000686645508,4.200499465942382
2025-10-15,666.0,661.4039916992188,0.166095,0.16864857142857145,0.166095,0.0025535714285714606,0.0,0,0.21,0.13195,0.07804999999999998,0.0048799999999999955,0.83530901416943,0.211303275612502,0.796812749003984,0.2489820028222339,0.1263813308649005,0.039713669135099494,1.9700853054664493,1.13,-0.7181305716029607,1.441081853276747,-0.2538320821261305,-0.011795952778617558,0.010627475521077567,-0.011795952778617558,1,20.639999389648438,21.940000534057617,4.030499389648437
2025-10-16,660.0,656.899658203125,0.20024000000000003,0.19048500000000002,0.18560500000000002,-0.009755000000000014,-0.014635000000000009,1,0.25041285714285716,0.15146,0.09895285714285715,0.0006964285714285423,1.0,0.31381332761486097,0.8884462151394422,0.2510637347975658,0.1288150659639742,0.07142493403602582,1.9490246185006102,1.18,-1.0807661891248865,1.3426154031552566,-0.27150791098188454,-0.01567427993364201,0.0049934784849765546,-0.01852587979257314,1,25.309999465942383,24.8700008392334,5.285999465942378
2025-10-17,666.0,660.62841796875,0.166095,0.17027357142857144,0.166095,0.004178571428571448,0.0,0,0.20023999999999997,0.1417,0.05853999999999998,0.0048749999999999905,0.5916751373098373,0.211303275612502,0.7928286852589641,0.13093789252943872,0.12929283646814996,0.036802163531850035,1.0127234896087534,1.26,-0.3159114950438394,0.767803389493788,-0.3668648226399914,0.017411470635344983,0.0059976544737594395,-0.01295473789178081,1,20.780000686645508,22.09000015258789,4.170500686645507
2025-10-20,673.0,667.499267578125,0.14658,0.15146,0.15215714285714288,0.004880000000000023,0.005577142857142892,0,0.17794142857142858,0.12219,0.05575142857142859,0.003485714285714314,0.35830393521879866,0.152715380903876,0.6414342629482072,0.10537482966706793,0.13304751915237012,0.013532480847629869,0.7920089779831928,1.79,3.3000160813684625,1.4345563050969712,-0.24109231270451095,0.012457805416941081,0.011450918590020231,-0.002688997924911063,1,18.229999542236328,20.309999465942383,3.5719995422363287
2025-10-21,672.0,667.4892578125,0.1417,0.15105333333333335,0.15250571428571427,0.009353333333333352,0.01080571428571428,0,0.18073,0.12219,0.05854000000000001,0.009759999999999991,0.2940608984021704,0.13806465447917224,0.5816733067729084,0.10302744402448273,0.13218243464001198,0.009517565359988017,0.7794336993797212,1.41,0.6360321929123965,0.7293976527674388,-0.37111554294521487,0.013680990932420256,0.006673172154218143,-0.0027039535209257837,1,17.8700008392334,19.989999771118164,3.7000008392333985
2025-10-22,669.0,664.0191040039062,0.15146,0.15146,0.15634,0.0,0.0048799999999999955,0,0.18073,0.12219,0.05854000000000001,-2.7755575615628914e-17,0.4117576123002713,0.1673661073285799,0.7091633466135459,0.11497961116414984,0.13204971026876974,0.019410289731230268,0.8707297496535512,1.23,-0.577578217917606,0.9752875992119089,-0.32515223918686,0.003953880438442692,0.006920811701554674,-0.007888712127118946,1,18.600000381469727,20.309999465942383,3.4540003814697258
2025-10-23,672.0,667.9566650390625,0.1417,0.15023999999999998,0.15634,0.008539999999999992,0.014640000000000014,0,0.17097,0.12079714285714285,0.05017285714285716,0.004183571428571453,0.2940608984021704,0.13806465447917224,0.5776892430278885,0.09574004801976992,0.13275781268845843,0.00894218731154156,0.721163192440073,1.22,-0.5910749180020092,0.7103958530594358,-0.36179069679919984,0.01683210928467016,0.016124678822562855,-0.0020056001411662416,1,17.299999237060547,19.649999618530273,3.129999237060547
2025-10-24,677.0,673.4155883789062,0.13195,0.144955,0.14867142857142857,0.013004999999999989,0.016721428571428554,0,0.16122,0.11244,0.048780000000000004,0.0048799999999999955,0.1250480461242795,0.10879322361014318,0.43824701195219123,0.10100090357330645,0.13359343690548256,-0.0016434369054825482,0.756031927262749,1.29,-0.16664636498358149,4.862218791866703,0.38970160064579035,0.019356070768910216,0.029177136144204363,0.0,1,16.3700008392334,19.200000762939453,3.175000839233398
2025-10-27,686.0,681.3603515625,0.13195,0.13885625000000001,0.14658,0.006906250000000003,0.014629999999999976,0,0.15146,0.11522571428571428,0.03623428571428573,0.0013928571428571401,0.1250480461242795,0.10879322361014318,0.44223107569721115,0.10691766440162406,0.13762244135818263,-0.005672441358182623,0.7768912057253448,1.52,1.2822694085059183,11.506924388371157,1.4600682475453381,0.02076569167583786,0.035387188936091496,0.0,1,15.789999961853027,18.989999771118164,2.594999961853027
2025-10-28,687.0,683.1700439453125,0.1417,0.14658,0.15634,0.0048799999999999955,0.014640000000000014,0,0.16121999999999997,0.12219,0.03902999999999998,4.999999999977245e-06,0.24996796925048034,0.13806465447917224,0.5776892430278885,0.10199697276171975,0.13760725865881462,0.004092741341185369,0.7412179688472138,1.06,-1.6131966610729989,1.6868890148636602,-0.27635046129865953,0.023492192494904973,0.03522780674256931,0.0,1,16.420000076293945,19.549999237060547,2.2500000762939454
2025-10-29,687.0,683.4981689453125,0.14658,0.15267999999999998,0.16017035714285713,0.006099999999999994,0.01359035714285714,0,0.17097,0.12219,0.04878000000000002,0.0,0.3124919923126199,0.152715380903876,0.6414342629482072,0.07047641835300357,0.13744216774540588,0.009137832254594108,0.5127714405927601,1.4,0.5131756759690881,2.6924580658458623,-0.10852651314892359,0.02933509717408933,0.03183822715722817,0.0,1,16.920000076293945,19.829999923706055,2.262000076293946
2025-10-30,682.0,675.98095703125,0.14658500000000002,0.15634,0.16539785714285712,0.009754999999999986,0.018812857142857103,0,0.16261285714285714,0.13334285714285715,0.02926999999999999,0.0013928571428571401,0.3125560538116594,0.15273039189406537,0.6613545816733067,0.1385862520971142,0.14388873016865236,0.0026962698313476585,0.9631487603975439,1.28,-0.20430981153632982,1.193548165110611,-0.37130695593461777,0.012013192490141877,0.01702433975620843,-0.010998144919191377,1,16.90999984741211,19.979999542236328,2.2514998474121075
2025-10-31,684.0,678.1983642578125,0.14448857142857144,0.15634,0.16539821428571427,0.011851428571428568,0.020909642857142835,0,0.17375857142857143,0.12497857142857144,0.04877999999999999,0.0048799999999999955,0.2727035539238525,0.1464364981504316,0.6095617529880478,0.12989931093868068,0.1441411747619144,0.00034739666665703495,0.9011950343352081,1.21,-0.5821028507327722,1.4413568616510084,-0.32527774780310365,0.007102264873938724,0.019186655881294534,-0.007753941310008172,1,17.440000534057617,20.489999771118164,2.991143391200474
2025-11-03,686.0,679.4711303710938,0.14518571428571428,0.15206999999999998,0.16168428571428572,0.006884285714285704,0.016498571428571446,0,0.17097,0.1291614285714286,0.04180857142857142,0.004880000000000023,0.2817980208352744,0.14852945906824638,0.6135458167330677,0.09467244858938777,0.14413788616069326,0.001047828125021022,0.6568186277120884,1.27,-0.20452262323043327,4.420121853122671,0.17127256908930855,-0.0027727195852735864,0.021114429485262765,-0.005891805943581074,1,17.170000076293945,20.3799991607666,2.6514286477225166
2025-11-04,677.0,671.4169921875,0.15634,0.1581690625,0.16679142857142856,0.001829062500000006,0.010451428571428556,0,0.18908714285714287,0.13195,0.05713714285714286,0.004178571428571448,0.4273094914180286,0.18201683375328367,0.7250996015936255,0.1173898487501085,0.15050041069441042,0.0058395893055895876,0.7799968665100018,1.17,-0.7737305757377133,1.876192882919801,-0.17236990257748197,-0.017203698935536638,0.005404996345060642,-0.01767550712894317,1,19.0,21.290000915527344,3.3659999999999997
2025-11-05,679.0,673.7437133789062,0.15146,0.15267999999999998,0.166095,0.001219999999999971,0.014634999999999981,0,0.18073,0.13195,0.04877999999999999,0.0048799999999999955,0.36364822303807376,0.1673661073285799,0.7171314741035857,0.1253427026304716,0.15016672089367764,0.0012932791063223759,0.8346902821379302,1.17,-0.6946781023085637,1.065096956710493,-0.4892707646516285,-0.014271370443403097,0.012643483827277535,-0.014271370443403097,1,18.010000228881836,20.600000381469727,2.864000228881835
2025-11-06,673.0,666.514892578125,0.16191214285714287,0.16122,0.17097,-0.0006921428571428634,0.009057857142857145,0,0.19187428571428575,0.1417,0.050174285714285755,0.0048749999999999905,0.4999999999999999,0.19874551010561306,0.7649402390438247,0.1242347319724461,0.1538023810990015,0.008109761758141376,0.8077555827466487,1.0,-1.5558894367737006,2.353232736682356,0.008407823924251018,-0.014003448402892471,-0.0041597531232345775,-0.02484758136718046,1,19.5,21.350000381469727,3.3087857142857118
2025-11-07,673.0,667.1710815429688,0.15912714285714286,0.15817,0.166095,-0.0009571428571428509,0.006967857142857137,0,0.19048,0.1417,0.04878000000000002,0.0069628571428571595,0.4215857702743439,0.19038438857020318,0.7330677290836654,0.11806493147244777,0.15353076481059397,0.005596378046548889,0.7689985236385732,1.08,-1.027186851973647,3.4038909620893647,0.4519230958374971,-0.016259671647706586,-0.0002831527670454914,-0.023887536418038424,1,19.079999923706055,21.190000534057617,3.1672856379917693
2025-11-10,683.0,677.5819091796875,0.14379285714285714,0.14932499999999999,0.15843142857142856,0.005532142857142847,0.014638571428571417,0,0.16818428571428573,0.1291614285714286,0.03902285714285714,0.004880000000000023,0.1900003074936196,0.1443478260869565,0.5936254980079682,0.17919461322783534,0.1266661097321181,0.01712674741073905,1.414700535185047,1.05,-1.097755426898879,1.7136241317716976,-0.25116466778449,-0.0027804289350372713,0.04352096873770983,-0.00865585313089312,1,17.600000381469727,20.239999771118164,3.220714667184012
2025-11-11,684.0,679.1329956054688,0.14518642857142855,0.14963,0.15866380952380954,0.004443571428571463,0.01347738095238099,0,0.16121999999999997,0.1305557142857143,0.030664285714285672,0.0007014285714285751,0.19382674727527507,0.14853160349541622,0.6095617529880478,0.14810348624991593,0.1172586279122019,0.027927800659226648,1.263049797587682,1.11,-0.7185995636825014,0.9062052048618785,-0.5771192936621112,0.011492118173580534,0.030103755486846406,-0.006386517972066463,1,17.280000686645508,20.190000534057617,2.7613578295026535
2025-11-12,684.0,679.5108642578125,0.14658,0.15328999999999998,0.15889619047619047,0.006709999999999994,0.01231619047619048,0,0.17097,0.13195,0.03902,0.004880000000000023,0.2142334163127833,0.152715380903876,0.6374501992031872,0.14808765396106913,0.1169164398437348,0.029663560156265187,1.266611044255165,0.89,-1.7150851490864603,1.4161919737628674,-0.3692631558818606,0.00855985854025021,0.03193757527659424,-0.005833672815323987,1,17.510000228881836,20.34000015258789,2.8520002288818365
2025-11-13,674.0,668.2350463867188,0.166095,0.16470214285714285,0.17097,-0.0013928571428571401,0.004875000000000018,0,0.19187428571428575,0.1500657142857143,0.041808571428571445,0.004875000000000018,0.4999999999999996,0.211303275612502,0.7928286852589641,0.18185339104645043,0.13221153666720498,0.033883463332795016,1.3754729400370027,0.95,-1.2919996661351132,1.9760167765120296,-0.1552253354449114,0.0025808182649003086,0.010328112278170876,-0.022330890194111053,1,20.0,21.850000381469727,3.3904999999999994
2025-11-14,673.0,668.125732421875,0.16748785714285713,0.166095,0.16911285714285715,-0.0013928571428571401,0.0016250000000000153,0,0.20023999999999997,0.1417,0.05853999999999998,0.0034821428571428503,0.5203962094429215,0.21548490859379185,0.7928286852589641,0.1818496238176526,0.12954885023101081,0.03793900691184632,1.4037146874972593,1.13,-0.39167471708345447,1.7213672552454748,-0.28122275038739764,0.0014308936722773336,0.017089480986270722,-0.02249082327046803,1,19.829999923706055,21.579999923706055,3.0812142094203416
2025-11-17,667.0,661.901123046875,0.18908714285714287,0.18073,0.18073,-0.008357142857142869,-0.008357142857142869,1,0.22672142857142857,0.15424857142857146,0.07247285714285712,0.0013978571428571451,0.8366838901324183,0.28033024178416344,0.852589641434263,0.12885114093818933,0.13286536892388137,0.0562217739332615,0.9697872514244718,1.04,-0.8350315158360607,1.3750086244682451,-0.42240926749010327,-0.02314227390131529,0.001926506707111031,-0.031597810908203794,1,22.3799991607666,23.18000030517578,3.4712848750523158
2025-11-18,660.0,656.3428344726562,0.20581714285714284,0.19048500000000002,0.19048500000000002,-0.015332142857142822,-0.015332142857142822,1,0.24902,0.16261285714285714,0.08640714285714285,-7.142857142705683e-07,1.0,0.3305570149573795,0.896414342629482,0.11393289313376308,0.13050713442695716,0.07531000843018568,0.8730012626055288,1.11,-0.32451791874741764,1.9123906433329152,-0.22825729735786704,-0.033557729163923744,-0.016713775800754727,-0.03972993009558301,1,24.690000534057617,24.540000915527344,4.108286248343333
2025-11-19,663.0,658.87841796875,0.19536,0.18560500000000005,0.18560500000000002,-0.009754999999999958,-0.009754999999999986,1,0.23926,0.16122,0.07804,0.0048799999999999955,0.8584330941652003,0.2991626011901571,0.8764940239043825,0.12883629428955046,0.1314866231980685,0.0638733768019315,0.9798433571107409,1.06,-0.59708442544495,0.941810385207216,-0.6315218720777059,-0.03036367389298189,-0.012900342204711257,-0.036020214969343045,1,23.65999984741211,23.989999771118164,4.123999847412108
2025-11-20,653.0,648.8355712890625,0.21836071428571427,0.20024,0.19582476190476192,-0.018120714285714268,-0.02253595238095235,1,0.2671357142857143,0.16957714285714287,0.09755857142857144,-4.285714285678921e-06,1.0,0.36821530048785717,0.9203187250996016,0.12192284009616092,0.14035352415007246,0.07800719013564181,0.8686838526818563,1.31,0.9997536372681781,2.002678056936304,-0.2197261425194751,-0.02903091539803715,-0.022866108253949302,-0.05071351940816016,1,26.420000076293945,25.760000228881836,4.583928647722519
2025-11-21,660.0,655.2987670898438,0.19257285714285716,0.18560500000000002,0.18560500000000002,-0.006967857142857137,-0.006967857142857137,1,0.2364742857142857,0.15843142857142858,0.07804285714285711,0.0048799999999999955,0.7015664393469727,0.2907950463732376,0.8605577689243028,0.1650880904167384,0.1435200010935464,0.049052856049310756,1.150279328029923,1.45,1.7278335561716682,0.9384366234805289,-0.5965557416171516,-0.019198430339653405,-0.01895017837493773,-0.04125746510628181,1,23.43000030517578,23.959999084472656,4.172714590890067
2025-11-24,670.0,664.9437866210938,0.16748785714285713,0.166095,0.17097,-0.0013928571428571401,0.003482142857142878,0,0.21,0.1347357142857143,0.0752642857142857,0.0048799999999999955,0.411266790659227,0.21548490859379185,0.7729083665338645,0.19913321945518117,0.15025531062093506,0.017232546521922076,1.325299043556308,1.34,1.2414819506852408,1.1167196021690808,-0.7838003314243445,0.004596855131794753,-0.012580346971483691,-0.027146206335635803,1,20.520000457763672,21.850000381469727,3.771214743477959
2025-11-25,676.0,671.1981811523438,0.1479742857142857,0.15634,0.1633092857142857,0.00836571428571431,0.015335000000000015,0,0.19048,0.1235842857142857,0.06689571428571431,0.009057857142857145,0.1854432734035955,0.15690130273950567,0.6294820717131474,0.18614247043855234,0.14801488256144638,-4.0596847160678795e-05,1.2575929340164682,1.14,-0.1214257133825962,1.662382687826196,-0.16337782024571318,0.02263351696621041,-0.01491453147640931,-0.017995641176257293,1,18.559999465942383,20.729999542236328,3.7625708945138125
2025-11-26,680.0,675.8318481445312,0.14170500000000003,0.15285428571428572,0.15634,0.011149285714285695,0.014634999999999981,0,0.17097,0.11244,0.05853000000000001,-2.7755575615628914e-17,0.1128910932010748,0.13807966546936157,0.5418326693227091,0.1867445063285936,0.14993882508779893,-0.008233825087798907,1.245471319514759,1.12,-0.17521466700368085,13.428107187667164,4.036501629272654,0.025730741383284128,-0.010741389886481434,-0.011216300422005387,1,17.190000534057617,20.020000457763672,3.019500534057615
2025-11-28,684.0,679.5208129882812,0.136825,0.14553535714285715,0.15564285714285714,0.008710357142857145,0.018817857142857136,0,0.17097,0.11244,0.05853000000000001,0.0048799999999999955,0.056416615003099725,0.12342893904465771,0.47808764940239046,0.05573049126110798,0.15133292879092283,-0.01450792879092283,0.36826414255223733,1.01,-0.8849334421826763,2.5917378371829947,0.06534998266289152,0.0472927858105181,-0.0058191172087097565,-0.0058191172087097565,1,16.350000381469727,19.639999389648438,2.6675003814697256
2025-12-01,680.0,676.4185180664062,0.14170500000000003,0.15145999999999998,0.15726904761904764,0.009754999999999958,0.015564047619047616,0,0.18073,0.11244,0.06829,0.004879999999999968,0.1128910932010748,0.13807966546936157,0.5418326693227091,0.11162970937664869,0.14712120063669254,-0.005416200636692514,0.7587601847561857,1.04,-0.6018324629410837,1.0850250303150701,-0.47804307262661794,0.03222919382307787,0.0006472978722329437,-0.010357966122763185,1,17.239999771118164,20.219999313354492,3.0694997711181617
2025-12-02,682.0,677.67138671875,0.13926500000000003,0.14704476190476187,0.15773357142857145,0.007779761904761845,0.018468571428571418,0,0.17097,0.11244,0.05853000000000001,0.00243999999999997,0.08465385410208742,0.13075430225700968,0.47808764940239046,0.08588292210424364,0.1468078586643051,-0.007542858664305069,0.5850022123177064,0.89,-1.511276568014869,0.8649477103907548,-0.4976661044027896,0.01914086627131506,-0.0007770256710059043,-0.008524941969564659,1,16.59000015258789,19.84000015258789,2.663500152587888
2025-12-03,684.0,680.0180053710938,0.13194499999999998,0.14658,0.15634,0.014635000000000009,0.024395000000000028,0,0.16122,0.11244,0.048780000000000004,0.004885000000000028,0.0,0.10877821261995384,0.33067729083665337,0.07063323809668223,0.14716925675417436,-0.015224256754174381,0.47994560585887286,1.1,0.00357001484171095,1.0010396567136866,-0.42947119300033154,0.013140417340833155,0.0008048539158702628,-0.005091694070796016,1,16.079999923706055,19.709999084472656,2.885499923706057
2025-12-04,684.0,680.51513671875,0.13194499999999998,0.1424014285714286,0.15262190476190474,0.010456428571428616,0.020676904761904757,0,0.16122,0.10407428571428572,0.057145714285714286,0.0007021428571428734,0.0,0.10877821261995384,0.33067729083665337,0.059893824300662424,0.1405902320502605,-0.00864523205026052,0.42601696737544753,0.89,-1.3346145940841805,0.8370624071533961,-0.48439746750777907,0.006929665399872054,0.01355066171561714,-0.0043643602310823315,1,15.779999732971191,19.489999771118164,2.5854997329711935
2025-12-05,686.0,681.8078002929688,0.12498071428571428,0.14263357142857144,0.1493685714285714,0.017652857142857165,0.024387857142857128,0,0.16122,0.10546857142857143,0.05575142857142858,0.008363571428571442,0.0,0.08787004771350451,0.22709163346613545,0.049050622619132137,0.14029954148251872,-0.015318827196804441,0.34961356324349663,1.03,-0.39117666847605936,1.73015626668801,-0.1465252525892293,0.003365588310136003,0.011969071850214563,-0.0024731136514266616,1,15.40999984741211,19.270000457763672,2.911928418840681
2025-12-08,683.0,679.7594604492188,0.14031071428571432,0.14658,0.15633999999999998,0.006269285714285672,0.016029285714285663,0,0.16818428571428573,0.11244,0.05574428571428573,1.4285714285411366e-06,0.16416791604197944,0.13389374363373194,0.4860557768924303,0.03864631894199223,0.13484974701335234,0.005460967272361977,0.2865879973669184,0.78,-1.8125222368793406,1.0240031551436355,-0.36188938705864565,0.004939164575746391,0.01987137574655362,-0.0054699612463671166,1,16.65999984741211,19.90999984741211,2.628928418840678
2025-12-09,682.0,679.1727294921875,0.14100785714285716,0.15029809523809523,0.15866142857142856,0.009290238095238074,0.017653571428571407,0,0.17097,0.11104571428571429,0.05992428571428572,0.0,0.17163357096961748,0.1359867045515467,0.4900398406374502,0.039609911829186856,0.13499342494854796,0.006014432194309194,0.2934210450937441,1.02,-0.31277800604069533,0.9844763418388944,-0.3618144726287634,0.0022154436543453393,0.01798886115007048,-0.006328384843809376,1,16.93000030517578,20.079999923706055,2.829214590890066
2025-12-10,687.0,683.6771850585938,0.12707,0.1437942857142857,0.15169238095238097,0.01672428571428572,0.02462238095238098,0,0.16122,0.10268,0.05854000000000001,0.004880000000000023,0.022374017073096063,0.08067770051904807,0.2350597609561753,0.057165292858920996,0.1260774827575797,0.0009925172424202766,0.4534139769338332,1.22,0.8742454539089101,1.1018137807021462,-0.32299064676460837,0.005381004118417687,0.00899562960039102,0.0,1,15.770000457763672,19.350000381469727,3.063000457763673
2025-12-11,689.0,685.26806640625,0.11870857142857144,0.13659285714285713,0.1444885714285714,0.017884285714285686,0.02577999999999997,0,0.15146,0.10268,0.04878000000000002,0.008361428571428575,0.0,0.05520190644076654,0.1553784860557769,0.057680763763759677,0.12608456056837405,-0.007375989139802613,0.4574768195546046,1.06,-0.15419144874603907,1.3021071637826034,-0.24757979426255944,0.0069843114885250746,0.009033680943909328,0.0,1,14.850000381469727,19.049999237060547,2.9791432386125827
2025-12-12,681.0,677.9000244140625,0.12846285714285716,0.1419347619047619,0.15262190476190476,0.01347190476190474,0.024159047619047608,0,0.16122,0.10268,0.05854000000000001,0.0034871428571428553,0.0978833513722736,0.08492148989651689,0.2749003984063745,0.10323067451089078,0.13195084950522568,-0.0034879923623685194,0.7823418712192718,0.87,-1.2882454277213031,1.1766287834997007,-0.2782171484699697,-0.005731491891449614,-0.0023705873275615685,-0.010752057995096265,1,15.739999771118164,19.25,2.893714056832449
2025-12-15,680.0,676.8758544921875,0.1354307142857143,0.14332833333333334,0.15401619047619047,0.007897619047619042,0.01858547619047618,0,0.16122,0.10965142857142857,0.051568571428571436,4.999999999977245e-06,0.1678051507744798,0.10615131829508487,0.40239043824701193,0.10207273920367599,0.1175421197336976,0.01788859455201669,0.8683928742729082,1.09,0.0705490727306213,1.6894411043001338,-0.09070600466205624,-0.004242097572464298,0.012930791571306166,-0.012246611691792086,1,16.5,19.68000030517578,2.95692857142857
2025-12-16,678.0,675.0264282226562,0.13194499999999998,0.14170500000000003,0.15053047619047616,0.009760000000000046,0.01858547619047618,0,0.16957714285714287,0.10268,0.06689714285714288,0.004183571428571453,0.1328263315963384,0.09553096334018864,0.3187250996015936,0.10294998550423072,0.11809244284886902,0.013852557151130956,0.8717745439137274,1.03,-0.2942137552285989,1.4731297493806388,-0.17139823463299242,-0.006104928966496392,0.010328438893929537,-0.014945447899395004,1,16.479999542236328,19.670000076293945,3.2854995422363302
2025-12-17,672.0,667.5986938476562,0.14658,0.15146,0.15982571428571427,0.004880000000000023,0.013245714285714277,0,0.17097,0.12219,0.04878000000000002,0.0,0.2796871976088248,0.1271527918916292,0.601593625498008,0.09431207971699733,0.12001555526883179,0.026564444731168202,0.7858321323910111,0.82,-1.4094938132236319,1.1071491981684802,-0.28948800392453644,-0.02351766529924426,0.008607888100497618,-0.025784613970496584,1,17.6200008392334,20.079999923706055,2.962000839233399
2025-12-18,676.0,672.6399536132812,0.136825,0.14565142857142857,0.15099523809523807,0.008826428571428568,0.014170238095238069,0,0.17097,0.10268,0.06829000000000002,0.0,0.1817966784457362,0.09698277766486703,0.4581673306772908,0.12205402906817178,0.11791491897088763,0.018910081029112374,1.0351025140279837,0.66,-1.9675110686759412,1.5316734111883954,-0.146196008520705,-0.01842798958835823,0.02483019282707488,-0.01842798958835823,1,16.8700008392334,19.59000015258789,3.1875008392333974
2025-12-19,683.0,678.7363891601562,0.11870785714285714,0.13125285714285717,0.14146785714285715,0.012545000000000028,0.022760000000000002,0,0.1417,0.10268,0.03902,0.0034821428571428503,0.0,0.04095054211916906,0.13147410358565736,0.13039726755389486,0.12072386458814066,-0.0020160074452835186,1.0801283408111213,1.52,2.170650995568841,0.9060834347092727,-0.35318602687273215,0.0012337582474888364,0.030139052441004566,-0.009531565187836377,1,14.90999984741211,18.25,3.0392141331263947
2025-12-22,687.0,682.96484375,0.11104571428571428,0.12707000000000002,0.1417,0.01602428571428574,0.030654285714285717,0,0.13195,0.10268,0.029270000000000018,0.006269285714285727,0.0,0.017253262876987124,0.02390438247011952,0.1352702316991174,0.10507085042813598,0.005974863857578297,1.2874192142533054,1.17,0.6639497079727961,1.4858298358875701,-0.1527712985470888,0.00899572531270243,0.05260080361058472,-0.003361053533880276,1,14.079999923706055,17.790000915527344,2.9754284951346275
2025-12-23,690.0,686.0863037109375,0.11244000000000001,0.12776714285714288,0.136825,0.015327142857142873,0.02438499999999999,0,0.13195,0.09292,0.03903000000000001,-5.0000000000050004e-06,0.012992458782889035,0.02156547403394991,0.06772908366533864,0.12968863538596873,0.10186279059803789,0.01057720940196212,1.2731698653116108,1.23,1.0380719240177751,2.542390253946571,0.2065736136270765,0.016384359227833434,0.04698244246333627,0.0,1,14.0,17.84000015258789,2.7559999999999985
2025-12-24,696.0,688.4996948242188,0.10268,0.12219,0.13372272727272727,0.01951,0.031042727272727277,0,0.13195,0.09292,0.03903000000000001,0.009755000000000014,0.0,0.0,0.0,0.03516602651690439,0.09153715867020945,0.011142841329790543,0.3841721441627955,0.84,-0.9377930206470686,0.8737639804378355,-0.38643047757581267,0.031307731979074216,0.03542541291020118,0.0,1,13.470000267028809,17.770000457763672,3.2020002670288097
2025-12-26,696.0,688.4298706054688,0.10546857142857143,0.12219,0.136825,0.016721428571428568,0.03135642857142858,0,0.1347357142857143,0.09570857142857143,0.03902714285714286,0.009753571428571431,0.02410575907825113,0.008550715114878342,0.00796812749003984,0.05350151624440853,0.0872722165169266,0.018196354911644827,0.6130417947392435,0.9,-0.5661401314678807,0.741659260415755,-1.0801860319706742,0.023474545196679797,0.025673027634760315,-0.00010141503224314619,1,13.600000381469727,17.770000457763672,3.0531432386125843
2025-12-29,693.0,685.9765625,0.11452785714285714,0.13195,0.13593863636363637,0.017422142857142872,0.021410779220779233,0,0.1389142857142857,0.10268,0.03623428571428572,0.006269285714285713,0.10241860292801001,0.03632958801498128,0.08366533864541832,0.06246441056702116,0.08621478433543468,0.028313072807422457,0.7245208701560016,1.04,0.15643056252841933,1.074290051406502,-0.3602962784074752,0.010667135953624785,0.015010707742348472,-0.003664681833828509,1,14.199999809265137,17.81999969482422,2.747214094979423
2025-12-30,692.0,685.138916015625,0.11592142857142856,0.13241428571428573,0.13726818181818182,0.01649285714285717,0.021346753246753253,0,0.14030714285714285,0.10268,0.03762714285714286,0.005572142857142859,0.11446530783622409,0.040602755327770114,0.08764940239043825,0.05345259794389514,0.08468143787361188,0.03123999069781669,0.6312197724331727,0.91,-0.4846874921557265,1.3009009651081442,0.15049090512454164,0.0031832857657616564,0.008267742385457577,-0.004881307622731423,1,14.329999923706055,17.770000457763672,2.7378570665631976
2025-12-31,688.0,680.062744140625,0.117315,0.13241428571428573,0.1417,0.015099285714285732,0.02438499999999999,0,0.1417,0.11244,0.029259999999999994,0.009754999999999986,0.1265120127444383,0.04487592264055898,0.13147410358565736,0.06464253186810029,0.08733431982059058,0.029980680179409427,0.7401733018691203,1.0,-0.047105436143269175,1.0341580412162892,-0.5095002295275818,-0.008779594546242886,0.005387531501408471,-0.01225410954720585,1,14.949999809265137,18.18000030517578,3.2184998092651362
2026-01-02,688.0,681.309326171875,0.12219,0.13195,0.13747533333333334,0.009760000000000019,0.015285333333333345,0,0.14448857142857144,0.11244,0.03204857142857144,0.006274285714285732,0.16865386871499757,0.059824342379043736,0.1952191235059761,0.05660588053822215,0.08732994277065192,0.03486005722934807,0.64818410206545,0.94,-0.3203807188151666,1.123155221953665,-0.31221149515668706,-0.010443532083452167,0.00536829431553798,-0.010443532083452167,1,14.510000228881836,18.020000457763672,2.2910002288818365
2026-01-05,692.0,685.846923828125,0.12219,0.13520000000000001,0.13845083333333333,0.013010000000000022,0.016260833333333335,0,0.1486714285714286,0.10965142857142857,0.03902000000000003,0.006971428571428601,0.16865386871499757,0.059824342379043736,0.199203187250996,0.08479550817224155,0.0894686867733799,0.0327213132266201,0.9477674394285535,1.28,1.309008724285654,3.18023510905438,3.094752925434099,-0.003751938850462766,0.008571711941436577,-0.0038529733797064702,1,14.899999618530273,18.31999969482422,2.680999618530274
2026-01-06,697.0,689.92578125,0.12149357142857142,0.1307861904761905,0.14026794117647057,0.009292619047619077,0.018774369747899144,0,0.1500657142857143,0.11104571428571429,0.03902000000000001,0.00906214285714288,0.20928883591577271,0.05768885384497449,0.17928286852589642,0.0914616634527365,0.09149571960824572,0.029997851820325702,0.999627784166789,1.54,2.1495590936389926,5.14652811813321,3.509833869109884,0.005757075337395445,0.013828707141806396,0.0,1,14.75,18.149999618530273,2.6006428571428586
2026-01-07,694.0,687.701904296875,0.12219,0.13403928571428572,0.14084176470588233,0.011849285714285729,0.01865176470588234,0,0.15146,0.11244,0.03902000000000001,0.009760000000000019,0.3010437446958592,0.059824342379043736,0.20318725099601595,0.09574668470513792,0.09233712468837568,0.02985287531162431,1.0369251265757842,1.13,0.29998893218163436,1.236521491084851,-0.30700487135559323,0.0037408301022439083,0.008644817500435664,-0.0032233567922274053,1,15.380000114440918,18.59000015258789,3.1610001144409186
2026-01-08,694.0,687.632080078125,0.12288714285714286,0.13427142857142857,0.1391191176470588,0.011384285714285708,0.01623197478991595,0,0.15146,0.11244000000000001,0.03902,0.00906285714285715,0.4461300700182934,0.06196202115776336,0.20717131474103587,0.06569588890375183,0.09152653881215075,0.03136060404499211,0.7177796708623081,1.17,0.4446222110877654,0.8435994303534065,-0.6811483090172639,0.0111303493724908,0.011581478577294968,-0.003324562198153136,1,15.449999809265137,18.389999389648438,3.16128552355085
2026-01-09,698.0,692.1796264648438,0.11522571428571428,0.12730238095238094,0.136825,0.012076666666666666,0.021599285714285724,0,0.1417,0.10268,0.03902,0.0069642857142857145,0.28577936869508624,0.03846945703835118,0.08366533864541832,0.07230925331264901,0.09369528299316766,0.021530431292546615,0.7717491318951655,1.4,1.3767923908880026,1.4054414719554769,-0.14985062802620838,0.01595501466866245,0.01915108838716395,0.0,1,14.489999771118164,17.8799991607666,2.967428342546736
2026-01-12,699.0,693.2666625976562,0.12079714285714285,0.13032333333333335,0.136825,0.009526190476190494,0.01602785714285715,0,0.1486714285714286,0.10965142857142857,0.03902000000000003,0.00836428571428574,0.41269118125610166,0.05555336531090524,0.17131474103585656,0.06561969807629436,0.09142625231176678,0.029370890545376074,0.7177336532676507,1.29,0.8374570127965406,1.7005400102716914,0.11930832860120087,0.010818359770599084,0.0140263237513778,0.0,1,15.119999885559082,18.229999542236328,3.040285599844797
2026-01-13,698.0,691.8804931640625,0.12219,0.13543214285714286,0.14428470588235293,0.013242142857142869,0.022094705882352933,0,0.15982571428571427,0.11104571428571429,0.048779999999999976,0.013245714285714277,0.4444191343963554,0.059824342379043736,0.21115537848605578,0.060838003968430684,0.09166375059312643,0.030526249406873568,0.6637084297202294,0.99,-0.4621617385763325,0.7699465034634634,-0.7624634976977304,0.0028332205683356815,0.009649401572861871,-0.0019994751058702853,1,15.979999542236328,18.850000381469727,3.7609995422363287
2026-01-14,694.0,688.479736328125,0.13195,0.1393785714285714,0.14571970588235295,0.0074285714285713955,0.013769705882352934,0,0.16122,0.11244,0.048780000000000004,0.0048799999999999955,0.6667425968109344,0.08975184528111796,0.40239043824701193,0.06825611480180166,0.08454072995831799,0.04740927004168202,0.8073755080593069,0.98,-0.47845866972209306,1.6391229558292018,0.08060002805704501,0.0011310598769467273,0.015606596154362107,-0.006904884552784818,1,16.75,19.3700008392334,3.5549999999999997
2026-01-15,696.0,690.3546142578125,0.12219,0.13589642857142858,0.14543235294117646,0.013706428571428592,0.023242352941176464,0,0.16122,0.10268,0.05854000000000001,0.009760000000000019,0.4444191343963554,0.059824342379043736,0.2151394422310757,0.07031033316711327,0.08439277787671233,0.03779722212328766,0.8331321107811878,1.17,0.30312525003485435,2.4459316517609047,0.7996373990406548,0.003959289071240324,0.019913193351736913,-0.004200473637275937,1,15.84000015258789,18.899999618530273,3.621000152587891
2026-01-16,695.0,689.7761840820312,0.12219,0.14030714285714285,0.14600617647058822,0.01811714285714286,0.02381617647058823,0,0.15424857142857146,0.10268,0.051568571428571464,0.006274285714285732,0.4444191343963554,0.059824342379043736,0.21912350597609562,0.047904361132744405,0.08360386637579147,0.03858613362420853,0.5729921737999393,1.27,0.6526522689894021,2.104088370597492,0.4279082657065818,-0.003472281313865788,0.021850634645833145,-0.005034828160561222,1,15.859999656677246,18.989999771118164,3.6409996566772467
2026-01-20,682.0,675.7345581054688,0.15773357142857145,0.16565181818181818,0.16609499999999996,0.007918246753246733,0.00836142857142852,0,0.19187428571428572,0.13334285714285715,0.05853142857142857,0.0048749999999999905,1.0,0.16881310642398764,0.7131474103585658,0.14378455581602717,0.10473336637762845,0.053000205050942995,1.3728629260096068,1.08,-0.3117675911227798,8.033852117309689,3.4194992327507054,-0.02528912096608693,0.012186758801042696,-0.02528912096608693,1,20.09000015258789,21.280000686645508,4.316643009730747
2026-01-21,690.0,683.5332641601562,0.136825,0.14569272727272725,0.14808153846153846,0.00886772727272725,0.011256538461538457,0,0.17097,0.12219,0.04878000000000002,0.009754999999999986,0.6202140771975347,0.10470026501960272,0.4900398406374502,0.18742371049907616,0.10884977839814637,0.02797522160185363,1.7218566106172968,1.04,-0.4345415911425991,1.4472027385631385,-0.318231045454035,-0.012064553179889859,0.016194860992657878,-0.014039905512013395,1,16.899999618530273,19.360000610351562,3.2174996185302724
2026-01-22,692.0,687.103515625,0.13195,0.14037045454545455,0.14658,0.008420454545454537,0.014629999999999976,0,0.16122,0.11244000000000001,0.04877999999999999,0.0048799999999999955,0.5316639636717484,0.08975184528111796,0.40239043824701193,0.1926494734818314,0.1059683428161467,0.025981657183853313,1.817990810860136,1.17,0.2850814260362275,1.423874001762988,-0.32955165417283466,-0.001998926955301239,0.01232750534444893,-0.008890009148230349,1,15.640000343322754,18.75,2.4450003433227536
2026-01-23,692.0,687.352783203125,0.12985714285714287,0.14170500000000003,0.14883230769230768,0.01184785714285716,0.018975164835164815,0,0.16400571428571428,0.11244,0.051565714285714284,0.008365714285714282,0.49364904313979896,0.08333442845565854,0.30278884462151395,0.19096426685550855,0.1039731264738734,0.025884016383269468,1.8366694676964868,1.28,0.8707093237555898,0.8708590510431305,-0.592239002269439,-0.004348245079689561,0.006424839423698314,-0.0085304540281399,1,16.09000015258789,19.149999618530273,3.104285866873605
2026-01-26,696.0,690.84326171875,0.1291614285714286,0.1385977272727273,0.14658,0.009436298701298695,0.017418571428571394,0,0.15843142857142858,0.11244,0.045991428571428586,0.0062742857142857045,0.4810120012974379,0.08120113016623966,0.29880478087649404,0.19557263438821615,0.10424803033922539,0.024913398232203204,1.876031937983082,1.58,2.1413349764464336,1.6291560826883416,-0.18705444131231797,0.0015469911274754722,0.0069334688392448385,-0.0034956258675785667,1,16.149999618530273,19.06999969482422,3.2338567613874147
2026-01-27,699.0,693.5957641601562,0.1305557142857143,0.13815454545454545,0.14658,0.007598831168831144,0.016024285714285685,0,0.15982571428571427,0.11244000000000001,0.04738571428571425,0.005577142857142836,0.5063379824845932,0.08547648772367882,0.32270916334661354,0.06364113514323474,0.10443911658256563,0.02611659770314867,0.6093611017182672,1.46,1.3819806055705144,1.137095585240661,-0.48195067717341655,0.02643228149343768,0.007401701662683502,0.0,1,16.350000381469727,19.219999313354492,3.294428952898297
2026-01-28,699.0,693.5259399414062,0.13195,0.13771136363636363,0.14658,0.00576136363636362,0.014629999999999976,0,0.16122,0.11244,0.048780000000000004,0.0048799999999999955,0.5316639636717484,0.08975184528111796,0.40239043824701193,0.040954452626069025,0.1044390759250121,0.02751092407498791,0.39213725574778713,1.05,-0.6897741776689672,0.8140484252061979,-0.6567535055731247,0.014619150676635773,0.007402452382630598,-0.00010066990364987483,1,16.350000381469727,19.299999237060547,3.1550003814697263
2026-01-29,697.0,692.1497192382812,0.13334285714285715,0.14214818181818184,0.15108461538461537,0.008805324675324688,0.01774175824175822,0,0.17097,0.11244000000000001,0.05853,0.008362142857142874,0.5569639961076873,0.09402282234925646,0.41832669322709165,0.04685482225395598,0.10383221916856937,0.02951063797428778,0.45125513669209155,1.19,-0.05618001186869998,2.2287109246407395,0.12491695756938555,0.007344167943444724,0.008999078213085765,-0.0020848525850297728,1,16.8799991607666,19.670000076293945,3.545713446480887
2026-01-30,694.0,690.0853271484375,0.1417,0.14658,0.15634,0.0048799999999999955,0.014640000000000014,0,0.18073,0.11244,0.06829,0.0048850000000000005,0.7087641907233211,0.11964868475808747,0.545816733067729,0.05679346158239607,0.10436401915030732,0.03733598084969267,0.5441862247620121,1.24,0.15196837377413813,0.8197179322026279,-0.6735971165338588,0.003975460654394469,0.007219574041390064,-0.005061214605267095,1,17.440000534057617,20.06999969482422,3.2700005340576173
2026-02-02,698.0,693.5159912109375,0.13195,0.13854647058823527,0.148532,0.006596470588235259,0.016581999999999986,0,0.16122,0.11244,0.048780000000000004,0.0048799999999999955,0.5316639636717484,0.08975184528111796,0.3944223107569721,0.05629278132951518,0.10151702765900553,0.030432972340994485,0.5545156573988942,1.57,1.7546164899063181,0.9920509411588282,-0.57030001743314,0.0038687928800782423,0.019782361533880133,-0.000115013604956693,1,16.34000015258789,19.3700008392334,3.1450001525878903
2026-02-03,692.0,687.6520385742188,0.14658,0.14887647058823528,0.15634000000000003,0.0022964705882352887,0.009760000000000046,0,0.18073,0.12219,0.05854000000000001,0.0048799999999999955,0.7974051248783648,0.13461243620912455,0.6175298804780877,0.0772647180937281,0.10653950891433916,0.04004049108566082,0.7252212712548841,1.09,-0.7657946924755509,1.4467111524241358,-0.26486356487263224,-0.008569437550032477,0.009309592807105638,-0.008569437550032477,1,18.0,20.350000381469727,3.3420000000000005
2026-02-04,690.0,684.3211059570312,0.156335,0.1543305882352941,0.16122000000000003,-0.0020044117647058934,0.004885000000000028,0,0.19048,0.13195,0.05853,0.0048799999999999955,0.9745961725591953,0.16452460739864647,0.7051792828685259,0.07834818066564217,0.1055513686103073,0.050783631389692704,0.742275365039571,1.33,0.6014883474383476,1.2446788249858658,-0.29850244788716573,-0.013272515783840255,-0.0022247207329840757,-0.01337184954460513,1,18.639999389648438,20.6200008392334,3.0064993896484378
2026-02-05,679.0,675.7744750976562,0.18490857142857148,0.17585,0.17585,-0.009058571428571471,-0.009058571428571471,1,0.22811571428571428,0.1500657142857143,0.07804999999999998,0.004182142857142801,1.0,0.25214096414569526,0.8207171314741036,0.10424545730755995,0.11150574556289859,0.07340282586567289,0.9348886622954937,1.27,0.22276049868573283,2.1955076063901293,0.2787496470745581,-0.023658528907078313,-0.020511345621415322,-0.025694056946958144,1,21.770000457763672,22.450000762939453,3.2791433149065234
2026-02-06,693.0,688.739013671875,0.14658,0.15145999999999998,0.15634,0.0048799999999999955,0.009760000000000019,0,0.18073,0.12219,0.05854000000000001,0.0048799999999999955,0.5338776928422512,0.13461243620912455,0.6095617529880478,0.20057479358843847,0.13079975683353925,0.015780243166460733,1.5334492849531638,1.3,0.3569282280025904,0.9775189036139653,-0.5056549917414891,-0.001950937693641075,0.0015080798359288217,-0.007002278184559119,1,20.3700008392334,20.3700008392334,5.712000839233399
2026-02-09,696.0,692.0599975585938,0.14379285714285714,0.14658,0.15471333333333334,0.002787142857142849,0.010920476190476203,0,0.17097,0.12219,0.04878000000000002,0.002787142857142849,0.4824305855272619,0.1260661015835469,0.5577689243027888,0.2003273919715622,0.1318204591785249,0.011972397964332249,1.5196987874261472,1.15,-0.4365889964782709,2.0165046870816328,0.14093884351610605,-0.0020994377502405737,0.006439370135211897,-0.002214209891293173,1,17.360000610351562,20.09000015258789,2.980714896065848
2026-02-10,694.0,690.2349243164062,0.14658,0.14658,0.15634,0.0,0.009760000000000019,0,0.18073,0.12219,0.05854000000000001,0.0048799999999999955,0.4554108775740103,0.13461243620912455,0.6095617529880478,0.18948992379569096,0.13014226449033023,0.01643773550966976,1.4560214127038673,1.06,-0.877761562397199,0.9280970140897783,-0.5285791545433105,0.0037560940669103537,-0.0028095339332213642,-0.004845531096660416,1,17.790000915527344,20.43000030517578,3.1320009155273443
2026-02-11,694.0,690.075439453125,0.14658,0.14658,0.15634,0.0,0.009760000000000019,0,0.18073,0.12219,0.05854000000000001,0.0048799999999999955,0.4499569478043376,0.13461243620912455,0.6095617529880478,0.18362463466259532,0.1299947385562813,0.01658526144371869,1.4125543595219812,1.27,0.25437487206124687,0.8777790628028503,-0.5652716811111749,0.008408820721737431,-0.004603168328581986,-0.005075470308406271,1,17.649999618530273,20.3700008392334,2.991999618530274
2026-02-12,683.0,679.41455078125,0.17515285714285714,0.166095,0.17454933333333333,-0.009057857142857145,-0.0006035238095238038,1,0.21139285714285713,0.1417,0.06969285714285714,0.0013935714285714107,0.8599983599163551,0.2222266027115229,0.7928286852589641,0.19889356272224448,0.14041695892034478,0.03473589822251236,1.416449724103996,1.3,0.3595181281403448,1.4310263140678159,-0.20539244633004708,0.00538652437718623,-0.018017479183152108,-0.020445934233865537,1,20.81999969482422,22.170000076293945,3.304713980538505
2026-02-13,683.0,679.8931884765625,0.17097142857142855,0.170975,0.170975,3.5714285714361083e-06,3.5714285714361083e-06,0,0.21278571428571427,0.13195,0.08083571428571426,0.0013964285714285762,0.7999917995817778,0.209404910528506,0.7729083665338645,0.12287338562652181,0.13971792936673286,0.031253499204695695,0.8794389251504198,1.32,0.439373659331555,1.0368436574063629,-0.4120534141864512,-0.012843508237108225,-0.012471751016750687,-0.01975585260412538,1,20.600000381469727,22.170000076293945,3.5028575243268705
2026-02-17,684.0,680.9901733398438,0.16679142857142856,0.166095,0.170975,-0.0006964285714285701,0.004183571428571425,0,0.21835714285714283,0.13334285714285715,0.08501428571428568,0.009058571428571444,0.7400057402927543,0.19658759883478985,0.7609561752988048,0.11239767148562768,0.1394390516012935,0.027352376970135067,0.8060702521630249,1.38,0.7735826152865517,1.3671046245948684,-0.17806318950869449,-0.01599546897350146,-0.013564682156917751,-0.018174261539177672,1,20.290000915527344,21.600000381469727,3.610858058384487
2026-02-18,687.0,684.4208374023438,0.166095,0.161215,0.1674892857142857,-0.0048799999999999955,0.001394285714285709,0,0.21,0.12219,0.08781,0.0,0.7300114805855092,0.1944521103007206,0.7569721115537849,0.1271192756181717,0.1408120564112276,0.025282943588772394,0.9027584630035692,1.38,0.6944091224029122,0.9639509540987053,-0.7400162692389234,-0.008423345022451123,-0.007763890379622884,-0.013228060538867381,1,19.6200008392334,21.389999389648438,3.010500839233398
2026-02-19,686.0,682.61572265625,0.166095,0.16609499999999996,0.17271607142857143,-2.7755575615628914e-17,0.0066210714285714345,0,0.21975,0.1305557142857143,0.0891942857142857,0.009057857142857173,0.7300114805855092,0.1944521103007206,0.7569721115537849,0.12652456966151684,0.12066911557261178,0.04542588442738821,1.0485248778125136,1.37,0.5551596689542441,1.2991328093061494,0.03190521547717577,-0.010810001878615916,0.010183236106902305,-0.015830606343453457,1,20.229999542236328,21.8799991607666,3.6204995422363275
2026-02-20,691.0,687.5523071289062,0.15634,0.15634,0.166095,0.0,0.009754999999999986,0,0.20023999999999997,0.12219,0.07804999999999998,0.0048749999999999905,0.590020091024642,0.16453993911119877,0.6852589641434262,0.0609117433759864,0.11660677127835231,0.039733228721647695,0.5223688359450741,1.47,1.1111003810011568,0.9422386496323689,-0.7121620452403554,0.011977600918759768,0.00587980597211768,-0.008713226555770226,1,19.09000015258789,21.09000015258789,3.4560001525878903
2026-02-23,684.0,680.531494140625,0.17724428571428572,0.1736,0.17585,-0.003644285714285711,-0.001394285714285709,1,0.22253857142857142,0.1347357142857143,0.08780285714285713,0.0013928571428571401,0.8900118906064203,0.22863963904768164,0.8047808764940239,0.10995862647323502,0.12061396472530217,0.056630320988983546,0.9116575076830064,1.07,-1.3987364020564124,1.0927959485761662,-0.40734435547039327,0.0009388322678931527,-0.009564820052473388,-0.018835567768136774,1,21.010000228881836,22.139999389648438,3.2855716574532643
2026-02-24,688.0,685.4779052734375,0.16191214285714287,0.161215,0.166095,-0.0006971428571428684,0.004182857142857127,0,0.21,0.12219,0.08781,0.004182857142857127,0.6413053166362134,0.18162603762840315,0.7171314741035857,0.1212391256967591,0.12352276075940576,0.03838938209773711,0.9815124350475403,1.39,0.7321395279615219,0.716814400620446,-1.1368510238462017,0.0065900098258160344,-0.0027276792580229747,-0.011704020275481786,1,19.549999237060547,21.34000015258789,3.3587849513462587
2026-02-25,694.0,691.26220703125,0.14170500000000003,0.14995846153846154,0.15634,0.008253461538461515,0.014634999999999981,0,0.19048,0.11244,0.07804000000000001,0.009754999999999986,0.3111518575040432,0.11966401647063987,0.5059760956175299,0.12982137593256565,0.12581147273191096,0.01589352726808907,1.0318723174729805,1.42,0.9662642051037567,1.1607805325986411,-0.14913865343041424,0.009995852339727218,0.0006064259951783502,-0.0033644339390276334,1,17.93000030517578,20.360000610351562,3.759500305175779
2026-02-26,690.0,687.422607421875,0.15024125,0.15145999999999998,0.161215,0.0012187499999999907,0.010973750000000004,0,0.20024,0.11244,0.0878,0.006098750000000014,0.44725588228594815,0.14583908272554044,0.6135458167330677,0.1378215881648085,0.12638226710969222,0.023858982890307773,1.090513656043119,1.29,-0.02252528103180173,0.7955831123311548,-0.9602160837997141,0.0070418606048510135,-0.008900222661763268,-0.008900222661763268,1,18.6299991607666,20.809999465942383,3.605874160766602
2026-02-27,686.0,684.1216430664062,0.158775,0.161215,0.166095,0.0024399999999999977,0.007319999999999993,0,0.21,0.117315,0.09268499999999999,0.004882500000000012,0.5833200464660725,0.172006483124165,0.6852589641434262,0.1322438415543945,0.12728080769120725,0.031494192308792746,1.0389927904545353,1.24,-0.4217053799279245,0.9389947381197984,-0.5788175562832444,-0.004989677188090402,-0.013560122748681236,-0.013659427556080517,1,19.860000610351562,21.559999465942383,3.982500610351563
2026-03-02,686.0,684.5106201171875,0.168535,0.170975,0.1714625,0.0024399999999999977,0.0029274999999999995,0,0.22463,0.12219,0.10244,0.004875000000000018,0.738935835819875,0.20193398602623913,0.7649402390438247,0.1037256523716491,0.1272505418025365,0.041284458197463486,0.8151293574262921,1.62,2.0448263783627625,1.3352405662007722,0.38891257956038844,0.005847085712891609,-0.011036772693487018,-0.01309861523443634,1,21.440000534057617,22.440000534057617,4.586500534057617
2026-03-03,680.0,678.4771118164062,0.18560500000000002,0.18072500000000002,0.18072500000000002,-0.0048799999999999955,-0.0048799999999999955,1,0.24902,0.13195,0.11706999999999998,0.0048799999999999955,1.0,0.2542764526797644,0.8286852589641435,0.10720690966281946,0.13026560489950859,0.055339395100491434,0.8229870789416944,1.2,-0.6925545909961188,4.513316217128244,3.7892502670861687,-0.010213011102434666,-0.01682142030174527,-0.021797498088899747,1,23.56999969482422,23.540000915527344,5.009499694824218
2026-03-04,686.0,683.2639770507812,0.170365,0.168046,0.17585,-0.0023189999999999877,0.005485000000000018,0,0.21975,0.12219,0.09756000000000001,0.0006050000000000222,0.7299958238949135,0.20754539282037804,0.7649402390438247,0.0988946570542312,0.13161178054926814,0.038753219450731846,0.7514118921688058,1.26,-0.34156653857546154,0.8294938170732769,-0.6001164121692099,-0.011570471955668737,-0.014782664408725998,-0.014895977806158145,1,21.149999618530273,22.290000915527344,4.113499618530273
2026-03-05,681.0,679.4544067382812,0.18560500000000002,0.18072500000000002,0.18072500000000002,-0.0048799999999999955,-0.0048799999999999955,1,0.24658,0.13195,0.11462999999999998,0.0036599999999999966,1.0,0.2542764526797644,0.8326693227091634,0.09893852686113916,0.12982232425724868,0.055782675742751336,0.7621071909411211,1.04,-1.750350105035005,1.3184268639060637,-0.021966094360721534,-0.011591414942662248,-0.0119211917889962,-0.020388471430470956,1,23.75,23.860000610351562,5.189499999999999
2026-03-06,672.0,670.5487060546875,0.230726875,0.21650166666666668,0.209995,-0.014225208333333322,-0.02073187500000001,1,0.30023374999999997,0.16122,0.13901374999999996,0.0,1.0,0.3926355761438553,0.9362549800796812,0.12628867977838532,0.13633929932924102,0.09438757567075898,0.926282300112275,1.17,-0.7914952444673651,1.061666723507175,-0.2677785411910641,-0.019839946812501674,-0.02012563953158053,-0.033228372052380384,1,29.489999771118164,27.559999465942383,6.417312271118163
2026-03-09,677.0,676.4227294921875,0.20145875000000002,0.195365,0.19268100000000005,-0.006093750000000009,-0.008777749999999973,1,0.26121,0.1417,0.11951,-3.750000000024567e-06,0.7118298985611847,0.30288948025494455,0.8804780876494024,0.1549218014618699,0.13343228412388228,0.06802646587611774,1.161051858469545,1.32,0.23372193967523605,2.533522525029781,1.3690654142080994,-0.011815580923514868,0.0009592762355186135,-0.02475942840966283,1,25.5,25.34000015258789,5.354124999999996
2026-03-10,678.0,675.3356323242188,0.19658,0.19536,0.19536,-0.0012199999999999989,-0.0012199999999999989,1,0.25877,0.15146,0.10730999999999999,0.008534999999999987,0.6591147116943589,0.28792956173204554,0.8725099601593626,0.1439941293127017,0.1142608779054909,0.0823191220945091,1.2602225009316328,1.39,0.6408961339528659,0.7826291567151568,-0.6020476728630463,-0.00463019229016759,-0.019460755208564162,-0.02632676377147125,1,24.93000030517578,25.510000228881836,5.27200030517578
2026-03-11,676.0,674.4879760742188,0.195365,0.19048500000000002,0.19048500000000002,-0.0048799999999999955,-0.0048799999999999955,1,0.24902,0.1417,0.10732,-5.000000000032756e-06,0.6420024929924135,0.28420395558183853,0.8685258964143426,0.12603723668509428,0.11233316535014569,0.08303183464985432,1.1219948827421768,1.03,-1.8216332952706629,0.6115782676803692,-0.7748475400944514,-0.012844231909375559,-0.025390893197648312,-0.02754888232207453,1,24.229999542236328,24.969999313354492,4.693499542236328
2026-03-12,666.0,664.2459106445312,0.22811214285714287,0.2162692857142857,0.211947,-0.011842857142857183,-0.016165142857142878,1,0.2866471428571429,0.17097,0.11567714285714287,0.0006964285714285701,0.9735289039782122,0.38461791182075045,0.9362549800796812,0.1559326156737873,0.1224501565682917,0.10566198628885118,1.2734374544210738,1.0,-1.7618451010261265,1.1324738610237621,-0.18712091961134478,-0.022383394592667916,-0.03765241768607108,-0.042315502821969275,1,27.290000915527344,26.950000762939453,4.478786629813058
2026-03-13,661.0,660.4862060546875,0.23159785714285713,0.22079964285714285,0.21975499999999998,-0.010798214285714286,-0.011842857142857155,1,0.28804,0.17097,0.11707000000000001,-0.0020928571428571185,1.0,0.39530630571434827,0.9442231075697212,0.13767525451033227,0.12300716423232251,0.10859069291053462,1.1192458209206926,1.09,-1.0979191449640102,1.4161005648568168,0.144012238554961,-0.015006367038130297,-0.04287825896526121,-0.047736101943413156,1,27.190000534057617,27.280000686645508,4.030214819771903
2026-03-16,669.0,667.2078857421875,0.20023999999999997,0.19536,0.19536,-0.004879999999999968,-0.004879999999999968,1,0.24902,0.15146,0.09755999999999998,2.7755575615628914e-17,0.685313281770807,0.29915237532032324,0.8804780876494024,0.14536504008137943,0.11968031816264929,0.08055968183735068,1.2146110765165563,1.38,0.6232809234379877,1.0432337916355237,-0.29060568080344834,-0.013622906724198747,-0.017966446295602956,-0.03804503975009221,1,23.510000228881836,24.920000076293945,3.4860002288818386
2026-03-17,670.0,668.9630126953125,0.1863021428571429,0.18560500000000002,0.189753,-0.0006971428571428684,0.0034508571428571166,0,0.23090285714285713,0.1417,0.08920285714285714,-7.142857143260795e-07,0.49611442193087035,0.256414131458484,0.8326693227091634,0.15046865383884542,0.12018196792567228,0.06612017493147061,1.2520069061600343,1.31,0.22879421061570615,1.1396491340825403,-0.16497912038232784,-0.009436225965116618,-0.016076313112860063,-0.03551456444471002,1,22.3700008392334,24.329999923706055,3.73978655351911
2026-03-18,659.0,659.6285400390625,0.21487499999999998,0.209995,0.209995,-0.0048799999999999955,-0.0048799999999999955,1,0.26853,0.16122,0.10730999999999999,0.0,0.8139690107270559,0.3440282979608822,0.9163346613545816,0.17280296616263688,0.1282460432745021,0.08662895672549789,1.3474331195759675,1.25,-0.09441331157414193,0.7668656754019024,-0.5840720031640672,-0.02203069077916542,-0.03136848979187967,-0.04897265219349067,1,25.09000015258789,26.559999465942383,3.6025001525878935
2026-03-19,660.0,658.0029907226562,0.20512,0.20511999999999997,0.20512,-2.7755575615628914e-17,0.0,0,0.24902000000000002,0.16122,0.08780000000000002,2.7755575615628914e-17,0.705450933651172,0.31411612677136036,0.8924302788844621,0.1436084781077438,0.12603709590958206,0.07908290409041793,1.1394143690105911,0.86,-2.050391828485893,2.898021479882071,1.6495351157900942,-0.009398507121884059,-0.03859883457077962,-0.05131630738921489,1,24.059999465942383,25.540000915527344,3.5479994659423824
2026-03-20,651.0,648.5700073242188,0.22950500000000001,0.22463,0.22463,-0.004875000000000018,-0.004875000000000018,1,0.2657414285714286,0.19048,0.07526142857142856,-0.0013942857142857368,0.976718315454907,0.38888888888888895,0.9362549800796812,0.16934021822241266,0.133355631606057,0.096149368393943,1.269839272499994,1.13,-0.5207344025597908,13.322709290959693,4.0112279248482565,-0.018041555783047003,-0.04987537526904562,-0.0649164241803829,0,26.780000686645508,27.43000030517578,3.829500686645506
2026-03-23,656.0,655.3800048828125,0.22114428571428574,0.2124375,0.21,-0.008706785714285736,-0.011144285714285745,1,0.26853,0.17375857142857143,0.09477142857142856,-2.7755575615628914e-17,0.8837107667858565,0.3632520752568063,0.9203187250996016,0.17098559000835364,0.1367361539906836,0.08440813172360215,1.2504782752629098,1.16,-0.38429694078378956,0.9875879175388174,-0.34522342777426407,-0.017727429654429083,-0.046792515874813145,-0.05509802863865165,0,26.149999618530273,26.100000381469727,4.035571047101701
2026-03-24,654.0,653.1799926757812,0.22532714285714286,0.21696428571428572,0.21325,-0.008362857142857144,-0.01207714285714287,1,0.2699242857142857,0.18073,0.08919428571428573,0.0,0.930242352006357,0.37607814792912375,0.9243027888446215,0.16236317219927188,0.13371678327087289,0.09161035958626998,1.214231813147714,1.41,1.0273204751569305,0.7393942556387041,-0.4333429364025277,-0.023593262587030095,-0.04019138232446273,-0.05826992258713204,0,26.950000762939453,26.559999465942383,4.417286477225165
2026-03-25,657.0,656.8200073242188,0.21487499999999998,0.21,0.20796666666666663,-0.0048749999999999905,-0.00690833333333335,1,0.25877,0.17097,0.08779999999999999,-4.999999999977245e-06,0.8139690107270559,0.3440282979608822,0.9043824701195219,0.1510666802439077,0.13237752995600852,0.08249747004399147,1.141180684471979,1.35,0.7211187567535113,1.0638796669040886,-0.3168578627636077,-0.0042577489365112076,-0.04180717967530567,-0.05302188787220696,0,25.329999923706055,25.6299991607666,3.8424999237060575
2026-03-26,648.0,645.0900268554688,0.23926,0.22602428571428573,0.2221925,-0.013235714285714267,-0.017067500000000013,1,0.26853,0.20837333333333333,0.060156666666666664,-0.0008083333333333276,1.0,0.4188010600784108,0.9442231075697212,0.1953847561880824,0.13766860709722845,0.10159139290277155,1.4192397258010458,1.18,-0.2284354033894071,1.5151786489350336,-0.17092019643473658,-0.019624475951098286,-0.0667940178215094,-0.06993372770005435,0,27.440000534057617,27.15999984741211,3.514000534057619
2026-03-27,634.0,634.0900268554688,0.2669033333333333,0.25006464285714286,0.24129625,-0.016838690476190465,-0.025607083333333336,1,0.30755,0.21650000000000003,0.09104999999999996,-0.004878333333333318,1.0,0.5035649882091829,0.9641434262948207,0.2054292884450169,0.1457499158634684,0.12115341746986494,1.409464199193455,1.36,0.7654078134714365,2.7403097751267786,0.23187515775959108,-0.022326009999274476,-0.07758339628431188,-0.08579310944428897,0,31.049999237060547,29.270000457763672,4.359665903727215
2026-03-30,631.0,631.969970703125,0.26365,0.24902,0.2400775,-0.014630000000000004,-0.023572499999999996,1,0.299425,0.21162499999999998,0.08780000000000002,-0.008124999999999993,0.9740145635591528,0.4935891539084916,0.9561752988047809,0.1605859353106354,0.14571566375917192,0.11793433624082808,1.1020499180928136,1.44,1.412861589725908,2.2000435956456235,0.02464437747970669,-0.035719787001853076,-0.07623157795377478,-0.08884972579331007,0,30.610000610351562,29.1299991607666,4.245000610351564
2026-03-31,655.0,650.3400268554688,0.21,0.21,0.20552666666666666,0.0,-0.004473333333333329,1,0.24902,0.17097,0.07804999999999998,-5.0000000000050004e-06,0.5454944820884196,0.3290798782223974,0.8764940239043825,0.30533701971503163,0.18377419343364182,0.026225806566358173,1.6614793078946875,1.71,2.4283229301347267,1.0025853368121525,-0.34490865168297263,-0.004347906935542323,-0.04991974157518375,-0.062364477322124245,0,25.25,25.549999237060547,4.25
2026-04-01,660.0,655.239990234375,0.20024,0.20024000000000003,0.19536,2.7755575615628914e-17,-0.0048799999999999955,1,0.24902,0.17097,0.07804999999999998,0.009754999999999986,0.46753817276587806,0.2991523753203233,0.8406374501992032,0.3082220227791211,0.18531050116731257,0.014929498832687432,1.6632733754296771,1.58,1.5551840586150822,1.983761256790784,-0.010627647292531165,-0.002405555665517034,-0.03424893954023189,-0.055299896434956586,0,24.540000915527344,24.860000610351562,4.516000915527343
2026-04-02,660.0,655.8300170898438,0.20024000000000003,0.20024,0.19535999999999998,-2.7755575615628914e-17,-0.004880000000000051,1,0.23926,0.16122,0.07804,-2.7755575615628914e-17,0.4675381727658783,0.2991523753203234,0.8446215139442231,0.26689325494161165,0.18288923268488796,0.017350767315112064,1.4593163907109818,1.74,1.9734317364343892,0.8435425240222367,-0.41544526708199847,0.01664882386529487,-0.04015133371929336,-0.05444921814948123,0,23.8700008392334,24.719999313354492,3.846000839233394
2026-04-06,663.0,658.9299926757812,0.19536000000000003,0.192188,0.19048500000000002,-0.003172000000000036,-0.004875000000000018,1,0.24902,0.16122,0.08779999999999999,0.009759999999999963,0.42856001810460753,0.28418862386928634,0.8167330677290837,0.19704724257953327,0.18378759667193353,0.0115724033280665,1.0721465765247946,1.66,1.434988762126872,0.9108095866045228,-0.38791364856198524,0.03917419414952317,-0.03020719839176167,-0.04997979122082763,0,24.170000076293945,24.770000457763672,4.63400007629394
2026-04-07,664.0,659.219970703125,0.2065135714285714,0.203168,0.1970823529411765,-0.00334557142857142,-0.009431218487394921,1,0.25877,0.17236428571428572,0.08640571428571428,0.009053571428571439,0.517647237811244,0.3183892940841492,0.8685258964143426,0.1851572212369618,0.17882185639002368,0.027691715038547726,1.035428358562167,1.35,0.12982193778939047,1.063895672178765,-0.30538964545256586,0.04311913740091455,-0.016894724051019994,-0.049561711926910834,0,25.780000686645508,25.56999969482422,5.1286435437883675
2026-04-08,680.0,676.010009765625,0.166095,0.16828875000000001,0.16810441176470586,0.002193750000000022,0.0020094117647058707,0,0.21975,0.1417,0.07805000000000001,0.014630000000000004,0.1948109000386052,0.1944521103007206,0.7290836653386454,0.1611879353739663,0.19789619499224403,-0.03180119499224404,0.8145075016742166,1.57,0.9880822138041407,25.417376193171837,3.7618966958583338,0.03947163306905166,-0.0006101505886302316,-0.02535447201847474,1,21.040000915527344,22.68000030517578,4.430500915527343
2026-04-09,684.0,679.9099731445312,0.15634000000000003,0.15878,0.16351147058823529,0.00243999999999997,0.007171470588235251,0,0.20024000000000003,0.13195,0.06829000000000002,0.009754999999999986,0.05227705374139734,0.16453993911119885,0.6573705179282868,0.1618294372965613,0.19879673187350785,-0.04245673187350782,0.8140447570311747,1.53,0.7426686204656276,1.4872375891067446,-0.2872787650996183,0.03765030107721601,0.00677343324025359,-0.01973165310805569,1,19.489999771118164,21.809999465942383,3.85599977111816
2026-04-10,683.0,679.4600219726562,0.15146,0.16122,0.1637985294117647,0.009759999999999991,0.012338529411764693,0,0.20023999999999997,0.13195,0.06828999999999996,0.014634999999999981,0.0,0.1983024713763456,0.6374501992031872,0.16610071017121644,0.19874799107766727,-0.04728799107766726,0.83573529106167,1.43,0.24803454794934887,1.4959428361798575,-0.2891802353575654,0.03603068518831676,0.007371585669142311,-0.020380375599058476,1,19.229999542236328,21.860000610351562,4.083999542236327
2026-04-13,690.0,686.0999755859375,0.15146,0.154876,0.15634,0.0034160000000000024,0.0048799999999999955,0,0.19048,0.13195,0.05853,0.009754999999999986,0.0,0.1983024713763456,0.6414342629482072,0.16541535977970145,0.19273288181630205,-0.04127288181630204,0.8582622654776805,1.46,0.3129589714202582,1.1930431536229265,-0.338418749408658,0.0412334894634625,0.032900563768922364,-0.010807142952055204,1,19.1200008392334,21.34000015258789,3.9740008392333976
2026-04-14,698.0,694.4600219726562,0.14658,0.14658,0.15145999999999998,0.0,0.0048799999999999955,0,0.18073,0.12219,0.05854000000000001,0.0048799999999999955,0.0,0.20256418707359677,0.5657370517928287,0.15162654248847515,0.19418395451934084,-0.04760395451934085,0.780839708738,1.22,-0.7584176789452414,18.3894886304404,2.1137496214797875,0.053457196134310214,0.051437585836812794,0.0,1,18.360000610351562,20.81999969482422,3.702000610351563
2026-04-15,703.0,699.9400024414062,0.14658,0.150484,0.15547882352941178,0.0039040000000000186,0.008898823529411792,0,0.18073,0.13195,0.04877999999999999,0.009760000000000019,0.0,0.2218228016227063,0.5697211155378487,0.07717655929409813,0.19320275568037762,-0.04662275568037763,0.3994588949951321,0.94,-1.784883967252605,3.356777143743919,-0.12035500344184784,0.035398873286029975,0.049058348078137914,0.0,1,18.170000076293945,20.780000686645508,3.512000076293946
2026-04-16,705.0,701.6599731445312,0.14727714285714286,0.150728,0.1557658823529412,0.0034508571428571444,0.008488739495798342,0,0.18073,0.13195,0.04877999999999999,0.00906285714285715,0.005793912434353562,0.22534540257265367,0.5936254980079682,0.0836969727300542,0.19319977825312276,-0.045922635395979905,0.4332146417911397,1.06,-1.200231407437968,1.7749817767377862,-0.36347749991177475,0.03198952928930865,0.048877082631937574,0.0,1,17.940000534057617,20.770000457763672,3.2122862483433323
2026-04-17,714.0,710.1400146484375,0.1417,0.150484,0.15576588235294117,0.008784000000000014,0.014065882352941178,0,0.17097,0.13195,0.03902,0.009760000000000019,0.0,0.19716459497307517,0.47808764940239046,0.06314527994379802,0.18643061971336827,-0.04473061971336828,0.3387065925161976,1.15,-0.9879531260337925,10.771146349955467,0.8960852772785813,0.045153492013715546,0.07657563544231083,0.0,1,17.479999542236328,20.510000228881836,3.309999542236328
2026-04-20,712.0,708.719970703125,0.15146,0.16081333333333334,0.16191214285714287,0.009353333333333325,0.010452142857142854,0,0.18073,0.13195,0.04877999999999999,0.0048799999999999955,0.07795319613428837,0.24648100827233754,0.6613545816733067,0.09797825117544261,0.186249258444697,-0.03478925844469699,0.5260598189416968,1.26,-0.5396837845275841,0.7430516554133695,-0.4907848221273782,0.032968949019229754,0.07707712684522683,-0.001999667552905704,1,18.8700008392334,21.239999771118164,3.7240008392333976
2026-04-21,710.0,704.0800170898438,0.156335,0.1604025,0.16609499999999996,0.004067500000000002,0.009759999999999963,0,0.18908714285714287,0.15146,0.03762714285714286,0.013938571428571439,0.1168898591624292,0.2711139503659752,0.6772908366533864,0.11810773865656761,0.17851280165806058,-0.022177801658060575,0.6616205535936955,1.25,-0.6168060142886413,1.2668306593111367,-0.4139817897476354,0.013852482234846697,0.08558830833797049,-0.008533524986046315,1,19.5,21.510000228881836,3.8665000000000003
