ticker,fiscal_quarter_end,announcement_date,eps_beat,price_1m_before,price_3m_before,price_change_1m_pct,price_change_3m_pct,eps_estimate_average,eps_estimate_high,eps_estimate_low,eps_estimate_analyst_count,eps_estimate_average_7_days_ago,eps_estimate_average_30_days_ago,eps_estimate_average_60_days_ago,eps_estimate_average_90_days_ago,eps_estimate_revision_up_trailing_7_days,eps_estimate_revision_down_trailing_7_days,eps_estimate_revision_up_trailing_30_days,eps_estimate_revision_down_trailing_30_days,revenue_estimate_average,revenue_estimate_high,revenue_estimate_low,revenue_estimate_analyst_count,elo_before,elo_decay,elo_momentum,elo_vol_4q,total_revenue_yoy_growth_lag1,total_revenue_qoq_growth_lag1,total_revenue_ttm_yoy_growth_lag1,actual_eps_yoy_growth_lag1,actual_eps_qoq_growth_lag1,ebitda_yoy_growth_lag1,operating_income_yoy_growth_lag1,gross_margin_yoy_change_lag1,operating_margin_yoy_change_lag1,stock_price_pre,stock_price_post,atm_strike_pre,atm_expiration_pre,atm_call_mid_pre,atm_put_mid_pre,straddle_price_pre,straddle_pct_pre,atm_call_mid_post,atm_put_mid_post,exit_premium,expiry_close,exit_intrinsic_at_expiry,iv_call_pre,iv_put_pre,iv_avg_pre,iv_avg_post,iv_crush_pct,iv_term_slope,atm_open_interest_pre,atm_volume_pre,chain_pc_volume_ratio,dte_pre,actual_move_pct,crush_profitable,crush_pnl_pct,spy_join_date,spy_spot,spy_spy_close,spy_atm_iv_30d,spy_atm_iv_60d,spy_atm_iv_90d,spy_term_slope_30_60,spy_term_slope_30_90,spy_backwardation_flag,spy_iv_25d_put,spy_iv_25d_call,spy_risk_reversal_25d,spy_butterfly_25d,spy_iv_rank_30d,spy_iv_rank_252d,spy_iv_percentile_252d,spy_rv_5d,spy_rv_21d,spy_vrp_30d,spy_vol_expansion,spy_pc_ratio,spy_pc_ratio_z_20d,spy_voi_ratio,spy_voi_ratio_z_20d,spy_spy_ret_5d,spy_spy_ret_21d,spy_spy_dd_from_60d_high,spy_spy_above_200d_ma,spy_vix_close,spy_vix3m_close,spy_vix_minus_atm_iv_30d,entry_premium,exit_cost,exit_source,half_spread,commission,pnl_dollars,pnl_pct_notional,fold,model,proba
DOC,2023-03-31,2023-04-27,0.0,20.88,27.53,1.58,-22.96,0.09,0.11,0.06,7.0,0.09,0.09,0.09,0.11,0.0,0.0,0.0,0.0,522940000.0,532000000.0,514620000.0,6.0,2415.2,1969.76,166.4,332.0,8.7,296.07,8.73,-58.33,-82.14,43.27,4.78,-1.09,-0.65,15.0,15.0,15.0,2023-05-19,0.125,1.15,1.275,8.5,0.1,1.0,1.1,19.9,4.899999999999999,0.01488,1.85874,0.93681,0.995345,-6.2483321057631755,-0.40975,530.0,1.0,0.6607142857142857,23.0,0.0,1,8.5,2023-04-26,407.0,389.1180114746094,0.166095,0.1727160714285714,0.180725,0.0066210714285714,0.01463,0,0.20024,0.1417,0.05854,0.004875,0.2778157385263637,0.1428822444138577,0.0756972111553784,0.1098270649267062,0.1127638969431819,0.053331103056818,0.9739559194379784,1.23,-0.2648286770497453,0.9646341695367132,-0.3500923917591259,-0.0236151898191363,0.0198491400409648,-0.0260971151723647,1,18.84000015258789,21.540000915527344,2.23050015258789,1.275,4.899999999999999,expiry_intrinsic,0.06375,1.9500000000000002,-370.8249999999999,-0.24721666666666658,fold_1,logreg,0.8888888888888888
DIS,2023-06-30,2023-08-09,1.0,88.1,92.31,-0.69,-5.22,0.87,1.0,0.75,23.0,0.97,1.05,154.14,1.29,0.0,0.0,0.0,3.0,20449700000.0,20791300000.0,20052400000.0,21.0,7501.6,8231.84,-317.87,709.35,13.33,-7.22,13.06,-13.89,151.35,42.49,42.19,-1.57,2.12,88.0,92.0,88.0,2023-08-11,2.595,2.4000000000000004,4.995,5.676136363636363,3.8,0.05,3.85,89.02,1.019999999999996,0.78559,0.77583,0.78071,0.3417,56.232147660462914,-0.43413,6103.0,2236.0,0.7432773894148994,3.0,4.545454545454541,1,1.130681818181822,2023-08-08,455.0,433.43890380859375,0.1283109056865212,,,,,0,,,,,0.8756715301168859,0.125108145099435,0.1792828685258964,0.1282802486442215,0.0979468759479288,0.0303640297385923,1.3096920897448392,1.24,0.0836172989395821,1.074162648875988,-0.8579902419922858,-0.0169339086545982,0.0206751208586104,-0.0197469936070993,1,15.989999771118164,18.1299991607666,3.158909202466038,4.995000000000001,1.019999999999996,expiry_intrinsic,0.24975000000000006,1.9500000000000002,370.5750000000005,0.04211079545454551,fold_1,logreg,1.0
CRWD,2023-07-31,2023-08-30,1.0,161.66,157.55,-7.72,-5.31,0.56,0.58,0.54,38.0,0.56,0.56,0.56,0.54,0.0,0.0,1.0,1.0,724130000.0,736000000.0,720000000.0,37.0,1741.6,1790.88,59.73,279.94,41.97,,50.02,83.87,246.15,17404.96,18.54,1.57,2.09,147.0,162.5,147.0,2023-09-01,5.975,6.175,12.15,8.26530612244898,16.325,0.01,16.335,161.23,14.22999999999999,1.14656,1.1368,1.14168,0.453895,60.24323803517624,-0.64876,680.0,304.0,0.8885966560210408,3.0,10.54421768707483,0,-2.278911564625851,2023-08-29,454.0,433.83489990234375,0.1180114285714285,0.1284628571428571,0.1354307142857143,0.0104514285714285,0.0174192857142857,0,0.15146,0.10268,0.04878,0.0090585714285714,0.2343557299591578,0.0748349127321158,0.1553784860557769,0.1756161459603316,0.1279199945835976,-0.009908566012169,1.3728592354306568,1.62,1.6516182460388305,5.717599801087983,3.3371171164785447,0.0251284393977688,-0.0188514201871607,-0.0188514201871607,1,14.449999809265137,16.559999465942383,2.64885695212228,12.149999999999999,14.22999999999999,expiry_intrinsic,0.6074999999999999,1.9500000000000002,-270.6999999999991,-0.018414965986394496,fold_1,logreg,0.8888888888888888
ARE,2023-09-30,2023-10-23,0.0,101.26,123.75,-6.8,-23.74,1.14,2.07,0.78,4.0,1.14,0.83,0.86,0.89,0.0,0.0,0.0,0.0,721980000.0,740100000.0,709340000.0,9.0,626.4,1802.4,-544.0,853.52,9.41,2.38,18.37,-34.62,-38.55,-1.71,6.69,0.41,-0.63,95.0,95.0,95.0,2023-11-17,4.1,3.7,7.8,8.210526315789474,3.75,2.9000000000000004,6.65,103.72,8.719999999999999,0.36609,0.37584,0.370965,0.3417,7.888884396102054,-0.02439,117.0,5.0,0.454608938547486,28.0,0.0,1,8.210526315789474,2023-10-20,424.0,408.2542114257813,0.18073,0.1842107142857143,0.180725,0.0034807142857143,-4.999999999977245e-06,1,0.2169642857142857,0.1584314285714285,0.0585328571428571,0.0069678571428571,1.0,0.4403757722797417,0.6573705179282868,0.1593975300160922,0.127727872908018,0.053002127091982,1.247946328291874,1.4,0.1433725242723427,2.2714529501722622,1.0554250554782718,-0.0238933783655995,-0.023644536644255,-0.0767039723332966,1,21.709999084472656,22.440000534057617,3.636999084472656,7.8,8.719999999999999,expiry_intrinsic,0.39,1.9500000000000002,-132.9499999999999,-0.013994736842105253,fold_2,logreg,1.0
BRO,2023-09-30,2023-10-23,1.0,72.27,72.47,-7.6,-7.85,0.62,0.65,0.58,12.0,0.61,0.61,0.61,0.6,1.0,0.0,3.0,0.0,1034190000.0,1062180000.0,1011740000.0,9.0,2792.8,2427.36,213.33,95.04,23.47,-6.5,19.47,33.33,-19.05,27.55,27.11,-2.05,0.81,70.0,70.0,70.0,2023-11-17,0.7250000000000001,3.5999999999999996,4.324999999999999,6.178571428571428,1.5,1.425,2.925,73.01,3.010000000000005,0.22951,0.27829,0.2539,0.20512,19.212288302481294,-0.00976,46.0,7.0,0.1524105754276827,28.0,0.0,1,6.178571428571428,2023-10-20,424.0,408.2542114257813,0.18073,0.1842107142857143,0.180725,0.0034807142857143,-4.999999999977245e-06,1,0.2169642857142857,0.1584314285714285,0.0585328571428571,0.0069678571428571,1.0,0.4403757722797417,0.6573705179282868,0.1593975300160922,0.127727872908018,0.053002127091982,1.247946328291874,1.4,0.1433725242723427,2.2714529501722622,1.0554250554782718,-0.0238933783655995,-0.023644536644255,-0.0767039723332966,1,21.709999084472656,22.440000534057617,3.636999084472656,4.324999999999999,3.010000000000005,expiry_intrinsic,0.21624999999999997,1.9500000000000002,107.92499999999941,0.01541785714285706,fold_2,logreg,1.0
CDNS,2023-09-30,2023-10-23,1.0,230.66,238.29,4.01,0.68,1.2,1.22,1.18,10.0,1.2,1.2,1.2,1.26,0.0,0.0,0.0,0.0,1001750000.0,1009300000.0,1000000000.0,10.0,6460.0,6204.0,149.33,27.71,13.88,-4.42,17.53,12.96,-5.43,9.84,5.81,0.88,-2.34,240.0,240.0,240.0,2023-11-17,9.2,9.55,18.75,7.8125,6.1,7.8,13.9,268.27,28.269999999999985,0.35633,0.35633,0.35633,0.283165,20.5329329554065,-0.03902,705.0,53.0,0.4800523217789404,28.0,0.0,1,7.8125,2023-10-20,424.0,408.2542114257813,0.18073,0.1842107142857143,0.180725,0.0034807142857143,-4.999999999977245e-06,1,0.2169642857142857,0.1584314285714285,0.0585328571428571,0.0069678571428571,1.0,0.4403757722797417,0.6573705179282868,0.1593975300160922,0.127727872908018,0.053002127091982,1.247946328291874,1.4,0.1433725242723427,2.2714529501722622,1.0554250554782718,-0.0238933783655995,-0.023644536644255,-0.0767039723332966,1,21.709999084472656,22.440000534057617,3.636999084472656,18.75,28.269999999999985,expiry_intrinsic,0.9375,1.9500000000000002,-1047.6999999999987,-0.04365416666666661,fold_2,logreg,1.0
PKG,2023-09-30,2023-10-23,1.0,149.06,152.65,-3.03,-5.31,1.93,1.95,1.91,6.0,1.92,1.91,1.91,1.94,2.0,0.0,2.0,0.0,1993520000.0,2114100000.0,1931000000.0,5.0,13357.6,12078.88,550.4,617.62,-12.75,-1.22,3.04,-28.48,5.0,-23.12,-33.98,-3.54,-4.69,140.0,150.0,140.0,2023-11-17,7.9,2.75,10.65,7.607142857142857,10.05,1.5,11.55,155.31,15.310000000000002,0.31731,0.30755,0.31243,0.239265,23.418045642223852,-0.0585299999999999,43.0,1.0,0.5483870967741935,28.0,7.14285714285714,1,0.4642857142857171,2023-10-20,424.0,408.2542114257813,0.18073,0.1842107142857143,0.180725,0.0034807142857143,-4.999999999977245e-06,1,0.2169642857142857,0.1584314285714285,0.0585328571428571,0.0069678571428571,1.0,0.4403757722797417,0.6573705179282868,0.1593975300160922,0.127727872908018,0.053002127091982,1.247946328291874,1.4,0.1433725242723427,2.2714529501722622,1.0554250554782718,-0.0238933783655995,-0.023644536644255,-0.0767039723332966,1,21.709999084472656,22.440000534057617,3.636999084472656,10.65,15.310000000000002,expiry_intrinsic,0.5325000000000001,1.9500000000000002,-521.2000000000002,-0.03722857142857144,fold_2,logreg,1.0
WRB,2023-09-30,2023-10-23,1.0,64.91,60.74,-3.11,3.54,1.18,1.22,1.07,12.0,1.19,1.17,1.17,1.16,0.0,0.0,3.0,2.0,3069710000.0,3094300000.0,3041800000.0,5.0,-6621.6,-6298.4,-21.33,470.85,19.22,3.49,14.29,1.79,14.0,82.17,105.42,6.91,6.4,65.0,65.0,64.5,2023-11-17,1.275,3.2,4.475,6.884615384615383,3.325,0.775,4.1000000000000005,70.21,5.709999999999994,0.23926,0.3856,0.31243,0.26365,15.61309733380277,-0.0877999999999999,82.0,5.0,0.4705882352941176,28.0,0.0,1,6.884615384615383,2023-10-20,424.0,408.2542114257813,0.18073,0.1842107142857143,0.180725,0.0034807142857143,-4.999999999977245e-06,1,0.2169642857142857,0.1584314285714285,0.0585328571428571,0.0069678571428571,1.0,0.4403757722797417,0.6573705179282868,0.1593975300160922,0.127727872908018,0.053002127091982,1.247946328291874,1.4,0.1433725242723427,2.2714529501722622,1.0554250554782718,-0.0238933783655995,-0.023644536644255,-0.0767039723332966,1,21.709999084472656,22.440000534057617,3.636999084472656,4.475,5.709999999999994,expiry_intrinsic,0.22375,1.9500000000000002,-147.8249999999994,-0.0227423076923076,fold_2,logreg,1.0
SYF,2023-09-30,2023-10-24,1.0,31.38,34.86,-12.78,-21.49,1.43,1.56,1.3,18.0,1.43,1.5,1.48,1.47,2.0,0.0,7.0,0.0,4393110000.0,5321000000.0,4248000000.0,13.0,16652.0,16576.64,8.53,204.5,2.97,6.63,10.54,-17.5,-2.22,-28.05,-58.34,-52.63,-32.5,28.0,28.0,28.0,2023-11-17,1.65,1.125,2.775,9.910714285714285,0.8500000000000001,1.3,2.1500000000000004,29.88,1.879999999999999,0.42462,0.49292,0.45877,0.38072,17.01288227216252,-0.05366,248.0,70.0,3.273176291793313,25.0,0.0,1,9.910714285714285,2023-10-23,424.0,407.5466613769531,0.1772428571428571,0.17829,0.1761982142857143,0.0010471428571428,-0.0010446428571428,1,0.2030285714285714,0.16122,0.0418085714285714,0.0048814285714285,0.952345160818,0.4207005227119765,0.6254980079681275,0.0968716762749666,0.1276837668955311,0.0495590902473259,0.7586843545603214,1.4,0.2289309224627068,2.2293044072704755,0.8991994898310687,-0.0357306686566538,-0.0231402105284717,-0.0783041472517056,1,20.3700008392334,21.329999923706055,2.645715124947685,2.775,1.879999999999999,expiry_intrinsic,0.13875,1.9500000000000002,73.67500000000008,0.02631250000000003,fold_2,logreg,0.8
IVZ,2023-09-30,2023-10-24,0.0,14.49,16.44,-10.08,-20.74,0.36,0.38,0.33,13.0,0.36,0.38,0.39,0.44,0.0,0.0,1.0,1.0,1097950000.0,1125500000.0,1054900000.0,8.0,4480.8,4633.76,-74.67,134.39,-5.72,1.73,-12.27,-20.51,-18.42,-17.17,-40.88,-7.38,-8.39,12.0,12.0,12.0,2023-11-17,0.7749999999999999,0.35,1.125,9.375,0.75,0.25,1.0,13.84,1.84,0.33682,0.46365,0.400235,0.3417,14.625157719839596,-0.0390249999999999,16.0,0.0,1.531789638932496,25.0,0.0,1,9.375,2023-10-23,424.0,407.5466613769531,0.1772428571428571,0.17829,0.1761982142857143,0.0010471428571428,-0.0010446428571428,1,0.2030285714285714,0.16122,0.0418085714285714,0.0048814285714285,0.952345160818,0.4207005227119765,0.6254980079681275,0.0968716762749666,0.1276837668955311,0.0495590902473259,0.7586843545603214,1.4,0.2289309224627068,2.2293044072704755,0.8991994898310687,-0.0357306686566538,-0.0231402105284717,-0.0783041472517056,1,20.3700008392334,21.329999923706055,2.645715124947685,1.125,1.84,expiry_intrinsic,0.05625,1.9500000000000002,-79.07500000000002,-0.06589583333333335,fold_2,logreg,0.8
CB,2023-09-30,2023-10-24,1.0,213.08,205.89,-0.77,2.7,4.44,5.35,3.92,20.0,4.42,4.24,4.24,4.28,1.0,0.0,11.0,1.0,11619800000.0,11752000000.0,11421000000.0,6.0,13978.4,13223.52,716.8,725.32,19.28,6.11,9.81,17.14,11.56,43.53,47.54,0.0,3.53,205.0,215.0,200.0,2023-11-17,10.05,2.75,12.8,6.243902439024391,17.2,0.825,18.025,222.63,22.629999999999995,0.26853,0.26853,0.26853,0.22463,16.348266487915687,-0.0292649999999999,278.0,27.0,0.9022222222222224,25.0,4.878048780487809,1,1.365853658536582,2023-10-23,424.0,407.5466613769531,0.1772428571428571,0.17829,0.1761982142857143,0.0010471428571428,-0.0010446428571428,1,0.2030285714285714,0.16122,0.0418085714285714,0.0048814285714285,0.952345160818,0.4207005227119765,0.6254980079681275,0.0968716762749666,0.1276837668955311,0.0495590902473259,0.7586843545603214,1.4,0.2289309224627068,2.2293044072704755,0.8991994898310687,-0.0357306686566538,-0.0231402105284717,-0.0783041472517056,1,20.3700008392334,21.329999923706055,2.645715124947685,12.8,22.629999999999995,expiry_intrinsic,0.6400000000000001,1.9500000000000002,-1048.9499999999996,-0.05116829268292681,fold_2,logreg,0.8
GL,2023-09-30,2023-10-25,1.0,111.12,111.13,0.82,0.81,2.64,2.67,2.61,8.0,2.64,2.64,2.64,2.64,0.0,0.0,2.0,0.0,1385710000.0,1391000000.0,1382560000.0,4.0,1973.6,1593.44,204.8,49.88,2.68,21.3,-0.72,26.09,3.16,-2.67,-4.24,0.45,-1.6,110.0,115.0,110.0,2023-11-17,2.9749999999999996,2.625,5.6,5.09090909090909,4.9,1.075,5.9750000000000005,118.3,8.299999999999997,0.18073,0.2978,0.239265,0.20024,16.310367166112886,-0.039025,12.0,0.0,0.0,24.0,4.545454545454541,1,0.5454545454545485,2023-10-24,426.0,410.6192932128906,0.166095,0.1709728571428571,0.170975,0.0048778571428571,0.0048799999999999,0,0.19048,0.1430942857142857,0.0473857142857143,0.0006921428571428,0.7999999999999998,0.3611126928990376,0.549800796812749,0.1383747779616575,0.1299177932278084,0.0361772067721916,1.065094892113969,1.13,-1.3677990649221217,0.6921363076866713,-1.5303177021346364,-0.0284160988696483,-0.0198968934590996,-0.0686901889451382,1,18.969999313354492,20.209999084472656,2.3604993133544916,5.6,8.299999999999997,expiry_intrinsic,0.27999999999999997,1.9500000000000002,-299.9499999999997,-0.027268181818181792,fold_2,logreg,0.8
EG,2023-09-30,2023-10-25,1.0,388.69,357.84,2.06,10.86,10.6,13.5,7.67,11.0,10.6,7.2,7.22,7.77,0.0,0.0,9.0,0.0,3595940000.0,3861780000.0,3435000000.0,4.0,92300.0,78729.44,7129.6,7328.38,28.73,11.14,10.21,55.36,34.48,447.55,515.57,15.88,16.26,400.0,390.0,400.0,2023-11-17,11.5,13.65,25.15,6.2875,4.3,20.1,24.4,396.3,3.6999999999999886,0.2978,0.31731,0.307555,0.27341,11.102079302888926,-0.039025,11.0,4.0,0.0476190476190476,24.0,2.500000000000002,1,3.7874999999999974,2023-10-24,426.0,410.6192932128906,0.166095,0.1709728571428571,0.170975,0.0048778571428571,0.0048799999999999,0,0.19048,0.1430942857142857,0.0473857142857143,0.0006921428571428,0.7999999999999998,0.3611126928990376,0.549800796812749,0.1383747779616575,0.1299177932278084,0.0361772067721916,1.065094892113969,1.13,-1.3677990649221217,0.6921363076866713,-1.5303177021346364,-0.0284160988696483,-0.0198968934590996,-0.0686901889451382,1,18.969999313354492,20.209999084472656,2.3604993133544916,25.15,3.6999999999999886,expiry_intrinsic,1.2575,1.9500000000000002,2017.3000000000009,0.05043250000000002,fold_2,logreg,1.0
TDY,2023-09-30,2023-10-25,1.0,414.88,378.77,-10.03,-1.45,4.76,4.81,4.7,7.0,4.76,4.76,4.76,4.77,0.0,0.0,0.0,0.0,1422920000.0,1431000000.0,1415900000.0,6.0,40053.6,39066.72,537.6,565.99,5.08,2.99,11.94,5.42,3.09,7.66,11.59,1.57,1.05,390.0,370.0,390.0,2023-11-17,10.2,12.85,23.05,5.910256410256411,4.775,21.4,26.174999999999997,390.49,0.4900000000000091,0.28804,0.28804,0.28804,0.278285,3.386682405221501,-0.01951,1.0,0.0,0.4444444444444444,24.0,5.128205128205132,1,0.7820512820512784,2023-10-24,426.0,410.6192932128906,0.166095,0.1709728571428571,0.170975,0.0048778571428571,0.0048799999999999,0,0.19048,0.1430942857142857,0.0473857142857143,0.0006921428571428,0.7999999999999998,0.3611126928990376,0.549800796812749,0.1383747779616575,0.1299177932278084,0.0361772067721916,1.065094892113969,1.13,-1.3677990649221217,0.6921363076866713,-1.5303177021346364,-0.0284160988696483,-0.0198968934590996,-0.0686901889451382,1,18.969999313354492,20.209999084472656,2.3604993133544916,23.049999999999997,0.4900000000000091,expiry_intrinsic,1.1524999999999999,1.9500000000000002,2138.799999999999,0.05484102564102561,fold_2,logreg,0.8
KIM,2023-09-30,2023-10-26,1.0,17.44,20.18,-1.32,-14.72,0.16,0.17,0.14,7.0,0.16,0.16,0.16,0.16,0.0,0.0,0.0,0.0,436290000.0,446110000.0,421000000.0,9.0,15679.2,15295.2,396.8,693.6,3.66,-0.01,17.75,176.19,-65.22,10427.77,18.01,-0.49,4.32,17.5,17.5,17.5,2023-11-17,0.15,1.225,1.375,7.857142857142857,0.25,0.825,1.075,18.8,1.3000000000000007,0.30755,0.31731,0.31243,0.29292,6.24459879012898,-0.0390249999999999,331.0,1.0,25.0,23.0,0.0,1,7.857142857142857,2023-10-25,420.0,404.7260437011719,0.18073,0.1824678571428571,0.180725,0.0017378571428571,-4.999999999977245e-06,1,0.20024,0.16122,0.03902,0.0,1.0,0.4776256406333666,0.6693227091633466,0.1421479323169905,0.1294602393787906,0.0512697606212093,1.0980045533600218,1.25,-0.5431273449216389,1.8708665932104989,0.4947679870701188,-0.0294274842260759,-0.0195594085624837,-0.0712939890275677,0,20.190000534057617,21.329999923706055,2.117000534057617,1.375,1.3000000000000007,expiry_intrinsic,0.06875,1.9500000000000002,-1.3250000000000717,-0.0007571428571428981,fold_2,logreg,1.0
DOC,2023-09-30,2023-10-30,0.0,18.36,21.69,-12.96,-26.33,0.08,0.11,0.07,9.0,0.08,0.08,0.08,0.1,0.0,0.0,0.0,0.0,541920000.0,563100000.0,528000000.0,10.0,1992.8,2319.2,-179.2,102.95,5.31,3.76,7.62,-28.57,25.0,3.68,2.53,0.85,-0.5,12.5,10.0,12.5,2023-11-17,0.05,1.05,1.1,8.8,0.1,1.975,2.075,16.47,3.969999999999999,0.01488,1.87825,0.946565,0.46365,51.01762689302901,-0.38048,28.0,2.0,0.2083333333333333,21.0,19.999999999999996,0,-11.199999999999996,2023-10-27,413.0,398.06695556640625,0.19048,0.1866507142857142,0.1866507142857142,-0.0038292857142857,-0.0038292857142857,1,0.2169642857142857,0.16122,0.0557442857142857,-0.0013878571428571,1.0,0.5869245510049468,0.7171314741035857,0.1389499604372281,0.1325699478141425,0.0579100521858574,1.048125632756755,1.33,-0.0103476773296548,2.0918342303092436,0.5089524881342319,-0.0249532168297718,-0.0416317242455559,-0.0865742885649957,0,21.270000457763672,22.270000457763672,2.22200045776367,1.1,3.969999999999999,expiry_intrinsic,0.05500000000000001,1.9500000000000002,-294.4499999999999,-0.2355599999999999,fold_2,logreg,1.0
GNRC,2023-09-30,2023-11-01,1.0,106.1,110.77,-9.4,-13.22,1.51,1.67,1.23,22.0,1.51,1.54,1.53,1.97,0.0,0.0,5.0,0.0,1044420000.0,1082000000.0,991500000.0,23.0,-3284048.8,-315996.0,-1099168.0,1428219.54,-22.53,12.67,6.11,-63.88,71.43,-49.43,-60.35,-2.56,-8.2,84.0,99.0,84.0,2023-11-03,4.9,4.699999999999999,9.6,11.428571428571429,15.35,0.1,15.45,104.92,20.92,1.59533,1.56606,1.580695,0.48316,69.4336984680789,-0.936565,35.0,561.0,0.3681653863533665,3.0,17.85714285714286,0,-6.428571428571432,2023-10-31,420.0,405.3560791015625,0.1619164285714285,0.1660949999999999,0.1678378571428571,0.0041785714285713,0.0059214285714285,0,0.19048,0.1417,0.04878,0.0041735714285714,0.5495415324306664,0.4047863097678596,0.50199203187251,0.181329973233047,0.1434515676972886,0.0184648608741399,1.2640501330434346,1.44,0.484047065029488,0.6005149763064461,-1.3307885251020437,-0.0128177467506364,-0.0213193933181531,-0.0698482761247919,0,18.13999938964844,19.489999771118164,1.9483565325055816,9.6,20.92,expiry_intrinsic,0.48,1.9500000000000002,-1181.9500000000003,-0.14070833333333338,fold_2,logreg,1.0
BKNG,2023-09-30,2023-11-02,1.0,3010.79,3063.16,-5.72,-7.33,63.73,67.68,59.23,20.0,67.57,63.79,67.82,67.53,1.0,0.0,4.0,0.0,6851200000.0,7008180000.0,6722420000.0,25.0,85298.4,63716.0,13738.67,7884.17,27.2,44.57,43.14,97.17,224.31,47.48,67.3,0.0,7.34,2765.0,2860.0,2765.0,2023-11-03,60.15,59.65,119.8,4.3327305605786615,92.95,0.15,93.1,2858.75,93.75,0.72706,0.74657,0.736815,0.26365,64.21761229073783,-0.4341399999999999,1.0,5.0,3.205985037406484,2.0,3.435804701627476,1,0.8969258589511853,2023-11-01,425.0,409.6791076660156,0.15146,0.1519242857142856,0.1582521428571428,0.0004642857142856,0.0067921428571428,0,0.17097,0.13195,0.03902,0.0,0.272761159258224,0.3333333333333335,0.4422310756972111,0.164430470911142,0.1413602684365413,0.0100997315634586,1.163201461979094,1.45,0.5735403512313867,1.1651952964326773,-0.620803306789939,0.0122380658273151,0.0025380909681496,-0.0599284237310638,1,16.8700008392334,18.549999237060547,1.7240008392333976,119.8,93.75,expiry_intrinsic,5.99,1.9500000000000002,2004.0499999999995,0.007247920433996382,fold_2,logreg,1.0
FDS,2023-11-30,2023-12-19,1.0,457.34,423.77,-1.9,5.87,4.11,4.56,3.9,16.0,4.11,4.11,4.11,4.2,0.0,0.0,0.0,0.0,540360000.0,549000000.0,535100000.0,14.0,4605.6,5376.48,289.6,1711.9,8.4,2.86,15.25,0.8,-0.26,53.66,76.81,-0.07,12.56,460.0,450.0,460.0,2024-01-19,13.05,13.95,27.0,5.869565217391305,7.75,14.15,21.9,463.45,3.4499999999999886,0.23926,0.25877,0.249015,0.20024,19.58717346344597,-0.0438999999999999,4.0,118.0,0.5361050328227571,32.0,2.1739130434782594,1,3.695652173913045,2023-12-18,474.0,459.3294372558594,0.1061657142857142,0.12219,0.12707,0.0160242857142857,0.0209042857142857,0,0.12219,0.10268,0.01951,0.0062692857142857,0.1304706301809429,0.02993254314146,0.0358565737051792,0.0882317392133555,0.0708626633982167,0.0353030508874975,1.2451089894481149,1.16,0.0420301840863326,2.0250308583815415,-0.0706583450880673,0.0257442167361294,0.0525366693261015,0.0,1,12.5600004196167,15.470000267028809,1.9434289910452716,27.0,3.4499999999999886,expiry_intrinsic,1.35,1.9500000000000002,2218.050000000001,0.04821847826086959,fold_2,logreg,1.0
CTAS,2023-11-30,2023-12-21,1.0,553.24,504.75,6.64,16.88,3.49,3.64,3.42,16.0,3.49,3.49,3.49,3.48,0.0,0.0,0.0,0.0,2339540000.0,2357410000.0,2328600000.0,13.0,7309.6,7818.56,242.67,982.99,8.12,6.96,10.88,9.14,17.83,12.7,13.73,1.28,1.05,560.0,600.0,560.0,2024-01-19,12.4,16.45,28.85,5.151785714285714,37.25,1.475,38.725,599.05,39.049999999999955,0.21975,0.22951,0.22463,0.15146,32.5735654186885,-0.0243899999999999,268.0,149.0,0.9195230998509688,30.0,7.14285714285714,0,-1.9910714285714253,2023-12-20,470.0,455.7187805175781,0.11244,0.1278207692307692,0.136825,0.0153807692307692,0.024385,0,0.13195,0.10268,0.02927,0.004875,0.326210000891345,0.0748390263104754,0.199203187250996,0.1318189056190618,0.0896700746446013,0.0227699253553986,1.4700434469527686,1.22,0.4851723380310682,1.841752609366373,-0.1508853597985567,-0.0007257840505374,0.0349986054924191,-0.0138572503384605,1,13.670000076293944,16.579999923706055,2.4260000762939455,28.85,39.049999999999955,expiry_intrinsic,1.4425000000000001,1.9500000000000002,-1166.1999999999955,-0.02082499999999992,fold_2,logreg,1.0
PAYX,2023-11-30,2023-12-21,1.0,118.36,112.95,0.46,5.27,1.07,1.1,1.05,17.0,1.07,1.07,1.07,1.09,0.0,0.0,0.0,0.0,1269180000.0,1274550000.0,1260300000.0,13.0,1570.4,1632.96,72.53,258.31,6.62,-6.88,7.42,10.68,-11.63,11.14,8.21,1.09,0.61,130.0,120.0,130.0,2024-01-19,2.85,4.25,7.1,5.461538461538462,0.125,10.05,10.175,122.09,7.909999999999997,0.23926,0.22951,0.234385,0.16122,31.2157347953154,-0.02439,1614.0,1043.0,0.9967469095640858,30.0,7.692307692307687,0,-2.2307692307692255,2023-12-20,470.0,455.7187805175781,0.11244,0.1278207692307692,0.136825,0.0153807692307692,0.024385,0,0.13195,0.10268,0.02927,0.004875,0.326210000891345,0.0748390263104754,0.199203187250996,0.1318189056190618,0.0896700746446013,0.0227699253553986,1.4700434469527686,1.22,0.4851723380310682,1.841752609366373,-0.1508853597985567,-0.0007257840505374,0.0349986054924191,-0.0138572503384605,1,13.670000076293944,16.579999923706055,2.4260000762939455,7.1,7.909999999999997,expiry_intrinsic,0.355,1.9500000000000002,-118.44999999999969,-0.009111538461538438,fold_2,logreg,1.0
LHX,2023-12-31,2024-01-25,1.0,209.72,170.93,-2.42,19.72,3.31,12.47,12.23,16.0,12.34,11.18,12.33,12.24,0.0,0.0,2.0,1.0,6367840000.0,19449000000.0,19309000000.0,13.0,8968.8,8159.04,182.93,401.14,15.76,4.73,-40.53,-2.15,7.41,5531.25,13.11,-5.29,-0.25,200.0,210.0,200.0,2024-02-16,8.0,3.1,11.1,5.55,10.6,0.925,11.525000000000002,211.98,11.97999999999999,0.25877,0.25877,0.25877,0.18073,30.15805541600649,-0.043895,927.0,18.0,0.388235294117647,23.0,5.000000000000004,1,0.5499999999999954,2024-01-24,488.0,472.3900146484375,0.1075599999999999,0.112435,0.1190895454545454,0.004875,0.0115295454545454,0,0.12219,0.10268,0.01951,0.004875,0.186089195051605,0.0399117616234633,0.1115537848605577,0.077889795932661,0.0896255625338759,0.017934437466124,0.8690578193383259,1.14,-0.0425070600586285,2.9438443271456003,0.0018449050353344,0.0277370521980724,0.0268457088180453,0.0,1,13.140000343322754,14.970000267028809,2.3840003433227555,11.1,11.97999999999999,expiry_intrinsic,0.555,1.9500000000000002,-145.44999999999902,-0.007272499999999951,fold_2,logreg,0.8
AMCR,2023-12-31,2024-02-06,1.0,9.74,9.07,-5.75,1.21,0.15,0.73,0.71,10.0,0.73,0.73,0.73,0.73,0.0,0.0,0.0,0.0,4308560000.0,14989000000.0,14611000000.0,9.0,2700.0,2638.56,121.6,114.7,-10.74,-5.58,-3.88,-30.43,0.0,-43.34,-56.71,0.92,-7.91,9.0,9.0,9.0,2024-02-16,0.35,0.6,0.95,10.555555555555555,0.425,0.04,0.465,9.04,0.0399999999999991,0.33682,1.12705,0.731935,0.23926,67.31130496560486,-0.54145,6874.0,5.0,0.8070175438596491,11.0,0.0,1,10.555555555555555,2024-02-05,495.0,479.3582458496094,0.11244,0.1159840909090909,0.1236288235294117,0.0035440909090908,0.0111888235294117,0,0.12219,0.10268,0.01951,-5.000000000005e-06,0.3171841407929603,0.0748390263104754,0.2629482071713147,0.1881588705018075,0.11516872465448,-0.00272872465448,1.6337670757951572,1.04,-0.7991904066346329,0.8433276115826807,-0.6573555537605561,0.0026054472415284,0.0540790574844989,-0.0036411639088934,1,13.670000076293944,15.329999923706056,2.4260000762939455,0.95,0.0399999999999991,expiry_intrinsic,0.0475,1.9500000000000002,84.30000000000008,0.09366666666666676,fold_2,logreg,1.0
DOC,2023-12-31,2024-02-08,0.0,19.9,15.94,-9.6,12.86,0.05,0.54,0.47,8.0,0.52,0.52,0.52,0.51,0.0,0.0,1.0,0.0,570710000.0,2204500000.0,2143300000.0,9.0,1877.6,2219.36,-115.2,87.99,6.89,1.98,7.45,-82.14,0.0,-47.23,13.08,0.47,1.14,12.5,12.5,12.5,2024-02-16,0.05,0.7250000000000001,0.7750000000000001,6.200000000000001,0.1,1.35,1.4500000000000002,17.16,4.66,0.01488,2.75627,1.385575,1.99532,-44.0066398426646,-0.809735,63.0,0.0,16.0,9.0,0.0,1,6.200000000000001,2024-02-07,500.0,484.7596130371094,0.1075599999999999,0.1146531818181818,0.1193244117647058,0.0070931818181818,0.0117644117647058,0,0.12219,0.10268,0.01951,0.004875,0.1463926803659815,0.0399117616234633,0.1235059760956175,0.1055521490038762,0.1093001897138913,-0.0017401897138913,0.965708744698192,1.31,2.0711794930789114,3.3742828373166027,0.2542685912757725,0.0315191692676621,0.0495153707795592,0.0,1,12.829999923706056,14.850000381469728,2.073999923706056,0.7750000000000001,4.66,expiry_intrinsic,0.03875000000000001,1.9500000000000002,-394.32499999999993,-0.31545999999999996,fold_2,logreg,1.0
FDS,2024-02-29,2024-03-21,1.0,456.86,469.13,-1.36,-3.94,3.88,4.02,3.64,15.0,3.88,3.86,3.86,3.86,1.0,0.0,2.0,0.0,546800000.0,558400000.0,543100000.0,13.0,2266.4,4181.28,-471.47,1272.96,,,11.4,17.15,-32.04,,,,,490.0,450.0,490.0,2024-04-19,14.05,14.85,28.9,5.8979591836734695,0.95,42.6,43.55,434.02,55.98000000000002,0.24902,0.26853,0.258775,0.18073,30.159404888416567,-0.0341449999999999,26.0,134.0,1.458041958041958,30.0,8.163265306122447,0,-2.265306122448978,2024-03-20,527.0,508.114013671875,0.1075599999999999,0.12219,0.1263728571428571,0.01463,0.0188128571428571,0,0.12219,0.11244,0.0097499999999999,0.009755,0.0002174183128335,0.0567538292659876,0.1314741035856573,0.1047311467950792,0.112416866843247,-0.004856866843247,0.9316319671238948,1.42,1.1691299702303362,2.2565243453277692,-0.1521297854127918,0.0118750008736221,0.051004710933747,0.0,1,13.039999961853027,15.279999732971191,2.283999961853029,28.9,55.98000000000002,expiry_intrinsic,1.445,1.9500000000000002,-2854.4500000000016,-0.058254081632653096,fold_2,logreg,1.0
DRI,2024-02-29,2024-03-21,0.0,165.31,161.84,-1.25,0.87,2.62,2.68,2.53,24.0,2.64,2.64,2.64,2.64,2.0,0.0,5.0,5.0,3024610000.0,3057000000.0,2989000000.0,21.0,3605.6,3820.64,-74.67,267.16,,,11.69,-17.48,10.33,,,,,175.0,165.0,175.0,2024-04-19,4.35,5.15,9.5,5.428571428571429,0.275,11.1,11.375,152.5,22.5,0.21,0.26853,0.239265,0.166095,30.58115478653377,-0.019515,2377.0,268.0,1.0616016427104722,30.0,5.714285714285716,0,-0.2857142857142873,2024-03-20,527.0,508.114013671875,0.1075599999999999,0.12219,0.1263728571428571,0.01463,0.0188128571428571,0,0.12219,0.11244,0.0097499999999999,0.009755,0.0002174183128335,0.0567538292659876,0.1314741035856573,0.1047311467950792,0.112416866843247,-0.004856866843247,0.9316319671238948,1.42,1.1691299702303362,2.2565243453277692,-0.1521297854127918,0.0118750008736221,0.051004710933747,0.0,1,13.039999961853027,15.279999732971191,2.283999961853029,9.5,22.5,expiry_intrinsic,0.47500000000000003,1.9500000000000002,-1349.45,-0.07711142857142858,fold_2,logreg,1.0
MKC,2024-02-29,2024-03-26,1.0,68.08,68.21,13.54,13.33,0.58,0.63,0.54,12.0,0.58,0.58,0.59,0.64,1.0,0.0,2.0,1.0,1556630000.0,1615000000.0,1533170000.0,10.0,-18167.2,-18107.68,17.07,101.53,,,5.47,16.44,30.77,,,,,70.0,75.0,70.0,2024-04-19,2.5250000000000004,2.7,5.2250000000000005,7.464285714285715,5.6,0.125,5.725,73.92,3.9200000000000017,0.33682,0.3856,0.36121,0.17097,52.667423382519864,-0.09268,2495.0,1354.0,0.5377787558685446,25.0,7.14285714285714,1,0.3214285714285756,2024-03-25,526.0,507.4208679199219,0.1110457142857142,0.12219,0.12707,0.0111442857142857,0.0160242857142857,0,0.12219,0.10268,0.01951,0.0013892857142857,0.1517890421170329,0.1008128918448591,0.2071713147410358,0.080081566639862,0.0931820274795799,0.0178636868061343,0.8594100043316962,1.19,-0.2330426885730195,0.8208962808476362,-0.989328633688144,0.0134734477134141,0.0266513595661619,-0.0046535436540072,1,13.1899995803833,15.380000114440918,2.0854281518118736,5.2250000000000005,3.9200000000000017,expiry_intrinsic,0.26125000000000004,1.9500000000000002,102.42499999999988,0.01463214285714284,fold_2,logreg,1.0
CTAS,2024-02-29,2024-03-27,1.0,633.94,601.09,8.16,14.07,3.58,3.79,3.44,16.0,3.58,3.57,3.57,3.57,0.0,0.0,2.0,0.0,2386310000.0,2457750000.0,2352000000.0,14.0,7309.6,7342.24,235.73,375.6,,,9.64,16.59,-29.92,,,,,640.0,690.0,640.0,2024-04-19,15.95,20.35,36.3,5.671875,50.3,0.825,51.125,661.29,21.289999999999964,0.27829,0.27829,0.27829,0.14658,47.328326565812645,-0.0780499999999999,171.0,197.0,1.0920195439739413,24.0,7.8125,0,-2.140625,2024-03-26,525.0,506.4837646484375,0.1075599999999999,0.1201007142857142,0.1242814285714285,0.0125407142857142,0.0167214285714285,0,0.12219,0.10268,0.01951,0.004875,0.0002174183128335,0.0630130352314459,0.1394422310756972,0.0806091811021704,0.0921784167723994,0.0153815832276005,0.8744908398807185,1.07,-0.7573572514080148,0.8448671193875396,-0.9547665953789968,0.0060112293588081,0.0285222331204106,-0.0064917463757947,1,13.239999771118164,15.289999961853027,2.4839997711181656,36.3,21.289999999999964,expiry_intrinsic,1.815,1.9500000000000002,1317.5500000000034,0.020586718750000052,fold_2,logreg,1.0
HAS,2024-09-30,2024-10-24,1.0,71.95,63.85,-8.13,3.52,1.28,1.45,1.06,12.0,1.29,1.26,1.2,1.3,0.0,0.0,2.0,1.0,1295330000.0,1332270000.0,1264370000.0,10.0,8285.6,6615.2,1312.0,965.95,-17.74,31.43,-15.23,148.98,100.0,4139.39,212.46,9.58,36.9,70.0,67.5,70.0,2024-11-15,3.325,3.975,7.300000000000001,10.42857142857143,0.575,3.95,4.5249999999999995,62.21,7.789999999999999,0.43438,0.60999,0.522185,0.312435,40.16775663797313,-0.1658549999999999,563.0,187.0,1.2030316949931097,23.0,3.57142857142857,1,6.857142857142861,2024-10-23,595.0,567.8143920898438,0.1417,0.136825,0.1382192857142857,-0.0048749999999999,-0.0034807142857142,1,0.19048,0.1417,0.04878,0.02439,0.3683514942280719,0.287662705414855,0.8087649402390438,0.0756964190949694,0.0941789284329969,0.047521071567003,0.8037511187953609,0.97,-1.9136062937420149,1.7362974115286185,1.8022453233950777,-0.0074016987886722,0.0117102143889258,-0.0112898928411366,1,19.239999771118164,20.040000915527344,5.069999771118164,7.300000000000001,7.789999999999999,expiry_intrinsic,0.36500000000000005,1.9500000000000002,-87.44999999999985,-0.012492857142857122,fold_4,logreg,1.0
IBKR,2024-12-31,2025-01-21,1.0,175.92,147.44,9.61,30.79,0.46,7.0785,6.61,10.0,6.8015,6.7815,6.8059,6.9143,4.0,0.0,8.0,1.0,1388850340.0,5211800000.0,5180450700.0,5.0,-56176.8,-46039.2,-3377.07,2241.43,-32.69,-40.7,38.16,12.82,0.0,13.86,21.76,67.43,68.74,190.0,210.0,190.0,2025-02-21,7.9,7.15,15.05,7.921052631578948,20.75,1.05,21.8,218.73,28.72999999999999,0.31731,0.32707,0.32219,0.26365,18.16940314721127,0.0,209.0,106.0,0.31674862597628,35.0,10.526315789473696,0,-2.605263157894748,2025-01-17,610.0,589.0353393554688,0.117315,0.1256764285714285,0.1319449999999999,0.0083614285714285,0.0146299999999999,0,0.15146,0.11244,0.03902,0.014635,0.2403178386968613,0.1396461288416076,0.446215139442231,0.1290557718273382,0.1766812902964613,-0.0593662902964612,0.7304439061475605,1.19,0.7925757898527013,1.9873964268360695,-0.290093655836163,0.0294407693854399,-0.01186356961496,-0.0135217696668693,1,15.970000267028809,18.190000534057617,4.238500267028808,15.05,28.72999999999999,expiry_intrinsic,0.7525000000000001,1.9500000000000002,-1445.199999999999,-0.07606315789473679,fold_4,logreg,1.0
PLD,2024-12-31,2025-01-21,1.0,103.32,120.83,13.5,-2.95,0.68,3.429,2.13,4.0,2.9848,2.7746,2.7946,2.2881,0.0,0.0,0.0,1.0,1834157230.0,7556550000.0,7471577000.0,9.0,34984.8,32408.16,2102.4,1077.15,6.36,1.42,15.83,35.0,17.39,17.05,41.82,2.12,15.36,110.0,115.0,110.0,2025-02-21,3.25,3.95,7.2,6.545454545454546,6.65,0.95,7.6,120.97,10.97,0.23926,0.28804,0.26365,0.21975,16.650862886402425,0.0,715.0,691.0,1.031740370898716,35.0,4.545454545454541,1,2.0000000000000044,2025-01-17,610.0,589.0353393554688,0.117315,0.1256764285714285,0.1319449999999999,0.0083614285714285,0.0146299999999999,0,0.15146,0.11244,0.03902,0.014635,0.2403178386968613,0.1396461288416076,0.446215139442231,0.1290557718273382,0.1766812902964613,-0.0593662902964612,0.7304439061475605,1.19,0.7925757898527013,1.9873964268360695,-0.290093655836163,0.0294407693854399,-0.01186356961496,-0.0135217696668693,1,15.970000267028809,18.190000534057617,4.238500267028808,7.2,10.97,expiry_intrinsic,0.36000000000000004,1.9500000000000002,-414.95000000000005,-0.037722727272727276,fold_4,logreg,1.0
CB,2025-03-31,2025-04-22,1.0,291.43,268.32,-0.35,8.24,3.2282,3.56,2.59,17.0,3.2219,3.1804,3.2163,5.8839,2.0,0.0,4.0,6.0,11218000000.0,11411000000.0,10966000000.0,4.0,19914.4,17430.24,1372.83,399.74,12.31,271.81,12.88,8.66,5.61,13657.14,21.24,-71.2,1.5,280.0,285.0,280.0,2025-05-16,9.5,9.05,18.55,6.625,9.65,5.300000000000001,14.95,294.33,14.329999999999984,0.31731,0.31731,0.31731,0.239265,24.59582112130093,-0.0341449999999999,183.0,11.0,0.7577854671280276,25.0,1.7857142857142794,1,4.839285714285721,2025-04-21,515.0,508.055908203125,0.3005857142857143,0.278285,0.26853,-0.0223007142857142,-0.0320557142857143,1,0.3396085714285714,0.2615585714285714,0.07805,-2.1428571428949716e-06,0.5534131790158779,0.6150710341500027,0.9800796812749004,0.2375204075038245,0.5081948090829292,-0.2076090947972149,0.4673806250253631,1.19,-0.6918386311625854,5.878730905128022,0.036582853219496,-0.0375695288801243,-0.0885322873996306,-0.1590788000065464,0,33.81999969482422,31.829999923706055,3.761428266252789,18.55,14.329999999999984,expiry_intrinsic,0.9275000000000001,1.9500000000000002,327.30000000000166,0.011689285714285774,fold_5,logreg,0.851063829787234
KLAC,2025-03-31,2025-04-30,1.0,679.8,742.43,3.37,-5.35,8.0845,8.37,7.78,21.0,8.0693,8.0679,8.0679,7.4669,21.0,0.0,21.0,0.0,3009805760.0,3070000000.0,2953000000.0,20.0,-21484.67,-12776.2,-3001.45,4987.42,23.73,0.0,15.79,-62.59,-63.78,43.68,30.43,-0.42,2.07,690.0,680.0,690.0,2025-05-16,27.45,27.85,55.3,8.014492753623188,17.15,30.8,47.95,791.17,101.16999999999996,0.4734,0.46365,0.4685249999999999,0.419745,10.411397470785964,-0.0487799999999999,98.0,15.0,5.2827586206896555,17.0,1.449275362318836,1,6.565217391304351,2025-04-29,555.0,548.0375366210938,0.21,0.210971,0.209995,0.0009709999999999,-5.000000000005e-06,1,0.24902,0.1723642857142857,0.0766557142857142,0.0006921428571428,0.2378950196794562,0.3431147804642684,0.904382470119522,0.1280862745322614,0.5197689874151381,-0.3097689874151381,0.2464292361290099,1.12,-1.1727468271726054,0.9166719779852924,-0.3367301576114782,0.051341838397229,-0.0024115760092516,-0.0929022269088302,0,24.170000076293945,25.219999313354492,3.1700000762939453,55.3,101.16999999999996,expiry_intrinsic,2.765,1.9500000000000002,-4865.449999999996,-0.07051376811594197,fold_5,logreg,0.851063829787234
EG,2025-03-31,2025-04-30,0.0,363.33,352.09,-1.24,1.91,7.743,9.18,6.66,11.0,8.2392,8.0912,8.2935,17.083,2.0,0.0,4.0,6.0,3907000000.0,3978000000.0,3836000000.0,2.0,107960.8,97264.48,779.73,7416.94,18.06,301.69,16.33,-217.61,-218.31,-28.23,-28.23,-7.94,-6.2,360.0,340.0,360.0,2025-05-16,9.9,10.35,20.25,5.625,0.875,22.65,23.525,348.08,11.920000000000016,0.31731,0.33682,0.327065,0.278285,14.914466543347649,-0.039025,25.0,41.0,0.1077908217716115,17.0,5.555555555555558,1,0.0694444444444419,2025-04-29,555.0,548.0375366210938,0.21,0.210971,0.209995,0.0009709999999999,-5.000000000005e-06,1,0.24902,0.1723642857142857,0.0766557142857142,0.0006921428571428,0.2378950196794562,0.3431147804642684,0.904382470119522,0.1280862745322614,0.5197689874151381,-0.3097689874151381,0.2464292361290099,1.12,-1.1727468271726054,0.9166719779852924,-0.3367301576114782,0.051341838397229,-0.0024115760092516,-0.0929022269088302,0,24.170000076293945,25.219999313354492,3.1700000762939453,20.25,11.920000000000016,expiry_intrinsic,1.0125,1.9500000000000002,729.7999999999984,0.020272222222222178,fold_5,logreg,0.851063829787234
GNRC,2025-03-31,2025-04-30,1.0,126.65,152.25,-9.69,-24.87,0.9663,1.19,0.7301,21.0,0.9728,0.9649,0.9704,1.5696,2.0,0.0,2.0,3.0,918824760.0,932600000.0,904000000.0,21.0,-3281764.0,-3282931.04,644.9,117.07,6.79,266.05,5.37,35.27,24.44,20.99,38.98,4.83,2.89,115.0,115.0,115.0,2025-05-16,5.2,6.85,12.05,10.478260869565217,2.875,5.050000000000001,7.925000000000001,129.44,14.439999999999998,0.60023,0.61974,0.609985,0.419745,31.187652155380864,-0.1268249999999999,221.0,112.0,1.360959651035987,17.0,0.0,1,10.478260869565217,2025-04-29,555.0,548.0375366210938,0.21,0.210971,0.209995,0.0009709999999999,-5.000000000005e-06,1,0.24902,0.1723642857142857,0.0766557142857142,0.0006921428571428,0.2378950196794562,0.3431147804642684,0.904382470119522,0.1280862745322614,0.5197689874151381,-0.3097689874151381,0.2464292361290099,1.12,-1.1727468271726054,0.9166719779852924,-0.3367301576114782,0.051341838397229,-0.0024115760092516,-0.0929022269088302,0,24.170000076293945,25.219999313354492,3.1700000762939453,12.05,14.439999999999998,expiry_intrinsic,0.6025,1.9500000000000002,-301.1999999999997,-0.02619130434782606,fold_5,logreg,1.0
KVUE,2025-03-31,2025-05-08,1.0,21.49,20.18,11.96,19.23,0.2277,0.2368,0.22,11.0,0.2277,0.2302,0.2319,0.297,0.0,0.0,0.0,3.0,3683499670.0,3791000000.0,3631478000.0,12.0,1788.0,1701.6,23.79,60.81,,296.38,,,-7.14,,,,,22.5,24.5,22.5,2025-05-09,0.99,1.07,2.06,9.155555555555557,1.905,,,24.44,1.9400000000000013,0.01488,2.01483,1.0148549999999998,0.28804,71.61762025116887,-0.9755849999999998,625.0,50.0,0.0811348476771249,2.0,8.888888888888879,1,0.2666666666666764,2025-05-07,562.0,554.7901611328125,0.20512,0.2034916666666666,0.209995,-0.0016283333333333,0.004875,0,0.23926,0.17097,0.0682899999999999,-5.000000000005e-06,0.1934799293289859,0.3284640540395647,0.8844621513944223,0.1506097190962795,0.4347294498816226,-0.2296094498816226,0.346444712078491,1.12,-1.143339865102326,0.8811621319499504,-0.7408322202591715,0.0119199208247937,0.1125540140003114,-0.0817254547941568,0,23.549999237060547,24.700000762939453,3.0379992370605464,2.06,1.9400000000000013,expiry_intrinsic,0.10300000000000001,1.9500000000000002,-0.25000000000012346,-0.00011111111111116598,fold_5,logreg,1.0
KEYS,2025-04-30,2025-05-20,1.0,135.46,185.11,20.18,-12.05,1.6464,1.66,1.6348,12.0,1.6467,1.6467,1.6467,1.5943,0.0,0.0,0.0,1.0,1282001720.0,1290406720.0,1279000000.0,10.0,3131.68,5399.55,-937.07,1139.8,3.1,,-7.44,-40.49,-41.21,-10.09,-1.36,-1.41,-0.75,165.0,165.0,165.0,2025-06-20,6.55,8.100000000000001,14.650000000000002,8.87878787878788,4.35,6.4,10.75,159.36,5.639999999999986,0.37584,0.37584,0.37584,0.283165,24.65809919114517,-0.0487699999999999,152.0,36.0,1.8942857142857144,32.0,0.0,1,8.87878787878788,2025-05-19,600.0,588.108154296875,0.1514599999999999,0.156335,0.161215,0.004875,0.009755,0,0.19048,0.13195,0.05853,0.009755,0.0339901477832511,0.1673661073285798,0.6653386454183267,0.0424799935878519,0.1910027233211554,-0.0395427233211554,0.2224051722886971,1.05,-0.8680779961407475,1.4513831048177015,-0.2787463160895486,0.0203433002737452,0.1300126938676329,-0.0009554392070569,1,18.13999938964844,20.690000534057617,2.9939993896484385,14.650000000000002,5.639999999999986,expiry_intrinsic,0.7325000000000002,1.9500000000000002,825.8000000000015,0.05004848484848494,fold_5,logreg,0.851063829787234
CPRT,2025-04-30,2025-05-22,1.0,60.41,56.59,0.41,7.19,0.4167,0.4305,0.41,6.0,0.4167,0.4167,0.4167,0.4202,0.0,0.0,0.0,3.0,1228817830.0,1269000000.0,1199990000.0,6.0,-21065.44,-21092.54,4.33,76.19,14.03,,12.25,21.21,33.33,13.04,12.19,0.08,-0.6,62.5,55.0,62.5,2025-06-20,1.475,2.575,4.050000000000001,6.480000000000001,0.1,9.1,9.2,47.97,14.53,0.28804,0.26853,0.278285,0.24414,12.269795353684176,-0.02927,2042.0,144.0,2.431761786600496,30.0,12.0,0,-5.519999999999999,2025-05-21,585.0,576.2540893554688,0.170975,0.17585,0.180725,0.004875,0.00975,0,0.21975,0.1417,0.07805,0.00975,0.141441158503967,0.2259540020372057,0.7928286852589641,0.1488927811079401,0.1660429890178854,0.0049320109821145,0.8967122429475297,1.09,-0.2427297135137092,1.4152428822971703,-0.2505792385182425,-0.0080498299794126,0.1054717846923134,-0.0201562669294708,1,20.8700008392334,22.65999984741211,3.7725008392333983,4.050000000000001,14.53,expiry_intrinsic,0.20250000000000004,1.9500000000000002,-1070.2,-0.171232,fold_5,logreg,0.851063829787234
WSM,2025-04-30,2025-05-22,0.0,141.93,195.18,13.01,-17.82,1.7587,2.02,1.6,21.0,1.7455,1.7434,1.7287,1.7277,1.0,0.0,2.0,1.0,1669268640.0,1706000000.0,1637400000.0,17.0,16023.2,18899.9,-1238.5,1690.18,,,-4.06,-8.85,246.94,,,,,170.0,160.0,170.0,2025-06-20,10.4,12.2,22.6,13.294117647058826,2.7,14.5,17.2,158.84,11.159999999999997,0.58072,0.59047,0.5855950000000001,0.40999,29.987448663325345,-0.126825,408.0,30.0,1.34477866061294,30.0,5.882352941176472,1,7.411764705882354,2025-05-21,585.0,576.2540893554688,0.170975,0.17585,0.180725,0.004875,0.00975,0,0.21975,0.1417,0.07805,0.00975,0.141441158503967,0.2259540020372057,0.7928286852589641,0.1488927811079401,0.1660429890178854,0.0049320109821145,0.8967122429475297,1.09,-0.2427297135137092,1.4152428822971703,-0.2505792385182425,-0.0080498299794126,0.1054717846923134,-0.0201562669294708,1,20.8700008392334,22.65999984741211,3.7725008392333983,22.6,11.159999999999997,expiry_intrinsic,1.1300000000000001,1.9500000000000002,1029.0500000000004,0.060532352941176495,fold_5,logreg,0.851063829787234
NDSN,2025-04-30,2025-05-28,1.0,188.7,209.5,3.73,-6.57,2.3588,2.4,2.3,8.0,2.3525,2.3525,2.3588,2.42,1.0,0.0,1.0,0.0,671912500.0,689600000.0,653000000.0,8.0,3297.38,3494.14,-67.07,266.91,-2.81,,-0.23,-6.79,-25.9,-6.84,-11.6,-0.45,-2.28,195.0,210.0,195.0,2025-06-20,8.0,5.35,13.35,6.846153846153847,15.75,1.625,17.375,209.55,14.550000000000011,0.2978,0.34658,0.32219,0.273405,15.14168658245134,-0.02927,14.0,0.0,0.3243243243243243,24.0,7.692307692307687,0,-0.8461538461538405,2025-05-27,595.0,584.4501342773438,0.1521571428571428,0.15934,0.166095,0.0071828571428571,0.0139378571428571,0,0.1988457142857143,0.13195,0.0668957142857142,0.0132407142857143,0.065807101304633,0.1694590682463946,0.6733067729083665,0.219227293224757,0.1655542031401606,-0.0133970602830177,1.3242025213890587,1.2,0.7258518207307627,1.0390095836864524,-0.3366779357515375,-0.0062199784050004,0.073568993199907,-0.0062199784050004,1,18.959999084472656,21.290000915527344,3.744284798758372,13.35,14.550000000000011,expiry_intrinsic,0.6675,1.9500000000000002,-188.70000000000115,-0.009676923076923137,fold_5,logreg,0.851063829787234
COO,2025-04-30,2025-05-29,1.0,82.23,90.38,-2.76,-11.53,0.9292,0.95,0.9,16.0,0.9286,0.9286,0.9292,0.9334,0.0,0.0,1.0,2.0,995173100.0,1008000000.0,972900000.0,14.0,2156.02,2258.26,-48.87,150.24,3.55,,6.24,8.24,-11.54,9.57,18.88,1.48,2.44,80.0,70.0,80.0,2025-06-20,3.7,3.45,7.15,8.937500000000002,0.15,10.8,10.95,69.47,10.53,0.44414,0.45389,0.449015,0.331945,26.07262563611459,-0.09756,255.0,3038.0,0.1880777813197322,23.0,12.5,0,-3.5624999999999982,2025-05-28,590.0,581.06884765625,0.161215,0.1645934615384615,0.1748053571428571,0.0033784615384615,0.0135903571428571,0,0.20024,0.13195,0.0682899999999999,0.0048799999999999,0.1228162454256915,0.1966525491877982,0.7091633466135459,0.221381014073049,0.1683281164055086,-0.0071131164055086,1.315175496526879,0.95,-1.373722663091835,0.5873470512943576,-0.4366677548343357,-0.0086363166821615,0.0669511202601682,-0.011969408329393,1,19.309999465942383,21.670000076293945,3.1884994659423818,7.15,10.53,expiry_intrinsic,0.35750000000000004,1.9500000000000002,-375.6999999999999,-0.04696249999999998,fold_5,logreg,0.851063829787234
MKC,2025-05-31,2025-06-26,1.0,71.8,81.46,8.04,-4.78,0.6528,0.68,0.62,11.0,0.6605,0.6704,0.6774,0.6885,0.0,0.0,0.0,4.0,1661408640.0,1681000000.0,1646516000.0,8.0,-18187.36,-17655.42,-297.71,504.64,0.17,,-0.37,-4.76,-25.0,1.3,-4.74,0.23,-0.72,75.0,75.0,75.0,2025-07-18,1.4,3.0,4.4,5.866666666666667,2.05,0.825,2.875,71.42,3.5799999999999983,0.25877,0.31731,0.2880399999999999,0.18073,37.25524232745451,-0.0438999999999999,3301.0,1091.0,0.5260840108401084,23.0,0.0,1,5.866666666666667,2025-06-25,610.0,602.0135498046875,0.13195,0.1479742857142857,0.1514599999999999,0.0160242857142857,0.0195099999999999,0,0.16122,0.12219,0.03903,0.0097549999999999,0.0,0.1087932236101431,0.4063745019920319,0.0978361430236308,0.1185447991635977,0.0134052008364022,0.8253094502156276,1.09,-0.1642821851681879,0.8095045111691945,-0.4641036002312083,0.0190529433017558,0.0514666329517017,0.0,1,16.760000228881836,19.670000076293945,3.5650002288818357,4.4,3.5799999999999983,expiry_intrinsic,0.22000000000000003,1.9500000000000002,58.0500000000002,0.007740000000000027,fold_5,logreg,0.851063829787234
ARE,2025-06-30,2025-07-21,0.0,71.37,76.26,9.67,2.64,0.6318,0.6318,0.6318,1.0,0.6318,0.6318,0.6318,0.6318,0.0,0.0,0.0,0.0,748020030.0,763595000.0,732146180.0,6.0,-1264.32,-133.87,-729.12,354.69,-1.64,-75.63,6.27,-42.7,-26.09,-21.18,-28.91,-1.57,-7.44,77.5,80.0,77.5,2025-08-15,3.0,2.175,5.175,6.67741935483871,4.699999999999999,1.075,5.7749999999999995,76.09,1.4099999999999966,0.28804,0.30755,0.297795,0.2978,-0.0016790073708347,0.0195149999999999,244.0,8.0,0.580715059588299,28.0,3.2258064516129004,1,3.4516129032258096,2025-07-18,630.0,622.301513671875,0.13195,0.1458828571428571,0.1508861764705882,0.0139328571428571,0.0189361764705882,0,0.1640057142857142,0.12219,0.0418157142857142,0.0111478571428571,0.0952721829954769,0.1087932236101431,0.3545816733067729,0.0629294736645928,0.0767719034969805,0.0551780965030195,0.8196940651219874,1.17,0.0767479022590774,0.9353493467391604,-0.3588839823528439,0.0063500269902057,0.0533952090184737,-0.0007324129021104,1,16.40999984741211,19.579999923706055,3.214999847412109,5.175,1.4099999999999966,expiry_intrinsic,0.25875,1.9500000000000002,348.67500000000035,0.044990322580645205,fold_5,logreg,0.851063829787234
DPZ,2025-06-30,2025-07-21,0.0,447.28,486.14,3.34,-4.92,3.9584,4.29,3.77,21.0,3.9603,3.9436,3.977,3.9865,0.0,0.0,0.0,2.0,1142302020.0,1174000000.0,1120874000.0,25.0,12030.69,11038.14,76.76,588.44,2.53,-76.37,4.99,20.95,-11.45,12.16,-0.26,0.96,-0.53,470.0,480.0,470.0,2025-08-15,18.5,18.55,37.05,7.882978723404255,18.9,7.05,25.95,451.26,18.74000000000001,0.3856,0.33682,0.36121,0.234385,35.11115417624097,-0.078045,279.0,161.0,0.8901890189018902,28.0,2.127659574468077,1,5.755319148936178,2025-07-18,630.0,622.301513671875,0.13195,0.1458828571428571,0.1508861764705882,0.0139328571428571,0.0189361764705882,0,0.1640057142857142,0.12219,0.0418157142857142,0.0111478571428571,0.0952721829954769,0.1087932236101431,0.3545816733067729,0.0629294736645928,0.0767719034969805,0.0551780965030195,0.8196940651219874,1.17,0.0767479022590774,0.9353493467391604,-0.3588839823528439,0.0063500269902057,0.0533952090184737,-0.0007324129021104,1,16.40999984741211,19.579999923706055,3.214999847412109,37.05,18.74000000000001,expiry_intrinsic,1.8525,1.9500000000000002,1643.7999999999988,0.03497446808510636,fold_5,logreg,0.851063829787234
NXPI,2025-06-30,2025-07-21,1.0,209.0,174.66,9.22,30.69,2.6643,2.7127,2.6555,22.0,2.6647,2.6792,2.6705,2.677,0.0,0.0,12.0,10.0,2898025420.0,2930000000.0,2800000000.0,24.0,7406.69,7253.07,98.49,28.43,-9.31,-77.52,-5.66,-18.52,-16.98,-15.99,-15.54,-2.01,-1.88,230.0,230.0,230.0,2025-08-15,9.25,12.1,21.35,9.282608695652174,7.45,9.1,16.55,228.78,1.2199999999999989,0.43438,0.41487,0.424625,0.3514549999999999,17.231675007359453,-0.02927,331.0,356.0,0.9723653395784544,28.0,0.0,1,9.282608695652174,2025-07-18,630.0,622.301513671875,0.13195,0.1458828571428571,0.1508861764705882,0.0139328571428571,0.0189361764705882,0,0.1640057142857142,0.12219,0.0418157142857142,0.0111478571428571,0.0952721829954769,0.1087932236101431,0.3545816733067729,0.0629294736645928,0.0767719034969805,0.0551780965030195,0.8196940651219874,1.17,0.0767479022590774,0.9353493467391604,-0.3588839823528439,0.0063500269902057,0.0533952090184737,-0.0007324129021104,1,16.40999984741211,19.579999923706055,3.214999847412109,21.35,1.2199999999999989,expiry_intrinsic,1.0675000000000001,1.9500000000000002,1904.3000000000004,0.08279565217391306,fold_5,logreg,0.851063829787234
ROP,2025-06-30,2025-07-21,1.0,561.99,551.3,-1.79,0.11,4.8331,4.87,4.78,14.0,4.8331,4.8323,4.8566,4.8658,0.0,0.0,3.0,10.0,1924751080.0,1943700000.0,1900000000.0,12.0,13927.52,13556.03,150.4,72.42,12.02,-73.25,13.24,8.39,-0.62,-5.1,9.25,-1.56,-0.71,550.0,560.0,550.0,2025-08-15,11.45,16.0,27.45,4.990909090909091,20.55,4.625,25.175,529.64,20.360000000000017,0.21975,0.23926,0.229505,0.185605,19.128123570292583,-0.01463,33.0,67.0,0.3376623376623376,28.0,1.8181818181818077,1,3.1727272727272835,2025-07-18,630.0,622.301513671875,0.13195,0.1458828571428571,0.1508861764705882,0.0139328571428571,0.0189361764705882,0,0.1640057142857142,0.12219,0.0418157142857142,0.0111478571428571,0.0952721829954769,0.1087932236101431,0.3545816733067729,0.0629294736645928,0.0767719034969805,0.0551780965030195,0.8196940651219874,1.17,0.0767479022590774,0.9353493467391604,-0.3588839823528439,0.0063500269902057,0.0533952090184737,-0.0007324129021104,1,16.40999984741211,19.579999923706055,3.214999847412109,27.45,20.360000000000017,expiry_intrinsic,1.3725,1.9500000000000002,569.7999999999981,0.010359999999999966,fold_5,logreg,0.851063829787234
STLD,2025-06-30,2025-07-21,0.0,125.9,117.39,6.85,14.6,2.0775,2.18,2.02,4.0,2.642,2.725,2.74,2.5457,0.0,0.0,0.0,3.0,4761716210.0,4972246010.0,4563000000.0,6.0,46734.88,46293.73,36.43,241.93,-6.92,-75.09,-6.86,-60.76,5.88,-52.24,-63.36,-9.75,-9.7,130.0,130.0,130.0,2025-08-15,6.050000000000001,3.95,10.0,7.6923076923076925,5.7,3.2,8.9,126.42,3.5799999999999983,0.34658,0.33682,0.3417,0.32219,5.709686859818562,-0.0146299999999999,148.0,9.0,0.547683923705722,28.0,0.0,1,7.6923076923076925,2025-07-18,630.0,622.301513671875,0.13195,0.1458828571428571,0.1508861764705882,0.0139328571428571,0.0189361764705882,0,0.1640057142857142,0.12219,0.0418157142857142,0.0111478571428571,0.0952721829954769,0.1087932236101431,0.3545816733067729,0.0629294736645928,0.0767719034969805,0.0551780965030195,0.8196940651219874,1.17,0.0767479022590774,0.9353493467391604,-0.3588839823528439,0.0063500269902057,0.0533952090184737,-0.0007324129021104,1,16.40999984741211,19.579999923706055,3.214999847412109,10.0,3.5799999999999983,expiry_intrinsic,0.5,1.9500000000000002,590.0500000000002,0.04538846153846155,fold_5,logreg,0.851063829787234
WRB,2025-06-30,2025-07-21,1.0,73.75,70.85,-8.07,-4.3,1.0451,1.09,1.0,13.0,1.0451,1.0451,1.0428,1.053,1.0,0.0,2.0,2.0,3099738750.0,3132600000.0,3068909000.0,4.0,-4552.8,-4950.4,193.49,207.02,8.92,-73.99,11.55,-35.26,-10.62,6.77,-6.18,-1.82,-2.45,69.0,69.5,69.5,2025-08-15,1.75,2.375,4.125,5.978260869565218,1.15,1.9,3.05,70.79,1.2900000000000065,0.25877,0.27829,0.26853,0.21,21.796447324321303,0.009755,40.0,141.0,0.9626168224299064,28.0,0.7246376811594235,1,5.253623188405794,2025-07-18,630.0,622.301513671875,0.13195,0.1458828571428571,0.1508861764705882,0.0139328571428571,0.0189361764705882,0,0.1640057142857142,0.12219,0.0418157142857142,0.0111478571428571,0.0952721829954769,0.1087932236101431,0.3545816733067729,0.0629294736645928,0.0767719034969805,0.0551780965030195,0.8196940651219874,1.17,0.0767479022590774,0.9353493467391604,-0.3588839823528439,0.0063500269902057,0.0533952090184737,-0.0007324129021104,1,16.40999984741211,19.579999923706055,3.214999847412109,4.125,1.2900000000000065,expiry_intrinsic,0.20625000000000002,1.9500000000000002,260.9249999999994,0.03781521739130426,fold_5,logreg,1.0
DGX,2025-06-30,2025-07-22,1.0,179.43,173.57,-0.66,2.69,2.5758,2.687,2.54,14.0,2.5758,2.5758,2.5761,2.5515,0.0,0.0,9.0,4.0,2726773860.0,2788415520.0,2701456500.0,12.0,11689.76,11378.82,156.27,29.8,12.09,-73.14,7.13,8.33,-0.9,13.23,15.33,-0.05,0.37,165.0,170.0,165.0,2025-08-15,5.55,3.775,9.325,5.651515151515151,7.2,1.35,8.55,179.77,14.77000000000001,0.25877,0.26853,0.26365,0.19536,25.901763701877485,-0.009755,39.0,28.0,1.4407582938388626,25.0,3.0303030303030276,1,2.621212121212124,2025-07-21,631.0,623.4815063476562,0.1354321428571428,0.1417,0.1472771428571428,0.0062678571428571,0.0118449999999999,0,0.16122,0.12219,0.03903,0.0062728571428571,0.1745843230403796,0.1192473060633678,0.3784860557768924,0.0629218260559761,0.0762147302928479,0.0592174125642948,0.8255861539390728,1.46,2.228652776285186,1.893752953125981,-0.1801015500765151,0.0063379328457915,0.0555517437425587,0.0,1,16.649999618530273,19.510000228881836,3.1067853328159867,9.325,14.77000000000001,expiry_intrinsic,0.46625,1.9500000000000002,-593.0750000000011,-0.03594393939393946,fold_5,logreg,0.851063829787234
GPC,2025-06-30,2025-07-22,1.0,119.77,116.14,11.31,14.78,2.0556,2.18,1.94,11.0,2.0542,2.0652,2.1489,2.1471,0.0,0.0,0.0,7.0,6103416350.0,6190800000.0,6018471870.0,11.0,7525.6,8028.0,181.76,977.03,1.43,-75.02,1.65,-21.17,8.7,-6.73,-14.94,1.19,-1.13,125.0,135.0,125.0,2025-08-15,4.0,4.8,8.8,7.04,10.85,0.975,11.825,137.8,12.800000000000011,0.33682,0.33682,0.33682,0.209995,37.65364289531501,-0.053655,746.0,58.0,2.2461059190031154,25.0,8.000000000000007,0,-0.9600000000000072,2025-07-21,631.0,623.4815063476562,0.1354321428571428,0.1417,0.1472771428571428,0.0062678571428571,0.0118449999999999,0,0.16122,0.12219,0.03903,0.0062728571428571,0.1745843230403796,0.1192473060633678,0.3784860557768924,0.0629218260559761,0.0762147302928479,0.0592174125642948,0.8255861539390728,1.46,2.228652776285186,1.893752953125981,-0.1801015500765151,0.0063379328457915,0.0555517437425587,0.0,1,16.649999618530273,19.510000228881836,3.1067853328159867,8.8,12.800000000000011,expiry_intrinsic,0.44000000000000006,1.9500000000000002,-445.95000000000107,-0.03567600000000008,fold_5,logreg,0.851063829787234
CB,2025-06-30,2025-07-22,1.0,283.82,284.49,-1.79,-2.02,5.9662,6.21,5.54,16.0,5.9768,5.9803,6.001,6.004,0.0,0.0,4.0,10.0,12532200000.0,12657000000.0,12381000000.0,5.0,21143.3,18498.41,992.81,416.88,4.46,-75.99,11.29,-31.98,-38.87,-33.66,-8.67,-7.64,-1.78,275.0,270.0,275.0,2025-08-15,6.1,5.949999999999999,12.05,4.381818181818181,3.2249999999999996,7.1,10.325,274.21,0.7900000000000205,0.21975,0.20024,0.209995,0.17585,16.25991095026071,-0.0097549999999999,459.0,39.0,0.5180972078593589,25.0,1.8181818181818188,1,2.563636363636362,2025-07-21,631.0,623.4815063476562,0.1354321428571428,0.1417,0.1472771428571428,0.0062678571428571,0.0118449999999999,0,0.16122,0.12219,0.03903,0.0062728571428571,0.1745843230403796,0.1192473060633678,0.3784860557768924,0.0629218260559761,0.0762147302928479,0.0592174125642948,0.8255861539390728,1.46,2.228652776285186,1.893752953125981,-0.1801015500765151,0.0063379328457915,0.0555517437425587,0.0,1,16.649999618530273,19.510000228881836,3.1067853328159867,12.049999999999999,0.7900000000000205,expiry_intrinsic,0.6025,1.9500000000000002,1063.7999999999977,0.03868363636363628,fold_5,logreg,0.851063829787234
CSGP,2025-06-30,2025-07-22,1.0,79.65,81.83,6.92,4.07,0.1371,0.18,0.1,14.0,0.1356,0.1345,0.1684,0.165,0.0,0.0,0.0,3.0,771920650.0,773900000.0,770000000.0,15.0,-59600.29,-60044.27,178.2,95.23,11.55,-73.24,11.44,93.2,-22.72,147.37,0.0,0.57,0.67,85.0,90.0,85.0,2025-08-15,3.75,3.5,7.25,8.529411764705882,6.9,0.525,7.425000000000001,89.66,4.659999999999997,0.40511,0.40511,0.40511,0.25877,36.123522006368646,-0.09268,194.0,111.0,1.9862091084028224,25.0,5.882352941176472,1,2.6470588235294104,2025-07-21,631.0,623.4815063476562,0.1354321428571428,0.1417,0.1472771428571428,0.0062678571428571,0.0118449999999999,0,0.16122,0.12219,0.03903,0.0062728571428571,0.1745843230403796,0.1192473060633678,0.3784860557768924,0.0629218260559761,0.0762147302928479,0.0592174125642948,0.8255861539390728,1.46,2.228652776285186,1.893752953125981,-0.1801015500765151,0.0063379328457915,0.0555517437425587,0.0,1,16.649999618530273,19.510000228881836,3.1067853328159867,7.25,4.659999999999997,expiry_intrinsic,0.36250000000000004,1.9500000000000002,220.80000000000038,0.02597647058823534,fold_5,logreg,0.851063829787234
BKR,2025-06-30,2025-07-22,1.0,39.0,35.89,2.62,11.51,0.5542,0.59,0.52,19.0,0.5544,0.5527,0.5553,0.5945,2.0,0.0,4.0,2.0,6630858880.0,6723106240.0,6448000000.0,20.0,860.32,866.43,53.9,164.21,0.14,-76.91,7.63,-6.98,-42.86,-7.05,13.94,3.04,1.42,40.0,45.0,40.0,2025-08-15,1.3,1.5,2.8,6.999999999999999,4.800000000000001,0.175,4.9750000000000005,42.8,2.799999999999997,0.31731,0.35633,0.33682,0.278285,17.37871860340835,-0.0341449999999999,1372.0,260.0,0.1526156506701254,25.0,12.5,0,-5.500000000000001,2025-07-21,631.0,623.4815063476562,0.1354321428571428,0.1417,0.1472771428571428,0.0062678571428571,0.0118449999999999,0,0.16122,0.12219,0.03903,0.0062728571428571,0.1745843230403796,0.1192473060633678,0.3784860557768924,0.0629218260559761,0.0762147302928479,0.0592174125642948,0.8255861539390728,1.46,2.228652776285186,1.893752953125981,-0.1801015500765151,0.0063379328457915,0.0555517437425587,0.0,1,16.649999618530273,19.510000228881836,3.1067853328159867,2.8,2.799999999999997,expiry_intrinsic,0.13999999999999999,1.9500000000000002,-15.949999999999733,-0.003987499999999933,fold_5,logreg,0.851063829787234
AVY,2025-06-30,2025-07-22,0.0,175.48,170.25,3.53,6.71,2.4366,2.73,2.35,7.0,2.4523,2.4456,2.4456,2.5967,0.0,0.0,0.0,5.0,2230144880.0,2246000000.0,2194614160.0,7.0,9377.38,9458.94,-64.26,49.72,-0.14,-75.46,4.2,0.44,-3.36,-1.32,-4.64,-0.46,-0.56,180.0,180.0,180.0,2025-08-15,4.949999999999999,5.25,10.2,5.666666666666666,4.175,4.0,8.175,174.78,5.219999999999999,0.27829,0.26853,0.27341,0.22951,16.056471965180496,-0.0390249999999999,29.0,3.0,0.3235294117647059,25.0,0.0,1,5.666666666666666,2025-07-21,631.0,623.4815063476562,0.1354321428571428,0.1417,0.1472771428571428,0.0062678571428571,0.0118449999999999,0,0.16122,0.12219,0.03903,0.0062728571428571,0.1745843230403796,0.1192473060633678,0.3784860557768924,0.0629218260559761,0.0762147302928479,0.0592174125642948,0.8255861539390728,1.46,2.228652776285186,1.893752953125981,-0.1801015500765151,0.0063379328457915,0.0555517437425587,0.0,1,16.649999618530273,19.510000228881836,3.1067853328159867,10.2,5.219999999999999,expiry_intrinsic,0.51,1.9500000000000002,445.05000000000007,0.024725000000000004,fold_5,logreg,0.851063829787234
IPG,2025-06-30,2025-07-22,1.0,23.42,23.99,9.69,7.09,0.5703,0.6448,0.53,6.0,0.5483,0.5525,0.5425,0.602,3.0,0.0,2.0,2.0,2148050000.0,2155000000.0,2141100000.0,2.0,6466.4,6385.76,242.82,342.36,-6.94,-78.28,-2.01,-8.33,-70.27,-94.21,-122.8,-0.23,-9.19,24.0,27.0,24.0,2025-08-15,0.65,0.675,1.3250000000000002,5.520833333333334,2.95,0.725,3.675,26.09,2.09,0.23926,0.28804,0.26365,0.2197549999999999,16.648966432770727,0.136585,12.0,2.0,0.2313624678663239,25.0,12.5,0,-6.979166666666666,2025-07-21,631.0,623.4815063476562,0.1354321428571428,0.1417,0.1472771428571428,0.0062678571428571,0.0118449999999999,0,0.16122,0.12219,0.03903,0.0062728571428571,0.1745843230403796,0.1192473060633678,0.3784860557768924,0.0629218260559761,0.0762147302928479,0.0592174125642948,0.8255861539390728,1.46,2.228652776285186,1.893752953125981,-0.1801015500765151,0.0063379328457915,0.0555517437425587,0.0,1,16.649999618530273,19.510000228881836,3.1067853328159867,1.3250000000000002,2.09,expiry_intrinsic,0.06625000000000002,1.9500000000000002,-85.07499999999997,-0.035447916666666655,fold_5,logreg,0.851063829787234
IVZ,2025-06-30,2025-07-22,0.0,14.81,13.51,43.48,57.29,0.3867,0.4143,0.35,12.0,0.3876,0.3869,0.3845,0.4583,0.0,0.0,1.0,1.0,1088463940.0,1103200000.0,1074630620.0,6.0,4854.24,4586.3,76.8,102.82,3.65,-74.79,5.14,33.33,-15.38,16.17,30.13,2.53,3.69,20.0,21.0,20.0,2025-08-15,0.9,0.775,1.675,8.375,1.625,0.225,1.85,21.12,1.120000000000001,0.36609,0.43438,0.400235,0.31243,21.93836121278749,-0.05854,745.0,929.0,0.2303094700491433,25.0,5.000000000000004,1,3.3749999999999956,2025-07-21,631.0,623.4815063476562,0.1354321428571428,0.1417,0.1472771428571428,0.0062678571428571,0.0118449999999999,0,0.16122,0.12219,0.03903,0.0062728571428571,0.1745843230403796,0.1192473060633678,0.3784860557768924,0.0629218260559761,0.0762147302928479,0.0592174125642948,0.8255861539390728,1.46,2.228652776285186,1.893752953125981,-0.1801015500765151,0.0063379328457915,0.0555517437425587,0.0,1,16.649999618530273,19.510000228881836,3.1067853328159867,1.675,1.120000000000001,expiry_intrinsic,0.08375,1.9500000000000002,45.174999999999905,0.02258749999999995,fold_5,logreg,0.851063829787234
TXN,2025-06-30,2025-07-22,1.0,198.2,152.15,8.44,41.26,1.3257,1.39,1.17,28.0,1.3257,1.3257,1.3354,1.2418,22.0,0.0,23.0,1.0,4309422050.0,4414000000.0,3978000000.0,29.0,14324.45,13700.2,275.89,130.77,11.14,-73.99,-8.46,4.92,-1.54,4.35,2.95,-0.38,-2.59,215.0,187.5,215.0,2025-07-25,5.575,5.875,11.45,5.325581395348837,0.01,27.975,27.985000000000003,184.99,30.00999999999999,0.63925,0.63925,0.63925,0.3856,39.67931169339069,-0.3024249999999999,249.0,189.0,1.481519357195033,4.0,12.790697674418606,0,-7.465116279069769,2025-07-21,631.0,623.4815063476562,0.1354321428571428,0.1417,0.1472771428571428,0.0062678571428571,0.0118449999999999,0,0.16122,0.12219,0.03903,0.0062728571428571,0.1745843230403796,0.1192473060633678,0.3784860557768924,0.0629218260559761,0.0762147302928479,0.0592174125642948,0.8255861539390728,1.46,2.228652776285186,1.893752953125981,-0.1801015500765151,0.0063379328457915,0.0555517437425587,0.0,1,16.649999618530273,19.510000228881836,3.1067853328159867,11.45,30.00999999999999,expiry_intrinsic,0.5725,1.9500000000000002,-1915.1999999999994,-0.08907906976744183,fold_5,logreg,0.851063829787234
SYF,2025-06-30,2025-07-22,1.0,62.34,49.91,13.35,41.57,1.6961,1.97,1.49,15.0,1.6821,1.6156,1.625,1.7356,3.0,0.0,7.0,0.0,3709697390.0,3773400000.0,3550000000.0,11.0,18427.92,17687.67,940.58,833.57,-15.26,-76.42,26.72,60.17,-1.05,-14.19,-46.94,0.09,-19.68,70.0,72.5,70.0,2025-08-15,2.15,2.825,4.975,7.107142857142856,3.3,1.2000000000000002,4.5,71.49,1.4899999999999949,0.31731,0.36609,0.3417,0.29292,14.275680421422296,-0.0439,824.0,211.0,0.7254960914010824,25.0,3.571428571428581,1,3.535714285714275,2025-07-21,631.0,623.4815063476562,0.1354321428571428,0.1417,0.1472771428571428,0.0062678571428571,0.0118449999999999,0,0.16122,0.12219,0.03903,0.0062728571428571,0.1745843230403796,0.1192473060633678,0.3784860557768924,0.0629218260559761,0.0762147302928479,0.0592174125642948,0.8255861539390728,1.46,2.228652776285186,1.893752953125981,-0.1801015500765151,0.0063379328457915,0.0555517437425587,0.0,1,16.649999618530273,19.510000228881836,3.1067853328159867,4.975,1.4899999999999949,expiry_intrinsic,0.24875,1.9500000000000002,321.6750000000005,0.0459535714285715,fold_5,logreg,0.851063829787234
PNR,2025-06-30,2025-07-22,0.0,97.27,87.75,7.81,19.51,1.3317,1.37,1.31,18.0,1.3311,1.3311,1.3311,1.3368,2.0,0.0,2.0,0.0,1117008720.0,1143000000.0,1110800000.0,17.0,6124.72,5747.59,-247.7,583.44,-0.67,-75.25,-0.38,18.09,2.78,10.76,12.33,1.56,2.33,105.0,105.0,105.0,2025-08-15,3.175,2.875,6.05,5.761904761904762,1.65,2.725,4.375,104.98,0.019999999999996,0.27829,0.26853,0.27341,0.21,23.19227533740536,-0.024395,1447.0,104.0,0.2258522727272727,25.0,0.0,1,5.761904761904762,2025-07-21,631.0,623.4815063476562,0.1354321428571428,0.1417,0.1472771428571428,0.0062678571428571,0.0118449999999999,0,0.16122,0.12219,0.03903,0.0062728571428571,0.1745843230403796,0.1192473060633678,0.3784860557768924,0.0629218260559761,0.0762147302928479,0.0592174125642948,0.8255861539390728,1.46,2.228652776285186,1.893752953125981,-0.1801015500765151,0.0063379328457915,0.0555517437425587,0.0,1,16.649999618530273,19.510000228881836,3.1067853328159867,6.05,0.019999999999996,expiry_intrinsic,0.3025,1.9500000000000002,570.8000000000003,0.05436190476190479,fold_5,logreg,0.851063829787234
SHW,2025-06-30,2025-07-22,0.0,333.5,331.25,1.97,2.66,3.8139,3.96,3.6217,23.0,3.8139,3.8112,3.8241,3.9016,1.0,0.0,1.0,2.0,6302469250.0,6511000000.0,6202000000.0,17.0,-84257.22,-84331.56,-235.05,458.04,-1.15,-77.03,0.15,3.69,7.66,2.4,3.93,1.07,0.7,340.0,340.0,340.0,2025-08-15,11.2,8.3,19.5,5.735294117647059,8.95,5.7,14.65,364.4,24.399999999999977,0.27829,0.26853,0.27341,0.209995,23.194104092754472,-0.0243899999999999,335.0,52.0,1.0516273849607185,25.0,0.0,1,5.735294117647059,2025-07-21,631.0,623.4815063476562,0.1354321428571428,0.1417,0.1472771428571428,0.0062678571428571,0.0118449999999999,0,0.16122,0.12219,0.03903,0.0062728571428571,0.1745843230403796,0.1192473060633678,0.3784860557768924,0.0629218260559761,0.0762147302928479,0.0592174125642948,0.8255861539390728,1.46,2.228652776285186,1.893752953125981,-0.1801015500765151,0.0063379328457915,0.0555517437425587,0.0,1,16.649999618530273,19.510000228881836,3.1067853328159867,19.5,24.399999999999977,expiry_intrinsic,0.9750000000000001,1.9500000000000002,-589.4499999999978,-0.017336764705882288,fold_5,logreg,0.851063829787234
PCAR,2025-06-30,2025-07-22,0.0,90.99,89.08,8.34,10.66,1.3736,1.62,1.2621,7.0,1.405,1.6557,1.7793,1.8177,1.0,0.0,1.0,7.0,7034934650.0,7651000000.0,6474565000.0,12.0,-13923.3,-11702.01,-848.64,1055.07,-14.78,-77.88,-5.44,-57.71,-42.17,-38.06,-38.65,-4.24,-4.94,93.8,102.0,95.0,2025-08-15,3.0,5.0,8.0,8.528784648187633,7.199999999999999,0.7749999999999999,7.975,98.22,3.219999999999999,0.39536,0.41487,0.405115,0.27341,32.51052170371376,-0.11707,173.0,1170.0,1.0854166666666667,25.0,8.742004264392333,0,-0.2132196162047002,2025-07-21,631.0,623.4815063476562,0.1354321428571428,0.1417,0.1472771428571428,0.0062678571428571,0.0118449999999999,0,0.16122,0.12219,0.03903,0.0062728571428571,0.1745843230403796,0.1192473060633678,0.3784860557768924,0.0629218260559761,0.0762147302928479,0.0592174125642948,0.8255861539390728,1.46,2.228652776285186,1.893752953125981,-0.1801015500765151,0.0063379328457915,0.0555517437425587,0.0,1,16.649999618530273,19.510000228881836,3.1067853328159867,8.0,3.219999999999999,expiry_intrinsic,0.4,1.9500000000000002,436.05000000000007,0.046487206823027725,fold_5,logreg,0.851063829787234
NOC,2025-06-30,2025-07-22,1.0,497.7,472.65,13.28,19.28,6.6807,7.61,6.07,18.0,6.6152,6.5901,6.6246,7.1284,1.0,0.0,1.0,0.0,10154204170.0,10795445000.0,9904000000.0,17.0,28657.97,34966.68,-1306.38,4570.58,-6.56,-76.93,2.82,-47.47,-48.04,-30.36,-46.5,-4.36,-4.52,515.0,570.0,515.0,2025-08-15,16.049999999999997,16.15,32.199999999999996,6.252427184466018,55.05,0.55,55.599999999999994,583.96,68.96000000000004,0.27829,0.31731,0.2977999999999999,0.19048,36.03760913364673,-0.0585349999999999,70.0,28.0,1.6499567847882457,25.0,10.679611650485432,0,-4.427184466019414,2025-07-21,631.0,623.4815063476562,0.1354321428571428,0.1417,0.1472771428571428,0.0062678571428571,0.0118449999999999,0,0.16122,0.12219,0.03903,0.0062728571428571,0.1745843230403796,0.1192473060633678,0.3784860557768924,0.0629218260559761,0.0762147302928479,0.0592174125642948,0.8255861539390728,1.46,2.228652776285186,1.893752953125981,-0.1801015500765151,0.0063379328457915,0.0555517437425587,0.0,1,16.649999618530273,19.510000228881836,3.1067853328159867,32.199999999999996,68.96000000000004,expiry_intrinsic,1.6099999999999999,1.9500000000000002,-3838.950000000004,-0.07454271844660201,fold_5,logreg,0.851063829787234
MSCI,2025-06-30,2025-07-22,1.0,544.78,533.41,-3.36,-1.3,4.1073,4.2385,4.02,14.0,4.0966,4.0938,4.0955,4.131,1.0,0.0,1.0,0.0,764280290.0,775300000.0,749000000.0,12.0,13011.04,12180.86,378.03,161.06,9.69,-73.89,13.0,13.64,-4.31,10.97,11.09,0.56,0.64,580.0,530.0,580.0,2025-08-15,20.45,21.1,41.55,7.163793103448275,0.75,48.400000000000006,49.150000000000006,557.02,22.980000000000015,0.33682,0.34658,0.3417,0.22463,34.261047702663156,-0.068295,32.0,31.0,0.2405871091257179,25.0,8.62068965517241,0,-1.4568965517241343,2025-07-21,631.0,623.4815063476562,0.1354321428571428,0.1417,0.1472771428571428,0.0062678571428571,0.0118449999999999,0,0.16122,0.12219,0.03903,0.0062728571428571,0.1745843230403796,0.1192473060633678,0.3784860557768924,0.0629218260559761,0.0762147302928479,0.0592174125642948,0.8255861539390728,1.46,2.228652776285186,1.893752953125981,-0.1801015500765151,0.0063379328457915,0.0555517437425587,0.0,1,16.649999618530273,19.510000228881836,3.1067853328159867,41.55,22.980000000000015,expiry_intrinsic,2.0775,1.9500000000000002,1647.2999999999981,0.028401724137931003,fold_5,logreg,0.851063829787234
LII,2025-06-30,2025-07-23,1.0,564.18,524.05,17.13,26.09,6.8652,7.23,5.89,20.0,6.8777,6.8479,6.8594,7.0727,2.0,0.0,6.0,5.0,1473682210.0,1551100000.0,1309800000.0,15.0,25028.93,21869.21,1834.83,981.99,2.44,-79.92,6.32,-2.88,-39.82,-5.16,-6.71,-1.84,-1.42,620.0,670.0,620.0,2025-08-15,23.450000000000003,21.75,45.2,7.290322580645162,48.45,1.88,50.330000000000005,591.66,28.340000000000032,0.35633,0.35633,0.35633,0.24414,31.484859540313753,-0.0438999999999999,419.0,5.0,2.3448275862068964,24.0,8.064516129032251,0,-0.774193548387089,2025-07-22,631.0,623.5707397460938,0.13195,0.1461368181818181,0.1476257142857142,0.0141868181818181,0.0156757142857142,0,0.1612199999999999,0.12219,0.0390299999999999,0.0097549999999999,0.0952721829954769,0.1087932236101431,0.350597609561753,0.0430547123045092,0.0746574482322903,0.0572925517677096,0.5766968108868138,1.16,-0.1085445660077069,0.7215265824372862,-0.4078325905075765,0.0108013834208153,0.0581878986298098,0.0,1,16.5,19.530000686645508,3.3049999999999997,45.2,28.340000000000032,expiry_intrinsic,2.2600000000000002,1.9500000000000002,1458.049999999997,0.023516935483870918,fold_5,logreg,0.851063829787234
HAS,2025-06-30,2025-07-23,1.0,70.6,60.37,8.84,27.28,0.7712,0.91,0.63,12.0,0.7604,0.7671,0.777,1.0054,2.0,0.0,2.0,3.0,882250940.0,901000000.0,865000000.0,10.0,11263.2,9376.64,1076.59,497.82,17.14,-78.55,-13.86,70.49,126.09,32.49,46.9,4.21,3.9,77.5,75.0,77.5,2025-08-15,4.45,3.7,8.15,10.516129032258064,1.25,3.3,4.55,81.14,3.640000000000001,0.54169,0.48316,0.512425,0.25877,49.50090257110797,-0.16097,1792.0,256.0,0.2853834276891405,24.0,3.2258064516129004,1,7.290322580645164,2025-07-22,631.0,623.5707397460938,0.13195,0.1461368181818181,0.1476257142857142,0.0141868181818181,0.0156757142857142,0,0.1612199999999999,0.12219,0.0390299999999999,0.0097549999999999,0.0952721829954769,0.1087932236101431,0.350597609561753,0.0430547123045092,0.0746574482322903,0.0572925517677096,0.5766968108868138,1.16,-0.1085445660077069,0.7215265824372862,-0.4078325905075765,0.0108013834208153,0.0581878986298098,0.0,1,16.5,19.530000686645508,3.3049999999999997,8.15,3.640000000000001,expiry_intrinsic,0.40750000000000003,1.9500000000000002,408.3,0.052683870967741936,fold_5,logreg,0.851063829787234
GL,2025-06-30,2025-07-23,1.0,122.11,123.92,2.21,0.72,3.2578,3.37,3.22,9.0,3.257,3.267,3.3879,3.3922,0.0,0.0,0.0,9.0,1505500000.0,1509000000.0,1500000000.0,3.0,3640.16,3532.26,-143.53,701.67,4.54,-74.38,6.06,10.43,-2.23,2.19,2.23,-51.26,-0.54,125.0,130.0,125.0,2025-08-15,2.8,4.35,7.1499999999999995,5.72,8.0,1.075,9.075,135.43,10.430000000000009,0.28804,0.26853,0.278285,0.263655,5.257200352156973,4.999999999977245e-06,369.0,9.0,1.8688524590163935,24.0,4.0000000000000036,1,1.7199999999999962,2025-07-22,631.0,623.5707397460938,0.13195,0.1461368181818181,0.1476257142857142,0.0141868181818181,0.0156757142857142,0,0.1612199999999999,0.12219,0.0390299999999999,0.0097549999999999,0.0952721829954769,0.1087932236101431,0.350597609561753,0.0430547123045092,0.0746574482322903,0.0572925517677096,0.5766968108868138,1.16,-0.1085445660077069,0.7215265824372862,-0.4078325905075765,0.0108013834208153,0.0581878986298098,0.0,1,16.5,19.530000686645508,3.3049999999999997,7.1499999999999995,10.430000000000009,expiry_intrinsic,0.3575,1.9500000000000002,-365.7000000000009,-0.02925600000000007,fold_5,logreg,0.851063829787234
CCI,2025-06-30,2025-07-23,1.0,102.53,100.75,7.02,8.91,0.5195,0.5916,0.459,4.0,0.531,0.531,0.4824,0.3759,0.0,0.0,0.0,0.0,1037446540.0,1048000000.0,999600000.0,15.0,-58853.6,-15996.61,-19705.76,23233.24,-4.76,-83.85,-10.67,-249.25,90.34,-2.12,0.19,-0.84,2.42,110.0,115.0,110.0,2025-08-15,3.0,2.625,5.625,5.113636363636364,5.0,0.85,5.85,101.69,8.310000000000002,0.23926,0.25877,0.249015,0.22463,9.79258277613798,-0.0146299999999999,1327.0,295.0,1.038022813688213,24.0,4.545454545454541,1,0.5681818181818228,2025-07-22,631.0,623.5707397460938,0.13195,0.1461368181818181,0.1476257142857142,0.0141868181818181,0.0156757142857142,0,0.1612199999999999,0.12219,0.0390299999999999,0.0097549999999999,0.0952721829954769,0.1087932236101431,0.350597609561753,0.0430547123045092,0.0746574482322903,0.0572925517677096,0.5766968108868138,1.16,-0.1085445660077069,0.7215265824372862,-0.4078325905075765,0.0108013834208153,0.0581878986298098,0.0,1,16.5,19.530000686645508,3.3049999999999997,5.625,8.310000000000002,expiry_intrinsic,0.28125,1.9500000000000002,-298.5750000000002,-0.027143181818181837,fold_5,logreg,0.851063829787234
CME,2025-06-30,2025-07-23,1.0,272.66,263.27,1.4,5.02,2.9177,3.0,2.8484,15.0,2.9404,2.9791,2.9692,2.7576,0.0,0.0,3.0,9.0,1682714980.0,1692143980.0,1676000000.0,11.0,4983.25,4829.87,98.1,81.09,10.38,-73.21,11.52,12.0,11.11,10.53,15.46,1.26,2.98,280.0,280.0,280.0,2025-08-15,4.6,9.25,13.85,4.946428571428571,4.6,6.35,10.95,273.92,6.079999999999984,0.22951,0.23926,0.234385,0.19536,16.64995626853254,-0.014635,1113.0,184.0,0.790650406504065,24.0,0.0,1,4.946428571428571,2025-07-22,631.0,623.5707397460938,0.13195,0.1461368181818181,0.1476257142857142,0.0141868181818181,0.0156757142857142,0,0.1612199999999999,0.12219,0.0390299999999999,0.0097549999999999,0.0952721829954769,0.1087932236101431,0.350597609561753,0.0430547123045092,0.0746574482322903,0.0572925517677096,0.5766968108868138,1.16,-0.1085445660077069,0.7215265824372862,-0.4078325905075765,0.0108013834208153,0.0581878986298098,0.0,1,16.5,19.530000686645508,3.3049999999999997,13.85,6.079999999999984,expiry_intrinsic,0.6925,1.9500000000000002,705.8000000000015,0.025207142857142914,fold_5,logreg,0.851063829787234
APH,2025-06-30,2025-07-23,1.0,95.25,76.03,5.73,32.46,0.6658,0.6811,0.65,15.0,0.6633,0.6616,0.662,0.5604,3.0,0.0,2.0,0.0,5040465200.0,5142000000.0,4941000000.0,15.0,-8374.56,-8838.66,292.55,118.39,47.74,-68.4,25.46,-21.25,14.55,58.55,56.07,0.73,1.19,105.0,105.0,105.0,2025-08-15,3.375,5.8,9.175,8.738095238095239,2.825,3.0,5.825,109.21,4.209999999999994,0.44414,0.39536,0.4197499999999999,0.283165,32.539606908874326,-0.1219549999999999,2598.0,2999.0,0.9081768625075712,24.0,0.0,1,8.738095238095239,2025-07-22,631.0,623.5707397460938,0.13195,0.1461368181818181,0.1476257142857142,0.0141868181818181,0.0156757142857142,0,0.1612199999999999,0.12219,0.0390299999999999,0.0097549999999999,0.0952721829954769,0.1087932236101431,0.350597609561753,0.0430547123045092,0.0746574482322903,0.0572925517677096,0.5766968108868138,1.16,-0.1085445660077069,0.7215265824372862,-0.4078325905075765,0.0108013834208153,0.0581878986298098,0.0,1,16.5,19.530000686645508,3.3049999999999997,9.175,4.209999999999994,expiry_intrinsic,0.45875000000000005,1.9500000000000002,448.6750000000007,0.042730952380952446,fold_5,logreg,0.851063829787234
MCO,2025-06-30,2025-07-23,1.0,476.27,439.58,6.64,15.54,3.3892,3.58,3.1924,20.0,3.3459,3.2746,3.2865,3.5998,5.0,0.0,10.0,0.0,1847538110.0,1881000000.0,1804979000.0,19.0,20576.26,19544.58,375.35,318.94,7.73,-72.86,18.5,13.65,46.18,7.77,9.98,0.62,0.94,500.0,510.0,500.0,2025-08-15,13.8,13.4,27.200000000000003,5.44,19.85,4.5,24.35,516.46,16.460000000000036,0.26853,0.26853,0.26853,0.20024,25.43105053439094,-0.0341449999999999,88.0,24.0,0.6480769230769231,24.0,2.0000000000000018,1,3.4399999999999986,2025-07-22,631.0,623.5707397460938,0.13195,0.1461368181818181,0.1476257142857142,0.0141868181818181,0.0156757142857142,0,0.1612199999999999,0.12219,0.0390299999999999,0.0097549999999999,0.0952721829954769,0.1087932236101431,0.350597609561753,0.0430547123045092,0.0746574482322903,0.0572925517677096,0.5766968108868138,1.16,-0.1085445660077069,0.7215265824372862,-0.4078325905075765,0.0108013834208153,0.0581878986298098,0.0,1,16.5,19.530000686645508,3.3049999999999997,27.200000000000003,16.460000000000036,expiry_intrinsic,1.3600000000000003,1.9500000000000002,936.0499999999967,0.018720999999999932,fold_5,logreg,0.851063829787234
TEL,2025-06-30,2025-07-23,1.0,165.82,143.52,21.84,40.77,2.0769,2.1712,2.01,17.0,2.0704,2.0603,2.0638,2.0289,6.0,0.0,6.0,0.0,4318702630.0,4401000000.0,4231000000.0,16.0,4504.26,9032.57,-1412.19,2382.35,4.44,8.0,1.07,-97.85,-98.04,7.02,10.2,1.05,1.02,180.0,210.0,180.0,2025-08-15,6.050000000000001,5.25,11.3,6.277777777777778,26.0,0.32,26.32,202.71,22.710000000000008,0.2978,0.30755,0.302675,0.234385,22.562154125712404,-0.04878,72.0,31.0,0.3941290740341032,24.0,16.666666666666675,0,-10.388888888888896,2025-07-22,631.0,623.5707397460938,0.13195,0.1461368181818181,0.1476257142857142,0.0141868181818181,0.0156757142857142,0,0.1612199999999999,0.12219,0.0390299999999999,0.0097549999999999,0.0952721829954769,0.1087932236101431,0.350597609561753,0.0430547123045092,0.0746574482322903,0.0572925517677096,0.5766968108868138,1.16,-0.1085445660077069,0.7215265824372862,-0.4078325905075765,0.0108013834208153,0.0581878986298098,0.0,1,16.5,19.530000686645508,3.3049999999999997,11.3,22.710000000000008,expiry_intrinsic,0.5650000000000001,1.9500000000000002,-1199.4500000000007,-0.06663611111111115,fold_5,logreg,0.851063829787234
TDY,2025-06-30,2025-07-23,1.0,491.0,459.13,11.32,19.05,5.0496,5.16,4.93,9.0,5.0323,5.0276,5.092,5.1574,1.0,0.0,1.0,0.0,1475785030.0,1490485200.0,1456352000.0,9.0,44256.48,43328.29,531.07,298.78,7.39,-74.43,1.27,8.79,-10.33,8.87,10.67,-0.22,0.53,560.0,550.0,560.0,2025-08-15,13.0,15.9,28.9,5.160714285714285,7.35,14.45,21.799999999999997,538.47,21.529999999999973,0.24902,0.25877,0.253895,0.20024,21.13275172807656,-0.0536549999999999,4.0,2.0,0.6578947368421053,24.0,1.7857142857142905,1,3.3749999999999942,2025-07-22,631.0,623.5707397460938,0.13195,0.1461368181818181,0.1476257142857142,0.0141868181818181,0.0156757142857142,0,0.1612199999999999,0.12219,0.0390299999999999,0.0097549999999999,0.0952721829954769,0.1087932236101431,0.350597609561753,0.0430547123045092,0.0746574482322903,0.0572925517677096,0.5766968108868138,1.16,-0.1085445660077069,0.7215265824372862,-0.4078325905075765,0.0108013834208153,0.0581878986298098,0.0,1,16.5,19.530000686645508,3.3049999999999997,28.9,21.529999999999973,expiry_intrinsic,1.445,1.9500000000000002,590.5500000000025,0.010545535714285759,fold_5,logreg,0.851063829787234
ROL,2025-06-30,2025-07-23,0.0,57.13,55.47,-3.45,-0.56,0.3033,0.32,0.29,8.0,0.3033,0.3033,0.303,0.3038,1.0,0.0,1.0,2.0,988769700.0,993600000.0,981000000.0,7.0,-2901.41,-2891.69,-2.56,17.7,9.91,-75.73,9.79,10.0,-4.35,7.59,7.72,0.2,-0.36,55.0,57.5,55.0,2025-08-15,1.7999999999999998,1.6,3.4,6.181818181818182,3.3,0.2249999999999999,3.525,57.33,2.3299999999999983,0.25877,0.33682,0.297795,0.17097,42.58802196141641,-0.07804,269.0,2.0,1.5789473684210529,24.0,4.545454545454541,1,1.6363636363636402,2025-07-22,631.0,623.5707397460938,0.13195,0.1461368181818181,0.1476257142857142,0.0141868181818181,0.0156757142857142,0,0.1612199999999999,0.12219,0.0390299999999999,0.0097549999999999,0.0952721829954769,0.1087932236101431,0.350597609561753,0.0430547123045092,0.0746574482322903,0.0572925517677096,0.5766968108868138,1.16,-0.1085445660077069,0.7215265824372862,-0.4078325905075765,0.0108013834208153,0.0581878986298098,0.0,1,16.5,19.530000686645508,3.3049999999999997,3.4,2.3299999999999983,expiry_intrinsic,0.17,1.9500000000000002,88.05000000000015,0.016009090909090938,fold_5,logreg,0.851063829787234
MOH,2025-06-30,2025-07-23,0.0,291.14,313.81,-34.65,-39.37,5.5314,6.11,5.11,13.0,5.5849,6.2063,6.2054,6.1955,0.0,0.0,0.0,10.0,10940744230.0,11232171000.0,10480259150.0,11.0,19248.48,20665.57,-809.6,1231.84,12.24,-72.58,18.3,6.11,20.4,2.12,1.64,-0.8,-0.41,180.0,160.0,180.0,2025-08-15,13.35,12.95,26.299999999999997,14.61111111111111,2.35,23.049999999999997,25.4,167.49,12.509999999999993,0.69779,0.73681,0.7173,0.566085,21.081137599330837,-0.102435,20.0,15.0,1.52561669829222,24.0,11.111111111111116,1,3.4999999999999947,2025-07-22,631.0,623.5707397460938,0.13195,0.1461368181818181,0.1476257142857142,0.0141868181818181,0.0156757142857142,0,0.1612199999999999,0.12219,0.0390299999999999,0.0097549999999999,0.0952721829954769,0.1087932236101431,0.350597609561753,0.0430547123045092,0.0746574482322903,0.0572925517677096,0.5766968108868138,1.16,-0.1085445660077069,0.7215265824372862,-0.4078325905075765,0.0108013834208153,0.0581878986298098,0.0,1,16.5,19.530000686645508,3.3049999999999997,26.299999999999997,12.509999999999993,expiry_intrinsic,1.315,1.9500000000000002,1245.5500000000004,0.06919722222222224,fold_5,logreg,0.851063829787234
PKG,2025-06-30,2025-07-23,1.0,188.7,188.71,9.34,9.33,2.423,2.48,2.3925,7.0,2.4201,2.4247,2.648,2.696,1.0,0.0,1.0,0.0,2183276510.0,2248138630.0,2130500000.0,7.0,15991.84,15644.7,93.44,326.58,8.16,-74.46,8.13,34.3,-5.71,28.51,43.01,2.53,3.19,210.0,210.0,210.0,2025-08-15,4.425,8.5,12.925,6.154761904761905,3.025,6.15,9.175,193.42,16.580000000000013,0.2978,0.2978,0.2978,0.209995,29.48455339153795,-0.043905,18.0,19.0,0.5,24.0,0.0,1,6.154761904761905,2025-07-22,631.0,623.5707397460938,0.13195,0.1461368181818181,0.1476257142857142,0.0141868181818181,0.0156757142857142,0,0.1612199999999999,0.12219,0.0390299999999999,0.0097549999999999,0.0952721829954769,0.1087932236101431,0.350597609561753,0.0430547123045092,0.0746574482322903,0.0572925517677096,0.5766968108868138,1.16,-0.1085445660077069,0.7215265824372862,-0.4078325905075765,0.0108013834208153,0.0581878986298098,0.0,1,16.5,19.530000686645508,3.3049999999999997,12.925,16.580000000000013,expiry_intrinsic,0.6462500000000001,1.9500000000000002,-432.0750000000012,-0.020575000000000055,fold_5,logreg,0.851063829787234
NTRS,2025-06-30,2025-07-23,1.0,120.81,92.4,2.83,34.45,2.0126,2.0799,1.9,11.0,2.0128,2.0065,2.0021,2.0395,1.0,0.0,2.0,2.0,1958378860.0,1973000000.0,1944000000.0,7.0,7370.4,6008.0,463.89,520.5,-1.45,-77.87,28.16,97.92,-15.93,54.5,79.42,8.76,6.69,125.0,130.0,125.0,2025-08-15,5.0,2.825,7.825,6.260000000000001,5.55,1.65,7.199999999999999,126.02,1.019999999999996,0.30755,0.28804,0.297795,0.22951,22.930203663594096,-0.004875,750.0,50.0,2.655,24.0,4.0000000000000036,1,2.259999999999997,2025-07-22,631.0,623.5707397460938,0.13195,0.1461368181818181,0.1476257142857142,0.0141868181818181,0.0156757142857142,0,0.1612199999999999,0.12219,0.0390299999999999,0.0097549999999999,0.0952721829954769,0.1087932236101431,0.350597609561753,0.0430547123045092,0.0746574482322903,0.0572925517677096,0.5766968108868138,1.16,-0.1085445660077069,0.7215265824372862,-0.4078325905075765,0.0108013834208153,0.0581878986298098,0.0,1,16.5,19.530000686645508,3.3049999999999997,7.825,1.019999999999996,expiry_intrinsic,0.39125000000000004,1.9500000000000002,639.4250000000003,0.051154000000000026,fold_5,logreg,0.851063829787234
OTIS,2025-06-30,2025-07-23,0.0,95.98,92.74,-7.8,-4.58,1.0279,1.063,1.0,8.0,1.0281,1.0242,1.0242,1.0515,2.0,0.0,3.0,1.0,3709466490.0,3755783950.0,3659000000.0,6.0,4434.4,4479.84,-67.71,69.05,-2.53,-76.51,-0.52,4.55,-1.08,-22.96,-20.68,0.57,-3.04,100.0,90.0,100.0,2025-08-15,3.2750000000000004,3.05,6.325,6.325,0.05,10.95,11.0,87.43,12.569999999999991,0.24902,0.35633,0.3026749999999999,0.17585,41.90137936730816,-0.1365799999999999,122.0,38.0,0.6597938144329897,24.0,9.999999999999998,0,-3.674999999999998,2025-07-22,631.0,623.5707397460938,0.13195,0.1461368181818181,0.1476257142857142,0.0141868181818181,0.0156757142857142,0,0.1612199999999999,0.12219,0.0390299999999999,0.0097549999999999,0.0952721829954769,0.1087932236101431,0.350597609561753,0.0430547123045092,0.0746574482322903,0.0572925517677096,0.5766968108868138,1.16,-0.1085445660077069,0.7215265824372862,-0.4078325905075765,0.0108013834208153,0.0581878986298098,0.0,1,16.5,19.530000686645508,3.3049999999999997,6.325,12.569999999999991,expiry_intrinsic,0.31625000000000003,1.9500000000000002,-658.0749999999991,-0.06580749999999991,fold_5,logreg,0.851063829787234
RJF,2025-06-30,2025-07-23,0.0,150.96,137.26,6.56,17.2,2.3577,2.53,2.26,12.0,2.3594,2.374,2.374,2.4865,3.0,0.0,3.0,6.0,3378343760.0,3414900000.0,3344000000.0,9.0,-26910.56,-26559.3,-496.0,615.43,4.93,-4.8,14.42,4.76,0.0,14.37,15.11,3.42,1.63,160.0,165.0,160.0,2025-08-15,5.300000000000001,4.0,9.3,5.8125,8.45,0.8999999999999999,9.35,163.32,3.319999999999993,0.28804,0.27829,0.283165,0.20024,29.285045821340915,-0.02927,153.0,3.0,4.835616438356165,24.0,3.125,1,2.6875,2025-07-22,631.0,623.5707397460938,0.13195,0.1461368181818181,0.1476257142857142,0.0141868181818181,0.0156757142857142,0,0.1612199999999999,0.12219,0.0390299999999999,0.0097549999999999,0.0952721829954769,0.1087932236101431,0.350597609561753,0.0430547123045092,0.0746574482322903,0.0572925517677096,0.5766968108868138,1.16,-0.1085445660077069,0.7215265824372862,-0.4078325905075765,0.0108013834208153,0.0581878986298098,0.0,1,16.5,19.530000686645508,3.3049999999999997,9.3,3.319999999999993,expiry_intrinsic,0.4650000000000001,1.9500000000000002,549.5500000000008,0.03434687500000005,fold_5,logreg,0.851063829787234
EW,2025-06-30,2025-07-24,1.0,75.85,76.04,-0.07,-0.32,0.6225,0.65,0.6,26.0,0.6225,0.6221,0.6225,0.6147,1.0,0.0,1.0,0.0,1485405380.0,1506860510.0,1451000000.0,26.0,-11828.45,-12000.35,95.05,15.64,6.23,-74.03,-2.85,-3.03,8.47,14.84,11.05,0.4,1.22,77.5,80.0,77.5,2025-08-15,2.975,4.25,7.225,9.32258064516129,3.25,0.575,3.825,78.26,0.7600000000000051,0.41487,0.52218,0.4685249999999999,0.20024,57.26161891041033,-0.1560949999999999,3560.0,445.0,1.804727370400215,23.0,3.2258064516129004,1,6.09677419354839,2025-07-23,636.0,628.875732421875,0.12707,0.136825,0.1430978571428571,0.0097549999999999,0.0160278571428571,0,0.1417,0.11244,0.0292599999999999,-2.7755575615628914e-17,0.0,0.0941424971854393,0.2828685258964143,0.0628580914312915,0.0731557864391267,0.0539142135608733,0.8592360835816605,1.29,1.0396189489872232,1.2512765953985816,-0.2531674439327256,0.0160040231925215,0.0567525394983505,0.0,1,15.369999885559082,18.559999465942383,2.6629998855590813,7.225,0.7600000000000051,expiry_intrinsic,0.36125,1.9500000000000002,608.4249999999994,0.07850645161290315,fold_5,logreg,0.851063829787234
DOV,2025-06-30,2025-07-24,1.0,179.94,169.01,3.72,10.43,2.3905,2.4971,2.35,16.0,2.3853,2.3822,2.3822,2.387,2.0,0.0,7.0,1.0,2040272520.0,2084000000.0,1999000000.0,14.0,32537.25,16093.32,7867.96,10043.89,-0.94,-75.91,-5.81,5.13,-80.25,-53.25,16.56,2.94,2.39,190.0,185.0,190.0,2025-08-15,6.3,4.8,11.1,5.842105263157895,2.575,5.4,7.975,176.54,13.460000000000008,0.28804,0.28804,0.28804,0.2197549999999999,23.706776836550493,-0.02439,4041.0,1788.0,0.2720044378698225,23.0,2.631578947368418,1,3.210526315789477,2025-07-23,636.0,628.875732421875,0.12707,0.136825,0.1430978571428571,0.0097549999999999,0.0160278571428571,0,0.1417,0.11244,0.0292599999999999,-2.7755575615628914e-17,0.0,0.0941424971854393,0.2828685258964143,0.0628580914312915,0.0731557864391267,0.0539142135608733,0.8592360835816605,1.29,1.0396189489872232,1.2512765953985816,-0.2531674439327256,0.0160040231925215,0.0567525394983505,0.0,1,15.369999885559082,18.559999465942383,2.6629998855590813,11.1,13.460000000000008,expiry_intrinsic,0.555,1.9500000000000002,-293.45000000000084,-0.015444736842105308,fold_5,logreg,0.851063829787234
AOS,2025-06-30,2025-07-24,1.0,64.94,64.99,13.86,13.77,0.9923,1.06,0.9023,14.0,0.9897,0.9876,0.9871,0.9842,0.0,0.0,1.0,1.0,1000650140.0,1037000000.0,972433000.0,14.0,5112.8,5102.88,81.81,144.41,-1.52,-74.75,-0.31,-5.0,11.76,-4.03,-5.04,-0.29,-0.71,70.0,70.0,70.0,2025-08-15,2.95,1.625,4.575,6.5357142857142865,2.65,0.7,3.3499999999999996,72.21,2.2099999999999937,0.2978,0.32707,0.312435,0.20512,34.34794437242947,-0.05366,1936.0,25.0,3.033980582524272,23.0,0.0,1,6.5357142857142865,2025-07-23,636.0,628.875732421875,0.12707,0.136825,0.1430978571428571,0.0097549999999999,0.0160278571428571,0,0.1417,0.11244,0.0292599999999999,-2.7755575615628914e-17,0.0,0.0941424971854393,0.2828685258964143,0.0628580914312915,0.0731557864391267,0.0539142135608733,0.8592360835816605,1.29,1.0396189489872232,1.2512765953985816,-0.2531674439327256,0.0160040231925215,0.0567525394983505,0.0,1,15.369999885559082,18.559999465942383,2.6629998855590813,4.575,2.2099999999999937,expiry_intrinsic,0.22875,1.9500000000000002,211.67500000000067,0.03023928571428581,fold_5,logreg,0.851063829787234
DECK,2025-06-30,2025-07-24,1.0,102.22,109.19,2.66,-3.89,0.6808,0.73,0.64,17.0,0.6831,0.6802,0.6808,0.8001,1.0,0.0,1.0,1.0,900387260.0,917300000.0,886700000.0,20.0,-93919.84,-130682.27,13778.79,16761.68,17.1,0.0,18.47,508.5,572.67,16.67,16.27,1.61,-0.22,108.0,117.0,108.0,2025-07-25,6.3,6.55,12.85,11.898148148148149,9.0,0.25,9.25,116.85,8.849999999999994,1.95629,2.07336,2.014825,0.370965,81.58822726539526,-1.34143,160.0,571.0,0.7136905734357131,2.0,8.333333333333325,1,3.564814814814824,2025-07-23,636.0,628.875732421875,0.12707,0.136825,0.1430978571428571,0.0097549999999999,0.0160278571428571,0,0.1417,0.11244,0.0292599999999999,-2.7755575615628914e-17,0.0,0.0941424971854393,0.2828685258964143,0.0628580914312915,0.0731557864391267,0.0539142135608733,0.8592360835816605,1.29,1.0396189489872232,1.2512765953985816,-0.2531674439327256,0.0160040231925215,0.0567525394983505,0.0,1,15.369999885559082,18.559999465942383,2.6629998855590813,12.85,8.849999999999994,expiry_intrinsic,0.6425000000000001,1.9500000000000002,333.8000000000005,0.030907407407407456,fold_5,logreg,0.851063829787234
CNP,2025-06-30,2025-07-24,0.0,36.48,38.19,3.73,-0.92,0.3084,0.3739,0.28,12.0,0.3537,0.3723,0.3978,0.4145,1.0,0.0,1.0,4.0,2000642180.0,2785391660.0,1476689020.0,5.0,5066.7,5094.36,-25.39,21.02,11.45,-66.22,1.81,-3.64,32.5,-1.61,5.36,-2.93,-1.28,37.0,38.0,37.0,2025-08-15,0.96,0.71,1.67,4.513513513513513,1.725,0.2249999999999999,1.95,38.12,1.1199999999999974,0.01488,0.01488,0.01488,0.19048,-1180.1075268817203,0.0,902.0,47.0,0.049970605526161,23.0,2.7027027027026973,1,1.810810810810816,2025-07-23,636.0,628.875732421875,0.12707,0.136825,0.1430978571428571,0.0097549999999999,0.0160278571428571,0,0.1417,0.11244,0.0292599999999999,-2.7755575615628914e-17,0.0,0.0941424971854393,0.2828685258964143,0.0628580914312915,0.0731557864391267,0.0539142135608733,0.8592360835816605,1.29,1.0396189489872232,1.2512765953985816,-0.2531674439327256,0.0160040231925215,0.0567525394983505,0.0,1,15.369999885559082,18.559999465942383,2.6629998855590813,1.67,1.1199999999999974,expiry_intrinsic,0.0835,1.9500000000000002,44.700000000000244,0.012081081081081147,fold_5,logreg,1.0
LH,2025-06-30,2025-07-24,1.0,262.53,228.31,1.97,17.25,4.1639,4.2621,4.08,15.0,4.1769,4.1724,4.1822,4.165,2.0,0.0,2.0,1.0,3486468980.0,3516000000.0,3452200000.0,13.0,42866.14,42472.61,318.51,167.86,5.3,-74.29,6.66,4.35,11.3,-0.16,1.46,0.09,-0.36,250.0,270.0,250.0,2025-08-15,8.05,7.25,15.3,6.12,16.35,0.9,17.25,270.38,20.379999999999995,0.2978,0.31731,0.307555,0.18073,41.23652680008455,-0.063415,169.0,26.0,0.1397670549084858,23.0,8.000000000000007,0,-1.880000000000007,2025-07-23,636.0,628.875732421875,0.12707,0.136825,0.1430978571428571,0.0097549999999999,0.0160278571428571,0,0.1417,0.11244,0.0292599999999999,-2.7755575615628914e-17,0.0,0.0941424971854393,0.2828685258964143,0.0628580914312915,0.0731557864391267,0.0539142135608733,0.8592360835816605,1.29,1.0396189489872232,1.2512765953985816,-0.2531674439327256,0.0160040231925215,0.0567525394983505,0.0,1,15.369999885559082,18.559999465942383,2.6629998855590813,15.3,20.379999999999995,expiry_intrinsic,0.7650000000000001,1.9500000000000002,-586.4499999999996,-0.023457999999999982,fold_5,logreg,0.851063829787234
AMP,2025-06-30,2025-07-24,1.0,521.34,465.94,-0.81,10.98,8.926,9.37,8.29,10.0,8.926,8.8933,9.352,9.4337,0.0,0.0,0.0,2.0,4329107000.0,4397000000.0,4273749000.0,7.0,7363.68,13774.05,-1364.91,5855.69,5.02,-74.78,10.02,-30.51,-44.9,-41.22,-43.64,-104.75,-13.62,540.0,520.0,540.0,2025-08-15,13.65,17.15,30.799999999999997,5.703703703703703,2.775,21.95,24.725,503.08,36.920000000000016,0.26853,0.30755,0.2880399999999999,0.20024,30.48187751701152,-0.0390249999999999,21.0,1.0,0.6314285714285715,23.0,3.703703703703709,1,1.9999999999999944,2025-07-23,636.0,628.875732421875,0.12707,0.136825,0.1430978571428571,0.0097549999999999,0.0160278571428571,0,0.1417,0.11244,0.0292599999999999,-2.7755575615628914e-17,0.0,0.0941424971854393,0.2828685258964143,0.0628580914312915,0.0731557864391267,0.0539142135608733,0.8592360835816605,1.29,1.0396189489872232,1.2512765953985816,-0.2531674439327256,0.0160040231925215,0.0567525394983505,0.0,1,15.369999885559082,18.559999465942383,2.6629998855590813,30.799999999999997,36.920000000000016,expiry_intrinsic,1.54,1.9500000000000002,-767.950000000002,-0.014221296296296333,fold_5,logreg,1.0
ALLE,2025-06-30,2025-07-24,1.0,143.61,136.49,13.97,19.91,1.9861,2.05,1.94,11.0,1.9827,1.981,1.981,2.0388,0.0,0.0,0.0,0.0,999212370.0,1021000000.0,971700000.0,8.0,13119.01,11949.61,414.23,230.61,5.37,-75.03,4.26,20.0,0.0,12.37,14.12,1.07,1.6,155.0,165.0,155.0,2025-08-15,4.8,4.8,9.6,6.193548387096774,11.35,,,167.17,12.169999999999987,0.31731,0.30755,0.31243,0.20024,35.90884358096213,-0.0780449999999999,9.0,2.0,3.1,23.0,6.451612903225801,0,-0.2580645161290267,2025-07-23,636.0,628.875732421875,0.12707,0.136825,0.1430978571428571,0.0097549999999999,0.0160278571428571,0,0.1417,0.11244,0.0292599999999999,-2.7755575615628914e-17,0.0,0.0941424971854393,0.2828685258964143,0.0628580914312915,0.0731557864391267,0.0539142135608733,0.8592360835816605,1.29,1.0396189489872232,1.2512765953985816,-0.2531674439327256,0.0160040231925215,0.0567525394983505,0.0,1,15.369999885559082,18.559999465942383,2.6629998855590813,9.6,12.169999999999987,expiry_intrinsic,0.48,1.9500000000000002,-306.9499999999988,-0.019803225806451535,fold_5,logreg,0.851063829787234
LHX,2025-06-30,2025-07-24,1.0,246.65,216.08,10.77,26.44,2.4891,2.64,2.3767,19.0,2.4886,2.4795,2.4852,2.5945,0.0,0.0,0.0,1.0,5313197260.0,5375970000.0,5190278730.0,18.0,10069.25,9732.28,370.3,272.84,-1.52,-75.93,8.21,-21.24,-30.55,15.78,33.73,0.77,2.87,270.0,270.0,270.0,2025-08-15,7.6,6.7,14.3,5.296296296296297,4.9,5.15,10.05,270.55,0.5500000000000114,0.27829,0.25877,0.26853,0.19536,27.24835213942576,-0.0292649999999999,522.0,124.0,0.3063209076175041,23.0,0.0,1,5.296296296296297,2025-07-23,636.0,628.875732421875,0.12707,0.136825,0.1430978571428571,0.0097549999999999,0.0160278571428571,0,0.1417,0.11244,0.0292599999999999,-2.7755575615628914e-17,0.0,0.0941424971854393,0.2828685258964143,0.0628580914312915,0.0731557864391267,0.0539142135608733,0.8592360835816605,1.29,1.0396189489872232,1.2512765953985816,-0.2531674439327256,0.0160040231925215,0.0567525394983505,0.0,1,15.369999885559082,18.559999465942383,2.6629998855590813,14.3,0.5500000000000114,expiry_intrinsic,0.7150000000000001,1.9500000000000002,1301.5499999999988,0.04820555555555551,fold_5,logreg,0.851063829787234
VRSN,2025-06-30,2025-07-24,1.0,285.03,272.79,0.58,5.09,2.18,2.18,2.18,1.0,2.18,2.18,2.18,2.15,1.0,0.0,1.0,0.0,410965620.0,411355000.0,410576250.0,2.0,10764.0,10639.2,48.0,124.13,4.68,-74.17,4.25,9.38,5.0,1.77,4.75,0.5,0.04,290.0,310.0,290.0,2025-08-15,8.2,7.4,15.6,5.379310344827586,18.2,1.8,20.0,269.89,20.110000000000017,0.27829,0.25877,0.26853,0.20024,25.43105053439094,-0.0048799999999999,685.0,33.0,0.6354166666666666,23.0,6.896551724137923,0,-1.5172413793103363,2025-07-23,636.0,628.875732421875,0.12707,0.136825,0.1430978571428571,0.0097549999999999,0.0160278571428571,0,0.1417,0.11244,0.0292599999999999,-2.7755575615628914e-17,0.0,0.0941424971854393,0.2828685258964143,0.0628580914312915,0.0731557864391267,0.0539142135608733,0.8592360835816605,1.29,1.0396189489872232,1.2512765953985816,-0.2531674439327256,0.0160040231925215,0.0567525394983505,0.0,1,15.369999885559082,18.559999465942383,2.6629998855590813,15.6,20.110000000000017,expiry_intrinsic,0.78,1.9500000000000002,-530.9500000000019,-0.018308620689655237,fold_5,logreg,0.851063829787234
WY,2025-06-30,2025-07-24,1.0,26.65,24.81,-3.64,3.51,0.106,0.18,0.0691,11.0,0.1492,0.1862,0.1882,0.2153,0.0,0.0,0.0,7.0,1843482700.0,1954000000.0,1762287370.0,11.0,4070.24,3891.42,71.68,42.25,-1.84,-75.25,-7.28,-31.25,0.0,-11.04,-8.67,-0.77,-0.76,26.0,27.0,26.0,2025-08-15,0.775,0.7,1.475,5.673076923076923,0.925,0.375,1.3,25.84,0.1600000000000001,0.2978,0.27829,0.288045,0.23926,16.93658976895971,-0.0146399999999999,518.0,40.0,0.131578947368421,23.0,3.8461538461538542,1,1.8269230769230689,2025-07-23,636.0,628.875732421875,0.12707,0.136825,0.1430978571428571,0.0097549999999999,0.0160278571428571,0,0.1417,0.11244,0.0292599999999999,-2.7755575615628914e-17,0.0,0.0941424971854393,0.2828685258964143,0.0628580914312915,0.0731557864391267,0.0539142135608733,0.8592360835816605,1.29,1.0396189489872232,1.2512765953985816,-0.2531674439327256,0.0160040231925215,0.0567525394983505,0.0,1,15.369999885559082,18.559999465942383,2.6629998855590813,1.475,0.1600000000000001,expiry_intrinsic,0.07375000000000001,1.9500000000000002,122.175,0.046990384615384614,fold_5,logreg,0.851063829787234
WST,2025-06-30,2025-07-24,1.0,222.68,214.55,25.34,30.09,1.5084,1.54,1.43,12.0,1.5067,1.5045,1.5045,1.4362,6.0,0.0,2.0,0.0,726179720.0,735200000.0,720000000.0,11.0,23489.25,21937.32,755.46,362.48,0.42,-75.86,-2.1,-7.05,-20.33,-8.27,1.1,0.06,0.12,230.0,260.0,230.0,2025-08-15,13.85,15.25,29.1,12.65217391304348,34.15,0.675,34.824999999999996,246.2,16.19999999999999,0.64901,0.61974,0.6343749999999999,0.24414,61.51487684729064,-0.1609749999999999,589.0,265.0,0.5701643489254109,23.0,13.043478260869556,0,-0.3913043478260753,2025-07-23,636.0,628.875732421875,0.12707,0.136825,0.1430978571428571,0.0097549999999999,0.0160278571428571,0,0.1417,0.11244,0.0292599999999999,-2.7755575615628914e-17,0.0,0.0941424971854393,0.2828685258964143,0.0628580914312915,0.0731557864391267,0.0539142135608733,0.8592360835816605,1.29,1.0396189489872232,1.2512765953985816,-0.2531674439327256,0.0160040231925215,0.0567525394983505,0.0,1,15.369999885559082,18.559999465942383,2.6629998855590813,29.1,16.19999999999999,expiry_intrinsic,1.455,1.9500000000000002,1142.5500000000013,0.049676086956521794,fold_5,logreg,1.0
WAB,2025-06-30,2025-07-24,1.0,205.87,184.03,-2.51,9.06,2.1808,2.27,2.0,8.0,2.1771,2.1661,2.171,2.1671,1.0,0.0,2.0,1.0,2772532670.0,2808400000.0,2733080000.0,6.0,12902.18,11988.7,383.17,404.87,4.53,-74.87,6.85,20.63,35.71,11.49,15.05,1.84,1.66,210.0,195.0,210.0,2025-08-15,9.15,4.25,13.4,6.380952380952381,0.425,12.45,12.875,189.16,20.840000000000003,0.2978,0.30755,0.302675,0.20024,33.8432311885686,-0.04878,180.0,0.0,0.0475113122171945,23.0,7.14285714285714,0,-0.7619047619047583,2025-07-23,636.0,628.875732421875,0.12707,0.136825,0.1430978571428571,0.0097549999999999,0.0160278571428571,0,0.1417,0.11244,0.0292599999999999,-2.7755575615628914e-17,0.0,0.0941424971854393,0.2828685258964143,0.0628580914312915,0.0731557864391267,0.0539142135608733,0.8592360835816605,1.29,1.0396189489872232,1.2512765953985816,-0.2531674439327256,0.0160040231925215,0.0567525394983505,0.0,1,15.369999885559082,18.559999465942383,2.6629998855590813,13.4,20.840000000000003,expiry_intrinsic,0.67,1.9500000000000002,-812.9500000000004,-0.03871190476190478,fold_5,logreg,0.851063829787234
TXT,2025-06-30,2025-07-24,1.0,78.76,68.42,2.76,18.28,1.4368,1.52,1.3725,13.0,1.4368,1.4347,1.4436,1.4675,1.0,0.0,1.0,0.0,3635291460.0,3795000000.0,3493777000.0,12.0,17009.76,16512.1,369.07,290.75,3.67,-77.12,6.68,6.67,-4.48,1.77,9.04,0.32,0.32,87.5,80.0,87.5,2025-08-15,2.575,2.625,5.2,5.942857142857143,0.1,7.95,8.05,78.89,8.61,0.2978,0.2978,0.2978,0.21975,26.20886501007388,-0.03415,109.0,52.0,1.3214285714285714,23.0,8.571428571428575,0,-2.6285714285714317,2025-07-23,636.0,628.875732421875,0.12707,0.136825,0.1430978571428571,0.0097549999999999,0.0160278571428571,0,0.1417,0.11244,0.0292599999999999,-2.7755575615628914e-17,0.0,0.0941424971854393,0.2828685258964143,0.0628580914312915,0.0731557864391267,0.0539142135608733,0.8592360835816605,1.29,1.0396189489872232,1.2512765953985816,-0.2531674439327256,0.0160040231925215,0.0567525394983505,0.0,1,15.369999885559082,18.559999465942383,2.6629998855590813,5.2,8.61,expiry_intrinsic,0.26,1.9500000000000002,-368.9499999999999,-0.04216571428571427,fold_5,logreg,0.851063829787234
POOL,2025-06-30,2025-07-24,1.0,300.74,291.59,8.51,11.92,5.1532,5.35,4.98,9.0,5.1579,5.1579,5.1619,5.1454,0.0,0.0,0.0,1.0,1781544690.0,1805200000.0,1716690480.0,12.0,30198.5,30284.05,-62.46,390.89,-4.4,-79.82,-4.09,-35.29,36.08,-25.06,-28.68,-1.06,-2.46,320.0,330.0,320.0,2025-08-15,12.8,16.0,28.8,9.0,11.05,6.375,17.425,321.75,1.75,0.43438,0.46365,0.449015,0.253895,43.455118425887775,-0.102435,41.0,2.0,0.7145669291338582,23.0,3.125,1,5.875,2025-07-23,636.0,628.875732421875,0.12707,0.136825,0.1430978571428571,0.0097549999999999,0.0160278571428571,0,0.1417,0.11244,0.0292599999999999,-2.7755575615628914e-17,0.0,0.0941424971854393,0.2828685258964143,0.0628580914312915,0.0731557864391267,0.0539142135608733,0.8592360835816605,1.29,1.0396189489872232,1.2512765953985816,-0.2531674439327256,0.0160040231925215,0.0567525394983505,0.0,1,15.369999885559082,18.559999465942383,2.6629998855590813,28.8,1.75,expiry_intrinsic,1.4400000000000002,1.9500000000000002,2559.05,0.0799703125,fold_5,logreg,0.851063829787234
NDAQ,2025-06-30,2025-07-24,1.0,88.12,75.36,6.11,24.07,0.813,0.84,0.7884,16.0,0.8017,0.792,0.7895,0.7807,9.0,0.0,13.0,3.0,1281092560.0,1304000000.0,1265000000.0,11.0,-39961.92,-40081.87,59.84,42.27,24.85,-71.76,24.12,25.4,3.95,29.12,33.41,-2.84,1.68,87.5,95.0,87.5,2025-08-15,2.6500000000000004,1.7,4.3500000000000005,4.9714285714285715,7.800000000000001,0.175,7.975,94.68,7.180000000000007,0.23926,0.24902,0.24414,0.18073,25.972802490374377,-0.029265,637.0,101.0,1.0601556970983723,23.0,8.571428571428562,0,-3.5999999999999908,2025-07-23,636.0,628.875732421875,0.12707,0.136825,0.1430978571428571,0.0097549999999999,0.0160278571428571,0,0.1417,0.11244,0.0292599999999999,-2.7755575615628914e-17,0.0,0.0941424971854393,0.2828685258964143,0.0628580914312915,0.0731557864391267,0.0539142135608733,0.8592360835816605,1.29,1.0396189489872232,1.2512765953985816,-0.2531674439327256,0.0160040231925215,0.0567525394983505,0.0,1,15.369999885559082,18.559999465942383,2.6629998855590813,4.3500000000000005,7.180000000000007,expiry_intrinsic,0.21750000000000003,1.9500000000000002,-306.70000000000067,-0.03505142857142865,fold_5,logreg,1.0
MHK,2025-06-30,2025-07-24,1.0,103.91,106.87,11.64,8.54,2.6058,2.7502,2.55,18.0,2.6057,2.6048,2.6048,2.7949,0.0,0.0,0.0,0.0,2757029700.0,2847000000.0,2687344000.0,16.0,18040.54,17557.25,343.99,151.59,-5.73,-76.69,-3.32,-18.28,-22.05,-18.22,-34.52,-1.15,-1.67,115.0,120.0,115.0,2025-08-15,7.25,4.95,12.2,10.608695652173912,8.3,1.65,9.95,128.08,13.080000000000013,0.54169,0.51243,0.5270600000000001,0.34658,34.24278070807878,-0.107315,211.0,26.0,0.1711711711711711,23.0,4.347826086956519,1,6.260869565217393,2025-07-23,636.0,628.875732421875,0.12707,0.136825,0.1430978571428571,0.0097549999999999,0.0160278571428571,0,0.1417,0.11244,0.0292599999999999,-2.7755575615628914e-17,0.0,0.0941424971854393,0.2828685258964143,0.0628580914312915,0.0731557864391267,0.0539142135608733,0.8592360835816605,1.29,1.0396189489872232,1.2512765953985816,-0.2531674439327256,0.0160040231925215,0.0567525394983505,0.0,1,15.369999885559082,18.559999465942383,2.6629998855590813,12.2,13.080000000000013,expiry_intrinsic,0.61,1.9500000000000002,-150.9500000000013,-0.013126086956521852,fold_5,logreg,0.851063829787234
LKQ,2025-06-30,2025-07-24,0.0,37.65,37.41,-15.72,-15.18,0.9233,0.9634,0.91,7.0,0.9233,0.9233,0.9233,0.9737,0.0,0.0,0.0,7.0,3621569290.0,3790000000.0,3496990000.0,7.0,7355.36,7176.49,20.1,153.37,-6.48,-75.88,2.15,-3.66,-1.25,0.76,-0.69,0.55,0.49,37.5,32.5,37.5,2025-08-15,2.1,1.025,3.125,8.333333333333332,0.05,5.6,5.6499999999999995,30.97,6.530000000000001,0.37584,0.40511,0.390475,0.253895,34.97791151802293,-0.073165,827.0,6.0,0.8700564971751412,23.0,13.33333333333333,0,-4.999999999999998,2025-07-23,636.0,628.875732421875,0.12707,0.136825,0.1430978571428571,0.0097549999999999,0.0160278571428571,0,0.1417,0.11244,0.0292599999999999,-2.7755575615628914e-17,0.0,0.0941424971854393,0.2828685258964143,0.0628580914312915,0.0731557864391267,0.0539142135608733,0.8592360835816605,1.29,1.0396189489872232,1.2512765953985816,-0.2531674439327256,0.0160040231925215,0.0567525394983505,0.0,1,15.369999885559082,18.559999465942383,2.6629998855590813,3.125,6.530000000000001,expiry_intrinsic,0.15625,1.9500000000000002,-358.0750000000001,-0.09548666666666669,fold_5,logreg,0.851063829787234
AON,2025-06-30,2025-07-25,0.0,354.46,335.85,5.2,11.03,3.4203,3.669,3.3,15.0,3.4169,3.4104,3.4123,3.4468,2.0,0.0,2.0,1.0,4159306150.0,4250182370.0,3948000000.0,9.0,2476.05,4033.76,-865.32,1136.74,16.19,-69.88,18.37,0.18,28.28,4.48,-0.27,-1.29,-5.11,360.0,370.0,360.0,2025-08-15,8.55,11.0,19.55,5.430555555555556,12.05,3.175,15.225,367.01,7.009999999999991,0.27829,0.27829,0.27829,0.195365,29.798052391390268,-0.0390299999999999,1170.0,42.0,1.0357142857142858,22.0,2.777777777777768,1,2.6527777777777883,2025-07-24,636.0,629.083984375,0.12707,0.1332795454545454,0.1403089285714285,0.0062095454545454,0.0132389285714285,0,0.15146,0.11244,0.03902,0.0048799999999999,0.0,0.0941424971854393,0.2828685258964143,0.0591788468310523,0.0668575798864619,0.0602124201135381,0.8851479059150865,1.27,0.7829172261433228,1.1962582906098769,-0.2684378834878501,0.0101586149761336,0.0455519434376625,0.0,1,15.390000343322754,18.559999465942383,2.683000343322753,19.55,7.009999999999991,expiry_intrinsic,0.9775,1.9500000000000002,1154.300000000001,0.03206388888888892,fold_5,logreg,0.851063829787234
HCA,2025-06-30,2025-07-25,1.0,374.19,327.92,-10.66,1.95,6.3209,6.7,5.98,19.0,6.2704,6.2703,6.2719,6.3233,1.0,0.0,1.0,2.0,18502636790.0,18848000000.0,18165000000.0,19.0,25378.45,23637.76,1174.13,879.12,5.66,-74.05,8.32,20.34,3.7,5.06,11.52,0.82,0.82,345.0,340.0,345.0,2025-08-15,15.15,17.5,32.65,9.463768115942027,7.3,11.0,18.3,395.79,50.79000000000002,0.49292,0.48316,0.48804,0.29292,39.98032948119007,-0.136585,8.0,67.0,2.1501084598698483,22.0,1.449275362318836,1,8.014492753623191,2025-07-24,636.0,629.083984375,0.12707,0.1332795454545454,0.1403089285714285,0.0062095454545454,0.0132389285714285,0,0.15146,0.11244,0.03902,0.0048799999999999,0.0,0.0941424971854393,0.2828685258964143,0.0591788468310523,0.0668575798864619,0.0602124201135381,0.8851479059150865,1.27,0.7829172261433228,1.1962582906098769,-0.2684378834878501,0.0101586149761336,0.0455519434376625,0.0,1,15.390000343322754,18.559999465942383,2.683000343322753,32.65,50.79000000000002,expiry_intrinsic,1.6325,1.9500000000000002,-1979.2000000000023,-0.05736811594202905,fold_5,logreg,0.851063829787234
BRO,2025-06-30,2025-07-28,1.0,109.58,107.99,-6.39,-5.01,0.9854,1.0242,0.95,12.0,0.9896,0.9995,1.0076,1.0301,1.0,0.0,1.0,4.0,1278673870.0,1286000000.0,1269000000.0,8.0,4083.04,3849.82,136.32,109.65,11.96,-70.56,10.98,13.16,50.0,15.17,15.6,1.7,1.03,105.0,90.0,105.0,2025-08-15,2.05,3.5,5.55,5.285714285714286,0.07,13.15,13.22,95.34,9.659999999999997,0.26853,0.27829,0.27341,0.263655,3.5679016861124366,-0.024395,1091.0,29.0,0.525691699604743,21.0,14.28571428571429,0,-9.000000000000004,2025-07-25,639.0,631.7413940429688,0.12219,0.1288427272727272,0.1361278571428571,0.0066527272727272,0.0139378571428571,0,0.1444885714285714,0.1054685714285714,0.03902,0.0027885714285714,0.0,0.0794917707607355,0.2231075697211155,0.0549454097873187,0.0669811277231808,0.0552088722768191,0.8203118050564441,1.41,1.8254967758796408,1.0512517438644304,-0.289807661830253,0.0151693032456148,0.0493806896006343,0.0,1,14.93000030517578,18.31999969482422,2.711000305175782,5.55,9.659999999999997,expiry_intrinsic,0.2775,1.9500000000000002,-440.69999999999965,-0.041971428571428535,fold_5,logreg,0.851063829787234
CDNS,2025-06-30,2025-07-28,1.0,305.2,302.22,9.36,10.44,1.5584,1.6,1.44,16.0,1.569,1.5652,1.5778,1.5805,6.0,0.0,5.0,7.0,1251187320.0,1265100000.0,1204000000.0,17.0,8133.31,7612.54,190.69,199.13,23.12,-73.23,14.95,34.19,-16.49,22.08,44.63,-1.04,4.33,335.0,365.0,335.0,2025-08-15,11.1,13.25,24.35,7.268656716417911,33.3,1.65,34.949999999999996,349.88,14.879999999999995,0.37584,0.3856,0.38072,0.28804,24.34334944316032,-0.06341,335.0,172.0,0.5922150139017609,21.0,8.955223880597018,0,-1.686567164179107,2025-07-25,639.0,631.7413940429688,0.12219,0.1288427272727272,0.1361278571428571,0.0066527272727272,0.0139378571428571,0,0.1444885714285714,0.1054685714285714,0.03902,0.0027885714285714,0.0,0.0794917707607355,0.2231075697211155,0.0549454097873187,0.0669811277231808,0.0552088722768191,0.8203118050564441,1.41,1.8254967758796408,1.0512517438644304,-0.289807661830253,0.0151693032456148,0.0493806896006343,0.0,1,14.93000030517578,18.31999969482422,2.711000305175782,24.35,14.879999999999995,expiry_intrinsic,1.2175000000000002,1.9500000000000002,823.3000000000004,0.024576119402985087,fold_5,logreg,0.851063829787234
CINF,2025-06-30,2025-07-28,1.0,146.23,139.85,0.59,5.18,1.3873,1.47,1.24,8.0,1.3748,1.3855,1.3827,1.3682,3.0,0.0,3.0,2.0,2794800000.0,2826000000.0,2768200000.0,4.0,25538.78,20934.28,2832.38,1806.69,-12.57,-77.37,13.84,-113.95,-107.64,-106.8,-111.9,-76.7,-37.39,150.0,155.0,150.0,2025-08-15,4.0,4.199999999999999,8.2,5.466666666666666,5.05,2.575,7.625,151.06,1.0600000000000025,0.28804,0.28804,0.28804,0.249015,13.548465490904052,-0.03902,837.0,1.0,0.1372549019607843,21.0,3.3333333333333437,1,2.133333333333322,2025-07-25,639.0,631.7413940429688,0.12219,0.1288427272727272,0.1361278571428571,0.0066527272727272,0.0139378571428571,0,0.1444885714285714,0.1054685714285714,0.03902,0.0027885714285714,0.0,0.0794917707607355,0.2231075697211155,0.0549454097873187,0.0669811277231808,0.0552088722768191,0.8203118050564441,1.41,1.8254967758796408,1.0512517438644304,-0.289807661830253,0.0151693032456148,0.0493806896006343,0.0,1,14.93000030517578,18.31999969482422,2.711000305175782,8.2,1.0600000000000025,expiry_intrinsic,0.41,1.9500000000000002,671.0499999999996,0.04473666666666664,fold_5,logreg,0.851063829787234
HIG,2025-06-30,2025-07-28,1.0,124.68,122.22,-2.76,-0.8,2.8331,3.23,2.44,17.0,2.8233,2.8239,2.8239,2.8671,3.0,0.0,5.0,4.0,7028961450.0,7061544000.0,6991000000.0,3.0,18922.8,18233.96,842.66,629.65,5.8,-74.34,8.13,-5.98,-25.17,-15.7,-14.05,-3.03,-2.67,125.0,125.0,125.0,2025-08-15,2.35,3.55,5.9,4.720000000000001,1.75,1.85,3.5999999999999996,130.56,5.560000000000002,0.24902,0.23926,0.24414,0.17097,29.97050872450233,-0.0438999999999999,309.0,19.0,0.851063829787234,21.0,0.0,1,4.720000000000001,2025-07-25,639.0,631.7413940429688,0.12219,0.1288427272727272,0.1361278571428571,0.0066527272727272,0.0139378571428571,0,0.1444885714285714,0.1054685714285714,0.03902,0.0027885714285714,0.0,0.0794917707607355,0.2231075697211155,0.0549454097873187,0.0669811277231808,0.0552088722768191,0.8203118050564441,1.41,1.8254967758796408,1.0512517438644304,-0.289807661830253,0.0151693032456148,0.0493806896006343,0.0,1,14.93000030517578,18.31999969482422,2.711000305175782,5.9,5.560000000000002,expiry_intrinsic,0.29500000000000004,1.9500000000000002,2.5499999999998044,0.00020399999999998436,fold_5,logreg,0.851063829787234
WM,2025-06-30,2025-07-28,1.0,228.26,228.8,-0.16,-0.39,1.8896,2.1801,1.72,20.0,1.8911,1.8909,1.8916,1.8979,4.0,0.0,0.0,8.0,6361073330.0,6449000000.0,6169000000.0,20.0,5027.89,4939.19,7.19,196.52,16.65,-72.72,8.89,-4.57,-1.76,10.67,1.38,-0.67,-2.57,230.0,240.0,230.0,2025-08-15,5.5,5.300000000000001,10.8,4.695652173913044,7.55,1.5,9.05,226.81,3.1899999999999977,0.24902,0.24902,0.24902,0.166095,33.3005381093888,-0.0487799999999999,4135.0,260.0,0.6126840317100792,21.0,4.347826086956519,1,0.347826086956525,2025-07-25,639.0,631.7413940429688,0.12219,0.1288427272727272,0.1361278571428571,0.0066527272727272,0.0139378571428571,0,0.1444885714285714,0.1054685714285714,0.03902,0.0027885714285714,0.0,0.0794917707607355,0.2231075697211155,0.0549454097873187,0.0669811277231808,0.0552088722768191,0.8203118050564441,1.41,1.8254967758796408,1.0512517438644304,-0.289807661830253,0.0151693032456148,0.0493806896006343,0.0,1,14.93000030517578,18.31999969482422,2.711000305175782,10.8,3.1899999999999977,expiry_intrinsic,0.54,1.9500000000000002,705.0500000000003,0.030654347826086968,fold_5,logreg,0.851063829787234
RVTY,2025-06-30,2025-07-28,1.0,97.82,94.66,-2.84,0.4,1.141,1.1537,1.13,17.0,1.1405,1.1386,1.1384,1.2312,0.0,0.0,3.0,1.0,711329340.0,718787000.0,706000000.0,14.0,2639.5,2251.55,126.66,124.08,2.28,-75.87,,3.06,-28.87,3.61,18.71,-5.4,1.83,105.0,95.0,105.0,2025-08-15,4.4,4.6,9.0,8.571428571428571,0.4,9.75,10.15,90.78,14.22,0.49292,0.40511,0.449015,0.31731,29.33198222776523,-0.102435,108.0,68.0,0.5214105793450882,21.0,9.523809523809524,0,-0.9523809523809526,2025-07-25,639.0,631.7413940429688,0.12219,0.1288427272727272,0.1361278571428571,0.0066527272727272,0.0139378571428571,0,0.1444885714285714,0.1054685714285714,0.03902,0.0027885714285714,0.0,0.0794917707607355,0.2231075697211155,0.0549454097873187,0.0669811277231808,0.0552088722768191,0.8203118050564441,1.41,1.8254967758796408,1.0512517438644304,-0.289807661830253,0.0151693032456148,0.0493806896006343,0.0,1,14.93000030517578,18.31999969482422,2.711000305175782,9.0,14.22,expiry_intrinsic,0.45,1.9500000000000002,-568.9500000000002,-0.0541857142857143,fold_5,logreg,0.851063829787234
WELL,2025-06-30,2025-07-28,1.0,152.13,151.48,4.05,4.5,0.0,0.0,0.0,0.0,0.0,0.0,0.0,0.0,0.0,0.0,0.0,0.0,2486376520.0,2601800000.0,2379178000.0,6.0,15298.4,13268.0,1248.0,974.59,30.48,-69.59,21.96,81.82,17.65,26.4,20.77,-1.3,-1.27,160.0,165.0,160.0,2025-08-15,4.4,2.875,7.275,4.546875,7.55,1.09,8.64,162.9,2.9000000000000057,0.21975,0.24902,0.234385,0.234385,0.0,-0.004875,184.0,12.0,0.2022988505747126,21.0,3.125,1,1.421875,2025-07-25,639.0,631.7413940429688,0.12219,0.1288427272727272,0.1361278571428571,0.0066527272727272,0.0139378571428571,0,0.1444885714285714,0.1054685714285714,0.03902,0.0027885714285714,0.0,0.0794917707607355,0.2231075697211155,0.0549454097873187,0.0669811277231808,0.0552088722768191,0.8203118050564441,1.41,1.8254967758796408,1.0512517438644304,-0.289807661830253,0.0151693032456148,0.0493806896006343,0.0,1,14.93000030517578,18.31999969482422,2.711000305175782,7.275,2.9000000000000057,expiry_intrinsic,0.36375,1.9500000000000002,399.1749999999995,0.02494843749999997,fold_5,logreg,0.851063829787234
UHS,2025-06-30,2025-07-28,1.0,178.08,171.88,-12.99,-9.85,4.9371,5.15,4.74,16.0,4.952,4.9342,4.9482,4.9955,2.0,0.0,2.0,1.0,4239164970.0,4292500000.0,4174000000.0,16.0,26724.24,23849.91,1610.71,834.35,6.66,-74.1,10.15,30.81,-1.63,14.94,16.99,0.67,0.98,155.0,165.0,155.0,2025-08-15,8.05,7.05,15.1,9.741935483870968,10.35,2.1,12.45,178.47,23.47,0.51243,0.51243,0.51243,0.3514549999999999,31.414046796635652,-0.121955,5.0,4.0,1.1935483870967742,21.0,6.451612903225801,1,3.2903225806451672,2025-07-25,639.0,631.7413940429688,0.12219,0.1288427272727272,0.1361278571428571,0.0066527272727272,0.0139378571428571,0,0.1444885714285714,0.1054685714285714,0.03902,0.0027885714285714,0.0,0.0794917707607355,0.2231075697211155,0.0549454097873187,0.0669811277231808,0.0552088722768191,0.8203118050564441,1.41,1.8254967758796408,1.0512517438644304,-0.289807661830253,0.0151693032456148,0.0493806896006343,0.0,1,14.93000030517578,18.31999969482422,2.711000305175782,15.100000000000001,23.47,expiry_intrinsic,0.7550000000000001,1.9500000000000002,-914.4499999999998,-0.058996774193548374,fold_5,logreg,0.851063829787234
PFG,2025-06-30,2025-07-28,1.0,79.19,74.59,1.52,7.78,1.9732,2.09,1.86,12.0,1.9862,2.003,2.0145,2.0561,2.0,0.0,3.0,6.0,3982950000.0,4033000000.0,3937800000.0,4.0,10264.48,10629.89,189.55,509.16,-8.82,-77.08,4.91,9.7,-6.7,-95.39,-95.39,-10.4,-14.69,80.0,80.0,80.0,2025-08-15,1.9,2.475,4.375,5.46875,1.7,1.9,3.5999999999999996,77.64,2.359999999999999,0.15146,0.39536,0.27341,0.258775,5.352766906843206,-0.019515,20.0,0.0,0.0408163265306122,21.0,0.0,1,5.46875,2025-07-25,639.0,631.7413940429688,0.12219,0.1288427272727272,0.1361278571428571,0.0066527272727272,0.0139378571428571,0,0.1444885714285714,0.1054685714285714,0.03902,0.0027885714285714,0.0,0.0794917707607355,0.2231075697211155,0.0549454097873187,0.0669811277231808,0.0552088722768191,0.8203118050564441,1.41,1.8254967758796408,1.0512517438644304,-0.289807661830253,0.0151693032456148,0.0493806896006343,0.0,1,14.93000030517578,18.31999969482422,2.711000305175782,4.375,2.359999999999999,expiry_intrinsic,0.21875,1.9500000000000002,177.67500000000013,0.022209375000000017,fold_5,logreg,0.9449361484961862
CARR,2025-06-30,2025-07-29,1.0,73.67,62.54,-2.71,14.6,0.9021,0.94,0.83,23.0,0.9016,0.8964,0.8954,0.8898,1.0,0.0,8.0,0.0,6096297600.0,6304100000.0,5975000000.0,20.0,4090.82,4261.0,-17.43,160.62,-3.73,-76.79,3.06,-24.19,-12.96,-36.07,63.38,-0.02,4.95,80.0,67.5,80.0,2025-08-15,2.675,2.95,5.625,7.03125,0.05,11.9,11.95,65.4,14.599999999999994,0.35633,0.44414,0.400235,0.25877,35.34548452783989,-0.107315,1327.0,332.0,0.8605542452830188,18.0,15.625,0,-8.59375,2025-07-28,638.0,631.5828247070312,0.12219,0.12707,0.1382192857142857,0.00488,0.0160292857142857,0,0.1486714285714286,0.1096514285714285,0.03902,0.0069714285714286,0.0,0.0794917707607355,0.2270916334661354,0.0596057743992524,0.0644082470301238,0.0577817529698761,0.9254369921195764,0.9,-2.0175580674884275,0.8345332520024996,-0.3151264770209716,0.0129936786847655,0.0409727378565454,-0.000251003555304,1,15.029999732971191,18.15999984741211,2.810999732971192,5.625,14.599999999999994,expiry_intrinsic,0.28125,1.9500000000000002,-927.5749999999995,-0.11594687499999994,fold_5,logreg,0.851063829787234
HUBB,2025-06-30,2025-07-29,1.0,406.62,363.18,5.09,17.66,4.3968,4.51,4.2471,13.0,4.4276,4.449,4.4498,4.6895,0.0,0.0,2.0,5.0,1507276300.0,1536000000.0,1469000000.0,10.0,17173.92,17588.35,415.25,871.02,-2.42,-75.74,3.94,-2.78,-14.63,-0.71,4.6,1.05,1.18,440.0,440.0,440.0,2025-08-15,14.4,16.2,30.6,6.954545454545453,9.05,11.0,20.05,427.65,12.350000000000025,0.37584,0.40511,0.390475,0.27341,29.98015237851336,-0.08292,400.0,485.0,0.3949367088607595,18.0,0.0,1,6.954545454545453,2025-07-28,638.0,631.5828247070312,0.12219,0.12707,0.1382192857142857,0.00488,0.0160292857142857,0,0.1486714285714286,0.1096514285714285,0.03902,0.0069714285714286,0.0,0.0794917707607355,0.2270916334661354,0.0596057743992524,0.0644082470301238,0.0577817529698761,0.9254369921195764,0.9,-2.0175580674884275,0.8345332520024996,-0.3151264770209716,0.0129936786847655,0.0409727378565454,-0.000251003555304,1,15.029999732971191,18.15999984741211,2.810999732971192,30.6,12.350000000000025,expiry_intrinsic,1.5300000000000002,1.9500000000000002,1670.0499999999977,0.03795568181818176,fold_5,logreg,0.851063829787234
CBRE,2025-06-30,2025-07-29,1.0,139.38,122.18,13.4,29.36,1.0706,1.16,0.95,11.0,1.0736,1.0714,1.0602,1.0379,2.0,0.0,3.0,1.0,9455969400.0,9559000000.0,9306447800.0,7.0,15974.24,15315.62,312.11,106.63,12.29,-75.09,11.96,10.26,-62.93,26.52,35.29,0.06,0.53,145.0,160.0,145.0,2025-08-15,5.8,3.5,9.3,6.413793103448276,13.1,0.35,13.45,158.93,13.930000000000009,0.37584,0.33682,0.35633,0.24414,31.484859540313764,-0.03902,167.0,30.0,0.0366941015089163,18.0,10.344827586206897,0,-3.931034482758619,2025-07-28,638.0,631.5828247070312,0.12219,0.12707,0.1382192857142857,0.00488,0.0160292857142857,0,0.1486714285714286,0.1096514285714285,0.03902,0.0069714285714286,0.0,0.0794917707607355,0.2270916334661354,0.0596057743992524,0.0644082470301238,0.0577817529698761,0.9254369921195764,0.9,-2.0175580674884275,0.8345332520024996,-0.3151264770209716,0.0129936786847655,0.0409727378565454,-0.000251003555304,1,15.029999732971191,18.15999984741211,2.810999732971192,9.3,13.930000000000009,expiry_intrinsic,0.4650000000000001,1.9500000000000002,-511.4500000000008,-0.0352724137931035,fold_5,logreg,0.851063829787234
ECL,2025-06-30,2025-07-29,0.0,267.45,251.43,-3.01,3.17,1.8955,1.94,1.8573,19.0,1.8938,1.8944,1.8954,1.9083,3.0,0.0,3.0,1.0,4032056330.0,4084000000.0,3968116810.0,14.0,1748.19,1720.02,3.08,16.86,-1.52,-76.53,2.0,11.94,-17.13,3.87,7.35,1.0,1.31,270.0,260.0,270.0,2025-08-15,6.7,5.95,12.65,4.685185185185185,1.45,8.15,9.6,280.83,10.829999999999984,0.26853,0.25877,0.26365,0.19048,27.752702446425182,-0.048775,484.0,150.0,1.5120481927710845,18.0,3.703703703703709,1,0.981481481481476,2025-07-28,638.0,631.5828247070312,0.12219,0.12707,0.1382192857142857,0.00488,0.0160292857142857,0,0.1486714285714286,0.1096514285714285,0.03902,0.0069714285714286,0.0,0.0794917707607355,0.2270916334661354,0.0596057743992524,0.0644082470301238,0.0577817529698761,0.9254369921195764,0.9,-2.0175580674884275,0.8345332520024996,-0.3151264770209716,0.0129936786847655,0.0409727378565454,-0.000251003555304,1,15.029999732971191,18.15999984741211,2.810999732971192,12.65,10.829999999999984,expiry_intrinsic,0.6325000000000001,1.9500000000000002,116.80000000000162,0.004325925925925986,fold_5,logreg,0.851063829787234
BXP,2025-06-30,2025-07-29,1.0,68.6,63.73,2.67,10.51,0.0,0.0,0.0,0.0,0.0,0.0,0.0,0.0,0.0,0.0,0.0,0.0,858055980.0,867740000.0,838970000.0,6.0,3314.4,2150.88,1440.0,1073.67,3.07,-74.61,3.97,-9.09,-43.66,1.16,92.19,25.42,25.35,70.0,67.5,70.0,2025-08-15,1.85,2.175,4.0249999999999995,5.75,0.425,3.8,4.225,65.44,4.560000000000002,0.31731,0.32707,0.32219,0.288045,10.597783916322662,-0.0292699999999999,114.0,3.0,3.3008849557522124,18.0,3.57142857142857,1,2.17857142857143,2025-07-28,638.0,631.5828247070312,0.12219,0.12707,0.1382192857142857,0.00488,0.0160292857142857,0,0.1486714285714286,0.1096514285714285,0.03902,0.0069714285714286,0.0,0.0794917707607355,0.2270916334661354,0.0596057743992524,0.0644082470301238,0.0577817529698761,0.9254369921195764,0.9,-2.0175580674884275,0.8345332520024996,-0.3151264770209716,0.0129936786847655,0.0409727378565454,-0.000251003555304,1,15.029999732971191,18.15999984741211,2.810999732971192,4.025,4.560000000000002,expiry_intrinsic,0.20125000000000004,1.9500000000000002,-75.5750000000002,-0.010796428571428601,fold_5,logreg,0.851063829787234
DTE,2025-06-30,2025-07-29,0.0,131.62,137.0,4.16,0.07,1.4033,1.5,1.32,12.0,1.4839,1.5497,1.5507,1.5401,0.0,0.0,0.0,4.0,2747665520.0,3033494000.0,2444468080.0,4.0,10726.13,9832.22,137.99,448.76,37.04,-64.36,5.2,25.75,39.07,15.79,20.7,-5.43,-1.91,140.0,135.0,140.0,2025-08-15,1.625,3.6,5.225,3.7321428571428568,0.5,4.699999999999999,5.199999999999999,138.92,1.0800000000000125,0.21,0.18073,0.195365,0.18073,7.49110639060221,-0.019515,187.0,123.0,0.2664092664092664,18.0,3.57142857142857,1,0.1607142857142869,2025-07-28,638.0,631.5828247070312,0.12219,0.12707,0.1382192857142857,0.00488,0.0160292857142857,0,0.1486714285714286,0.1096514285714285,0.03902,0.0069714285714286,0.0,0.0794917707607355,0.2270916334661354,0.0596057743992524,0.0644082470301238,0.0577817529698761,0.9254369921195764,0.9,-2.0175580674884275,0.8345332520024996,-0.3151264770209716,0.0129936786847655,0.0409727378565454,-0.000251003555304,1,15.029999732971191,18.15999984741211,2.810999732971192,5.225,1.0800000000000125,expiry_intrinsic,0.26125,1.9500000000000002,386.4249999999987,0.02760178571428562,fold_5,logreg,0.851063829787234
ACGL,2025-06-30,2025-07-29,1.0,90.32,90.68,-4.65,-5.03,2.2994,2.53,2.1509,11.0,2.2961,2.2869,2.2881,2.3426,3.0,0.0,6.0,3.0,4267950000.0,4268000000.0,4267900000.0,2.0,17036.32,15254.91,1063.15,529.17,18.41,-72.88,27.6,-37.14,-36.36,-37.59,-36.46,-12.76,-12.75,85.0,85.0,85.0,2025-08-15,3.55,2.05,5.6,6.588235294117646,2.2,1.6749999999999998,3.875,90.72,5.719999999999999,0.34658,0.36609,0.356335,0.26853,24.64113825473221,-0.073175,22.0,13.0,1.4270833333333333,18.0,0.0,1,6.588235294117646,2025-07-28,638.0,631.5828247070312,0.12219,0.12707,0.1382192857142857,0.00488,0.0160292857142857,0,0.1486714285714286,0.1096514285714285,0.03902,0.0069714285714286,0.0,0.0794917707607355,0.2270916334661354,0.0596057743992524,0.0644082470301238,0.0577817529698761,0.9254369921195764,0.9,-2.0175580674884275,0.8345332520024996,-0.3151264770209716,0.0129936786847655,0.0409727378565454,-0.000251003555304,1,15.029999732971191,18.15999984741211,2.810999732971192,5.6,5.719999999999999,expiry_intrinsic,0.27999999999999997,1.9500000000000002,-41.949999999999925,-0.00493529411764705,fold_5,logreg,0.851063829787234
INCY,2025-06-30,2025-07-29,1.0,68.37,62.66,13.17,23.48,1.4745,2.36,1.29,15.0,1.4678,1.4023,1.4023,1.4599,3.0,0.0,3.0,2.0,1148829610.0,1189195000.0,1100000000.0,19.0,-15855.52,-14334.43,-287.39,624.15,19.53,-75.17,15.9,25.0,-44.06,-0.51,139.71,0.25,10.33,70.0,77.5,70.0,2025-08-15,2.5,1.875,4.375,6.25,7.6,,,86.92,16.92,0.37584,0.32707,0.351455,0.370965,-5.551208547324685,-0.039025,330.0,6.0,0.0270793036750483,18.0,10.71428571428572,0,-4.464285714285721,2025-07-28,638.0,631.5828247070312,0.12219,0.12707,0.1382192857142857,0.00488,0.0160292857142857,0,0.1486714285714286,0.1096514285714285,0.03902,0.0069714285714286,0.0,0.0794917707607355,0.2270916334661354,0.0596057743992524,0.0644082470301238,0.0577817529698761,0.9254369921195764,0.9,-2.0175580674884275,0.8345332520024996,-0.3151264770209716,0.0129936786847655,0.0409727378565454,-0.000251003555304,1,15.029999732971191,18.15999984741211,2.810999732971192,4.375,16.92,expiry_intrinsic,0.21875,1.9500000000000002,-1278.3250000000003,-0.1826178571428572,fold_5,logreg,0.851063829787234
AMT,2025-06-30,2025-07-29,0.0,217.78,225.41,-1.41,-4.75,1.6645,1.72,1.59,7.0,1.6469,1.6436,1.6403,1.5892,2.0,0.0,2.0,0.0,2594172660.0,2622000000.0,2523000000.0,16.0,819.62,-23.24,-124.29,3320.93,-9.57,-74.69,-0.15,-46.94,-60.31,-26.28,1.42,3.05,5.3,220.0,210.0,220.0,2025-08-15,8.55,4.25,12.8,5.818181818181818,0.7,11.65,12.35,206.12,13.879999999999995,0.2978,0.31731,0.307555,0.21975,28.549365154200068,-0.068295,427.0,21.0,1.516357688113413,18.0,4.545454545454541,1,1.272727272727277,2025-07-28,638.0,631.5828247070312,0.12219,0.12707,0.1382192857142857,0.00488,0.0160292857142857,0,0.1486714285714286,0.1096514285714285,0.03902,0.0069714285714286,0.0,0.0794917707607355,0.2270916334661354,0.0596057743992524,0.0644082470301238,0.0577817529698761,0.9254369921195764,0.9,-2.0175580674884275,0.8345332520024996,-0.3151264770209716,0.0129936786847655,0.0409727378565454,-0.000251003555304,1,15.029999732971191,18.15999984741211,2.810999732971192,12.8,13.879999999999995,expiry_intrinsic,0.6400000000000001,1.9500000000000002,-173.94999999999948,-0.007906818181818157,fold_5,logreg,0.851063829787234
JCI,2025-06-30,2025-07-29,1.0,105.07,83.9,-1.74,23.05,1.0133,1.0449,0.99,18.0,1.0121,1.0056,1.0062,1.0003,2.0,0.0,6.0,3.0,5992661700.0,6155000000.0,5916000000.0,15.0,15732.85,14749.07,470.45,501.7,1.41,4.61,2.64,5.13,-28.7,882.47,552.11,2.09,13.85,110.0,105.0,110.0,2025-08-15,6.050000000000001,3.275,9.325,8.477272727272728,0.425,6.0,6.425,103.52,6.480000000000004,0.52218,0.41487,0.4685249999999999,0.24902,46.85022143962435,-0.1121899999999999,3932.0,652.0,1.28437454912711,18.0,4.545454545454541,1,3.931818181818187,2025-07-28,638.0,631.5828247070312,0.12219,0.12707,0.1382192857142857,0.00488,0.0160292857142857,0,0.1486714285714286,0.1096514285714285,0.03902,0.0069714285714286,0.0,0.0794917707607355,0.2270916334661354,0.0596057743992524,0.0644082470301238,0.0577817529698761,0.9254369921195764,0.9,-2.0175580674884275,0.8345332520024996,-0.3151264770209716,0.0129936786847655,0.0409727378565454,-0.000251003555304,1,15.029999732971191,18.15999984741211,2.810999732971192,9.325000000000001,6.480000000000004,expiry_intrinsic,0.46625000000000005,1.9500000000000002,235.92499999999973,0.021447727272727247,fold_5,logreg,0.851063829787234
TER,2025-06-30,2025-07-29,1.0,90.35,74.21,0.22,22.02,0.5382,0.6104,0.48,14.0,0.5386,0.5377,0.5377,0.5299,0.0,0.0,0.0,1.0,650785480.0,675500000.0,642900000.0,15.0,10480.48,9886.69,213.55,141.34,14.31,-75.68,6.61,47.06,-21.05,47.64,55.33,4.01,4.65,90.0,110.0,90.0,2025-08-15,5.8,4.5,10.3,11.444444444444445,18.05,0.25,18.3,109.42,19.42,0.63925,0.63925,0.63925,0.45877,28.233085647242863,-0.1268249999999999,737.0,110.0,0.4425322679778734,18.0,22.222222222222232,0,-10.777777777777787,2025-07-28,638.0,631.5828247070312,0.12219,0.12707,0.1382192857142857,0.00488,0.0160292857142857,0,0.1486714285714286,0.1096514285714285,0.03902,0.0069714285714286,0.0,0.0794917707607355,0.2270916334661354,0.0596057743992524,0.0644082470301238,0.0577817529698761,0.9254369921195764,0.9,-2.0175580674884275,0.8345332520024996,-0.3151264770209716,0.0129936786847655,0.0409727378565454,-0.000251003555304,1,15.029999732971191,18.15999984741211,2.810999732971192,10.3,19.42,expiry_intrinsic,0.515,1.9500000000000002,-965.4500000000002,-0.10727222222222224,fold_5,logreg,0.851063829787234
SWK,2025-06-30,2025-07-29,1.0,67.65,60.02,1.42,14.31,0.4159,0.6545,0.0889,15.0,0.4085,0.3577,0.374,1.0194,1.0,0.0,7.0,1.0,3994319450.0,4084200000.0,3884000000.0,12.0,17141.92,16245.95,897.69,587.45,-3.23,-75.63,-3.16,33.93,-49.66,18.97,-0.47,0.74,0.19,77.5,67.5,77.5,2025-08-15,3.25,5.2,8.45,10.903225806451612,0.125,9.9,10.025,74.06,3.4399999999999977,0.70754,0.48316,0.5953499999999999,0.370965,37.68959435626102,-0.2585299999999999,1592.0,335.0,1.0727871250914411,18.0,12.903225806451612,0,-2.0,2025-07-28,638.0,631.5828247070312,0.12219,0.12707,0.1382192857142857,0.00488,0.0160292857142857,0,0.1486714285714286,0.1096514285714285,0.03902,0.0069714285714286,0.0,0.0794917707607355,0.2270916334661354,0.0596057743992524,0.0644082470301238,0.0577817529698761,0.9254369921195764,0.9,-2.0175580674884275,0.8345332520024996,-0.3151264770209716,0.0129936786847655,0.0409727378565454,-0.000251003555304,1,15.029999732971191,18.15999984741211,2.810999732971192,8.45,3.4399999999999977,expiry_intrinsic,0.4225,1.9500000000000002,456.8000000000001,0.058941935483870986,fold_5,logreg,0.851063829787234
EXR,2025-06-30,2025-07-30,0.0,147.44,148.28,1.29,0.71,1.1826,1.2358,1.13,6.0,1.1793,1.1793,1.168,1.1017,1.0,0.0,1.0,0.0,720269400.0,726912000.0,713335000.0,5.0,14961.5,14007.11,509.44,672.78,3.12,-74.84,24.23,26.73,3.23,1.0,15.75,-1.51,5.05,150.0,135.0,150.0,2025-08-15,5.55,3.525,9.075,6.05,0.35,15.0,15.35,137.05,12.949999999999989,0.33682,0.34658,0.3417,0.26853,21.413520632133455,-0.058535,37.0,4.0,0.703125,17.0,9.999999999999998,0,-3.9499999999999984,2025-07-29,636.0,629.9169311523438,0.1305557142857143,0.133275909090909,0.141705,0.0027201948051947,0.0111492857142857,0,0.1598257142857142,0.1110457142857142,0.0487799999999999,0.0048799999999999,0.1690677599099234,0.1046073017745135,0.3227091633466135,0.0692758776564769,0.065255519222654,0.0653001950630602,1.0616094773547855,1.07,-0.7458691642352533,0.8163731231144595,-0.3130547314493115,0.0101771795912586,0.0330942630437853,-0.0028879900982092,1,15.979999542236328,18.770000457763672,2.924428113664898,9.075,12.949999999999989,expiry_intrinsic,0.45375,1.9500000000000002,-434.82499999999897,-0.028988333333333265,fold_5,logreg,0.851063829787234
FE,2025-06-30,2025-07-30,1.0,40.26,42.75,3.8,-2.25,0.4865,0.53,0.46,11.0,0.5168,0.5066,0.5074,0.5049,0.0,0.0,1.0,6.0,3389257270.0,3532516000.0,3237413080.0,4.0,3165.58,3033.34,104.53,158.88,14.54,-72.05,7.05,21.82,0.0,26.02,23.2,1.85,1.41,42.0,42.0,42.0,2025-08-15,0.6000000000000001,1.1,1.7000000000000002,4.0476190476190474,0.95,0.475,1.425,43.47,1.4699999999999989,0.18073,0.28804,0.234385,0.185605,20.81191202508692,-0.05366,3507.0,174.0,0.0757180156657963,17.0,0.0,1,4.0476190476190474,2025-07-29,636.0,629.9169311523438,0.1305557142857143,0.133275909090909,0.141705,0.0027201948051947,0.0111492857142857,0,0.1598257142857142,0.1110457142857142,0.0487799999999999,0.0048799999999999,0.1690677599099234,0.1046073017745135,0.3227091633466135,0.0692758776564769,0.065255519222654,0.0653001950630602,1.0616094773547855,1.07,-0.7458691642352533,0.8163731231144595,-0.3130547314493115,0.0101771795912586,0.0330942630437853,-0.0028879900982092,1,15.979999542236328,18.770000457763672,2.924428113664898,1.7000000000000002,1.4699999999999989,expiry_intrinsic,0.08500000000000002,1.9500000000000002,12.550000000000129,0.002988095238095269,fold_5,logreg,0.851063829787234
FFIV,2025-06-30,2025-07-30,1.0,294.32,265.77,1.59,12.5,3.4975,3.57,3.46,12.0,3.4975,3.4938,3.4938,3.504,1.0,0.0,2.0,0.0,752642030.0,765561000.0,740005000.0,11.0,14236.64,13008.7,914.13,920.02,7.3,-4.61,6.88,17.53,4.91,7.91,13.53,1.43,1.19,300.0,310.0,300.0,2025-08-15,11.25,11.35,22.6,7.533333333333333,15.6,1.55,17.150000000000002,315.34,15.339999999999977,0.44414,0.43438,0.43926,0.23926,45.531120520876016,-0.12195,60.0,7.0,4.556521739130435,17.0,3.3333333333333437,1,4.1999999999999895,2025-07-29,636.0,629.9169311523438,0.1305557142857143,0.133275909090909,0.141705,0.0027201948051947,0.0111492857142857,0,0.1598257142857142,0.1110457142857142,0.0487799999999999,0.0048799999999999,0.1690677599099234,0.1046073017745135,0.3227091633466135,0.0692758776564769,0.065255519222654,0.0653001950630602,1.0616094773547855,1.07,-0.7458691642352533,0.8163731231144595,-0.3130547314493115,0.0101771795912586,0.0330942630437853,-0.0028879900982092,1,15.979999542236328,18.770000457763672,2.924428113664898,22.6,15.339999999999977,expiry_intrinsic,1.1300000000000001,1.9500000000000002,611.0500000000025,0.020368333333333415,fold_5,logreg,0.851063829787234
EG,2025-06-30,2025-07-30,1.0,339.85,337.38,-2.15,-1.43,14.8239,16.0,13.85,12.0,14.969,15.0708,15.0727,15.8773,2.0,0.0,3.0,6.0,4073500000.0,4139000000.0,4012000000.0,4.0,98863.2,98939.68,3602.24,8068.49,3.87,-75.18,13.4,-69.98,135.1,-67.09,-67.09,-13.43,-14.55,330.0,340.0,330.0,2025-08-15,10.6,7.65,18.25,5.53030303030303,10.0,3.825,13.825,331.84,1.839999999999975,0.31731,0.31731,0.31731,0.229505,27.671677539314853,-0.063415,37.0,0.0,0.2727272727272727,17.0,3.0303030303030276,1,2.5000000000000027,2025-07-29,636.0,629.9169311523438,0.1305557142857143,0.133275909090909,0.141705,0.0027201948051947,0.0111492857142857,0,0.1598257142857142,0.1110457142857142,0.0487799999999999,0.0048799999999999,0.1690677599099234,0.1046073017745135,0.3227091633466135,0.0692758776564769,0.065255519222654,0.0653001950630602,1.0616094773547855,1.07,-0.7458691642352533,0.8163731231144595,-0.3130547314493115,0.0101771795912586,0.0330942630437853,-0.0028879900982092,1,15.979999542236328,18.770000457763672,2.924428113664898,18.25,1.839999999999975,expiry_intrinsic,0.9125000000000001,1.9500000000000002,1547.8000000000025,0.04690303030303038,fold_5,logreg,0.851063829787234
AWK,2025-06-30,2025-07-30,0.0,139.11,146.43,0.39,-4.63,1.5266,1.67,1.47,9.0,1.5371,1.5218,1.5285,1.4923,1.0,0.0,2.0,1.0,1228000000.0,1287000000.0,1129000000.0,3.0,2980.96,2785.38,90.54,304.22,12.96,-75.62,10.51,12.9,-13.93,20.46,13.8,0.17,0.24,140.0,140.0,140.0,2025-08-15,3.05,3.1500000000000004,6.2,4.428571428571429,1.725,2.425,4.15,143.92,3.919999999999987,0.20024,0.30755,0.253895,0.185605,26.896945587742955,-0.0536549999999999,110.0,9.0,0.4622641509433962,17.0,0.0,1,4.428571428571429,2025-07-29,636.0,629.9169311523438,0.1305557142857143,0.133275909090909,0.141705,0.0027201948051947,0.0111492857142857,0,0.1598257142857142,0.1110457142857142,0.0487799999999999,0.0048799999999999,0.1690677599099234,0.1046073017745135,0.3227091633466135,0.0692758776564769,0.065255519222654,0.0653001950630602,1.0616094773547855,1.07,-0.7458691642352533,0.8163731231144595,-0.3130547314493115,0.0101771795912586,0.0330942630437853,-0.0028879900982092,1,15.979999542236328,18.770000457763672,2.924428113664898,6.2,3.919999999999987,expiry_intrinsic,0.31000000000000005,1.9500000000000002,195.05000000000132,0.013932142857142952,fold_5,logreg,0.851063829787234
CTSH,2025-06-30,2025-07-30,1.0,78.03,75.23,-5.77,-2.26,1.2597,1.29,1.23,22.0,1.2597,1.2601,1.2568,1.2289,3.0,0.0,4.0,1.0,5189357150.0,5256400000.0,5160000000.0,20.0,4169.92,3893.39,120.06,59.86,7.46,-74.08,2.5,9.82,1.65,17.78,22.73,-0.32,2.08,75.0,72.5,75.0,2025-08-15,2.4,2.925,5.324999999999999,7.1,0.7,3.8,4.5,70.0,5.0,0.36609,0.45389,0.40999,0.234385,42.83153247640186,-0.131705,2453.0,10.0,1.2411347517730495,17.0,3.3333333333333326,1,3.766666666666667,2025-07-29,636.0,629.9169311523438,0.1305557142857143,0.133275909090909,0.141705,0.0027201948051947,0.0111492857142857,0,0.1598257142857142,0.1110457142857142,0.0487799999999999,0.0048799999999999,0.1690677599099234,0.1046073017745135,0.3227091633466135,0.0692758776564769,0.065255519222654,0.0653001950630602,1.0616094773547855,1.07,-0.7458691642352533,0.8163731231144595,-0.3130547314493115,0.0101771795912586,0.0330942630437853,-0.0028879900982092,1,15.979999542236328,18.770000457763672,2.924428113664898,5.324999999999999,5.0,expiry_intrinsic,0.26625,1.9500000000000002,3.9249999999999305,0.0005233333333333241,fold_5,logreg,0.851063829787234
BG,2025-06-30,2025-07-30,1.0,80.28,78.48,0.02,2.32,1.0834,1.26,0.946,6.0,1.1318,1.2348,1.2197,1.8296,0.0,0.0,0.0,3.0,12425752510.0,13048000000.0,11411000000.0,4.0,44596.19,42917.46,803.71,825.45,-13.22,-78.08,-11.09,-40.46,-15.02,-13.75,-50.34,-1.4,-1.4,77.5,80.0,77.5,2025-08-15,2.075,3.075,5.15,6.645161290322581,3.125,1.3,4.425,81.78,4.280000000000001,0.3856,0.3856,0.3856,0.29292,24.035269709543563,-0.058535,354.0,178.0,1.0305810397553516,17.0,3.2258064516129004,1,3.4193548387096806,2025-07-29,636.0,629.9169311523438,0.1305557142857143,0.133275909090909,0.141705,0.0027201948051947,0.0111492857142857,0,0.1598257142857142,0.1110457142857142,0.0487799999999999,0.0048799999999999,0.1690677599099234,0.1046073017745135,0.3227091633466135,0.0692758776564769,0.065255519222654,0.0653001950630602,1.0616094773547855,1.07,-0.7458691642352533,0.8163731231144595,-0.3130547314493115,0.0101771795912586,0.0330942630437853,-0.0028879900982092,1,15.979999542236328,18.770000457763672,2.924428113664898,5.15,4.280000000000001,expiry_intrinsic,0.2575,1.9500000000000002,59.29999999999991,0.007651612903225795,fold_5,logreg,0.851063829787234
ALL,2025-06-30,2025-07-30,1.0,201.31,197.24,-4.49,-2.51,3.2557,4.47,2.72,17.0,3.2857,3.1991,3.2127,3.1192,4.0,0.0,7.0,6.0,16596225999.0,16874000000.0,16318452000.0,2.0,44648.61,37952.62,4597.43,1716.44,6.64,-74.4,11.78,-31.19,-53.98,-43.83,-53.94,-4.43,-5.82,195.0,200.0,195.0,2025-08-15,4.6,5.35,9.95,5.102564102564102,9.55,1.15,10.7,206.78,11.78,0.2978,0.2978,0.2978,0.2148749999999999,27.845869711215588,-0.04878,95.0,13.0,0.6866952789699571,17.0,2.564102564102555,1,2.538461538461547,2025-07-29,636.0,629.9169311523438,0.1305557142857143,0.133275909090909,0.141705,0.0027201948051947,0.0111492857142857,0,0.1598257142857142,0.1110457142857142,0.0487799999999999,0.0048799999999999,0.1690677599099234,0.1046073017745135,0.3227091633466135,0.0692758776564769,0.065255519222654,0.0653001950630602,1.0616094773547855,1.07,-0.7458691642352533,0.8163731231144595,-0.3130547314493115,0.0101771795912586,0.0330942630437853,-0.0028879900982092,1,15.979999542236328,18.770000457763672,2.924428113664898,9.95,11.78,expiry_intrinsic,0.4975,1.9500000000000002,-234.7,-0.012035897435897435,fold_5,logreg,0.851063829787234
GRMN,2025-06-30,2025-07-30,1.0,208.72,186.78,6.12,18.58,1.8972,2.0,1.813,6.0,1.8638,1.8638,1.8638,1.8099,1.0,0.0,1.0,0.0,1704575000.0,1716000000.0,1679400000.0,4.0,26634.59,24857.09,805.25,818.33,11.11,-75.62,18.64,13.38,-33.2,10.46,11.53,-0.44,0.08,240.0,220.0,240.0,2025-08-15,11.55,11.1,22.65,9.4375,0.22,21.5,21.72,232.34,7.659999999999997,0.56121,0.53194,0.546575,0.249015,54.44083611581211,-0.19512,91.0,176.0,0.6915077989601387,17.0,8.333333333333337,1,1.1041666666666623,2025-07-29,636.0,629.9169311523438,0.1305557142857143,0.133275909090909,0.141705,0.0027201948051947,0.0111492857142857,0,0.1598257142857142,0.1110457142857142,0.0487799999999999,0.0048799999999999,0.1690677599099234,0.1046073017745135,0.3227091633466135,0.0692758776564769,0.065255519222654,0.0653001950630602,1.0616094773547855,1.07,-0.7458691642352533,0.8163731231144595,-0.3130547314493115,0.0101771795912586,0.0330942630437853,-0.0028879900982092,1,15.979999542236328,18.770000457763672,2.924428113664898,22.65,7.659999999999997,expiry_intrinsic,1.1325,1.9500000000000002,1383.8000000000002,0.05765833333333334,fold_5,logreg,0.851063829787234
GNRC,2025-06-30,2025-07-30,1.0,143.21,112.67,26.39,60.65,1.3245,1.5,1.17,18.0,1.3511,1.3511,1.3467,1.6262,1.0,0.0,1.0,2.0,1026207600.0,1057100000.0,1010000000.0,18.0,-3281106.11,-3282390.37,716.02,107.1,5.94,-78.07,6.11,43.18,-55.0,17.06,25.08,3.9,1.36,150.0,195.0,150.0,2025-08-15,8.15,6.45,14.6,9.733333333333334,45.650000000000006,0.125,45.775000000000006,198.8,48.80000000000001,0.56121,0.56121,0.56121,0.3856,31.2913169758201,-0.13171,407.0,80.0,1.31875,17.0,30.000000000000004,0,-20.26666666666667,2025-07-29,636.0,629.9169311523438,0.1305557142857143,0.133275909090909,0.141705,0.0027201948051947,0.0111492857142857,0,0.1598257142857142,0.1110457142857142,0.0487799999999999,0.0048799999999999,0.1690677599099234,0.1046073017745135,0.3227091633466135,0.0692758776564769,0.065255519222654,0.0653001950630602,1.0616094773547855,1.07,-0.7458691642352533,0.8163731231144595,-0.3130547314493115,0.0101771795912586,0.0330942630437853,-0.0028879900982092,1,15.979999542236328,18.770000457763672,2.924428113664898,14.600000000000001,48.80000000000001,expiry_intrinsic,0.7300000000000001,1.9500000000000002,-3494.9500000000007,-0.2329966666666667,fold_5,logreg,1.0
WEC,2025-06-30,2025-07-30,1.0,104.2,108.79,3.99,-0.4,0.7063,0.82,0.67,8.0,0.718,0.7114,0.6796,0.7936,2.0,0.0,2.0,1.0,1753786930.0,1915945000.0,1241681980.0,5.0,7830.94,7428.93,189.18,128.18,17.51,-63.38,0.16,15.23,58.74,10.8,15.26,-1.92,-0.58,110.0,110.0,110.0,2025-08-15,1.375,4.225,5.6,5.09090909090909,1.0,2.4,3.4,107.36,2.640000000000001,0.20024,0.3856,0.29292,0.190485,34.970299057763214,-0.107315,5999.0,284.0,0.1931668856767411,17.0,0.0,1,5.09090909090909,2025-07-29,636.0,629.9169311523438,0.1305557142857143,0.133275909090909,0.141705,0.0027201948051947,0.0111492857142857,0,0.1598257142857142,0.1110457142857142,0.0487799999999999,0.0048799999999999,0.1690677599099234,0.1046073017745135,0.3227091633466135,0.0692758776564769,0.065255519222654,0.0653001950630602,1.0616094773547855,1.07,-0.7458691642352533,0.8163731231144595,-0.3130547314493115,0.0101771795912586,0.0330942630437853,-0.0028879900982092,1,15.979999542236328,18.770000457763672,2.924428113664898,5.6,2.640000000000001,expiry_intrinsic,0.27999999999999997,1.9500000000000002,266.0499999999999,0.024186363636363627,fold_5,logreg,0.851063829787234
SW,2025-06-30,2025-07-30,0.0,43.15,40.47,9.76,17.02,0.5911,0.63,0.5,9.0,0.5929,0.5885,0.5885,0.7379,1.0,0.0,2.0,1.0,7941686670.0,8271000000.0,7704850000.0,9.0,1396.7,1445.05,-138.24,127.7,,2.72,,,0.0,,,,,50.0,45.0,50.0,2025-08-15,1.125,3.0,4.125,8.25,0.15,5.9,6.050000000000001,42.69,7.310000000000002,0.43438,0.48316,0.45877,0.40023,12.760206639492564,-0.107315,1225.0,204.0,0.0188679245283018,17.0,9.999999999999998,0,-1.7499999999999982,2025-07-29,636.0,629.9169311523438,0.1305557142857143,0.133275909090909,0.141705,0.0027201948051947,0.0111492857142857,0,0.1598257142857142,0.1110457142857142,0.0487799999999999,0.0048799999999999,0.1690677599099234,0.1046073017745135,0.3227091633466135,0.0692758776564769,0.065255519222654,0.0653001950630602,1.0616094773547855,1.07,-0.7458691642352533,0.8163731231144595,-0.3130547314493115,0.0101771795912586,0.0330942630437853,-0.0028879900982092,1,15.979999542236328,18.770000457763672,2.924428113664898,4.125,7.310000000000002,expiry_intrinsic,0.20625000000000002,1.9500000000000002,-341.0750000000002,-0.06821500000000004,fold_5,logreg,0.851063829787234
PTC,2025-06-30,2025-07-30,0.0,172.34,156.34,17.51,29.53,1.2125,1.3,1.12,17.0,1.2109,1.2092,1.2096,1.3543,2.0,0.0,3.0,0.0,583253560.0,604253460.0,573000000.0,15.0,10780.38,8349.03,909.84,696.31,5.52,12.61,1.76,22.6,15.48,21.96,24.45,1.55,5.35,200.0,220.0,200.0,2025-08-15,8.55,4.0,12.55,6.275,15.95,1.5,17.45,205.84,5.840000000000003,0.34658,0.34658,0.34658,0.253895,26.74274337815223,-0.0731749999999999,39.0,2.0,0.3846153846153846,17.0,10.000000000000009,0,-3.725000000000009,2025-07-29,636.0,629.9169311523438,0.1305557142857143,0.133275909090909,0.141705,0.0027201948051947,0.0111492857142857,0,0.1598257142857142,0.1110457142857142,0.0487799999999999,0.0048799999999999,0.1690677599099234,0.1046073017745135,0.3227091633466135,0.0692758776564769,0.065255519222654,0.0653001950630602,1.0616094773547855,1.07,-0.7458691642352533,0.8163731231144595,-0.3130547314493115,0.0101771795912586,0.0330942630437853,-0.0028879900982092,1,15.979999542236328,18.770000457763672,2.924428113664898,12.55,5.840000000000003,expiry_intrinsic,0.6275000000000001,1.9500000000000002,606.2999999999996,0.03031499999999998,fold_5,logreg,0.851063829787234
UDR,2025-06-30,2025-07-30,0.0,40.83,42.6,-2.55,-6.6,0.13,0.13,0.13,2.0,0.13,0.13,0.11,0.11,1.0,0.0,1.0,0.0,422170230.0,425900000.0,413781530.0,9.0,9784.8,9292.0,96.0,318.7,2.01,-74.76,2.57,76.92,666.67,10.97,53.21,2.86,9.68,40.0,40.0,40.0,2025-08-15,0.85,0.52,1.37,3.4250000000000003,0.85,,,38.51,1.490000000000002,0.01488,0.0539,0.03439,0.03439,0.0,0.17073,54.0,3.0,1.0,17.0,0.0,1,3.4250000000000003,2025-07-29,636.0,629.9169311523438,0.1305557142857143,0.133275909090909,0.141705,0.0027201948051947,0.0111492857142857,0,0.1598257142857142,0.1110457142857142,0.0487799999999999,0.0048799999999999,0.1690677599099234,0.1046073017745135,0.3227091633466135,0.0692758776564769,0.065255519222654,0.0653001950630602,1.0616094773547855,1.07,-0.7458691642352533,0.8163731231144595,-0.3130547314493115,0.0101771795912586,0.0330942630437853,-0.0028879900982092,1,15.979999542236328,18.770000457763672,2.924428113664898,1.37,1.490000000000002,expiry_intrinsic,0.0685,1.9500000000000002,-20.80000000000019,-0.0052000000000000475,fold_5,logreg,0.851063829787234
IEX,2025-06-30,2025-07-30,1.0,175.57,175.25,-6.43,-6.26,1.99,2.03,1.92,11.0,1.99,1.99,1.99,2.1027,2.0,0.0,2.0,1.0,859369580.0,878637000.0,842114800.0,10.0,8389.92,8027.71,212.37,131.95,1.72,-75.09,-0.45,-6.91,-14.22,-6.94,-2.08,0.65,-0.77,185.0,165.0,185.0,2025-08-15,5.9,5.075,10.975,5.932432432432433,1.72,21.25,22.97,164.77,20.22999999999999,0.35633,0.33682,0.3465749999999999,0.22463,35.18574623097453,-0.1024349999999999,0.0,146.0,0.3116883116883117,17.0,10.81081081081081,0,-4.878378378378377,2025-07-29,636.0,629.9169311523438,0.1305557142857143,0.133275909090909,0.141705,0.0027201948051947,0.0111492857142857,0,0.1598257142857142,0.1110457142857142,0.0487799999999999,0.0048799999999999,0.1690677599099234,0.1046073017745135,0.3227091633466135,0.0692758776564769,0.065255519222654,0.0653001950630602,1.0616094773547855,1.07,-0.7458691642352533,0.8163731231144595,-0.3130547314493115,0.0101771795912586,0.0330942630437853,-0.0028879900982092,1,15.979999542236328,18.770000457763672,2.924428113664898,10.975000000000001,20.22999999999999,expiry_intrinsic,0.5487500000000001,1.9500000000000002,-982.3249999999989,-0.05309864864864859,fold_5,logreg,0.851063829787234
AEP,2025-06-30,2025-07-30,1.0,103.76,107.54,9.15,5.31,1.2673,1.35,1.2,14.0,1.2179,1.1759,1.231,1.2644,1.0,0.0,3.0,5.0,4968548980.0,5334000000.0,4713800000.0,6.0,3372.51,2924.67,318.78,216.14,10.66,-71.69,3.92,21.26,24.19,7.56,17.32,0.89,1.47,110.0,115.0,110.0,2025-08-15,1.45,3.025,4.475,4.068181818181818,3.5,0.7749999999999999,4.275,111.99,1.9899999999999949,0.18073,0.28804,0.234385,0.1953599999999999,16.649956268532556,-0.048775,3574.0,325.0,0.2145030425963489,17.0,4.545454545454541,0,-0.4772727272727231,2025-07-29,636.0,629.9169311523438,0.1305557142857143,0.133275909090909,0.141705,0.0027201948051947,0.0111492857142857,0,0.1598257142857142,0.1110457142857142,0.0487799999999999,0.0048799999999999,0.1690677599099234,0.1046073017745135,0.3227091633466135,0.0692758776564769,0.065255519222654,0.0653001950630602,1.0616094773547855,1.07,-0.7458691642352533,0.8163731231144595,-0.3130547314493115,0.0101771795912586,0.0330942630437853,-0.0028879900982092,1,15.979999542236328,18.770000457763672,2.924428113664898,4.475,1.9899999999999949,expiry_intrinsic,0.22375,1.9500000000000002,224.1750000000005,0.0203795454545455,fold_5,logreg,0.851063829787234
AES,2025-06-30,2025-07-31,1.0,10.77,10.18,22.1,29.17,0.3955,0.52,0.32,8.0,0.4253,0.4741,0.4741,0.4577,0.0,0.0,0.0,2.0,3011734200.0,3245000000.0,2856119580.0,4.0,3812.26,3769.56,140.78,262.73,-5.15,-76.17,-3.58,-46.0,-50.0,-32.24,-33.39,-5.06,-5.26,13.0,13.0,13.0,2025-08-01,0.425,0.6,1.025,7.884615384615384,0.25,0.04,0.29,13.23,0.2300000000000004,0.98071,1.66362,1.322165,0.497795,62.350009265106856,-0.74145,916.0,75.0,0.3577535950252623,2.0,0.0,1,7.884615384615384,2025-07-30,639.0,629.1236572265625,0.12707,0.1310586363636363,0.1406592857142857,0.0039886363636363,0.0135892857142857,0,0.1417,0.12219,0.01951,0.0048749999999999,0.0986228599474555,0.0941424971854393,0.2948207171314741,0.0408396912650332,0.0648491300796026,0.0622208699203974,0.6297646740195635,1.29,0.7565332011284679,1.0574451677843406,-0.2587041109526384,0.0003942349687,0.0268836165054346,-0.004143684173762,1,15.479999542236328,18.350000381469727,2.7729995422363274,1.025,0.2300000000000004,expiry_intrinsic,0.05125,1.9500000000000002,72.42499999999994,0.05571153846153842,fold_5,logreg,0.851063829787234
HII,2025-06-30,2025-07-31,1.0,246.31,230.02,13.22,21.23,3.3903,4.3,3.1068,9.0,3.3766,3.3766,3.3766,3.3276,1.0,0.0,1.0,1.0,2935785110.0,3077000000.0,2899000000.0,10.0,32048.03,30155.92,1935.36,2922.44,-2.53,-76.3,0.67,-2.07,20.32,3.16,12.59,1.04,0.79,260.0,270.0,260.0,2025-08-15,10.5,11.6,22.1,8.5,12.55,2.6,15.15,266.25,6.25,0.473543032898843,0.5453437886829058,0.5094434107908744,,,,92.0,7.0,0.2758620689655172,16.0,3.8461538461538542,1,4.653846153846145,2025-07-30,639.0,629.1236572265625,0.12707,0.1310586363636363,0.1406592857142857,0.0039886363636363,0.0135892857142857,0,0.1417,0.12219,0.01951,0.0048749999999999,0.0986228599474555,0.0941424971854393,0.2948207171314741,0.0408396912650332,0.0648491300796026,0.0622208699203974,0.6297646740195635,1.29,0.7565332011284679,1.0574451677843406,-0.2587041109526384,0.0003942349687,0.0268836165054346,-0.004143684173762,1,15.479999542236328,18.350000381469727,2.7729995422363274,22.1,6.25,expiry_intrinsic,1.1050000000000002,1.9500000000000002,1472.55,0.05663653846153846,fold_5,logreg,0.851063829787234
CMS,2025-06-30,2025-07-31,1.0,70.13,72.91,5.23,1.22,0.6806,0.72,0.65,13.0,0.6836,0.664,0.6647,0.6795,1.0,0.0,3.0,3.0,1703637420.0,1719530110.0,1680000000.0,4.0,4679.52,4615.39,26.67,82.79,12.45,-67.44,3.47,5.15,17.24,7.74,19.9,-0.31,1.26,70.0,75.0,70.0,2025-08-15,3.05,1.375,4.425,6.321428571428571,4.2,0.2249999999999999,4.425,72.3,2.299999999999997,0.27829,0.39536,0.336825,0.136825,59.378015289838935,-0.1658549999999999,1003.0,3.0,0.160377358490566,16.0,7.14285714285714,0,-0.8214285714285685,2025-07-30,639.0,629.1236572265625,0.12707,0.1310586363636363,0.1406592857142857,0.0039886363636363,0.0135892857142857,0,0.1417,0.12219,0.01951,0.0048749999999999,0.0986228599474555,0.0941424971854393,0.2948207171314741,0.0408396912650332,0.0648491300796026,0.0622208699203974,0.6297646740195635,1.29,0.7565332011284679,1.0574451677843406,-0.2587041109526384,0.0003942349687,0.0268836165054346,-0.004143684173762,1,15.479999542236328,18.350000381469727,2.7729995422363274,4.425,2.299999999999997,expiry_intrinsic,0.22125,1.9500000000000002,188.4250000000003,0.026917857142857184,fold_5,logreg,0.851063829787234
BAX,2025-06-30,2025-07-31,0.0,31.23,30.71,-30.32,-29.14,0.609,0.64,0.59,12.0,0.6093,0.6085,0.6085,0.6113,1.0,0.0,1.0,0.0,2822667470.0,2864000000.0,2801000000.0,11.0,8048.16,8092.58,114.99,464.34,5.42,-75.32,-2.62,-15.38,-5.17,-22.62,-49.57,-5.79,-2.41,28.0,22.0,28.0,2025-08-01,0.6,0.675,1.275,4.553571428571428,0.1,6.15,6.25,21.96,6.039999999999999,0.01488,0.85388,0.43438,0.390475,10.107509553846857,-0.268285,75.0,72.0,1.3747667039940277,2.0,21.42857142857143,0,-16.875000000000004,2025-07-30,639.0,629.1236572265625,0.12707,0.1310586363636363,0.1406592857142857,0.0039886363636363,0.0135892857142857,0,0.1417,0.12219,0.01951,0.0048749999999999,0.0986228599474555,0.0941424971854393,0.2948207171314741,0.0408396912650332,0.0648491300796026,0.0622208699203974,0.6297646740195635,1.29,0.7565332011284679,1.0574451677843406,-0.2587041109526384,0.0003942349687,0.0268836165054346,-0.004143684173762,1,15.479999542236328,18.350000381469727,2.7729995422363274,1.275,6.039999999999999,expiry_intrinsic,0.06375,1.9500000000000002,-484.8249999999998,-0.17315178571428566,fold_5,logreg,0.851063829787234
BEN,2025-06-30,2025-08-01,0.0,,,,,0.502,0.6162,0.45,8.0,0.4918,0.4859,0.4826,0.4794,2.0,0.0,5.0,2.0,2087000000.0,2087000000.0,2087000000.0,1.0,10750.56,10442.82,-336.96,679.64,-1.92,-6.23,7.82,-16.07,-27.69,-45.97,12.61,-0.04,0.89,24.0,25.0,24.0,2025-08-15,0.7749999999999999,1.35,2.125,8.854166666666668,1.325,0.125,1.45,25.33,1.3299999999999983,0.3856,0.70754,0.54657,0.29292,46.40759646522861,-0.27316,265.0,7.0,1.0404255319148936,15.0,4.166666666666674,1,4.687499999999994,2025-07-31,633.0,626.763671875,0.136825,0.1323886363636363,0.1458835714285714,-0.0044363636363636,0.0090585714285714,0,0.1626128571428571,0.11244,0.0501728571428571,0.0007014285714285,0.37501601537476,0.1234289390446577,0.4422310756972111,0.0487928004896567,0.0669650834664368,0.0698599165335631,0.7286304737320585,1.46,1.753994746899025,1.1681933927394608,-0.2309668985288198,-0.0036883986202657,0.0233626828498263,-0.0078793668024707,1,16.719999313354492,19.13999938964844,3.037499313354491,2.125,1.3299999999999983,expiry_intrinsic,0.10625000000000001,1.9500000000000002,66.92500000000017,0.027885416666666735,fold_5,logreg,0.851063829787234
KMB,2025-06-30,2025-08-01,0.0,132.36,130.35,-1.3,0.22,1.6712,1.8,1.47,14.0,1.6662,1.6734,1.6695,1.6692,1.0,0.0,5.0,2.0,4611923000.0,4879175000.0,3969800000.0,7.0,7107.39,7360.58,-253.75,421.61,-6.0,-75.87,-2.7,-3.98,44.03,-5.52,-9.85,-1.3,-0.68,123.0,133.0,123.0,2025-08-01,3.1,3.075,6.175000000000001,5.020325203252033,,,,130.64,7.639999999999986,0.84413,1.48801,1.16607,0.20024,82.82778906926686,-0.936565,2.0,0.0,0.6739832149774048,1.0,8.130081300813007,0,-3.1097560975609744,2025-07-31,633.0,626.763671875,0.136825,0.1323886363636363,0.1458835714285714,-0.0044363636363636,0.0090585714285714,0,0.1626128571428571,0.11244,0.0501728571428571,0.0007014285714285,0.37501601537476,0.1234289390446577,0.4422310756972111,0.0487928004896567,0.0669650834664368,0.0698599165335631,0.7286304737320585,1.46,1.753994746899025,1.1681933927394608,-0.2309668985288198,-0.0036883986202657,0.0233626828498263,-0.0078793668024707,1,16.719999313354492,19.13999938964844,3.037499313354491,6.175000000000001,7.639999999999986,expiry_intrinsic,0.3087500000000001,1.9500000000000002,-179.32499999999857,-0.01457926829268281,fold_5,logreg,0.851063829787234
VTRS,2025-06-30,2025-08-07,1.0,9.26,8.77,1.4,7.07,0.5558,0.5801,0.5288,5.0,0.5538,0.5538,0.5522,0.5533,1.0,0.0,1.0,0.0,3455485330.0,3546000000.0,3398000000.0,6.0,3700.8,3644.3,54.18,160.57,-11.17,-77.92,-5.23,-25.37,-7.41,-324.06,-1513.54,-5.37,-94.14,9.0,10.0,9.0,2025-08-15,0.3,0.525,0.825,9.166666666666666,0.75,0.05,0.8,10.61,1.6099999999999994,0.73681,0.7173,0.727055,0.08805,87.88949941888853,-0.28292,2047.0,951.0,0.2848857045377004,9.0,11.111111111111116,0,-1.94444444444445,2025-08-06,633.0,627.4578247070312,0.13195,0.138260294117647,0.1475095238095237,0.006310294117647,0.0155595238095237,0,0.17097,0.11244,0.05853,0.0097549999999999,0.2295814641194957,0.1087932236101431,0.3625498007968127,0.194010277887833,0.1009576033015045,0.0309923966984954,1.9217005113367405,1.35,0.7466220669268334,0.8596506467403161,-0.4007149031012654,-0.002647861831925,0.0200535494255602,-0.0067805741025197,1,16.770000457763672,19.469999313354492,3.5750004577636716,0.825,1.6099999999999994,expiry_intrinsic,0.04125,1.9500000000000002,-84.57499999999995,-0.09397222222222217,fold_5,logreg,0.851063829787234
GEN,2025-06-30,2025-08-07,1.0,29.94,28.91,-5.58,-2.21,0.5997,0.61,0.59,9.0,0.5997,0.5984,0.5982,0.5818,5.0,0.0,5.0,1.0,1189575590.0,1206000000.0,1162971130.0,7.0,333.41,1070.34,-218.88,397.16,4.01,0.0,3.36,-13.16,-41.07,-3.0,12.65,-0.37,2.91,29.0,30.0,29.0,2025-08-15,0.875,1.125,2.0,6.896551724137931,1.525,0.08,1.605,31.47,2.469999999999999,0.56121,0.54169,0.55145,0.23926,56.6125668691631,-0.224385,78.0,32.0,5.3173076923076925,9.0,3.4482758620689724,1,3.448275862068958,2025-08-06,633.0,627.4578247070312,0.13195,0.138260294117647,0.1475095238095237,0.006310294117647,0.0155595238095237,0,0.17097,0.11244,0.05853,0.0097549999999999,0.2295814641194957,0.1087932236101431,0.3625498007968127,0.194010277887833,0.1009576033015045,0.0309923966984954,1.9217005113367405,1.35,0.7466220669268334,0.8596506467403161,-0.4007149031012654,-0.002647861831925,0.0200535494255602,-0.0067805741025197,1,16.770000457763672,19.469999313354492,3.5750004577636716,2.0,2.469999999999999,expiry_intrinsic,0.1,1.9500000000000002,-58.94999999999989,-0.020327586206896512,fold_5,logreg,0.851063829787234
EPAM,2025-06-30,2025-08-07,1.0,183.31,177.1,-13.95,-10.93,2.6122,2.66,2.58,15.0,2.6058,2.6043,2.6034,2.4769,2.0,0.0,3.0,1.0,1333357170.0,1341085000.0,1324320000.0,14.0,18526.86,17589.25,336.03,359.21,11.69,-72.47,2.02,-2.03,-15.14,-1.0,-10.13,-1.55,-1.85,150.0,160.0,150.0,2025-08-15,8.899999999999999,9.0,17.9,11.933333333333332,10.45,1.025,11.475,157.71,7.710000000000008,0.86364,1.02949,0.946565,0.370965,60.80934748274023,-0.439015,20.0,46.0,0.2418952618453865,9.0,6.666666666666665,1,5.266666666666667,2025-08-06,633.0,627.4578247070312,0.13195,0.138260294117647,0.1475095238095237,0.006310294117647,0.0155595238095237,0,0.17097,0.11244,0.05853,0.0097549999999999,0.2295814641194957,0.1087932236101431,0.3625498007968127,0.194010277887833,0.1009576033015045,0.0309923966984954,1.9217005113367405,1.35,0.7466220669268334,0.8596506467403161,-0.4007149031012654,-0.002647861831925,0.0200535494255602,-0.0067805741025197,1,16.770000457763672,19.469999313354492,3.5750004577636716,17.9,7.710000000000008,expiry_intrinsic,0.895,1.9500000000000002,927.549999999999,0.0618366666666666,fold_5,logreg,0.851063829787234
DE,2025-07-31,2025-08-14,1.0,503.47,531.48,-4.89,-9.9,4.5859,5.6,3.7847,16.0,4.653,4.6219,4.6178,5.3113,3.0,0.0,4.0,0.0,10327149840.0,10694000000.0,9789390000.0,9.0,16780.48,15908.82,1003.23,2290.83,-16.48,51.6,-20.63,-22.16,108.15,-17.91,-22.4,0.31,-1.75,512.5,490.0,512.5,2025-08-15,14.025,13.175,27.200000000000003,5.307317073170732,0.01,23.525,23.535,488.8,23.69999999999999,0.88315,0.91242,0.897785,0.21975,75.52309294541566,-0.5707200000000001,113.0,129.0,1.534719198955159,2.0,4.390243902439028,1,0.9170731707317036,2025-08-13,645.0,639.4659423828125,0.11244,0.1290773529411764,0.1370573809523809,0.0166373529411764,0.0246173809523809,0,0.1417,0.10268,0.03902,0.0097499999999999,0.0,0.0502203398917064,0.1115537848605577,0.0858177802511765,0.1051197068275147,0.0073202931724852,0.8163814649139985,1.0,-1.3654272054435452,1.350375748468979,0.0423890565243091,0.0191377287890035,0.0365673339230656,0.0,1,14.489999771118164,18.329999923706055,3.2459997711181643,27.200000000000003,23.69999999999999,expiry_intrinsic,1.3600000000000003,1.9500000000000002,212.0500000000014,0.004137560975609783,fold_5,logreg,0.851063829787234
KEYS,2025-07-31,2025-08-19,0.0,162.45,162.47,0.63,0.62,1.6719,1.69,1.65,9.0,1.6717,1.672,1.6722,1.691,0.0,0.0,0.0,1.0,1318184560.0,1325121030.0,1315000000.0,9.0,3303.2,5034.27,-1444.14,1044.7,7.4,0.62,-0.93,20.57,75.26,53.96,16.95,-0.42,1.29,165.0,160.0,165.0,2025-09-19,7.25,7.2,14.45,8.757575757575758,2.125,7.9,10.025,178.15,13.150000000000006,0.37584,0.37584,0.37584,0.229505,38.93545125585355,-0.048775,267.0,69.0,0.9897810218978104,32.0,3.0303030303030276,1,5.72727272727273,2025-08-18,647.0,637.8893432617188,0.1159221428571428,0.1319449999999999,0.1393811904761905,0.0160228571428571,0.0234590476190476,0,0.1486714285714286,0.10268,0.0459914285714286,0.0097535714285714,0.0666283980483006,0.0606744223449311,0.147410358565737,0.0804540635175924,0.1044539670268181,0.0114681758303247,0.7702346383544836,0.97,-1.36077252703364,1.2223575236752138,-0.0361683861213691,0.0116053372277842,0.0250486769634676,-0.002558316317498,1,14.989999771118164,18.450000762939453,3.397785485403878,14.45,13.150000000000006,expiry_intrinsic,0.7225,1.9500000000000002,55.79999999999936,0.003381818181818143,fold_5,logreg,1.0
NDSN,2025-07-31,2025-08-20,1.0,214.3,195.84,-0.36,9.03,2.6366,2.69,2.57,10.0,2.6366,2.6366,2.6376,2.5757,0.0,0.0,0.0,1.0,723569000.0,733800000.0,709000000.0,10.0,3532.38,3516.79,154.15,264.74,4.96,10.97,1.42,3.42,17.48,0.4,0.08,-1.48,-1.21,220.0,220.0,220.0,2025-09-19,6.05,8.45,14.5,6.59090909090909,6.35,5.550000000000001,11.9,225.08,5.0800000000000125,0.26853,0.2978,0.283165,0.23926,15.505094203026504,-0.014635,152.0,108.0,0.1541850220264317,31.0,0.0,1,6.59090909090909,2025-08-19,643.0,634.4286499023438,0.1263728571428571,0.1322935714285714,0.1407754761904762,0.0059207142857142,0.014402619047619,0,0.1598257142857142,0.10268,0.0571457142857142,0.0048799999999999,0.2665955963754153,0.0920495362676245,0.2749003984063745,0.0519194458300157,0.1068819938655719,0.0194908632772851,0.4857641961219026,1.03,-0.9565643296245206,1.35622149817767,0.0630240660056262,-0.0044811607172615,0.0175580886413386,-0.0079696621058342,1,15.56999969482422,18.899999618530273,2.9327139805385034,14.5,5.0800000000000125,expiry_intrinsic,0.7250000000000001,1.9500000000000002,867.5499999999987,0.03943409090909085,fold_5,logreg,0.9020130829590687
A,2025-07-31,2025-08-27,1.0,119.54,113.28,-0.71,4.78,1.3677,1.39,1.3558,16.0,1.3669,1.3669,1.3653,1.3956,1.0,0.0,2.0,0.0,1665986310.0,1675000000.0,1659000000.0,13.0,5786.9,5721.7,77.97,168.6,6.04,-0.77,0.49,7.38,0.0,-16.97,-17.36,-2.5,-5.09,120.0,125.0,120.0,2025-09-19,3.75,5.15,8.9,7.416666666666667,6.7,1.2999999999999998,8.0,126.32,6.319999999999993,0.36609,0.36609,0.36609,0.26365,27.98219017181568,-0.0439,968.0,61.0,0.3004418262150221,24.0,4.166666666666674,1,3.249999999999993,2025-08-26,649.0,639.733642578125,0.1124357142857142,0.1249807142857142,0.136825,0.012545,0.0243892857142857,0,0.1500657142857143,0.0943142857142857,0.0557514285714285,0.0097542857142857,1.3666056249728771e-05,0.050207473328687,0.1075697211155378,0.1324696852767233,0.1185777799884574,-0.0061420657027431,1.1171543714987586,1.07,-0.8185506636225119,0.8249207921001592,-0.5256140493427826,0.0083618428590792,0.0129053824015474,-0.0002324531495303,1,14.619999885559082,17.899999618530273,3.3764284569876537,8.9,6.319999999999993,expiry_intrinsic,0.44500000000000006,1.9500000000000002,211.5500000000007,0.017629166666666723,fold_5,logreg,0.851063829787234
COO,2025-07-31,2025-08-27,1.0,72.91,79.96,1.64,-7.32,1.0676,1.09,1.04,15.0,1.068,1.0679,1.068,1.05,1.0,0.0,1.0,1.0,1063389680.0,1072744000.0,1054000000.0,14.0,2239.79,2249.61,65.01,140.29,6.33,3.9,5.9,12.94,4.35,1.59,14.29,0.79,1.29,75.0,65.0,75.0,2025-09-19,2.825,3.375,6.2,8.266666666666666,0.15,10.45,10.6,68.17,6.829999999999998,0.44414,0.36609,0.405115,0.283165,30.10256346963208,-0.068295,181.0,70.0,2.606741573033708,24.0,13.33333333333333,0,-5.066666666666665,2025-08-26,649.0,639.733642578125,0.1124357142857142,0.1249807142857142,0.136825,0.012545,0.0243892857142857,0,0.1500657142857143,0.0943142857142857,0.0557514285714285,0.0097542857142857,1.3666056249728771e-05,0.050207473328687,0.1075697211155378,0.1324696852767233,0.1185777799884574,-0.0061420657027431,1.1171543714987586,1.07,-0.8185506636225119,0.8249207921001592,-0.5256140493427826,0.0083618428590792,0.0129053824015474,-0.0002324531495303,1,14.619999885559082,17.899999618530273,3.3764284569876537,6.2,6.829999999999998,expiry_intrinsic,0.31000000000000005,1.9500000000000002,-95.94999999999982,-0.01279333333333331,fold_5,logreg,0.851063829787234
SJM,2025-07-31,2025-08-27,0.0,108.7,112.47,-2.79,-6.05,1.9263,2.08,1.82,14.0,1.8813,1.8999,1.9039,2.3851,5.0,0.0,9.0,0.0,2114005350.0,2153000000.0,2069000000.0,11.0,10854.26,10575.59,-125.11,772.62,-1.94,,10.2,5.24,15.49,-206.33,-299.73,3.25,-40.51,110.0,105.0,110.0,2025-09-19,3.85,3.25,7.1,6.454545454545454,0.925,4.05,4.975,108.78,1.2199999999999989,0.2978,0.32707,0.312435,0.2197549999999999,29.663770064173363,-0.08293,1348.0,240.0,0.5837170364169109,24.0,4.545454545454541,1,1.9090909090909127,2025-08-26,649.0,639.733642578125,0.1124357142857142,0.1249807142857142,0.136825,0.012545,0.0243892857142857,0,0.1500657142857143,0.0943142857142857,0.0557514285714285,0.0097542857142857,1.3666056249728771e-05,0.050207473328687,0.1075697211155378,0.1324696852767233,0.1185777799884574,-0.0061420657027431,1.1171543714987586,1.07,-0.8185506636225119,0.8249207921001592,-0.5256140493427826,0.0083618428590792,0.0129053824015474,-0.0002324531495303,1,14.619999885559082,17.899999618530273,3.3764284569876537,7.1,1.2199999999999989,expiry_intrinsic,0.355,1.9500000000000002,550.55,0.05005,fold_5,logreg,1.0
WSM,2025-07-31,2025-08-27,1.0,188.23,164.51,2.09,16.81,1.8102,1.9591,1.68,19.0,1.7852,1.7809,1.7777,1.7762,2.0,0.0,7.0,0.0,1827979890.0,1852210000.0,1793453000.0,17.0,15578.11,18396.46,-1209.17,1715.34,4.2,,-1.07,-61.67,-77.06,-7.21,-8.32,-3.63,-2.3,200.0,190.0,200.0,2025-09-19,9.9,11.6,21.5,10.75,2.175,13.95,16.125,198.25,1.75,0.52218,0.53194,0.52706,0.3417,35.16867149850111,-0.053655,285.0,1251.0,1.4471926787039326,24.0,5.000000000000004,1,5.749999999999996,2025-08-26,649.0,639.733642578125,0.1124357142857142,0.1249807142857142,0.136825,0.012545,0.0243892857142857,0,0.1500657142857143,0.0943142857142857,0.0557514285714285,0.0097542857142857,1.3666056249728771e-05,0.050207473328687,0.1075697211155378,0.1324696852767233,0.1185777799884574,-0.0061420657027431,1.1171543714987586,1.07,-0.8185506636225119,0.8249207921001592,-0.5256140493427826,0.0083618428590792,0.0129053824015474,-0.0002324531495303,1,14.619999885559082,17.899999618530273,3.3764284569876537,21.5,1.75,expiry_intrinsic,1.075,1.9500000000000002,1865.55,0.0932775,fold_5,logreg,1.0
LW,2025-08-31,2025-09-30,1.0,57.53,52.76,0.96,10.08,0.5335,0.63,0.438,8.0,0.531,0.538,0.523,0.7773,1.0,0.0,2.0,1.0,1615749940.0,1635279100.0,1599000000.0,7.0,1364.0,925.89,612.8,767.46,4.27,,-1.65,-8.33,-55.47,15.73,10.78,-0.54,1.03,55.0,62.5,55.0,2025-10-17,4.0,2.7,6.7,12.181818181818183,7.25,0.125,7.375,65.01,10.010000000000003,0.73681,0.6295,0.683155,0.31243,54.26660128374966,-0.2439,399.0,237.0,1.5838786436644854,18.0,13.636363636363647,0,-1.454545454545464,2025-09-29,666.0,659.9224243164062,0.1291614285714286,0.1417,0.14658,0.0125385714285713,0.0174185714285713,0,0.1584314285714285,0.11244,0.0459914285714285,0.0062742857142857,0.7203474870265785,0.1004213799388838,0.3625498007968127,0.0783062028006041,0.0759494725704496,0.053211956000979,1.0310302382675334,1.18,-0.1003943209285036,2.16190169345261,0.6597514402954284,-0.0047387392578681,0.025580977989813,-0.0047387392578681,1,16.1200008392334,18.760000228881836,3.2038579820905397,6.7,10.010000000000003,expiry_intrinsic,0.335,1.9500000000000002,-366.45000000000033,-0.06662727272727278,fold_5,logreg,0.851063829787234
PAYX,2025-08-31,2025-09-30,1.0,139.46,145.96,-9.1,-13.15,1.2029,1.22,1.1628,12.0,1.2042,1.2064,1.215,1.2257,1.0,0.0,1.0,4.0,1537436120.0,1545100000.0,1532341180.0,10.0,1501.09,1546.54,-14.85,74.47,4.84,,4.05,7.97,46.08,8.19,6.46,0.72,0.69,130.0,125.0,130.0,2025-10-17,3.95,3.925,7.875,6.0576923076923075,0.675,6.449999999999999,7.124999999999999,126.56,3.4399999999999977,0.39536,0.28804,0.3417,0.23926,29.979514193737195,-0.0438999999999999,2357.0,694.0,1.7583497053045187,18.0,3.846153846153843,1,2.211538461538464,2025-09-29,666.0,659.9224243164062,0.1291614285714286,0.1417,0.14658,0.0125385714285713,0.0174185714285713,0,0.1584314285714285,0.11244,0.0459914285714285,0.0062742857142857,0.7203474870265785,0.1004213799388838,0.3625498007968127,0.0783062028006041,0.0759494725704496,0.053211956000979,1.0310302382675334,1.18,-0.1003943209285036,2.16190169345261,0.6597514402954284,-0.0047387392578681,0.025580977989813,-0.0047387392578681,1,16.1200008392334,18.760000228881836,3.2038579820905397,7.875,3.4399999999999977,expiry_intrinsic,0.39375000000000004,1.9500000000000002,402.17500000000024,0.03093653846153848,fold_5,logreg,0.851063829787234
STLD,2025-09-30,2025-10-20,1.0,139.27,132.24,5.03,10.62,2.6307,2.69,2.6,10.0,2.6349,2.5788,2.6178,3.105,0.0,0.0,5.0,4.0,4762032360.0,4912768790.0,4562000000.0,8.0,46410.88,46475.98,67.68,260.57,-1.46,4.48,-5.79,-26.1,39.58,-22.56,-31.53,-3.18,-3.68,145.0,155.0,145.0,2025-11-21,6.05,7.65,13.7,9.448275862068964,12.9,3.25,16.15,158.16,13.159999999999997,0.3856,0.3856,0.3856,0.400235,-3.795383817427388,-0.0438999999999999,272.0,65.0,0.6777163904235728,35.0,6.896551724137923,1,2.551724137931042,2025-10-17,666.0,660.62841796875,0.166095,0.1702735714285714,0.166095,0.0041785714285714,0.0,0,0.2002399999999999,0.1417,0.0585399999999999,0.0048749999999999,0.5916751373098373,0.211303275612502,0.7928286852589641,0.1309378925294387,0.1292928364681499,0.03680216353185,1.0127234896087534,1.26,-0.3159114950438394,0.767803389493788,-0.3668648226399914,0.0174114706353449,0.0059976544737594,-0.0129547378917808,1,20.780000686645508,22.09000015258789,4.170500686645507,13.7,13.159999999999997,expiry_intrinsic,0.685,1.9500000000000002,-16.449999999999736,-0.0011344827586206715,fold_6,logreg,0.8
WRB,2025-09-30,2025-10-20,0.0,73.39,68.54,0.12,7.21,1.1028,1.17,1.04,15.0,1.0955,1.0495,1.0473,1.066,5.0,0.0,6.0,1.0,3152988000.0,3173100000.0,3146000000.0,4.0,-4537.12,-4799.71,27.75,202.25,10.77,3.48,11.56,0.96,3.96,18.58,7.01,-2.65,-0.5,75.0,75.0,75.0,2025-11-21,2.175,2.675,4.85,6.466666666666667,2.15,1.7000000000000002,3.85,78.1,3.0999999999999943,0.26853,0.24902,0.258775,0.2197549999999999,15.078736353975462,-0.0195149999999999,129.0,5.0,0.0950226244343891,35.0,0.0,1,6.466666666666667,2025-10-17,666.0,660.62841796875,0.166095,0.1702735714285714,0.166095,0.0041785714285714,0.0,0,0.2002399999999999,0.1417,0.0585399999999999,0.0048749999999999,0.5916751373098373,0.211303275612502,0.7928286852589641,0.1309378925294387,0.1292928364681499,0.03680216353185,1.0127234896087534,1.26,-0.3159114950438394,0.767803389493788,-0.3668648226399914,0.0174114706353449,0.0059976544737594,-0.0129547378917808,1,20.780000686645508,22.09000015258789,4.170500686645507,4.85,3.0999999999999943,expiry_intrinsic,0.2425,1.9500000000000002,148.80000000000055,0.019840000000000073,fold_6,logreg,0.8
PNR,2025-09-30,2025-10-21,1.0,110.3,103.63,-1.16,5.2,1.1807,1.202,1.16,18.0,1.1807,1.1807,1.1807,1.1754,0.0,0.0,1.0,2.0,1005273770.0,1019000000.0,991900000.0,18.0,4950.5,5754.47,-248.34,595.53,2.17,11.15,-0.28,-26.23,-18.92,-20.57,0.24,0.83,-0.42,110.0,110.0,110.0,2025-11-21,4.4,5.7,10.1,9.181818181818183,3.175,3.5999999999999996,6.7749999999999995,104.79,5.209999999999994,0.35633,0.42462,0.390475,0.27341,29.98015237851336,-0.0877999999999999,1663.0,443.0,0.7967781908302355,32.0,0.0,1,9.181818181818183,2025-10-20,673.0,667.499267578125,0.14658,0.15146,0.1521571428571428,0.00488,0.0055771428571428,0,0.1779414285714285,0.12219,0.0557514285714285,0.0034857142857143,0.3583039352187986,0.152715380903876,0.6414342629482072,0.1053748296670679,0.1330475191523701,0.0135324808476298,0.7920089779831928,1.79,3.3000160813684625,1.4345563050969712,-0.2410923127045109,0.012457805416941,0.0114509185900202,-0.002688997924911,1,18.229999542236328,20.309999465942383,3.5719995422363287,10.100000000000001,5.209999999999994,expiry_intrinsic,0.5050000000000001,1.9500000000000002,436.5500000000008,0.03968636363636371,fold_6,logreg,0.8
PCAR,2025-09-30,2025-10-21,0.0,99.46,101.11,0.39,-1.25,1.1482,1.2002,1.05,10.0,1.1854,1.1956,1.1956,1.2831,1.0,0.0,0.0,3.0,6007750000.0,6279000000.0,5650000000.0,8.0,-13937.12,-12181.01,-846.72,1026.5,-14.39,0.89,-7.31,-35.68,42.71,-38.34,-34.72,-2.76,-3.48,98.8,100.0,100.0,2025-11-21,3.0,5.55,8.55,8.653846153846155,3.1,2.825,5.925000000000001,102.99,2.989999999999995,0.34658,0.37584,0.36121,0.26365,27.009219013870055,-0.053655,341.0,256.0,0.6548223350253807,32.0,1.2145748987854257,1,7.43927125506073,2025-10-20,673.0,667.499267578125,0.14658,0.15146,0.1521571428571428,0.00488,0.0055771428571428,0,0.1779414285714285,0.12219,0.0557514285714285,0.0034857142857143,0.3583039352187986,0.152715380903876,0.6414342629482072,0.1053748296670679,0.1330475191523701,0.0135324808476298,0.7920089779831928,1.79,3.3000160813684625,1.4345563050969712,-0.2410923127045109,0.012457805416941,0.0114509185900202,-0.002688997924911,1,18.229999542236328,20.309999465942383,3.5719995422363287,8.55,2.989999999999995,expiry_intrinsic,0.42750000000000005,1.9500000000000002,511.3000000000006,0.051751012145749044,fold_6,logreg,0.8
OMC,2025-09-30,2025-10-21,1.0,75.01,77.88,4.93,1.07,2.1736,2.1821,2.17,4.0,2.1696,2.1565,2.1565,2.1584,0.0,0.0,1.0,2.0,4019107080.0,4037000000.0,3996900000.0,4.0,10797.09,10496.3,220.16,87.86,4.2,8.81,5.91,5.13,20.59,-12.15,-7.06,-0.23,-1.59,77.5,82.5,77.5,2025-11-21,3.175,2.8,5.975,7.709677419354838,5.35,1.325,6.675,74.87,2.6299999999999955,0.28804,0.35633,0.322185,0.31731,1.5131058242935016,0.058535,60.0,94.0,0.5302166476624858,32.0,6.451612903225801,1,1.2580645161290374,2025-10-20,673.0,667.499267578125,0.14658,0.15146,0.1521571428571428,0.00488,0.0055771428571428,0,0.1779414285714285,0.12219,0.0557514285714285,0.0034857142857143,0.3583039352187986,0.152715380903876,0.6414342629482072,0.1053748296670679,0.1330475191523701,0.0135324808476298,0.7920089779831928,1.79,3.3000160813684625,1.4345563050969712,-0.2410923127045109,0.012457805416941,0.0114509185900202,-0.002688997924911,1,18.229999542236328,20.309999465942383,3.5719995422363287,5.975,2.6299999999999955,expiry_intrinsic,0.29875,1.9500000000000002,302.6750000000004,0.03905483870967747,fold_6,logreg,0.8
NDAQ,2025-09-30,2025-10-21,1.0,89.57,88.28,0.85,2.32,0.8477,0.87,0.77,16.0,0.8368,0.8318,0.828,0.8073,9.0,0.0,11.0,1.0,1301077850.0,1317000000.0,1228000000.0,11.0,-39861.28,-39998.91,80.06,29.09,16.63,0.0,22.78,23.19,7.59,34.57,34.28,-0.32,3.58,90.0,87.5,90.0,2025-11-21,2.6,3.95,6.550000000000001,7.277777777777779,1.325,3.5999999999999996,4.925,87.66,2.3400000000000034,0.28804,0.33682,0.31243,0.24414,21.85769612393176,-0.0731649999999999,162.0,454.0,0.6512096774193549,32.0,2.777777777777779,1,4.5,2025-10-20,673.0,667.499267578125,0.14658,0.15146,0.1521571428571428,0.00488,0.0055771428571428,0,0.1779414285714285,0.12219,0.0557514285714285,0.0034857142857143,0.3583039352187986,0.152715380903876,0.6414342629482072,0.1053748296670679,0.1330475191523701,0.0135324808476298,0.7920089779831928,1.79,3.3000160813684625,1.4345563050969712,-0.2410923127045109,0.012457805416941,0.0114509185900202,-0.002688997924911,1,18.229999542236328,20.309999465942383,3.5719995422363287,6.550000000000001,2.3400000000000034,expiry_intrinsic,0.32750000000000007,1.9500000000000002,386.2999999999997,0.042922222222222195,fold_6,logreg,0.8
GPC,2025-09-30,2025-10-21,0.0,137.33,134.68,-2.05,-0.13,1.9911,2.0345,1.8568,10.0,1.9911,2.0073,2.0073,2.0441,1.0,0.0,1.0,1.0,6124728410.0,6190000000.0,6051604070.0,10.0,7667.68,7311.33,110.19,98.45,3.39,5.09,2.03,-13.93,20.0,-1.09,-1.27,1.14,-0.33,130.0,135.0,130.0,2025-11-21,6.35,3.9,10.25,7.884615384615384,6.45,2.525,8.975,128.56,1.4399999999999975,0.33682,0.31731,0.327065,0.2148749999999999,34.302050051213065,-0.06341,291.0,27.0,0.2938728323699422,32.0,3.8461538461538542,1,4.038461538461529,2025-10-20,673.0,667.499267578125,0.14658,0.15146,0.1521571428571428,0.00488,0.0055771428571428,0,0.1779414285714285,0.12219,0.0557514285714285,0.0034857142857143,0.3583039352187986,0.152715380903876,0.6414342629482072,0.1053748296670679,0.1330475191523701,0.0135324808476298,0.7920089779831928,1.79,3.3000160813684625,1.4345563050969712,-0.2410923127045109,0.012457805416941,0.0114509185900202,-0.002688997924911,1,18.229999542236328,20.309999465942383,3.5719995422363287,10.25,1.4399999999999975,expiry_intrinsic,0.5125000000000001,1.9500000000000002,827.8000000000003,0.0636769230769231,fold_6,logreg,0.8
ELV,2025-09-30,2025-10-21,1.0,313.71,296.6,11.49,17.92,4.9422,5.94,4.4734,20.0,4.9497,4.9363,4.9357,5.1947,1.0,0.0,2.0,2.0,49499550670.0,50347041000.0,48649000000.0,11.0,13170.69,13092.01,944.05,1290.23,14.04,1.81,6.73,-12.65,-26.15,-16.33,-23.24,0.0,-2.24,360.0,350.0,360.0,2025-11-21,17.45,21.4,38.849999999999994,10.791666666666664,7.9,21.9,29.799999999999997,321.73,38.26999999999998,0.46365,0.45389,0.45877,0.331945,27.64457135383744,-0.06341,524.0,1273.0,1.1233926128590972,32.0,2.777777777777779,1,8.013888888888886,2025-10-20,673.0,667.499267578125,0.14658,0.15146,0.1521571428571428,0.00488,0.0055771428571428,0,0.1779414285714285,0.12219,0.0557514285714285,0.0034857142857143,0.3583039352187986,0.152715380903876,0.6414342629482072,0.1053748296670679,0.1330475191523701,0.0135324808476298,0.7920089779831928,1.79,3.3000160813684625,1.4345563050969712,-0.2410923127045109,0.012457805416941,0.0114509185900202,-0.002688997924911,1,18.229999542236328,20.309999465942383,3.5719995422363287,38.849999999999994,38.26999999999998,expiry_intrinsic,1.9425,1.9500000000000002,-138.19999999999874,-0.003838888888888854,fold_6,logreg,0.8
CB,2025-09-30,2025-10-21,1.0,273.89,270.15,-1.69,-0.33,6.1505,6.83,4.88,21.0,6.1505,5.4752,5.4597,5.5367,7.0,0.0,13.0,1.0,12944166670.0,13132000000.0,12809000000.0,6.0,21616.03,19819.62,1567.37,926.0,6.93,10.52,9.78,14.13,66.85,33.79,95.99,1.22,11.33,270.0,275.0,270.0,2025-11-21,6.3,7.2,13.5,5.0,10.65,3.45,14.099999999999998,298.29,28.29000000000002,0.21,0.21,0.21,0.18073,13.938095238095231,-0.0243949999999999,491.0,14.0,1.2387387387387387,32.0,1.85185185185186,1,3.14814814814814,2025-10-20,673.0,667.499267578125,0.14658,0.15146,0.1521571428571428,0.00488,0.0055771428571428,0,0.1779414285714285,0.12219,0.0557514285714285,0.0034857142857143,0.3583039352187986,0.152715380903876,0.6414342629482072,0.1053748296670679,0.1330475191523701,0.0135324808476298,0.7920089779831928,1.79,3.3000160813684625,1.4345563050969712,-0.2410923127045109,0.012457805416941,0.0114509185900202,-0.002688997924911,1,18.229999542236328,20.309999465942383,3.5719995422363287,13.5,28.29000000000002,expiry_intrinsic,0.675,1.9500000000000002,-1548.450000000002,-0.057350000000000075,fold_6,logreg,0.8
AVY,2025-09-30,2025-10-22,0.0,163.2,178.45,9.71,0.33,2.3255,2.35,2.3,10.0,2.3244,2.3475,2.3589,2.4054,0.0,0.0,1.0,1.0,2218325960.0,2237000000.0,2198377000.0,10.0,9313.63,9432.52,-240.79,244.09,-0.66,3.36,3.09,0.0,5.22,6.96,-0.73,-0.87,-0.01,165.0,185.0,165.0,2025-11-21,5.25,6.2,11.45,6.939393939393939,22.9,0.525,23.424999999999997,170.46,5.460000000000008,0.2978,0.2978,0.2978,0.239265,19.655809267965076,-0.039025,2028.0,31.0,0.2084942084942085,31.0,12.12121212121211,0,-5.181818181818172,2025-10-21,672.0,667.4892578125,0.1417,0.1510533333333333,0.1525057142857142,0.0093533333333333,0.0108057142857142,0,0.18073,0.12219,0.05854,0.0097599999999999,0.2940608984021704,0.1380646544791722,0.5816733067729084,0.1030274440244827,0.1321824346400119,0.009517565359988,0.7794336993797212,1.41,0.6360321929123965,0.7293976527674388,-0.3711155429452148,0.0136809909324202,0.0066731721542181,-0.0027039535209257,1,17.8700008392334,19.989999771118164,3.7000008392333985,11.45,5.460000000000008,expiry_intrinsic,0.5725,1.9500000000000002,539.7999999999992,0.03271515151515146,fold_6,logreg,0.8
FE,2025-09-30,2025-10-22,1.0,43.33,41.4,9.14,14.23,0.7683,0.8,0.7327,8.0,0.7526,0.7884,0.8002,0.83,2.0,0.0,2.0,3.0,3943693340.0,3969667000.0,3912000000.0,5.0,3272.78,3016.09,201.0,124.13,3.05,-10.23,6.2,-7.14,-22.39,18.98,52.72,-2.53,6.21,47.0,46.0,47.0,2025-11-21,1.0499999999999998,1.25,2.3,4.8936170212765955,0.6499999999999999,1.35,2.0,46.89,0.1099999999999994,0.17097,0.24902,0.209995,0.20512,2.3214838448534443,-0.0243849999999999,717.0,2.0,0.7323232323232324,31.0,2.127659574468088,1,2.7659574468085073,2025-10-21,672.0,667.4892578125,0.1417,0.1510533333333333,0.1525057142857142,0.0093533333333333,0.0108057142857142,0,0.18073,0.12219,0.05854,0.0097599999999999,0.2940608984021704,0.1380646544791722,0.5816733067729084,0.1030274440244827,0.1321824346400119,0.009517565359988,0.7794336993797212,1.41,0.6360321929123965,0.7293976527674388,-0.3711155429452148,0.0136809909324202,0.0066731721542181,-0.0027039535209257,1,17.8700008392334,19.989999771118164,3.7000008392333985,2.3,0.1099999999999994,expiry_intrinsic,0.11499999999999999,1.9500000000000002,205.55000000000004,0.0437340425531915,fold_6,logreg,0.8
APH,2025-09-30,2025-10-22,1.0,123.69,104.46,4.24,23.43,0.7984,0.83,0.78,16.0,0.7986,0.7956,0.7956,0.6938,0.0,0.0,3.0,0.0,5556211940.0,5763000000.0,5416000000.0,16.0,-7982.34,-8634.35,366.54,101.1,56.53,17.45,31.4,84.09,28.57,94.19,86.11,2.73,4.02,125.0,135.0,125.0,2025-11-21,6.9,7.25,14.15,11.32,12.95,1.975,14.925,131.6,6.599999999999994,0.48316,0.49292,0.48804,0.3856,20.990082780099996,-0.082925,3199.0,771.0,0.526589062892555,31.0,8.000000000000007,1,3.319999999999993,2025-10-21,672.0,667.4892578125,0.1417,0.1510533333333333,0.1525057142857142,0.0093533333333333,0.0108057142857142,0,0.18073,0.12219,0.05854,0.0097599999999999,0.2940608984021704,0.1380646544791722,0.5816733067729084,0.1030274440244827,0.1321824346400119,0.009517565359988,0.7794336993797212,1.41,0.6360321929123965,0.7293976527674388,-0.3711155429452148,0.0136809909324202,0.0066731721542181,-0.0027039535209257,1,17.8700008392334,19.989999771118164,3.7000008392333985,14.15,6.599999999999994,expiry_intrinsic,0.7075,1.9500000000000002,682.3000000000006,0.05458400000000005,fold_6,logreg,0.8
GL,2025-09-30,2025-10-22,1.0,145.25,131.52,-6.62,3.12,4.5427,4.76,4.0,11.0,4.5427,4.505,4.4301,3.844,1.0,0.0,2.0,1.0,1519282000.0,1523000000.0,1514000000.0,4.0,3687.01,3998.25,120.26,496.48,2.85,0.06,5.24,10.1,6.51,-1.57,-2.83,-51.68,-1.4,135.0,135.0,135.0,2025-11-21,5.85,4.05,9.9,7.333333333333332,3.875,3.475,7.35,132.42,2.5800000000000125,0.32707,0.2978,0.312435,0.24414,21.85894666090547,-0.043905,285.0,0.0,0.2386363636363636,31.0,0.0,1,7.333333333333332,2025-10-21,672.0,667.4892578125,0.1417,0.1510533333333333,0.1525057142857142,0.0093533333333333,0.0108057142857142,0,0.18073,0.12219,0.05854,0.0097599999999999,0.2940608984021704,0.1380646544791722,0.5816733067729084,0.1030274440244827,0.1321824346400119,0.009517565359988,0.7794336993797212,1.41,0.6360321929123965,0.7293976527674388,-0.3711155429452148,0.0136809909324202,0.0066731721542181,-0.0027039535209257,1,17.8700008392334,19.989999771118164,3.7000008392333985,9.899999999999999,2.5800000000000125,expiry_intrinsic,0.49499999999999994,1.9500000000000002,680.5499999999986,0.050411111111111004,fold_6,logreg,0.8
CCI,2025-09-30,2025-10-22,1.0,94.28,113.91,3.63,-14.23,0.49,0.49,0.49,1.0,0.49,0.49,0.5139,0.5686,0.0,0.0,0.0,3.0,1052885770.0,1066000000.0,1026400000.0,15.0,-58129.28,-33335.12,-1195.68,23334.31,-4.25,-0.09,-4.86,15.59,163.26,1.04,2.22,-1.48,3.02,100.0,97.5,100.0,2025-11-21,2.8,3.5999999999999996,6.3999999999999995,6.4,1.95,3.35,5.300000000000001,90.01,9.989999999999997,0.28804,0.26853,0.278285,0.239265,14.021596564672906,-0.014635,1477.0,177.0,0.2608471074380165,31.0,2.500000000000002,1,3.899999999999998,2025-10-21,672.0,667.4892578125,0.1417,0.1510533333333333,0.1525057142857142,0.0093533333333333,0.0108057142857142,0,0.18073,0.12219,0.05854,0.0097599999999999,0.2940608984021704,0.1380646544791722,0.5816733067729084,0.1030274440244827,0.1321824346400119,0.009517565359988,0.7794336993797212,1.41,0.6360321929123965,0.7293976527674388,-0.3711155429452148,0.0136809909324202,0.0066731721542181,-0.0027039535209257,1,17.8700008392334,19.989999771118164,3.7000008392333985,6.3999999999999995,9.989999999999997,expiry_intrinsic,0.32,1.9500000000000002,-392.9499999999997,-0.03929499999999997,fold_6,logreg,0.8
LII,2025-09-30,2025-10-22,1.0,533.83,664.54,-7.64,-25.8,6.8415,7.41,5.85,19.0,7.0239,7.1457,7.3282,7.1206,0.0,0.0,1.0,11.0,1483440560.0,1557708000.0,1416000000.0,16.0,27167.68,23800.71,944.93,1167.43,3.43,39.93,6.4,14.49,132.05,10.27,10.59,1.17,1.53,550.0,500.0,550.0,2025-11-21,28.15,26.35,54.5,9.909090909090908,2.8,56.9,59.7,465.12,84.88,0.43438,0.42462,0.4295,0.31731,26.12107101280559,-0.0682899999999999,10.0,10.0,0.7402376910016978,31.0,9.090909090909092,1,0.8181818181818148,2025-10-21,672.0,667.4892578125,0.1417,0.1510533333333333,0.1525057142857142,0.0093533333333333,0.0108057142857142,0,0.18073,0.12219,0.05854,0.0097599999999999,0.2940608984021704,0.1380646544791722,0.5816733067729084,0.1030274440244827,0.1321824346400119,0.009517565359988,0.7794336993797212,1.41,0.6360321929123965,0.7293976527674388,-0.3711155429452148,0.0136809909324202,0.0066731721542181,-0.0027039535209257,1,17.8700008392334,19.989999771118164,3.7000008392333985,54.5,84.88,expiry_intrinsic,2.725,1.9500000000000002,-3312.4499999999994,-0.060226363636363626,fold_6,logreg,0.8
CME,2025-09-30,2025-10-22,1.0,261.08,277.18,2.58,-3.38,2.628,2.67,2.56,14.0,2.6369,2.7032,2.706,2.7816,1.0,0.0,4.0,10.0,1529904530.0,1538676240.0,1518000000.0,10.0,5098.3,4930.15,85.93,86.02,10.41,3.03,11.19,15.62,5.71,13.99,12.86,0.26,1.45,270.0,270.0,270.0,2025-11-21,7.550000000000001,8.7,16.25,6.018518518518518,6.0,5.85,11.85,273.09,3.089999999999975,0.24902,0.26853,0.258775,0.209995,18.85035262293498,-0.0341449999999999,1822.0,133.0,0.4347357065803667,31.0,0.0,1,6.018518518518518,2025-10-21,672.0,667.4892578125,0.1417,0.1510533333333333,0.1525057142857142,0.0093533333333333,0.0108057142857142,0,0.18073,0.12219,0.05854,0.0097599999999999,0.2940608984021704,0.1380646544791722,0.5816733067729084,0.1030274440244827,0.1321824346400119,0.009517565359988,0.7794336993797212,1.41,0.6360321929123965,0.7293976527674388,-0.3711155429452148,0.0136809909324202,0.0066731721542181,-0.0027039535209257,1,17.8700008392334,19.989999771118164,3.7000008392333985,16.25,3.089999999999975,expiry_intrinsic,0.8125,1.9500000000000002,1232.8000000000025,0.04565925925925935,fold_6,logreg,0.8
WAB,2025-09-30,2025-10-22,1.0,197.96,200.7,-2.29,-3.62,2.2755,2.3498,2.19,10.0,2.2846,2.2695,2.2707,2.1783,1.0,0.0,5.0,0.0,2882191880.0,2951000000.0,2852000000.0,8.0,13244.7,12321.15,486.63,418.08,2.34,3.68,5.75,15.82,-0.44,11.3,9.77,1.6,1.18,200.0,200.0,200.0,2025-11-21,6.4,7.9,14.3,7.15,3.6,6.05,9.65,200.22,0.2199999999999988,0.30755,0.31731,0.31243,0.21,32.78494382741734,-0.0438999999999999,44.0,44.0,0.3383838383838384,31.0,0.0,1,7.15,2025-10-21,672.0,667.4892578125,0.1417,0.1510533333333333,0.1525057142857142,0.0093533333333333,0.0108057142857142,0,0.18073,0.12219,0.05854,0.0097599999999999,0.2940608984021704,0.1380646544791722,0.5816733067729084,0.1030274440244827,0.1321824346400119,0.009517565359988,0.7794336993797212,1.41,0.6360321929123965,0.7293976527674388,-0.3711155429452148,0.0136809909324202,0.0066731721542181,-0.0027039535209257,1,17.8700008392334,19.989999771118164,3.7000008392333985,14.3,0.2199999999999988,expiry_intrinsic,0.7150000000000001,1.9500000000000002,1334.5500000000002,0.06672750000000001,fold_6,logreg,0.8
ORLY,2025-09-30,2025-10-22,1.0,103.45,98.16,-2.17,3.11,0.8304,0.86,0.81,20.0,0.8318,0.832,0.832,0.8245,0.0,0.0,0.0,1.0,4691134370.0,4749000000.0,4635000000.0,23.0,-344965.57,-330386.77,-6918.69,9003.99,5.92,9.38,5.2,11.43,25.81,6.54,5.93,0.66,0.0,101.33,98.67,101.33,2025-11-21,3.5,3.4000000000000004,6.9,6.809434520872397,1.95,4.3,6.25,100.43,0.8999999999999915,0.28804,0.30755,0.297795,0.278285,6.551486761026889,-0.029265,1014.0,68.0,0.5733082706766918,31.0,2.625086351524719,1,4.184348169347678,2025-10-21,672.0,667.4892578125,0.1417,0.1510533333333333,0.1525057142857142,0.0093533333333333,0.0108057142857142,0,0.18073,0.12219,0.05854,0.0097599999999999,0.2940608984021704,0.1380646544791722,0.5816733067729084,0.1030274440244827,0.1321824346400119,0.009517565359988,0.7794336993797212,1.41,0.6360321929123965,0.7293976527674388,-0.3711155429452148,0.0136809909324202,0.0066731721542181,-0.0027039535209257,1,17.8700008392334,19.989999771118164,3.7000008392333985,6.9,0.8999999999999915,expiry_intrinsic,0.34500000000000003,1.9500000000000002,563.5500000000009,0.05561531629329921,fold_6,logreg,0.8
MCO,2025-09-30,2025-10-22,1.0,488.29,513.09,-3.17,-7.85,3.6837,4.1,3.36,21.0,3.5863,3.4665,3.4545,3.4655,7.0,0.0,14.0,1.0,1947728250.0,2010600000.0,1881000000.0,20.0,20958.85,20121.45,521.4,209.34,4.46,-1.35,15.76,8.54,-7.05,6.83,6.57,-0.43,0.89,490.0,480.0,490.0,2025-11-21,15.15,17.5,32.65,6.663265306122448,8.15,17.4,25.549999999999997,479.65,10.350000000000025,0.2978,0.27829,0.288045,0.234385,18.629033657935388,-0.0487849999999999,25.0,65.0,1.381188118811881,31.0,2.0408163265306145,1,4.622448979591834,2025-10-21,672.0,667.4892578125,0.1417,0.1510533333333333,0.1525057142857142,0.0093533333333333,0.0108057142857142,0,0.18073,0.12219,0.05854,0.0097599999999999,0.2940608984021704,0.1380646544791722,0.5816733067729084,0.1030274440244827,0.1321824346400119,0.009517565359988,0.7794336993797212,1.41,0.6360321929123965,0.7293976527674388,-0.3711155429452148,0.0136809909324202,0.0066731721542181,-0.0027039535209257,1,17.8700008392334,19.989999771118164,3.7000008392333985,32.65,10.350000000000025,expiry_intrinsic,1.6325,1.9500000000000002,2064.799999999998,0.04213877551020404,fold_6,logreg,0.8
MOH,2025-09-30,2025-10-22,0.0,181.87,158.22,7.29,23.33,3.8925,4.35,2.89,17.0,3.8982,3.9051,4.0164,5.6551,0.0,0.0,0.0,1.0,10983598130.0,11328000000.0,10606000000.0,12.0,19084.0,20020.26,-1785.2,2364.11,15.66,2.51,17.83,-6.48,-9.87,-10.21,-14.06,-2.08,-1.13,200.0,160.0,200.0,2025-11-21,12.7,14.75,27.45,13.724999999999998,0.7250000000000001,38.35,39.075,141.56,58.44,0.60999,0.58072,0.5953550000000001,0.45877,22.941774235540148,-0.048785,506.0,114.0,2.622159090909091,31.0,19.999999999999996,0,-6.274999999999999,2025-10-21,672.0,667.4892578125,0.1417,0.1510533333333333,0.1525057142857142,0.0093533333333333,0.0108057142857142,0,0.18073,0.12219,0.05854,0.0097599999999999,0.2940608984021704,0.1380646544791722,0.5816733067729084,0.1030274440244827,0.1321824346400119,0.009517565359988,0.7794336993797212,1.41,0.6360321929123965,0.7293976527674388,-0.3711155429452148,0.0136809909324202,0.0066731721542181,-0.0027039535209257,1,17.8700008392334,19.989999771118164,3.7000008392333985,27.45,58.44,expiry_intrinsic,1.3725,1.9500000000000002,-3238.1999999999994,-0.16190999999999997,fold_6,logreg,0.8
NTRS,2025-09-30,2025-10-22,1.0,131.78,128.76,-4.78,-2.55,2.2417,2.37,2.1,13.0,2.2112,2.1963,2.1828,2.0755,4.0,0.0,8.0,2.0,2030960340.0,2072000000.0,1991900000.0,9.0,7746.08,6946.37,238.08,270.83,-23.39,2.49,14.16,-50.92,12.11,-43.84,-51.87,-2.58,-9.28,130.0,125.0,130.0,2025-11-21,4.800000000000001,5.5,10.3,7.923076923076923,1.95,6.95,8.9,127.13,2.8700000000000045,0.35633,0.32707,0.3417,0.27341,19.98536728124086,-0.02439,90.0,18.0,1.1314199395770392,31.0,3.846153846153843,1,4.07692307692308,2025-10-21,672.0,667.4892578125,0.1417,0.1510533333333333,0.1525057142857142,0.0093533333333333,0.0108057142857142,0,0.18073,0.12219,0.05854,0.0097599999999999,0.2940608984021704,0.1380646544791722,0.5816733067729084,0.1030274440244827,0.1321824346400119,0.009517565359988,0.7794336993797212,1.41,0.6360321929123965,0.7293976527674388,-0.3711155429452148,0.0136809909324202,0.0066731721542181,-0.0027039535209257,1,17.8700008392334,19.989999771118164,3.7000008392333985,10.3,2.8700000000000045,expiry_intrinsic,0.515,1.9500000000000002,689.5499999999996,0.05304230769230766,fold_6,logreg,0.8
PKG,2025-09-30,2025-10-22,0.0,212.71,205.93,-1.87,1.36,2.8172,2.89,2.7252,8.0,2.8105,2.8484,2.832,2.9176,1.0,0.0,2.0,3.0,2314836410.0,2373331830.0,2241491540.0,7.0,16210.72,15878.56,84.22,312.07,4.63,1.42,7.86,12.73,7.36,16.94,20.91,1.15,2.07,210.0,210.0,210.0,2025-11-21,7.0,7.5,14.5,6.904761904761905,8.0,4.2,12.2,197.31,12.689999999999998,0.30755,0.28804,0.297795,0.24902,16.378716902567213,-0.0439,201.0,5.0,1.4285714285714286,31.0,0.0,1,6.904761904761905,2025-10-21,672.0,667.4892578125,0.1417,0.1510533333333333,0.1525057142857142,0.0093533333333333,0.0108057142857142,0,0.18073,0.12219,0.05854,0.0097599999999999,0.2940608984021704,0.1380646544791722,0.5816733067729084,0.1030274440244827,0.1321824346400119,0.009517565359988,0.7794336993797212,1.41,0.6360321929123965,0.7293976527674388,-0.3711155429452148,0.0136809909324202,0.0066731721542181,-0.0027039535209257,1,17.8700008392334,19.989999771118164,3.7000008392333985,14.5,12.689999999999998,expiry_intrinsic,0.7250000000000001,1.9500000000000002,106.55000000000021,0.005073809523809534,fold_6,logreg,0.8
DOC,2025-09-30,2025-10-23,0.0,18.89,17.6,-1.85,5.34,0.06,0.06,0.06,1.0,0.06,0.06,0.06,0.055,0.0,0.0,0.0,1.0,681011860.0,689915150.0,662000000.0,6.0,2119.04,2054.38,-357.76,516.15,-0.17,-1.22,18.78,-71.43,0.0,-21.09,14.83,-0.41,2.4,17.5,17.5,17.5,2025-11-21,1.375,0.2249999999999999,1.6,9.142857142857142,1.3250000000000002,0.15,1.475,17.84,0.3399999999999998,0.2978,0.31731,0.307555,0.22463,26.962657085724512,-0.063415,483.0,14.0,0.2785388127853881,30.0,0.0,1,9.142857142857142,2025-10-22,669.0,664.0191040039062,0.15146,0.15146,0.15634,0.0,0.0048799999999999,0,0.18073,0.12219,0.05854,-2.7755575615628914e-17,0.4117576123002713,0.1673661073285799,0.7091633466135459,0.1149796111641498,0.1320497102687697,0.0194102897312302,0.8707297496535512,1.23,-0.577578217917606,0.9752875992119088,-0.32515223918686,0.0039538804384426,0.0069208117015546,-0.0078887121271189,1,18.600000381469727,20.309999465942383,3.4540003814697258,1.5999999999999999,0.3399999999999998,expiry_intrinsic,0.08,1.9500000000000002,116.05,0.06631428571428571,fold_6,logreg,0.8
BKR,2025-09-30,2025-10-23,1.0,48.93,46.05,-0.08,6.17,0.6194,0.67,0.59,19.0,0.6172,0.6182,0.6168,0.6078,1.0,0.0,2.0,3.0,6830611390.0,6907000000.0,6776089000.0,17.0,1066.5,959.11,56.58,164.41,-3.21,7.52,5.19,10.53,57.5,13.86,4.72,2.5,0.98,47.0,47.0,47.0,2025-11-21,2.325,1.85,4.175000000000001,8.882978723404257,1.8,1.475,3.2750000000000004,48.88,1.8800000000000023,0.3856,0.3856,0.3856,0.312435,18.97432572614107,-0.0341449999999999,1924.0,26.0,0.0544235924932975,30.0,0.0,1,8.882978723404257,2025-10-22,669.0,664.0191040039062,0.15146,0.15146,0.15634,0.0,0.0048799999999999,0,0.18073,0.12219,0.05854,-2.7755575615628914e-17,0.4117576123002713,0.1673661073285799,0.7091633466135459,0.1149796111641498,0.1320497102687697,0.0194102897312302,0.8707297496535512,1.23,-0.577578217917606,0.9752875992119088,-0.32515223918686,0.0039538804384426,0.0069208117015546,-0.0078887121271189,1,18.600000381469727,20.309999465942383,3.4540003814697258,4.175000000000001,1.8800000000000023,expiry_intrinsic,0.20875000000000005,1.9500000000000002,206.6749999999998,0.04397340425531911,fold_6,logreg,0.8
CNP,2025-09-30,2025-10-23,1.0,38.8,38.36,2.06,3.23,0.4379,0.5,0.4,10.0,0.4358,0.4304,0.4247,0.4172,2.0,0.0,4.0,1.0,2054862630.0,2249907610.0,1873458650.0,6.0,5007.82,5071.86,42.03,99.25,2.05,-33.42,1.87,-19.44,-45.28,-5.32,-10.71,-4.49,-3.06,40.0,39.0,40.0,2025-11-21,1.05,1.05,2.1,5.250000000000001,0.65,1.2000000000000002,1.85,39.56,0.4399999999999977,0.21,0.01488,0.11244,0.209995,-86.76182853077195,0.11219,1258.0,121.0,0.3644314868804664,30.0,2.500000000000002,1,2.7499999999999987,2025-10-22,669.0,664.0191040039062,0.15146,0.15146,0.15634,0.0,0.0048799999999999,0,0.18073,0.12219,0.05854,-2.7755575615628914e-17,0.4117576123002713,0.1673661073285799,0.7091633466135459,0.1149796111641498,0.1320497102687697,0.0194102897312302,0.8707297496535512,1.23,-0.577578217917606,0.9752875992119088,-0.32515223918686,0.0039538804384426,0.0069208117015546,-0.0078887121271189,1,18.600000381469727,20.309999465942383,3.4540003814697258,2.1,0.4399999999999977,expiry_intrinsic,0.10500000000000001,1.9500000000000002,153.55000000000024,0.03838750000000006,fold_6,logreg,0.8
ALLE,2025-09-30,2025-10-23,1.0,177.44,165.39,-3.51,3.53,2.2431,2.57,2.17,11.0,2.2423,2.2359,2.2313,2.113,2.0,0.0,4.0,0.0,1050171230.0,1083800000.0,1038000000.0,10.0,13291.49,12492.52,357.8,221.14,5.84,8.5,4.28,4.08,9.68,4.94,5.12,1.29,-0.14,175.0,170.0,175.0,2025-11-21,7.15,5.55,12.7,7.257142857142856,1.525,8.2,9.725,162.87,12.129999999999995,0.32707,0.30755,0.31731,0.205115,35.358167092118116,-0.0780449999999999,6.0,1.0,0.1213235294117647,30.0,2.857142857142858,1,4.399999999999999,2025-10-22,669.0,664.0191040039062,0.15146,0.15146,0.15634,0.0,0.0048799999999999,0,0.18073,0.12219,0.05854,-2.7755575615628914e-17,0.4117576123002713,0.1673661073285799,0.7091633466135459,0.1149796111641498,0.1320497102687697,0.0194102897312302,0.8707297496535512,1.23,-0.577578217917606,0.9752875992119088,-0.32515223918686,0.0039538804384426,0.0069208117015546,-0.0078887121271189,1,18.600000381469727,20.309999465942383,3.4540003814697258,12.7,12.129999999999995,expiry_intrinsic,0.635,1.9500000000000002,-8.449999999999617,-0.000482857142857121,fold_6,logreg,0.8
HAS,2025-09-30,2025-10-23,1.0,74.82,74.98,4.17,3.95,1.6332,1.86,1.3961,12.0,1.6316,1.6116,1.5945,1.6173,1.0,0.0,5.0,1.0,1347494480.0,1402540000.0,1311000000.0,10.0,12955.36,10466.02,1004.37,619.78,-1.46,10.56,-11.8,6.56,25.0,-362.97,5.47,4.08,1.5,75.0,77.5,75.0,2025-11-21,3.7,3.4,7.1,9.466666666666669,3.6,1.5,5.1,79.2,4.200000000000003,0.40511,0.42462,0.414865,0.3417,17.635857447603446,-0.06829,352.0,1148.0,0.1023723568849922,30.0,3.3333333333333437,1,6.133333333333323,2025-10-22,669.0,664.0191040039062,0.15146,0.15146,0.15634,0.0,0.0048799999999999,0,0.18073,0.12219,0.05854,-2.7755575615628914e-17,0.4117576123002713,0.1673661073285799,0.7091633466135459,0.1149796111641498,0.1320497102687697,0.0194102897312302,0.8707297496535512,1.23,-0.577578217917606,0.9752875992119088,-0.32515223918686,0.0039538804384426,0.0069208117015546,-0.0078887121271189,1,18.600000381469727,20.309999465942383,3.4540003814697258,7.1,4.200000000000003,expiry_intrinsic,0.355,1.9500000000000002,252.5499999999997,0.03367333333333329,fold_6,logreg,0.8
TXT,2025-09-30,2025-10-23,1.0,83.01,79.5,-4.26,-0.04,1.4564,1.5019,1.34,13.0,1.4571,1.4576,1.4576,1.5626,2.0,0.0,2.0,1.0,3709253900.0,3867000000.0,3606000000.0,12.0,17372.0,16610.91,372.91,67.03,3.01,12.5,5.86,0.65,21.09,-2.45,2.08,-0.21,-0.08,82.5,82.5,82.5,2025-11-21,3.05,2.925,5.975,7.242424242424242,1.7999999999999998,2.7,4.5,81.33,1.1700000000000017,0.30755,0.32707,0.31731,0.24414,23.059468658409756,-0.0195099999999999,18.0,38.0,1.9234042553191488,30.0,0.0,1,7.242424242424242,2025-10-22,669.0,664.0191040039062,0.15146,0.15146,0.15634,0.0,0.0048799999999999,0,0.18073,0.12219,0.05854,-2.7755575615628914e-17,0.4117576123002713,0.1673661073285799,0.7091633466135459,0.1149796111641498,0.1320497102687697,0.0194102897312302,0.8707297496535512,1.23,-0.577578217917606,0.9752875992119088,-0.32515223918686,0.0039538804384426,0.0069208117015546,-0.0078887121271189,1,18.600000381469727,20.309999465942383,3.4540003814697258,5.975,1.1700000000000017,expiry_intrinsic,0.29875,1.9500000000000002,448.6749999999998,0.05438484848484846,fold_6,logreg,0.8
MHK,2025-09-30,2025-10-23,1.0,127.83,120.9,0.84,6.62,2.6396,2.75,2.56,18.0,2.639,2.6419,2.6452,2.7169,0.0,0.0,0.0,3.0,2730675930.0,2828859540.0,2675040000.0,17.0,18487.17,17757.07,280.89,130.25,0.03,10.94,-2.57,-7.67,82.24,-11.1,-11.82,-0.34,-0.91,130.0,120.0,130.0,2025-11-21,6.5,8.05,14.55,11.192307692307692,1.125,11.05,12.175,109.93,20.069999999999993,0.48316,0.50267,0.492915,0.395355,19.792459146100235,-0.0731699999999999,121.0,2.0,0.3522727272727273,30.0,7.692307692307687,1,3.500000000000006,2025-10-22,669.0,664.0191040039062,0.15146,0.15146,0.15634,0.0,0.0048799999999999,0,0.18073,0.12219,0.05854,-2.7755575615628914e-17,0.4117576123002713,0.1673661073285799,0.7091633466135459,0.1149796111641498,0.1320497102687697,0.0194102897312302,0.8707297496535512,1.23,-0.577578217917606,0.9752875992119088,-0.32515223918686,0.0039538804384426,0.0069208117015546,-0.0078887121271189,1,18.600000381469727,20.309999465942383,3.4540003814697258,14.55,20.069999999999993,expiry_intrinsic,0.7275,1.9500000000000002,-626.6999999999992,-0.04820769230769225,fold_6,logreg,0.8
VRSN,2025-09-30,2025-10-23,1.0,286.64,305.79,-12.58,-18.05,2.24,2.24,2.24,1.0,2.24,2.24,2.24,2.23,1.0,0.0,1.0,0.0,416848720.0,417448450.0,416249000.0,2.0,10908.0,10764.0,112.0,79.6,5.89,1.89,4.52,9.95,5.24,2.61,5.45,0.19,-0.29,250.0,250.0,250.0,2025-11-21,11.15,8.2,19.35,7.740000000000001,5.95,9.55,15.5,251.42,1.4199999999999875,0.33682,0.33682,0.33682,0.2831599999999999,15.931357995368458,-0.0438999999999999,65.0,43.0,1.2994100294985251,30.0,0.0,1,7.740000000000001,2025-10-22,669.0,664.0191040039062,0.15146,0.15146,0.15634,0.0,0.0048799999999999,0,0.18073,0.12219,0.05854,-2.7755575615628914e-17,0.4117576123002713,0.1673661073285799,0.7091633466135459,0.1149796111641498,0.1320497102687697,0.0194102897312302,0.8707297496535512,1.23,-0.577578217917606,0.9752875992119088,-0.32515223918686,0.0039538804384426,0.0069208117015546,-0.0078887121271189,1,18.600000381469727,20.309999465942383,3.4540003814697258,19.35,1.4199999999999875,expiry_intrinsic,0.9675000000000001,1.9500000000000002,1694.3000000000013,0.06777200000000005,fold_6,logreg,0.8
WST,2025-09-30,2025-10-23,1.0,250.8,263.51,22.51,16.6,1.6852,1.72,1.65,12.0,1.6864,1.6812,1.6812,1.6115,1.0,0.0,1.0,0.0,787697920.0,791900000.0,780481400.0,11.0,24550.37,22857.29,931.24,263.29,9.15,9.74,0.16,21.05,26.9,17.39,20.95,2.71,2.02,280.0,300.0,280.0,2025-11-21,16.75,18.5,35.25,12.589285714285714,21.5,2.8,24.3,271.07,8.930000000000007,0.56121,0.55145,0.55633,0.249015,55.23969586396563,-0.1463399999999999,58.0,31.0,0.6777546777546778,30.0,7.14285714285714,1,5.446428571428574,2025-10-22,669.0,664.0191040039062,0.15146,0.15146,0.15634,0.0,0.0048799999999999,0,0.18073,0.12219,0.05854,-2.7755575615628914e-17,0.4117576123002713,0.1673661073285799,0.7091633466135459,0.1149796111641498,0.1320497102687697,0.0194102897312302,0.8707297496535512,1.23,-0.577578217917606,0.9752875992119088,-0.32515223918686,0.0039538804384426,0.0069208117015546,-0.0078887121271189,1,18.600000381469727,20.309999465942383,3.4540003814697258,35.25,8.930000000000007,expiry_intrinsic,1.7625000000000002,1.9500000000000002,2453.7999999999997,0.08763571428571428,fold_6,logreg,0.8
POOL,2025-09-30,2025-10-23,1.0,312.94,324.9,-4.04,-7.57,3.3679,3.4,3.3166,11.0,3.377,3.3845,3.3845,3.4361,0.0,0.0,0.0,2.0,1458560040.0,1530427000.0,1440043390.0,14.0,30263.01,30469.06,-136.43,311.4,0.83,66.54,-3.1,3.61,291.67,0.73,0.44,0.03,-0.06,300.0,290.0,300.0,2025-11-21,11.85,13.65,25.5,8.5,6.35,12.4,18.75,239.98,60.02000000000001,0.36609,0.37584,0.370965,0.31243,15.77911662825334,-0.03902,103.0,7.0,0.4764957264957264,30.0,3.3333333333333326,1,5.166666666666668,2025-10-22,669.0,664.0191040039062,0.15146,0.15146,0.15634,0.0,0.0048799999999999,0,0.18073,0.12219,0.05854,-2.7755575615628914e-17,0.4117576123002713,0.1673661073285799,0.7091633466135459,0.1149796111641498,0.1320497102687697,0.0194102897312302,0.8707297496535512,1.23,-0.577578217917606,0.9752875992119088,-0.32515223918686,0.0039538804384426,0.0069208117015546,-0.0078887121271189,1,18.600000381469727,20.309999465942383,3.4540003814697258,25.5,60.02000000000001,expiry_intrinsic,1.2750000000000001,1.9500000000000002,-3581.4500000000007,-0.11938166666666669,fold_6,logreg,0.8
HCA,2025-09-30,2025-10-24,1.0,416.62,334.32,7.3,33.72,5.726,5.98,5.376,19.0,5.713,5.723,5.7209,5.5921,1.0,0.0,2.0,3.0,18559790490.0,18847000000.0,18359000000.0,19.0,26790.4,24107.61,2220.43,1124.73,6.36,1.55,7.76,24.36,6.05,7.97,8.64,0.34,0.34,440.0,470.0,440.0,2025-11-21,16.3,15.85,32.15,7.306818181818181,33.45,4.1,37.55,491.0,51.0,0.31731,0.33682,0.327065,0.26365,19.389112255973583,-0.0438999999999999,76.0,30.0,1.0380059230009873,29.0,6.818181818181812,1,0.4886363636363686,2025-10-23,672.0,667.9566650390625,0.1417,0.1502399999999999,0.15634,0.0085399999999999,0.01464,0,0.17097,0.1207971428571428,0.0501728571428571,0.0041835714285714,0.2940608984021704,0.1380646544791722,0.5776892430278885,0.0957400480197699,0.1327578126884584,0.0089421873115415,0.721163192440073,1.22,-0.5910749180020092,0.7103958530594358,-0.3617906967991998,0.0168321092846701,0.0161246788225628,-0.0020056001411662,1,17.299999237060547,19.649999618530273,3.129999237060547,32.15,51.0,expiry_intrinsic,1.6075,1.9500000000000002,-2047.7000000000003,-0.04653863636363637,fold_6,logreg,0.8
EG,2025-09-30,2025-10-27,0.0,349.11,332.28,-1.47,3.52,14.5182,18.91,9.553,15.0,13.8748,9.309,9.302,9.4051,7.0,0.0,10.0,0.0,3827500000.0,3921000000.0,3706000000.0,4.0,106978.72,101327.55,-6654.26,12561.52,6.56,3.92,12.37,3.03,254.29,-1.84,-1.84,-0.21,-1.66,350.0,310.0,350.0,2025-11-21,10.85,11.45,22.299999999999997,6.371428571428571,1.375,44.5,45.875,311.34,38.660000000000025,0.27829,0.2978,0.288045,0.27341,5.0808033466993034,-0.0487849999999999,174.0,3.0,0.0,28.0,11.428571428571432,0,-5.057142857142861,2025-10-24,677.0,673.4155883789062,0.13195,0.144955,0.1486714285714285,0.0130049999999999,0.0167214285714285,0,0.16122,0.11244,0.04878,0.0048799999999999,0.1250480461242795,0.1087932236101431,0.4382470119521912,0.1010009035733064,0.1335934369054825,-0.0016434369054825,0.756031927262749,1.29,-0.1666463649835814,4.862218791866703,0.3897016006457903,0.0193560707689102,0.0291771361442043,0.0,1,16.3700008392334,19.200000762939453,3.175000839233398,22.299999999999997,38.660000000000025,expiry_intrinsic,1.115,1.9500000000000002,-1749.4500000000028,-0.049984285714285794,fold_6,logreg,0.8
ACGL,2025-09-30,2025-10-27,1.0,90.88,86.12,-5.44,-0.21,2.2545,2.64,1.8231,17.0,1.9321,1.6956,1.7144,1.6685,6.0,0.0,10.0,0.0,4410000000.0,4436000000.0,4395000000.0,3.0,17934.24,15992.45,1007.87,347.75,22.43,8.3,26.29,0.39,67.53,8.24,22.27,-2.32,-0.04,85.0,85.0,85.0,2025-11-21,4.4,1.725,6.125,7.205882352941176,2.7249999999999996,2.3,5.0249999999999995,92.46,7.459999999999994,0.31731,0.28804,0.302675,0.2880399999999999,4.835219294622966,-0.01951,27.0,0.0,0.2058823529411764,28.0,0.0,1,7.205882352941176,2025-10-24,677.0,673.4155883789062,0.13195,0.144955,0.1486714285714285,0.0130049999999999,0.0167214285714285,0,0.16122,0.11244,0.04878,0.0048799999999999,0.1250480461242795,0.1087932236101431,0.4382470119521912,0.1010009035733064,0.1335934369054825,-0.0016434369054825,0.756031927262749,1.29,-0.1666463649835814,4.862218791866703,0.3897016006457903,0.0193560707689102,0.0291771361442043,0.0,1,16.3700008392334,19.200000762939453,3.175000839233398,6.125,7.459999999999994,expiry_intrinsic,0.30625,1.9500000000000002,-166.07499999999936,-0.01953823529411757,fold_6,logreg,0.8
ARE,2025-09-30,2025-10-27,1.0,83.85,79.48,-7.13,-2.03,0.39,0.39,0.39,1.0,0.39,0.0,0.6431,0.6431,0.0,0.0,0.0,1.0,754358240.0,770845000.0,735108210.0,7.0,-1992.96,-618.48,-217.12,578.91,0.91,2.54,5.33,-45.45,-5.88,13.0,151.03,-0.68,39.91,77.5,65.0,77.5,2025-11-21,2.7,2.325,5.025,6.483870967741937,0.12,14.4,14.519999999999998,50.89,26.61,0.30755,0.27829,0.2929199999999999,0.346575,-18.31728799672268,0.0439,313.0,45.0,0.4501347708894879,28.0,16.129032258064512,0,-9.645161290322577,2025-10-24,677.0,673.4155883789062,0.13195,0.144955,0.1486714285714285,0.0130049999999999,0.0167214285714285,0,0.16122,0.11244,0.04878,0.0048799999999999,0.1250480461242795,0.1087932236101431,0.4382470119521912,0.1010009035733064,0.1335934369054825,-0.0016434369054825,0.756031927262749,1.29,-0.1666463649835814,4.862218791866703,0.3897016006457903,0.0193560707689102,0.0291771361442043,0.0,1,16.3700008392334,19.200000762939453,3.175000839233398,5.025,26.61,expiry_intrinsic,0.25125000000000003,1.9500000000000002,-2185.575,-0.28200967741935484,fold_6,logreg,0.8
BRO,2025-09-30,2025-10-27,1.0,93.78,91.91,-6.42,-4.52,0.9299,0.99,0.88,13.0,0.9321,0.9237,0.932,0.9372,3.0,0.0,6.0,3.0,1538908040.0,1599000000.0,1448426000.0,7.0,4225.76,3997.34,168.43,153.43,8.23,-9.82,10.51,10.75,-20.16,-5.96,-1.17,-0.55,-2.57,90.0,85.0,90.0,2025-11-21,2.275,3.825,6.1,6.777777777777777,0.35,7.65,8.0,80.32,9.680000000000009,0.30755,0.2978,0.302675,0.23926,20.951515652102096,-0.0439,1041.0,68.0,0.5445544554455446,28.0,5.555555555555558,1,1.2222222222222188,2025-10-24,677.0,673.4155883789062,0.13195,0.144955,0.1486714285714285,0.0130049999999999,0.0167214285714285,0,0.16122,0.11244,0.04878,0.0048799999999999,0.1250480461242795,0.1087932236101431,0.4382470119521912,0.1010009035733064,0.1335934369054825,-0.0016434369054825,0.756031927262749,1.29,-0.1666463649835814,4.862218791866703,0.3897016006457903,0.0193560707689102,0.0291771361442043,0.0,1,16.3700008392334,19.200000762939453,3.175000839233398,6.1,9.680000000000009,expiry_intrinsic,0.305,1.9500000000000002,-390.4500000000009,-0.04338333333333343,fold_6,logreg,0.8
CINF,2025-09-30,2025-10-27,1.0,156.9,152.42,0.47,3.42,2.0588,2.35,1.5,8.0,1.8922,1.6854,1.6768,1.633,2.0,0.0,4.0,0.0,2877566670.0,2898000000.0,2865000000.0,3.0,27776.35,22832.35,2232.32,1265.03,27.67,26.58,18.31,52.71,920.83,107.01,117.25,0.0,11.03,155.0,150.0,155.0,2025-11-21,5.75,3.5,9.25,5.967741935483871,1.825,4.7,6.525,166.02,11.02000000000001,0.26853,0.25877,0.26365,0.21,20.348947468234403,-0.03414,650.0,8.0,0.1206896551724138,28.0,3.2258064516129004,1,2.74193548387097,2025-10-24,677.0,673.4155883789062,0.13195,0.144955,0.1486714285714285,0.0130049999999999,0.0167214285714285,0,0.16122,0.11244,0.04878,0.0048799999999999,0.1250480461242795,0.1087932236101431,0.4382470119521912,0.1010009035733064,0.1335934369054825,-0.0016434369054825,0.756031927262749,1.29,-0.1666463649835814,4.862218791866703,0.3897016006457903,0.0193560707689102,0.0291771361442043,0.0,1,16.3700008392334,19.200000762939453,3.175000839233398,9.25,11.02000000000001,expiry_intrinsic,0.4625,1.9500000000000002,-225.200000000001,-0.014529032258064581,fold_6,logreg,0.8
WELL,2025-09-30,2025-10-27,0.0,174.9,165.96,4.41,10.03,0.53,0.53,0.53,1.0,0.0,0.0,0.0,0.49,0.0,0.0,0.0,0.0,2703492440.0,2817000000.0,2566348740.0,4.0,17458.4,14304.8,1168.0,1253.76,40.35,5.34,25.93,7.14,12.5,52.63,85.75,1.79,4.31,180.0,180.0,180.0,2025-11-21,4.25,6.05,10.3,5.722222222222222,4.25,4.0,8.25,199.93,19.930000000000007,0.24902,0.26853,0.258775,0.22463,13.19486039996135,-0.0390249999999999,1175.0,977.0,0.1288998357963875,28.0,0.0,1,5.722222222222222,2025-10-24,677.0,673.4155883789062,0.13195,0.144955,0.1486714285714285,0.0130049999999999,0.0167214285714285,0,0.16122,0.11244,0.04878,0.0048799999999999,0.1250480461242795,0.1087932236101431,0.4382470119521912,0.1010009035733064,0.1335934369054825,-0.0016434369054825,0.756031927262749,1.29,-0.1666463649835814,4.862218791866703,0.3897016006457903,0.0193560707689102,0.0291771361442043,0.0,1,16.3700008392334,19.200000762939453,3.175000839233398,10.3,19.930000000000007,expiry_intrinsic,0.515,1.9500000000000002,-1016.4500000000007,-0.05646944444444448,fold_6,logreg,0.8
PFG,2025-09-30,2025-10-27,0.0,82.62,80.19,-3.69,-0.77,2.1998,2.27,2.124,12.0,2.2049,2.1704,2.1704,2.1567,7.0,0.0,8.0,1.0,4138100000.0,4139000000.0,4137200000.0,2.0,10862.24,10354.24,72.43,334.86,-14.83,-0.67,-0.46,32.52,19.34,13.34,13.34,8.12,3.4,80.0,85.0,80.0,2025-11-21,2.825,2.8499999999999996,5.675,7.09375,3.85,1.45,5.3,84.29,4.290000000000006,0.32707,0.31731,0.32219,0.27341,15.140134703125485,-0.0536599999999999,239.0,1.0,8.0,28.0,6.25,1,0.84375,2025-10-24,677.0,673.4155883789062,0.13195,0.144955,0.1486714285714285,0.0130049999999999,0.0167214285714285,0,0.16122,0.11244,0.04878,0.0048799999999999,0.1250480461242795,0.1087932236101431,0.4382470119521912,0.1010009035733064,0.1335934369054825,-0.0016434369054825,0.756031927262749,1.29,-0.1666463649835814,4.862218791866703,0.3897016006457903,0.0193560707689102,0.0291771361442043,0.0,1,16.3700008392334,19.200000762939453,3.175000839233398,5.675,4.290000000000006,expiry_intrinsic,0.28375,1.9500000000000002,108.17499999999936,0.01352187499999992,fold_6,logreg,0.8
RVTY,2025-09-30,2025-10-27,0.0,84.06,94.47,15.58,2.85,1.1387,1.16,1.12,16.0,1.1379,1.1351,1.1351,1.2732,1.0,0.0,2.0,0.0,699573420.0,702369000.0,695700000.0,15.0,2745.58,2491.02,-579.36,925.18,4.13,8.35,77.27,-3.28,16.83,-11.1,-10.6,-1.23,-2.08,100.0,95.0,100.0,2025-11-21,6.65,7.35,14.0,14.000000000000002,1.825,5.1,6.925,98.27,1.730000000000004,0.63925,0.6295,0.6343749999999999,0.370965,41.52275862068965,-0.2243849999999999,29.0,67.0,1.5959821428571428,28.0,5.000000000000004,1,8.999999999999996,2025-10-24,677.0,673.4155883789062,0.13195,0.144955,0.1486714285714285,0.0130049999999999,0.0167214285714285,0,0.16122,0.11244,0.04878,0.0048799999999999,0.1250480461242795,0.1087932236101431,0.4382470119521912,0.1010009035733064,0.1335934369054825,-0.0016434369054825,0.756031927262749,1.29,-0.1666463649835814,4.862218791866703,0.3897016006457903,0.0193560707689102,0.0291771361442043,0.0,1,16.3700008392334,19.200000762939453,3.175000839233398,14.0,1.730000000000004,expiry_intrinsic,0.7000000000000001,1.9500000000000002,1155.0499999999997,0.11550499999999997,fold_6,logreg,0.8
UHS,2025-09-30,2025-10-27,1.0,200.85,162.82,6.56,31.45,4.9293,5.98,4.3,14.0,4.8785,4.6648,4.6648,4.5178,3.0,0.0,5.0,0.0,4356468880.0,4497852000.0,4271700000.0,16.0,27847.33,24955.13,1627.78,596.65,9.63,4.49,10.07,24.13,10.54,14.26,14.64,0.15,0.51,210.0,220.0,210.0,2025-11-21,10.0,8.95,18.95,9.023809523809522,13.15,2.85,15.999999999999998,231.92,21.919999999999987,0.40511,0.41487,0.40999,0.297795,27.36530159272177,-0.09756,593.0,9.0,0.205607476635514,28.0,4.761904761904767,1,4.261904761904755,2025-10-24,677.0,673.4155883789062,0.13195,0.144955,0.1486714285714285,0.0130049999999999,0.0167214285714285,0,0.16122,0.11244,0.04878,0.0048799999999999,0.1250480461242795,0.1087932236101431,0.4382470119521912,0.1010009035733064,0.1335934369054825,-0.0016434369054825,0.756031927262749,1.29,-0.1666463649835814,4.862218791866703,0.3897016006457903,0.0193560707689102,0.0291771361442043,0.0,1,16.3700008392334,19.200000762939453,3.175000839233398,18.95,21.919999999999987,expiry_intrinsic,0.9475,1.9500000000000002,-393.6999999999988,-0.01874761904761899,fold_6,logreg,0.8
KDP,2025-09-30,2025-10-27,1.0,25.5,33.85,14.63,-13.65,0.5376,0.55,0.52,16.0,0.5378,0.5382,0.5408,0.5407,1.0,0.0,1.0,4.0,4155046000.0,4179000000.0,4088000000.0,13.0,8460.06,8367.15,40.62,38.51,6.14,14.53,3.96,8.89,16.67,0.19,4.3,-1.21,-0.38,27.0,29.0,27.0,2025-11-21,1.25,0.95,2.2,8.148148148148149,2.125,0.175,2.3,27.74,0.7399999999999984,0.37584,0.35633,0.366085,0.283165,22.650477348156848,-0.0390149999999999,128783.0,1108.0,0.1944172632229489,28.0,7.407407407407418,1,0.7407407407407307,2025-10-24,677.0,673.4155883789062,0.13195,0.144955,0.1486714285714285,0.0130049999999999,0.0167214285714285,0,0.16122,0.11244,0.04878,0.0048799999999999,0.1250480461242795,0.1087932236101431,0.4382470119521912,0.1010009035733064,0.1335934369054825,-0.0016434369054825,0.756031927262749,1.29,-0.1666463649835814,4.862218791866703,0.3897016006457903,0.0193560707689102,0.0291771361442043,0.0,1,16.3700008392334,19.200000762939453,3.175000839233398,2.2,0.7399999999999984,expiry_intrinsic,0.11000000000000001,1.9500000000000002,133.05000000000018,0.049277777777777844,fold_6,logreg,0.8
HIG,2025-09-30,2025-10-27,1.0,133.11,124.64,-6.12,0.26,3.2146,3.65,2.5592,20.0,3.1904,3.0098,3.0098,2.9368,8.0,0.0,11.0,2.0,7213064810.0,7241287620.0,7184842000.0,2.0,20491.97,18653.36,992.82,536.9,7.99,3.19,8.21,36.4,55.0,37.86,36.62,3.67,3.73,125.0,125.0,125.0,2025-11-21,4.15,3.2,7.35,5.880000000000001,1.25,3.5999999999999996,4.85,136.45,11.449999999999989,0.27829,0.24902,0.263655,0.18073,31.45208700764255,-0.0243949999999999,34.0,19.0,3.442105263157895,28.0,0.0,1,5.880000000000001,2025-10-24,677.0,673.4155883789062,0.13195,0.144955,0.1486714285714285,0.0130049999999999,0.0167214285714285,0,0.16122,0.11244,0.04878,0.0048799999999999,0.1250480461242795,0.1087932236101431,0.4382470119521912,0.1010009035733064,0.1335934369054825,-0.0016434369054825,0.756031927262749,1.29,-0.1666463649835814,4.862218791866703,0.3897016006457903,0.0193560707689102,0.0291771361442043,0.0,1,16.3700008392334,19.200000762939453,3.175000839233398,7.3500000000000005,11.449999999999989,expiry_intrinsic,0.36750000000000005,1.9500000000000002,-448.6999999999988,-0.0358959999999999,fold_6,logreg,0.8
OKE,2025-09-30,2025-10-28,1.0,73.89,82.19,-6.48,-15.93,1.4474,1.58,1.28,8.0,1.4712,1.4765,1.4765,1.4838,1.0,0.0,2.0,3.0,8542723080.0,10155077000.0,7395000000.0,4.0,3374.11,3670.32,-170.37,425.07,61.16,-1.94,35.17,0.75,28.85,21.23,18.23,-6.02,-6.69,67.5,67.5,65.0,2025-11-21,4.9,1.075,5.9750000000000005,8.851851851851853,2.95,1.275,4.225,70.53,5.530000000000001,0.26853,0.39536,0.331945,0.283165,14.695205531036764,-0.0048799999999999,179.0,16.0,1.590062111801242,25.0,0.0,1,8.851851851851853,2025-10-27,686.0,681.3603515625,0.13195,0.13885625,0.14658,0.00690625,0.0146299999999999,0,0.15146,0.1152257142857142,0.0362342857142857,0.0013928571428571,0.1250480461242795,0.1087932236101431,0.4422310756972111,0.106917664401624,0.1376224413581826,-0.0056724413581826,0.7768912057253448,1.52,1.2822694085059183,11.506924388371155,1.460068247545338,0.0207656916758378,0.0353871889360914,0.0,1,15.789999961853027,18.989999771118164,2.594999961853027,5.9750000000000005,5.530000000000001,expiry_intrinsic,0.29875,1.9500000000000002,12.674999999999937,0.0018777777777777684,fold_6,logreg,0.8
INCY,2025-09-30,2025-10-28,1.0,82.7,77.55,10.82,18.18,1.6372,1.85,1.29,16.0,1.6398,1.6358,1.6449,1.5593,3.0,0.0,4.0,2.0,1253689340.0,1309971000.0,1200000000.0,20.0,-15595.76,-15142.12,386.09,935.89,16.46,15.45,16.95,186.26,96.25,258.42,165.13,1.04,71.29,92.5,90.0,92.5,2025-11-21,5.65,5.75,11.4,12.324324324324325,3.5,5.699999999999999,9.2,102.06,9.560000000000002,0.54169,0.63925,0.59047,0.45389,23.130726370518403,-0.092675,67.0,56.0,0.4726443768996961,25.0,2.7027027027026973,1,9.621621621621628,2025-10-27,686.0,681.3603515625,0.13195,0.13885625,0.14658,0.00690625,0.0146299999999999,0,0.15146,0.1152257142857142,0.0362342857142857,0.0013928571428571,0.1250480461242795,0.1087932236101431,0.4422310756972111,0.106917664401624,0.1376224413581826,-0.0056724413581826,0.7768912057253448,1.52,1.2822694085059183,11.506924388371155,1.460068247545338,0.0207656916758378,0.0353871889360914,0.0,1,15.789999961853027,18.989999771118164,2.594999961853027,11.4,9.560000000000002,expiry_intrinsic,0.5700000000000001,1.9500000000000002,125.0499999999998,0.013518918918918897,fold_6,logreg,0.8
AWK,2025-09-30,2025-10-29,1.0,137.04,140.24,-5.09,-7.26,1.8836,1.9104,1.81,9.0,1.8919,1.8922,1.8922,1.893,0.0,0.0,0.0,1.0,1326000000.0,1354000000.0,1298000000.0,2.0,2802.02,2801.27,-7.94,267.05,11.05,11.73,11.43,5.71,40.95,15.25,8.91,-0.46,-0.76,135.0,125.0,135.0,2025-11-21,3.05,3.125,6.175,4.574074074074074,0.625,8.75,9.375,132.74,2.259999999999991,0.21975,0.22951,0.22463,0.23926,-6.512932377687755,0.01463,491.0,17.0,1.095505617977528,24.0,7.4074074074074066,0,-2.833333333333332,2025-10-28,687.0,683.1700439453125,0.1417,0.14658,0.15634,0.0048799999999999,0.01464,0,0.1612199999999999,0.12219,0.0390299999999999,4.999999999977245e-06,0.2499679692504803,0.1380646544791722,0.5776892430278885,0.1019969727617197,0.1376072586588146,0.0040927413411853,0.7412179688472138,1.06,-1.6131966610729989,1.6868890148636602,-0.2763504612986595,0.0234921924949049,0.0352278067425693,0.0,1,16.420000076293945,19.549999237060547,2.2500000762939454,6.175,2.259999999999991,expiry_intrinsic,0.30875,1.9500000000000002,358.6750000000009,0.026568518518518585,fold_6,logreg,0.8
DVA,2025-09-30,2025-10-29,0.0,130.59,140.37,-3.09,-9.84,3.1731,3.25,3.1023,6.0,3.1748,3.1783,3.1783,3.2205,0.0,0.0,0.0,2.0,3434905580.0,3467000000.0,3360500000.0,6.0,12625.63,11825.49,-621.82,1298.8,6.05,4.84,5.41,18.0,47.5,6.95,6.21,0.31,0.02,130.0,120.0,130.0,2025-11-21,6.45,6.25,12.7,9.769230769230768,0.8,12.4,13.2,120.25,9.75,0.49292,0.4734,0.48316,0.34658,28.26806854872093,-0.126825,277.0,20.0,1.4387755102040816,24.0,7.692307692307687,1,2.076923076923081,2025-10-28,687.0,683.1700439453125,0.1417,0.14658,0.15634,0.0048799999999999,0.01464,0,0.1612199999999999,0.12219,0.0390299999999999,4.999999999977245e-06,0.2499679692504803,0.1380646544791722,0.5776892430278885,0.1019969727617197,0.1376072586588146,0.0040927413411853,0.7412179688472138,1.06,-1.6131966610729989,1.6868890148636602,-0.2763504612986595,0.0234921924949049,0.0352278067425693,0.0,1,16.420000076293945,19.549999237060547,2.2500000762939454,12.7,9.75,expiry_intrinsic,0.635,1.9500000000000002,229.54999999999995,0.017657692307692305,fold_6,logreg,0.8
ETR,2025-09-30,2025-10-29,1.0,93.55,90.43,2.04,5.56,1.437,1.51,1.37,16.0,1.4312,1.4601,1.5046,1.5274,2.0,0.0,3.0,3.0,3785432340.0,4768782490.0,3423000000.0,8.0,17557.12,16829.38,374.88,150.42,12.7,16.93,-0.22,-45.31,28.05,59.53,35.59,-3.53,4.25,95.0,95.0,95.0,2025-11-21,2.85,2.625,5.475,5.763157894736842,2.925,2.0,4.925,93.7,1.2999999999999972,0.27829,0.28804,0.283165,0.258775,8.61335263892078,-0.02927,2801.0,21.0,0.9303135888501742,24.0,0.0,1,5.763157894736842,2025-10-28,687.0,683.1700439453125,0.1417,0.14658,0.15634,0.0048799999999999,0.01464,0,0.1612199999999999,0.12219,0.0390299999999999,4.999999999977245e-06,0.2499679692504803,0.1380646544791722,0.5776892430278885,0.1019969727617197,0.1376072586588146,0.0040927413411853,0.7412179688472138,1.06,-1.6131966610729989,1.6868890148636602,-0.2763504612986595,0.0234921924949049,0.0352278067425693,0.0,1,16.420000076293945,19.549999237060547,2.2500000762939454,5.475,1.2999999999999972,expiry_intrinsic,0.27375,1.9500000000000002,388.17500000000024,0.0408605263157895,fold_6,logreg,0.8
EXR,2025-09-30,2025-10-29,0.0,141.45,134.36,0.22,5.51,1.1858,1.25,1.1281,6.0,1.1858,1.1858,1.193,1.1934,0.0,0.0,0.0,0.0,737436000.0,744600000.0,724137000.0,5.0,14951.52,14044.97,-189.18,964.17,1.65,0.2,17.0,-0.84,-7.81,6.66,22.71,-2.91,7.62,145.0,135.0,145.0,2025-11-21,6.05,3.625,9.675,6.672413793103448,0.75,10.0,10.75,131.46,13.539999999999992,0.32707,0.31731,0.32219,0.239265,25.73791861944815,-0.0731699999999999,15.0,1.0,0.8048780487804879,24.0,6.896551724137934,0,-0.2241379310344857,2025-10-28,687.0,683.1700439453125,0.1417,0.14658,0.15634,0.0048799999999999,0.01464,0,0.1612199999999999,0.12219,0.0390299999999999,4.999999999977245e-06,0.2499679692504803,0.1380646544791722,0.5776892430278885,0.1019969727617197,0.1376072586588146,0.0040927413411853,0.7412179688472138,1.06,-1.6131966610729989,1.6868890148636602,-0.2763504612986595,0.0234921924949049,0.0352278067425693,0.0,1,16.420000076293945,19.549999237060547,2.2500000762939454,9.675,13.539999999999992,expiry_intrinsic,0.48375000000000007,1.9500000000000002,-436.8249999999991,-0.030125862068965455,fold_6,logreg,0.8
GNRC,2025-09-30,2025-10-29,0.0,165.82,194.69,9.07,-7.1,2.1973,2.59,1.578,18.0,2.1813,2.248,2.2527,2.2556,0.0,0.0,0.0,7.0,1193016470.0,1232807160.0,1159100000.0,17.0,-3280220.75,-3281720.02,181.4,750.09,6.31,12.64,7.05,22.22,30.95,7.96,8.29,1.65,0.19,190.0,165.0,190.0,2025-10-31,9.05,9.35,18.4,9.684210526315788,0.48,24.5,24.98,168.02,21.97999999999999,1.30265,1.3807,1.341675,0.79535,40.71962285948534,-0.77071,48.0,71.0,0.8169142857142857,3.0,13.157894736842104,0,-3.473684210526315,2025-10-28,687.0,683.1700439453125,0.1417,0.14658,0.15634,0.0048799999999999,0.01464,0,0.1612199999999999,0.12219,0.0390299999999999,4.999999999977245e-06,0.2499679692504803,0.1380646544791722,0.5776892430278885,0.1019969727617197,0.1376072586588146,0.0040927413411853,0.7412179688472138,1.06,-1.6131966610729989,1.6868890148636602,-0.2763504612986595,0.0234921924949049,0.0352278067425693,0.0,1,16.420000076293945,19.549999237060547,2.2500000762939454,18.4,21.97999999999999,expiry_intrinsic,0.9199999999999999,1.9500000000000002,-451.9499999999991,-0.02378684210526311,fold_6,logreg,0.8
CTSH,2025-09-30,2025-10-29,1.0,67.08,71.76,6.87,-0.1,1.3024,1.34,1.26,21.0,1.3021,1.2992,1.2609,1.2842,1.0,0.0,3.0,0.0,5317799950.0,5339851000.0,5280000000.0,21.0,4282.59,4061.68,125.74,51.43,8.14,2.54,3.78,11.97,6.5,13.66,15.4,-0.27,0.98,67.5,72.5,67.5,2025-11-21,3.05,2.9,5.949999999999999,8.814814814814815,5.199999999999999,0.675,5.874999999999999,75.98,8.480000000000004,0.40511,0.45389,0.4295,0.322185,24.9860302677532,-0.11219,2236.0,66.0,0.8968,24.0,7.407407407407418,1,1.4074074074073968,2025-10-28,687.0,683.1700439453125,0.1417,0.14658,0.15634,0.0048799999999999,0.01464,0,0.1612199999999999,0.12219,0.0390299999999999,4.999999999977245e-06,0.2499679692504803,0.1380646544791722,0.5776892430278885,0.1019969727617197,0.1376072586588146,0.0040927413411853,0.7412179688472138,1.06,-1.6131966610729989,1.6868890148636602,-0.2763504612986595,0.0234921924949049,0.0352278067425693,0.0,1,16.420000076293945,19.549999237060547,2.2500000762939454,5.949999999999999,8.480000000000004,expiry_intrinsic,0.2975,1.9500000000000002,-284.70000000000044,-0.04217777777777784,fold_6,logreg,0.8
CHRW,2025-09-30,2025-10-29,1.0,131.87,115.32,-1.89,12.19,1.3039,1.36,1.23,24.0,1.3039,1.302,1.2986,1.2184,2.0,0.0,5.0,9.0,4217631250.0,4494000000.0,3902000000.0,22.0,6879.65,6432.81,213.77,58.15,-7.74,2.22,-0.91,12.17,16.22,18.53,21.24,1.37,1.25,130.0,155.0,130.0,2025-11-21,4.5,6.300000000000001,10.8,8.307692307692308,25.5,0.2,25.7,151.68,21.680000000000007,0.39536,0.41487,0.405115,0.283165,30.10256346963208,-0.112195,1242.0,12.0,0.4028268551236749,24.0,19.23076923076923,0,-10.923076923076922,2025-10-28,687.0,683.1700439453125,0.1417,0.14658,0.15634,0.0048799999999999,0.01464,0,0.1612199999999999,0.12219,0.0390299999999999,4.999999999977245e-06,0.2499679692504803,0.1380646544791722,0.5776892430278885,0.1019969727617197,0.1376072586588146,0.0040927413411853,0.7412179688472138,1.06,-1.6131966610729989,1.6868890148636602,-0.2763504612986595,0.0234921924949049,0.0352278067425693,0.0,1,16.420000076293945,19.549999237060547,2.2500000762939454,10.8,21.680000000000007,expiry_intrinsic,0.54,1.9500000000000002,-1143.9500000000005,-0.08799615384615389,fold_6,logreg,0.8
AEP,2025-09-30,2025-10-29,0.0,109.78,113.14,11.23,7.93,1.805,1.9076,1.7486,14.0,1.793,1.8727,1.8975,1.8813,1.0,0.0,1.0,6.0,5569178040.0,5875600000.0,5294500000.0,5.0,3893.15,3117.62,315.63,247.93,9.93,-9.78,4.86,14.4,-7.14,46.38,59.71,7.24,8.57,115.0,120.0,115.0,2025-11-21,2.375,2.875,5.25,4.565217391304348,7.35,0.6,7.949999999999999,120.84,5.840000000000003,0.18073,0.25877,0.21975,0.20024,8.878270762229807,-0.01951,1072.0,627.0,0.4714747039827772,24.0,4.347826086956519,1,0.2173913043478288,2025-10-28,687.0,683.1700439453125,0.1417,0.14658,0.15634,0.0048799999999999,0.01464,0,0.1612199999999999,0.12219,0.0390299999999999,4.999999999977245e-06,0.2499679692504803,0.1380646544791722,0.5776892430278885,0.1019969727617197,0.1376072586588146,0.0040927413411853,0.7412179688472138,1.06,-1.6131966610729989,1.6868890148636602,-0.2763504612986595,0.0234921924949049,0.0352278067425693,0.0,1,16.420000076293945,19.549999237060547,2.2500000762939454,5.25,5.840000000000003,expiry_intrinsic,0.2625,1.9500000000000002,-87.20000000000034,-0.007582608695652204,fold_6,logreg,0.8
INVH,2025-09-30,2025-10-29,1.0,29.04,30.65,-5.41,-10.38,0.1515,0.1515,0.1515,1.0,0.1581,0.1581,0.1693,0.1693,0.0,0.0,0.0,1.0,682971610.0,694100000.0,672749000.0,9.0,4352.8,4335.33,156.0,193.79,4.28,1.03,6.57,32.08,-8.12,21.81,1.98,-0.28,-0.64,27.5,27.5,27.5,2025-11-21,1.475,0.75,2.225,8.090909090909092,1.4,0.35,1.75,28.19,0.6900000000000013,0.36609,0.3856,0.375845,0.283165,24.659101491306252,-0.12683,33.0,11.0,1.1156716417910448,24.0,0.0,1,8.090909090909092,2025-10-28,687.0,683.1700439453125,0.1417,0.14658,0.15634,0.0048799999999999,0.01464,0,0.1612199999999999,0.12219,0.0390299999999999,4.999999999977245e-06,0.2499679692504803,0.1380646544791722,0.5776892430278885,0.1019969727617197,0.1376072586588146,0.0040927413411853,0.7412179688472138,1.06,-1.6131966610729989,1.6868890148636602,-0.2763504612986595,0.0234921924949049,0.0352278067425693,0.0,1,16.420000076293945,19.549999237060547,2.2500000762939454,2.225,0.6900000000000013,expiry_intrinsic,0.11125000000000002,1.9500000000000002,140.4249999999999,0.051063636363636325,fold_6,logreg,0.8
GRMN,2025-09-30,2025-10-29,0.0,245.53,218.76,-10.56,0.39,1.99,2.09,1.86,8.0,1.9813,1.9714,1.9686,1.9752,1.0,0.0,1.0,0.0,1795116670.0,1855000000.0,1752000000.0,6.0,27682.14,26229.63,307.46,686.34,20.44,18.21,19.57,37.34,34.78,34.51,38.09,1.53,3.33,250.0,220.0,250.0,2025-11-21,11.1,11.6,22.7,9.079999999999998,0.28,34.55,34.83,192.23,57.77000000000001,0.46365,0.43438,0.449015,0.26365,41.28258521430242,-0.131705,93.0,237.0,0.9305177111716622,24.0,12.0,0,-2.9200000000000017,2025-10-28,687.0,683.1700439453125,0.1417,0.14658,0.15634,0.0048799999999999,0.01464,0,0.1612199999999999,0.12219,0.0390299999999999,4.999999999977245e-06,0.2499679692504803,0.1380646544791722,0.5776892430278885,0.1019969727617197,0.1376072586588146,0.0040927413411853,0.7412179688472138,1.06,-1.6131966610729989,1.6868890148636602,-0.2763504612986595,0.0234921924949049,0.0352278067425693,0.0,1,16.420000076293945,19.549999237060547,2.2500000762939454,22.7,57.77000000000001,expiry_intrinsic,1.135,1.9500000000000002,-3622.4500000000003,-0.144898,fold_6,logreg,0.8
ODFL,2025-09-30,2025-10-29,1.0,141.04,149.25,-3.48,-8.79,1.2162,1.23,1.19,20.0,1.2182,1.2325,1.2355,1.321,0.0,0.0,1.0,7.0,1402647600.0,1423826100.0,1333200000.0,18.0,-4536.34,-4655.82,78.19,78.48,-6.07,2.39,-2.64,-14.19,6.72,-12.38,-15.13,-3.52,-2.72,135.0,140.0,135.0,2025-11-21,8.15,6.75,14.9,11.037037037037036,6.800000000000001,4.15,10.95,134.28,0.7199999999999989,0.53194,0.54169,0.536815,0.40511,24.534523066605814,-0.131705,20.0,3.0,0.6805555555555556,24.0,3.703703703703698,1,7.333333333333338,2025-10-28,687.0,683.1700439453125,0.1417,0.14658,0.15634,0.0048799999999999,0.01464,0,0.1612199999999999,0.12219,0.0390299999999999,4.999999999977245e-06,0.2499679692504803,0.1380646544791722,0.5776892430278885,0.1019969727617197,0.1376072586588146,0.0040927413411853,0.7412179688472138,1.06,-1.6131966610729989,1.6868890148636602,-0.2763504612986595,0.0234921924949049,0.0352278067425693,0.0,1,16.420000076293945,19.549999237060547,2.2500000762939454,14.9,0.7199999999999989,expiry_intrinsic,0.7450000000000001,1.9500000000000002,1341.5500000000002,0.09937407407407409,fold_6,logreg,0.8
SW,2025-09-30,2025-10-29,0.0,42.21,44.38,-10.35,-14.74,0.7234,0.7506,0.7,6.0,0.7234,0.734,0.734,0.8227,0.0,0.0,0.0,2.0,7891656360.0,8213600000.0,7670518240.0,9.0,1085.28,1409.07,-289.79,210.05,,-4.74,,,-30.14,,,,,45.0,35.0,45.0,2025-11-21,1.125,3.1,4.225,9.388888888888888,0.15,8.75,8.9,33.78,11.22,0.41487,0.46365,0.43926,0.400235,8.884259891635928,-0.0243899999999999,439.0,625.0,0.114854517611026,24.0,22.22222222222222,0,-12.833333333333334,2025-10-28,687.0,683.1700439453125,0.1417,0.14658,0.15634,0.0048799999999999,0.01464,0,0.1612199999999999,0.12219,0.0390299999999999,4.999999999977245e-06,0.2499679692504803,0.1380646544791722,0.5776892430278885,0.1019969727617197,0.1376072586588146,0.0040927413411853,0.7412179688472138,1.06,-1.6131966610729989,1.6868890148636602,-0.2763504612986595,0.0234921924949049,0.0352278067425693,0.0,1,16.420000076293945,19.549999237060547,2.2500000762939454,4.225,11.22,expiry_intrinsic,0.21125,1.9500000000000002,-722.5750000000002,-0.16057222222222226,fold_6,logreg,0.8
ROL,2025-09-30,2025-10-29,1.0,58.52,57.27,-7.95,-5.94,0.3291,0.3381,0.32,11.0,0.33,0.3298,0.3292,0.3292,1.0,0.0,1.0,0.0,1019057120.0,1027200000.0,998200000.0,9.0,-2914.08,-2907.9,21.65,31.25,12.06,21.52,10.32,11.11,36.36,10.03,8.75,-0.21,-0.61,57.5,57.5,57.5,2025-11-21,1.25,2.325,3.575,6.217391304347827,1.525,1.7999999999999998,3.3249999999999997,60.31,2.8100000000000023,0.31731,0.27829,0.2977999999999999,0.2929199999999999,1.6386836803223628,-0.0585349999999999,765.0,0.0,0.4838709677419355,24.0,0.0,1,6.217391304347827,2025-10-28,687.0,683.1700439453125,0.1417,0.14658,0.15634,0.0048799999999999,0.01464,0,0.1612199999999999,0.12219,0.0390299999999999,4.999999999977245e-06,0.2499679692504803,0.1380646544791722,0.5776892430278885,0.1019969727617197,0.1376072586588146,0.0040927413411853,0.7412179688472138,1.06,-1.6131966610729989,1.6868890148636602,-0.2763504612986595,0.0234921924949049,0.0352278067425693,0.0,1,16.420000076293945,19.549999237060547,2.2500000762939454,3.575,2.8100000000000023,expiry_intrinsic,0.17875000000000002,1.9500000000000002,56.67499999999979,0.0098565217391304,fold_6,logreg,0.8
PSA,2025-09-30,2025-10-29,1.0,288.53,271.94,0.23,6.34,2.5359,2.59,2.4852,6.0,2.5359,2.5586,2.5632,2.5909,0.0,0.0,0.0,2.0,1211701530.0,1221165180.0,1198000000.0,6.0,20466.14,20378.94,176.9,183.23,2.38,1.51,3.45,-3.07,6.33,-18.23,2.3,-0.82,-0.03,300.0,280.0,300.0,2025-11-21,7.2,8.75,15.95,5.316666666666666,1.1749999999999998,19.4,20.575,269.51,30.49000000000001,0.25877,0.26853,0.26365,0.229505,12.950881850938735,-0.0390249999999999,288.0,0.0,1.377659574468085,24.0,6.666666666666665,0,-1.3499999999999988,2025-10-28,687.0,683.1700439453125,0.1417,0.14658,0.15634,0.0048799999999999,0.01464,0,0.1612199999999999,0.12219,0.0390299999999999,4.999999999977245e-06,0.2499679692504803,0.1380646544791722,0.5776892430278885,0.1019969727617197,0.1376072586588146,0.0040927413411853,0.7412179688472138,1.06,-1.6131966610729989,1.6868890148636602,-0.2763504612986595,0.0234921924949049,0.0352278067425693,0.0,1,16.420000076293945,19.549999237060547,2.2500000762939454,15.95,30.49000000000001,expiry_intrinsic,0.7975,1.9500000000000002,-1535.700000000001,-0.051190000000000034,fold_6,logreg,0.8
PRU,2025-09-30,2025-10-29,1.0,103.83,103.58,-2.54,-2.31,3.7195,3.986,3.3952,15.0,3.6415,3.57,3.574,3.5637,4.0,0.0,11.0,2.0,13875434190.0,15158000000.0,13022170940.0,5.0,772.0,5925.92,-1477.41,2521.75,-7.79,1.73,16.09,-56.34,-55.02,-12.02,-47.7,-1.3,-4.1,100.0,100.0,100.0,2025-11-21,3.65,2.825,6.4750000000000005,6.4750000000000005,4.0,1.5,5.5,106.75,6.75,0.25877,0.35633,0.30755,0.23926,22.204519590310507,-0.05853,247.0,3.0,0.8088642659279779,24.0,0.0,1,6.4750000000000005,2025-10-28,687.0,683.1700439453125,0.1417,0.14658,0.15634,0.0048799999999999,0.01464,0,0.1612199999999999,0.12219,0.0390299999999999,4.999999999977245e-06,0.2499679692504803,0.1380646544791722,0.5776892430278885,0.1019969727617197,0.1376072586588146,0.0040927413411853,0.7412179688472138,1.06,-1.6131966610729989,1.6868890148636602,-0.2763504612986595,0.0234921924949049,0.0352278067425693,0.0,1,16.420000076293945,19.549999237060547,2.2500000762939454,6.475,6.75,expiry_intrinsic,0.32375,1.9500000000000002,-61.82500000000004,-0.006182500000000004,fold_6,logreg,0.8
VRSK,2025-09-30,2025-10-29,1.0,248.78,278.71,-16.39,-25.37,1.7037,1.79,1.63,15.0,1.6966,1.6954,1.6981,1.7761,1.0,0.0,2.0,2.0,776240940.0,783500000.0,767200000.0,15.0,5202.74,4817.79,163.38,105.14,7.78,2.6,7.38,8.05,8.67,-10.74,11.17,0.91,1.4,230.0,220.0,230.0,2025-11-21,10.25,7.35,17.6,7.652173913043479,2.35,14.3,16.650000000000002,223.16,6.840000000000003,0.37584,0.36609,0.370965,0.26853,27.613117140431036,-0.092675,5.0,1.0,0.2483660130718954,24.0,4.347826086956519,1,3.3043478260869605,2025-10-28,687.0,683.1700439453125,0.1417,0.14658,0.15634,0.0048799999999999,0.01464,0,0.1612199999999999,0.12219,0.0390299999999999,4.999999999977245e-06,0.2499679692504803,0.1380646544791722,0.5776892430278885,0.1019969727617197,0.1376072586588146,0.0040927413411853,0.7412179688472138,1.06,-1.6131966610729989,1.6868890148636602,-0.2763504612986595,0.0234921924949049,0.0352278067425693,0.0,1,16.420000076293945,19.549999237060547,2.2500000762939454,17.6,6.840000000000003,expiry_intrinsic,0.8800000000000001,1.9500000000000002,986.0499999999997,0.04287173913043477,fold_6,logreg,0.8
ERIE,2025-09-30,2025-10-30,1.0,318.16,350.75,-2.68,-11.72,3.37,3.37,3.37,1.0,3.34,3.34,3.34,3.34,1.0,0.0,1.0,0.0,1084561000.0,1084561000.0,1084561000.0,1.0,7686.72,10353.17,-977.76,1216.59,7.28,7.15,14.14,6.91,26.15,16.06,5.71,-0.23,-0.28,300.0,290.0,300.0,2025-11-21,13.25,10.1,23.35,7.783333333333334,6.7,13.15,19.85,296.36,3.6399999999999864,0.39536,0.37584,0.3856,0.3465749999999999,10.120591286307064,-0.0536549999999999,0.0,0.0,2.6666666666666665,23.0,3.3333333333333326,1,4.450000000000001,2025-10-29,687.0,683.4981689453125,0.14658,0.1526799999999999,0.1601703571428571,0.0060999999999999,0.0135903571428571,0,0.17097,0.12219,0.04878,0.0,0.3124919923126199,0.152715380903876,0.6414342629482072,0.0704764183530035,0.1374421677454058,0.0091378322545941,0.5127714405927601,1.4,0.5131756759690881,2.6924580658458623,-0.1085265131489235,0.0293350971740893,0.0318382271572281,0.0,1,16.920000076293945,19.829999923706055,2.262000076293946,23.35,3.6399999999999864,expiry_intrinsic,1.1675000000000002,1.9500000000000002,1852.3000000000013,0.06174333333333338,fold_6,logreg,0.8
CMS,2025-09-30,2025-10-30,1.0,73.26,74.08,-0.07,-1.17,0.8588,0.92,0.8314,11.0,0.8659,0.8437,0.8438,0.864,1.0,0.0,3.0,3.0,1814317730.0,1872294110.0,1781600000.0,4.0,4773.6,4698.78,102.61,96.53,14.37,-24.89,4.84,7.58,-30.39,10.87,12.01,-2.1,-0.36,70.0,75.0,70.0,2025-11-21,2.975,0.675,3.65,5.214285714285715,3.1,0.375,3.475,74.04,4.040000000000006,0.20024,0.22951,0.2148749999999999,0.23926,-11.34845840605004,-0.0146349999999999,668.0,0.0,0.9791976225854384,23.0,7.14285714285714,0,-1.9285714285714244,2025-10-29,687.0,683.4981689453125,0.14658,0.1526799999999999,0.1601703571428571,0.0060999999999999,0.0135903571428571,0,0.17097,0.12219,0.04878,0.0,0.3124919923126199,0.152715380903876,0.6414342629482072,0.0704764183530035,0.1374421677454058,0.0091378322545941,0.5127714405927601,1.4,0.5131756759690881,2.6924580658458623,-0.1085265131489235,0.0293350971740893,0.0318382271572281,0.0,1,16.920000076293945,19.829999923706055,2.262000076293946,3.6500000000000004,4.040000000000006,expiry_intrinsic,0.18250000000000002,1.9500000000000002,-59.20000000000059,-0.008457142857142943,fold_6,logreg,0.8
HII,2025-09-30,2025-10-30,1.0,287.91,269.83,10.82,18.25,3.4377,3.93,3.13,8.0,3.4343,3.4343,3.445,3.4788,2.0,0.0,2.0,0.0,2948158330.0,3078270000.0,2877000000.0,9.0,33851.68,29495.81,2168.7,1328.06,3.53,12.73,0.24,-11.87,1.85,-6.56,-12.99,-1.69,-0.95,300.0,320.0,300.0,2025-11-21,15.15,14.9,30.049999999999997,10.016666666666666,25.95,3.0749999999999997,29.025,305.49,5.490000000000009,0.52218,0.48316,0.50267,0.29292,41.7271768754849,-0.1121949999999999,162.0,15.0,8.045454545454545,23.0,6.666666666666665,1,3.3500000000000005,2025-10-29,687.0,683.4981689453125,0.14658,0.1526799999999999,0.1601703571428571,0.0060999999999999,0.0135903571428571,0,0.17097,0.12219,0.04878,0.0,0.3124919923126199,0.152715380903876,0.6414342629482072,0.0704764183530035,0.1374421677454058,0.0091378322545941,0.5127714405927601,1.4,0.5131756759690881,2.6924580658458623,-0.1085265131489235,0.0293350971740893,0.0318382271572281,0.0,1,16.920000076293945,19.829999923706055,2.262000076293946,30.05,5.490000000000009,expiry_intrinsic,1.5025000000000002,1.9500000000000002,2303.7999999999993,0.07679333333333331,fold_6,logreg,0.8
COIN,2025-09-30,2025-10-30,1.0,337.49,314.69,-2.66,4.39,1.0958,1.39,0.77,19.0,1.1329,1.1801,1.1813,1.325,1.0,0.0,3.0,5.0,1802105610.0,2028900000.0,1665000000.0,22.0,-3554.56,-8396.16,2140.82,5465.68,5.06,-26.4,-14.33,3571.43,2041.67,46955125.0,28.54,-9.44,0.77,347.5,345.0,347.5,2025-10-31,14.875,13.375,28.25,8.129496402877697,0.03,4.875,4.905,343.78,3.7200000000000273,1.39045,1.36119,1.37582,0.61974,54.954863281533925,-0.6926650000000001,414.0,341.0,0.7815270840593178,2.0,0.7194244604316502,1,7.410071942446047,2025-10-29,687.0,683.4981689453125,0.14658,0.1526799999999999,0.1601703571428571,0.0060999999999999,0.0135903571428571,0,0.17097,0.12219,0.04878,0.0,0.3124919923126199,0.152715380903876,0.6414342629482072,0.0704764183530035,0.1374421677454058,0.0091378322545941,0.5127714405927601,1.4,0.5131756759690881,2.6924580658458623,-0.1085265131489235,0.0293350971740893,0.0318382271572281,0.0,1,16.920000076293945,19.829999923706055,2.262000076293946,28.25,3.7200000000000273,expiry_intrinsic,1.4125,1.9500000000000002,2309.7999999999975,0.06646906474820137,fold_6,logreg,1.0
BLDR,2025-09-30,2025-10-30,1.0,121.25,130.18,-7.88,-14.2,1.7238,1.9424,1.5276,16.0,1.7275,1.7645,1.7645,2.4792,0.0,0.0,0.0,3.0,3845927340.0,4015110780.0,3724600000.0,20.0,62368.29,62013.97,238.09,125.04,-4.99,15.76,-4.85,-32.0,57.62,-27.5,-36.4,-2.14,-3.63,115.0,115.0,115.0,2025-11-21,6.0,6.45,12.45,10.826086956521738,6.15,4.35,10.5,101.62,13.379999999999995,0.49292,0.59047,0.541695,0.473405,12.606725186682546,-0.058535,123.0,15.0,0.9689067201604814,23.0,0.0,1,10.826086956521738,2025-10-29,687.0,683.4981689453125,0.14658,0.1526799999999999,0.1601703571428571,0.0060999999999999,0.0135903571428571,0,0.17097,0.12219,0.04878,0.0,0.3124919923126199,0.152715380903876,0.6414342629482072,0.0704764183530035,0.1374421677454058,0.0091378322545941,0.5127714405927601,1.4,0.5131756759690881,2.6924580658458623,-0.1085265131489235,0.0293350971740893,0.0318382271572281,0.0,1,16.920000076293945,19.829999923706055,2.262000076293946,12.45,13.379999999999995,expiry_intrinsic,0.6225,1.9500000000000002,-157.19999999999962,-0.013669565217391271,fold_6,logreg,0.8
AMP,2025-09-30,2025-10-30,1.0,491.25,501.52,-7.56,-9.45,9.7608,9.96,9.42,12.0,9.6017,9.55,9.55,9.476,6.0,0.0,8.0,1.0,4565549330.0,4626000000.0,4524000000.0,6.0,7952.48,12419.42,-3157.76,5877.32,3.67,0.48,9.21,6.8,56.26,29.35,28.54,-104.5,5.97,480.0,450.0,480.0,2025-11-21,13.7,15.8,29.5,6.145833333333333,1.775,29.799999999999997,31.574999999999996,447.56,32.44,0.28804,0.32707,0.307555,0.239265,22.20415860577783,-0.058535,5.0,54.0,1.1666666666666667,23.0,6.25,0,-0.1041666666666669,2025-10-29,687.0,683.4981689453125,0.14658,0.1526799999999999,0.1601703571428571,0.0060999999999999,0.0135903571428571,0,0.17097,0.12219,0.04878,0.0,0.3124919923126199,0.152715380903876,0.6414342629482072,0.0704764183530035,0.1374421677454058,0.0091378322545941,0.5127714405927601,1.4,0.5131756759690881,2.6924580658458623,-0.1085265131489235,0.0293350971740893,0.0318382271572281,0.0,1,16.920000076293945,19.829999923706055,2.262000076293946,29.5,32.44,expiry_intrinsic,1.475,1.9500000000000002,-443.4499999999997,-0.00923854166666666,fold_6,logreg,0.8
RMD,2025-09-30,2025-10-30,1.0,273.73,279.2,-7.84,-9.65,2.4987,2.5649,2.45,12.0,2.5048,2.5085,2.5023,2.4388,0.0,0.0,0.0,0.0,1332902740.0,1358700000.0,1300000000.0,19.0,-4082.72,-1262.43,-1364.16,1944.27,7.92,0.75,9.85,11.27,144.33,9.41,13.8,2.39,1.71,250.0,250.0,250.0,2025-11-21,14.95,11.35,26.299999999999997,10.52,4.95,7.800000000000001,12.75,250.75,0.75,0.50267,0.53194,0.5173049999999999,0.26365,49.03393549260107,-0.1658499999999999,80.0,1.0,4.6104651162790695,23.0,0.0,1,10.52,2025-10-29,687.0,683.4981689453125,0.14658,0.1526799999999999,0.1601703571428571,0.0060999999999999,0.0135903571428571,0,0.17097,0.12219,0.04878,0.0,0.3124919923126199,0.152715380903876,0.6414342629482072,0.0704764183530035,0.1374421677454058,0.0091378322545941,0.5127714405927601,1.4,0.5131756759690881,2.6924580658458623,-0.1085265131489235,0.0293350971740893,0.0318382271572281,0.0,1,16.920000076293945,19.829999923706055,2.262000076293946,26.299999999999997,0.75,expiry_intrinsic,1.315,1.9500000000000002,2421.5499999999997,0.09686199999999999,fold_6,logreg,0.8
EME,2025-09-30,2025-10-30,1.0,649.54,624.67,-0.24,3.73,6.5275,6.8,6.32,8.0,6.5275,6.4975,6.5,6.2157,1.0,0.0,1.0,0.0,4280359140.0,4375000000.0,4171100000.0,9.0,56157.79,50142.16,2143.49,1308.54,17.39,11.3,15.49,28.0,27.76,25.76,24.76,0.72,0.57,780.0,680.0,780.0,2025-11-21,39.65,40.6,80.25,10.288461538461538,1.75,104.85,106.6,581.58,198.41999999999996,0.51243,0.51243,0.51243,0.3856,24.750697656265256,-0.092685,95.0,77.0,0.7700729927007299,23.0,12.82051282051282,0,-2.532051282051281,2025-10-29,687.0,683.4981689453125,0.14658,0.1526799999999999,0.1601703571428571,0.0060999999999999,0.0135903571428571,0,0.17097,0.12219,0.04878,0.0,0.3124919923126199,0.152715380903876,0.6414342629482072,0.0704764183530035,0.1374421677454058,0.0091378322545941,0.5127714405927601,1.4,0.5131756759690881,2.6924580658458623,-0.1085265131489235,0.0293350971740893,0.0318382271572281,0.0,1,16.920000076293945,19.829999923706055,2.262000076293946,80.25,198.41999999999996,expiry_intrinsic,4.0125,1.9500000000000002,-12220.199999999997,-0.15666923076923073,fold_6,logreg,0.8
WTW,2025-09-30,2025-10-30,1.0,345.45,314.77,-8.24,0.71,3.049,3.23,2.85,19.0,3.0552,3.0394,3.0172,2.9905,1.0,0.0,6.0,3.0,2284415400.0,2312000000.0,2241000000.0,10.0,4039.22,3469.4,177.98,293.7,-0.22,1.71,2.75,12.16,-8.63,15.71,73.58,-39.55,6.92,320.0,310.0,320.0,2025-11-21,9.15,11.4,20.55,6.421875000000001,4.225,10.65,14.875,315.05,4.949999999999989,0.30755,0.32707,0.31731,0.23926,24.59739686741672,-0.0780449999999999,106.0,412.0,1.0114503816793894,23.0,3.125,1,3.296875000000001,2025-10-29,687.0,683.4981689453125,0.14658,0.1526799999999999,0.1601703571428571,0.0060999999999999,0.0135903571428571,0,0.17097,0.12219,0.04878,0.0,0.3124919923126199,0.152715380903876,0.6414342629482072,0.0704764183530035,0.1374421677454058,0.0091378322545941,0.5127714405927601,1.4,0.5131756759690881,2.6924580658458623,-0.1085265131489235,0.0293350971740893,0.0318382271572281,0.0,1,16.920000076293945,19.829999923706055,2.262000076293946,20.55,4.949999999999989,expiry_intrinsic,1.0275,1.9500000000000002,1455.300000000001,0.045478125000000036,fold_6,logreg,0.8
WEC,2025-09-30,2025-10-30,1.0,114.59,110.24,-1.74,2.14,0.812,0.83,0.7947,7.0,0.799,0.7962,0.7862,0.8639,2.0,0.0,3.0,0.0,1897991270.0,2061356720.0,1435517540.0,7.0,8037.15,7598.62,212.22,138.32,13.4,-36.2,2.09,13.43,-66.52,8.04,10.99,-1.45,-0.44,115.0,110.0,115.0,2025-11-21,2.225,2.95,5.175000000000001,4.500000000000001,0.8,4.6,5.3999999999999995,111.14,3.859999999999999,0.20024,0.24902,0.22463,0.195365,13.028090637937936,-0.0243899999999999,384.0,522.0,0.9260450160771704,23.0,4.347826086956519,1,0.152173913043482,2025-10-29,687.0,683.4981689453125,0.14658,0.1526799999999999,0.1601703571428571,0.0060999999999999,0.0135903571428571,0,0.17097,0.12219,0.04878,0.0,0.3124919923126199,0.152715380903876,0.6414342629482072,0.0704764183530035,0.1374421677454058,0.0091378322545941,0.5127714405927601,1.4,0.5131756759690881,2.6924580658458623,-0.1085265131489235,0.0293350971740893,0.0318382271572281,0.0,1,16.920000076293945,19.829999923706055,2.262000076293946,5.175000000000001,3.859999999999999,expiry_intrinsic,0.25875000000000004,1.9500000000000002,103.67500000000017,0.009015217391304363,fold_6,logreg,0.8
VMC,2025-09-30,2025-10-30,1.0,307.62,274.94,-5.73,5.48,2.719,2.82,2.56,18.0,2.7179,2.6766,2.6766,2.6495,3.0,0.0,6.0,1.0,2264993620.0,2371017790.0,2061000000.0,16.0,13018.02,12459.95,257.31,356.98,4.37,28.62,-2.73,4.26,145.0,9.49,3.84,0.34,-0.12,300.0,290.0,300.0,2025-11-21,7.45,12.4,19.85,6.616666666666666,2.925,13.5,16.425,287.83,12.170000000000016,0.31731,0.33682,0.327065,0.24414,25.354287374069372,-0.0487799999999999,236.0,2.0,1.3333333333333333,23.0,3.3333333333333326,1,3.2833333333333337,2025-10-29,687.0,683.4981689453125,0.14658,0.1526799999999999,0.1601703571428571,0.0060999999999999,0.0135903571428571,0,0.17097,0.12219,0.04878,0.0,0.3124919923126199,0.152715380903876,0.6414342629482072,0.0704764183530035,0.1374421677454058,0.0091378322545941,0.5127714405927601,1.4,0.5131756759690881,2.6924580658458623,-0.1085265131489235,0.0293350971740893,0.0318382271572281,0.0,1,16.920000076293945,19.829999923706055,2.262000076293946,19.85,12.170000000000016,expiry_intrinsic,0.9925000000000002,1.9500000000000002,666.7999999999986,0.02222666666666662,fold_6,logreg,0.8
KIM,2025-09-30,2025-10-30,0.0,21.85,20.74,-3.94,1.21,0.1929,0.22,0.17,5.0,0.1861,0.1773,0.1684,0.1684,0.0,0.0,0.0,0.0,521398800.0,524216000.0,518662000.0,5.0,15554.4,15456.19,3.2,83.1,4.99,-2.13,11.54,5.88,0.0,2.87,28.06,0.8,7.06,22.5,20.0,22.5,2025-11-21,0.15,1.2000000000000002,1.35,6.000000000000001,0.1,2.0,2.1,20.36,2.140000000000001,0.22951,0.23926,0.234385,0.297795,-27.05377903876102,-0.0048799999999999,241.0,16.0,5.669642857142857,23.0,11.111111111111116,0,-5.111111111111115,2025-10-29,687.0,683.4981689453125,0.14658,0.1526799999999999,0.1601703571428571,0.0060999999999999,0.0135903571428571,0,0.17097,0.12219,0.04878,0.0,0.3124919923126199,0.152715380903876,0.6414342629482072,0.0704764183530035,0.1374421677454058,0.0091378322545941,0.5127714405927601,1.4,0.5131756759690881,2.6924580658458623,-0.1085265131489235,0.0293350971740893,0.0318382271572281,0.0,1,16.920000076293945,19.829999923706055,2.262000076293946,1.35,2.140000000000001,expiry_intrinsic,0.0675,1.9500000000000002,-87.7000000000001,-0.038977777777777826,fold_6,logreg,0.8
AJG,2025-09-30,2025-10-30,0.0,309.74,284.17,-15.4,-7.79,2.5367,2.62,2.46,16.0,2.5129,2.446,2.4083,2.4303,2.0,0.0,12.0,2.0,3461139800.0,3504000000.0,3435999000.0,5.0,3085.92,4985.38,-1144.1,1173.09,16.05,-13.59,14.59,3.1,-14.34,28.19,30.44,2.47,2.14,260.0,250.0,260.0,2025-11-21,10.8,7.3,18.1,6.961538461538462,3.15,13.15,16.3,251.41,8.590000000000003,0.35633,0.32707,0.3417,0.302675,11.420836991513015,-0.0487799999999999,0.0,0.0,4.796407185628743,23.0,3.846153846153843,1,3.115384615384618,2025-10-29,687.0,683.4981689453125,0.14658,0.1526799999999999,0.1601703571428571,0.0060999999999999,0.0135903571428571,0,0.17097,0.12219,0.04878,0.0,0.3124919923126199,0.152715380903876,0.6414342629482072,0.0704764183530035,0.1374421677454058,0.0091378322545941,0.5127714405927601,1.4,0.5131756759690881,2.6924580658458623,-0.1085265131489235,0.0293350971740893,0.0318382271572281,0.0,1,16.920000076293945,19.829999923706055,2.262000076293946,18.1,8.590000000000003,expiry_intrinsic,0.9050000000000001,1.9500000000000002,858.5499999999998,0.03302115384615384,fold_6,logreg,0.8
FANG,2025-09-30,2025-11-03,1.0,147.47,145.68,-4.2,-3.03,2.9449,3.23,2.4,24.0,2.9224,2.8439,2.7984,3.1111,1.0,0.0,8.0,7.0,3529706450.0,3833000000.0,3347292000.0,6.0,8574.82,7929.54,312.11,339.64,47.63,-9.43,38.85,-40.93,-41.19,35.5,-1.47,-14.43,-15.54,142.78,140.31,145.0,2025-11-21,3.975,6.449999999999999,10.425,7.301442779100714,1.7999999999999998,8.05,9.85,146.44,1.4399999999999975,0.33682,0.41487,0.375845,0.3514549999999999,6.489377269885198,-0.0243899999999999,821.0,46.0,0.3323643410852713,21.0,1.7299341644487989,1,5.571508614651916,2025-10-31,684.0,678.1983642578125,0.1444885714285714,0.15634,0.1653982142857142,0.0118514285714285,0.0209096428571428,0,0.1737585714285714,0.1249785714285714,0.0487799999999999,0.0048799999999999,0.2727035539238525,0.1464364981504316,0.6095617529880478,0.1298993109386806,0.1441411747619144,0.000347396666657,0.901195034335208,1.21,-0.5821028507327722,1.4413568616510084,-0.3252777478031036,0.0071022648739387,0.0191866558812945,-0.0077539413100081,1,17.440000534057617,20.489999771118164,2.991143391200474,10.424999999999999,1.4399999999999975,expiry_intrinsic,0.52125,1.9500000000000002,844.4250000000001,0.05914168651071579,fold_6,logreg,0.8
IT,2025-09-30,2025-11-04,0.0,257.2,243.71,-11.68,-6.79,2.4269,2.74,2.24,13.0,2.4261,2.4152,2.4093,2.6754,2.0,0.0,4.0,0.0,1520664680.0,1545000000.0,1509670000.0,11.0,54244.32,50820.32,-1854.19,4687.67,5.73,9.93,5.67,9.63,30.26,2.84,2.61,0.65,-0.59,250.0,240.0,250.0,2025-11-21,13.9,19.8,33.7,13.48,3.1500000000000004,16.75,19.9,234.18,15.819999999999991,0.7173,0.81486,0.7660800000000001,0.48316,36.93086883876359,-0.219505,60.0,17.0,0.2954248366013072,18.0,4.0000000000000036,1,9.479999999999997,2025-11-03,686.0,679.4711303710938,0.1451857142857142,0.1520699999999999,0.1616842857142857,0.0068842857142857,0.0164985714285714,0,0.17097,0.1291614285714286,0.0418085714285714,0.00488,0.2817980208352744,0.1485294590682463,0.6135458167330677,0.0946724485893877,0.1441378861606932,0.001047828125021,0.6568186277120884,1.27,-0.2045226232304332,4.420121853122671,0.1712725690893085,-0.0027727195852735,0.0211144294852627,-0.005891805943581,1,17.170000076293945,20.3799991607666,2.6514286477225166,33.7,15.819999999999991,expiry_intrinsic,1.6850000000000003,1.9500000000000002,1617.550000000001,0.06470200000000004,fold_6,logreg,0.8
EVRG,2025-09-30,2025-11-06,0.0,77.69,72.42,-2.74,4.34,2.059,2.13,1.8425,8.0,2.0518,2.0374,2.1008,2.1006,0.0,0.0,1.0,2.0,2323202970.0,3306008440.0,1797905450.0,3.0,11063.84,11293.23,-147.84,242.27,-1.42,4.24,5.01,-8.89,51.85,-1.06,-6.81,-21.17,-1.35,77.5,75.0,77.5,2025-11-21,0.92,1.525,2.4450000000000003,3.15483870967742,0.6,2.6,3.2,75.85,1.6500000000000057,0.02463,0.19048,0.107555,0.31243,-190.48393845009525,0.07805,373.0,2.0,0.2105263157894736,16.0,3.2258064516129004,0,-0.0709677419354806,2025-11-05,679.0,673.7437133789062,0.15146,0.1526799999999999,0.166095,0.0012199999999999,0.0146349999999999,0,0.18073,0.13195,0.0487799999999999,0.0048799999999999,0.3636482230380737,0.1673661073285799,0.7171314741035857,0.1253427026304716,0.1501667208936776,0.0012932791063223,0.8346902821379302,1.17,-0.6946781023085637,1.065096956710493,-0.4892707646516285,-0.014271370443403,0.0126434838272775,-0.014271370443403,1,18.010000228881836,20.600000381469727,2.864000228881835,2.445,1.6500000000000057,expiry_intrinsic,0.12225,1.9500000000000002,65.32499999999942,0.00842903225806444,fold_6,logreg,0.8
