ticker,fiscal_quarter_end,announcement_date,eps_beat,price_1m_before,price_3m_before,price_change_1m_pct,price_change_3m_pct,eps_estimate_average,eps_estimate_high,eps_estimate_low,eps_estimate_analyst_count,eps_estimate_average_7_days_ago,eps_estimate_average_30_days_ago,eps_estimate_average_60_days_ago,eps_estimate_average_90_days_ago,eps_estimate_revision_up_trailing_7_days,eps_estimate_revision_down_trailing_7_days,eps_estimate_revision_up_trailing_30_days,eps_estimate_revision_down_trailing_30_days,revenue_estimate_average,revenue_estimate_high,revenue_estimate_low,revenue_estimate_analyst_count,elo_before,elo_decay,elo_momentum,elo_vol_4q,total_revenue_yoy_growth_lag1,total_revenue_qoq_growth_lag1,total_revenue_ttm_yoy_growth_lag1,actual_eps_yoy_growth_lag1,actual_eps_qoq_growth_lag1,ebitda_yoy_growth_lag1,operating_income_yoy_growth_lag1,gross_margin_yoy_change_lag1,operating_margin_yoy_change_lag1,stock_price_pre,stock_price_post,atm_strike_pre,atm_expiration_pre,atm_call_mid_pre,atm_put_mid_pre,straddle_price_pre,straddle_pct_pre,atm_call_mid_post,atm_put_mid_post,exit_premium,expiry_close,exit_intrinsic_at_expiry,iv_call_pre,iv_put_pre,iv_avg_pre,iv_avg_post,iv_crush_pct,iv_term_slope,atm_open_interest_pre,atm_volume_pre,chain_pc_volume_ratio,dte_pre,actual_move_pct,crush_profitable,crush_pnl_pct,spy_join_date,spy_spot,spy_spy_close,spy_atm_iv_30d,spy_atm_iv_60d,spy_atm_iv_90d,spy_term_slope_30_60,spy_term_slope_30_90,spy_backwardation_flag,spy_iv_25d_put,spy_iv_25d_call,spy_risk_reversal_25d,spy_butterfly_25d,spy_iv_rank_30d,spy_iv_rank_252d,spy_iv_percentile_252d,spy_rv_5d,spy_rv_21d,spy_vrp_30d,spy_vol_expansion,spy_pc_ratio,spy_pc_ratio_z_20d,spy_voi_ratio,spy_voi_ratio_z_20d,spy_spy_ret_5d,spy_spy_ret_21d,spy_spy_dd_from_60d_high,spy_spy_above_200d_ma,spy_vix_close,spy_vix3m_close,spy_vix_minus_atm_iv_30d,entry_premium,exit_cost,exit_source,half_spread,commission,pnl_dollars,pnl_pct_notional,fold,model,proba
NFLX,2023-03-31,2023-04-18,1.0,303.5,326.33,9.95,2.26,2.86,3.15,2.72,34.0,2.86,2.85,2.85,2.95,1.0,0.0,8.0,1.0,8176740000.0,8261000000.0,8118590000.0,31.0,10572.0,9622.24,448.0,1105.68,6.46,298.9,7.14,-90.98,-96.13,6.77,-9.07,-2.27,-3.04,332.5,322.5,332.5,2023-04-21,15.15,14.65,29.8,8.962406015037594,1.3,10.475,11.775,327.98,4.519999999999982,1.07827,1.06851,1.07339,0.4685249999999999,56.35090693969573,-0.58047,76.0,718.0,0.8358689778442865,4.0,3.007518796992481,1,5.954887218045113,2023-04-17,417.0,398.3369445800781,0.1430942857142857,0.15634,0.1588923809523809,0.0132457142857143,0.0157980952380952,0,0.17097,0.13195,0.03902,0.0083657142857143,0.0,0.0,0.0,0.1087038164317319,0.13098694001787,0.0121073456964156,0.8298828602065363,1.18,-1.0419112482663886,0.8091449913302831,-0.584628380505793,0.0105710928017577,0.0490011038348112,-0.0030235352256938,1,16.950000762939453,19.649999618530273,2.6405721915108824,29.8,4.519999999999982,expiry_intrinsic,1.4900000000000002,1.9500000000000002,2377.050000000002,0.07149022556390984,fold_1,xgb,0.8307692408561707
POOL,2023-03-31,2023-04-20,0.0,346.72,352.74,-4.13,-5.77,3.21,3.47,2.78,11.0,3.29,3.31,3.25,3.4,0.0,0.0,0.0,4.0,1291340000.0,1319420000.0,1235100000.0,11.0,31480.8,31308.0,-608.0,1105.82,16.7,282.57,17.87,-30.8,-61.92,23.41,23.18,0.75,0.87,340.0,340.0,340.0,2023-04-21,9.75,11.75,21.5,6.323529411764706,2.85,0.4,3.25,343.24,3.240000000000009,1.02949,1.10753,1.0685099999999998,0.331945,68.93384245351002,-0.6926649999999999,194.0,52.0,1.632606199770379,2.0,0.0,1,6.323529411764706,2023-04-19,417.0,398.52935791015625,0.1417,0.1514599999999999,0.1598214285714285,0.0097599999999999,0.0181214285714285,0,0.17097,0.12219,0.04878,0.0048799999999999,0.0,0.0,0.0039840637450199,0.0970443001028848,0.1187793526079844,0.0229206473920155,0.8170132095530671,1.3,-0.1987166237704902,0.4352285957459404,-0.8361492967052433,0.0149246423498918,0.0518107618385403,-0.0025419540813715,1,16.459999084472656,20.020000457763672,2.2899990844726563,21.5,3.240000000000009,expiry_intrinsic,1.075,1.9500000000000002,1716.549999999999,0.05048676470588233,fold_1,xgb,0.782608687877655
CDNS,2023-03-31,2023-04-24,1.0,204.48,182.38,4.16,16.78,1.25,1.29,1.24,10.0,1.25,1.25,1.25,1.1,1.0,0.0,1.0,0.0,1008990000.0,1018400000.0,1000800000.0,10.0,6204.0,5733.6,181.33,109.4,19.19,294.63,19.6,17.07,-9.43,31.39,37.81,-0.16,4.08,210.0,200.0,210.0,2023-05-19,8.7,5.05,13.75,6.547619047619048,2.9749999999999996,8.3,11.275,216.71,6.710000000000008,0.28804,0.28804,0.28804,0.26853,6.773364810443002,0.0,1184.0,88.0,0.7644859813084112,28.0,4.761904761904767,1,1.7857142857142811,2023-04-21,415.0,396.6625061035156,0.1417,0.1549457142857143,0.1607504761904762,0.0132457142857143,0.0190504761904762,0,0.1737585714285714,0.12219,0.0515685714285714,0.0062742857142857,0.0,0.0,0.0079681274900398,0.0524992758523668,0.0930459055597312,0.0486540944402687,0.5642298340432049,1.2,-0.6556412208654807,0.6908450020768039,-0.539539878330809,-0.0006303996083049,0.0512355569559983,-0.007214398703359,1,16.770000457763672,20.38999938964844,2.600000457763672,13.75,6.710000000000008,expiry_intrinsic,0.6875,1.9500000000000002,633.2999999999992,0.030157142857142816,fold_1,xgb,0.8307692408561707
ARE,2023-03-31,2023-04-24,1.0,119.86,158.62,3.5,-21.79,0.78,0.97,0.55,4.0,0.78,0.78,0.72,0.71,0.0,0.0,0.0,0.0,642010000.0,685000000.0,521760000.0,5.0,962.4,3698.4,-1136.0,1135.06,22.46,292.35,23.45,-46.55,-11.43,20.56,18.23,-0.76,-0.86,125.0,120.0,125.0,2023-05-19,4.199999999999999,3.75,7.949999999999999,6.359999999999999,1.85,5.8,7.65,115.8,9.200000000000005,0.30755,0.26853,0.2880399999999999,0.31243,-8.467573948062778,-0.0048749999999999,1826.0,4.0,0.3350515463917525,28.0,4.0000000000000036,1,2.359999999999996,2023-04-21,415.0,396.6625061035156,0.1417,0.1549457142857143,0.1607504761904762,0.0132457142857143,0.0190504761904762,0,0.1737585714285714,0.12219,0.0515685714285714,0.0062742857142857,0.0,0.0,0.0079681274900398,0.0524992758523668,0.0930459055597312,0.0486540944402687,0.5642298340432049,1.2,-0.6556412208654807,0.6908450020768039,-0.539539878330809,-0.0006303996083049,0.0512355569559983,-0.007214398703359,1,16.770000457763672,20.38999938964844,2.600000457763672,7.949999999999999,9.200000000000005,expiry_intrinsic,0.39749999999999996,1.9500000000000002,-166.70000000000053,-0.013336000000000042,fold_1,xgb,0.8307692408561707
NEE,2023-03-31,2023-04-25,1.0,75.69,76.59,2.81,1.61,0.72,0.84,0.42,8.0,0.68,0.71,0.7,0.7,1.0,0.0,2.0,0.0,5500290000.0,6198240000.0,4850000000.0,5.0,-52156.0,-52419.36,225.07,149.71,22.77,211.89,22.88,24.39,-40.0,10.53,4.94,-1.94,-3.31,80.0,75.0,80.0,2023-05-19,1.7,2.375,4.075,5.09375,0.225,6.0,6.225,74.48,5.519999999999996,0.24902,0.23926,0.24414,0.24414,0.0,-0.0097549999999999,4055.0,831.0,0.4713168595558336,25.0,6.25,0,-1.15625,2023-04-24,415.0,397.0763244628906,0.1417,0.1538999999999999,0.1619121428571428,0.0121999999999999,0.0202121428571428,0,0.1779414285714285,0.12219,0.0557514285714285,0.0083657142857143,0.0,0.0,0.0119521912350597,0.0435295890633698,0.0931510130727776,0.0485489869272223,0.4673012952565607,1.02,-1.6037090419877444,0.5424146574553728,-0.6306545047046789,-0.003164708004969,0.049495118798803,-0.0061786746245309,1,16.889999389648438,20.399999618530273,2.7199993896484376,4.075,5.519999999999996,expiry_intrinsic,0.20375000000000001,1.9500000000000002,-166.8249999999996,-0.020853124999999948,fold_1,xgb,0.8307692408561707
PCAR,2023-03-31,2023-04-25,1.0,69.9,110.81,7.01,-32.5,1.81,2.25,1.69,17.0,1.8,1.79,1.76,2.19,3.0,0.0,7.0,0.0,7709340000.0,8280100000.0,7442000000.0,10.0,-15298.4,-14444.16,153.07,1120.32,22.52,308.43,22.67,79.59,19.73,42.22,60.91,2.5,3.04,75.0,72.5,75.0,2023-05-19,1.575,2.7750000000000004,4.3500000000000005,5.800000000000001,1.1,3.0,4.1,71.75,3.25,0.25877,0.28804,0.273405,0.273405,0.0,-0.01951,1560.0,288.0,1.6735504368546466,25.0,3.3333333333333326,1,2.466666666666668,2023-04-24,415.0,397.0763244628906,0.1417,0.1538999999999999,0.1619121428571428,0.0121999999999999,0.0202121428571428,0,0.1779414285714285,0.12219,0.0557514285714285,0.0083657142857143,0.0,0.0,0.0119521912350597,0.0435295890633698,0.0931510130727776,0.0485489869272223,0.4673012952565607,1.02,-1.6037090419877444,0.5424146574553728,-0.6306545047046789,-0.003164708004969,0.049495118798803,-0.0061786746245309,1,16.889999389648438,20.399999618530273,2.7199993896484376,4.3500000000000005,3.25,expiry_intrinsic,0.21750000000000003,1.9500000000000002,86.30000000000005,0.011506666666666674,fold_1,xgb,0.8307692408561707
LH,2023-03-31,2023-04-25,0.0,218.41,253.7,1.37,-12.73,3.96,4.33,3.66,13.0,3.97,3.97,4.03,4.18,0.0,0.0,0.0,1.0,3692370000.0,3829000000.0,3598540000.0,11.0,40493.6,40053.28,-102.4,445.21,-9.68,313.84,-14.47,-38.85,-11.54,-46.84,-52.88,-6.75,-11.1,230.0,220.0,230.0,2023-05-19,7.8,5.05,12.85,5.58695652173913,1.775,9.9,11.675,216.82,13.180000000000009,0.24902,0.26853,0.258775,0.234385,9.425176311467478,-0.0195099999999999,544.0,70.0,2.4033333333333333,25.0,4.347826086956519,1,1.239130434782611,2023-04-24,415.0,397.0763244628906,0.1417,0.1538999999999999,0.1619121428571428,0.0121999999999999,0.0202121428571428,0,0.1779414285714285,0.12219,0.0557514285714285,0.0083657142857143,0.0,0.0,0.0119521912350597,0.0435295890633698,0.0931510130727776,0.0485489869272223,0.4673012952565607,1.02,-1.6037090419877444,0.5424146574553728,-0.6306545047046789,-0.003164708004969,0.049495118798803,-0.0061786746245309,1,16.889999389648438,20.399999618530273,2.7199993896484376,12.85,13.180000000000009,expiry_intrinsic,0.6425000000000001,1.9500000000000002,-99.20000000000091,-0.004313043478260909,fold_1,xgb,0.8307692408561707
IVZ,2023-03-31,2023-04-25,1.0,15.05,18.0,11.63,-6.67,0.36,0.41,0.33,12.0,0.35,0.34,0.34,0.38,1.0,0.0,8.0,0.0,1093500000.0,1116700000.0,1061300000.0,7.0,4672.8,4065.6,-53.87,848.25,-12.26,318.41,-11.4,-54.65,14.71,-45.43,-26.31,-0.8,-4.16,17.0,17.0,17.0,2023-05-19,0.475,0.7749999999999999,1.25,7.352941176470589,0.45,0.7,1.15,15.24,1.7599999999999998,0.28804,0.40511,0.346575,0.3417,1.4066219433023208,-0.0146299999999999,573.0,220.0,0.470125786163522,25.0,0.0,1,7.352941176470589,2023-04-24,415.0,397.0763244628906,0.1417,0.1538999999999999,0.1619121428571428,0.0121999999999999,0.0202121428571428,0,0.1779414285714285,0.12219,0.0557514285714285,0.0083657142857143,0.0,0.0,0.0119521912350597,0.0435295890633698,0.0931510130727776,0.0485489869272223,0.4673012952565607,1.02,-1.6037090419877444,0.5424146574553728,-0.6306545047046789,-0.003164708004969,0.049495118798803,-0.0061786746245309,1,16.889999389648438,20.399999618530273,2.7199993896484376,1.25,1.7599999999999998,expiry_intrinsic,0.0625,1.9500000000000002,-59.19999999999998,-0.0348235294117647,fold_1,xgb,0.8307692408561707
CB,2023-03-31,2023-04-25,0.0,186.55,229.77,7.84,-12.44,4.47,4.73,4.05,20.0,4.47,4.47,4.47,4.43,1.0,0.0,6.0,3.0,9411750000.0,10017000000.0,8937000000.0,8.0,12970.4,11076.0,509.87,1190.99,5.41,255.69,4.6,6.3,27.76,-30.58,-33.79,-2.6,-8.93,200.0,200.0,200.0,2023-05-19,5.5,4.35,9.85,4.925,3.9,4.85,8.75,201.18,1.1800000000000068,0.22951,0.23926,0.234385,0.21975,6.244000255989081,-0.0048799999999999,1335.0,213.0,0.4777142857142857,25.0,0.0,1,4.925,2023-04-24,415.0,397.0763244628906,0.1417,0.1538999999999999,0.1619121428571428,0.0121999999999999,0.0202121428571428,0,0.1779414285714285,0.12219,0.0557514285714285,0.0083657142857143,0.0,0.0,0.0119521912350597,0.0435295890633698,0.0931510130727776,0.0485489869272223,0.4673012952565607,1.02,-1.6037090419877444,0.5424146574553728,-0.6306545047046789,-0.003164708004969,0.049495118798803,-0.0061786746245309,1,16.889999389648438,20.399999618530273,2.7199993896484376,9.85,1.1800000000000068,expiry_intrinsic,0.4925,1.9500000000000002,815.7999999999993,0.040789999999999965,fold_1,xgb,0.8307692408561707
AVB,2023-03-31,2023-04-26,0.0,158.61,173.45,7.85,-1.38,1.13,1.54,0.99,8.0,1.13,1.14,1.1,1.89,0.0,0.0,0.0,0.0,668740000.0,685990000.0,647000000.0,12.0,36668.0,29882.72,3016.53,3703.06,13.01,289.82,13.26,-28.33,-51.27,10.41,28.17,1.77,3.58,170.0,180.0,170.0,2023-05-19,5.8,3.7,9.5,5.588235294117648,9.55,1.375,10.925,176.24,6.240000000000009,0.26853,0.26853,0.26853,0.22463,16.348266487915687,-0.0048799999999999,36.0,0.0,1.0917874396135263,24.0,5.882352941176472,0,-0.2941176470588242,2023-04-25,409.0,390.773193359375,0.166095,0.1730614285714286,0.1768951785714285,0.0069664285714285,0.0108001785714285,0,0.20024,0.1430942857142857,0.0571457142857143,0.0055721428571428,0.2778157385263637,0.1428822444138577,0.0717131474103585,0.1147778086813422,0.1112027805726327,0.0548922194273672,1.0321487294679148,1.06,-1.2880303838328573,1.9752270544192585,0.4737118647087602,-0.0196276503177307,0.026102234908655,-0.0219544479995478,1,18.760000228881836,21.649999618530273,2.1505002288818353,9.5,6.240000000000009,expiry_intrinsic,0.47500000000000003,1.9500000000000002,276.5499999999991,0.016267647058823477,fold_1,xgb,0.8307692408561707
KLAC,2023-03-31,2023-04-26,1.0,374.02,428.76,-4.45,-16.65,5.32,5.74,5.21,16.0,5.32,5.32,5.32,5.89,0.0,0.0,0.0,0.0,2374580000.0,2471380000.0,2349700000.0,14.0,-20647.2,-11180.32,-3698.67,5967.31,26.83,0.0,27.79,240.43,-78.32,25.78,24.14,-1.91,-0.87,360.0,385.0,360.0,2023-04-28,7.65,9.8,17.450000000000003,4.847222222222223,24.299999999999997,0.27,24.569999999999997,386.54,26.54000000000002,0.66852,0.66852,0.66852,0.3465749999999999,48.157871118291155,-0.278045,7.0,13.0,1.3822075782537069,3.0,6.944444444444442,0,-2.0972222222222188,2023-04-25,409.0,390.773193359375,0.166095,0.1730614285714286,0.1768951785714285,0.0069664285714285,0.0108001785714285,0,0.20024,0.1430942857142857,0.0571457142857143,0.0055721428571428,0.2778157385263637,0.1428822444138577,0.0717131474103585,0.1147778086813422,0.1112027805726327,0.0548922194273672,1.0321487294679148,1.06,-1.2880303838328573,1.9752270544192585,0.4737118647087602,-0.0196276503177307,0.026102234908655,-0.0219544479995478,1,18.760000228881836,21.649999618530273,2.1505002288818353,17.450000000000003,26.54000000000002,expiry_intrinsic,0.8725000000000002,1.9500000000000002,-998.2000000000019,-0.02772777777777783,fold_1,xgb,0.8307692408561707
LIN,2023-03-31,2023-04-27,1.0,347.37,324.7,5.26,12.61,2.1,2.1,2.1,1.0,2.11,2.09,2.4,2.32,0.0,0.0,0.0,1.0,8020460000.0,8174000000.0,7866910000.0,2.0,25844.0,23604.96,3034.67,2367.56,8.35,279.27,10.4,14.08,1.94,0.46,22.28,1.12,2.2,365.0,370.0,365.0,2023-05-19,9.0,7.85,16.85,4.616438356164384,9.8,4.35,14.15,371.49,6.490000000000009,0.22951,0.22951,0.22951,0.18073,21.253975861618223,-4.999999999977245e-06,566.0,9.0,1.683385579937304,23.0,1.3698630136986356,1,3.246575342465748,2023-04-26,407.0,389.1180114746094,0.166095,0.1727160714285714,0.180725,0.0066210714285714,0.01463,0,0.20024,0.1417,0.05854,0.004875,0.2778157385263637,0.1428822444138577,0.0756972111553784,0.1098270649267062,0.1127638969431819,0.053331103056818,0.9739559194379784,1.23,-0.2648286770497453,0.9646341695367132,-0.3500923917591259,-0.0236151898191363,0.0198491400409648,-0.0260971151723647,1,18.84000015258789,21.540000915527344,2.23050015258789,16.85,6.490000000000009,expiry_intrinsic,0.8425000000000001,1.9500000000000002,949.7999999999993,0.026021917808219157,fold_1,xgb,0.782608687877655
XEL,2023-03-31,2023-04-27,1.0,65.4,68.43,7.43,2.67,0.74,0.78,0.71,8.0,0.74,0.73,0.75,0.74,1.0,0.0,3.0,0.0,3764340000.0,3890810000.0,3585000000.0,3.0,4207.2,4260.64,1.07,80.71,13.99,275.06,13.02,18.97,-41.53,10.43,10.21,-0.87,-0.54,70.0,70.0,70.0,2023-05-19,1.475,1.5,2.975,4.25,1.175,1.1,2.2750000000000004,65.93,4.069999999999993,0.21975,0.21,0.2148749999999999,0.17097,20.432809773123896,0.0,1241.0,3.0,0.5662650602409639,23.0,0.0,1,4.25,2023-04-26,407.0,389.1180114746094,0.166095,0.1727160714285714,0.180725,0.0066210714285714,0.01463,0,0.20024,0.1417,0.05854,0.004875,0.2778157385263637,0.1428822444138577,0.0756972111553784,0.1098270649267062,0.1127638969431819,0.053331103056818,0.9739559194379784,1.23,-0.2648286770497453,0.9646341695367132,-0.3500923917591259,-0.0236151898191363,0.0198491400409648,-0.0260971151723647,1,18.84000015258789,21.540000915527344,2.23050015258789,2.975,4.069999999999993,expiry_intrinsic,0.14875000000000002,1.9500000000000002,-126.3249999999993,-0.018046428571428474,fold_1,xgb,0.782608687877655
WST,2023-03-31,2023-04-27,1.0,339.81,268.62,4.53,32.24,1.67,1.83,1.5,8.0,1.65,1.65,1.65,1.64,1.0,0.0,2.0,0.0,698190000.0,716900000.0,669000000.0,8.0,17407.2,15901.92,780.8,704.6,1.94,320.38,2.65,-13.24,-12.81,-8.14,0.63,-1.98,-0.34,360.0,360.0,360.0,2023-05-19,13.75,15.4,29.15,8.097222222222221,8.95,7.050000000000001,16.0,351.39,8.610000000000014,0.40511,0.40511,0.40511,0.234385,42.142874774752535,-0.08292,277.0,16.0,1.105263157894737,23.0,0.0,1,8.097222222222221,2023-04-26,407.0,389.1180114746094,0.166095,0.1727160714285714,0.180725,0.0066210714285714,0.01463,0,0.20024,0.1417,0.05854,0.004875,0.2778157385263637,0.1428822444138577,0.0756972111553784,0.1098270649267062,0.1127638969431819,0.053331103056818,0.9739559194379784,1.23,-0.2648286770497453,0.9646341695367132,-0.3500923917591259,-0.0236151898191363,0.0198491400409648,-0.0260971151723647,1,18.84000015258789,21.540000915527344,2.23050015258789,29.15,8.610000000000014,expiry_intrinsic,1.4575,1.9500000000000002,1906.2999999999986,0.05295277777777774,fold_1,xgb,0.8307692408561707
COF,2023-03-31,2023-04-27,0.0,91.12,117.58,5.34,-18.36,3.92,4.36,3.33,20.0,3.92,4.13,4.11,4.12,1.0,0.0,8.0,2.0,9045460000.0,9820000000.0,8806000000.0,14.0,22832.8,27094.56,-2906.67,1226.06,19.79,335.81,14.43,-47.87,-32.86,-35.46,-41.55,-27.06,-25.27,94.0,97.0,94.0,2023-04-28,3.0250000000000004,2.5250000000000004,5.550000000000001,5.904255319148937,3.35,0.04,3.39,97.3,3.299999999999997,1.00998,0.99046,1.00022,0.3514549999999999,64.86223030933196,-0.5902300000000001,81.0,15.0,1.201026518391788,2.0,3.1914893617021267,1,2.71276595744681,2023-04-26,407.0,389.1180114746094,0.166095,0.1727160714285714,0.180725,0.0066210714285714,0.01463,0,0.20024,0.1417,0.05854,0.004875,0.2778157385263637,0.1428822444138577,0.0756972111553784,0.1098270649267062,0.1127638969431819,0.053331103056818,0.9739559194379784,1.23,-0.2648286770497453,0.9646341695367132,-0.3500923917591259,-0.0236151898191363,0.0198491400409648,-0.0260971151723647,1,18.84000015258789,21.540000915527344,2.23050015258789,5.550000000000001,3.299999999999997,expiry_intrinsic,0.2775,1.9500000000000002,195.30000000000035,0.02077659574468089,fold_1,xgb,0.8307692408561707
VICI,2023-03-31,2023-05-01,0.0,32.62,34.18,3.56,-1.17,0.56,0.64,0.44,9.0,0.56,0.55,0.57,0.57,0.0,0.0,1.0,0.0,834400000.0,881000000.0,713650000.0,11.0,-589.6,-115.36,-292.27,399.07,72.28,246.05,68.12,43.18,85.29,18.34,13.02,0.51,-32.91,35.0,32.5,35.0,2023-05-19,0.225,1.275,1.5,4.285714285714286,0.05,2.3,2.3499999999999996,31.6,3.3999999999999986,0.18073,0.21,0.195365,0.229505,-17.474982724643617,0.0097499999999999,610.0,334.0,0.0922693266832917,21.0,7.14285714285714,0,-2.857142857142854,2023-04-28,418.0,400.25189208984375,0.13195,0.1427496428571428,0.1535503571428571,0.0107996428571428,0.0216003571428571,0,0.16122,0.11244,0.04878,0.0048799999999999,0.0,0.0,0.0,0.2129386487855496,0.1237030666891888,0.0082469333108111,1.7213691987165554,1.29,0.1772144426328895,2.1212454719908505,0.5116659676269537,0.0090489671473799,0.036327411234696,0.0,1,15.779999732971191,19.540000915527344,2.584999732971191,1.5,3.3999999999999986,expiry_intrinsic,0.07500000000000001,1.9500000000000002,-199.44999999999985,-0.056985714285714244,fold_1,xgb,0.8307692408561707
BEN,2023-03-31,2023-05-01,1.0,,,,,0.56,0.61,0.53,11.0,0.56,0.58,0.58,0.59,0.0,0.0,5.0,2.0,1899470000.0,1980000000.0,1831400000.0,3.0,9255.2,6900.0,885.33,1087.41,-11.55,0.0,-7.48,48.35,164.71,-53.73,-65.21,-2.6,-15.22,27.5,25.0,27.5,2023-05-19,0.575,1.1,1.675,6.090909090909092,0.075,2.35,2.4250000000000003,24.49,3.0100000000000016,0.31731,0.30755,0.31243,0.31243,0.0,-0.02927,1018.0,39.0,0.6057142857142858,21.0,9.090909090909092,0,-3.0000000000000018,2023-04-28,418.0,400.25189208984375,0.13195,0.1427496428571428,0.1535503571428571,0.0107996428571428,0.0216003571428571,0,0.16122,0.11244,0.04878,0.0048799999999999,0.0,0.0,0.0,0.2129386487855496,0.1237030666891888,0.0082469333108111,1.7213691987165554,1.29,0.1772144426328895,2.1212454719908505,0.5116659676269537,0.0090489671473799,0.036327411234696,0.0,1,15.779999732971191,19.540000915527344,2.584999732971191,1.675,3.0100000000000016,expiry_intrinsic,0.08375,1.9500000000000002,-143.82500000000013,-0.05230000000000005,fold_1,xgb,0.782608687877655
ANET,2023-03-31,2023-05-01,1.0,167.86,126.02,-4.59,27.09,1.34,1.38,1.29,21.0,1.35,1.34,1.34,1.21,0.0,0.0,1.0,0.0,1305950000.0,1330020000.0,1278300000.0,19.0,-40948.0,-41832.8,373.33,105.51,48.62,272.31,47.63,71.95,12.8,63.04,65.14,-2.73,3.49,160.0,135.0,160.0,2023-05-05,6.35,6.0,12.35,7.718749999999999,0.03,25.1,25.130000000000003,137.98,22.02000000000001,0.69779,0.69779,0.69779,0.444135,36.35119448544691,-0.30243,151.0,207.0,1.1097560975609757,7.0,15.625,0,-7.906250000000001,2023-04-28,418.0,400.25189208984375,0.13195,0.1427496428571428,0.1535503571428571,0.0107996428571428,0.0216003571428571,0,0.16122,0.11244,0.04878,0.0048799999999999,0.0,0.0,0.0,0.2129386487855496,0.1237030666891888,0.0082469333108111,1.7213691987165554,1.29,0.1772144426328895,2.1212454719908505,0.5116659676269537,0.0090489671473799,0.036327411234696,0.0,1,15.779999732971191,19.540000915527344,2.584999732971191,12.35,22.02000000000001,expiry_intrinsic,0.6175,1.9500000000000002,-1030.7000000000012,-0.06441875000000008,fold_1,xgb,0.8307692408561707
EIX,2023-03-31,2023-05-02,1.0,70.59,67.87,3.81,7.97,0.95,1.08,0.75,8.0,0.96,0.98,1.0,0.98,0.0,0.0,0.0,1.0,4250000000.0,4522890000.0,4061000000.0,3.0,3288.8,3208.8,189.87,242.25,15.53,229.38,14.9,-0.86,-22.3,11.54,0.41,-2.83,-1.3,75.0,72.5,75.0,2023-05-19,1.225,2.0,3.225,4.300000000000001,0.325,3.5,3.825,68.24,6.760000000000005,0.24902,0.22951,0.239265,0.234385,2.039579545692013,-0.019515,821.0,60.0,0.389763779527559,18.0,3.3333333333333326,1,0.966666666666668,2023-05-01,418.0,399.8478088378906,0.13195,0.141705,0.1545955357142857,0.009755,0.0226455357142856,0,0.1681842857142857,0.11244,0.0557442857142857,0.0083621428571428,0.0,0.0,0.0039840637450199,0.2138961282705632,0.1230891088531419,0.008860891146858,1.73773399014338,1.15,-0.6619606347199297,1.044833336959344,-0.278462693265298,0.0069797270808045,0.0292544844938364,-0.0010095723716464,1,16.079999923706055,19.670000076293945,2.8849999237060544,3.225,6.760000000000005,expiry_intrinsic,0.16125,1.9500000000000002,-371.5750000000005,-0.0495433333333334,fold_1,xgb,0.8307692408561707
ECL,2023-03-31,2023-05-02,1.0,165.53,155.73,5.29,11.91,0.86,0.89,0.82,20.0,0.86,0.87,0.86,0.85,0.0,0.0,0.0,0.0,3475560000.0,3572000000.0,3326000000.0,13.0,1463.2,1429.6,22.4,27.43,11.42,286.66,11.78,-0.78,-2.31,2.92,-4.45,-2.81,-1.89,170.0,175.0,170.0,2023-05-19,3.75,4.6,8.35,4.911764705882353,5.65,1.95,7.6,175.27,5.27000000000001,0.27829,0.27829,0.27829,0.22463,19.28204391102806,-0.0390249999999999,240.0,127.0,6.625,18.0,2.941176470588225,1,1.9705882352941284,2023-05-01,418.0,399.8478088378906,0.13195,0.141705,0.1545955357142857,0.009755,0.0226455357142856,0,0.1681842857142857,0.11244,0.0557442857142857,0.0083621428571428,0.0,0.0,0.0039840637450199,0.2138961282705632,0.1230891088531419,0.008860891146858,1.73773399014338,1.15,-0.6619606347199297,1.044833336959344,-0.278462693265298,0.0069797270808045,0.0292544844938364,-0.0010095723716464,1,16.079999923706055,19.670000076293945,2.8849999237060544,8.35,5.27000000000001,expiry_intrinsic,0.4175,1.9500000000000002,264.29999999999893,0.01554705882352935,fold_1,xgb,0.8307692408561707
CLX,2023-03-31,2023-05-02,1.0,158.24,144.41,5.99,16.14,1.22,1.41,1.02,16.0,1.22,1.19,1.19,1.32,0.0,0.0,6.0,0.0,1818290000.0,1862720000.0,1733000000.0,12.0,18637.6,17250.4,770.67,155.51,1.42,0.0,0.14,-79.45,-9.18,23.98,-15.93,3.15,-1.14,167.5,175.0,167.5,2023-05-05,3.8,4.0,7.8,4.656716417910448,8.15,0.02,8.17,169.6,2.0999999999999943,0.56121,0.55145,0.55633,0.27341,50.8547085363004,-0.29268,318.0,672.0,0.1847381342062193,4.0,4.477611940298498,1,0.1791044776119497,2023-05-01,418.0,399.8478088378906,0.13195,0.141705,0.1545955357142857,0.009755,0.0226455357142856,0,0.1681842857142857,0.11244,0.0557442857142857,0.0083621428571428,0.0,0.0,0.0039840637450199,0.2138961282705632,0.1230891088531419,0.008860891146858,1.73773399014338,1.15,-0.6619606347199297,1.044833336959344,-0.278462693265298,0.0069797270808045,0.0292544844938364,-0.0010095723716464,1,16.079999923706055,19.670000076293945,2.8849999237060544,7.8,2.0999999999999943,expiry_intrinsic,0.39,1.9500000000000002,529.0500000000005,0.0315850746268657,fold_1,xgb,0.8307692408561707
ZBRA,2023-03-31,2023-05-02,1.0,318.0,328.63,-19.67,-22.27,3.92,4.04,3.83,12.0,3.93,3.92,3.91,4.17,1.0,0.0,1.0,1.0,1396780000.0,1421930000.0,1382000000.0,11.0,17583.2,17739.36,-345.6,1059.6,2.74,319.52,2.78,4.63,15.29,-1.72,-45.97,-1.31,-8.25,290.0,260.0,290.0,2023-05-19,11.4,13.25,24.65,8.5,0.525,32.45,32.975,280.8,9.199999999999989,0.48316,0.48316,0.48316,0.36609,24.23006871429753,-0.0975599999999999,45.0,16.0,1.7580246913580246,18.0,10.344827586206897,0,-1.844827586206895,2023-05-01,418.0,399.8478088378906,0.13195,0.141705,0.1545955357142857,0.009755,0.0226455357142856,0,0.1681842857142857,0.11244,0.0557442857142857,0.0083621428571428,0.0,0.0,0.0039840637450199,0.2138961282705632,0.1230891088531419,0.008860891146858,1.73773399014338,1.15,-0.6619606347199297,1.044833336959344,-0.278462693265298,0.0069797270808045,0.0292544844938364,-0.0010095723716464,1,16.079999923706055,19.670000076293945,2.8849999237060544,24.65,9.199999999999989,expiry_intrinsic,1.2325,1.9500000000000002,1419.8000000000009,0.0489586206896552,fold_1,xgb,0.8307692408561707
PEG,2023-03-31,2023-05-02,1.0,62.45,61.81,0.58,1.62,1.24,1.37,1.0,12.0,1.24,1.14,1.05,1.14,3.0,0.0,7.0,0.0,2803150000.0,3226000000.0,2376690000.0,6.0,4031.2,3960.48,196.27,199.81,0.8,331.34,0.45,-7.25,-25.58,249.88,261.33,-4.26,22.89,65.0,65.0,65.0,2023-05-19,0.475,2.125,2.6,4.0,0.4,2.0999999999999996,2.4999999999999996,61.58,3.4200000000000017,0.20024,0.19048,0.19536,0.19536,0.0,0.0146349999999999,4104.0,63.0,6.717105263157895,18.0,0.0,1,4.0,2023-05-01,418.0,399.8478088378906,0.13195,0.141705,0.1545955357142857,0.009755,0.0226455357142856,0,0.1681842857142857,0.11244,0.0557442857142857,0.0083621428571428,0.0,0.0,0.0039840637450199,0.2138961282705632,0.1230891088531419,0.008860891146858,1.73773399014338,1.15,-0.6619606347199297,1.044833336959344,-0.278462693265298,0.0069797270808045,0.0292544844938364,-0.0010095723716464,1,16.079999923706055,19.670000076293945,2.8849999237060544,2.6,3.4200000000000017,expiry_intrinsic,0.13,1.9500000000000002,-96.95000000000016,-0.01491538461538464,fold_1,xgb,0.8307692408561707
AME,2023-03-31,2023-05-02,1.0,145.33,145.15,0.19,0.31,1.41,1.45,1.39,13.0,1.41,1.41,1.41,1.42,0.0,0.0,0.0,0.0,1540400000.0,1562900000.0,1504700000.0,12.0,5167.2,4794.56,203.2,46.93,10.89,296.35,11.33,10.95,4.83,14.77,14.67,0.4,0.81,140.0,145.0,140.0,2023-05-19,2.875,3.0999999999999996,5.975,4.267857142857142,5.85,1.0,6.85,147.57,7.569999999999993,0.24902,0.23926,0.24414,0.2148749999999999,11.986974686655204,-0.01951,58.0,0.0,4.953488372093023,18.0,3.571428571428581,1,0.6964285714285614,2023-05-01,418.0,399.8478088378906,0.13195,0.141705,0.1545955357142857,0.009755,0.0226455357142856,0,0.1681842857142857,0.11244,0.0557442857142857,0.0083621428571428,0.0,0.0,0.0039840637450199,0.2138961282705632,0.1230891088531419,0.008860891146858,1.73773399014338,1.15,-0.6619606347199297,1.044833336959344,-0.278462693265298,0.0069797270808045,0.0292544844938364,-0.0010095723716464,1,16.079999923706055,19.670000076293945,2.8849999237060544,5.975,7.569999999999993,expiry_intrinsic,0.29875,1.9500000000000002,-191.32499999999936,-0.013666071428571383,fold_1,xgb,0.782608687877655
O,2023-03-31,2023-05-03,0.0,62.87,67.86,-3.02,-10.15,0.34,0.43,0.27,7.0,0.34,0.34,0.3,0.31,0.0,0.0,0.0,0.0,907670000.0,954240000.0,862050000.0,8.0,-1984.8,-2188.32,89.6,79.16,60.72,299.36,66.83,3500.0,0.0,61.03,37.44,-0.35,-6.63,62.5,62.5,62.5,2023-05-19,0.675,1.65,2.325,3.72,0.85,1.2999999999999998,2.15,59.97,2.530000000000001,0.21,0.21,0.21,0.21,0.0,-5.000000000005e-06,3152.0,118.0,1.373676248108926,17.0,0.0,1,3.72,2023-05-02,413.0,395.353759765625,0.15146,0.1614473809523809,0.1678378571428571,0.0099873809523809,0.0163778571428571,0,0.1890871428571428,0.1235842857142857,0.0655028571428571,0.0048757142857142,0.2856933665251134,0.1080976258414826,0.0398406374501992,0.191228525112643,0.1215889182501362,0.0298710817498637,1.5727463313658416,1.1,-0.941352293125098,1.1278579586363635,-0.0408346760376033,0.0117218030409713,0.0035419623853572,-0.0122376244085793,1,17.780000686645508,20.75,2.634000686645507,2.325,2.530000000000001,expiry_intrinsic,0.11625000000000002,1.9500000000000002,-34.0750000000001,-0.005452000000000017,fold_1,xgb,0.8307692408561707
ALL,2023-03-31,2023-05-03,1.0,114.25,131.89,-2.41,-15.46,-1.42,-0.68,-2.61,17.0,-1.42,1.69,1.75,2.16,0.0,0.0,1.0,7.0,11747300000.0,12002000000.0,11179000000.0,5.0,22354.4,21875.68,72.53,591.37,1.63,289.25,1.15,-149.45,12.82,-237.82,-359.5,-0.13,-5.03,115.0,115.0,115.0,2023-05-19,2.25,4.6,6.85,5.956521739130435,2.525,3.35,5.875,117.78,2.780000000000001,0.33682,0.33682,0.33682,0.31243,7.241256457455027,-0.05366,674.0,43.0,2.709782608695652,17.0,0.0,1,5.956521739130435,2023-05-02,413.0,395.353759765625,0.15146,0.1614473809523809,0.1678378571428571,0.0099873809523809,0.0163778571428571,0,0.1890871428571428,0.1235842857142857,0.0655028571428571,0.0048757142857142,0.2856933665251134,0.1080976258414826,0.0398406374501992,0.191228525112643,0.1215889182501362,0.0298710817498637,1.5727463313658416,1.1,-0.941352293125098,1.1278579586363635,-0.0408346760376033,0.0117218030409713,0.0035419623853572,-0.0122376244085793,1,17.780000686645508,20.75,2.634000686645507,6.85,2.780000000000001,expiry_intrinsic,0.3425,1.9500000000000002,370.79999999999984,0.032243478260869554,fold_1,xgb,0.8307692408561707
MTD,2023-03-31,2023-05-04,1.0,1529.54,1591.65,-3.55,-7.32,8.6,8.66,8.55,10.0,8.6,8.6,8.6,8.49,0.0,0.0,0.0,0.0,918720000.0,926380000.0,897800000.0,9.0,26181.6,23349.6,938.67,601.39,5.43,297.6,5.99,14.91,18.86,13.05,13.22,0.48,1.97,1490.0,1430.0,1490.0,2023-05-19,48.2,45.05,93.25,6.258389261744966,9.75,70.7,80.45,1386.47,103.52999999999996,0.36609,0.3856,0.375845,0.283165,24.659101491306252,-0.0829249999999999,1.0,0.0,1.0714285714285714,16.0,4.026845637583898,1,2.231543624161068,2023-05-03,410.0,392.6401062011719,0.161215,0.1665597619047619,0.1748053571428571,0.0053447619047619,0.0135903571428571,0,0.19048,0.13195,0.05853,0.0,0.4285400497876699,0.1621464387622239,0.0517928286852589,0.1977624726571671,0.1231912507491654,0.0380237492508345,1.6053288805374584,1.18,-0.261101699849966,0.580760953873179,-0.9475832653427864,0.009051482128044,-0.0071298033047542,-0.0190174888341646,1,18.34000015258789,21.290000915527344,2.2185001525878896,93.25,103.52999999999996,expiry_intrinsic,4.6625000000000005,1.9500000000000002,-1496.199999999996,-0.010041610738255007,fold_1,xgb,0.8307692408561707
PPL,2023-03-31,2023-05-04,1.0,27.55,28.66,4.17,0.14,0.46,0.49,0.43,8.0,0.46,0.46,0.45,0.42,0.0,0.0,0.0,0.0,1992390000.0,1992390000.0,1992390000.0,1.0,-50.4,-40.8,14.93,40.22,36.64,270.29,34.05,27.27,-31.71,3.95,-3.51,-10.37,-7.23,29.0,29.0,29.0,2023-05-19,0.25,0.7,0.95,3.275862068965517,0.275,0.5,0.775,27.06,1.9400000000000013,0.18073,0.18073,0.18073,0.166095,8.09771482321696,0.01951,12599.0,9.0,1.30635838150289,16.0,0.0,1,3.275862068965517,2023-05-03,410.0,392.6401062011719,0.161215,0.1665597619047619,0.1748053571428571,0.0053447619047619,0.0135903571428571,0,0.19048,0.13195,0.05853,0.0,0.4285400497876699,0.1621464387622239,0.0517928286852589,0.1977624726571671,0.1231912507491654,0.0380237492508345,1.6053288805374584,1.18,-0.261101699849966,0.580760953873179,-0.9475832653427864,0.009051482128044,-0.0071298033047542,-0.0190174888341646,1,18.34000015258789,21.290000915527344,2.2185001525878896,0.95,1.9400000000000013,expiry_intrinsic,0.0475,1.9500000000000002,-105.70000000000014,-0.036448275862069016,fold_1,xgb,0.8307692408561707
BDX,2023-03-31,2023-05-04,1.0,248.25,245.84,1.7,2.69,2.74,2.78,2.7,13.0,2.74,2.74,2.75,2.8,0.0,0.0,0.0,0.0,4684310000.0,4752060000.0,4564000000.0,11.0,13660.0,10260.32,1382.4,969.81,-2.8,0.0,-2.04,-2.57,14.43,-7.56,-15.46,-0.54,-1.91,260.0,250.0,260.0,2023-05-19,7.6,3.5,11.1,4.269230769230769,0.925,7.0,7.925,251.88,8.120000000000005,0.23926,0.23926,0.23926,0.17585,26.50254952771044,-0.029265,598.0,308.0,0.5336866010598031,16.0,3.846153846153843,1,0.4230769230769255,2023-05-03,410.0,392.6401062011719,0.161215,0.1665597619047619,0.1748053571428571,0.0053447619047619,0.0135903571428571,0,0.19048,0.13195,0.05853,0.0,0.4285400497876699,0.1621464387622239,0.0517928286852589,0.1977624726571671,0.1231912507491654,0.0380237492508345,1.6053288805374584,1.18,-0.261101699849966,0.580760953873179,-0.9475832653427864,0.009051482128044,-0.0071298033047542,-0.0190174888341646,1,18.34000015258789,21.290000915527344,2.2185001525878896,11.1,8.120000000000005,expiry_intrinsic,0.555,1.9500000000000002,240.5499999999995,0.009251923076923057,fold_1,xgb,0.800000011920929
NDSN,2023-04-30,2023-05-22,1.0,218.84,211.91,-1.19,2.04,2.11,2.15,2.08,8.0,2.11,2.11,2.1,2.47,0.0,0.0,0.0,0.0,638730000.0,642000000.0,633980000.0,8.0,2319.2,2861.92,-89.6,487.38,0.22,,3.38,-5.8,-20.08,-8.18,-7.47,-1.97,-1.97,220.0,220.0,220.0,2023-06-16,5.65,8.75,14.4,6.545454545454546,4.85,4.1,8.95,237.11,17.110000000000014,0.27829,0.31731,0.2977999999999999,0.20024,32.760241773002,-0.0487849999999999,24.0,45.0,0.1063829787234042,28.0,0.0,1,6.545454545454546,2023-05-19,419.0,402.8404541015625,0.1403107142857143,0.1451907142857143,0.1559867857142857,0.0048799999999999,0.0156760714285714,0,0.18073,0.1096514285714285,0.0710785714285714,0.0048799999999999,0.190449072567524,0.0463235963416034,0.0119521912350597,0.1227273838509409,0.1432912600020607,-0.0029805457163463,0.8564889711289859,1.34,1.4451513842386188,1.14509746556899,-0.1248128012123813,0.0170798030358272,0.0163638081339281,-0.0014551973283736,1,16.809999465942383,20.040000915527344,2.7789280373709513,14.4,17.110000000000014,expiry_intrinsic,0.7200000000000001,1.9500000000000002,-344.95000000000135,-0.015679545454545515,fold_1,xgb,0.8307692408561707
PANW,2023-04-30,2023-05-23,1.0,193.25,187.75,-1.82,1.06,0.93,1.04,0.91,37.0,0.93,0.93,0.93,0.78,0.0,0.0,0.0,1.0,1714260000.0,1733000000.0,1704500000.0,36.0,-12103.2,-27993.76,7576.53,9228.53,25.68,,26.58,81.03,101.92,2714.75,153.99,2.61,8.02,192.5,205.0,192.5,2023-05-26,7.125,7.275,14.4,7.48051948051948,12.075,0.145,12.22,211.7,19.19999999999999,0.90266,0.89291,0.897785,0.400235,55.41972744031144,-0.5024250000000001,1757.0,755.0,0.964530225782957,4.0,6.493506493506485,1,0.9870129870129958,2023-05-22,420.0,403.0040893554687,0.1430978571428571,0.146585,0.1521567857142857,0.0034871428571428,0.0090589285714285,0,0.1835157142857142,0.1152257142857142,0.06829,0.0062728571428571,0.2539375203384317,0.0617661143189581,0.0597609561752988,0.1245205210867376,0.1432968873320938,-0.0001990301892366,0.8689687780737239,1.33,1.2466941423224058,0.684960910347399,-0.7729797294904469,0.0139946772650418,0.0159873523571651,-0.001049584806944,1,17.209999084472656,20.36000061035156,2.9002133701869397,14.4,19.19999999999999,expiry_intrinsic,0.7200000000000001,1.9500000000000002,-553.9499999999988,-0.028776623376623314,fold_1,xgb,0.8307692408561707
COO,2023-04-30,2023-06-01,1.0,382.25,351.81,-2.11,6.36,3.03,3.14,2.82,14.0,3.02,3.01,3.02,2.98,1.0,0.0,3.0,0.0,865820000.0,885400000.0,849500000.0,11.0,2548.0,2556.32,12.8,507.35,9.06,,11.52,-10.49,5.45,13.02,14.3,-0.79,0.79,370.0,360.0,370.0,2023-06-16,10.95,8.75,19.7,5.324324324324324,1.6,14.35,15.95,367.41,2.589999999999975,0.31731,0.31731,0.31731,0.2148749999999999,32.282310674104195,-0.0585399999999999,0.0,6.0,4.166666666666667,16.0,2.7027027027026973,1,2.6216216216216264,2023-05-31,418.0,402.09954833984375,0.141705,0.1497189285714286,0.1582521428571428,0.0080139285714286,0.0165471428571428,0,0.19048,0.10268,0.0878,0.0048749999999999,0.2222095671981774,0.0540488129207412,0.047808764940239,0.139189153005875,0.1306355430855383,0.0110694569144616,1.0654768963966863,1.27,0.4424950219249646,0.8762257912872169,-0.3895759199103812,0.0090800368464374,0.0056314914129391,-0.0055452033587157,1,17.940000534057617,20.209999084472656,3.7695005340576166,19.7,2.589999999999975,expiry_intrinsic,0.985,1.9500000000000002,1610.5500000000025,0.043528378378378446,fold_1,xgb,0.8307692408561707
FDS,2023-05-31,2023-06-22,1.0,389.04,398.86,3.88,1.33,3.61,3.79,3.45,17.0,3.59,3.59,3.59,3.61,0.0,0.0,0.0,1.0,527330000.0,531000000.0,523400000.0,14.0,4116.0,5864.16,-934.4,1903.75,19.48,,20.17,16.21,59.0,41.81,37.21,-0.5,4.25,430.0,400.0,430.0,2023-07-21,10.75,14.45,25.2,5.8604651162790695,1.2,35.45,36.650000000000006,431.94,1.9399999999999975,0.26853,0.23926,0.253895,0.20024,21.13275172807656,-0.03414,15.0,15.0,1.0,30.0,6.976744186046513,0,-1.1162790697674438,2023-06-21,444.0,420.10003662109375,0.10268,0.1180117857142857,0.12707,0.0153317857142857,0.02439,0,0.13195,0.10268,0.02927,0.014635,0.0,0.0,0.0,0.1172745041962072,0.1159053840092931,-0.0132253840092931,1.011812395072211,1.07,-0.8526002977799314,1.1958319017296295,-0.3757707073940977,-0.0002390855486149,0.0428447102166651,-0.0136564970679472,1,13.199999809265137,16.889999389648438,2.931999809265138,25.2,1.9399999999999975,expiry_intrinsic,1.26,1.9500000000000002,2198.05,0.05111744186046512,fold_1,xgb,0.8307692408561707
TSLA,2023-06-30,2023-07-19,1.0,260.54,162.99,11.79,78.7,0.82,0.93,0.64,24.0,0.82,0.79,0.78,0.91,4.0,0.0,15.0,1.0,24477100000.0,26376200000.0,22301800000.0,20.0,26207.2,26036.96,126.93,78.4,24.38,-71.36,45.66,-20.56,-28.57,-17.24,-26.06,-9.77,-7.79,292.5,262.5,292.5,2023-07-21,11.55,10.55,22.1,7.555555555555555,0.06,29.575,29.635,260.02,32.48000000000002,1.049,1.03924,1.04412,0.6343749999999999,39.24309466344865,-0.478035,7739.0,22983.0,0.4961629883680704,3.0,10.256410256410254,0,-2.7008547008546984,2023-07-18,461.0,438.6932678222656,0.1082571428571428,0.117315,0.1212654761904761,0.0090578571428571,0.0130083333333333,0,0.1305557142857143,0.10268,0.0278757142857143,0.0083607142857142,0.3078621559813898,0.0272228381761256,0.0517928286852589,0.0599228442200396,0.0936070880485986,0.0146500548085442,0.6401528502727171,1.23,1.1365411578847635,3.861541806650796,1.152834131667951,0.0265107847500201,0.0299981356269087,0.0,1,13.300000190734863,16.1299991607666,2.4742859050205777,22.1,32.48000000000002,expiry_intrinsic,1.1050000000000002,1.9500000000000002,-1150.4500000000019,-0.039331623931623996,fold_1,xgb,0.782608687877655
NTRS,2023-06-30,2023-07-19,0.0,74.71,85.86,8.79,-5.33,1.62,1.71,1.43,15.0,1.62,1.65,1.67,1.8,2.0,0.0,4.0,3.0,1766210000.0,1803000000.0,1742000000.0,13.0,152.8,2277.12,-1042.67,1229.79,55.05,-65.57,24.97,-14.69,112.68,-6.67,-13.08,-34.93,-13.04,72.5,80.0,72.5,2023-07-21,2.275,2.9749999999999996,5.25,7.241379310344828,7.5,0.075,7.575,78.75,6.25,1.00998,0.98071,0.995345,0.507545,49.00813285845611,-0.68779,148.0,80.0,3.661631419939577,3.0,10.344827586206897,0,-3.1034482758620667,2023-07-18,461.0,438.6932678222656,0.1082571428571428,0.117315,0.1212654761904761,0.0090578571428571,0.0130083333333333,0,0.1305557142857143,0.10268,0.0278757142857143,0.0083607142857142,0.3078621559813898,0.0272228381761256,0.0517928286852589,0.0599228442200396,0.0936070880485986,0.0146500548085442,0.6401528502727171,1.23,1.1365411578847635,3.861541806650796,1.152834131667951,0.0265107847500201,0.0299981356269087,0.0,1,13.300000190734863,16.1299991607666,2.4742859050205777,5.25,6.25,expiry_intrinsic,0.2625,1.9500000000000002,-128.2,-0.017682758620689652,fold_1,xgb,0.8307692408561707
NFLX,2023-06-30,2023-07-19,1.0,431.96,325.35,10.56,46.79,2.86,3.25,2.47,32.0,2.84,2.83,2.82,2.82,6.0,0.0,12.0,1.0,8295360000.0,8523130000.0,8150690000.0,29.0,10616.8,10318.88,44.8,1127.3,3.73,-74.19,6.26,-18.41,2300.0,-2.66,-13.05,-4.4,-4.06,475.0,437.5,475.0,2023-07-21,20.625,20.775,41.4,8.715789473684211,0.065,37.575,37.64,427.5,47.5,1.20509,1.21485,1.20997,0.444135,63.29371802606677,-0.73657,2970.0,5547.0,0.5958532265516711,3.0,7.8947368421052655,1,0.8210526315789455,2023-07-18,461.0,438.6932678222656,0.1082571428571428,0.117315,0.1212654761904761,0.0090578571428571,0.0130083333333333,0,0.1305557142857143,0.10268,0.0278757142857143,0.0083607142857142,0.3078621559813898,0.0272228381761256,0.0517928286852589,0.0599228442200396,0.0936070880485986,0.0146500548085442,0.6401528502727171,1.23,1.1365411578847635,3.861541806650796,1.152834131667951,0.0265107847500201,0.0299981356269087,0.0,1,13.300000190734863,16.1299991607666,2.4742859050205777,41.4,47.5,expiry_intrinsic,2.07,1.9500000000000002,-818.9500000000003,-0.017241052631578952,fold_1,xgb,0.8307692408561707
LVS,2023-06-30,2023-07-19,1.0,58.45,61.53,2.07,-3.04,0.43,0.53,0.31,11.0,0.44,0.43,0.43,0.29,3.0,0.0,4.0,2.0,2393460000.0,2513930000.0,2142570000.0,11.0,-1813.6,-1781.6,10.67,215.26,124.81,-48.42,14.89,170.0,247.37,1326.79,234.93,28.79,49.55,60.0,56.0,60.0,2023-07-21,1.485,1.46,2.945,4.908333333333333,0.025,3.575,3.6,55.97,4.030000000000001,0.67828,0.67828,0.67828,0.370965,45.307984902989915,-0.3170699999999999,12527.0,3261.0,0.4587059442398737,3.0,6.666666666666665,0,-1.758333333333332,2023-07-18,461.0,438.6932678222656,0.1082571428571428,0.117315,0.1212654761904761,0.0090578571428571,0.0130083333333333,0,0.1305557142857143,0.10268,0.0278757142857143,0.0083607142857142,0.3078621559813898,0.0272228381761256,0.0517928286852589,0.0599228442200396,0.0936070880485986,0.0146500548085442,0.6401528502727171,1.23,1.1365411578847635,3.861541806650796,1.152834131667951,0.0265107847500201,0.0299981356269087,0.0,1,13.300000190734863,16.1299991607666,2.4742859050205777,2.9450000000000003,4.030000000000001,expiry_intrinsic,0.14725000000000002,1.9500000000000002,-125.1750000000001,-0.020862500000000016,fold_1,xgb,0.8307692408561707
POOL,2023-06-30,2023-07-20,0.0,353.51,343.24,2.19,5.25,6.1,6.55,5.5,10.0,6.32,6.31,6.31,6.49,0.0,0.0,1.0,5.0,1891730000.0,1983000000.0,1750770000.0,11.0,29464.8,31398.24,-1092.27,1011.82,-14.57,-80.47,11.61,-39.01,41.76,-36.66,-38.16,-1.02,-4.61,360.0,370.0,360.0,2023-07-21,15.5,12.15,27.65,7.680555555555555,7.949999999999999,0.15,8.1,369.75,9.75,1.1368,1.40021,1.268505,0.273405,78.44667541712488,-0.91217,317.0,36.0,2.3789954337899544,2.0,2.777777777777768,1,4.9027777777777874,2023-07-19,462.0,439.6688232421875,0.11244,0.1180121428571428,0.1263735714285714,0.0055721428571428,0.0139335714285714,0,0.13195,0.11244,0.01951,0.009755,0.5387587729674317,0.0476399668082198,0.0836653386454183,0.0570302037648945,0.0919724862939729,0.020467513706027,0.6200789612516082,0.82,-1.6986804964783566,1.8559356087894483,0.0579250207353844,0.0205821987701075,0.0358167150134192,0.0,1,13.760000228881836,16.559999465942383,2.516000228881836,27.65,9.75,expiry_intrinsic,1.3825,1.9500000000000002,1649.7999999999997,0.04582777777777777,fold_1,xgb,0.782608687877655
PKG,2023-06-30,2023-07-24,1.0,128.82,134.38,7.65,3.19,1.93,1.96,1.82,8.0,1.93,1.98,1.98,2.55,0.0,0.0,0.0,2.0,1985540000.0,2023000000.0,1907000000.0,7.0,11898.4,11845.92,524.8,648.46,-7.49,-76.69,7.79,-19.12,-6.38,-15.24,-26.84,-3.13,-3.62,135.0,155.0,135.0,2023-08-18,5.5,2.6500000000000004,8.15,6.037037037037037,19.15,0.275,19.424999999999997,146.98,11.97999999999999,0.25877,0.25877,0.25877,0.2148749999999999,16.962940062603863,-0.03902,18.0,2.0,0.2131979695431472,28.0,14.814814814814811,0,-8.777777777777775,2023-07-21,459.0,436.7518005371094,0.11244,0.117315,0.121962619047619,0.004875,0.009522619047619,0,0.13195,0.10268,0.02927,0.004875,0.5387587729674317,0.0476399668082198,0.0876494023904382,0.0824047311762346,0.0904445799445653,0.0219954200554346,0.9111074563754024,1.35,1.6927084339178302,1.073788468812074,-0.3772733214855667,0.0064544953192409,0.0396376159591591,-0.006634590743932,1,13.600000381469728,16.399999618530273,2.356000381469727,8.15,11.97999999999999,expiry_intrinsic,0.40750000000000003,1.9500000000000002,-425.6999999999989,-0.031533333333333254,fold_1,xgb,0.8307692408561707
CDNS,2023-06-30,2023-07-24,1.0,225.32,203.9,7.08,18.33,1.18,1.27,1.17,11.0,1.18,1.18,1.18,1.25,0.0,0.0,1.0,0.0,974860000.0,986300000.0,969990000.0,11.0,6332.0,6012.0,128.0,69.28,13.3,-71.31,18.15,10.26,34.38,4.0,1.11,-1.33,-3.81,240.0,240.0,240.0,2023-08-18,10.5,6.85,17.35,7.229166666666667,5.75,6.65,12.4,220.55,19.44999999999999,0.31731,0.32707,0.32219,0.24902,22.710202054688224,-0.0341499999999999,1840.0,99.0,0.8061013443640124,28.0,0.0,1,7.229166666666667,2023-07-21,459.0,436.7518005371094,0.11244,0.117315,0.121962619047619,0.004875,0.009522619047619,0,0.13195,0.10268,0.02927,0.004875,0.5387587729674317,0.0476399668082198,0.0876494023904382,0.0824047311762346,0.0904445799445653,0.0219954200554346,0.9111074563754024,1.35,1.6927084339178302,1.073788468812074,-0.3772733214855667,0.0064544953192409,0.0396376159591591,-0.006634590743932,1,13.600000381469728,16.399999618530273,2.356000381469727,17.35,19.44999999999999,expiry_intrinsic,0.8675000000000002,1.9500000000000002,-298.69999999999874,-0.012445833333333281,fold_1,xgb,0.8307692408561707
AVY,2023-06-30,2023-07-25,0.0,167.85,165.12,4.06,5.78,1.99,2.11,1.75,9.0,2.0,2.05,2.07,2.37,0.0,0.0,0.0,1.0,2153230000.0,2195900000.0,2074800000.0,8.0,8584.8,9298.4,-441.6,512.77,-12.1,-77.16,5.61,-29.17,3.03,-26.1,-27.38,-1.04,-2.12,180.0,180.0,180.0,2023-08-18,4.7,6.7,11.4,6.333333333333334,4.3,3.125,7.425,177.15,2.8499999999999943,0.2978,0.30755,0.302675,0.20024,33.8432311885686,-0.06829,81.0,30.0,12.578313253012048,25.0,0.0,1,6.333333333333334,2023-07-24,462.0,438.7029418945313,0.11244,0.117315,0.1225432142857142,0.004875,0.0101032142857142,0,0.13195,0.10268,0.02927,0.004875,0.5387587729674317,0.0476399668082198,0.0916334661354581,0.08433444675327,0.0907011160431729,0.021738883956827,0.9298060534682682,1.46,2.007545825677533,2.3389151677525635,0.2790772277805347,0.0074527611252139,0.0405259877833135,-0.0021968383851592,1,13.90999984741211,16.260000228881836,2.6659998474121096,11.4,2.8499999999999943,expiry_intrinsic,0.5700000000000001,1.9500000000000002,796.0500000000005,0.04422500000000003,fold_1,xgb,0.8307692408561707
DOV,2023-06-30,2023-07-25,0.0,141.13,140.81,3.81,4.05,2.2,2.28,2.15,18.0,2.21,2.21,2.21,2.27,0.0,0.0,2.0,0.0,2196840000.0,2253700000.0,2124000000.0,16.0,8757.6,8605.92,-110.4,231.33,1.32,-73.5,1.65,2.11,-10.19,4.5,5.1,-0.29,0.54,155.0,145.0,155.0,2023-08-18,2.875,5.25,8.125,5.241935483870968,0.55,8.5,9.05,140.57,14.430000000000009,0.24902,0.24902,0.24902,0.21,15.669424142639146,-0.034145,504.0,99.0,0.2715596330275229,25.0,6.451612903225811,0,-1.2096774193548434,2023-07-24,462.0,438.7029418945313,0.11244,0.117315,0.1225432142857142,0.004875,0.0101032142857142,0,0.13195,0.10268,0.02927,0.004875,0.5387587729674317,0.0476399668082198,0.0916334661354581,0.08433444675327,0.0907011160431729,0.021738883956827,0.9298060534682682,1.46,2.007545825677533,2.3389151677525635,0.2790772277805347,0.0074527611252139,0.0405259877833135,-0.0021968383851592,1,13.90999984741211,16.260000228881836,2.6659998474121096,8.125,14.430000000000009,expiry_intrinsic,0.40625,1.9500000000000002,-673.075000000001,-0.043424193548387155,fold_1,xgb,0.8307692408561707
MCO,2023-06-30,2023-07-25,1.0,337.28,304.92,7.24,18.62,2.24,2.43,2.05,18.0,2.22,2.17,2.18,2.17,4.0,0.0,10.0,0.0,1452010000.0,1516000000.0,1412200000.0,16.0,17077.6,15067.52,915.73,996.98,-3.42,-73.12,-11.32,3.46,86.88,-13.08,-13.41,-2.58,-4.46,360.0,360.0,360.0,2023-08-18,7.15,9.5,16.65,4.625,6.35,6.4,12.75,327.02,32.98000000000002,0.21975,0.22951,0.22463,0.17585,21.71571027912567,-0.0243899999999999,89.0,22.0,0.89587852494577,25.0,0.0,1,4.625,2023-07-24,462.0,438.7029418945313,0.11244,0.117315,0.1225432142857142,0.004875,0.0101032142857142,0,0.13195,0.10268,0.02927,0.004875,0.5387587729674317,0.0476399668082198,0.0916334661354581,0.08433444675327,0.0907011160431729,0.021738883956827,0.9298060534682682,1.46,2.007545825677533,2.3389151677525635,0.2790772277805347,0.0074527611252139,0.0405259877833135,-0.0021968383851592,1,13.90999984741211,16.260000228881836,2.6659998474121096,16.65,32.98000000000002,expiry_intrinsic,0.8325,1.9500000000000002,-1718.2000000000019,-0.04772777777777783,fold_1,xgb,0.8307692408561707
GOOGL,2023-06-30,2023-07-25,1.0,122.34,103.71,-0.11,17.84,1.34,1.5,1.06,37.0,1.34,1.34,1.34,1.28,1.0,0.0,7.0,0.0,72817600000.0,74329000000.0,70692600000.0,32.0,-414523.28,-414335.12,44.8,299.43,2.61,-75.33,8.56,-4.88,11.43,-8.24,-13.33,-0.34,-4.6,122.0,129.0,122.0,2023-07-28,3.375,3.7,7.075,5.799180327868853,7.325,0.04,7.365,132.58,10.580000000000013,0.70754,0.68803,0.697785,0.312435,55.22474687761989,-0.3609599999999999,4967.0,7066.0,0.4091526676626912,4.0,5.737704918032782,1,0.0614754098360705,2023-07-24,462.0,438.7029418945313,0.11244,0.117315,0.1225432142857142,0.004875,0.0101032142857142,0,0.13195,0.10268,0.02927,0.004875,0.5387587729674317,0.0476399668082198,0.0916334661354581,0.08433444675327,0.0907011160431729,0.021738883956827,0.9298060534682682,1.46,2.007545825677533,2.3389151677525635,0.2790772277805347,0.0074527611252139,0.0405259877833135,-0.0021968383851592,1,13.90999984741211,16.260000228881836,2.6659998474121096,7.075,10.580000000000013,expiry_intrinsic,0.35375,1.9500000000000002,-387.8250000000012,-0.031788934426229605,fold_1,xgb,0.8307692408561707
PCAR,2023-06-30,2023-07-25,1.0,78.44,73.1,10.03,18.07,2.18,2.28,1.99,15.0,2.17,2.17,2.17,1.89,4.0,0.0,7.0,0.0,8232010000.0,8678770000.0,8000690000.0,10.0,-14101.6,-15078.56,751.47,969.16,30.77,-70.62,25.66,95.65,27.84,20.19,97.73,5.33,5.89,90.0,85.0,90.0,2023-08-18,1.9,2.925,4.824999999999999,5.36111111111111,0.25,5.65,5.9,84.66,5.340000000000003,0.24902,0.25877,0.253895,0.22463,11.526418401307623,0.0097599999999999,1863.0,178.0,1.2024570024570025,25.0,5.555555555555558,0,-0.1944444444444482,2023-07-24,462.0,438.7029418945313,0.11244,0.117315,0.1225432142857142,0.004875,0.0101032142857142,0,0.13195,0.10268,0.02927,0.004875,0.5387587729674317,0.0476399668082198,0.0916334661354581,0.08433444675327,0.0907011160431729,0.021738883956827,0.9298060534682682,1.46,2.007545825677533,2.3389151677525635,0.2790772277805347,0.0074527611252139,0.0405259877833135,-0.0021968383851592,1,13.90999984741211,16.260000228881836,2.6659998474121096,4.824999999999999,5.340000000000003,expiry_intrinsic,0.24124999999999996,1.9500000000000002,-77.57500000000041,-0.00861944444444449,fold_1,xgb,0.8307692408561707
MSCI,2023-06-30,2023-07-25,1.0,465.15,458.22,17.85,19.64,3.11,3.28,2.92,14.0,3.11,3.1,3.1,3.15,4.0,0.0,6.0,0.0,602440000.0,607000000.0,594120000.0,12.0,9320.8,8557.28,392.53,109.78,5.76,-73.66,9.24,5.37,10.56,10.57,8.87,0.0,1.51,500.0,560.0,500.0,2023-08-18,18.8,15.4,34.2,6.84,57.9,0.925,58.825,520.17,20.16999999999996,0.31731,0.33682,0.327065,0.2197549999999999,32.80999189763503,-0.06829,4.0,41.0,3.697841726618705,25.0,12.00000000000001,0,-5.160000000000011,2023-07-24,462.0,438.7029418945313,0.11244,0.117315,0.1225432142857142,0.004875,0.0101032142857142,0,0.13195,0.10268,0.02927,0.004875,0.5387587729674317,0.0476399668082198,0.0916334661354581,0.08433444675327,0.0907011160431729,0.021738883956827,0.9298060534682682,1.46,2.007545825677533,2.3389151677525635,0.2790772277805347,0.0074527611252139,0.0405259877833135,-0.0021968383851592,1,13.90999984741211,16.260000228881836,2.6659998474121096,34.2,20.16999999999996,expiry_intrinsic,1.7100000000000002,1.9500000000000002,1230.0500000000043,0.024601000000000085,fold_1,xgb,0.8307692408561707
UHS,2023-06-30,2023-07-25,1.0,151.43,142.79,-1.18,4.8,2.43,2.65,2.25,14.0,2.43,2.42,2.42,2.35,0.0,0.0,1.0,0.0,3502280000.0,3545710000.0,3452450000.0,14.0,16231.2,15609.92,306.67,76.87,5.3,-74.12,5.55,8.84,-22.52,11.29,19.69,0.31,0.97,150.0,140.0,150.0,2023-08-18,4.35,5.5,9.85,6.566666666666666,1.2000000000000002,9.15,10.35,128.56,21.44,0.31731,0.31731,0.31731,0.27829,12.297122687592577,-0.063415,35.0,9.0,0.8285714285714286,25.0,6.666666666666665,0,-0.0999999999999987,2023-07-24,462.0,438.7029418945313,0.11244,0.117315,0.1225432142857142,0.004875,0.0101032142857142,0,0.13195,0.10268,0.02927,0.004875,0.5387587729674317,0.0476399668082198,0.0916334661354581,0.08433444675327,0.0907011160431729,0.021738883956827,0.9298060534682682,1.46,2.007545825677533,2.3389151677525635,0.2790772277805347,0.0074527611252139,0.0405259877833135,-0.0021968383851592,1,13.90999984741211,16.260000228881836,2.6659998474121096,9.85,21.44,expiry_intrinsic,0.4925,1.9500000000000002,-1210.2000000000003,-0.08068000000000002,fold_1,xgb,0.8307692408561707
NEE,2023-06-30,2023-07-25,1.0,74.17,74.07,1.71,1.85,0.82,0.87,0.75,11.0,0.81,0.81,0.8,0.81,1.0,0.0,3.0,2.0,6233830000.0,6817540000.0,5353510000.0,7.0,-51695.2,-52212.0,235.73,149.79,132.39,-67.95,40.06,13.51,64.71,2521.6,479.61,44.21,70.63,75.0,75.0,75.0,2023-08-18,2.5,1.725,4.225,5.633333333333333,1.5,1.925,3.425,67.83,7.170000000000002,0.26853,0.26853,0.26853,0.22951,14.53096488288087,-0.0438999999999999,9983.0,310.0,0.8344228614120284,25.0,0.0,1,5.633333333333333,2023-07-24,462.0,438.7029418945313,0.11244,0.117315,0.1225432142857142,0.004875,0.0101032142857142,0,0.13195,0.10268,0.02927,0.004875,0.5387587729674317,0.0476399668082198,0.0916334661354581,0.08433444675327,0.0907011160431729,0.021738883956827,0.9298060534682682,1.46,2.007545825677533,2.3389151677525635,0.2790772277805347,0.0074527611252139,0.0405259877833135,-0.0021968383851592,1,13.90999984741211,16.260000228881836,2.6659998474121096,4.225,7.170000000000002,expiry_intrinsic,0.21125,1.9500000000000002,-317.5750000000002,-0.042343333333333365,fold_1,xgb,1.0
GL,2023-06-30,2023-07-26,1.0,107.02,107.3,6.52,6.24,2.57,2.61,2.53,8.0,2.57,2.57,2.56,2.57,1.0,0.0,3.0,0.0,1371010000.0,1379910000.0,1356140000.0,4.0,1820.0,1382.24,204.8,41.85,-16.42,-79.03,-0.88,48.82,12.95,-4.78,-4.73,6.45,3.4,115.0,110.0,115.0,2023-08-18,2.075,2.4,4.475,3.891304347826087,0.475,3.7,4.175,112.44,2.5600000000000023,0.20024,0.18073,0.190485,0.180725,5.123763025960044,0.0243899999999999,78.0,1.0,25.0,24.0,4.347826086956519,0,-0.4565217391304319,2023-07-25,463.0,439.900634765625,0.1075599999999999,0.1152257142857142,0.1183601785714285,0.0076657142857143,0.0108001785714285,0,0.13195,0.11244,0.01951,0.014635,0.2693793864837154,0.0238199834041099,0.0358565737051792,0.0687555393782092,0.0838994924670759,0.023660507532924,0.8194988712856699,1.37,1.3546871911484732,2.5802408419465457,0.367835942050306,0.0027521893585304,0.0513147648511791,0.0,1,13.859999656677246,16.219999313354492,3.1039996566772476,4.475,2.5600000000000023,expiry_intrinsic,0.22375,1.9500000000000002,167.17499999999976,0.014536956521739109,fold_1,xgb,0.800000011920929
TYL,2023-06-30,2023-07-26,1.0,402.05,386.2,1.58,5.75,1.89,2.09,1.79,16.0,1.89,1.89,1.89,1.9,0.0,0.0,0.0,0.0,504279000.0,496400000.0,486700000.0,16.0,5759.2,5541.6,90.67,288.18,3.45,-74.5,12.07,-7.37,6.02,-9.56,-20.9,-0.51,-2.94,410.0,380.0,410.0,2023-08-18,11.9,12.2,24.1,5.878048780487806,1.75,27.95,29.7,372.17,37.829999999999984,0.28804,0.28804,0.28804,0.25877,10.161783085682549,-0.02927,20.0,2.0,1.4166666666666667,24.0,7.317073170731703,0,-1.4390243902438975,2023-07-25,463.0,439.900634765625,0.1075599999999999,0.1152257142857142,0.1183601785714285,0.0076657142857143,0.0108001785714285,0,0.13195,0.11244,0.01951,0.014635,0.2693793864837154,0.0238199834041099,0.0358565737051792,0.0687555393782092,0.0838994924670759,0.023660507532924,0.8194988712856699,1.37,1.3546871911484732,2.5802408419465457,0.367835942050306,0.0027521893585304,0.0513147648511791,0.0,1,13.859999656677246,16.219999313354492,3.1039996566772476,24.1,37.829999999999984,expiry_intrinsic,1.205,1.9500000000000002,-1495.4499999999982,-0.036474390243902394,fold_1,xgb,0.782608687877655
UNP,2023-06-30,2023-07-26,0.0,201.33,193.54,18.21,22.97,2.75,2.91,2.56,26.0,2.75,2.78,2.78,2.78,0.0,0.0,2.0,5.0,6123280000.0,6349000000.0,5831000000.0,20.0,16410.4,16697.12,-253.87,139.33,3.34,-75.65,12.99,-1.56,-5.24,3.02,-3.49,-2.54,-2.68,215.0,232.5,215.0,2023-07-28,3.4000000000000004,2.825,6.2250000000000005,2.8953488372093026,17.1,0.05,17.150000000000002,232.77,17.77000000000001,0.39536,0.40511,0.400235,0.21975,45.094756830362165,-0.19024,1446.0,138.0,0.5275078306963296,3.0,8.139534883720923,0,-5.24418604651162,2023-07-25,463.0,439.900634765625,0.1075599999999999,0.1152257142857142,0.1183601785714285,0.0076657142857143,0.0108001785714285,0,0.13195,0.11244,0.01951,0.014635,0.2693793864837154,0.0238199834041099,0.0358565737051792,0.0687555393782092,0.0838994924670759,0.023660507532924,0.8194988712856699,1.37,1.3546871911484732,2.5802408419465457,0.367835942050306,0.0027521893585304,0.0513147648511791,0.0,1,13.859999656677246,16.219999313354492,3.1039996566772476,6.2250000000000005,17.77000000000001,expiry_intrinsic,0.31125,1.9500000000000002,-1187.575000000001,-0.05523604651162795,fold_1,xgb,0.8307692408561707
VICI,2023-06-30,2023-07-26,1.0,31.4,33.29,4.3,-1.62,0.62,0.65,0.52,9.0,0.62,0.62,0.61,0.81,0.0,0.0,0.0,0.0,885930000.0,907000000.0,852000000.0,11.0,-743.2,-363.68,91.73,449.74,110.66,-66.25,82.67,48.57,-17.46,135.29,132.79,0.59,7.87,32.5,32.5,32.5,2023-08-18,0.875,0.375,1.25,3.8461538461538463,0.375,0.8,1.175,30.08,2.4200000000000017,0.19048,0.17097,0.180725,0.17585,2.6974685295338316,0.0048849999999999,15267.0,25.0,2.005405405405406,24.0,0.0,1,3.8461538461538463,2023-07-25,463.0,439.900634765625,0.1075599999999999,0.1152257142857142,0.1183601785714285,0.0076657142857143,0.0108001785714285,0,0.13195,0.11244,0.01951,0.014635,0.2693793864837154,0.0238199834041099,0.0358565737051792,0.0687555393782092,0.0838994924670759,0.023660507532924,0.8194988712856699,1.37,1.3546871911484732,2.5802408419465457,0.367835942050306,0.0027521893585304,0.0513147648511791,0.0,1,13.859999656677246,16.219999313354492,3.1039996566772476,1.25,2.4200000000000017,expiry_intrinsic,0.0625,1.9500000000000002,-125.20000000000017,-0.03852307692307698,fold_1,xgb,0.8307692408561707
TDY,2023-06-30,2023-07-26,1.0,402.01,410.99,-3.52,-5.63,4.64,4.69,4.61,7.0,4.64,4.63,4.63,4.65,0.0,0.0,1.0,0.0,1412560000.0,1423470000.0,1403000000.0,6.0,39938.4,38133.6,678.4,547.45,4.72,-74.66,14.26,6.09,-8.3,3.97,8.5,-0.19,0.61,420.0,380.0,420.0,2023-08-18,8.75,11.65,20.4,4.857142857142857,2.65,40.9,43.55,403.63,16.370000000000005,0.24902,0.22951,0.239265,0.20512,14.270787620420874,-0.029265,9.0,1.0,1.0,24.0,9.523809523809524,0,-4.666666666666667,2023-07-25,463.0,439.900634765625,0.1075599999999999,0.1152257142857142,0.1183601785714285,0.0076657142857143,0.0108001785714285,0,0.13195,0.11244,0.01951,0.014635,0.2693793864837154,0.0238199834041099,0.0358565737051792,0.0687555393782092,0.0838994924670759,0.023660507532924,0.8194988712856699,1.37,1.3546871911484732,2.5802408419465457,0.367835942050306,0.0027521893585304,0.0513147648511791,0.0,1,13.859999656677246,16.219999313354492,3.1039996566772476,20.4,16.370000000000005,expiry_intrinsic,1.02,1.9500000000000002,299.0499999999994,0.0071202380952380805,fold_1,xgb,0.782608687877655
LHX,2023-06-30,2023-07-26,1.0,191.72,198.0,5.65,2.3,2.94,3.04,2.88,19.0,2.93,2.93,2.93,2.96,1.0,0.0,2.0,0.0,4372700000.0,4507000000.0,4300000000.0,17.0,8528.8,7522.72,193.6,707.75,8.97,5.3,-3.23,-8.33,-12.27,-13.59,-16.41,-3.43,-2.94,200.0,190.0,200.0,2023-08-18,6.550000000000001,4.4,10.95,5.4750000000000005,0.85,10.55,11.4,181.48,18.52000000000001,0.25877,0.26853,0.26365,0.21,20.348947468234403,-0.053655,446.0,3.0,1.6095238095238096,24.0,5.000000000000004,1,0.4749999999999961,2023-07-25,463.0,439.900634765625,0.1075599999999999,0.1152257142857142,0.1183601785714285,0.0076657142857143,0.0108001785714285,0,0.13195,0.11244,0.01951,0.014635,0.2693793864837154,0.0238199834041099,0.0358565737051792,0.0687555393782092,0.0838994924670759,0.023660507532924,0.8194988712856699,1.37,1.3546871911484732,2.5802408419465457,0.367835942050306,0.0027521893585304,0.0513147648511791,0.0,1,13.859999656677246,16.219999313354492,3.1039996566772476,10.950000000000001,18.52000000000001,expiry_intrinsic,0.5475000000000001,1.9500000000000002,-813.700000000001,-0.04068500000000005,fold_1,xgb,0.8307692408561707
AWK,2023-06-30,2023-07-26,1.0,140.23,148.46,5.38,-0.46,1.31,1.43,1.26,10.0,1.3,1.28,1.29,1.25,1.0,0.0,3.0,0.0,1010570000.0,1068290000.0,942000000.0,4.0,2095.2,2088.16,104.53,280.63,11.4,-75.26,-1.66,4.6,24.66,11.09,19.92,1.33,2.23,150.0,150.0,150.0,2023-08-18,2.1500000000000004,4.05,6.2,4.133333333333333,1.75,3.55,5.3,138.96,11.039999999999992,0.18073,0.21975,0.20024,0.18073,9.743308030363565,-0.0097549999999999,183.0,26.0,0.4169611307420495,24.0,0.0,1,4.133333333333333,2023-07-25,463.0,439.900634765625,0.1075599999999999,0.1152257142857142,0.1183601785714285,0.0076657142857143,0.0108001785714285,0,0.13195,0.11244,0.01951,0.014635,0.2693793864837154,0.0238199834041099,0.0358565737051792,0.0687555393782092,0.0838994924670759,0.023660507532924,0.8194988712856699,1.37,1.3546871911484732,2.5802408419465457,0.367835942050306,0.0027521893585304,0.0513147648511791,0.0,1,13.859999656677246,16.219999313354492,3.1039996566772476,6.2,11.039999999999992,expiry_intrinsic,0.31000000000000005,1.9500000000000002,-516.9499999999991,-0.034463333333333276,fold_1,xgb,0.8307692408561707
ALLE,2023-06-30,2023-07-26,1.0,117.17,111.44,0.11,5.26,1.71,1.77,1.65,11.0,1.73,1.74,1.74,1.67,0.0,0.0,1.0,1.0,934720000.0,960000000.0,917350000.0,10.0,9258.4,7908.0,522.67,223.43,27.56,-71.79,16.36,47.66,-1.25,42.98,46.15,2.46,2.36,125.0,115.0,125.0,2023-08-18,5.05,2.675,7.725,6.18,0.15,9.25,9.4,107.63,17.370000000000005,0.28804,0.2978,0.29292,0.2197549999999999,24.977809640857583,-0.04878,1043.0,179.0,0.2986512524084778,24.0,7.9999999999999964,0,-1.8199999999999967,2023-07-25,463.0,439.900634765625,0.1075599999999999,0.1152257142857142,0.1183601785714285,0.0076657142857143,0.0108001785714285,0,0.13195,0.11244,0.01951,0.014635,0.2693793864837154,0.0238199834041099,0.0358565737051792,0.0687555393782092,0.0838994924670759,0.023660507532924,0.8194988712856699,1.37,1.3546871911484732,2.5802408419465457,0.367835942050306,0.0027521893585304,0.0513147648511791,0.0,1,13.859999656677246,16.219999313354492,3.1039996566772476,7.725,17.370000000000005,expiry_intrinsic,0.38625,1.9500000000000002,-1005.0750000000006,-0.08040600000000005,fold_1,xgb,0.782608687877655
FSLR,2023-06-30,2023-07-27,1.0,182.73,182.58,8.79,8.88,0.96,1.39,0.6,21.0,0.98,1.05,1.08,1.48,1.0,0.0,1.0,1.0,720550000.0,812200000.0,673220000.0,17.0,1560.8,2876.32,74.67,1025.49,49.38,-79.07,-1.9,197.56,671.43,1879.62,131.14,17.32,19.03,197.5,207.5,197.5,2023-07-28,6.875,6.825,13.7,6.936708860759494,10.95,0.02,10.97,208.4,10.900000000000006,1.18558,1.16607,1.175825,0.449015,61.81276975740438,-0.6633950000000001,58.0,92.0,0.8516764781162017,2.0,5.063291139240511,1,1.8734177215189831,2023-07-26,463.0,439.9682922363281,0.1075599999999999,0.1093028571428571,0.1187085714285714,0.0017428571428571,0.0111485714285714,0,0.12219,0.10268,0.01951,0.004875,0.318300409988818,0.0238199834041099,0.0398406374501992,0.0671363920396854,0.0810081716534275,0.0265518283465724,0.8287607369650449,1.13,0.1200533689152453,1.0364646174416243,-0.4766279178294946,0.0006811240149626,0.0557900717272361,0.0,1,13.1899995803833,15.789999961853027,2.4339995803833023,13.7,10.900000000000006,expiry_intrinsic,0.685,1.9500000000000002,209.54999999999936,0.010610126582278449,fold_1,xgb,0.8307692408561707
AMT,2023-06-30,2023-07-27,0.0,187.72,204.39,2.94,-5.46,1.1,1.34,0.97,15.0,1.1,1.08,1.07,1.09,1.0,0.0,3.0,1.0,2728600000.0,2778600000.0,2681880000.0,13.0,144.8,5260.48,-2742.93,3206.26,4.02,-71.31,5.89,-53.85,148.98,-16.67,6.96,0.92,0.77,190.0,190.0,190.0,2023-08-18,5.949999999999999,5.15,11.1,5.842105263157895,4.25,4.65,8.9,176.45,13.550000000000011,0.2978,0.28804,0.29292,0.24902,14.987027174655204,-0.02439,1112.0,1539.0,0.2300909341416368,23.0,0.0,1,5.842105263157895,2023-07-26,463.0,439.9682922363281,0.1075599999999999,0.1093028571428571,0.1187085714285714,0.0017428571428571,0.0111485714285714,0,0.12219,0.10268,0.01951,0.004875,0.318300409988818,0.0238199834041099,0.0398406374501992,0.0671363920396854,0.0810081716534275,0.0265518283465724,0.8287607369650449,1.13,0.1200533689152453,1.0364646174416243,-0.4766279178294946,0.0006811240149626,0.0557900717272361,0.0,1,13.1899995803833,15.789999961853027,2.4339995803833023,11.1,13.550000000000011,expiry_intrinsic,0.555,1.9500000000000002,-302.4500000000012,-0.01591842105263164,fold_1,xgb,0.800000011920929
WST,2023-06-30,2023-07-27,1.0,369.34,361.24,-3.91,-1.76,1.93,2.13,1.85,8.0,1.93,1.96,1.97,1.99,0.0,0.0,0.0,1.0,755710000.0,771300000.0,737100000.0,8.0,18597.6,16616.16,1126.4,699.35,-0.53,-75.19,1.57,-13.91,11.86,-12.51,-10.33,-1.77,-2.56,380.0,370.0,380.0,2023-08-18,11.95,11.55,23.5,6.184210526315789,2.45,15.65,18.1,387.77,7.769999999999982,0.30755,0.31731,0.31243,0.20024,35.90884358096213,-0.0536599999999999,250.0,3.0,0.375,23.0,2.631578947368418,1,3.5526315789473712,2023-07-26,463.0,439.9682922363281,0.1075599999999999,0.1093028571428571,0.1187085714285714,0.0017428571428571,0.0111485714285714,0,0.12219,0.10268,0.01951,0.004875,0.318300409988818,0.0238199834041099,0.0398406374501992,0.0671363920396854,0.0810081716534275,0.0265518283465724,0.8287607369650449,1.13,0.1200533689152453,1.0364646174416243,-0.4766279178294946,0.0006811240149626,0.0557900717272361,0.0,1,13.1899995803833,15.789999961853027,2.4339995803833023,23.5,7.769999999999982,expiry_intrinsic,1.175,1.9500000000000002,1453.5500000000018,0.03825131578947373,fold_1,xgb,0.9406092762947083
LKQ,2023-06-30,2023-07-27,1.0,57.0,57.73,-3.25,-4.47,1.07,1.11,1.04,9.0,1.08,1.07,1.07,1.09,0.0,0.0,1.0,1.0,3461650000.0,3586000000.0,3306300000.0,8.0,7871.2,7726.56,55.47,213.34,0.03,-73.82,-2.51,4.0,33.33,5.72,-1.62,0.44,-0.18,57.5,55.0,57.5,2023-08-18,1.375,1.675,3.05,5.304347826086956,0.125,3.25,3.375,52.39,5.109999999999999,0.22951,0.30755,0.26853,0.190485,29.06379175511115,-0.0487799999999999,654.0,27.0,0.6923076923076923,23.0,4.347826086956519,1,0.9565217391304373,2023-07-26,463.0,439.9682922363281,0.1075599999999999,0.1093028571428571,0.1187085714285714,0.0017428571428571,0.0111485714285714,0,0.12219,0.10268,0.01951,0.004875,0.318300409988818,0.0238199834041099,0.0398406374501992,0.0671363920396854,0.0810081716534275,0.0265518283465724,0.8287607369650449,1.13,0.1200533689152453,1.0364646174416243,-0.4766279178294946,0.0006811240149626,0.0557900717272361,0.0,1,13.1899995803833,15.789999961853027,2.4339995803833023,3.05,5.109999999999999,expiry_intrinsic,0.1525,1.9500000000000002,-223.19999999999993,-0.03881739130434782,fold_1,xgb,0.8307692408561707
LIN,2023-06-30,2023-07-27,1.0,375.75,369.45,2.36,4.11,3.47,3.55,3.4,18.0,3.48,3.48,3.48,3.38,0.0,0.0,1.0,1.0,8676250000.0,8965000000.0,8255000000.0,13.0,32180.0,25130.4,2469.33,2385.09,-0.22,-75.44,8.4,16.72,8.23,10.13,2.68,1.24,0.67,390.0,390.0,390.0,2023-08-18,7.8,8.399999999999999,16.2,4.153846153846154,6.05,6.25,12.3,375.1,14.899999999999975,0.21,0.21,0.21,0.166095,20.90714285714286,-0.0097599999999999,234.0,133.0,0.8945908460471568,23.0,0.0,1,4.153846153846154,2023-07-26,463.0,439.9682922363281,0.1075599999999999,0.1093028571428571,0.1187085714285714,0.0017428571428571,0.0111485714285714,0,0.12219,0.10268,0.01951,0.004875,0.318300409988818,0.0238199834041099,0.0398406374501992,0.0671363920396854,0.0810081716534275,0.0265518283465724,0.8287607369650449,1.13,0.1200533689152453,1.0364646174416243,-0.4766279178294946,0.0006811240149626,0.0557900717272361,0.0,1,13.1899995803833,15.789999961853027,2.4339995803833023,16.2,14.899999999999975,expiry_intrinsic,0.81,1.9500000000000002,47.05000000000237,0.0012064102564103172,fold_1,xgb,0.782608687877655
MTD,2023-06-30,2023-07-27,1.0,1272.22,1491.5,4.08,-11.22,9.97,10.03,9.92,10.0,9.97,9.97,9.97,10.4,0.0,0.0,1.0,1.0,1001300000.0,1004500000.0,998000000.0,9.0,26469.6,24776.8,800.0,423.62,3.45,-76.31,4.94,10.42,-28.18,9.32,10.7,0.92,1.76,1340.0,1310.0,1340.0,2023-08-18,39.5,39.85,79.35,5.921641791044776,15.25,45.35,60.6,1184.68,155.31999999999994,0.2978,0.2978,0.2978,0.23926,19.65748824714574,-0.03903,1.0,0.0,0.2608695652173913,23.0,2.238805970149249,1,3.6828358208955265,2023-07-26,463.0,439.9682922363281,0.1075599999999999,0.1093028571428571,0.1187085714285714,0.0017428571428571,0.0111485714285714,0,0.12219,0.10268,0.01951,0.004875,0.318300409988818,0.0238199834041099,0.0398406374501992,0.0671363920396854,0.0810081716534275,0.0265518283465724,0.8287607369650449,1.13,0.1200533689152453,1.0364646174416243,-0.4766279178294946,0.0006811240149626,0.0557900717272361,0.0,1,13.1899995803833,15.789999961853027,2.4339995803833023,79.35,155.31999999999994,expiry_intrinsic,3.9675,1.9500000000000002,-7995.699999999994,-0.05966940298507459,fold_1,xgb,0.8307692408561707
BEN,2023-06-30,2023-07-28,1.0,,,,,0.6,0.67,0.57,10.0,0.6,0.6,0.6,0.61,1.0,0.0,6.0,1.0,1501150000.0,1532100000.0,1481810000.0,6.0,9415.2,7495.2,949.33,1103.3,-7.39,-2.03,-9.3,-36.46,-54.81,-9.92,-44.9,-3.19,-9.01,27.5,30.0,27.5,2023-08-18,1.425,0.45,1.875,6.8181818181818175,1.95,0.1,2.05,26.26,1.2399999999999984,0.30755,0.31731,0.31243,0.229505,26.541945395768646,-0.0341449999999999,446.0,0.0,0.4993514915693904,22.0,9.090909090909085,0,-2.2727272727272654,2023-07-27,460.0,437.05126953125,0.11244,0.117315,0.1239360714285714,0.0048749999999999,0.0114960714285714,0,0.1417,0.10268,0.03902,0.0097499999999999,0.6366008199776378,0.0476399668082199,0.1075697211155378,0.0671074153817477,0.0811211821490868,0.0313188178509131,0.8272489823732572,1.19,0.375807078894004,1.854314755496015,-0.0363620251735865,0.0006856731758686,0.0374164871997142,-0.006630074840737,1,14.40999984741211,16.6299991607666,3.165999847412108,1.875,1.2399999999999984,expiry_intrinsic,0.09375,1.9500000000000002,52.17500000000015,0.01897272727272733,fold_1,xgb,0.8307692408561707
AON,2023-06-30,2023-07-28,0.0,333.59,325.18,-4.13,-1.65,2.84,2.95,2.72,18.0,2.84,2.84,2.85,2.89,0.0,0.0,5.0,0.0,3170260000.0,3249510000.0,3119000000.0,12.0,6948.0,6838.88,-0.0,391.18,5.48,-68.98,2.69,7.04,32.9,3.76,7.75,1.86,0.8,340.0,320.0,340.0,2023-08-18,5.550000000000001,8.15,13.7,4.029411764705883,0.25,21.45,21.7,324.06,15.939999999999998,0.19048,0.21975,0.205115,0.17097,16.646759135119314,-0.0243899999999999,975.0,87.0,4.076923076923077,22.0,5.882352941176472,0,-1.8529411764705888,2023-07-27,460.0,437.05126953125,0.11244,0.117315,0.1239360714285714,0.0048749999999999,0.0114960714285714,0,0.1417,0.10268,0.03902,0.0097499999999999,0.6366008199776378,0.0476399668082199,0.1075697211155378,0.0671074153817477,0.0811211821490868,0.0313188178509131,0.8272489823732572,1.19,0.375807078894004,1.854314755496015,-0.0363620251735865,0.0006856731758686,0.0374164871997142,-0.006630074840737,1,14.40999984741211,16.6299991607666,3.165999847412108,13.700000000000001,15.939999999999998,expiry_intrinsic,0.685,1.9500000000000002,-294.44999999999965,-0.008660294117647049,fold_1,xgb,0.800000011920929
SBAC,2023-06-30,2023-07-31,1.0,231.76,246.99,-5.53,-11.35,1.22,1.31,1.11,11.0,1.22,1.21,1.21,1.25,0.0,0.0,3.0,0.0,677260000.0,684560000.0,667000000.0,13.0,-2183.2,-1052.8,258.67,1139.0,8.99,-74.35,13.27,-45.93,-1.06,7.85,3.4,0.28,-1.8,220.0,230.0,220.0,2023-08-18,6.9,7.4,14.3,6.5,11.45,2.425,13.875,222.51,2.509999999999991,0.33682,0.34658,0.3417,0.283165,17.130523851331578,-0.0390249999999999,422.0,10.0,1.2911392405063291,21.0,4.545454545454541,1,1.9545454545454584,2023-07-28,464.0,441.3301086425781,0.1075599999999999,0.112435,0.1232396428571428,0.004875,0.0156796428571428,0,0.13195,0.10268,0.02927,0.009755,0.318300409988818,0.0238199834041099,0.0438247011952191,0.095493618081938,0.0855276538947014,0.0220323461052985,1.1165232966580172,1.41,1.416741027024988,0.916499810041778,-0.5602642130990277,0.0104826313247901,0.0470450049276947,0.0,1,13.329999923706056,15.920000076293944,2.573999923706056,14.3,2.509999999999991,expiry_intrinsic,0.7150000000000001,1.9500000000000002,1105.5500000000009,0.05025227272727276,fold_1,xgb,0.8307692408561707
AIZ,2023-06-30,2023-08-01,1.0,125.72,132.03,7.41,2.28,2.57,3.0,1.45,7.0,2.57,2.89,2.95,3.0,0.0,0.0,0.0,0.0,2643900000.0,2690800000.0,2602430000.0,5.0,20066.4,17416.8,2918.4,2035.63,6.45,-74.07,0.24,-26.67,-14.86,-10.91,-16.04,-4.69,-1.49,135.0,145.0,135.0,2023-08-18,4.05,4.199999999999999,8.25,6.111111111111111,8.85,0.75,9.6,140.71,5.710000000000008,0.34658,0.34658,0.34658,0.24902,28.14934502856484,-0.09756,38.0,5.0,0.375,18.0,7.407407407407418,0,-1.2962962962963074,2023-07-31,465.0,442.1704406738281,0.1110457142857142,0.112435,0.1253289285714285,0.0013892857142857,0.0142832142857143,0,0.13195,0.10268,0.02927,0.0062692857142857,0.5456578456951169,0.0408342572641884,0.0756972111553784,0.0931905253933108,0.0852947621409878,0.0257509521447264,1.0925703179671415,1.22,0.43850994413428,2.5153748782021,1.123859691008923,0.007903978861693,0.0449202660085854,0.0,1,13.630000114440918,16.010000228881836,2.5254286858694908,8.25,5.710000000000008,expiry_intrinsic,0.41250000000000003,1.9500000000000002,210.79999999999922,0.015614814814814757,fold_1,xgb,0.8307692408561707
AME,2023-06-30,2023-08-01,1.0,161.88,144.58,-1.5,10.28,1.51,1.55,1.49,13.0,1.51,1.51,1.51,1.47,0.0,0.0,1.0,0.0,1637590000.0,1661900000.0,1603000000.0,12.0,5423.2,5010.56,194.67,43.6,9.5,-74.03,9.99,12.03,-1.97,11.21,14.81,1.03,1.17,160.0,160.0,160.0,2023-08-18,2.625,3.5,6.125,3.828125,1.975,2.9,4.875,154.45,5.550000000000011,0.21975,0.21,0.2148749999999999,0.18073,15.89063408958696,-0.0292699999999999,288.0,28.0,0.5706051873198847,18.0,0.0,1,3.828125,2023-07-31,465.0,442.1704406738281,0.1110457142857142,0.112435,0.1253289285714285,0.0013892857142857,0.0142832142857143,0,0.13195,0.10268,0.02927,0.0062692857142857,0.5456578456951169,0.0408342572641884,0.0756972111553784,0.0931905253933108,0.0852947621409878,0.0257509521447264,1.0925703179671415,1.22,0.43850994413428,2.5153748782021,1.123859691008923,0.007903978861693,0.0449202660085854,0.0,1,13.630000114440918,16.010000228881836,2.5254286858694908,6.125,5.550000000000011,expiry_intrinsic,0.30625,1.9500000000000002,24.92499999999886,0.0015578124999999288,fold_1,xgb,0.782608687877655
IDXX,2023-06-30,2023-08-01,1.0,502.23,478.83,5.99,11.17,2.47,2.6,2.39,9.0,2.47,2.47,2.47,2.5,0.0,0.0,0.0,0.0,934420000.0,951990000.0,915400000.0,8.0,15106.4,14292.32,529.07,176.92,7.61,-73.27,4.94,12.33,24.39,12.13,12.91,0.7,1.46,560.0,520.0,560.0,2023-08-18,14.5,19.299999999999997,33.8,6.035714285714286,1.55,42.400000000000006,43.95,483.73,76.26999999999998,0.32707,0.35633,0.3417,0.2929199999999999,14.275680421422312,-0.06341,59.0,84.0,1.3992537313432836,18.0,7.14285714285714,0,-1.107142857142854,2023-07-31,465.0,442.1704406738281,0.1110457142857142,0.112435,0.1253289285714285,0.0013892857142857,0.0142832142857143,0,0.13195,0.10268,0.02927,0.0062692857142857,0.5456578456951169,0.0408342572641884,0.0756972111553784,0.0931905253933108,0.0852947621409878,0.0257509521447264,1.0925703179671415,1.22,0.43850994413428,2.5153748782021,1.123859691008923,0.007903978861693,0.0449202660085854,0.0,1,13.630000114440918,16.010000228881836,2.5254286858694908,33.8,76.26999999999998,expiry_intrinsic,1.69,1.9500000000000002,-4417.949999999998,-0.07889196428571425,fold_1,xgb,0.8307692408561707
PRU,2023-06-30,2023-08-01,0.0,88.22,81.36,9.2,18.41,3.01,3.26,2.68,14.0,3.03,3.13,3.09,3.09,0.0,0.0,1.0,1.0,12647200000.0,14946200000.0,10839600000.0,7.0,13962.4,14664.16,-401.07,375.43,26.44,-72.7,-13.96,-16.09,9.92,710.28,750.0,117.1,12.28,97.5,95.0,97.5,2023-08-18,1.725,2.5250000000000004,4.25,4.358974358974359,0.925,2.925,3.85,92.8,4.700000000000003,0.23926,0.24902,0.24414,0.22951,5.992463340706154,-0.0048799999999999,1170.0,89.0,1.464516129032258,18.0,2.564102564102566,1,1.7948717948717925,2023-07-31,465.0,442.1704406738281,0.1110457142857142,0.112435,0.1253289285714285,0.0013892857142857,0.0142832142857143,0,0.13195,0.10268,0.02927,0.0062692857142857,0.5456578456951169,0.0408342572641884,0.0756972111553784,0.0931905253933108,0.0852947621409878,0.0257509521447264,1.0925703179671415,1.22,0.43850994413428,2.5153748782021,1.123859691008923,0.007903978861693,0.0449202660085854,0.0,1,13.630000114440918,16.010000228881836,2.5254286858694908,4.25,4.700000000000003,expiry_intrinsic,0.21250000000000002,1.9500000000000002,-68.20000000000029,-0.006994871794871824,fold_1,xgb,0.800000011920929
TAP,2023-06-30,2023-08-01,1.0,65.84,64.96,1.03,2.4,1.63,1.83,1.38,13.0,1.6,1.49,1.39,1.29,3.0,0.0,9.0,0.0,3288210000.0,3353100000.0,3221840000.0,9.0,7669.6,6667.04,585.6,319.66,5.95,-78.07,3.55,86.21,-58.46,-23.16,-29.5,-9.04,-3.39,70.0,67.5,70.0,2023-08-18,2.675,2.7,5.375,7.678571428571429,0.425,2.9,3.325,63.03,6.969999999999999,0.43438,0.43438,0.43438,0.2148749999999999,50.53294350568627,-0.170725,1495.0,4884.0,0.2791054135024037,18.0,3.57142857142857,1,4.107142857142859,2023-07-31,465.0,442.1704406738281,0.1110457142857142,0.112435,0.1253289285714285,0.0013892857142857,0.0142832142857143,0,0.13195,0.10268,0.02927,0.0062692857142857,0.5456578456951169,0.0408342572641884,0.0756972111553784,0.0931905253933108,0.0852947621409878,0.0257509521447264,1.0925703179671415,1.22,0.43850994413428,2.5153748782021,1.123859691008923,0.007903978861693,0.0449202660085854,0.0,1,13.630000114440918,16.010000228881836,2.5254286858694908,5.375,6.969999999999999,expiry_intrinsic,0.26875,1.9500000000000002,-188.32499999999987,-0.026903571428571412,fold_1,xgb,0.8307692408561707
PEG,2023-06-30,2023-08-01,1.0,62.61,63.21,0.94,-0.02,0.63,0.74,0.55,15.0,0.63,0.64,0.64,0.66,1.0,0.0,2.0,3.0,1951240000.0,2222000000.0,1402160000.0,6.0,4511.2,4027.52,232.53,174.83,62.34,-61.68,13.22,4.51,117.19,562.97,3269.23,39.55,46.14,65.0,65.0,65.0,2023-08-18,0.35,2.1,2.45,3.769230769230769,0.275,2.0,2.275,60.82,4.18,0.17097,0.18073,0.17585,0.166095,5.547341484219513,0.009755,4050.0,48.0,0.7829457364341085,18.0,0.0,1,3.769230769230769,2023-07-31,465.0,442.1704406738281,0.1110457142857142,0.112435,0.1253289285714285,0.0013892857142857,0.0142832142857143,0,0.13195,0.10268,0.02927,0.0062692857142857,0.5456578456951169,0.0408342572641884,0.0756972111553784,0.0931905253933108,0.0852947621409878,0.0257509521447264,1.0925703179671415,1.22,0.43850994413428,2.5153748782021,1.123859691008923,0.007903978861693,0.0449202660085854,0.0,1,13.630000114440918,16.010000228881836,2.5254286858694908,2.45,4.18,expiry_intrinsic,0.12250000000000001,1.9500000000000002,-187.19999999999996,-0.028799999999999992,fold_1,xgb,0.9173744916915894
AIG,2023-06-30,2023-08-01,1.0,57.54,51.35,4.94,17.59,1.59,1.72,1.48,14.0,1.59,1.68,1.71,1.59,0.0,0.0,0.0,0.0,11510000000.0,11585000000.0,11380200000.0,3.0,8653.6,9998.24,-1281.07,5223.2,-26.21,-63.15,-23.99,-102.33,-120.69,-86.05,-104.04,0.0,-40.26,60.0,61.0,60.0,2023-08-04,1.225,0.925,2.1500000000000004,3.5833333333333344,1.425,0.1,1.525,60.69,0.6899999999999977,0.42462,0.43438,0.4295,0.273405,36.343422584400464,-0.18536,62.0,35.0,0.9199549041713642,4.0,1.6666666666666607,1,1.9166666666666736,2023-07-31,465.0,442.1704406738281,0.1110457142857142,0.112435,0.1253289285714285,0.0013892857142857,0.0142832142857143,0,0.13195,0.10268,0.02927,0.0062692857142857,0.5456578456951169,0.0408342572641884,0.0756972111553784,0.0931905253933108,0.0852947621409878,0.0257509521447264,1.0925703179671415,1.22,0.43850994413428,2.5153748782021,1.123859691008923,0.007903978861693,0.0449202660085854,0.0,1,13.630000114440918,16.010000228881836,2.5254286858694908,2.1500000000000004,0.6899999999999977,expiry_intrinsic,0.10750000000000003,1.9500000000000002,133.3000000000003,0.022216666666666714,fold_1,xgb,0.8307692408561707
MET,2023-06-30,2023-08-02,1.0,57.28,54.11,9.55,15.97,1.87,2.08,1.65,13.0,1.91,2.04,2.02,2.09,0.0,0.0,1.0,1.0,16913200000.0,17613900000.0,16316300000.0,6.0,18256.8,19196.16,-313.07,419.23,-2.34,-77.36,5.79,-26.92,-1.94,-45.24,-64.06,-84.98,-2.87,62.5,64.0,62.0,2023-08-04,1.6,0.75,2.35,3.76,2.4749999999999996,0.03,2.504999999999999,63.53,1.5300000000000011,0.50267,0.49292,0.497795,0.2978,40.17617694030675,-0.248775,184.0,20.0,4.251314405888539,3.0,2.400000000000002,1,1.359999999999998,2023-08-01,463.0,440.9051513671875,0.11244,0.1175473809523809,0.1256771428571428,0.0051073809523809,0.0132371428571428,0,0.13195,0.10268,0.02927,0.0048749999999999,0.6366008199776378,0.0476399668082199,0.1195219123505976,0.0972058320476447,0.0792865431341617,0.0331534568658383,1.2260066866979131,1.16,0.0349964698324064,2.2965416325303543,0.7740599267572146,0.0022835079610596,0.029778043878031,-0.0028615420440869,1,13.93000030517578,16.34000015258789,2.6860003051757797,2.35,1.5300000000000011,expiry_intrinsic,0.11750000000000001,1.9500000000000002,68.29999999999988,0.010927999999999981,fold_1,xgb,0.800000011920929
O,2023-06-30,2023-08-02,0.0,60.2,61.92,0.28,-2.5,0.34,0.36,0.32,5.0,0.34,0.34,0.34,0.34,0.0,0.0,0.0,0.0,948360000.0,996950000.0,895530000.0,8.0,-1984.8,-2138.4,-12.8,134.4,16.98,-71.76,54.54,0.0,-5.56,16.47,22.23,-0.87,1.77,60.0,60.0,60.0,2023-08-18,1.4,0.475,1.875,3.125,0.35,1.375,1.725,56.9,3.1000000000000014,0.16122,0.16122,0.16122,0.16122,0.0,-0.004885,1284.0,123.0,0.4471619750807568,17.0,0.0,1,3.125,2023-08-01,463.0,440.9051513671875,0.11244,0.1175473809523809,0.1256771428571428,0.0051073809523809,0.0132371428571428,0,0.13195,0.10268,0.02927,0.0048749999999999,0.6366008199776378,0.0476399668082199,0.1195219123505976,0.0972058320476447,0.0792865431341617,0.0331534568658383,1.2260066866979131,1.16,0.0349964698324064,2.2965416325303543,0.7740599267572146,0.0022835079610596,0.029778043878031,-0.0028615420440869,1,13.93000030517578,16.34000015258789,2.6860003051757797,1.875,3.1000000000000014,expiry_intrinsic,0.09375,1.9500000000000002,-133.82500000000013,-0.022304166666666687,fold_1,xgb,0.8307692408561707
GRMN,2023-06-30,2023-08-02,1.0,103.75,101.58,3.84,6.05,1.41,1.57,1.31,6.0,1.41,1.41,1.39,1.46,0.0,0.0,0.0,0.0,1256470000.0,1274000000.0,1237100000.0,5.0,18498.4,17806.24,304.0,395.26,-2.15,-76.39,-3.29,-8.11,-24.44,-10.89,-13.81,0.4,-2.32,105.0,105.0,105.0,2023-08-18,3.45,1.775,5.225,4.976190476190475,2.7,1.1,3.8,101.55,3.450000000000003,0.27829,0.27829,0.27829,0.21,24.539149807754495,-0.0585399999999999,143.0,42.0,1.7019354838709675,17.0,0.0,1,4.976190476190475,2023-08-01,463.0,440.9051513671875,0.11244,0.1175473809523809,0.1256771428571428,0.0051073809523809,0.0132371428571428,0,0.13195,0.10268,0.02927,0.0048749999999999,0.6366008199776378,0.0476399668082199,0.1195219123505976,0.0972058320476447,0.0792865431341617,0.0331534568658383,1.2260066866979131,1.16,0.0349964698324064,2.2965416325303543,0.7740599267572146,0.0022835079610596,0.029778043878031,-0.0028615420440869,1,13.93000030517578,16.34000015258789,2.6860003051757797,5.225,3.450000000000003,expiry_intrinsic,0.26125,1.9500000000000002,149.4249999999997,0.014230952380952353,fold_1,xgb,0.800000011920929
BLDR,2023-06-30,2023-08-02,1.0,136.33,106.79,9.03,39.19,2.51,2.8,2.06,13.0,2.51,2.47,2.46,2.03,0.0,0.0,2.0,0.0,4164540000.0,4308130000.0,4069700000.0,13.0,49935.2,41448.8,3925.33,1170.74,-31.65,-82.91,7.19,-24.1,-7.79,-38.13,-45.92,3.07,-3.17,145.0,145.0,145.0,2023-08-18,8.05,5.8,13.85,9.551724137931036,4.4,4.449999999999999,8.85,134.14,10.860000000000014,0.55145,0.54169,0.54657,0.37584,31.2366211098304,-0.1316999999999999,674.0,285.0,1.9263103269330568,17.0,0.0,1,9.551724137931036,2023-08-01,463.0,440.9051513671875,0.11244,0.1175473809523809,0.1256771428571428,0.0051073809523809,0.0132371428571428,0,0.13195,0.10268,0.02927,0.0048749999999999,0.6366008199776378,0.0476399668082199,0.1195219123505976,0.0972058320476447,0.0792865431341617,0.0331534568658383,1.2260066866979131,1.16,0.0349964698324064,2.2965416325303543,0.7740599267572146,0.0022835079610596,0.029778043878031,-0.0028615420440869,1,13.93000030517578,16.34000015258789,2.6860003051757797,13.850000000000001,10.860000000000014,expiry_intrinsic,0.6925000000000001,1.9500000000000002,227.7999999999988,0.015710344827586122,fold_1,xgb,0.8307692408561707
BG,2023-06-30,2023-08-02,1.0,97.12,89.35,16.24,26.35,2.69,3.01,2.42,11.0,2.69,2.73,2.73,2.89,0.0,0.0,2.0,0.0,16394400000.0,17711900000.0,14817700000.0,7.0,33404.0,31362.4,1141.33,2077.76,-3.48,-77.2,12.16,-23.47,0.62,3.83,-7.59,0.12,-0.24,110.0,115.0,110.0,2023-08-18,2.075,3.85,5.925000000000001,5.386363636363637,5.35,0.7250000000000001,6.074999999999999,112.53,2.530000000000001,0.28804,0.33682,0.31243,0.244145,21.856095765451457,-0.06341,1350.0,91.0,0.943627450980392,17.0,4.545454545454541,1,0.8409090909090953,2023-08-01,463.0,440.9051513671875,0.11244,0.1175473809523809,0.1256771428571428,0.0051073809523809,0.0132371428571428,0,0.13195,0.10268,0.02927,0.0048749999999999,0.6366008199776378,0.0476399668082199,0.1195219123505976,0.0972058320476447,0.0792865431341617,0.0331534568658383,1.2260066866979131,1.16,0.0349964698324064,2.2965416325303543,0.7740599267572146,0.0022835079610596,0.029778043878031,-0.0028615420440869,1,13.93000030517578,16.34000015258789,2.6860003051757797,5.925000000000001,2.530000000000001,expiry_intrinsic,0.29625000000000007,1.9500000000000002,307.92499999999995,0.027993181818181813,fold_1,xgb,0.8307692408561707
DVA,2023-06-30,2023-08-03,1.0,100.77,88.47,0.78,14.8,1.69,1.93,1.55,3.0,1.69,1.69,1.69,1.49,0.0,0.0,1.0,0.0,2953400000.0,2985740000.0,2920410000.0,5.0,6847.2,8430.24,16.0,1444.08,1.96,-75.26,0.33,-22.36,111.86,-3.14,-7.88,-0.01,-1.16,100.0,110.0,100.0,2023-08-18,4.9,2.675,7.575,7.575,9.9,0.2249999999999999,10.125,101.56,1.5600000000000025,0.43438,0.43438,0.43438,0.24414,43.795754869008704,-0.1365799999999999,291.0,12.0,0.4369973190348525,16.0,10.000000000000009,0,-2.4250000000000087,2023-08-02,457.0,434.7718505859375,0.12707,0.1319449999999999,0.1357792857142857,0.0048749999999999,0.0087092857142856,0,0.16122,0.12219,0.03903,0.0146349999999999,1.0,0.1190511055791478,0.1673306772908366,0.1417643347192974,0.0955935900561828,0.0314764099438172,1.482989964452417,1.25,0.5599435173185024,2.224400886015445,0.6158549601277032,-0.0118109457933376,0.0142860468677681,-0.0167324393657247,1,16.09000015258789,17.959999084472656,3.38300015258789,7.575,1.5600000000000025,expiry_intrinsic,0.37875000000000003,1.9500000000000002,561.6749999999997,0.056167499999999974,fold_1,xgb,0.8307692408561707
CTVA,2023-06-30,2023-08-03,1.0,58.0,58.25,-3.98,-4.39,1.38,1.52,1.28,19.0,1.58,1.63,1.65,1.76,0.0,0.0,1.0,1.0,5629970000.0,5882770000.0,5326650000.0,17.0,6754.4,5899.2,490.13,170.9,6.15,-72.02,11.02,19.59,625.0,7.89,26.62,2.46,2.91,55.0,55.0,55.0,2023-08-18,2.1500000000000004,1.15,3.3000000000000003,6.000000000000001,1.7000000000000002,0.55,2.25,50.76,4.240000000000002,0.34658,0.34658,0.34658,0.23926,30.965433666108833,-0.07805,1072.0,3.0,0.9541666666666668,16.0,0.0,1,6.000000000000001,2023-08-02,457.0,434.7718505859375,0.12707,0.1319449999999999,0.1357792857142857,0.0048749999999999,0.0087092857142856,0,0.16122,0.12219,0.03903,0.0146349999999999,1.0,0.1190511055791478,0.1673306772908366,0.1417643347192974,0.0955935900561828,0.0314764099438172,1.482989964452417,1.25,0.5599435173185024,2.224400886015445,0.6158549601277032,-0.0118109457933376,0.0142860468677681,-0.0167324393657247,1,16.09000015258789,17.959999084472656,3.38300015258789,3.3000000000000003,4.240000000000002,expiry_intrinsic,0.16500000000000004,1.9500000000000002,-112.45000000000017,-0.020445454545454576,fold_1,xgb,0.782608687877655
TRMB,2023-06-30,2023-08-03,1.0,52.18,48.05,6.38,15.53,0.59,0.61,0.56,11.0,0.59,0.59,0.59,0.66,0.0,0.0,0.0,0.0,974200000.0,995960000.0,949820000.0,11.0,8108.0,7986.4,96.0,88.72,-7.88,-75.1,-1.26,-1.37,20.0,12.91,-12.68,5.95,-0.82,55.0,55.0,55.0,2023-08-18,1.2000000000000002,2.425,3.625,6.59090909090909,1.575,0.7,2.275,52.78,2.219999999999999,0.37584,0.39536,0.3856,0.24902,35.420124481327804,-0.07805,652.0,115.0,0.0926829268292682,16.0,0.0,1,6.59090909090909,2023-08-02,457.0,434.7718505859375,0.12707,0.1319449999999999,0.1357792857142857,0.0048749999999999,0.0087092857142856,0,0.16122,0.12219,0.03903,0.0146349999999999,1.0,0.1190511055791478,0.1673306772908366,0.1417643347192974,0.0955935900561828,0.0314764099438172,1.482989964452417,1.25,0.5599435173185024,2.224400886015445,0.6158549601277032,-0.0118109457933376,0.0142860468677681,-0.0167324393657247,1,16.09000015258789,17.959999084472656,3.38300015258789,3.625,2.219999999999999,expiry_intrinsic,0.18125000000000002,1.9500000000000002,120.42500000000013,0.02189545454545457,fold_1,xgb,0.8307692408561707
SRE,2023-06-30,2023-08-03,1.0,145.18,154.92,-1.29,-7.49,1.75,1.99,1.67,14.0,1.75,1.86,1.87,1.87,0.0,0.0,1.0,2.0,3538000000.0,3751070000.0,3269110000.0,4.0,20143.2,18890.56,579.73,162.93,59.97,-60.71,27.36,0.34,24.26,58.48,41.89,-73.71,-2.5,145.0,140.0,145.0,2023-08-18,4.25,1.95,6.2,4.275862068965517,0.925,3.75,4.675,141.43,3.569999999999993,0.24902,0.23926,0.24414,0.20512,15.982632915540265,-0.034145,47.0,1.0,2.15,16.0,3.4482758620689613,1,0.8275862068965556,2023-08-02,457.0,434.7718505859375,0.12707,0.1319449999999999,0.1357792857142857,0.0048749999999999,0.0087092857142856,0,0.16122,0.12219,0.03903,0.0146349999999999,1.0,0.1190511055791478,0.1673306772908366,0.1417643347192974,0.0955935900561828,0.0314764099438172,1.482989964452417,1.25,0.5599435173185024,2.224400886015445,0.6158549601277032,-0.0118109457933376,0.0142860468677681,-0.0167324393657247,1,16.09000015258789,17.959999084472656,3.38300015258789,6.2,3.569999999999993,expiry_intrinsic,0.31000000000000005,1.9500000000000002,230.0500000000007,0.015865517241379357,fold_1,xgb,0.8307692408561707
IRM,2023-06-30,2023-08-03,0.0,57.27,56.39,4.42,6.05,0.4,0.43,0.37,4.0,0.4,0.4,0.4,0.37,0.0,0.0,1.0,0.0,1354250000.0,1361000000.0,1349970000.0,7.0,3871.2,3594.72,76.8,122.94,5.31,-74.25,12.58,10.53,-2.33,15.61,8.34,0.31,0.51,62.5,60.0,62.5,2023-08-18,0.925,1.65,2.575,4.12,0.3,1.825,2.125,59.11,3.390000000000001,0.23926,0.23926,0.23926,0.20512,14.268996071219595,-0.01951,1016.0,33.0,0.3866943866943867,16.0,4.0000000000000036,1,0.1199999999999965,2023-08-02,457.0,434.7718505859375,0.12707,0.1319449999999999,0.1357792857142857,0.0048749999999999,0.0087092857142856,0,0.16122,0.12219,0.03903,0.0146349999999999,1.0,0.1190511055791478,0.1673306772908366,0.1417643347192974,0.0955935900561828,0.0314764099438172,1.482989964452417,1.25,0.5599435173185024,2.224400886015445,0.6158549601277032,-0.0118109457933376,0.0142860468677681,-0.0167324393657247,1,16.09000015258789,17.959999084472656,3.38300015258789,2.575,3.390000000000001,expiry_intrinsic,0.12875,1.9500000000000002,-96.32500000000009,-0.015412000000000014,fold_1,xgb,0.8307692408561707
ICE,2023-06-30,2023-08-03,1.0,112.93,108.31,-0.76,3.47,1.37,1.43,1.33,14.0,1.37,1.32,1.32,1.33,0.0,0.0,13.0,0.0,1891600000.0,1904920000.0,1861300000.0,11.0,3693.6,3632.64,65.6,84.61,0.53,-74.35,5.42,-1.4,12.8,8.07,-2.32,-0.01,-1.14,115.0,115.0,115.0,2023-08-18,2.125,1.875,4.0,3.4782608695652173,1.175,2.0,3.175,113.75,1.25,0.21,0.21,0.21,0.17585,16.261904761904756,-0.0146349999999999,1211.0,93.0,1.1402337228714523,16.0,0.0,1,3.4782608695652173,2023-08-02,457.0,434.7718505859375,0.12707,0.1319449999999999,0.1357792857142857,0.0048749999999999,0.0087092857142856,0,0.16122,0.12219,0.03903,0.0146349999999999,1.0,0.1190511055791478,0.1673306772908366,0.1417643347192974,0.0955935900561828,0.0314764099438172,1.482989964452417,1.25,0.5599435173185024,2.224400886015445,0.6158549601277032,-0.0118109457933376,0.0142860468677681,-0.0167324393657247,1,16.09000015258789,17.959999084472656,3.38300015258789,4.0,1.25,expiry_intrinsic,0.2,1.9500000000000002,253.04999999999998,0.022004347826086956,fold_1,xgb,0.8307692408561707
HII,2023-06-30,2023-08-03,1.0,228.75,197.51,-1.09,14.56,3.12,3.25,3.0,9.0,3.12,3.1,3.15,3.34,0.0,0.0,1.0,0.0,2674910000.0,2724000000.0,2641000000.0,8.0,18765.6,18282.4,309.33,652.04,3.8,-74.95,11.81,-7.71,5.21,-5.19,-1.52,-0.46,-0.26,230.0,230.0,230.0,2023-08-18,4.325,6.65,10.975,4.771739130434783,2.2,4.95,7.15,219.44,10.560000000000002,0.26853,0.30755,0.2880399999999999,0.19048,33.87029579225106,-0.0536549999999999,91.0,7.0,2.6666666666666665,16.0,0.0,1,4.771739130434783,2023-08-02,457.0,434.7718505859375,0.12707,0.1319449999999999,0.1357792857142857,0.0048749999999999,0.0087092857142856,0,0.16122,0.12219,0.03903,0.0146349999999999,1.0,0.1190511055791478,0.1673306772908366,0.1417643347192974,0.0955935900561828,0.0314764099438172,1.482989964452417,1.25,0.5599435173185024,2.224400886015445,0.6158549601277032,-0.0118109457933376,0.0142860468677681,-0.0167324393657247,1,16.09000015258789,17.959999084472656,3.38300015258789,10.975000000000001,10.560000000000002,expiry_intrinsic,0.5487500000000001,1.9500000000000002,-15.325000000000092,-0.0006663043478260909,fold_1,xgb,0.8307692408561707
MCHP,2023-06-30,2023-08-03,0.0,90.69,75.18,-1.29,19.07,1.64,1.66,1.63,19.0,1.64,1.64,1.64,1.64,0.0,0.0,0.0,0.0,2288600000.0,2303200000.0,2286900000.0,19.0,-27396.0,-24755.52,-984.0,1301.95,23.43,0.0,24.37,450.0,-85.9,31.84,57.59,2.18,8.11,90.0,82.5,90.0,2023-08-18,3.35,3.1,6.45,7.166666666666667,0.325,6.75,7.075,79.41,10.590000000000003,0.41487,0.44414,0.429505,0.33682,21.579492671796604,-0.08293,2300.0,29.0,0.7578603511637403,16.0,8.333333333333337,0,-1.1666666666666703,2023-08-02,457.0,434.7718505859375,0.12707,0.1319449999999999,0.1357792857142857,0.0048749999999999,0.0087092857142856,0,0.16122,0.12219,0.03903,0.0146349999999999,1.0,0.1190511055791478,0.1673306772908366,0.1417643347192974,0.0955935900561828,0.0314764099438172,1.482989964452417,1.25,0.5599435173185024,2.224400886015445,0.6158549601277032,-0.0118109457933376,0.0142860468677681,-0.0167324393657247,1,16.09000015258789,17.959999084472656,3.38300015258789,6.45,10.590000000000003,expiry_intrinsic,0.3225,1.9500000000000002,-448.2000000000003,-0.04980000000000003,fold_1,xgb,0.782608687877655
HAS,2023-06-30,2023-08-03,0.0,64.79,60.38,0.46,7.8,0.57,0.8,0.45,9.0,0.57,0.57,0.55,0.56,0.0,0.0,1.0,1.0,1115740000.0,1167020000.0,1100000000.0,8.0,7261.6,7335.84,-76.8,178.14,-13.94,-82.91,-9.22,-98.25,-99.24,-37.66,-85.08,1.0,-8.53,65.0,65.0,65.0,2023-08-18,2.325,2.7,5.025,7.730769230769232,0.625,1.725,2.35,63.76,1.240000000000002,0.4734,0.45389,0.463645,0.21975,52.603824046414815,-0.146335,2825.0,1415.0,0.6982714794102695,16.0,0.0,1,7.730769230769232,2023-08-02,457.0,434.7718505859375,0.12707,0.1319449999999999,0.1357792857142857,0.0048749999999999,0.0087092857142856,0,0.16122,0.12219,0.03903,0.0146349999999999,1.0,0.1190511055791478,0.1673306772908366,0.1417643347192974,0.0955935900561828,0.0314764099438172,1.482989964452417,1.25,0.5599435173185024,2.224400886015445,0.6158549601277032,-0.0118109457933376,0.0142860468677681,-0.0167324393657247,1,16.09000015258789,17.959999084472656,3.38300015258789,5.025,1.240000000000002,expiry_intrinsic,0.25125000000000003,1.9500000000000002,351.42499999999984,0.05406538461538459,fold_1,xgb,0.8307692408561707
LYB,2023-06-30,2023-08-04,1.0,90.08,92.4,6.25,3.58,2.28,2.53,1.83,21.0,2.28,2.4,2.57,2.56,0.0,0.0,1.0,0.0,10790500000.0,14381800000.0,8061000000.0,14.0,7991.2,7117.6,746.67,1322.45,-22.12,-79.69,5.02,-37.25,94.57,-42.93,-57.07,-1.86,-5.66,94.8,100.0,95.0,2023-08-18,3.1,1.5,4.6,4.852320675105485,3.9,0.45,4.35,97.39,2.390000000000001,0.27829,0.28804,0.283165,0.19536,31.00842265110448,-0.02439,1574.0,33.0,1.7960526315789471,15.0,5.485232067510548,0,-0.6329113924050631,2023-08-03,456.0,433.5258483886719,0.122195,0.1284635714285714,0.1410057142857143,0.0062685714285714,0.0188107142857142,0,0.15146,0.12219,0.02927,0.01463,0.8001230012300118,0.0952555278957387,0.1633466135458167,0.1370415809586593,0.0961060635170764,0.0260889364829235,1.4259410482909778,1.35,1.0353827567443223,0.856490344329551,-0.9823821576701784,-0.0080663789087244,0.0128857276251097,-0.0195503622358442,1,15.920000076293944,17.719999313354492,3.7005000762939457,4.6,2.390000000000001,expiry_intrinsic,0.22999999999999998,1.9500000000000002,196.04999999999987,0.02068037974683543,fold_1,xgb,0.782608687877655
PPL,2023-06-30,2023-08-04,0.0,26.72,28.75,-2.4,-9.29,0.32,0.34,0.29,10.0,0.32,0.34,0.34,0.34,0.0,0.0,0.0,0.0,1267720000.0,1267720000.0,1267720000.0,1.0,26.4,-29.92,-6.4,62.22,35.52,-69.44,36.49,17.07,71.43,17.05,9.69,-5.91,-4.86,27.0,26.0,27.0,2023-08-18,0.3,0.625,0.925,3.425925925925926,0.075,0.875,0.95,25.3,1.6999999999999993,0.20024,0.21,0.20512,0.166095,19.02544851794072,-0.0097599999999999,5547.0,31.0,0.2831683168316831,15.0,3.703703703703709,0,-0.277777777777783,2023-08-03,456.0,433.5258483886719,0.122195,0.1284635714285714,0.1410057142857143,0.0062685714285714,0.0188107142857142,0,0.15146,0.12219,0.02927,0.01463,0.8001230012300118,0.0952555278957387,0.1633466135458167,0.1370415809586593,0.0961060635170764,0.0260889364829235,1.4259410482909778,1.35,1.0353827567443223,0.856490344329551,-0.9823821576701784,-0.0080663789087244,0.0128857276251097,-0.0195503622358442,1,15.920000076293944,17.719999313354492,3.7005000762939457,0.925,1.6999999999999993,expiry_intrinsic,0.046250000000000006,1.9500000000000002,-84.07499999999993,-0.031138888888888865,fold_1,xgb,0.8782052993774414
DUK,2023-06-30,2023-08-08,0.0,89.77,99.14,2.63,-7.07,0.98,1.39,0.9,15.0,0.98,1.17,1.16,1.19,0.0,0.0,0.0,0.0,6156230000.0,6803870000.0,4599660000.0,6.0,3439.2,3612.64,-91.2,130.02,2.02,-74.71,12.82,-7.69,8.11,116.64,30.88,-22.55,5.08,90.0,92.5,90.0,2023-08-18,1.225,2.075,3.3000000000000003,3.6666666666666665,3.1,0.425,3.525,91.2,1.2000000000000028,0.21,0.31731,0.263655,0.2148749999999999,18.501450759515272,-0.0585399999999999,1355.0,361.0,0.647502694933525,11.0,2.777777777777768,1,0.8888888888888986,2023-08-07,457.0,435.33197021484375,0.12219,0.128695,0.1375221428571428,0.006505,0.0153321428571428,0,0.15146,0.11244,0.03902,0.00976,0.6665527844209084,0.0952311221750378,0.1633466135458167,0.1280269187452329,0.0961106445368906,0.0260793554631093,1.3320784535587185,1.49,1.572785884024929,2.1941685165751004,0.5560769810916247,-0.0154656888609812,0.0277277661087886,-0.0154656888609812,1,15.770000457763672,17.719999313354492,3.5510004577636725,3.3000000000000003,1.2000000000000028,expiry_intrinsic,0.16500000000000004,1.9500000000000002,191.54999999999976,0.021283333333333307,fold_1,xgb,0.8307692408561707
NRG,2023-06-30,2023-08-08,0.0,38.12,32.15,-3.52,14.4,2.47,5.17,0.77,3.0,2.47,2.61,2.98,1.28,0.0,0.0,1.0,0.0,7726230000.0,10193000000.0,5259490000.0,2.0,6184.8,48535.2,-17936.0,11151.27,-2.2,-75.52,17.8,-181.17,-30.79,-150.63,-163.67,-51.24,-50.7,38.0,37.0,38.0,2023-08-18,1.05,1.45,2.5,6.578947368421052,0.45,1.2,1.65,36.45,1.5499999999999972,0.4734,0.4734,0.4734,0.331945,29.880650612589765,-0.12682,424.0,342.0,1.1418782748891576,11.0,2.631578947368418,1,3.947368421052634,2023-08-07,457.0,435.33197021484375,0.12219,0.128695,0.1375221428571428,0.006505,0.0153321428571428,0,0.15146,0.11244,0.03902,0.00976,0.6665527844209084,0.0952311221750378,0.1633466135458167,0.1280269187452329,0.0961106445368906,0.0260793554631093,1.3320784535587185,1.49,1.572785884024929,2.1941685165751004,0.5560769810916247,-0.0154656888609812,0.0277277661087886,-0.0154656888609812,1,15.770000457763672,17.719999313354492,3.5510004577636725,2.5,1.5499999999999972,expiry_intrinsic,0.125,1.9500000000000002,80.55000000000028,0.021197368421052704,fold_1,xgb,0.8307692408561707
VST,2023-06-30,2023-08-09,1.0,26.46,24.64,14.55,23.01,0.82,0.82,0.82,1.0,0.82,0.21,0.27,0.38,1.0,0.0,2.0,0.0,5908910000.0,5908910000.0,5908910000.0,1.0,-66767.68,-52652.85,-6142.56,9202.95,-4.96,-78.94,30.16,110.96,110.81,406.33,87.67,10.53,10.61,29.0,31.0,29.0,2023-08-18,0.675,0.825,1.5,5.172413793103448,1.825,0.02,1.845,29.86,0.8599999999999994,0.39536,0.39536,0.39536,0.253895,35.781313233508705,-0.1170749999999999,3267.0,378.0,0.4139731827805222,10.0,6.896551724137923,0,-1.7241379310344742,2023-08-08,455.0,433.43890380859375,0.1283109056865212,,,,,0,,,,,0.8756715301168859,0.125108145099435,0.1792828685258964,0.1282802486442215,0.0979468759479288,0.0303640297385923,1.3096920897448392,1.24,0.0836172989395821,1.074162648875988,-0.8579902419922858,-0.0169339086545982,0.0206751208586104,-0.0197469936070993,1,15.989999771118164,18.1299991607666,3.158909202466038,1.5,0.8599999999999994,expiry_intrinsic,0.07500000000000001,1.9500000000000002,54.55000000000006,0.01881034482758623,fold_1,xgb,0.8307692408561707
WSM,2023-07-31,2023-08-23,1.0,130.34,111.16,8.96,27.76,2.71,3.24,2.02,20.0,2.71,2.71,2.71,2.72,1.0,0.0,4.0,1.0,1956030000.0,2031000000.0,1843100000.0,18.0,15530.4,21567.2,-2568.53,3862.99,-7.18,,3.37,-32.86,-38.48,-31.75,-38.33,-5.35,-5.74,125.0,140.0,125.0,2023-08-25,4.449999999999999,4.199999999999999,8.649999999999999,6.919999999999998,14.6,0.01,14.61,140.47,15.47,0.9612,0.95144,0.95632,0.4295,55.08825497741342,-0.5121800000000001,14.0,60.0,1.755377477857444,3.0,12.00000000000001,0,-5.0800000000000125,2023-08-22,443.0,423.2005310058594,0.1458878571428571,0.1467591071428571,0.1519823214285714,0.0008712499999999,0.0060944642857142,0,0.1793357142857143,0.12219,0.0571457142857143,0.0048749999999999,0.8733018609150112,0.210903778702871,0.2948207171314741,0.0936600765464008,0.0998849616166705,0.0460028955261866,0.9376794567518684,1.12,-1.241613041301215,2.126103862293078,0.8895839501599248,-0.0107025118750141,-0.0353369202899004,-0.0429018041980832,1,16.969999313354492,18.719999313354492,2.381213599068774,8.649999999999999,15.47,expiry_intrinsic,0.43249999999999994,1.9500000000000002,-727.2000000000003,-0.05817600000000002,fold_1,xgb,0.8307692408561707
ULTA,2023-07-31,2023-08-24,1.0,451.64,420.27,-6.4,0.59,5.85,6.32,5.33,24.0,5.82,5.8,5.8,5.97,2.0,0.0,8.0,0.0,2509280000.0,2691500000.0,2448200000.0,22.0,18144.8,29445.6,-5764.27,8168.7,12.29,,15.24,9.21,926.87,0.03,1.0,-0.07,-1.88,437.5,405.0,437.5,2023-08-25,14.4,13.6,28.0,6.4,0.06,30.4,30.459999999999997,407.15,30.350000000000023,1.08802,1.07827,1.083145,0.29292,72.95652936587437,-0.7024250000000001,36.0,27.0,0.5552325581395349,2.0,7.428571428571429,0,-1.0285714285714285,2023-08-23,448.0,427.9140625,0.136825,0.1371735714285714,0.1430985714285714,0.0003485714285714,0.0062735714285714,0,0.17097,0.11244,0.05853,0.0048799999999999,0.6562184672058945,0.1666666666666667,0.2151394422310757,0.1174702987285692,0.1083872961648828,0.0284377038351171,1.083801357585938,1.51,2.0739614443671504,3.6532065631051833,2.606026246801915,0.0077107520764527,-0.0272483631945913,-0.0322418164183536,1,15.979999542236328,17.940000534057617,2.297499542236327,28.0,30.350000000000023,expiry_intrinsic,1.4000000000000001,1.9500000000000002,-376.9500000000023,-0.008616000000000052,fold_1,xgb,0.8307692408561707
CRWD,2023-07-31,2023-08-30,1.0,161.66,157.55,-7.72,-5.31,0.56,0.58,0.54,38.0,0.56,0.56,0.56,0.54,0.0,0.0,1.0,1.0,724130000.0,736000000.0,720000000.0,37.0,1741.6,1790.88,59.73,279.94,41.97,,50.02,83.87,246.15,17404.96,18.54,1.57,2.09,147.0,162.5,147.0,2023-09-01,5.975,6.175,12.15,8.26530612244898,16.325,0.01,16.335,161.23,14.22999999999999,1.14656,1.1368,1.14168,0.453895,60.24323803517624,-0.64876,680.0,304.0,0.8885966560210408,3.0,10.54421768707483,0,-2.278911564625851,2023-08-29,454.0,433.83489990234375,0.1180114285714285,0.1284628571428571,0.1354307142857143,0.0104514285714285,0.0174192857142857,0,0.15146,0.10268,0.04878,0.0090585714285714,0.2343557299591578,0.0748349127321158,0.1553784860557769,0.1756161459603316,0.1279199945835976,-0.009908566012169,1.3728592354306568,1.62,1.6516182460388305,5.717599801087983,3.3371171164785447,0.0251284393977688,-0.0188514201871607,-0.0188514201871607,1,14.449999809265137,16.559999465942383,2.64885695212228,12.149999999999999,14.22999999999999,expiry_intrinsic,0.6074999999999999,1.9500000000000002,-270.6999999999991,-0.018414965986394496,fold_1,xgb,0.9588139653205872
GIS,2023-08-31,2023-09-20,1.0,68.75,81.3,-4.19,-18.98,1.08,1.15,1.03,17.0,1.09,1.1,1.1,1.13,0.0,0.0,0.0,3.0,4883020000.0,5035700000.0,4780510000.0,14.0,2636.0,2626.88,-20.27,142.02,12.96,,6.83,15.48,8.99,7.41,-10.44,1.55,-3.72,65.0,65.0,65.0,2023-10-20,2.25,1.5,3.75,5.769230769230769,1.55,1.275,2.825,63.24,1.759999999999998,0.21,0.26853,0.239265,0.185605,22.42701607004785,-0.02927,1752.0,768.0,0.2465542120714534,31.0,0.0,1,5.769230769230769,2023-09-19,448.0,429.1132507324219,0.1214935714285714,0.1272442857142857,0.1319489285714285,0.0057507142857143,0.0104553571428571,0,0.1417,0.11244,0.0292599999999999,0.0055764285714285,0.3125140130040676,0.0918317539345508,0.2111553784860557,0.1187068865218296,0.1147847448559767,0.0067088265725947,1.0341695376922615,1.07,-1.4426715881179946,1.818864320770142,-0.0561195620048336,-0.0038531205111631,0.0178042120809709,-0.0295297666698576,1,14.109999656677246,16.1299991607666,1.960642513820105,3.75,1.759999999999998,expiry_intrinsic,0.1875,1.9500000000000002,178.3000000000002,0.027430769230769262,fold_1,xgb,0.8307692408561707
CTAS,2023-08-31,2023-09-26,1.0,496.01,489.34,-3.46,-2.14,3.67,3.95,3.43,16.0,3.67,3.65,3.65,3.64,0.0,0.0,2.0,0.0,2335620000.0,2396870000.0,2308200000.0,12.0,7228.0,8236.0,-538.13,976.78,11.7,,13.0,16.73,44.7,8.3,9.62,1.41,-0.39,510.0,480.0,510.0,2023-10-20,11.85,14.4,26.25,5.147058823529411,1.4,29.1,30.5,498.19,11.810000000000002,0.24902,0.24902,0.24902,0.2148749999999999,13.711750060236133,-0.039025,115.0,73.0,1.7705128205128204,25.0,5.882352941176472,0,-0.7352941176470607,2023-09-25,437.0,418.9552001953125,0.1417,0.15146,0.1514599999999999,0.00976,0.0097599999999999,0,0.17097,0.13195,0.03902,0.00976,0.7655584382306782,0.1904622443500756,0.3306772908366533,0.1266273139811676,0.1164868188163692,0.0252131811836307,1.0870527263757108,1.63,1.8183132997022944,1.4136424176099538,-0.3698205393338054,-0.0256970594033982,-0.0071764665298432,-0.0525029227262177,1,16.899999618530273,18.020000457763672,2.7299996185302735,26.25,11.810000000000002,expiry_intrinsic,1.3125,1.9500000000000002,1310.7999999999997,0.02570196078431372,fold_1,xgb,0.8307692408561707
BR,2023-12-31,2024-02-01,1.0,199.89,177.12,0.87,13.84,0.89,7.05,6.89,8.0,6.93,6.94,6.94,6.92,0.0,0.0,0.0,0.0,1671570000.0,6131670000.0,6085600000.0,8.0,30415.2,29942.88,2828.8,3328.53,8.67,-1.82,7.55,-67.03,-15.6,14.07,15.29,1.18,0.5,200.0,200.0,200.0,2024-02-16,7.95,3.075,11.025,5.5125,4.35,2.175,6.5249999999999995,197.92,2.0800000000000125,0.31731,0.2978,0.307555,0.20024,34.892945977142304,-0.102435,12.0,4.0,0.5131578947368421,16.0,0.0,1,5.5125,2024-01-31,486.0,469.947265625,0.117315,0.12707,0.12707,0.009755,0.009755,0,0.13195,0.11244,0.01951,0.0048799999999999,0.4878006099695016,0.1097305048656359,0.3625498007968127,0.1504201190141764,0.1116857287357935,0.0056292712642064,1.3468159335738754,1.06,-0.6974555170639779,1.6415243494222156,-0.387722821462971,-0.0051710428834009,0.0159264976146638,-0.0170781612470504,1,14.350000381469728,15.960000038146973,2.618500381469726,11.025,2.0800000000000125,expiry_intrinsic,0.55125,1.9500000000000002,837.4249999999988,0.04187124999999994,fold_2,xgb,1.0
IDXX,2023-12-31,2024-02-05,1.0,537.36,422.47,6.47,35.42,2.12,9.93,9.77,12.0,9.85,9.84,9.85,9.84,2.0,0.0,4.0,0.0,894470000.0,3666210000.0,3640000000.0,11.0,16488.8,15198.56,674.13,95.52,8.78,-2.98,6.47,17.67,-5.24,11.44,12.44,-0.34,0.98,530.0,570.0,530.0,2024-02-16,15.5,17.25,32.75,6.179245283018868,39.05,1.75,40.8,555.54,25.539999999999964,0.39536,0.39536,0.39536,0.26853,32.07962363415621,-0.0926849999999999,69.0,75.0,1.4259927797833936,14.0,7.547169811320753,0,-1.3679245283018853,2024-02-02,497.0,481.1100463867187,0.11244,0.1184240909090909,0.1233420588235294,0.0059840909090909,0.0109020588235294,0,0.1249785714285714,0.10268,0.0222985714285714,0.0013892857142857,0.3171841407929603,0.0748390263104754,0.2589641434262948,0.1898745884924875,0.1148937309261126,-0.0024537309261126,1.65261052071322,1.14,-0.0645187792364455,8.393326655700134,1.2806426257646204,0.0142385716033781,0.0545235340480363,0.0,1,13.850000381469728,15.609999656677246,2.606000381469727,32.75,25.539999999999964,expiry_intrinsic,1.6375000000000002,1.9500000000000002,555.3000000000036,0.010477358490566106,fold_2,xgb,0.8560160994529724
ATO,2023-12-31,2024-02-06,0.0,117.98,109.27,-5.23,2.32,2.05,6.09,6.0,10.0,6.05,6.05,6.05,6.04,0.0,0.0,0.0,0.0,191230000.0,4967520000.0,4451000000.0,7.0,-9168.8,-9168.8,-1540.27,1971.17,-21.94,74.8,-2.35,352.17,121.28,19.08,24.26,18.6,12.81,110.0,110.0,110.0,2024-02-16,3.725,2.575,6.3,5.7272727272727275,2.225,0.65,2.875,113.95,3.950000000000003,0.34658,0.45389,0.400235,0.16122,59.718665284145565,-0.199995,12.0,1.0,10.0,11.0,0.0,1,5.7272727272727275,2024-02-05,495.0,479.3582458496094,0.11244,0.1159840909090909,0.1236288235294117,0.0035440909090908,0.0111888235294117,0,0.12219,0.10268,0.01951,-5.000000000005e-06,0.3171841407929603,0.0748390263104754,0.2629482071713147,0.1881588705018075,0.11516872465448,-0.00272872465448,1.6337670757951572,1.04,-0.7991904066346329,0.8433276115826807,-0.6573555537605561,0.0026054472415284,0.0540790574844989,-0.0036411639088934,1,13.670000076293944,15.329999923706056,2.4260000762939455,6.300000000000001,3.950000000000003,expiry_intrinsic,0.31500000000000006,1.9500000000000002,201.5499999999998,0.018322727272727254,fold_2,xgb,0.8095411062240601
POOL,2023-12-31,2024-02-22,1.0,390.66,354.75,-2.96,6.86,1.25,13.45,13.15,9.0,13.26,13.26,13.23,13.25,1.0,0.0,1.0,0.0,915950000.0,5575000000.0,5546800000.0,13.0,28920.8,30095.2,-91.73,894.13,-8.72,-20.62,3.26,-26.57,-40.61,-25.25,-26.31,-2.1,-3.15,390.0,390.0,390.0,2024-03-15,16.0,16.45,32.45,8.320512820512821,9.85,12.25,22.1,399.31,9.310000000000002,0.40511,0.42462,0.414865,0.2977999999999999,28.21761295843228,-0.0439,16.0,40.0,1.327188940092166,23.0,0.0,1,8.320512820512821,2024-02-21,498.0,483.8934020996094,0.12707,0.1221949999999999,0.1319449999999999,-0.004875,0.0048749999999999,0,0.15146,0.11244,0.03902,0.00488,0.8292085395730207,0.1795492481078082,0.5099601593625498,0.1057068739728988,0.1186570161064869,0.008412983893513,0.8908607130153496,1.19,0.6079590018331053,0.5246779863568262,-0.8723116815032516,0.0063348845332982,0.0284620475763499,-0.0095616333862067,1,15.34000015258789,16.229999542236328,2.6330001525878917,32.45,9.310000000000002,expiry_intrinsic,1.6225000000000003,1.9500000000000002,2149.8,0.05512307692307693,fold_2,xgb,0.8846172094345093
EIX,2024-03-31,2024-04-30,0.0,70.73,67.48,0.47,5.31,1.14,1.56,1.05,12.0,1.13,1.14,1.2,1.27,2.0,0.0,2.0,2.0,4155100000.0,4259300000.0,4095000000.0,3.0,3890.4,3828.32,-42.67,278.98,-5.12,247.47,-4.78,11.3,-7.25,31.0,77.14,5.54,7.47,72.5,72.5,72.5,2024-05-17,0.8999999999999999,1.925,2.825,3.896551724137931,0.7250000000000001,1.75,2.475,76.3,3.799999999999997,0.21,0.21975,0.2148749999999999,0.19536,9.082024432809762,-0.0195149999999999,453.0,6.0,2.0638297872340425,18.0,0.0,1,3.896551724137931,2024-04-29,513.0,497.9416198730469,0.13195,0.1319449999999999,0.1319449999999999,-5.000000000032756e-06,-5.000000000032756e-06,1,0.1417,0.1152257142857142,0.0264742857142857,-0.0034871428571428,0.4615627217535286,0.3386173776181445,0.7091633466135459,0.1039141119982902,0.1252031035373971,0.0067468964626028,0.8299643464289364,1.16,-0.4252358756180824,0.9848042441124726,-0.5905529024858356,0.0206916409891566,-0.024872384871474,-0.0250587762271753,1,14.670000076293944,16.0,1.475000076293945,2.825,3.799999999999997,expiry_intrinsic,0.14125000000000001,1.9500000000000002,-113.5749999999997,-0.01566551724137927,fold_3,xgb,0.7857142686843872
CNP,2024-03-31,2024-04-30,1.0,28.49,27.94,2.28,4.29,0.53,0.56,0.49,13.0,0.51,0.52,0.48,0.52,3.0,0.0,4.0,1.0,2680760000.0,3017700000.0,2361470000.0,5.0,4924.0,4799.2,74.67,59.87,-6.71,367.53,-4.53,14.29,-20.0,-1.24,12.39,5.95,3.44,29.0,29.0,29.0,2024-05-17,0.675,0.5,1.175,4.051724137931035,0.6000000000000001,0.325,0.925,30.08,1.0799999999999983,0.20024,0.24902,0.22463,0.18073,19.54324889818813,-0.03902,1049.0,45.0,2.433628318584071,18.0,0.0,1,4.051724137931035,2024-04-29,513.0,497.9416198730469,0.13195,0.1319449999999999,0.1319449999999999,-5.000000000032756e-06,-5.000000000032756e-06,1,0.1417,0.1152257142857142,0.0264742857142857,-0.0034871428571428,0.4615627217535286,0.3386173776181445,0.7091633466135459,0.1039141119982902,0.1252031035373971,0.0067468964626028,0.8299643464289364,1.16,-0.4252358756180824,0.9848042441124726,-0.5905529024858356,0.0206916409891566,-0.024872384871474,-0.0250587762271753,1,14.670000076293944,16.0,1.475000076293945,1.175,1.0799999999999983,expiry_intrinsic,0.058750000000000004,1.9500000000000002,1.6750000000001743,0.0005775862068966119,fold_3,xgb,1.0
PEG,2024-03-31,2024-04-30,0.0,66.78,57.99,3.44,19.12,1.31,1.44,1.22,15.0,1.3,1.28,1.38,1.4,3.0,0.0,4.0,1.0,3064530000.0,3346820000.0,2780080000.0,7.0,5194.4,4764.32,164.27,174.84,14.66,357.53,20.7,-15.62,-36.47,78.83,166.84,16.39,18.7,70.0,70.0,70.0,2024-05-17,0.75,1.9,2.65,3.785714285714285,1.025,1.075,2.0999999999999996,74.54,4.540000000000006,0.20024,0.20024,0.20024,0.18073,9.743308030363565,0.0,419.0,73.0,0.166383701188455,18.0,0.0,1,3.785714285714285,2024-04-29,513.0,497.9416198730469,0.13195,0.1319449999999999,0.1319449999999999,-5.000000000032756e-06,-5.000000000032756e-06,1,0.1417,0.1152257142857142,0.0264742857142857,-0.0034871428571428,0.4615627217535286,0.3386173776181445,0.7091633466135459,0.1039141119982902,0.1252031035373971,0.0067468964626028,0.8299643464289364,1.16,-0.4252358756180824,0.9848042441124726,-0.5905529024858356,0.0206916409891566,-0.024872384871474,-0.0250587762271753,1,14.670000076293944,16.0,1.475000076293945,2.65,4.540000000000006,expiry_intrinsic,0.1325,1.9500000000000002,-204.2000000000006,-0.02917142857142866,fold_3,xgb,1.0
OKE,2024-03-31,2024-04-30,0.0,80.17,68.25,-1.31,15.93,1.15,1.27,0.92,12.0,1.18,1.21,1.23,1.24,0.0,0.0,0.0,1.0,6151070000.0,6416970000.0,5844240000.0,3.0,3568.8,3802.4,-181.33,132.66,-22.71,325.13,-26.49,9.26,19.19,45.3,34.21,18.88,9.77,80.0,77.5,80.0,2024-05-17,1.8,1.25,3.05,3.8125,0.3,3.3,3.5999999999999996,82.63,2.6299999999999955,0.10268,0.27829,0.190485,0.19048,0.0026248785993528,2.7755575615628914e-17,4015.0,315.0,0.0471399291969442,18.0,3.125,1,0.6875,2024-04-29,513.0,497.9416198730469,0.13195,0.1319449999999999,0.1319449999999999,-5.000000000032756e-06,-5.000000000032756e-06,1,0.1417,0.1152257142857142,0.0264742857142857,-0.0034871428571428,0.4615627217535286,0.3386173776181445,0.7091633466135459,0.1039141119982902,0.1252031035373971,0.0067468964626028,0.8299643464289364,1.16,-0.4252358756180824,0.9848042441124726,-0.5905529024858356,0.0206916409891566,-0.024872384871474,-0.0250587762271753,1,14.670000076293944,16.0,1.475000076293945,3.05,2.6299999999999955,expiry_intrinsic,0.1525,1.9500000000000002,24.80000000000044,0.003100000000000055,fold_3,xgb,1.0
ALL,2024-03-31,2024-05-01,1.0,172.57,156.19,-0.59,9.84,3.94,5.1,3.3,18.0,3.94,3.71,3.56,3.36,3.0,0.0,8.0,2.0,12875300000.0,13272800000.0,12303900000.0,5.0,27522.4,22827.68,3037.33,2281.02,10.07,290.36,10.85,527.94,618.52,148.84,81.27,-72.85,3.0,170.0,170.0,170.0,2024-05-17,4.65,4.25,8.9,5.235294117647059,2.875,3.4,6.275,169.51,0.4900000000000091,0.2978,0.30755,0.302675,0.22951,24.172792599322715,-0.048775,678.0,101.0,0.7378435517970402,17.0,0.0,1,5.235294117647059,2024-04-30,505.0,490.0535888671875,0.1423971428571428,0.1370573809523809,0.141705,-0.0053397619047619,-0.0006921428571428,1,0.1528542857142857,0.1235842857142857,0.02927,-0.0041778571428571,0.6263051779096881,0.4566689535493765,0.7888446215139442,0.1507012455483778,0.1352735147090766,0.0071236281480662,1.1140484216180868,1.19,-0.3018209575409785,0.9140145508794636,-0.6280855454239114,-0.0072580235341422,-0.0386470095316459,-0.0405030899681541,1,15.649999618530272,16.59000015258789,1.410285332815988,8.9,0.4900000000000091,expiry_intrinsic,0.44500000000000006,1.9500000000000002,794.549999999999,0.04673823529411759,fold_3,xgb,1.0
AWK,2024-03-31,2024-05-01,0.0,120.3,125.24,4.01,-0.1,0.98,1.03,0.94,9.0,0.99,0.99,0.99,0.98,0.0,0.0,1.0,2.0,1011000000.0,1040000000.0,906000000.0,4.0,3183.2,2506.08,128.0,260.21,11.66,262.81,11.77,26.03,-45.88,18.06,18.15,1.28,1.95,120.0,125.0,120.0,2024-05-17,3.75,1.425,5.175,4.3125,6.65,0.45,7.1000000000000005,133.76,13.759999999999993,0.21,0.23926,0.22463,0.209995,6.515158260250193,-0.0048799999999999,1088.0,9.0,0.5764705882352941,17.0,4.166666666666674,1,0.1458333333333259,2024-04-30,505.0,490.0535888671875,0.1423971428571428,0.1370573809523809,0.141705,-0.0053397619047619,-0.0006921428571428,1,0.1528542857142857,0.1235842857142857,0.02927,-0.0041778571428571,0.6263051779096881,0.4566689535493765,0.7888446215139442,0.1507012455483778,0.1352735147090766,0.0071236281480662,1.1140484216180868,1.19,-0.3018209575409785,0.9140145508794636,-0.6280855454239114,-0.0072580235341422,-0.0386470095316459,-0.0405030899681541,1,15.649999618530272,16.59000015258789,1.410285332815988,5.175,13.759999999999993,expiry_intrinsic,0.25875,1.9500000000000002,-886.3249999999994,-0.07386041666666661,fold_3,xgb,0.7857142686843872
EXC,2024-03-31,2024-05-02,0.0,37.58,34.35,0.82,10.31,0.7,0.72,0.68,14.0,0.69,0.7,0.69,0.67,0.0,0.0,2.0,1.0,5567960000.0,5762790000.0,5216590000.0,5.0,3309.6,3270.24,-13.87,47.65,13.89,263.33,13.73,39.53,-10.45,10.62,21.36,-1.01,1.14,38.0,37.0,38.0,2024-05-17,0.6000000000000001,0.95,1.55,4.078947368421053,0.175,1.075,1.25,38.58,0.5799999999999983,0.20024,0.28804,0.24414,0.17585,27.97165560743836,-0.0439,4392.0,56.0,1.0959752321981424,16.0,2.631578947368418,1,1.447368421052635,2024-05-01,504.0,488.4623718261719,0.136825,0.136825,0.1412983333333333,0.0,0.0044733333333333,0,0.15146,0.13195,0.01951,0.00488,0.5384372782464718,0.3937043464223738,0.7410358565737052,0.1508508749867372,0.1343934593394126,0.0024315406605873,1.1224569687261423,1.31,0.6571287406727474,1.241740125585166,-0.1250148314916217,-0.0100115049673736,-0.0356372815007053,-0.0436186019626153,1,15.390000343322754,16.56999969482422,1.707500343322753,1.55,0.5799999999999983,expiry_intrinsic,0.07750000000000001,1.9500000000000002,87.30000000000017,0.02297368421052636,fold_3,xgb,0.7857142686843872
WMB,2024-03-31,2024-05-06,1.0,39.23,34.3,-0.43,13.88,0.48,0.53,0.45,10.0,0.49,0.48,0.49,0.5,0.0,0.0,4.0,1.0,2687210000.0,2873130000.0,2171590000.0,6.0,2079.2,1783.84,210.13,105.73,-0.53,326.22,0.16,-12.73,0.0,35.35,42.84,12.2,12.01,38.5,39.0,38.5,2024-05-10,0.675,0.475,1.15,2.9870129870129873,0.7,0.85,1.5499999999999998,39.64,1.1400000000000006,0.26853,0.26853,0.26853,0.16122,39.962015417271814,0.0,34.0,38.0,0.8170580964153276,7.0,1.298701298701288,1,1.6883116883116993,2024-05-03,515.0,499.1423950195313,0.1187078571428571,0.12707,0.1319449999999999,0.0083621428571428,0.0132371428571428,0,0.13195,0.11244,0.01951,0.0034871428571428,0.2527455198747481,0.1889826062391541,0.50199203187251,0.1791471058451636,0.1411846178881877,-0.0224767607453306,1.2688854389721165,1.34,1.109057469650139,2.7392464254783166,2.834391405803527,0.0059615092468956,-0.0034692962015895,-0.02270772714016,1,13.489999771118164,15.270000457763672,1.6192140568324491,1.15,1.1400000000000006,expiry_intrinsic,0.057499999999999996,1.9500000000000002,-6.700000000000066,-0.0017402597402597574,fold_3,xgb,0.7857142686843872
CPAY,2024-03-31,2024-05-08,0.0,306.86,265.12,-0.77,14.85,4.11,4.5,4.03,17.0,4.13,4.1,4.42,4.41,0.0,0.0,0.0,1.0,940400000.0,966880000.0,930200000.0,14.0,1500.0,1500.0,-27.2,0.0,,,,,,,,,,310.0,280.0,310.0,2024-05-17,6.949999999999999,12.0,18.95,6.112903225806451,0.8,27.05,27.85,279.53,30.470000000000027,0.45389,0.46365,0.45877,0.24414,46.783791442334945,-0.175605,218.0,0.0,2.3333333333333335,10.0,9.677419354838712,0,-3.5645161290322607,2024-05-07,520.0,504.8533935546875,0.117315,0.122195,0.1237184375,0.0048799999999999,0.0064034374999999,0,0.12219,0.11244,0.0097499999999999,0.0,0.2307813608767643,0.1732434722950886,0.4820717131474104,0.106111671573116,0.1411211613569878,-0.0238061613569878,0.7519189223839372,1.29,0.1749637661297705,1.5832507979288175,0.3177654808593679,0.0302003801700776,-0.0030458771459657,-0.0115259185131776,1,13.229999542236328,14.949999809265137,1.4984995422363276,18.95,30.470000000000027,expiry_intrinsic,0.9475,1.9500000000000002,-1248.7000000000028,-0.040280645161290415,fold_3,xgb,0.7857142686843872
BRO,2024-06-30,2024-07-22,1.0,93.02,82.93,0.15,12.34,0.88,0.9,0.84,13.0,0.87,0.88,0.88,0.87,1.0,0.0,3.0,2.0,1144490000.0,1173600000.0,1122350000.0,9.0,3528.8,3042.4,202.67,64.0,11.64,-70.94,17.83,35.71,96.55,18.78,20.31,0.52,2.28,90.0,100.0,90.0,2024-08-16,3.9,2.375,6.275,6.972222222222222,8.55,0.275,8.825000000000001,101.87,11.870000000000005,0.21975,0.35633,0.2880399999999999,0.161215,44.03034300791556,-0.1512099999999999,13.0,0.0,0.0050293378038558,28.0,11.111111111111116,0,-4.138888888888894,2024-07-19,570.0,537.67578125,0.13195,0.12707,0.12707,-0.00488,-0.00488,1,0.16122,0.1194042857142857,0.0418157142857142,0.0083621428571428,1.0,0.3684721622788089,0.7848605577689243,0.1297131377731952,0.0949152875814372,0.0370347124185627,1.3666200785821936,0.96,-1.4476025508874568,1.2627899175817945,0.0417915488448593,-0.0196431276096066,0.0041406805507016,-0.0280951988502121,1,16.520000457763672,17.15999984741211,3.3250004577636716,6.275,11.870000000000005,expiry_intrinsic,0.31375000000000003,1.9500000000000002,-592.8250000000004,-0.0658694444444445,fold_3,xgb,1.0
TDY,2024-06-30,2024-07-24,1.0,391.23,376.98,6.59,10.62,4.49,4.57,4.43,8.0,4.49,4.49,4.5,5.0,0.0,0.0,0.0,0.0,1360890000.0,1374450000.0,1351200000.0,7.0,42396.0,41151.84,524.8,708.32,-2.4,-76.04,2.63,0.44,-16.36,-3.79,-3.38,0.11,-0.18,400.0,420.0,400.0,2024-08-16,14.95,11.3,26.25,6.5625,21.0,4.925,25.925,416.58,16.579999999999984,0.31731,0.31731,0.31731,0.205115,35.358167092118116,-0.0780449999999999,2.0,0.0,0.176,24.0,5.000000000000004,1,1.5624999999999956,2024-07-23,575.0,542.3670043945312,0.1277671428571428,0.126582,0.12707,-0.0011851428571428,-0.0006971428571428,1,0.1417,0.11244,0.0292599999999999,-0.0006971428571428,0.8775151641915914,0.3233399099821197,0.7250996015936255,0.1447253450513592,0.1004435059134833,0.0273236369436594,1.44086313729449,1.0,-0.9285427098328984,0.4780604697776863,-1.291654274789159,-0.019615325929704,0.017024649237358,-0.019615325929704,1,14.720000267028809,16.010000228881836,1.9432859813145225,26.25,16.579999999999984,expiry_intrinsic,1.3125,1.9500000000000002,833.8000000000015,0.020845000000000037,fold_3,xgb,0.7857142686843872
CME,2024-06-30,2024-07-24,1.0,195.08,212.54,1.11,-7.19,2.53,2.57,2.5,13.0,2.54,2.51,2.52,2.51,0.0,0.0,6.0,1.0,1534110000.0,1582400000.0,1513000000.0,12.0,4626.4,4272.64,166.93,61.07,3.21,-73.33,9.4,3.31,5.49,-3.65,5.02,0.34,1.11,200.0,200.0,200.0,2024-08-16,3.55,5.6,9.15,4.574999999999999,3.85,3.85,7.7,207.88,7.8799999999999955,0.21975,0.22951,0.22463,0.20024,10.857855139562837,-0.0341449999999999,560.0,592.0,0.4501178318931657,24.0,0.0,1,4.574999999999999,2024-07-23,575.0,542.3670043945312,0.1277671428571428,0.126582,0.12707,-0.0011851428571428,-0.0006971428571428,1,0.1417,0.11244,0.0292599999999999,-0.0006971428571428,0.8775151641915914,0.3233399099821197,0.7250996015936255,0.1447253450513592,0.1004435059134833,0.0273236369436594,1.44086313729449,1.0,-0.9285427098328984,0.4780604697776863,-1.291654274789159,-0.019615325929704,0.017024649237358,-0.019615325929704,1,14.720000267028809,16.010000228881836,1.9432859813145225,9.149999999999999,7.8799999999999955,expiry_intrinsic,0.45749999999999996,1.9500000000000002,79.30000000000031,0.003965000000000015,fold_3,xgb,0.7857142686843872
NOW,2024-06-30,2024-07-24,1.0,739.59,716.25,-1.18,2.04,2.84,3.13,2.68,28.0,2.84,2.65,2.84,2.87,0.0,0.0,0.0,1.0,2606750000.0,2654690000.0,2527350000.0,29.0,10997.6,9613.28,664.53,78.2,24.19,-70.98,23.89,43.88,9.65,75.31,130.56,0.92,5.88,765.0,830.0,765.0,2024-07-26,26.450000000000003,24.95,51.400000000000006,6.718954248366014,64.5,0.15,64.65,827.61,62.610000000000014,0.94168,0.91242,0.92705,0.47828,48.4083922118548,-0.55121,105.0,100.0,0.9430018999366688,3.0,8.496732026143782,0,-1.777777777777768,2024-07-23,575.0,542.3670043945312,0.1277671428571428,0.126582,0.12707,-0.0011851428571428,-0.0006971428571428,1,0.1417,0.11244,0.0292599999999999,-0.0006971428571428,0.8775151641915914,0.3233399099821197,0.7250996015936255,0.1447253450513592,0.1004435059134833,0.0273236369436594,1.44086313729449,1.0,-0.9285427098328984,0.4780604697776863,-1.291654274789159,-0.019615325929704,0.017024649237358,-0.019615325929704,1,14.720000267028809,16.010000228881836,1.9432859813145225,51.400000000000006,62.610000000000014,expiry_intrinsic,2.5700000000000003,1.9500000000000002,-1379.950000000001,-0.01803856209150328,fold_3,xgb,0.7857142686843872
OTIS,2024-06-30,2024-07-24,1.0,96.87,93.02,-5.62,-1.71,1.03,1.04,0.99,9.0,1.03,1.02,1.02,1.0,0.0,0.0,2.0,0.0,3727050000.0,3752000000.0,3708000000.0,9.0,4408.8,4228.96,61.87,111.16,2.72,-75.81,4.3,10.0,1.15,5.0,10.22,0.29,1.11,97.5,92.5,97.5,2024-08-16,2.975,1.925,4.9,5.025641025641026,0.55,4.075,4.625,92.12,5.3799999999999955,0.22951,0.24902,0.239265,0.2148749999999999,10.19371826217793,-0.03415,1300.0,58.0,1.2100371747211895,24.0,5.128205128205132,0,-0.1025641025641057,2024-07-23,575.0,542.3670043945312,0.1277671428571428,0.126582,0.12707,-0.0011851428571428,-0.0006971428571428,1,0.1417,0.11244,0.0292599999999999,-0.0006971428571428,0.8775151641915914,0.3233399099821197,0.7250996015936255,0.1447253450513592,0.1004435059134833,0.0273236369436594,1.44086313729449,1.0,-0.9285427098328984,0.4780604697776863,-1.291654274789159,-0.019615325929704,0.017024649237358,-0.019615325929704,1,14.720000267028809,16.010000228881836,1.9432859813145225,4.9,5.3799999999999955,expiry_intrinsic,0.24500000000000002,1.9500000000000002,-74.4499999999995,-0.007635897435897385,fold_3,xgb,0.7857142686843872
POOL,2024-06-30,2024-07-25,1.0,310.74,371.17,15.83,-3.03,4.9,4.94,4.85,9.0,4.9,5.19,5.86,6.18,0.0,0.0,1.0,1.0,1744320000.0,1753000000.0,1734780000.0,11.0,29605.6,29017.44,343.47,131.74,-7.12,-79.77,-9.62,-20.93,54.55,-23.19,-25.42,-0.43,-2.38,330.0,370.0,330.0,2024-08-16,10.95,14.25,25.2,7.636363636363636,43.5,1.5,45.0,345.28,15.279999999999973,0.35633,0.40511,0.38072,0.307555,19.21753519646984,-0.048775,110.0,21.0,4.461538461538462,23.0,12.12121212121211,0,-4.484848484848475,2024-07-24,563.0,530.0756225585938,0.136825,0.136825,0.1383265384615384,0.0,0.0015015384615384,0,0.17097,0.1417,0.02927,0.01951,1.0,0.42107250755287,0.8207171314741036,0.1900482262422357,0.1293933487691008,0.0074316512308991,1.4687634878464428,1.0,-0.9092552876381292,6.307802101590033,3.8179801807995455,-0.0282078200278218,-0.0027821828687577,-0.0418332748046571,1,18.040000915527344,18.43000030517578,4.357500915527343,25.2,15.279999999999973,expiry_intrinsic,1.26,1.9500000000000002,864.0500000000027,0.026183333333333416,fold_3,xgb,1.0
WTW,2024-06-30,2024-07-25,1.0,263.07,250.95,5.52,10.62,2.33,2.45,2.22,17.0,2.33,2.33,2.34,2.4,0.0,0.0,1.0,0.0,2273430000.0,2310850000.0,2250700000.0,11.0,2093.6,1095.36,571.2,356.98,4.32,-75.31,6.99,15.85,-55.78,22.9,-1.75,1.18,-0.74,270.0,280.0,270.0,2024-08-16,6.85,8.8,15.65,5.796296296296297,14.9,1.225,16.125,280.42,10.420000000000016,0.28804,0.28804,0.28804,0.185605,35.5627690598528,-0.06341,335.0,11.0,0.2731517509727626,23.0,3.703703703703698,1,2.0925925925925988,2024-07-24,563.0,530.0756225585938,0.136825,0.136825,0.1383265384615384,0.0,0.0015015384615384,0,0.17097,0.1417,0.02927,0.01951,1.0,0.42107250755287,0.8207171314741036,0.1900482262422357,0.1293933487691008,0.0074316512308991,1.4687634878464428,1.0,-0.9092552876381292,6.307802101590033,3.8179801807995455,-0.0282078200278218,-0.0027821828687577,-0.0418332748046571,1,18.040000915527344,18.43000030517578,4.357500915527343,15.65,10.420000000000016,expiry_intrinsic,0.7825000000000001,1.9500000000000002,442.7999999999985,0.016399999999999942,fold_3,xgb,0.7857142686843872
VLTO,2024-06-30,2024-07-25,1.0,98.95,94.12,0.67,5.83,0.81,0.85,0.78,10.0,0.8,0.8,0.8,0.8,1.0,0.0,2.0,0.0,1278740000.0,1289000000.0,1257600000.0,10.0,2028.0,1697.33,218.67,67.04,,-0.72,,,12.0,,,,,100.0,105.0,100.0,2024-08-16,2.5250000000000004,2.925,5.45,5.45,5.85,0.6,6.449999999999999,108.72,8.719999999999999,0.26853,0.27829,0.27341,0.22463,17.841337185911264,-0.058535,161.0,67.0,0.0916030534351145,23.0,5.000000000000004,1,0.4499999999999957,2024-07-24,563.0,530.0756225585938,0.136825,0.136825,0.1383265384615384,0.0,0.0015015384615384,0,0.17097,0.1417,0.02927,0.01951,1.0,0.42107250755287,0.8207171314741036,0.1900482262422357,0.1293933487691008,0.0074316512308991,1.4687634878464428,1.0,-0.9092552876381292,6.307802101590033,3.8179801807995455,-0.0282078200278218,-0.0027821828687577,-0.0418332748046571,1,18.040000915527344,18.43000030517578,4.357500915527343,5.45,8.719999999999999,expiry_intrinsic,0.2725,1.9500000000000002,-356.1999999999999,-0.035619999999999985,fold_3,xgb,0.7857142686843872
LHX,2024-06-30,2024-07-25,1.0,224.51,214.54,8.36,13.39,3.18,3.28,3.09,22.0,3.18,3.16,3.16,3.11,5.0,0.0,8.0,0.0,5297900000.0,5402000000.0,5155000000.0,20.0,9436.0,8893.92,200.53,118.75,16.55,-73.17,11.76,6.99,-8.66,8.41,-3.46,-3.99,-1.66,240.0,230.0,240.0,2024-08-16,4.6,6.55,11.15,4.645833333333333,0.975,11.85,12.825,228.5,11.5,0.22951,0.22951,0.22951,0.18073,21.253975861618223,-0.0292699999999999,1552.0,104.0,0.2815533980582524,23.0,4.1666666666666625,1,0.4791666666666705,2024-07-24,563.0,530.0756225585938,0.136825,0.136825,0.1383265384615384,0.0,0.0015015384615384,0,0.17097,0.1417,0.02927,0.01951,1.0,0.42107250755287,0.8207171314741036,0.1900482262422357,0.1293933487691008,0.0074316512308991,1.4687634878464428,1.0,-0.9092552876381292,6.307802101590033,3.8179801807995455,-0.0282078200278218,-0.0027821828687577,-0.0418332748046571,1,18.040000915527344,18.43000030517578,4.357500915527343,11.149999999999999,11.5,expiry_intrinsic,0.5575,1.9500000000000002,-92.70000000000014,-0.003862500000000006,fold_3,xgb,0.7857142686843872
HAS,2024-06-30,2024-07-25,1.0,59.4,64.47,3.57,-4.58,0.78,0.99,0.67,11.0,0.78,0.77,0.76,0.75,0.0,0.0,2.0,1.0,943560000.0,956200000.0,924310000.0,10.0,6877.6,6633.12,533.33,948.45,-24.35,-84.86,-14.17,6000.0,60.53,-14.84,549.16,1.7,13.55,60.0,65.0,60.0,2024-08-16,2.325,4.0,6.325,10.541666666666668,4.3,0.35,4.6499999999999995,66.34,6.340000000000003,0.42462,0.63925,0.531935,0.23926,55.02082021299594,-0.151215,1356.0,555.0,0.9996055226824456,23.0,8.333333333333325,1,2.208333333333343,2024-07-24,563.0,530.0756225585938,0.136825,0.136825,0.1383265384615384,0.0,0.0015015384615384,0,0.17097,0.1417,0.02927,0.01951,1.0,0.42107250755287,0.8207171314741036,0.1900482262422357,0.1293933487691008,0.0074316512308991,1.4687634878464428,1.0,-0.9092552876381292,6.307802101590033,3.8179801807995455,-0.0282078200278218,-0.0027821828687577,-0.0418332748046571,1,18.040000915527344,18.43000030517578,4.357500915527343,6.325,6.340000000000003,expiry_intrinsic,0.31625000000000003,1.9500000000000002,-35.07500000000033,-0.005845833333333389,fold_3,xgb,1.0
BKR,2024-06-30,2024-07-25,1.0,34.85,32.84,2.09,8.34,0.49,0.51,0.48,20.0,0.49,0.49,0.49,0.48,1.0,0.0,2.0,1.0,6805020000.0,6912330000.0,6670300000.0,19.0,562.4,433.12,104.53,50.62,12.28,-74.84,20.36,53.57,-15.69,-11.71,50.68,-0.19,2.62,35.0,38.0,35.0,2024-08-16,0.95,1.1,2.05,5.857142857142857,2.225,0.125,2.35,34.94,0.0600000000000022,0.26853,0.31731,0.2929199999999999,0.229505,21.64925576949336,-0.0243899999999999,475.0,16.0,0.6979362101313321,23.0,8.571428571428562,0,-2.7142857142857055,2024-07-24,563.0,530.0756225585938,0.136825,0.136825,0.1383265384615384,0.0,0.0015015384615384,0,0.17097,0.1417,0.02927,0.01951,1.0,0.42107250755287,0.8207171314741036,0.1900482262422357,0.1293933487691008,0.0074316512308991,1.4687634878464428,1.0,-0.9092552876381292,6.307802101590033,3.8179801807995455,-0.0282078200278218,-0.0027821828687577,-0.0418332748046571,1,18.040000915527344,18.43000030517578,4.357500915527343,2.05,0.0600000000000022,expiry_intrinsic,0.1025,1.9500000000000002,186.79999999999976,0.0533714285714285,fold_3,xgb,0.7857142686843872
DOV,2024-06-30,2024-07-25,1.0,180.06,180.17,3.48,3.41,2.21,2.3,2.09,15.0,2.21,2.21,2.21,2.22,1.0,0.0,3.0,0.0,2147530000.0,2209000000.0,2107660000.0,15.0,8714.4,8424.16,239.47,148.84,-9.39,-77.68,0.98,0.52,-20.41,120.34,-19.2,1.08,-1.64,175.0,185.0,175.0,2024-08-16,6.25,4.25,10.5,6.0,12.45,0.95,13.4,179.83,4.8300000000000125,0.2978,0.2978,0.2978,0.22951,22.93149764942915,-0.048785,18.0,0.0,0.6835338034010784,23.0,5.714285714285716,1,0.2857142857142838,2024-07-24,563.0,530.0756225585938,0.136825,0.136825,0.1383265384615384,0.0,0.0015015384615384,0,0.17097,0.1417,0.02927,0.01951,1.0,0.42107250755287,0.8207171314741036,0.1900482262422357,0.1293933487691008,0.0074316512308991,1.4687634878464428,1.0,-0.9092552876381292,6.307802101590033,3.8179801807995455,-0.0282078200278218,-0.0027821828687577,-0.0418332748046571,1,18.040000915527344,18.43000030517578,4.357500915527343,10.5,4.8300000000000125,expiry_intrinsic,0.525,1.9500000000000002,512.5499999999987,0.029288571428571355,fold_3,xgb,1.0
CAT,2024-06-30,2024-08-06,1.0,328.35,344.5,-0.58,-5.24,5.54,5.96,5.24,19.0,5.54,5.58,5.57,5.56,0.0,0.0,2.0,0.0,16677800000.0,17182900000.0,15777700000.0,15.0,24274.4,21714.72,1183.47,234.48,-0.4,-76.44,11.92,14.05,7.07,27.44,28.85,2.02,5.05,317.5,325.0,317.5,2024-08-09,10.875,11.425,22.3,7.023622047244095,9.825,1.38,11.204999999999998,338.26,20.75999999999999,0.84413,0.84413,0.84413,0.40999,51.43046687121652,-0.41463,154.0,244.0,1.762271214642263,4.0,2.3622047244094446,1,4.661417322834651,2024-08-05,535.0,506.7171936035156,0.2504092857142856,0.22951,0.230481,-0.0208992857142856,-0.0199282857142856,1,0.3619042857142857,0.2322957142857142,0.1296085714285714,0.0466907142857143,1.0,1.0,1.0,0.2731289992965821,0.1888350081986665,0.0615742775156191,1.4463896387752049,1.74,3.3025103685558603,13.46181835325362,3.517616352155413,-0.0502607475870009,-0.067178703768935,-0.0840560604320442,1,38.56999969482422,33.709999084472656,13.529071123395653,22.3,20.75999999999999,expiry_intrinsic,1.115,1.9500000000000002,40.55000000000098,0.0012771653543307395,fold_3,xgb,1.0
AIZ,2024-06-30,2024-08-06,1.0,161.28,176.54,5.51,-3.61,3.62,3.92,3.37,7.0,3.62,3.92,3.97,4.03,0.0,0.0,0.0,1.0,2893070000.0,2932350000.0,2852720000.0,5.0,38997.6,30703.2,2867.2,1924.1,8.98,-74.13,9.08,73.82,4.37,66.65,99.12,2.8,4.6,170.0,170.0,170.0,2024-08-16,4.275,4.75,9.025,5.308823529411765,3.95,2.5500000000000003,6.5,187.27,17.27000000000001,0.3856,0.3856,0.3856,0.302675,21.50544605809128,-0.0877999999999999,18.0,6.0,4.909090909090909,11.0,0.0,1,5.308823529411765,2024-08-05,535.0,506.7171936035156,0.2504092857142856,0.22951,0.230481,-0.0208992857142856,-0.0199282857142856,1,0.3619042857142857,0.2322957142857142,0.1296085714285714,0.0466907142857143,1.0,1.0,1.0,0.2731289992965821,0.1888350081986665,0.0615742775156191,1.4463896387752049,1.74,3.3025103685558603,13.46181835325362,3.517616352155413,-0.0502607475870009,-0.067178703768935,-0.0840560604320442,1,38.56999969482422,33.709999084472656,13.529071123395653,9.025,17.27000000000001,expiry_intrinsic,0.45125000000000004,1.9500000000000002,-871.5750000000011,-0.05126911764705889,fold_3,xgb,0.7857142686843872
AXON,2024-06-30,2024-08-06,1.0,298.38,311.86,-1.13,-5.41,1.02,1.17,0.93,14.0,1.02,1.02,1.02,1.02,0.0,0.0,0.0,0.0,477960000.0,495880000.0,467400000.0,12.0,19586.4,18044.0,704.0,117.58,34.06,-70.53,31.83,30.68,2.68,250.24,-0.92,-3.26,-1.26,290.0,350.0,290.0,2024-08-16,14.0,17.1,31.1,10.724137931034484,59.9,0.2249999999999999,60.125,373.69,83.69,0.78559,0.76608,0.775835,0.47828,38.35287142240297,-0.2731650000000001,79.0,56.0,1.6007944389275075,11.0,20.68965517241379,0,-9.965517241379306,2024-08-05,535.0,506.7171936035156,0.2504092857142856,0.22951,0.230481,-0.0208992857142856,-0.0199282857142856,1,0.3619042857142857,0.2322957142857142,0.1296085714285714,0.0466907142857143,1.0,1.0,1.0,0.2731289992965821,0.1888350081986665,0.0615742775156191,1.4463896387752049,1.74,3.3025103685558603,13.46181835325362,3.517616352155413,-0.0502607475870009,-0.067178703768935,-0.0840560604320442,1,38.56999969482422,33.709999084472656,13.529071123395653,31.1,83.69,expiry_intrinsic,1.5550000000000002,1.9500000000000002,-5416.45,-0.18677413793103448,fold_3,xgb,1.0
AMGN,2024-06-30,2024-08-06,0.0,310.88,307.31,5.81,7.04,5.01,5.43,4.8,21.0,5.0,4.58,4.97,4.97,2.0,0.0,11.0,0.0,8333470000.0,8603000000.0,8205500000.0,21.0,17005.6,16047.2,112.0,635.01,21.98,-73.58,8.43,-0.5,-15.92,-55.89,-48.41,-14.8,-18.16,325.0,312.5,325.0,2024-08-09,9.7,9.05,18.75,5.769230769230769,0.6,12.7,13.3,322.49,2.509999999999991,0.69779,0.67828,0.688035,0.414865,39.70292208971926,-0.3316999999999999,40.0,33.0,1.3323281061519905,4.0,3.846153846153843,1,1.9230769230769256,2024-08-05,535.0,506.7171936035156,0.2504092857142856,0.22951,0.230481,-0.0208992857142856,-0.0199282857142856,1,0.3619042857142857,0.2322957142857142,0.1296085714285714,0.0466907142857143,1.0,1.0,1.0,0.2731289992965821,0.1888350081986665,0.0615742775156191,1.4463896387752049,1.74,3.3025103685558603,13.46181835325362,3.517616352155413,-0.0502607475870009,-0.067178703768935,-0.0840560604320442,1,38.56999969482422,33.709999084472656,13.529071123395653,18.75,2.509999999999991,expiry_intrinsic,0.9375,1.9500000000000002,1528.3000000000009,0.04702461538461541,fold_3,xgb,0.7857142686843872
STE,2024-06-30,2024-08-06,1.0,220.05,210.09,8.69,13.85,1.98,2.02,1.92,7.0,1.98,2.01,2.01,2.13,0.0,0.0,0.0,1.0,1272490000.0,1295000000.0,1260030000.0,6.0,136.8,697.44,0.0,516.98,6.72,0.0,4.76,-2.0,-11.71,-38.48,18.69,0.26,1.76,240.0,230.0,240.0,2024-08-16,7.75,10.1,17.85,7.437500000000001,2.825,8.2,11.025,232.34,7.659999999999997,0.52218,0.56121,0.541695,0.31731,41.42275634812949,-0.16097,100.0,1.0,23.333333333333332,11.0,4.1666666666666625,1,3.2708333333333384,2024-08-05,535.0,506.7171936035156,0.2504092857142856,0.22951,0.230481,-0.0208992857142856,-0.0199282857142856,1,0.3619042857142857,0.2322957142857142,0.1296085714285714,0.0466907142857143,1.0,1.0,1.0,0.2731289992965821,0.1888350081986665,0.0615742775156191,1.4463896387752049,1.74,3.3025103685558603,13.46181835325362,3.517616352155413,-0.0502607475870009,-0.067178703768935,-0.0840560604320442,1,38.56999969482422,33.709999084472656,13.529071123395653,17.85,7.659999999999997,expiry_intrinsic,0.8925000000000001,1.9500000000000002,927.8000000000004,0.03865833333333335,fold_3,xgb,1.0
VMC,2024-06-30,2024-08-06,0.0,244.21,267.93,0.79,-8.13,2.47,2.8,2.22,18.0,2.47,2.66,2.76,2.75,0.0,0.0,0.0,0.0,2030470000.0,2154980000.0,1906000000.0,16.0,12456.8,12178.4,-2.13,200.09,-6.26,-80.14,4.76,-15.79,-45.21,-4.01,-7.64,1.42,-0.16,260.0,240.0,260.0,2024-08-16,8.55,9.85,18.4,7.076923076923077,0.7,18.8,19.5,244.43,15.569999999999991,0.53194,0.48316,0.50755,0.3417,32.676583587823856,-0.1512149999999999,272.0,39.0,1.6712328767123288,11.0,7.692307692307687,0,-0.6153846153846105,2024-08-05,535.0,506.7171936035156,0.2504092857142856,0.22951,0.230481,-0.0208992857142856,-0.0199282857142856,1,0.3619042857142857,0.2322957142857142,0.1296085714285714,0.0466907142857143,1.0,1.0,1.0,0.2731289992965821,0.1888350081986665,0.0615742775156191,1.4463896387752049,1.74,3.3025103685558603,13.46181835325362,3.517616352155413,-0.0502607475870009,-0.067178703768935,-0.0840560604320442,1,38.56999969482422,33.709999084472656,13.529071123395653,18.4,15.569999999999991,expiry_intrinsic,0.9199999999999999,1.9500000000000002,189.05000000000075,0.007271153846153875,fold_3,xgb,1.0
IFF,2024-06-30,2024-08-06,1.0,95.29,97.23,1.25,-0.77,1.01,1.1,0.95,13.0,1.01,1.0,1.0,1.0,0.0,0.0,5.0,0.0,2889000000.0,2907100000.0,2797500000.0,14.0,7188.0,6315.2,420.8,336.73,-4.23,-74.75,-7.83,29.89,56.94,22.05,51.91,3.47,2.53,95.0,95.0,95.0,2024-08-16,3.9,4.2,8.1,8.526315789473683,1.6,1.65,3.25,98.58,3.5799999999999983,0.60999,0.61974,0.614865,0.27341,55.53332845421352,-0.20975,776.0,9.0,3.941818181818182,11.0,0.0,1,8.526315789473683,2024-08-05,535.0,506.7171936035156,0.2504092857142856,0.22951,0.230481,-0.0208992857142856,-0.0199282857142856,1,0.3619042857142857,0.2322957142857142,0.1296085714285714,0.0466907142857143,1.0,1.0,1.0,0.2731289992965821,0.1888350081986665,0.0615742775156191,1.4463896387752049,1.74,3.3025103685558603,13.46181835325362,3.517616352155413,-0.0502607475870009,-0.067178703768935,-0.0840560604320442,1,38.56999969482422,33.709999084472656,13.529071123395653,8.1,3.5799999999999983,expiry_intrinsic,0.405,1.9500000000000002,409.5500000000001,0.04311052631578949,fold_3,xgb,0.7857142686843872
TRMB,2024-06-30,2024-08-06,1.0,55.89,56.54,-7.8,-8.86,0.58,0.61,0.56,11.0,0.58,0.58,0.58,0.59,0.0,0.0,0.0,0.0,862500000.0,877000000.0,855300000.0,11.0,8671.2,8443.36,102.4,57.84,4.14,-74.9,4.44,-11.11,1.59,-18.33,-20.29,1.01,-3.52,50.0,50.0,50.0,2024-08-16,1.625,2.225,3.85,7.7,1.325,0.675,2.0,54.37,4.369999999999997,0.48316,0.6295,0.55633,0.30755,44.71806302014991,-0.1951149999999999,59.0,102.0,0.3065902578796561,11.0,0.0,1,7.7,2024-08-05,535.0,506.7171936035156,0.2504092857142856,0.22951,0.230481,-0.0208992857142856,-0.0199282857142856,1,0.3619042857142857,0.2322957142857142,0.1296085714285714,0.0466907142857143,1.0,1.0,1.0,0.2731289992965821,0.1888350081986665,0.0615742775156191,1.4463896387752049,1.74,3.3025103685558603,13.46181835325362,3.517616352155413,-0.0502607475870009,-0.067178703768935,-0.0840560604320442,1,38.56999969482422,33.709999084472656,13.529071123395653,3.85,4.369999999999997,expiry_intrinsic,0.1925,1.9500000000000002,-73.19999999999973,-0.014639999999999946,fold_3,xgb,0.7857142686843872
MPC,2024-06-30,2024-08-06,1.0,170.74,180.93,0.09,-5.55,3.09,3.55,2.7,16.0,3.22,4.89,5.5,6.42,0.0,0.0,0.0,1.0,35082800000.0,40000000000.0,24073000000.0,8.0,39474.4,35340.0,2674.67,1706.61,-6.19,-77.96,-17.17,-57.64,-35.18,-44.98,-56.07,-6.69,-6.2,162.5,170.0,162.5,2024-08-09,4.875,5.199999999999999,10.075,6.199999999999999,6.875,0.305,7.18,175.83,13.330000000000013,0.74657,0.73681,0.74169,0.419745,43.40694899486308,-0.32682,23.0,30.0,0.9032170856988376,4.0,4.615384615384621,1,1.584615384615378,2024-08-05,535.0,506.7171936035156,0.2504092857142856,0.22951,0.230481,-0.0208992857142856,-0.0199282857142856,1,0.3619042857142857,0.2322957142857142,0.1296085714285714,0.0466907142857143,1.0,1.0,1.0,0.2731289992965821,0.1888350081986665,0.0615742775156191,1.4463896387752049,1.74,3.3025103685558603,13.46181835325362,3.517616352155413,-0.0502607475870009,-0.067178703768935,-0.0840560604320442,1,38.56999969482422,33.709999084472656,13.529071123395653,10.075,13.330000000000013,expiry_intrinsic,0.50375,1.9500000000000002,-377.82500000000135,-0.023250769230769314,fold_3,xgb,1.0
IDXX,2024-06-30,2024-08-06,1.0,486.0,487.07,-3.42,-3.63,2.88,2.97,2.84,9.0,2.88,2.87,2.87,2.89,0.0,0.0,1.0,0.0,1006530000.0,1028690000.0,1001120000.0,8.0,17666.4,16488.8,571.73,45.71,7.1,-73.67,8.62,10.2,21.12,8.22,6.62,1.2,-0.14,460.0,470.0,460.0,2024-08-16,16.35,21.3,37.650000000000006,8.184782608695654,14.6,7.45,22.05,492.26,32.25999999999999,0.58072,0.60023,0.5904750000000001,0.36121,38.827215377450365,-0.1609750000000001,14.0,20.0,1.6888888888888889,11.0,2.1739130434782705,1,6.010869565217384,2024-08-05,535.0,506.7171936035156,0.2504092857142856,0.22951,0.230481,-0.0208992857142856,-0.0199282857142856,1,0.3619042857142857,0.2322957142857142,0.1296085714285714,0.0466907142857143,1.0,1.0,1.0,0.2731289992965821,0.1888350081986665,0.0615742775156191,1.4463896387752049,1.74,3.3025103685558603,13.46181835325362,3.517616352155413,-0.0502607475870009,-0.067178703768935,-0.0840560604320442,1,38.56999969482422,33.709999084472656,13.529071123395653,37.650000000000006,32.25999999999999,expiry_intrinsic,1.8825000000000003,1.9500000000000002,348.8000000000015,0.007582608695652206,fold_3,xgb,1.0
ZBH,2024-06-30,2024-08-07,1.0,106.39,121.44,-0.55,-12.87,1.99,2.03,1.94,26.0,1.99,1.99,1.99,2.0,0.0,0.0,0.0,0.0,1941030000.0,1958700000.0,1924000000.0,24.0,8701.6,8437.28,104.53,39.99,3.18,-74.45,5.6,2.65,-11.82,-11.01,-18.76,0.23,-3.81,110.0,110.0,110.0,2024-08-16,3.625,3.4000000000000004,7.025,6.386363636363638,1.0,2.25,3.25,110.65,0.6500000000000057,0.52218,0.45389,0.488035,0.24414,49.974899341235776,-0.170725,343.0,244.0,2.6553480475382005,10.0,0.0,1,6.386363636363638,2024-08-06,523.0,511.3889770507813,0.2211442857142857,0.2072852777777777,0.2028413333333333,-0.0138590079365079,-0.0183029523809523,1,0.2699242857142857,0.1821228571428571,0.0878014285714285,0.0048792857142857,0.8082357841921248,0.8082357841921248,0.99601593625498,0.3069953430379926,0.1932204260486605,0.0279238596656251,1.5888348313685998,1.35,1.0765287867782936,1.498243272303813,-0.3302848556645957,-0.0366234090270164,-0.0596634580258537,-0.0756113267827554,1,27.709999084472656,26.760000228881836,5.595570513044084,7.025,0.6500000000000057,expiry_intrinsic,0.35125000000000006,1.9500000000000002,600.4249999999994,0.05458409090909085,fold_3,xgb,1.0
DDOG,2024-06-30,2024-08-08,1.0,126.63,118.97,-9.93,-4.13,0.37,0.54,0.34,36.0,0.37,0.37,0.36,0.36,0.0,0.0,0.0,0.0,624880000.0,649560000.0,621500000.0,36.0,4637.6,4357.6,112.0,93.03,26.89,-71.28,26.58,57.14,0.0,1007.35,134.3,2.73,9.22,108.0,112.0,108.0,2024-08-09,6.199999999999999,6.125,12.325,11.412037037037036,3.925,0.02,3.945,112.28,4.280000000000001,1.93678,1.92703,1.931905,0.39536,79.53522559339098,-1.346305,104.0,370.0,0.8205522197532031,2.0,3.703703703703698,1,7.708333333333338,2024-08-07,520.0,507.9707336425781,0.22463,0.206745,0.206745,-0.0178849999999999,-0.0178849999999999,1,0.26853,0.19048,0.0780499999999999,0.004875,0.8310765587190446,0.8310765587190446,0.99601593625498,0.2294939416324082,0.1930977607717018,0.0315322392282982,1.1884857738134902,1.38,1.142756720249506,1.2889992659367,-0.3799582376708712,-0.0583686702797301,-0.0668563505087412,-0.0817901566571597,1,27.850000381469727,27.010000228881836,5.387000381469726,12.325,4.280000000000001,expiry_intrinsic,0.61625,1.9500000000000002,740.9249999999997,0.06860416666666665,fold_3,xgb,0.7857142686843872
ARE,2024-09-30,2024-10-21,0.0,121.25,121.41,-1.43,-1.56,0.88,0.91,0.87,4.0,0.88,0.88,0.88,0.84,0.0,0.0,0.0,0.0,765520000.0,774290000.0,746860000.0,6.0,242.4,-444.0,256.0,199.36,7.22,-0.05,9.04,72.55,-1.12,1.47,17.04,1.31,2.25,120.0,120.0,120.0,2024-11-15,5.0,2.85,7.85,6.541666666666666,2.425,4.05,6.475,105.58,14.420000000000002,0.28804,0.28804,0.28804,0.25877,10.161783085682549,-0.029265,339.0,28.0,0.1067323481116584,28.0,0.0,1,6.541666666666666,2024-10-18,600.0,574.2981567382812,0.12707,0.1312485714285714,0.1319449999999999,0.0041785714285713,0.0048749999999999,0,0.17097,0.12219,0.04878,0.0195099999999999,0.0921350739022552,0.1917969792139592,0.6693227091633466,0.0958807900229148,0.087439418122468,0.0396305818775319,1.0965396623365415,1.26,-0.2144723743509695,0.507356934510485,-1.0146373374692372,0.0086442192888969,0.0269764516779325,0.0,1,18.030000686645508,19.190000534057617,5.323000686645507,7.85,14.420000000000002,expiry_intrinsic,0.3925,1.9500000000000002,-698.2000000000003,-0.05818333333333336,fold_4,xgb,0.7647058963775635
IVZ,2024-09-30,2024-10-22,1.0,17.17,16.58,5.07,8.81,0.43,0.47,0.37,15.0,0.43,0.42,0.42,0.43,1.0,0.0,6.0,0.0,1106660000.0,1128580000.0,1083100000.0,9.0,4511.2,4505.44,-33.6,153.6,2.81,0.54,-2.3,38.71,30.3,9.1,1.47,1.14,-0.19,18.0,17.0,18.0,2024-11-15,0.7749999999999999,0.8500000000000001,1.625,9.027777777777777,0.375,1.0,1.375,17.67,0.3299999999999983,0.3856,0.4734,0.4295,0.375845,12.492433061699652,-0.078045,1082.0,2767.0,1.1447839831401476,25.0,5.555555555555558,1,3.4722222222222188,2024-10-21,600.0,573.3550415039062,0.13195,0.136825,0.1319449999999999,0.0048749999999999,-5.000000000032756e-06,1,0.18073,0.13195,0.0487799999999999,0.0243899999999999,0.1842701478045099,0.2237740635516469,0.7410358565737052,0.0780997820209745,0.0874024789789387,0.0445475210210612,0.8935648385876346,1.2,-0.6520389056516837,0.562325017014662,-1.0803796736704707,-0.0011808668941,0.0270654800301761,-0.0016422048779181,1,18.3700008392334,19.239999771118164,5.175000839233398,1.625,0.3299999999999983,expiry_intrinsic,0.08125,1.9500000000000002,119.42500000000017,0.06634722222222232,fold_4,xgb,1.0
IPG,2024-09-30,2024-10-22,0.0,31.11,29.57,-4.28,0.71,0.7,0.72,0.65,9.0,0.7,0.7,0.7,0.7,0.0,0.0,0.0,0.0,2301940000.0,2324120000.0,2285100000.0,6.0,6428.0,6255.2,38.4,71.84,1.63,8.58,0.11,7.02,69.44,4.42,2.41,0.57,0.09,32.0,30.0,32.0,2024-11-15,0.8,1.1,1.9,5.9375,0.125,2.0,2.125,27.09,4.91,0.27829,0.28804,0.283165,0.22463,20.671693182420142,-0.02927,91.0,112.0,0.8718801996672213,25.0,6.25,0,-0.3125,2024-10-21,600.0,573.3550415039062,0.13195,0.136825,0.1319449999999999,0.0048749999999999,-5.000000000032756e-06,1,0.18073,0.13195,0.0487799999999999,0.0243899999999999,0.1842701478045099,0.2237740635516469,0.7410358565737052,0.0780997820209745,0.0874024789789387,0.0445475210210612,0.8935648385876346,1.2,-0.6520389056516837,0.562325017014662,-1.0803796736704707,-0.0011808668941,0.0270654800301761,-0.0016422048779181,1,18.3700008392334,19.239999771118164,5.175000839233398,1.9000000000000001,4.91,expiry_intrinsic,0.09500000000000001,1.9500000000000002,-312.45,-0.097640625,fold_4,xgb,0.8881751894950867
BKR,2024-09-30,2024-10-22,1.0,36.04,34.9,-0.17,3.09,0.61,0.63,0.56,19.0,0.61,0.61,0.61,0.55,1.0,0.0,3.0,3.0,7216390000.0,7378000000.0,7113830000.0,19.0,741.6,506.4,136.53,52.31,13.05,11.23,18.54,46.15,32.56,21.73,64.79,0.11,3.72,36.0,37.0,36.0,2024-11-15,1.45,1.0750000000000002,2.5250000000000004,7.01388888888889,1.65,0.7,2.3499999999999996,42.94,6.939999999999998,0.30755,0.35633,0.33194,0.30268,8.81484605651624,-0.03902,749.0,14.0,1.1869918699186992,25.0,2.777777777777768,1,4.236111111111122,2024-10-21,600.0,573.3550415039062,0.13195,0.136825,0.1319449999999999,0.0048749999999999,-5.000000000032756e-06,1,0.18073,0.13195,0.0487799999999999,0.0243899999999999,0.1842701478045099,0.2237740635516469,0.7410358565737052,0.0780997820209745,0.0874024789789387,0.0445475210210612,0.8935648385876346,1.2,-0.6520389056516837,0.562325017014662,-1.0803796736704707,-0.0011808668941,0.0270654800301761,-0.0016422048779181,1,18.3700008392334,19.239999771118164,5.175000839233398,2.5250000000000004,6.939999999999998,expiry_intrinsic,0.12625000000000003,1.9500000000000002,-456.0749999999997,-0.12668749999999993,fold_4,xgb,1.0
PCAR,2024-09-30,2024-10-22,1.0,98.91,98.9,5.94,5.96,1.82,1.89,1.77,14.0,1.82,1.82,1.82,1.84,1.0,0.0,4.0,0.0,7649970000.0,8047000000.0,7302530000.0,11.0,-11487.2,-12141.76,97.6,530.57,-1.35,0.42,15.17,-8.58,-6.17,-5.3,-16.3,-2.3,-2.62,110.0,105.0,110.0,2024-11-15,4.75,5.3,10.05,9.136363636363637,0.7,6.35,7.05,112.26,2.260000000000005,0.41487,0.46365,0.43926,0.263655,39.97746209534217,-0.1170749999999999,657.0,453.0,3.487958115183246,25.0,4.545454545454541,1,4.590909090909095,2024-10-21,600.0,573.3550415039062,0.13195,0.136825,0.1319449999999999,0.0048749999999999,-5.000000000032756e-06,1,0.18073,0.13195,0.0487799999999999,0.0243899999999999,0.1842701478045099,0.2237740635516469,0.7410358565737052,0.0780997820209745,0.0874024789789387,0.0445475210210612,0.8935648385876346,1.2,-0.6520389056516837,0.562325017014662,-1.0803796736704707,-0.0011808668941,0.0270654800301761,-0.0016422048779181,1,18.3700008392334,19.239999771118164,5.175000839233398,10.05,2.260000000000005,expiry_intrinsic,0.5025000000000001,1.9500000000000002,726.7999999999995,0.06607272727272723,fold_4,xgb,1.0
PKG,2024-09-30,2024-10-22,1.0,212.9,193.28,1.77,12.1,2.5,2.58,2.45,6.0,2.49,2.48,2.48,2.43,1.0,0.0,3.0,0.0,2094470000.0,2124400000.0,2045000000.0,6.0,15354.4,14578.72,320.0,393.83,6.31,4.84,-5.09,-4.76,27.91,-1.15,-2.95,-1.69,-1.27,220.0,230.0,220.0,2024-11-15,6.5,6.6,13.1,5.954545454545455,10.9,2.1,12.999999999999998,235.81,15.810000000000002,0.28804,0.28804,0.28804,0.22463,22.01430356894876,-0.0439,9.0,1.0,2.0,25.0,4.545454545454541,1,1.4090909090909136,2024-10-21,600.0,573.3550415039062,0.13195,0.136825,0.1319449999999999,0.0048749999999999,-5.000000000032756e-06,1,0.18073,0.13195,0.0487799999999999,0.0243899999999999,0.1842701478045099,0.2237740635516469,0.7410358565737052,0.0780997820209745,0.0874024789789387,0.0445475210210612,0.8935648385876346,1.2,-0.6520389056516837,0.562325017014662,-1.0803796736704707,-0.0011808668941,0.0270654800301761,-0.0016422048779181,1,18.3700008392334,19.239999771118164,5.175000839233398,13.1,15.810000000000002,expiry_intrinsic,0.655,1.9500000000000002,-338.4500000000003,-0.015384090909090922,fold_4,xgb,0.7857142686843872
PNR,2024-09-30,2024-10-22,1.0,94.8,83.8,3.71,17.33,1.07,1.09,1.06,16.0,1.07,1.07,1.07,1.07,0.0,0.0,2.0,0.0,988790000.0,1006000000.0,982000000.0,16.0,5639.2,5356.32,126.93,72.92,1.55,8.07,-0.8,18.45,29.79,14.14,18.94,2.92,3.3,100.0,97.5,100.0,2024-11-15,2.375,3.5999999999999996,5.975,5.975,1.125,2.75,3.875,105.92,5.920000000000002,0.28804,0.27829,0.283165,0.2197549999999999,22.39330425723519,-0.02927,1764.0,41.0,2.7083333333333335,25.0,2.500000000000002,1,3.4749999999999974,2024-10-21,600.0,573.3550415039062,0.13195,0.136825,0.1319449999999999,0.0048749999999999,-5.000000000032756e-06,1,0.18073,0.13195,0.0487799999999999,0.0243899999999999,0.1842701478045099,0.2237740635516469,0.7410358565737052,0.0780997820209745,0.0874024789789387,0.0445475210210612,0.8935648385876346,1.2,-0.6520389056516837,0.562325017014662,-1.0803796736704707,-0.0011808668941,0.0270654800301761,-0.0016422048779181,1,18.3700008392334,19.239999771118164,5.175000839233398,5.975,5.920000000000002,expiry_intrinsic,0.29875,1.9500000000000002,-26.325000000000205,-0.0026325000000000207,fold_4,xgb,0.7647058963775635
ROP,2024-09-30,2024-10-23,1.0,557.75,540.89,-2.66,0.38,4.53,4.56,4.5,13.0,4.53,4.53,4.53,4.56,1.0,0.0,3.0,1.0,1727360000.0,1771300000.0,1693000000.0,13.0,13306.4,13059.36,192.0,94.56,12.12,2.15,14.56,8.74,1.59,1.7,13.53,-0.18,0.36,550.0,550.0,550.0,2024-11-15,16.5,13.55,30.05,5.463636363636364,7.75,12.85,20.6,548.23,1.7699999999999818,0.25877,0.27829,0.26853,0.185605,30.88109336014597,-0.053655,33.0,2.0,0.2884615384615384,24.0,0.0,1,5.463636363636364,2024-10-22,600.0,573.050537109375,0.136825,0.1319449999999999,0.1319449999999999,-0.00488,-0.00488,1,0.18073,0.13195,0.0487799999999999,0.019515,0.2763108210162909,0.2557183844832509,0.7888446215139442,0.0428390099858035,0.08749731154241,0.0493276884575899,0.4896037287390187,1.06,-1.5921159639028604,0.4920121044505344,-1.174754773892288,0.0061057351561024,0.0239614254488473,-0.0021724249229565,1,18.200000762939453,19.170000076293945,4.517500762939452,30.05,1.7699999999999818,expiry_intrinsic,1.5025000000000002,1.9500000000000002,2675.800000000002,0.04865090909090913,fold_4,xgb,0.7647058963775635
TDY,2024-09-30,2024-10-23,1.0,432.74,415.7,8.63,13.08,4.97,4.99,4.93,8.0,4.97,4.97,4.97,5.0,1.0,0.0,1.0,0.0,1416900000.0,1438640000.0,1381240000.0,7.0,42741.6,42031.2,179.2,660.94,-3.55,1.78,1.37,-1.93,0.66,-3.36,-3.55,-0.28,0.0,440.0,470.0,440.0,2024-11-15,14.55,11.6,26.15,5.943181818181819,36.2,1.25,37.45,470.15,30.149999999999977,0.26853,0.30755,0.2880399999999999,0.190485,33.86855992223301,-0.0536549999999999,1.0,1.0,0.4705882352941176,24.0,6.818181818181812,0,-0.8749999999999929,2024-10-22,600.0,573.050537109375,0.136825,0.1319449999999999,0.1319449999999999,-0.00488,-0.00488,1,0.18073,0.13195,0.0487799999999999,0.019515,0.2763108210162909,0.2557183844832509,0.7888446215139442,0.0428390099858035,0.08749731154241,0.0493276884575899,0.4896037287390187,1.06,-1.5921159639028604,0.4920121044505344,-1.174754773892288,0.0061057351561024,0.0239614254488473,-0.0021724249229565,1,18.200000762939453,19.170000076293945,4.517500762939452,26.15,30.149999999999977,expiry_intrinsic,1.3075,1.9500000000000002,-532.6999999999979,-0.012106818181818134,fold_4,xgb,0.7857142686843872
CME,2024-09-30,2024-10-23,1.0,215.86,199.38,5.23,13.92,2.65,2.73,2.61,15.0,2.63,2.48,2.44,2.41,0.0,0.0,11.0,1.0,1579190000.0,1646000000.0,1456000000.0,14.0,4722.4,4426.08,112.53,64.43,12.67,3.0,9.81,11.3,2.4,11.6,19.32,1.76,3.64,230.0,230.0,230.0,2024-11-15,3.3,6.449999999999999,9.75,4.239130434782608,4.3,3.95,8.25,225.28,4.719999999999999,0.20024,0.20024,0.20024,0.18073,9.743308030363565,-0.0146349999999999,1258.0,717.0,0.575249500998004,24.0,0.0,1,4.239130434782608,2024-10-22,600.0,573.050537109375,0.136825,0.1319449999999999,0.1319449999999999,-0.00488,-0.00488,1,0.18073,0.13195,0.0487799999999999,0.019515,0.2763108210162909,0.2557183844832509,0.7888446215139442,0.0428390099858035,0.08749731154241,0.0493276884575899,0.4896037287390187,1.06,-1.5921159639028604,0.4920121044505344,-1.174754773892288,0.0061057351561024,0.0239614254488473,-0.0021724249229565,1,18.200000762939453,19.170000076293945,4.517500762939452,9.75,4.719999999999999,expiry_intrinsic,0.48750000000000004,1.9500000000000002,452.3000000000001,0.019665217391304352,fold_4,xgb,0.7647058963775635
HLT,2024-09-30,2024-10-23,1.0,224.66,213.18,3.93,9.53,1.85,1.91,1.8,19.0,1.85,1.85,1.84,1.9,1.0,0.0,2.0,2.0,2905150000.0,2963000000.0,2825530000.0,11.0,5340.0,4909.6,208.53,61.0,10.94,14.69,14.53,17.18,24.84,6.98,7.57,-1.34,-0.77,240.0,240.0,240.0,2024-11-15,6.15,7.35,13.5,5.625,3.35,7.449999999999999,10.8,248.41,8.409999999999997,0.27829,0.27829,0.27829,0.21975,21.035610334543097,-0.0390299999999999,760.0,113.0,8.02359108781127,24.0,0.0,1,5.625,2024-10-22,600.0,573.050537109375,0.136825,0.1319449999999999,0.1319449999999999,-0.00488,-0.00488,1,0.18073,0.13195,0.0487799999999999,0.019515,0.2763108210162909,0.2557183844832509,0.7888446215139442,0.0428390099858035,0.08749731154241,0.0493276884575899,0.4896037287390187,1.06,-1.5921159639028604,0.4920121044505344,-1.174754773892288,0.0061057351561024,0.0239614254488473,-0.0021724249229565,1,18.200000762939453,19.170000076293945,4.517500762939452,13.5,8.409999999999997,expiry_intrinsic,0.675,1.9500000000000002,439.55000000000035,0.01831458333333335,fold_4,xgb,0.7857142686843872
LH,2024-09-30,2024-10-24,1.0,220.6,210.9,4.29,9.09,3.48,3.65,3.31,15.0,3.49,3.53,3.53,3.74,0.0,0.0,1.0,1.0,3259980000.0,3320340000.0,3207000000.0,13.0,42362.4,41546.4,344.53,208.48,6.17,1.39,3.91,3.68,7.07,14.83,10.7,1.0,0.37,220.0,230.0,220.0,2024-11-15,7.949999999999999,7.800000000000001,15.75,7.159090909090909,11.3,2.0,13.3,235.21,15.210000000000008,0.34658,0.36609,0.356335,0.22951,35.591507991075815,-0.06829,1182.0,411.0,0.9584775086505192,23.0,4.545454545454541,1,2.613636363636368,2024-10-23,595.0,567.8143920898438,0.1417,0.136825,0.1382192857142857,-0.0048749999999999,-0.0034807142857142,1,0.19048,0.1417,0.04878,0.02439,0.3683514942280719,0.287662705414855,0.8087649402390438,0.0756964190949694,0.0941789284329969,0.047521071567003,0.8037511187953609,0.97,-1.9136062937420149,1.7362974115286185,1.8022453233950777,-0.0074016987886722,0.0117102143889258,-0.0112898928411366,1,19.239999771118164,20.040000915527344,5.069999771118164,15.75,15.210000000000008,expiry_intrinsic,0.7875000000000001,1.9500000000000002,-26.700000000000802,-0.0012136363636364,fold_4,xgb,0.9696354269981384
DOC,2024-09-30,2024-10-24,0.0,22.77,21.9,1.01,5.02,0.07,0.15,0.03,8.0,0.07,0.06,0.06,0.12,0.0,0.0,1.0,1.0,680250000.0,694440000.0,658560000.0,10.0,2108.0,1854.56,51.2,257.6,27.51,14.66,10.58,320.0,2000.0,70.55,11.37,1.3,-2.32,22.5,22.5,22.5,2024-11-15,0.8,0.375,1.175,5.222222222222222,0.35,0.75,1.1,20.86,1.6400000000000006,0.15146,0.2978,0.22463,0.258775,-15.200552018875475,-0.0097599999999999,385.0,45.0,0.0974025974025974,23.0,0.0,1,5.222222222222222,2024-10-23,595.0,567.8143920898438,0.1417,0.136825,0.1382192857142857,-0.0048749999999999,-0.0034807142857142,1,0.19048,0.1417,0.04878,0.02439,0.3683514942280719,0.287662705414855,0.8087649402390438,0.0756964190949694,0.0941789284329969,0.047521071567003,0.8037511187953609,0.97,-1.9136062937420149,1.7362974115286185,1.8022453233950777,-0.0074016987886722,0.0117102143889258,-0.0112898928411366,1,19.239999771118164,20.040000915527344,5.069999771118164,1.175,1.6400000000000006,expiry_intrinsic,0.058750000000000004,1.9500000000000002,-54.32500000000005,-0.02414444444444447,fold_4,xgb,0.7857142686843872
KDP,2024-09-30,2024-10-24,0.0,37.83,33.74,-7.64,3.56,0.51,0.51,0.5,15.0,0.51,0.51,0.51,0.52,1.0,0.0,2.0,0.0,3926270000.0,3963000000.0,3883600000.0,12.0,8320.8,8252.8,27.2,33.31,3.51,13.09,4.79,7.14,18.42,12.6,11.96,1.51,1.65,37.0,35.0,37.0,2024-11-15,0.8,1.0,1.8,4.864864864864865,0.1,2.425,2.525,31.66,5.34,0.23926,0.24902,0.24414,0.19048,21.9791922667322,-0.0487799999999999,708.0,231.0,0.2438936781609195,23.0,5.405405405405405,0,-0.5405405405405403,2024-10-23,595.0,567.8143920898438,0.1417,0.136825,0.1382192857142857,-0.0048749999999999,-0.0034807142857142,1,0.19048,0.1417,0.04878,0.02439,0.3683514942280719,0.287662705414855,0.8087649402390438,0.0756964190949694,0.0941789284329969,0.047521071567003,0.8037511187953609,0.97,-1.9136062937420149,1.7362974115286185,1.8022453233950777,-0.0074016987886722,0.0117102143889258,-0.0112898928411366,1,19.239999771118164,20.040000915527344,5.069999771118164,1.8,5.34,expiry_intrinsic,0.09000000000000001,1.9500000000000002,-364.95,-0.09863513513513514,fold_4,xgb,0.7647058963775635
DTE,2024-09-30,2024-10-24,1.0,125.29,118.19,3.58,9.8,1.88,2.1,1.77,14.0,1.83,1.77,1.78,1.83,5.0,0.0,7.0,1.0,2982140000.0,3330530000.0,2521440000.0,5.0,9085.6,8604.32,522.67,509.11,7.12,-11.27,-29.71,44.44,-14.37,21.66,26.45,2.72,2.67,130.0,125.0,130.0,2024-11-15,2.45,2.6,5.050000000000001,3.884615384615385,1.125,4.3,5.425,120.09,9.909999999999997,0.17097,0.21,0.190485,0.21,-10.244901173320722,0.0146299999999999,515.0,27.0,2.3981481481481484,23.0,3.846153846153843,1,0.0384615384615414,2024-10-23,595.0,567.8143920898438,0.1417,0.136825,0.1382192857142857,-0.0048749999999999,-0.0034807142857142,1,0.19048,0.1417,0.04878,0.02439,0.3683514942280719,0.287662705414855,0.8087649402390438,0.0756964190949694,0.0941789284329969,0.047521071567003,0.8037511187953609,0.97,-1.9136062937420149,1.7362974115286185,1.8022453233950777,-0.0074016987886722,0.0117102143889258,-0.0112898928411366,1,19.239999771118164,20.040000915527344,5.069999771118164,5.050000000000001,9.909999999999997,expiry_intrinsic,0.25250000000000006,1.9500000000000002,-513.1999999999996,-0.03947692307692305,fold_4,xgb,0.8333333134651184
DOV,2024-09-30,2024-10-24,0.0,192.63,185.23,-4.08,-0.24,2.29,2.46,2.13,15.0,2.34,2.43,2.43,2.46,0.0,0.0,1.0,3.0,2045220000.0,2231000000.0,1952000000.0,15.0,9122.4,8554.24,203.2,178.67,-7.2,3.45,0.33,15.12,21.03,2.39,-0.32,2.49,1.15,190.0,185.0,190.0,2024-11-15,6.9,4.7,11.6,6.105263157894738,3.075,5.65,8.725000000000001,201.18,11.180000000000009,0.2978,0.2978,0.2978,0.24414,18.018804566823377,-0.043905,124.0,25.0,0.4301840490797546,23.0,2.631578947368418,1,3.47368421052632,2024-10-23,595.0,567.8143920898438,0.1417,0.136825,0.1382192857142857,-0.0048749999999999,-0.0034807142857142,1,0.19048,0.1417,0.04878,0.02439,0.3683514942280719,0.287662705414855,0.8087649402390438,0.0756964190949694,0.0941789284329969,0.047521071567003,0.8037511187953609,0.97,-1.9136062937420149,1.7362974115286185,1.8022453233950777,-0.0074016987886722,0.0117102143889258,-0.0112898928411366,1,19.239999771118164,20.040000915527344,5.069999771118164,11.600000000000001,11.180000000000009,expiry_intrinsic,0.5800000000000001,1.9500000000000002,-17.950000000000724,-0.0009447368421053012,fold_4,xgb,0.7857142686843872
WY,2024-09-30,2024-10-24,1.0,33.78,31.6,-4.88,1.68,0.01,0.06,-0.02,10.0,0.03,0.06,0.06,0.17,0.0,0.0,0.0,4.0,1675180000.0,1771300000.0,1451390000.0,9.0,3772.0,3714.4,55.47,47.36,-2.9,7.96,-17.79,-34.38,31.25,-11.53,-15.36,-2.65,-2.05,32.0,32.0,32.0,2024-11-15,0.7749999999999999,0.8500000000000001,1.625,5.078125,0.675,0.8,1.475,30.93,1.0700000000000005,0.24902,0.25877,0.253895,0.23926,5.76419385966639,-0.0146349999999999,186.0,79.0,0.9392523364485982,23.0,0.0,1,5.078125,2024-10-23,595.0,567.8143920898438,0.1417,0.136825,0.1382192857142857,-0.0048749999999999,-0.0034807142857142,1,0.19048,0.1417,0.04878,0.02439,0.3683514942280719,0.287662705414855,0.8087649402390438,0.0756964190949694,0.0941789284329969,0.047521071567003,0.8037511187953609,0.97,-1.9136062937420149,1.7362974115286185,1.8022453233950777,-0.0074016987886722,0.0117102143889258,-0.0112898928411366,1,19.239999771118164,20.040000915527344,5.069999771118164,1.625,1.0700000000000005,expiry_intrinsic,0.08125,1.9500000000000002,45.42499999999995,0.014195312499999984,fold_4,xgb,0.7857142686843872
LHX,2024-09-30,2024-10-24,1.0,234.74,229.41,4.02,6.43,3.26,3.35,3.08,21.0,3.26,3.25,3.25,3.24,1.0,0.0,7.0,0.0,5279120000.0,5384000000.0,5154000000.0,19.0,9570.4,9155.04,224.0,97.53,12.91,1.69,98.96,9.09,5.88,19.22,-2.11,-0.74,-1.48,250.0,250.0,250.0,2024-11-15,5.0,8.65,13.65,5.46,6.9,3.55,10.45,247.0,3.0,0.26853,0.27829,0.27341,0.21,23.19227533740536,-0.0438999999999999,1961.0,6.0,2.0,23.0,0.0,1,5.46,2024-10-23,595.0,567.8143920898438,0.1417,0.136825,0.1382192857142857,-0.0048749999999999,-0.0034807142857142,1,0.19048,0.1417,0.04878,0.02439,0.3683514942280719,0.287662705414855,0.8087649402390438,0.0756964190949694,0.0941789284329969,0.047521071567003,0.8037511187953609,0.97,-1.9136062937420149,1.7362974115286185,1.8022453233950777,-0.0074016987886722,0.0117102143889258,-0.0112898928411366,1,19.239999771118164,20.040000915527344,5.069999771118164,13.65,3.0,expiry_intrinsic,0.6825000000000001,1.9500000000000002,994.8000000000001,0.039792,fold_4,xgb,0.7647058963775635
POOL,2024-09-30,2024-10-24,1.0,371.91,371.82,1.46,1.48,3.14,3.25,2.92,9.0,3.17,3.17,3.17,3.15,0.0,0.0,2.0,2.0,1402970000.0,1430200000.0,1356450000.0,11.0,29951.2,29241.44,420.27,85.19,-4.72,57.9,-8.77,-15.57,144.61,-16.11,-16.98,-0.61,-2.27,350.0,370.0,350.0,2024-11-15,15.3,15.5,30.8,8.8,20.85,5.0,25.85,359.42,9.420000000000016,0.41487,0.46365,0.43926,0.32219,26.65164139689478,-0.068295,1.0,2.0,13.590909090909092,23.0,5.714285714285716,1,3.0857142857142845,2024-10-23,595.0,567.8143920898438,0.1417,0.136825,0.1382192857142857,-0.0048749999999999,-0.0034807142857142,1,0.19048,0.1417,0.04878,0.02439,0.3683514942280719,0.287662705414855,0.8087649402390438,0.0756964190949694,0.0941789284329969,0.047521071567003,0.8037511187953609,0.97,-1.9136062937420149,1.7362974115286185,1.8022453233950777,-0.0074016987886722,0.0117102143889258,-0.0112898928411366,1,19.239999771118164,20.040000915527344,5.069999771118164,30.8,9.420000000000016,expiry_intrinsic,1.54,1.9500000000000002,1982.0499999999986,0.05662999999999996,fold_4,xgb,1.0
NDAQ,2024-09-30,2024-10-24,1.0,73.67,66.96,2.13,12.37,0.69,0.73,0.67,15.0,0.69,0.68,0.68,0.69,2.0,0.0,10.0,1.0,1169360000.0,1189000000.0,1155000000.0,13.0,-40176.8,-40286.88,77.33,89.63,25.05,7.05,2.16,-2.82,9.52,36.01,10.73,-0.28,-3.06,75.0,75.0,75.0,2024-11-15,1.7000000000000002,2.575,4.275,5.7,1.25,1.65,2.9,78.76,3.760000000000005,0.27829,0.28804,0.283165,0.20024,29.285045821340915,-0.068295,472.0,168.0,0.6839622641509434,23.0,0.0,1,5.7,2024-10-23,595.0,567.8143920898438,0.1417,0.136825,0.1382192857142857,-0.0048749999999999,-0.0034807142857142,1,0.19048,0.1417,0.04878,0.02439,0.3683514942280719,0.287662705414855,0.8087649402390438,0.0756964190949694,0.0941789284329969,0.047521071567003,0.8037511187953609,0.97,-1.9136062937420149,1.7362974115286185,1.8022453233950777,-0.0074016987886722,0.0117102143889258,-0.0112898928411366,1,19.239999771118164,20.040000915527344,5.069999771118164,4.275,3.760000000000005,expiry_intrinsic,0.21375000000000002,1.9500000000000002,28.174999999999525,0.003756666666666603,fold_4,xgb,0.7857142686843872
AJG,2024-09-30,2024-10-24,0.0,279.33,283.58,2.94,1.4,2.27,2.36,2.23,18.0,2.27,2.29,2.32,2.32,0.0,0.0,0.0,1.0,2777300000.0,2824000000.0,2734280000.0,6.0,5684.0,5482.72,81.6,94.96,13.66,-14.78,18.12,18.95,-35.24,21.89,24.47,-0.49,1.5,290.0,280.0,290.0,2024-11-15,7.25,7.4,14.65,5.051724137931035,3.75,9.75,13.5,294.58,4.579999999999984,0.24902,0.24902,0.24902,0.24414,1.9596819532567649,-0.01951,204.0,6.0,1.565217391304348,23.0,3.4482758620689613,1,1.6034482758620734,2024-10-23,595.0,567.8143920898438,0.1417,0.136825,0.1382192857142857,-0.0048749999999999,-0.0034807142857142,1,0.19048,0.1417,0.04878,0.02439,0.3683514942280719,0.287662705414855,0.8087649402390438,0.0756964190949694,0.0941789284329969,0.047521071567003,0.8037511187953609,0.97,-1.9136062937420149,1.7362974115286185,1.8022453233950777,-0.0074016987886722,0.0117102143889258,-0.0112898928411366,1,19.239999771118164,20.040000915527344,5.069999771118164,14.65,4.579999999999984,expiry_intrinsic,0.7325,1.9500000000000002,931.8000000000015,0.032131034482758676,fold_4,xgb,0.7857142686843872
CNP,2024-09-30,2024-10-28,0.0,29.1,28.51,2.23,4.35,0.32,0.44,0.28,14.0,0.39,0.44,0.45,0.45,0.0,0.0,0.0,0.0,1932990000.0,2137920000.0,1759720000.0,6.0,5116.0,4956.0,53.33,61.45,1.6,-27.29,-5.02,28.57,-34.55,17.87,22.89,6.37,4.24,29.0,30.0,29.0,2024-11-15,1.0,0.6000000000000001,1.6,5.517241379310345,0.8999999999999999,0.4,1.2999999999999998,30.86,1.8599999999999992,0.28804,0.27829,0.283165,0.22463,20.671693182420142,-0.053655,678.0,94.0,0.5274151436031331,21.0,3.4482758620689724,1,2.068965517241373,2024-10-25,595.0,568.8458251953125,0.1451871428571428,0.1399304545454545,0.141705,-0.0052566883116882,-0.0034821428571428,1,0.1974514285714285,0.13195,0.0655014285714285,0.0195135714285714,0.4341892329269606,0.3105128409149416,0.8406374501992032,0.0682003889466289,0.0931146834517239,0.0520724594054188,0.7324343102340886,1.17,-0.4529624625967163,0.8687081821842678,-0.0892305198026933,-0.0094939039573715,0.0117769259186926,-0.0094939039573715,1,20.329999923706055,20.940000534057617,5.8112856379917694,1.6,1.8599999999999992,expiry_intrinsic,0.08000000000000002,1.9500000000000002,-35.94999999999992,-0.012396551724137903,fold_4,xgb,1.0
SBAC,2024-09-30,2024-10-28,1.0,238.64,217.94,0.54,10.09,2.27,2.35,2.16,12.0,2.27,2.26,2.27,2.14,0.0,0.0,3.0,0.0,669810000.0,679200000.0,660090000.0,12.0,-3623.2,-2020.0,-234.67,1037.04,-2.66,0.4,1.06,-19.25,6.34,-0.82,46.94,1.08,18.12,240.0,230.0,240.0,2024-11-15,8.05,6.1,14.15,5.895833333333334,2.35,11.05,13.4,221.09,18.909999999999997,0.2978,0.31731,0.307555,0.283165,7.930288891417803,-0.03415,148.0,2.0,2.25,21.0,4.1666666666666625,1,1.7291666666666714,2024-10-25,595.0,568.8458251953125,0.1451871428571428,0.1399304545454545,0.141705,-0.0052566883116882,-0.0034821428571428,1,0.1974514285714285,0.13195,0.0655014285714285,0.0195135714285714,0.4341892329269606,0.3105128409149416,0.8406374501992032,0.0682003889466289,0.0931146834517239,0.0520724594054188,0.7324343102340886,1.17,-0.4529624625967163,0.8687081821842678,-0.0892305198026933,-0.0094939039573715,0.0117769259186926,-0.0094939039573715,1,20.329999923706055,20.940000534057617,5.8112856379917694,14.15,18.909999999999997,expiry_intrinsic,0.7075,1.9500000000000002,-548.6999999999996,-0.022862499999999984,fold_4,xgb,1.0
FE,2024-09-30,2024-10-29,0.0,44.05,41.91,-2.77,2.2,0.9,0.93,0.87,14.0,0.89,0.9,0.9,0.9,0.0,0.0,2.0,0.0,3906900000.0,5165300000.0,3429000000.0,6.0,3119.2,3108.96,-64.0,86.94,9.12,-0.21,3.4,19.15,1.82,-4.83,-12.06,3.76,-3.1,43.0,42.0,43.0,2024-11-15,1.175,0.6499999999999999,1.825,4.2441860465116275,0.3,1.425,1.725,41.51,1.490000000000002,0.19048,0.25877,0.224625,0.21975,2.1702838063439147,-0.03902,389.0,70.0,0.5175438596491229,18.0,2.3255813953488413,1,1.918604651162786,2024-10-28,595.0,570.6043701171875,0.1430942857142857,0.1385995454545454,0.141705,-0.0044947402597402,-0.0013892857142856,1,0.1932685714285714,0.1347357142857143,0.0585328571428571,0.0209078571428571,0.3946758010572874,0.2967990152256228,0.8406374501992032,0.0770487587295865,0.0932079697936959,0.0498863159205898,0.8266327321593236,1.56,1.641024061400327,1.0619021742669976,0.3541870264417513,-0.0047975010030499,0.0163789885026579,-0.0064318274014191,1,19.799999237060547,20.170000076293945,5.490570665631976,1.825,1.490000000000002,expiry_intrinsic,0.09125,1.9500000000000002,22.424999999999798,0.00521511627906972,fold_4,xgb,1.0
ZBRA,2024-09-30,2024-10-29,1.0,368.6,351.19,4.36,9.54,3.23,3.36,3.13,14.0,3.23,3.24,3.24,3.17,0.0,0.0,1.0,0.0,1216860000.0,1248000000.0,1203000000.0,13.0,20495.2,18463.2,1098.67,438.18,0.25,3.57,-18.88,-3.34,11.97,-12.99,-13.92,0.54,-2.26,370.0,380.0,370.0,2024-11-15,14.35,19.2,33.55,9.067567567567568,19.5,4.625,24.125,385.91,15.910000000000023,0.52218,0.50267,0.5124249999999999,0.31731,38.07679172561838,-0.1560949999999999,45.0,15.0,1.1812297734627832,18.0,2.7027027027026973,1,6.364864864864869,2024-10-28,595.0,570.6043701171875,0.1430942857142857,0.1385995454545454,0.141705,-0.0044947402597402,-0.0013892857142856,1,0.1932685714285714,0.1347357142857143,0.0585328571428571,0.0209078571428571,0.3946758010572874,0.2967990152256228,0.8406374501992032,0.0770487587295865,0.0932079697936959,0.0498863159205898,0.8266327321593236,1.56,1.641024061400327,1.0619021742669976,0.3541870264417513,-0.0047975010030499,0.0163789885026579,-0.0064318274014191,1,19.799999237060547,20.170000076293945,5.490570665631976,33.55,15.910000000000023,expiry_intrinsic,1.6775,1.9500000000000002,1594.2999999999972,0.043089189189189116,fold_4,xgb,0.7647058963775635
OKE,2024-09-30,2024-10-29,0.0,90.24,83.33,5.88,14.66,1.23,1.33,1.04,10.0,1.23,1.28,1.29,1.3,0.0,0.0,0.0,1.0,6169370000.0,6510680000.0,5828050000.0,2.0,3792.8,3578.4,21.33,244.75,34.56,2.36,-14.83,27.88,22.02,65.41,110.09,8.18,9.03,95.0,95.0,95.0,2024-11-15,2.6,2.175,4.775,5.026315789473684,2.175,1.775,3.95,109.81,14.810000000000002,0.22951,0.32707,0.27829,0.234385,15.776707750907336,-0.034145,926.0,100.0,0.2330049261083744,18.0,0.0,1,5.026315789473684,2024-10-28,595.0,570.6043701171875,0.1430942857142857,0.1385995454545454,0.141705,-0.0044947402597402,-0.0013892857142856,1,0.1932685714285714,0.1347357142857143,0.0585328571428571,0.0209078571428571,0.3946758010572874,0.2967990152256228,0.8406374501992032,0.0770487587295865,0.0932079697936959,0.0498863159205898,0.8266327321593236,1.56,1.641024061400327,1.0619021742669976,0.3541870264417513,-0.0047975010030499,0.0163789885026579,-0.0064318274014191,1,19.799999237060547,20.170000076293945,5.490570665631976,4.775,14.810000000000002,expiry_intrinsic,0.23875000000000002,1.9500000000000002,-1029.3250000000003,-0.10835000000000003,fold_4,xgb,0.7647058963775635
IEX,2024-09-30,2024-10-29,1.0,214.98,208.48,-5.16,-2.21,1.88,1.94,1.86,10.0,1.88,1.89,1.89,2.19,1.0,0.0,1.0,1.0,791570000.0,819570000.0,781100000.0,10.0,7944.8,7554.4,170.67,130.72,-4.61,0.84,-0.39,-5.5,9.57,-0.83,-9.55,0.77,-1.27,210.0,220.0,210.0,2024-11-15,3.075,7.75,10.825,5.154761904761904,10.35,1.675,12.025000000000002,227.83,17.830000000000013,0.27829,0.27829,0.27829,0.2148749999999999,22.787380071148803,-0.0487849999999999,8.0,5.0,0.5555555555555556,18.0,4.761904761904767,1,0.392857142857137,2024-10-28,595.0,570.6043701171875,0.1430942857142857,0.1385995454545454,0.141705,-0.0044947402597402,-0.0013892857142856,1,0.1932685714285714,0.1347357142857143,0.0585328571428571,0.0209078571428571,0.3946758010572874,0.2967990152256228,0.8406374501992032,0.0770487587295865,0.0932079697936959,0.0498863159205898,0.8266327321593236,1.56,1.641024061400327,1.0619021742669976,0.3541870264417513,-0.0047975010030499,0.0163789885026579,-0.0064318274014191,1,19.799999237060547,20.170000076293945,5.490570665631976,10.825,17.830000000000013,expiry_intrinsic,0.54125,1.9500000000000002,-756.5750000000013,-0.03602738095238101,fold_4,xgb,0.7857142686843872
EXC,2024-09-30,2024-10-30,1.0,40.55,38.26,-2.1,3.76,0.67,0.7,0.65,15.0,0.67,0.68,0.67,0.72,1.0,0.0,3.0,4.0,5854150000.0,6121800000.0,5500880000.0,7.0,3436.0,3287.68,78.4,92.44,11.27,-11.29,14.01,14.63,-30.88,9.42,29.69,0.98,2.42,39.0,39.0,39.0,2024-11-15,1.1,0.625,1.725,4.423076923076923,0.8,0.7250000000000001,1.525,39.11,0.1099999999999994,0.21975,0.26853,0.24414,0.23926,1.9988531170639663,-0.0438999999999999,125.0,12.0,0.3855555555555555,17.0,0.0,1,4.423076923076923,2024-10-29,600.0,571.5277709960938,0.1437914285714285,0.136825,0.136825,-0.0069664285714285,-0.0069664285714285,1,0.19048,0.1347371428571428,0.0557428571428571,0.0188171428571428,0.4078379544718954,0.3013671701310069,0.8446215139442231,0.0792820510060303,0.0925320337142016,0.0512593948572269,0.856806533085658,1.15,-0.605538662589658,0.4456640672295623,-1.0182773641011695,-0.0026572981171303,0.0139604976120157,-0.0048239502594294,1,19.34000015258789,19.959999084472656,4.9608572954450345,1.725,0.1099999999999994,expiry_intrinsic,0.08625000000000001,1.9500000000000002,150.9250000000001,0.03869871794871797,fold_4,xgb,1.0
NI,2024-09-30,2024-10-30,1.0,34.65,31.76,1.39,10.61,0.16,0.2,0.12,12.0,0.15,0.17,0.17,0.18,0.0,0.0,3.0,0.0,1152210000.0,1263300000.0,1091000000.0,3.0,2462.56,2248.8,132.27,82.01,-0.49,-36.43,-6.73,90.91,-75.29,24.63,40.32,8.85,6.35,35.0,35.0,35.0,2024-11-15,0.375,1.15,1.525,4.357142857142857,0.7749999999999999,0.5,1.275,36.57,1.5700000000000005,0.20024,0.2978,0.24902,0.2197549999999999,11.752068106979374,-0.14146,1253.0,6.0,2.363636363636364,17.0,0.0,1,4.357142857142857,2024-10-29,600.0,571.5277709960938,0.1437914285714285,0.136825,0.136825,-0.0069664285714285,-0.0069664285714285,1,0.19048,0.1347371428571428,0.0557428571428571,0.0188171428571428,0.4078379544718954,0.3013671701310069,0.8446215139442231,0.0792820510060303,0.0925320337142016,0.0512593948572269,0.856806533085658,1.15,-0.605538662589658,0.4456640672295623,-1.0182773641011695,-0.0026572981171303,0.0139604976120157,-0.0048239502594294,1,19.34000015258789,19.959999084472656,4.9608572954450345,1.525,1.5700000000000005,expiry_intrinsic,0.07625,1.9500000000000002,-14.07500000000006,-0.004021428571428588,fold_4,xgb,1.0
MAA,2024-09-30,2024-10-30,1.0,158.9,146.41,-4.25,3.92,1.01,1.4,0.9,10.0,1.01,1.01,1.02,1.08,0.0,0.0,0.0,0.0,548860000.0,553000000.0,535510000.0,16.0,16207.2,16045.92,78.93,86.62,2.11,0.52,4.88,-16.94,0.0,-11.09,-3.56,-2.06,-1.79,150.0,150.0,150.0,2024-11-15,3.8,3.2249999999999996,7.0249999999999995,4.683333333333333,4.05,2.275,6.324999999999999,158.09,8.090000000000003,0.23926,0.2978,0.26853,0.253895,5.45004282575504,-0.0438999999999999,20.0,4.0,0.25,17.0,0.0,1,4.683333333333333,2024-10-29,600.0,571.5277709960938,0.1437914285714285,0.136825,0.136825,-0.0069664285714285,-0.0069664285714285,1,0.19048,0.1347371428571428,0.0557428571428571,0.0188171428571428,0.4078379544718954,0.3013671701310069,0.8446215139442231,0.0792820510060303,0.0925320337142016,0.0512593948572269,0.856806533085658,1.15,-0.605538662589658,0.4456640672295623,-1.0182773641011695,-0.0026572981171303,0.0139604976120157,-0.0048239502594294,1,19.34000015258789,19.959999084472656,4.9608572954450345,7.0249999999999995,8.090000000000003,expiry_intrinsic,0.35125,1.9500000000000002,-143.5750000000004,-0.009571666666666692,fold_4,xgb,0.7647058963775635
EQR,2024-09-30,2024-10-30,0.0,74.46,70.67,-0.68,4.64,0.42,0.53,0.35,12.0,0.41,0.41,0.4,0.4,0.0,0.0,0.0,0.0,743930000.0,763300000.0,736580000.0,15.0,28924.0,27028.32,541.87,693.27,2.35,0.46,4.33,27.03,-38.96,2.28,2.28,-0.13,-0.04,75.0,70.0,75.0,2024-11-15,1.4,1.975,3.375,4.5,0.2,4.949999999999999,5.1499999999999995,73.59,1.4099999999999966,0.25877,0.25877,0.25877,0.234385,9.42342620860223,-0.043895,597.0,5.0,2.0,17.0,6.666666666666665,0,-2.166666666666665,2024-10-29,600.0,571.5277709960938,0.1437914285714285,0.136825,0.136825,-0.0069664285714285,-0.0069664285714285,1,0.19048,0.1347371428571428,0.0557428571428571,0.0188171428571428,0.4078379544718954,0.3013671701310069,0.8446215139442231,0.0792820510060303,0.0925320337142016,0.0512593948572269,0.856806533085658,1.15,-0.605538662589658,0.4456640672295623,-1.0182773641011695,-0.0026572981171303,0.0139604976120157,-0.0048239502594294,1,19.34000015258789,19.959999084472656,4.9608572954450345,3.375,1.4099999999999966,expiry_intrinsic,0.16875,1.9500000000000002,177.67500000000035,0.023690000000000048,fold_4,xgb,0.8333333134651184
VICI,2024-09-30,2024-10-31,1.0,32.77,31.5,-3.08,0.83,0.67,0.67,0.66,9.0,0.67,0.67,0.67,0.66,0.0,0.0,0.0,0.0,952860000.0,962220000.0,932020000.0,13.0,-730.4,-722.08,-19.2,195.41,6.55,0.58,25.29,2.9,24.56,6.03,6.51,0.02,-0.04,32.5,32.5,32.5,2024-11-15,0.6499999999999999,0.6499999999999999,1.2999999999999998,4.0,0.125,1.15,1.275,31.67,0.8299999999999983,0.23926,0.23926,0.23926,0.190485,20.38577279946501,-0.029265,1295.0,107.0,0.4271186440677966,16.0,0.0,1,4.0,2024-10-30,595.0,569.798828125,0.156335,0.1474713636363636,0.146585,-0.0088636363636363,-0.0097499999999999,1,0.20024,0.13195,0.0682899999999999,0.0097599999999999,0.6446623152443628,0.3835611950218346,0.896414342629482,0.0386186816576626,0.0868148732370444,0.0695201267629555,0.444839463765798,1.13,-0.6380048146073912,1.1369981019124642,0.5618548549147033,0.0034948674475343,0.020031019677664,-0.007834482072579,1,20.350000381469727,20.760000228881836,4.716500381469727,1.2999999999999998,0.8299999999999983,expiry_intrinsic,0.06499999999999999,1.9500000000000002,38.550000000000146,0.011861538461538507,fold_4,xgb,1.0
WEC,2024-09-30,2024-10-31,1.0,96.75,90.16,-1.26,5.96,0.7,0.74,0.68,14.0,0.7,0.75,0.76,1.02,0.0,0.0,0.0,0.0,1933560000.0,2122230000.0,1742510000.0,5.0,7277.6,7028.64,160.0,51.02,-3.17,-33.89,-6.23,-27.17,-65.99,-5.09,-14.23,-0.38,-2.65,95.0,95.0,95.0,2024-11-15,2.575,1.7999999999999998,4.375,4.605263157894736,1.95,1.7000000000000002,3.65,97.98,2.980000000000004,0.23926,0.2978,0.26853,0.244145,9.08092205712583,-0.063415,44.0,8.0,1.7659574468085106,16.0,0.0,1,4.605263157894736,2024-10-30,595.0,569.798828125,0.156335,0.1474713636363636,0.146585,-0.0088636363636363,-0.0097499999999999,1,0.20024,0.13195,0.0682899999999999,0.0097599999999999,0.6446623152443628,0.3835611950218346,0.896414342629482,0.0386186816576626,0.0868148732370444,0.0695201267629555,0.444839463765798,1.13,-0.6380048146073912,1.1369981019124642,0.5618548549147033,0.0034948674475343,0.020031019677664,-0.007834482072579,1,20.350000381469727,20.760000228881836,4.716500381469727,4.375,2.980000000000004,expiry_intrinsic,0.21875,1.9500000000000002,115.6749999999996,0.012176315789473643,fold_4,xgb,1.0
XEL,2024-09-30,2024-10-31,0.0,65.32,59.75,2.28,11.82,1.26,1.33,1.19,13.0,1.26,1.33,1.33,1.31,0.0,0.0,1.0,0.0,3925270000.0,4197800000.0,3717280000.0,5.0,4252.0,4114.4,64.0,160.8,0.2,-17.02,-7.36,3.85,-38.64,19.51,7.42,6.82,1.0,65.0,65.0,65.0,2024-11-15,0.475,2.3,2.775,4.269230769230769,2.325,0.475,2.8000000000000003,69.46,4.459999999999994,0.21975,0.21975,0.21975,0.234385,-6.659840728100118,-0.01951,1026.0,135.0,0.1370716510903426,16.0,0.0,1,4.269230769230769,2024-10-30,595.0,569.798828125,0.156335,0.1474713636363636,0.146585,-0.0088636363636363,-0.0097499999999999,1,0.20024,0.13195,0.0682899999999999,0.0097599999999999,0.6446623152443628,0.3835611950218346,0.896414342629482,0.0386186816576626,0.0868148732370444,0.0695201267629555,0.444839463765798,1.13,-0.6380048146073912,1.1369981019124642,0.5618548549147033,0.0034948674475343,0.020031019677664,-0.007834482072579,1,20.350000381469727,20.760000228881836,4.716500381469727,2.775,4.459999999999994,expiry_intrinsic,0.13875,1.9500000000000002,-184.32499999999936,-0.02835769230769221,fold_4,xgb,1.0
SPG,2024-09-30,2024-11-01,0.0,168.54,151.07,-0.5,11.01,1.57,1.69,1.39,5.0,1.57,1.58,1.58,1.58,0.0,0.0,0.0,0.0,1325390000.0,1351790000.0,1284880000.0,8.0,-967.2,1404.0,-1004.8,997.55,6.47,1.09,6.89,1.34,79.76,0.28,14.62,1.17,3.67,170.0,175.0,170.0,2024-11-15,4.6,5.0,9.6,5.647058823529411,4.9,2.55,7.45,180.27,10.27000000000001,0.35633,0.34658,0.3514549999999999,0.273405,22.207679503777143,-0.0634099999999999,1018.0,75.0,0.7189901207464325,15.0,2.941176470588225,1,2.7058823529411864,2024-10-31,585.0,558.6290283203125,0.1653985714285714,0.1567836363636363,0.15634,-0.008614935064935,-0.0090585714285714,1,0.21975,0.1598257142857143,0.0599242857142857,0.0243892857142857,0.8157837954471892,0.4429518892784095,0.9482071713147412,0.1474639762886978,0.1127345479037353,0.052664023524836,1.308063757124552,1.02,-1.1540848053547654,3.125548914478739,3.219086474569925,-0.0182997450443463,-0.0003866267341683,-0.0272839608383237,1,23.15999984741211,22.63999938964844,6.620142704554969,9.6,10.27000000000001,expiry_intrinsic,0.48,1.9500000000000002,-116.95000000000105,-0.006879411764705945,fold_4,xgb,0.7647058963775635
PPL,2024-09-30,2024-11-01,0.0,33.06,30.64,-4.54,3.0,0.42,0.46,0.36,13.0,0.42,0.46,0.45,0.45,0.0,0.0,0.0,0.0,1914400000.0,2105410000.0,1547790000.0,3.0,282.4,23.2,96.0,61.45,3.18,-18.36,1.86,31.03,-29.63,18.45,27.87,3.86,4.0,33.0,32.0,33.0,2024-11-15,0.6000000000000001,0.975,1.5750000000000002,4.772727272727273,0.2249999999999999,1.475,1.7000000000000002,33.7,0.7000000000000028,0.28804,0.2978,0.29292,0.26365,9.992489416905643,-0.05366,233.0,87.0,0.0272665303340149,15.0,3.0303030303030276,1,1.7424242424242458,2024-10-31,585.0,558.6290283203125,0.1653985714285714,0.1567836363636363,0.15634,-0.008614935064935,-0.0090585714285714,1,0.21975,0.1598257142857143,0.0599242857142857,0.0243892857142857,0.8157837954471892,0.4429518892784095,0.9482071713147412,0.1474639762886978,0.1127345479037353,0.052664023524836,1.308063757124552,1.02,-1.1540848053547654,3.125548914478739,3.219086474569925,-0.0182997450443463,-0.0003866267341683,-0.0272839608383237,1,23.15999984741211,22.63999938964844,6.620142704554969,1.5750000000000002,0.7000000000000028,expiry_intrinsic,0.07875000000000001,1.9500000000000002,77.67499999999973,0.023537878787878705,fold_4,xgb,1.0
CHD,2024-09-30,2024-11-01,1.0,103.26,98.53,1.44,6.31,0.68,0.73,0.67,19.0,0.68,0.68,0.69,0.83,0.0,0.0,1.0,0.0,1495370000.0,1502200000.0,1490880000.0,16.0,5144.8,4753.12,262.93,116.0,3.92,0.53,7.95,1.09,-3.12,14.22,14.75,3.19,2.1,100.0,105.0,100.0,2024-11-15,2.4749999999999996,2.45,4.925,4.925,4.25,0.825,5.075,109.02,9.019999999999996,0.2978,0.30755,0.302675,0.24902,17.726934831089462,-0.058535,159.0,20.0,2.558651026392962,15.0,5.000000000000004,0,-0.0750000000000046,2024-10-31,585.0,558.6290283203125,0.1653985714285714,0.1567836363636363,0.15634,-0.008614935064935,-0.0090585714285714,1,0.21975,0.1598257142857143,0.0599242857142857,0.0243892857142857,0.8157837954471892,0.4429518892784095,0.9482071713147412,0.1474639762886978,0.1127345479037353,0.052664023524836,1.308063757124552,1.02,-1.1540848053547654,3.125548914478739,3.219086474569925,-0.0182997450443463,-0.0003866267341683,-0.0272839608383237,1,23.15999984741211,22.63999938964844,6.620142704554969,4.925,9.019999999999996,expiry_intrinsic,0.24625,1.9500000000000002,-436.0749999999996,-0.04360749999999996,fold_4,xgb,0.7857142686843872
D,2024-09-30,2024-11-01,1.0,58.36,56.08,1.08,5.19,0.93,0.96,0.84,16.0,0.93,0.92,0.92,0.95,0.0,0.0,1.0,0.0,4178550000.0,4363700000.0,4028000000.0,4.0,3368.8,3224.8,141.33,211.99,10.11,-4.02,1.49,22.64,18.18,4.92,35.52,4.06,4.33,60.0,57.5,60.0,2024-11-15,1.325,1.65,2.9749999999999996,4.958333333333333,0.35,2.925,3.275,57.63,2.3699999999999974,0.30755,0.30755,0.30755,0.28804,6.343683953828637,0.0097599999999999,1672.0,940.0,0.27422934648582,15.0,4.1666666666666625,1,0.7916666666666705,2024-10-31,585.0,558.6290283203125,0.1653985714285714,0.1567836363636363,0.15634,-0.008614935064935,-0.0090585714285714,1,0.21975,0.1598257142857143,0.0599242857142857,0.0243892857142857,0.8157837954471892,0.4429518892784095,0.9482071713147412,0.1474639762886978,0.1127345479037353,0.052664023524836,1.308063757124552,1.02,-1.1540848053547654,3.125548914478739,3.219086474569925,-0.0182997450443463,-0.0003866267341683,-0.0272839608383237,1,23.15999984741211,22.63999938964844,6.620142704554969,2.9749999999999996,2.3699999999999974,expiry_intrinsic,0.14875,1.9500000000000002,43.67500000000022,0.007279166666666703,fold_4,xgb,0.7857142686843872
O,2024-09-30,2024-11-04,0.0,62.01,60.44,-4.39,-1.9,0.36,0.5,0.28,9.0,0.36,0.38,0.38,0.38,0.0,0.0,0.0,1.0,1282140000.0,1334220000.0,1214210000.0,12.0,-3367.2,-2476.32,-460.8,307.8,31.42,6.26,25.61,0.0,81.25,30.63,39.55,1.84,2.52,60.0,60.0,60.0,2024-11-15,0.625,1.825,2.45,4.083333333333334,0.425,1.65,2.075,56.54,3.460000000000001,0.22951,0.26853,0.24902,0.23926,3.9193639065135297,-0.043905,1046.0,364.0,0.3200241984271022,14.0,0.0,1,4.083333333333334,2024-11-01,585.0,560.9866333007812,0.16122,0.1514599999999999,0.15634,-0.00976,-0.0048799999999999,1,0.21,0.15146,0.0585399999999999,0.01951,0.7368917898370912,0.4155710427656061,0.9362549800796812,0.1572092598430486,0.1134516568850936,0.0477683431149063,1.385693820252212,1.33,0.5824900660587969,0.6549653744364257,-0.4960346259775041,-0.0138160315966682,0.0056705159430945,-0.0231787674769889,1,21.8799991607666,21.90999984741211,5.757999160766602,2.45,3.460000000000001,expiry_intrinsic,0.12250000000000001,1.9500000000000002,-115.20000000000007,-0.019200000000000012,fold_4,xgb,0.7647058963775635
IT,2024-09-30,2024-11-05,1.0,513.71,467.26,-0.04,9.89,2.38,2.71,2.19,9.0,2.38,2.39,2.39,2.37,0.0,0.0,1.0,0.0,1475130000.0,1486000000.0,1464000000.0,8.0,46108.0,44367.2,793.6,309.04,6.11,8.29,6.83,12.98,9.9,10.3,12.6,0.25,1.16,510.0,540.0,510.0,2024-11-15,17.8,22.2,40.0,7.84313725490196,27.1,2.95,30.05,522.86,12.860000000000014,0.56121,0.57096,0.566085,0.22463,60.31868005688191,-0.2243849999999999,12.0,2.0,0.6335877862595419,11.0,5.882352941176472,1,1.9607843137254888,2024-11-04,585.0,559.7782592773438,0.16122,0.1514599999999999,0.1514599999999999,-0.00976,-0.00976,1,0.21,0.1542485714285714,0.0557514285714285,0.0209042857142857,0.7368917898370912,0.4155710427656061,0.9362549800796812,0.1490736305731886,0.1090846914565401,0.0521353085434598,1.366586168807932,1.29,0.3350796888784531,1.4134921496132669,0.6000399061640126,-0.0189730598060795,-0.0055327054729165,-0.025282855761549,1,21.979999542236328,21.56999969482422,5.857999542236328,40.0,12.860000000000014,expiry_intrinsic,2.0,1.9500000000000002,2512.049999999999,0.049255882352941156,fold_4,xgb,0.7647058963775635
BR,2024-09-30,2024-11-05,1.0,215.33,211.91,1.38,3.02,0.97,1.05,0.91,6.0,0.97,0.95,0.95,1.17,0.0,0.0,1.0,0.0,1483690000.0,1500050000.0,1457000000.0,5.0,38287.2,32738.4,2662.4,3398.17,4.91,22.88,8.21,8.78,-24.41,7.85,5.61,0.36,0.11,210.0,220.0,210.0,2024-11-15,5.9,5.75,11.65,5.5476190476190474,10.0,,,227.78,17.78,0.40511,0.39536,0.400235,0.209995,47.53207490599273,-0.14146,31.0,0.0,7.772727272727272,11.0,4.761904761904767,1,0.7857142857142803,2024-11-04,585.0,559.7782592773438,0.16122,0.1514599999999999,0.1514599999999999,-0.00976,-0.00976,1,0.21,0.1542485714285714,0.0557514285714285,0.0209042857142857,0.7368917898370912,0.4155710427656061,0.9362549800796812,0.1490736305731886,0.1090846914565401,0.0521353085434598,1.366586168807932,1.29,0.3350796888784531,1.4134921496132669,0.6000399061640126,-0.0189730598060795,-0.0055327054729165,-0.025282855761549,1,21.979999542236328,21.56999969482422,5.857999542236328,11.65,17.78,expiry_intrinsic,0.5825,1.9500000000000002,-673.2,-0.03205714285714286,fold_4,xgb,0.7647058963775635
AIZ,2024-09-30,2024-11-05,1.0,197.53,170.19,-2.25,13.46,2.52,2.69,2.4,7.0,2.52,3.26,3.29,3.28,0.0,0.0,0.0,0.0,2939390000.0,2996000000.0,2914400000.0,5.0,40764.0,35391.84,2368.0,808.68,7.08,1.56,8.81,4.88,-14.64,11.27,14.0,-0.65,0.48,190.0,210.0,190.0,2024-11-15,5.85,4.75,10.6,5.578947368421053,16.7,0.05,16.75,218.82,28.819999999999993,0.3856,0.41487,0.400235,0.24902,37.781553337414266,-0.11707,26.0,0.0,0.4571428571428571,11.0,10.526315789473696,0,-4.9473684210526425,2024-11-04,585.0,559.7782592773438,0.16122,0.1514599999999999,0.1514599999999999,-0.00976,-0.00976,1,0.21,0.1542485714285714,0.0557514285714285,0.0209042857142857,0.7368917898370912,0.4155710427656061,0.9362549800796812,0.1490736305731886,0.1090846914565401,0.0521353085434598,1.366586168807932,1.29,0.3350796888784531,1.4134921496132669,0.6000399061640126,-0.0189730598060795,-0.0055327054729165,-0.025282855761549,1,21.979999542236328,21.56999969482422,5.857999542236328,10.6,28.819999999999993,expiry_intrinsic,0.53,1.9500000000000002,-1876.9499999999994,-0.09878684210526313,fold_4,xgb,0.7857142686843872
AEP,2024-09-30,2024-11-06,1.0,98.06,98.04,-1.85,-1.83,1.8,1.85,1.67,17.0,1.8,1.81,1.81,1.8,0.0,0.0,2.0,0.0,5434230000.0,6009000000.0,4940970000.0,6.0,2800.8,2732.0,84.8,72.98,2.9,-9.19,0.81,10.62,-1.57,-6.65,-12.25,-2.78,-3.26,100.0,95.0,100.0,2024-11-15,2.075,2.375,4.45,4.45,0.125,4.675000000000001,4.800000000000001,96.31,3.6899999999999977,0.26853,0.39536,0.331945,0.141705,57.31069906159153,-0.0975599999999999,5042.0,400.0,0.5054592164418754,10.0,5.000000000000004,0,-0.5500000000000043,2024-11-05,595.0,566.547119140625,0.1423971428571428,0.1379732352941176,0.141705,-0.0044239075630252,-0.0006921428571428,1,0.19048,0.1430942857142857,0.0473857142857143,0.0243899999999999,0.3815136476426799,0.292230860320239,0.8286852589641435,0.1865951067891331,0.1120442879072859,0.0303528549498569,1.6653692060012582,1.45,1.2516185083477538,1.3942123725450006,0.5174036856234693,-0.0087146278942633,0.015674593122682,-0.0134965392222015,1,20.489999771118164,20.190000534057617,6.250285485403879,4.45,3.6899999999999977,expiry_intrinsic,0.22250000000000003,1.9500000000000002,51.80000000000024,0.005180000000000024,fold_4,xgb,1.0
FITB,2024-12-31,2025-01-21,0.0,42.93,43.87,4.5,2.26,0.88,3.3547,3.1095,17.0,3.1706,3.1708,3.1719,3.2205,2.0,0.0,3.0,5.0,2205227390.0,8652000000.0,8479000000.0,12.0,3538.4,3701.92,-94.4,42.37,4.32,1.6,27.05,-14.29,-3.7,-11.45,-13.95,-4.4,-4.66,44.0,44.0,44.0,2025-02-21,1.6,1.1,2.7,6.136363636363637,1.15,1.05,2.2,42.88,1.1199999999999974,0.23926,0.24902,0.24414,0.21975,9.990169574834107,0.0195149999999999,790.0,85.0,1.5965362411802435,35.0,0.0,1,6.136363636363637,2025-01-17,610.0,589.0353393554688,0.117315,0.1256764285714285,0.1319449999999999,0.0083614285714285,0.0146299999999999,0,0.15146,0.11244,0.03902,0.014635,0.2403178386968613,0.1396461288416076,0.446215139442231,0.1290557718273382,0.1766812902964613,-0.0593662902964612,0.7304439061475605,1.19,0.7925757898527013,1.9873964268360695,-0.290093655836163,0.0294407693854399,-0.01186356961496,-0.0135217696668693,1,15.970000267028809,18.190000534057617,4.238500267028808,2.7,1.1199999999999974,expiry_intrinsic,0.135,1.9500000000000002,142.5500000000003,0.03239772727272734,fold_4,xgb,1.0
STLD,2024-12-31,2025-01-22,1.0,115.75,130.34,6.16,-5.72,1.28,10.42,9.9491,10.0,10.1443,10.1443,10.1445,10.1299,0.0,0.0,0.0,7.0,4335412480.0,18325420000.0,17421700000.0,13.0,46301.6,45691.04,234.67,166.49,-5.35,-6.28,-11.84,-40.92,-24.63,-37.97,-46.09,-6.81,-6.88,125.0,125.0,125.0,2025-02-21,5.449999999999999,5.35,10.8,8.639999999999999,3.55,5.7,9.25,130.71,5.710000000000008,0.37584,0.37584,0.37584,0.32707,12.976266496381433,-0.03414,2893.0,107.0,0.7181164159581426,31.0,0.0,1,8.639999999999999,2025-01-21,615.0,594.4270629882812,0.1131364285714285,0.117315,0.123695,0.0041785714285714,0.0105585714285714,0,0.1417,0.11244,0.0292599999999999,0.0139335714285714,0.19383392928089,0.1126348256501183,0.350597609561753,0.1244367390132565,0.1792541755586322,-0.0661177469872036,0.6941915781066677,1.44,2.211709956437777,2.4710730984947253,0.0041048400576211,0.0372554221612686,0.0013068579868649,-0.0044920601870236,1,15.0600004196167,17.5,3.7463575624738414,10.799999999999999,5.710000000000008,expiry_intrinsic,0.5399999999999999,1.9500000000000002,453.0499999999991,0.03624399999999993,fold_4,xgb,0.7857142686843872
WRB,2024-12-31,2025-01-27,1.0,58.97,57.62,0.39,2.74,0.95,4.56,3.85,15.0,4.0152,4.0257,4.024,4.0312,1.0,0.0,2.0,7.0,1446167250.0,11540500000.0,11351000000.0,8.0,-5117.6,-5511.2,280.53,200.08,12.2,2.61,10.09,-32.59,-12.5,10.26,12.98,0.43,0.09,59.5,60.0,60.0,2025-02-21,0.65,3.0250000000000004,3.675,6.176470588235294,1.45,1.5,2.95,60.97,0.9699999999999988,0.23926,0.24902,0.24414,0.239265,1.9968051118210823,-0.11707,154.0,20.0,0.3206751054852321,28.0,0.8403361344537785,1,5.336134453781516,2025-01-24,620.0,599.2767333984375,0.1124349999999999,0.117315,0.122195,0.00488,0.00976,0,0.1417,0.10268,0.03902,0.009755,0.1393211225004198,0.1081006205673758,0.2749003984063745,0.0810060677695694,0.1385842570780233,-0.0261492570780234,0.5845257569477229,1.11,-0.0878911767162844,0.8418342916550178,-0.6742860190502143,0.0276012381179142,0.0284529699236779,-0.0029191770004679,1,14.850000381469728,17.549999237060547,3.606500381469729,3.6750000000000003,0.9699999999999988,expiry_intrinsic,0.18375000000000002,1.9500000000000002,250.17500000000015,0.04204621848739498,fold_4,xgb,0.7857142686843872
BRO,2024-12-31,2025-01-27,1.0,102.89,105.04,4.81,2.67,0.77,3.8568,3.71,14.0,3.7636,3.7632,3.7642,3.6886,1.0,0.0,2.0,3.0,1212358160.0,4774600000.0,4708576600.0,10.0,3816.8,3474.4,192.0,72.88,11.26,2.77,15.49,28.17,-2.15,24.34,13.65,-1.27,0.64,105.0,105.0,105.0,2025-02-21,3.35,2.2,5.550000000000001,5.2857142857142865,2.175,1.875,4.05,111.71,6.709999999999994,0.22951,0.23926,0.234385,0.19048,18.732000767967232,-0.0048799999999999,1221.0,70.0,0.087248322147651,28.0,0.0,1,5.2857142857142865,2025-01-24,620.0,599.2767333984375,0.1124349999999999,0.117315,0.122195,0.00488,0.00976,0,0.1417,0.10268,0.03902,0.009755,0.1393211225004198,0.1081006205673758,0.2749003984063745,0.0810060677695694,0.1385842570780233,-0.0261492570780234,0.5845257569477229,1.11,-0.0878911767162844,0.8418342916550178,-0.6742860190502143,0.0276012381179142,0.0284529699236779,-0.0029191770004679,1,14.850000381469728,17.549999237060547,3.606500381469729,5.550000000000001,6.709999999999994,expiry_intrinsic,0.2775,1.9500000000000002,-145.6999999999993,-0.01387619047619041,fold_4,xgb,0.7647058963775635
PCAR,2024-12-31,2025-01-28,0.0,104.57,104.9,2.56,2.24,1.69,8.56,7.85,13.0,8.0136,8.0136,8.0252,8.1322,1.0,0.0,1.0,0.0,8052983020.0,34248830000.0,31320000000.0,16.0,-11391.2,-11548.16,-9.07,122.13,-5.26,-5.94,10.87,-20.94,-13.15,-21.14,-17.08,-1.5,-2.07,110.0,110.0,110.0,2025-02-21,3.7,3.7,7.4,6.7272727272727275,2.85,2.375,5.225,104.46,5.540000000000006,0.31731,0.33682,0.327065,0.234385,28.33687493311727,-0.0341449999999999,77.0,2039.0,0.9865051903114188,25.0,0.0,1,6.7272727272727275,2025-01-27,610.0,590.7996826171875,0.1305557142857143,0.128534,0.136825,-0.0020217142857142,0.0062692857142856,0,0.1681842857142857,0.12219,0.0459942857142857,0.0146314285714285,0.3524701730801547,0.2252373300827425,0.649402390438247,0.1492958185161508,0.1474760710495584,-0.0169203567638441,1.0123392727622973,1.19,0.3445328658870044,2.395205753161411,-0.0680416198618472,0.0029953096933867,0.0078696754015297,-0.0170233534160036,1,17.899999618530273,18.969999313354492,4.844428189958844,7.4,5.540000000000006,expiry_intrinsic,0.37000000000000005,1.9500000000000002,147.04999999999941,0.013368181818181765,fold_4,xgb,0.959330677986145
CB,2024-12-31,2025-01-28,1.0,277.68,283.64,-1.95,-4.01,5.45,23.1085,21.2209,20.0,22.0374,21.9674,21.9674,21.3786,1.0,0.0,8.0,3.0,10649597180.0,45611000000.0,43486703110.0,6.0,18637.6,16726.88,1134.93,553.32,8.48,8.4,15.11,15.15,5.95,20.51,-10.56,-73.08,-3.09,275.0,275.0,275.0,2025-02-21,8.05,5.8,13.85,5.036363636363637,6.0,4.45,10.45,267.25,7.75,0.23926,0.23926,0.23926,0.19048,20.38786257627685,-0.024385,678.0,167.0,2.1053283767038415,25.0,0.0,1,5.036363636363637,2025-01-27,610.0,590.7996826171875,0.1305557142857143,0.128534,0.136825,-0.0020217142857142,0.0062692857142856,0,0.1681842857142857,0.12219,0.0459942857142857,0.0146314285714285,0.3524701730801547,0.2252373300827425,0.649402390438247,0.1492958185161508,0.1474760710495584,-0.0169203567638441,1.0123392727622973,1.19,0.3445328658870044,2.395205753161411,-0.0680416198618472,0.0029953096933867,0.0078696754015297,-0.0170233534160036,1,17.899999618530273,18.969999313354492,4.844428189958844,13.850000000000001,7.75,expiry_intrinsic,0.6925000000000001,1.9500000000000002,538.8000000000001,0.019592727272727276,fold_4,xgb,0.7857142686843872
SYF,2024-12-31,2025-01-28,0.0,65.92,56.31,1.12,18.38,1.92,6.97,6.25,15.0,6.5831,6.5598,6.5256,5.943,3.0,0.0,5.0,3.0,2537940740.0,16228687000.0,15002657740.0,13.0,17792.8,17229.76,308.27,394.81,32.17,3.6,38.29,31.08,25.16,103.77,90.02,8.55,10.01,70.0,70.0,70.0,2025-02-21,2.65,2.8,5.449999999999999,7.785714285714285,1.5,2.8,4.3,61.41,8.590000000000003,0.35633,0.3856,0.370965,0.307555,17.09325677624573,-0.03902,1725.0,1309.0,1.4169316977131607,25.0,0.0,1,7.785714285714285,2025-01-27,610.0,590.7996826171875,0.1305557142857143,0.128534,0.136825,-0.0020217142857142,0.0062692857142856,0,0.1681842857142857,0.12219,0.0459942857142857,0.0146314285714285,0.3524701730801547,0.2252373300827425,0.649402390438247,0.1492958185161508,0.1474760710495584,-0.0169203567638441,1.0123392727622973,1.19,0.3445328658870044,2.395205753161411,-0.0680416198618472,0.0029953096933867,0.0078696754015297,-0.0170233534160036,1,17.899999618530273,18.969999313354492,4.844428189958844,5.449999999999999,8.590000000000003,expiry_intrinsic,0.27249999999999996,1.9500000000000002,-343.2000000000004,-0.049028571428571484,fold_4,xgb,1.0
LII,2024-12-31,2025-01-29,1.0,613.99,602.57,-1.57,0.29,4.24,21.48,20.89,20.0,21.1816,21.103,21.0951,21.0676,4.0,0.0,8.0,0.0,1289550660.0,5266830000.0,5193200000.0,17.0,21663.2,19166.24,1867.73,938.57,9.65,3.24,5.06,24.39,-2.2,55.46,62.37,1.24,6.58,660.0,610.0,660.0,2025-02-21,24.05,19.75,43.8,6.636363636363636,3.175,54.55,57.724999999999994,613.96,46.03999999999997,0.31731,0.32707,0.32219,0.24902,22.710202054688224,-0.0390249999999999,3.0,0.0,1.3707865168539326,24.0,7.57575757575758,0,-0.939393939393944,2025-01-28,615.0,595.8760986328125,0.1221907142857142,0.12317,0.1311949999999999,0.0009792857142857,0.0090042857142857,0,0.1598257142857142,0.11244,0.0473857142857142,0.0139421428571428,0.2540749453873297,0.17116393321513,0.5338645418326693,0.1473373289585885,0.1454363758869884,-0.0232456616012741,1.0130706851020357,1.04,-0.7913124584331845,0.9081567343733477,-0.6796769399833723,0.0024377013342002,0.0053551544661831,-0.0085771769224769,1,16.40999984741211,18.1299991607666,4.190928418840681,43.8,46.03999999999997,expiry_intrinsic,2.19,1.9500000000000002,-444.9499999999973,-0.006741666666666626,fold_4,xgb,0.7857142686843872
OTIS,2024-12-31,2025-01-29,0.0,92.57,98.2,2.25,-3.62,0.96,3.88,3.6,13.0,3.8249,3.8401,3.8582,3.8683,1.0,0.0,2.0,1.0,3471733760.0,14350000000.0,14142000000.0,13.0,4492.0,4424.8,-4.27,78.77,0.71,-1.47,2.15,1.05,-9.43,-9.24,-37.59,0.49,-6.35,95.0,95.0,95.0,2025-02-21,2.85,3.0999999999999996,5.949999999999999,6.263157894736842,2.25,1.8,4.05,98.37,3.3700000000000045,0.22951,0.37584,0.302675,0.2148749999999999,29.008011893945664,-0.082925,70.0,12.0,0.6475,24.0,0.0,1,6.263157894736842,2025-01-28,615.0,595.8760986328125,0.1221907142857142,0.12317,0.1311949999999999,0.0009792857142857,0.0090042857142857,0,0.1598257142857142,0.11244,0.0473857142857142,0.0139421428571428,0.2540749453873297,0.17116393321513,0.5338645418326693,0.1473373289585885,0.1454363758869884,-0.0232456616012741,1.0130706851020357,1.04,-0.7913124584331845,0.9081567343733477,-0.6796769399833723,0.0024377013342002,0.0053551544661831,-0.0085771769224769,1,16.40999984741211,18.1299991607666,4.190928418840681,5.949999999999999,3.3700000000000045,expiry_intrinsic,0.2975,1.9500000000000002,226.2999999999995,0.023821052631578896,fold_4,xgb,1.0
MSCI,2024-12-31,2025-01-29,1.0,599.65,571.2,-1.1,3.83,3.95,15.14,14.7684,18.0,15.0049,15.0036,14.9968,14.982,1.0,0.0,3.0,4.0,764010870.0,2876315050.0,2852000000.0,15.0,12077.6,11527.2,400.53,157.6,15.87,2.37,13.56,11.88,6.04,13.72,13.59,-0.57,-1.11,630.0,590.0,630.0,2025-02-21,22.05,22.75,44.8,7.111111111111111,2.2750000000000004,42.75,45.025,578.34,51.65999999999997,0.34658,0.35633,0.3514549999999999,0.22463,36.085700872088886,-0.0829249999999999,372.0,89.0,1.2483026188166828,24.0,6.349206349206349,1,0.7619047619047619,2025-01-28,615.0,595.8760986328125,0.1221907142857142,0.12317,0.1311949999999999,0.0009792857142857,0.0090042857142857,0,0.1598257142857142,0.11244,0.0473857142857142,0.0139421428571428,0.2540749453873297,0.17116393321513,0.5338645418326693,0.1473373289585885,0.1454363758869884,-0.0232456616012741,1.0130706851020357,1.04,-0.7913124584331845,0.9081567343733477,-0.6796769399833723,0.0024377013342002,0.0053551544661831,-0.0085771769224769,1,16.40999984741211,18.1299991607666,4.190928418840681,44.8,51.65999999999997,expiry_intrinsic,2.2399999999999998,1.9500000000000002,-911.9499999999972,-0.01447539682539678,fold_4,xgb,0.7647058963775635
WY,2024-12-31,2025-01-30,1.0,28.15,31.18,9.98,-0.71,0.07,0.51,0.46,11.0,0.4837,0.474,0.4662,0.4611,1.0,0.0,4.0,0.0,1650246500.0,7192000000.0,7008000000.0,10.0,3900.0,3769.44,85.33,56.07,-16.86,-13.31,-18.61,-84.85,-76.19,-57.49,-77.9,-9.96,-12.82,30.0,31.0,30.0,2025-02-21,0.975,0.6,1.575,5.25,1.0499999999999998,0.3,1.35,29.71,0.2899999999999991,0.20024,0.28804,0.24414,0.21975,9.99016957483412,-0.01951,505.0,67.0,0.5962264150943396,23.0,3.3333333333333437,1,1.9166666666666563,2025-01-29,610.0,593.204833984375,0.12707,0.1275575,0.1319449999999999,0.0004874999999999,0.0048749999999999,0,0.16122,0.11244,0.04878,0.0097599999999999,0.3114686607292893,0.202704824172577,0.6135458167330677,0.1426006936966544,0.146365258187726,-0.019295258187726,0.9742796580439652,0.98,-1.240682268427307,0.9097832712533814,-0.6335762270286003,-0.0076346961319874,0.000781549420181,-0.0130216457390942,1,16.559999465942383,18.149999618530273,3.852999465942382,1.575,0.2899999999999991,expiry_intrinsic,0.07875,1.9500000000000002,118.67500000000007,0.039558333333333355,fold_4,xgb,0.7857142686843872
TSN,2024-12-31,2025-02-03,0.0,58.18,59.26,-0.76,-2.56,0.88,3.01,2.69,9.0,2.86,2.85,2.83,2.83,1.0,0.0,1.0,0.0,13297425170.0,53511000000.0,52874000000.0,10.0,27389.6,25537.76,92.8,1078.33,2.28,2.02,0.97,115.09,31.03,48.04,151.08,1.86,2.53,57.5,57.5,57.5,2025-02-21,1.5,2.4000000000000004,3.9,6.782608695652175,0.75,1.15,1.9,60.45,2.950000000000003,0.34658,0.35633,0.3514549999999999,0.19048,45.802449815765875,-0.1024349999999999,569.0,420.0,0.7554462403373156,21.0,0.0,1,6.782608695652175,2025-01-31,610.0,593.2146606445312,0.1235842857142857,0.1273567647058823,0.1322499999999999,0.0037724789915966,0.0086657142857142,0,0.16122,0.11244,0.04878,0.0132457142857142,0.2053211059553555,0.1801723182624114,0.549800796812749,0.1447981776527558,0.1369624123783848,-0.013378126664099,1.0572110635195535,1.29,0.9536376511732496,2.455226364097319,0.0388431336648775,-0.0101156484409612,0.0231205694812399,-0.0130052960731554,1,16.43000030517578,18.43000030517578,4.071571733747209,3.9000000000000004,2.950000000000003,expiry_intrinsic,0.19500000000000003,1.9500000000000002,73.54999999999974,0.012791304347826042,fold_4,xgb,0.7647058963775635
EG,2024-12-31,2025-02-03,1.0,365.14,354.61,-5.44,-2.63,-17.03,43.48,28.0,8.0,44.9191,57.0668,59.202,61.2339,0.0,0.0,1.0,8.0,4067725710.0,17029000000.0,15516000000.0,7.0,96172.0,95509.6,4089.6,4919.7,6.49,2.86,17.51,-16.55,-29.97,-18.97,-15.29,14.31,-3.72,350.0,340.0,350.0,2025-02-21,8.85,9.55,18.4,5.257142857142857,3.2,10.9,14.099999999999998,337.14,12.860000000000014,0.28804,0.25877,0.273405,0.24414,10.703900806495865,-0.024385,341.0,8.0,0.4844192634560906,21.0,2.857142857142858,1,2.399999999999999,2025-01-31,610.0,593.2146606445312,0.1235842857142857,0.1273567647058823,0.1322499999999999,0.0037724789915966,0.0086657142857142,0,0.16122,0.11244,0.04878,0.0132457142857142,0.2053211059553555,0.1801723182624114,0.549800796812749,0.1447981776527558,0.1369624123783848,-0.013378126664099,1.0572110635195535,1.29,0.9536376511732496,2.455226364097319,0.0388431336648775,-0.0101156484409612,0.0231205694812399,-0.0130052960731554,1,16.43000030517578,18.43000030517578,4.071571733747209,18.4,12.860000000000014,expiry_intrinsic,0.9199999999999999,1.9500000000000002,460.04999999999853,0.013144285714285673,fold_4,xgb,0.7857142686843872
WEC,2024-12-31,2025-02-04,0.0,93.79,96.01,5.79,3.34,1.43,4.9,4.8526,9.0,4.8714,4.8702,4.8702,4.8701,1.0,0.0,1.0,1.0,2265397500.0,9304000000.0,8535000000.0,12.0,7469.6,7143.2,106.67,72.88,-4.8,5.16,-6.54,-24.0,13.43,-7.27,-18.71,-1.96,-3.52,100.0,100.0,100.0,2025-02-21,2.025,1.525,3.55,3.55,1.825,1.25,3.075,104.05,4.049999999999997,0.19048,0.21,0.20024,0.17585,12.180383539752295,-0.01463,435.0,36.0,0.0062451209992193,18.0,0.0,1,3.55,2025-02-03,610.0,589.2225341796875,0.1403071428571428,0.1342414705882352,0.136825,-0.0060656722689075,-0.0034821428571428,1,0.18073,0.13195,0.0487799999999999,0.0160328571428571,0.4195930918975316,0.2882729388297873,0.7569721115537849,0.1107466973650752,0.1387273172674096,0.0015798255897331,0.7983049016337624,1.31,1.0230980248968429,2.7903966032774745,0.1630087455334954,-0.0026695146999967,0.0199459420796526,-0.0196474240238132,1,18.6200008392334,19.549999237060547,4.589286553519113,3.55,4.049999999999997,expiry_intrinsic,0.1775,1.9500000000000002,-69.69999999999973,-0.006969999999999974,fold_4,xgb,1.0
SNA,2024-12-31,2025-02-06,1.0,335.66,359.27,1.25,-5.41,4.7943,19.55,19.18,10.0,19.4533,19.44,19.44,19.44,2.0,0.0,2.0,0.0,1163145290.0,4798000000.0,4691000000.0,11.0,25736.8,24866.4,334.61,157.09,7.6,-2.54,5.27,4.21,-7.3,3.39,3.02,3.0,-1.16,360.0,340.0,360.0,2025-02-21,8.7,11.5,20.2,5.611111111111111,0.85,22.35,23.200000000000003,335.88,24.120000000000005,0.34658,0.32707,0.336825,0.180725,46.344540933719294,-0.107315,48.0,20.0,1.9205607476635511,16.0,5.555555555555558,1,0.0555555555555526,2025-02-05,615.0,595.5803833007812,0.117315,0.1239155882352941,0.128898125,0.0066005882352941,0.011583125,0,0.15146,0.11244,0.03902,0.014635,0.1771933466538653,0.1396461288416076,0.4223107569721115,0.1005882050320559,0.1340692506357601,-0.0167542506357601,0.7502705098675785,1.04,-0.9986669207361863,1.0127224999376057,-0.8379848686845625,0.0040046020873605,0.0207280839244874,-0.0090691901614412,1,15.770000457763672,17.959999084472656,4.038500457763671,20.2,24.120000000000005,expiry_intrinsic,1.01,1.9500000000000002,-494.9500000000005,-0.013748611111111125,fold_4,xgb,0.7857142686843872
CMS,2024-12-31,2025-02-06,0.0,65.71,67.25,3.99,1.61,0.87,3.3666,3.32,16.0,3.3393,3.3375,3.335,3.3352,1.0,0.0,5.0,1.0,1771484070.0,7913000000.0,7457632990.0,11.0,4693.6,4392.8,106.67,69.28,4.18,8.46,-7.94,37.7,27.27,18.69,35.42,5.1,4.86,70.0,70.0,70.0,2025-02-21,2.16,3.6,5.76,8.228571428571428,2.16,2.5,4.66,71.49,1.4899999999999949,0.09292,0.33682,0.21487,0.19536,9.079908782054265,-0.0292649999999999,783.0,0.0,0.0048780487804878,16.0,0.0,1,8.228571428571428,2025-02-05,615.0,595.5803833007812,0.117315,0.1239155882352941,0.128898125,0.0066005882352941,0.011583125,0,0.15146,0.11244,0.03902,0.014635,0.1771933466538653,0.1396461288416076,0.4223107569721115,0.1005882050320559,0.1340692506357601,-0.0167542506357601,0.7502705098675785,1.04,-0.9986669207361863,1.0127224999376057,-0.8379848686845625,0.0040046020873605,0.0207280839244874,-0.0090691901614412,1,15.770000457763672,17.959999084472656,4.038500457763671,5.76,1.4899999999999949,expiry_intrinsic,0.288,1.9500000000000002,396.2500000000005,0.05660714285714293,fold_4,xgb,0.9938461184501648
SMCI,2024-12-31,2025-02-11,1.0,32.6,20.33,18.44,89.92,0.5811,24.4,23.3,13.0,23.86,23.86,23.86,23.6,0.0,0.0,2.0,0.0,-619020000.0,15193300000.0,14713700000.0,15.0,-20052.96,-21236.54,14253.44,18104.91,6.04,-4.37,116.91,-48.45,-19.59,26.16,27.78,1.6,1.1,43.0,39.5,43.0,2025-02-14,4.5,4.825,9.325,21.686046511627904,0.35,3.7,4.05,47.91,4.909999999999997,2.61969,2.61969,2.61969,1.1368,56.60555256537987,-1.2146,1495.0,7260.0,0.4932895410927863,4.0,8.139534883720934,1,13.54651162790697,2025-02-10,615.0,596.2012939453125,0.1159207142857143,0.1236270588235294,0.1304215624999999,0.0077063445378151,0.0145008482142856,0,0.15146,0.10268,0.04878,0.0111492857142857,0.1518670368736542,0.1306331264775414,0.3386454183266932,0.10522660810623,0.1324894145639045,-0.0165687002781902,0.794226530871078,1.45,1.9494934076095911,3.759122466339592,1.866920658015901,0.0118440136973729,0.0260563357350229,-0.0080361146856964,1,15.8100004196167,18.229999542236328,4.2179289910452695,9.325,4.909999999999997,expiry_intrinsic,0.46625,1.9500000000000002,392.9250000000003,0.09137790697674425,fold_4,xgb,0.7857142686843872
IPG,2024-12-31,2025-02-12,0.0,26.82,29.2,-0.15,-8.29,1.17,2.8383,2.754,9.0,2.8123,2.8127,2.8223,2.8238,0.0,0.0,1.0,4.0,2472278640.0,9315278000.0,9253000000.0,7.0,6428.0,6358.88,-51.2,119.52,-1.86,-3.0,-0.37,0.0,14.75,-50.52,-64.73,0.04,-9.01,27.0,27.0,27.0,2025-02-21,1.0,0.7,1.7,6.296296296296296,0.35,0.35,0.7,27.07,0.0700000000000002,0.01488,0.44414,0.22951,0.117315,48.884580192584195,-0.087805,3.0,17.0,0.217391304347826,10.0,0.0,1,6.296296296296296,2025-02-11,615.0,596.65478515625,0.11244,0.1242008823529411,0.1319449999999999,0.0117608823529411,0.0195049999999999,0,0.15146,0.10268,0.04878,0.01463,0.0886420842307396,0.1081329417848701,0.298804780876494,0.0980233713880602,0.1179977388887747,-0.0055577388887746,0.8307224554570287,1.35,1.1745039874355343,0.6701749866772739,-0.9893732529339244,0.0058658751110243,0.0427570640512737,-0.0072815928352311,1,16.020000457763672,18.280000686645508,4.77600045776367,1.7,0.0700000000000002,expiry_intrinsic,0.085,1.9500000000000002,152.54999999999998,0.056499999999999995,fold_4,xgb,1.0
PPL,2024-12-31,2025-02-13,0.0,31.98,33.7,7.6,2.11,0.3732,1.83,1.6981,15.0,1.7198,1.7078,1.7081,1.7096,2.0,0.0,3.0,1.0,2776800020.0,9850800420.0,7285000000.0,11.0,282.4,119.2,23.23,100.46,1.13,9.84,2.68,-2.33,10.53,0.89,-2.06,-0.99,-0.67,34.0,34.0,34.0,2025-02-21,0.8,0.25,1.05,3.088235294117647,0.2,0.45,0.65,34.72,0.7199999999999989,0.21975,0.21975,0.21975,0.166095,24.416382252559732,-0.11707,3035.0,63.0,0.1320388349514563,9.0,0.0,1,3.088235294117647,2025-02-12,615.0,594.732666015625,0.11244,0.1210467647058823,0.130116875,0.0086067647058823,0.0176768749999999,0,0.15146,0.11244,0.03902,0.01951,0.0886420842307394,0.10813294178487,0.2828685258964143,0.0981755544206336,0.1193761984420434,-0.0069361984420434,0.8224047649523479,1.14,-0.291820054023809,0.99444160733812,-0.6977793343789799,-0.0014233465522455,0.0377886892631189,-0.0104796281131388,1,15.890000343322754,18.309999465942383,4.646000343322754,1.05,0.7199999999999989,expiry_intrinsic,0.052500000000000005,1.9500000000000002,25.80000000000012,0.007588235294117683,fold_4,xgb,0.7857142686843872
O,2024-12-31,2025-02-24,0.0,54.34,57.75,5.47,-0.76,0.3909,1.4776,1.0208,3.0,1.3717,1.374,1.374,1.326,0.0,0.0,0.0,2.0,1323712740.0,5284515520.0,4742064790.0,8.0,-3597.6,-2848.8,-439.84,302.2,28.08,-0.64,26.21,-9.09,3.45,22.11,36.04,-0.09,2.61,57.5,55.0,57.5,2025-03-21,0.95,1.4500000000000002,2.4000000000000004,4.173913043478262,0.5,1.9,2.4,55.8,1.7000000000000028,0.17097,0.21,0.190485,0.18073,5.121138147360691,-0.00976,4454.0,4298.0,0.1694210882381366,28.0,4.347826086956519,0,-0.1739130434782572,2025-02-21,610.0,591.361572265625,0.12707,0.128945,0.136825,0.0018749999999999,0.0097549999999999,0,0.18073,0.11244,0.06829,0.0195149999999999,0.3780310984450782,0.202704824172577,0.6095617529880478,0.1320411839120223,0.1169569018937248,0.0101130981062751,1.1289729958134846,1.17,0.3056451373638179,3.9634821692831497,2.34350212546125,-0.0160562032616521,-0.0107182667147649,-0.0211933864947698,1,18.209999084472656,19.479999542236328,5.5029990844726555,2.4000000000000004,1.7000000000000028,expiry_intrinsic,0.12000000000000002,1.9500000000000002,56.04999999999975,0.009747826086956478,fold_4,xgb,1.0
HSIC,2024-12-31,2025-02-25,0.0,74.97,77.66,1.13,-2.37,1.2089,4.79,4.7356,15.0,4.7581,4.7744,4.7722,4.7701,0.0,0.0,1.0,6.0,3013795110.0,12832095500.0,12683150000.0,10.0,4750.24,4468.64,46.86,128.73,0.38,1.21,-0.67,-7.58,-0.81,-15.71,-21.5,-0.18,-1.38,80.0,75.0,80.0,2025-03-21,2.2,4.5,6.7,8.375,0.3,7.5,7.8,69.39,10.61,0.3856,0.40511,0.395355,0.190485,51.81925105285123,-0.102435,125.0,952.0,0.03125,25.0,6.25,1,2.125,2025-02-24,605.0,588.6705932617188,0.1347357142857143,0.136825,0.14658,0.0020892857142857,0.0118442857142856,0,0.1835157142857142,0.12219,0.0613257142857142,0.0181171428571428,0.5121743912804362,0.2522578679078015,0.6932270916334662,0.1290287165618729,0.1156645397790124,0.0190711745067018,1.1155425578867466,1.36,1.4589344875570407,1.739346763919637,0.0938730291005615,-0.0204854745686507,-0.0205657471858264,-0.0256474264076711,1,18.979999542236328,19.86000061035156,5.506428113664899,6.7,10.61,expiry_intrinsic,0.335,1.9500000000000002,-426.44999999999993,-0.05330624999999999,fold_4,xgb,1.0
PEG,2024-12-31,2025-02-25,1.0,88.05,94.2,-5.47,-11.65,0.8279,3.69,3.657,19.0,3.6675,3.6655,3.6677,3.6667,1.0,0.0,2.0,2.0,2903739110.0,11391000000.0,9791000000.0,13.0,5276.0,5202.56,38.17,33.4,7.57,9.04,3.42,5.88,42.86,94.5,16.33,1.47,1.83,85.0,82.5,85.0,2025-03-21,1.875,2.95,4.825,5.676470588235294,1.1749999999999998,3.55,4.725,82.98,2.019999999999996,0.22951,0.30755,0.26853,0.27341,-1.8173016050348176,-0.0048799999999999,2786.0,21.0,0.7006451612903226,25.0,2.941176470588236,1,2.7352941176470584,2025-02-24,605.0,588.6705932617188,0.1347357142857143,0.136825,0.14658,0.0020892857142857,0.0118442857142856,0,0.1835157142857142,0.12219,0.0613257142857142,0.0181171428571428,0.5121743912804362,0.2522578679078015,0.6932270916334662,0.1290287165618729,0.1156645397790124,0.0190711745067018,1.1155425578867466,1.36,1.4589344875570407,1.739346763919637,0.0938730291005615,-0.0204854745686507,-0.0205657471858264,-0.0256474264076711,1,18.979999542236328,19.86000061035156,5.506428113664899,4.825,2.019999999999996,expiry_intrinsic,0.24125000000000002,1.9500000000000002,254.4250000000004,0.029932352941176518,fold_4,xgb,0.7857142686843872
VRSK,2024-12-31,2025-02-26,1.0,285.46,294.56,0.9,-2.22,1.5973,6.86,6.33,17.0,6.6301,6.626,6.6169,6.6175,0.0,0.0,3.0,2.0,736160420.0,2886002000.0,2874300000.0,14.0,4722.4,4168.8,192.85,116.54,7.04,1.19,7.25,9.87,-4.02,13.55,10.81,1.25,1.47,300.0,290.0,300.0,2025-03-21,8.8,9.0,17.8,5.933333333333334,3.2249999999999996,11.7,14.925,285.16,14.839999999999977,0.27829,0.30755,0.2929199999999999,0.239265,18.31728799672264,-0.0487799999999999,395.0,4.0,0.675,24.0,3.3333333333333326,1,2.600000000000001,2025-02-25,605.0,585.7431030273438,0.1417042857142857,0.1402034615384615,0.14658,-0.0015008241758241,0.0048757142857142,0,0.19048,0.1235842857142857,0.0668957142857143,0.0153278571428571,0.6341182940852961,0.2973044104609931,0.7729083665338645,0.1129318119225596,0.1163176688769004,0.0253866168373853,0.9708912928961456,1.17,0.2116517503756931,3.3330443418293316,1.5619103763059845,-0.028209701341627,-0.0225832734976142,-0.0304929336857313,1,19.43000030517578,20.030000686645508,5.259571733747208,17.8,14.839999999999977,expiry_intrinsic,0.8900000000000001,1.9500000000000002,205.0500000000024,0.00683500000000008,fold_4,xgb,1.0
INVH,2024-12-31,2025-02-26,0.0,31.05,34.61,1.67,-8.78,0.18,0.4941,0.4941,1.0,0.4941,0.4941,0.6464,0.6547,0.0,0.0,0.0,1.0,680376740.0,2634400000.0,2550700000.0,14.0,4405.6,4533.6,-149.33,143.78,6.9,1.05,8.55,-28.57,25.0,-5.78,5.9,-0.95,-0.26,32.5,32.5,32.5,2025-03-21,0.7749999999999999,1.0499999999999998,1.8249999999999995,5.615384615384614,1.375,0.45,1.825,33.87,1.3699999999999974,0.27829,0.26853,0.27341,0.26365,3.5697304414615383,-0.0292649999999999,269.0,31.0,0.9736842105263158,24.0,0.0,1,5.615384615384614,2025-02-25,605.0,585.7431030273438,0.1417042857142857,0.1402034615384615,0.14658,-0.0015008241758241,0.0048757142857142,0,0.19048,0.1235842857142857,0.0668957142857143,0.0153278571428571,0.6341182940852961,0.2973044104609931,0.7729083665338645,0.1129318119225596,0.1163176688769004,0.0253866168373853,0.9708912928961456,1.17,0.2116517503756931,3.3330443418293316,1.5619103763059845,-0.028209701341627,-0.0225832734976142,-0.0304929336857313,1,19.43000030517578,20.030000686645508,5.259571733747208,1.8249999999999997,1.3699999999999974,expiry_intrinsic,0.09125,1.9500000000000002,34.425000000000225,0.010592307692307762,fold_4,xgb,0.7647058963775635
FE,2024-12-31,2025-02-26,0.0,40.88,42.62,5.31,1.01,0.6893,2.7,2.62,16.0,2.6647,2.6637,2.6737,2.6733,3.0,0.0,2.0,6.0,3296811750.0,14114445600.0,13384000000.0,10.0,2959.2,3116.0,-70.83,60.07,6.94,13.69,4.43,-3.41,51.79,27.19,9.16,5.03,0.4,43.0,39.0,43.0,2025-03-21,1.275,1.075,2.3499999999999996,5.4651162790697665,0.125,4.4,4.525,39.56,3.4399999999999977,0.21,0.30755,0.258775,0.22951,11.309052265481592,-0.0682899999999999,83.0,1971.0,0.013356418501113,24.0,9.302325581395356,0,-3.837209302325588,2025-02-25,605.0,585.7431030273438,0.1417042857142857,0.1402034615384615,0.14658,-0.0015008241758241,0.0048757142857142,0,0.19048,0.1235842857142857,0.0668957142857143,0.0153278571428571,0.6341182940852961,0.2973044104609931,0.7729083665338645,0.1129318119225596,0.1163176688769004,0.0253866168373853,0.9708912928961456,1.17,0.2116517503756931,3.3330443418293316,1.5619103763059845,-0.028209701341627,-0.0225832734976142,-0.0304929336857313,1,19.43000030517578,20.030000686645508,5.259571733747208,2.3499999999999996,3.4399999999999977,expiry_intrinsic,0.1175,1.9500000000000002,-122.6999999999998,-0.028534883720930188,fold_4,xgb,1.0
BLK,2025-03-31,2025-04-11,1.0,910.06,955.64,-3.44,-8.04,10.2139,11.09,9.26,13.0,10.805,10.9366,10.8411,10.9115,0.0,0.0,0.0,4.0,5312183150.0,5502000000.0,5236000000.0,8.0,61442.4,57185.76,2799.04,1103.88,14.27,292.67,13.03,23.5,4.1,21.17,20.7,1.37,1.97,855.0,892.5,855.0,2025-04-11,22.75,20.0,42.75,5.0,,,,878.78,23.779999999999973,1.15631,1.2246,1.190455,0.45877,61.462634034885824,-0.712175,5.0,24.0,0.8585138469975322,1.0,4.385964912280693,1,0.6140350877193068,2025-04-10,527.0,518.6345825195312,0.3486678571428571,0.3126647619047619,0.29292,-0.0360030952380952,-0.0557478571428571,1,0.4120828571428571,0.2852528571428571,0.12683,0.0,0.7208875907469238,0.759423149091299,0.9880478087649402,0.9966777074678173,0.5036539769370216,-0.1549861197941645,1.9788937506840032,1.38,0.5475378246430556,1.374270132339904,-0.2878010103561241,-0.0225826161993937,-0.0585324032233206,-0.1415692476977172,0,40.720001220703125,35.709999084472656,5.853215506417413,42.75,23.779999999999973,expiry_intrinsic,2.1375,1.9500000000000002,1681.3000000000027,0.019664327485380148,fold_5,xgb,0.8222222328186035
GS,2025-03-31,2025-04-14,1.0,541.41,571.53,-6.91,-11.82,12.2712,13.21,11.35,12.0,12.5909,12.8101,12.8965,12.3873,2.0,0.0,3.0,5.0,14711401650.0,15158000000.0,14322551040.0,11.0,114159.2,104418.88,6037.65,2580.31,17.0,302.4,17.57,100.18,30.6,33.31,71.31,-0.59,4.59,495.0,507.5,495.0,2025-04-17,17.375,17.95,35.325,7.136363636363637,16.025,2.575,18.6,509.49,14.490000000000007,0.68803,0.70754,0.697785,0.45877,34.25338750474716,-0.214625,113.0,158.0,0.5852626338063232,6.0,2.5252525252525304,1,4.611111111111106,2025-04-11,535.0,527.888427734375,0.3194014285714285,0.2926876190476191,0.2755788888888889,-0.0267138095238094,-0.0438225396825396,1,0.3897828571428571,0.2559842857142857,0.1337985714285713,0.0034821428571428,0.618949997760871,0.6715595346593042,0.9840637450199204,0.8671890603481768,0.5069613736342361,-0.1875599450628075,1.7105623928142475,1.19,-0.3255237105995058,1.102429712537707,-0.3076445454819014,0.0567208353360582,-0.0287872940141262,-0.1262525187767953,0,37.560001373291016,33.90999984741211,5.61985851614816,35.325,14.490000000000007,expiry_intrinsic,1.7662500000000003,1.9500000000000002,1904.9249999999995,0.03848333333333332,fold_5,xgb,0.8222222328186035
MTB,2025-03-31,2025-04-14,0.0,175.59,195.02,-9.73,-18.73,3.4042,3.53,3.3,11.0,3.43,3.431,3.4428,3.4194,2.0,0.0,4.0,4.0,2346709710.0,2375000000.0,2323689000.0,12.0,3943.2,2464.32,445.12,475.68,5.94,0.53,32.22,1.26,8.04,-0.58,0.22,-3.03,-1.52,160.0,160.0,160.0,2025-04-17,4.9,6.75,11.65,7.28125,2.375,1.675,4.05,160.23,0.2299999999999897,0.7173,0.70754,0.71242,0.4295,39.712529126077314,-0.2926700000000001,9.0,138.0,0.9557894736842104,6.0,0.0,1,7.28125,2025-04-11,535.0,527.888427734375,0.3194014285714285,0.2926876190476191,0.2755788888888889,-0.0267138095238094,-0.0438225396825396,1,0.3897828571428571,0.2559842857142857,0.1337985714285713,0.0034821428571428,0.618949997760871,0.6715595346593042,0.9840637450199204,0.8671890603481768,0.5069613736342361,-0.1875599450628075,1.7105623928142475,1.19,-0.3255237105995058,1.102429712537707,-0.3076445454819014,0.0567208353360582,-0.0287872940141262,-0.1262525187767953,0,37.560001373291016,33.90999984741211,5.61985851614816,11.65,0.2299999999999897,expiry_intrinsic,0.5825,1.9500000000000002,1081.800000000001,0.06761250000000006,fold_5,xgb,0.8222222328186035
ISRG,2025-03-31,2025-04-22,1.0,492.49,610.45,-2.79,-21.58,1.7335,1.87,1.58,24.0,1.7348,1.7451,1.7459,1.7798,0.0,0.0,2.0,3.0,2185830240.0,2250267500.0,2111947560.0,22.0,-65690.4,-67081.44,527.52,274.31,17.24,309.8,16.0,38.12,20.11,29.59,32.95,1.07,3.32,470.0,485.0,470.0,2025-04-25,18.3,19.75,38.05,8.095744680851064,19.549999999999997,1.825,21.374999999999996,514.59,44.59000000000003,0.97095,0.97095,0.97095,0.517305,46.72176734126371,-0.497545,17.0,45.0,1.744926631283172,4.0,3.1914893617021267,1,4.9042553191489375,2025-04-21,515.0,508.055908203125,0.3005857142857143,0.278285,0.26853,-0.0223007142857142,-0.0320557142857143,1,0.3396085714285714,0.2615585714285714,0.07805,-2.1428571428949716e-06,0.5534131790158779,0.6150710341500027,0.9800796812749004,0.2375204075038245,0.5081948090829292,-0.2076090947972149,0.4673806250253631,1.19,-0.6918386311625854,5.878730905128022,0.036582853219496,-0.0375695288801243,-0.0885322873996306,-0.1590788000065464,0,33.81999969482422,31.829999923706055,3.761428266252789,38.05,44.59000000000003,expiry_intrinsic,1.9024999999999999,1.9500000000000002,-846.2000000000035,-0.01800425531914901,fold_5,xgb,0.8222222328186035
DGX,2025-03-31,2025-04-22,1.0,167.11,151.51,3.43,14.08,2.1502,2.24,2.08,14.0,2.1551,2.2043,2.2147,2.199,0.0,0.0,0.0,9.0,2629718700.0,2682400000.0,2577000000.0,12.0,11498.4,11288.96,145.39,59.2,6.7,296.78,5.59,3.72,-3.04,50.08,6.66,-0.14,-0.01,160.0,175.0,160.0,2025-05-16,7.0,4.8,11.8,7.375000000000001,14.95,0.75,15.7,177.97,17.97,0.34658,0.34658,0.34658,0.2197549999999999,36.59328293611865,-0.0439049999999999,79.0,23.0,11.529166666666669,25.0,9.375,0,-1.9999999999999991,2025-04-21,515.0,508.055908203125,0.3005857142857143,0.278285,0.26853,-0.0223007142857142,-0.0320557142857143,1,0.3396085714285714,0.2615585714285714,0.07805,-2.1428571428949716e-06,0.5534131790158779,0.6150710341500027,0.9800796812749004,0.2375204075038245,0.5081948090829292,-0.2076090947972149,0.4673806250253631,1.19,-0.6918386311625854,5.878730905128022,0.036582853219496,-0.0375695288801243,-0.0885322873996306,-0.1590788000065464,0,33.81999969482422,31.829999923706055,3.761428266252789,11.8,17.97,expiry_intrinsic,0.5900000000000001,1.9500000000000002,-677.9499999999998,-0.04237187499999999,fold_5,xgb,0.8364402651786804
CB,2025-03-31,2025-04-22,1.0,291.43,268.32,-0.35,8.24,3.2282,3.56,2.59,17.0,3.2219,3.1804,3.2163,5.8839,2.0,0.0,4.0,6.0,11218000000.0,11411000000.0,10966000000.0,4.0,19914.4,17430.24,1372.83,399.74,12.31,271.81,12.88,8.66,5.61,13657.14,21.24,-71.2,1.5,280.0,285.0,280.0,2025-05-16,9.5,9.05,18.55,6.625,9.65,5.300000000000001,14.95,294.33,14.329999999999984,0.31731,0.31731,0.31731,0.239265,24.59582112130093,-0.0341449999999999,183.0,11.0,0.7577854671280276,25.0,1.7857142857142794,1,4.839285714285721,2025-04-21,515.0,508.055908203125,0.3005857142857143,0.278285,0.26853,-0.0223007142857142,-0.0320557142857143,1,0.3396085714285714,0.2615585714285714,0.07805,-2.1428571428949716e-06,0.5534131790158779,0.6150710341500027,0.9800796812749004,0.2375204075038245,0.5081948090829292,-0.2076090947972149,0.4673806250253631,1.19,-0.6918386311625854,5.878730905128022,0.036582853219496,-0.0375695288801243,-0.0885322873996306,-0.1590788000065464,0,33.81999969482422,31.829999923706055,3.761428266252789,18.55,14.329999999999984,expiry_intrinsic,0.9275000000000001,1.9500000000000002,327.30000000000166,0.011689285714285774,fold_5,xgb,0.8222222328186035
MCO,2025-03-31,2025-04-22,1.0,459.49,484.63,-6.45,-11.3,3.5388,3.65,3.34,20.0,3.5457,3.5928,3.6246,3.5713,1.0,0.0,0.0,11.0,1877437280.0,1921200000.0,1820300000.0,18.0,19923.97,18892.64,565.15,315.05,19.81,290.95,20.79,19.63,-18.38,32.56,33.77,1.26,4.38,410.0,430.0,410.0,2025-05-16,20.05,15.2,35.25,8.597560975609756,27.85,5.25,33.1,488.9,78.89999999999998,0.41487,0.40511,0.40999,0.32707,20.224883533744723,-0.053655,5.0,0.0,1.2920489296636086,25.0,4.878048780487809,1,3.719512195121947,2025-04-21,515.0,508.055908203125,0.3005857142857143,0.278285,0.26853,-0.0223007142857142,-0.0320557142857143,1,0.3396085714285714,0.2615585714285714,0.07805,-2.1428571428949716e-06,0.5534131790158779,0.6150710341500027,0.9800796812749004,0.2375204075038245,0.5081948090829292,-0.2076090947972149,0.4673806250253631,1.19,-0.6918386311625854,5.878730905128022,0.036582853219496,-0.0375695288801243,-0.0885322873996306,-0.1590788000065464,0,33.81999969482422,31.829999923706055,3.761428266252789,35.25,78.89999999999998,expiry_intrinsic,1.7625000000000002,1.9500000000000002,-4543.199999999998,-0.11080975609756093,fold_5,xgb,0.8666666746139526
PKG,2025-03-31,2025-04-22,1.0,194.41,239.8,-4.11,-22.26,2.214,2.25,2.18,5.0,2.22,2.222,2.222,2.408,0.0,0.0,0.0,1.0,2115191200.0,2200200000.0,1989105020.0,6.0,15623.2,15404.32,212.48,326.67,7.45,284.13,6.98,15.02,-7.55,2.92,2.44,-0.5,-0.64,180.0,185.0,180.0,2025-05-16,9.75,7.35,17.1,9.5,9.15,3.475,12.625,194.22,14.22,0.44414,0.45389,0.449015,0.322185,28.24627239624511,-0.0975599999999999,1.0,0.0,0.2941176470588235,25.0,2.777777777777768,1,6.722222222222232,2025-04-21,515.0,508.055908203125,0.3005857142857143,0.278285,0.26853,-0.0223007142857142,-0.0320557142857143,1,0.3396085714285714,0.2615585714285714,0.07805,-2.1428571428949716e-06,0.5534131790158779,0.6150710341500027,0.9800796812749004,0.2375204075038245,0.5081948090829292,-0.2076090947972149,0.4673806250253631,1.19,-0.6918386311625854,5.878730905128022,0.036582853219496,-0.0375695288801243,-0.0885322873996306,-0.1590788000065464,0,33.81999969482422,31.829999923706055,3.761428266252789,17.1,14.22,expiry_intrinsic,0.8550000000000001,1.9500000000000002,200.5500000000001,0.011141666666666671,fold_5,xgb,0.8666666746139526
NTRS,2025-03-31,2025-04-22,1.0,98.77,107.39,-9.53,-16.79,1.8425,1.93,1.75,12.0,1.84,1.8294,1.8231,1.7435,2.0,0.0,3.0,6.0,1948168580.0,1960100000.0,1924000000.0,6.0,7186.4,2239.2,850.67,3050.32,31.02,303.3,33.88,334.62,1.8,60.82,81.56,-3.46,4.66,85.0,90.0,85.0,2025-05-16,4.1,3.35,7.449999999999999,8.76470588235294,7.6,2.5,10.1,107.9,22.90000000000001,0.33682,0.48316,0.4099899999999999,0.395355,3.5695992585184895,-0.0097599999999999,164.0,17.0,1.0837155963302751,25.0,5.882352941176472,1,2.8823529411764683,2025-04-21,515.0,508.055908203125,0.3005857142857143,0.278285,0.26853,-0.0223007142857142,-0.0320557142857143,1,0.3396085714285714,0.2615585714285714,0.07805,-2.1428571428949716e-06,0.5534131790158779,0.6150710341500027,0.9800796812749004,0.2375204075038245,0.5081948090829292,-0.2076090947972149,0.4673806250253631,1.19,-0.6918386311625854,5.878730905128022,0.036582853219496,-0.0375695288801243,-0.0885322873996306,-0.1590788000065464,0,33.81999969482422,31.829999923706055,3.761428266252789,7.449999999999999,22.90000000000001,expiry_intrinsic,0.3725,1.9500000000000002,-1584.2000000000012,-0.18637647058823542,fold_5,xgb,0.8222222328186035
PNR,2025-03-31,2025-04-22,1.0,87.42,104.69,-1.35,-17.62,1.0115,1.0211,0.9667,16.0,1.0121,1.0116,1.0104,1.0997,1.0,0.0,3.0,0.0,988664770.0,1047700000.0,979314490.0,15.0,5856.8,5584.8,161.84,79.26,-0.53,310.99,-0.44,24.14,-0.92,24.74,8.74,2.15,1.68,80.0,87.5,80.0,2025-05-16,2.95,3.7,6.65,8.3125,8.8,0.4,9.2,101.08,21.08,0.40511,0.39536,0.400235,0.27341,31.68763351530976,-0.0390249999999999,1282.0,6.0,0.89272030651341,25.0,9.375,0,-1.0625,2025-04-21,515.0,508.055908203125,0.3005857142857143,0.278285,0.26853,-0.0223007142857142,-0.0320557142857143,1,0.3396085714285714,0.2615585714285714,0.07805,-2.1428571428949716e-06,0.5534131790158779,0.6150710341500027,0.9800796812749004,0.2375204075038245,0.5081948090829292,-0.2076090947972149,0.4673806250253631,1.19,-0.6918386311625854,5.878730905128022,0.036582853219496,-0.0375695288801243,-0.0885322873996306,-0.1590788000065464,0,33.81999969482422,31.829999923706055,3.761428266252789,6.65,21.08,expiry_intrinsic,0.3325,1.9500000000000002,-1478.1999999999998,-0.18477499999999997,fold_5,xgb,0.8222222328186035
STLD,2025-03-31,2025-04-22,1.0,122.67,122.89,-4.3,-4.47,1.3846,1.46,1.25,10.0,1.3818,1.4702,1.5147,1.8089,0.0,0.0,3.0,4.0,4177873080.0,4270000000.0,4084000000.0,7.0,46557.6,46071.2,229.76,36.06,-6.68,304.01,-6.44,-47.89,-33.66,-20.09,-38.34,-5.55,-5.69,115.0,125.0,115.0,2025-05-16,5.2,6.15,11.35,9.869565217391306,10.3,2.425,12.725,134.78,19.78,0.48316,0.46365,0.4734049999999999,0.41487,12.364677179159484,-0.0292699999999999,75.0,3.0,1.0063897763578276,25.0,8.695652173913038,1,1.1739130434782687,2025-04-21,515.0,508.055908203125,0.3005857142857143,0.278285,0.26853,-0.0223007142857142,-0.0320557142857143,1,0.3396085714285714,0.2615585714285714,0.07805,-2.1428571428949716e-06,0.5534131790158779,0.6150710341500027,0.9800796812749004,0.2375204075038245,0.5081948090829292,-0.2076090947972149,0.4673806250253631,1.19,-0.6918386311625854,5.878730905128022,0.036582853219496,-0.0375695288801243,-0.0885322873996306,-0.1590788000065464,0,33.81999969482422,31.829999923706055,3.761428266252789,11.350000000000001,19.78,expiry_intrinsic,0.5675000000000001,1.9500000000000002,-901.7,-0.07840869565217391,fold_5,xgb,0.8222222328186035
NOC,2025-03-31,2025-04-22,0.0,490.72,502.41,-5.43,-7.63,6.2631,6.53,6.05,18.0,6.3054,6.3414,6.3642,6.5997,0.0,0.0,2.0,9.0,9948173960.0,10404000000.0,9722255000.0,19.0,36663.2,34739.04,-1944.14,3982.21,4.44,310.49,5.06,1.91,-8.71,169.57,72.25,-79.62,4.19,535.0,475.0,535.0,2025-05-16,16.45,18.299999999999997,34.75,6.4953271028037385,0.55,62.1,62.65,473.17,61.829999999999984,0.31731,0.30755,0.31243,0.27829,10.927247703485582,-0.0341449999999999,78.0,17.0,1.0459770114942528,25.0,11.21495327102804,0,-4.7196261682243,2025-04-21,515.0,508.055908203125,0.3005857142857143,0.278285,0.26853,-0.0223007142857142,-0.0320557142857143,1,0.3396085714285714,0.2615585714285714,0.07805,-2.1428571428949716e-06,0.5534131790158779,0.6150710341500027,0.9800796812749004,0.2375204075038245,0.5081948090829292,-0.2076090947972149,0.4673806250253631,1.19,-0.6918386311625854,5.878730905128022,0.036582853219496,-0.0375695288801243,-0.0885322873996306,-0.1590788000065464,0,33.81999969482422,31.829999923706055,3.761428266252789,34.75,61.829999999999984,expiry_intrinsic,1.7375,1.9500000000000002,-2883.6999999999985,-0.05390093457943922,fold_5,xgb,0.8888888955116272
SYF,2025-03-31,2025-04-22,1.0,54.02,70.49,-10.11,-31.11,1.6465,1.84,1.308,16.0,1.6534,1.6336,1.6302,1.6541,2.0,0.0,5.0,5.0,3718589340.0,3851000000.0,3492000000.0,11.0,17765.6,17286.88,347.71,260.8,39.38,309.32,41.96,61.86,-1.55,134.6,117.31,8.77,11.81,47.5,50.0,47.0,2025-05-16,3.0,2.6500000000000004,5.65,11.894736842105264,4.1,1.45,5.55,60.8,13.799999999999995,0.57096,0.58072,0.57584,0.48316,16.094748541261467,-0.078045,106.0,95.0,0.4133768815677364,25.0,5.263157894736836,1,6.6315789473684275,2025-04-21,515.0,508.055908203125,0.3005857142857143,0.278285,0.26853,-0.0223007142857142,-0.0320557142857143,1,0.3396085714285714,0.2615585714285714,0.07805,-2.1428571428949716e-06,0.5534131790158779,0.6150710341500027,0.9800796812749004,0.2375204075038245,0.5081948090829292,-0.2076090947972149,0.4673806250253631,1.19,-0.6918386311625854,5.878730905128022,0.036582853219496,-0.0375695288801243,-0.0885322873996306,-0.1590788000065464,0,33.81999969482422,31.829999923706055,3.761428266252789,5.65,13.799999999999995,expiry_intrinsic,0.28250000000000003,1.9500000000000002,-845.1999999999996,-0.17793684210526306,fold_5,xgb,0.8666666746139526
RMD,2025-03-31,2025-04-23,1.0,222.91,248.88,-3.8,-13.84,2.3602,2.41,2.32,12.0,2.3602,2.3566,2.3593,2.3873,3.0,0.0,3.0,6.0,1284326270.0,1305900000.0,1258900000.0,18.0,-4114.08,-768.54,-1291.31,2015.92,10.26,0.0,9.7,-22.4,-60.08,21.98,51.67,2.96,8.88,210.0,240.0,210.0,2025-05-16,14.1,9.9,24.0,11.428571428571429,27.700000000000003,0.925,28.625000000000004,251.69,41.69,0.53194,0.56121,0.546575,0.273405,49.97850249279605,-0.107315,403.0,2.0,0.3064516129032258,24.0,14.28571428571428,0,-2.8571428571428505,2025-04-22,529.0,521.2743530273438,0.2699242857142857,0.253407,0.249015,-0.0165172857142857,-0.0209092857142857,1,0.3089442857142856,0.2309028571428571,0.0780414285714285,-7.14285714353835e-07,0.4466166760378364,0.5230193534552083,0.9721115537848606,0.3230123296922461,0.5186596281646245,-0.2487353424503388,0.6227828659718254,1.13,-1.0118517328217234,1.2256406035581848,-0.3086871195429971,-0.0220172562577638,-0.0651263277566405,-0.1371999667833626,0,30.56999969482422,29.450000762939453,3.5775711233956464,24.0,41.69,expiry_intrinsic,1.2000000000000002,1.9500000000000002,-1890.9499999999998,-0.09004523809523808,fold_5,xgb,0.8222222328186035
ODFL,2025-03-31,2025-04-23,1.0,170.05,191.54,-9.89,-20.0,1.1427,1.17,1.12,16.0,1.1502,1.1557,1.1589,1.1492,0.0,0.0,2.0,5.0,1368105600.0,1416300000.0,1350482000.0,15.0,-4628.0,-4817.44,102.62,50.94,-0.88,295.51,0.07,-58.16,-13.99,-3.56,-5.89,-0.53,-1.42,155.0,160.0,155.0,2025-05-16,7.45,10.45,17.9,11.548387096774192,9.25,4.1,13.35,171.28,16.28,0.55145,0.58072,0.566085,0.3856,31.88302110107139,-0.1756049999999999,45.0,42.0,0.8322981366459627,24.0,3.2258064516129004,1,8.322580645161292,2025-04-22,529.0,521.2743530273438,0.2699242857142857,0.253407,0.249015,-0.0165172857142857,-0.0209092857142857,1,0.3089442857142856,0.2309028571428571,0.0780414285714285,-7.14285714353835e-07,0.4466166760378364,0.5230193534552083,0.9721115537848606,0.3230123296922461,0.5186596281646245,-0.2487353424503388,0.6227828659718254,1.13,-1.0118517328217234,1.2256406035581848,-0.3086871195429971,-0.0220172562577638,-0.0651263277566405,-0.1371999667833626,0,30.56999969482422,29.450000762939453,3.5775711233956464,17.9,16.28,expiry_intrinsic,0.895,1.9500000000000002,70.54999999999974,0.00455161290322579,fold_5,xgb,0.8222222328186035
RJF,2025-03-31,2025-04-23,0.0,144.96,171.55,-6.64,-21.11,2.4373,2.67,2.2972,12.0,2.5023,2.5345,2.5124,2.4841,0.0,0.0,0.0,11.0,3422984820.0,3479500000.0,3383500000.0,9.0,-26855.2,-26698.08,-53.65,586.07,13.12,0.0,17.05,19.8,-17.41,13.23,-21.98,3.37,-8.46,135.0,135.0,135.0,2025-05-16,6.2,5.7,11.9,8.814814814814815,5.4,3.25,8.65,153.88,18.879999999999995,0.44414,0.41487,0.429505,0.31731,26.12193106017393,-0.068295,79.0,3.0,1.751937984496124,24.0,0.0,1,8.814814814814815,2025-04-22,529.0,521.2743530273438,0.2699242857142857,0.253407,0.249015,-0.0165172857142857,-0.0209092857142857,1,0.3089442857142856,0.2309028571428571,0.0780414285714285,-7.14285714353835e-07,0.4466166760378364,0.5230193534552083,0.9721115537848606,0.3230123296922461,0.5186596281646245,-0.2487353424503388,0.6227828659718254,1.13,-1.0118517328217234,1.2256406035581848,-0.3086871195429971,-0.0220172562577638,-0.0651263277566405,-0.1371999667833626,0,30.56999969482422,29.450000762939453,3.5775711233956464,11.9,18.879999999999995,expiry_intrinsic,0.5950000000000001,1.9500000000000002,-759.4499999999995,-0.05625555555555552,fold_5,xgb,0.8222222328186035
WAB,2025-03-31,2025-04-23,1.0,188.86,208.99,-3.65,-12.93,2.0261,2.11,1.9651,9.0,2.0255,2.035,2.035,2.0429,4.0,0.0,4.0,3.0,2608675620.0,2634900000.0,2587000000.0,8.0,11927.2,11686.72,396.99,406.05,7.34,290.05,8.1,9.09,-16.0,15.84,27.09,1.99,2.41,170.0,185.0,170.0,2025-05-16,8.149999999999999,6.05,14.2,8.352941176470589,17.5,1.675,19.175,205.69,35.69,0.39536,0.40511,0.400235,0.28804,28.032281034892,-0.0487799999999999,10.0,0.0,0.5686274509803921,24.0,8.823529411764696,0,-0.4705882352941071,2025-04-22,529.0,521.2743530273438,0.2699242857142857,0.253407,0.249015,-0.0165172857142857,-0.0209092857142857,1,0.3089442857142856,0.2309028571428571,0.0780414285714285,-7.14285714353835e-07,0.4466166760378364,0.5230193534552083,0.9721115537848606,0.3230123296922461,0.5186596281646245,-0.2487353424503388,0.6227828659718254,1.13,-1.0118517328217234,1.2256406035581848,-0.3086871195429971,-0.0220172562577638,-0.0651263277566405,-0.1371999667833626,0,30.56999969482422,29.450000762939453,3.5775711233956464,14.2,35.69,expiry_intrinsic,0.71,1.9500000000000002,-2221.95,-0.13070294117647058,fold_5,xgb,0.8222222328186035
TDY,2025-03-31,2025-04-23,1.0,507.7,515.08,-11.66,-12.92,4.9226,4.97,4.83,10.0,4.9144,4.9216,4.9216,5.0294,0.0,0.0,0.0,1.0,1439443650.0,1502000000.0,1408141060.0,7.0,44168.8,42845.92,504.96,305.03,0.61,292.8,-0.08,1.47,8.24,-3.47,-4.38,-0.35,-0.92,460.0,460.0,460.0,2025-05-16,19.5,15.7,35.2,7.652173913043479,14.5,14.75,29.25,499.17,39.170000000000016,0.3856,0.35633,0.370965,0.32219,13.1481406601701,-0.0243849999999999,0.0,2.0,0.441588785046729,24.0,0.0,1,7.652173913043479,2025-04-22,529.0,521.2743530273438,0.2699242857142857,0.253407,0.249015,-0.0165172857142857,-0.0209092857142857,1,0.3089442857142856,0.2309028571428571,0.0780414285714285,-7.14285714353835e-07,0.4466166760378364,0.5230193534552083,0.9721115537848606,0.3230123296922461,0.5186596281646245,-0.2487353424503388,0.6227828659718254,1.13,-1.0118517328217234,1.2256406035581848,-0.3086871195429971,-0.0220172562577638,-0.0651263277566405,-0.1371999667833626,0,30.56999969482422,29.450000762939453,3.5775711233956464,35.2,39.170000000000016,expiry_intrinsic,1.7600000000000002,1.9500000000000002,-574.9500000000013,-0.012498913043478289,fold_5,xgb,0.8666666746139526
TEL,2025-03-31,2025-04-23,0.0,148.98,156.98,-8.67,-13.33,1.9636,2.0,1.95,17.0,1.9641,1.9646,1.9646,1.9848,0.0,0.0,2.0,2.0,3972308800.0,4094000000.0,3949000000.0,17.0,9736.45,9518.77,-1711.11,2318.96,0.13,0.0,-1.28,38.78,16.57,-1.43,3.83,1.16,0.71,135.0,145.0,135.0,2025-05-16,4.675,5.65,10.325,7.648148148148147,9.75,1.1,10.85,163.99,28.99000000000001,0.3856,0.36609,0.375845,0.2148749999999999,42.82882571272732,-0.0487799999999999,24.0,1.0,0.8665105386416861,24.0,7.407407407407418,1,0.2407407407407289,2025-04-22,529.0,521.2743530273438,0.2699242857142857,0.253407,0.249015,-0.0165172857142857,-0.0209092857142857,1,0.3089442857142856,0.2309028571428571,0.0780414285714285,-7.14285714353835e-07,0.4466166760378364,0.5230193534552083,0.9721115537848606,0.3230123296922461,0.5186596281646245,-0.2487353424503388,0.6227828659718254,1.13,-1.0118517328217234,1.2256406035581848,-0.3086871195429971,-0.0220172562577638,-0.0651263277566405,-0.1371999667833626,0,30.56999969482422,29.450000762939453,3.5775711233956464,10.325,28.99000000000001,expiry_intrinsic,0.51625,1.9500000000000002,-1920.075000000001,-0.14222777777777784,fold_5,xgb,0.8222222328186035
URI,2025-03-31,2025-04-23,1.0,647.08,788.57,-8.94,-25.28,8.813,9.39,7.9538,18.0,8.9284,9.048,9.048,9.1983,0.0,0.0,1.0,7.0,3606902060.0,3703867000.0,3478000000.0,13.0,32836.0,34037.28,-603.79,889.01,7.07,284.39,6.65,2.93,-1.78,5.36,5.53,-0.32,-0.39,575.0,650.0,575.0,2025-04-25,16.9,18.9,35.8,6.226086956521739,73.65,1.57,75.22,633.6,58.60000000000002,0.81486,0.91242,0.86364,0.45389,47.44453707563336,-0.3755999999999999,0.0,0.0,1.6950819672131148,3.0,13.043478260869556,0,-6.817391304347817,2025-04-22,529.0,521.2743530273438,0.2699242857142857,0.253407,0.249015,-0.0165172857142857,-0.0209092857142857,1,0.3089442857142856,0.2309028571428571,0.0780414285714285,-7.14285714353835e-07,0.4466166760378364,0.5230193534552083,0.9721115537848606,0.3230123296922461,0.5186596281646245,-0.2487353424503388,0.6227828659718254,1.13,-1.0118517328217234,1.2256406035581848,-0.3086871195429971,-0.0220172562577638,-0.0651263277566405,-0.1371999667833626,0,30.56999969482422,29.450000762939453,3.5775711233956464,35.8,58.60000000000002,expiry_intrinsic,1.79,1.9500000000000002,-2460.950000000002,-0.042799130434782645,fold_5,xgb,0.8786166310310364
MOH,2025-03-31,2025-04-23,1.0,312.65,306.36,6.19,8.37,5.9576,6.1597,4.82,14.0,5.9746,6.0084,6.0001,6.5791,0.0,0.0,0.0,2.0,10813784340.0,11364839500.0,10370000000.0,11.0,18856.8,20693.6,-680.11,1411.32,19.31,293.13,19.81,15.3,-15.97,8.54,8.52,-1.07,-0.42,320.0,320.0,320.0,2025-05-16,18.049999999999997,16.35,34.4,10.75,10.85,14.8,25.65,325.34,5.339999999999975,0.52218,0.53194,0.52706,0.4099899999999999,22.211892384168788,-0.0877999999999999,42.0,0.0,1.8317757009345792,24.0,0.0,1,10.75,2025-04-22,529.0,521.2743530273438,0.2699242857142857,0.253407,0.249015,-0.0165172857142857,-0.0209092857142857,1,0.3089442857142856,0.2309028571428571,0.0780414285714285,-7.14285714353835e-07,0.4466166760378364,0.5230193534552083,0.9721115537848606,0.3230123296922461,0.5186596281646245,-0.2487353424503388,0.6227828659718254,1.13,-1.0118517328217234,1.2256406035581848,-0.3086871195429971,-0.0220172562577638,-0.0651263277566405,-0.1371999667833626,0,30.56999969482422,29.450000762939453,3.5775711233956464,34.4,5.339999999999975,expiry_intrinsic,1.72,1.9500000000000002,2732.0500000000025,0.08537656250000007,fold_5,xgb,0.8222222328186035
CME,2025-03-31,2025-04-23,0.0,262.94,233.38,-0.56,12.04,2.8087,2.86,2.7782,15.0,2.7918,2.623,2.598,2.5624,7.0,0.0,12.0,1.0,1661935160.0,1679145560.0,1649676900.0,11.0,5006.91,4728.77,86.95,80.27,9.88,286.9,10.46,6.33,-5.97,8.01,14.43,0.98,2.55,270.0,260.0,270.0,2025-05-16,4.15,8.2,12.35,4.574074074074074,2.425,8.4,10.825,276.29,6.2900000000000205,0.21,0.22951,0.2197549999999999,0.2148749999999999,2.2206548201406093,-0.0048799999999999,848.0,336.0,0.3300237427153032,24.0,3.703703703703709,1,0.8703703703703654,2025-04-22,529.0,521.2743530273438,0.2699242857142857,0.253407,0.249015,-0.0165172857142857,-0.0209092857142857,1,0.3089442857142856,0.2309028571428571,0.0780414285714285,-7.14285714353835e-07,0.4466166760378364,0.5230193534552083,0.9721115537848606,0.3230123296922461,0.5186596281646245,-0.2487353424503388,0.6227828659718254,1.13,-1.0118517328217234,1.2256406035581848,-0.3086871195429971,-0.0220172562577638,-0.0651263277566405,-0.1371999667833626,0,30.56999969482422,29.450000762939453,3.5775711233956464,12.35,6.2900000000000205,expiry_intrinsic,0.6175,1.9500000000000002,542.2999999999979,0.02008518518518511,fold_5,xgb,0.8888888955116272
CNP,2025-03-31,2025-04-24,0.0,35.23,32.36,7.58,17.12,0.5343,0.583,0.5,11.0,0.5269,0.547,0.5461,0.5578,0.0,0.0,1.0,3.0,2668446570.0,2770369810.0,2514675770.0,5.0,5080.46,5054.85,-16.43,63.37,-0.61,365.68,-1.22,25.0,29.03,9.47,13.07,3.61,2.78,37.0,38.0,37.0,2025-05-16,1.0,0.725,1.725,4.662162162162162,1.55,0.375,1.925,37.52,0.5200000000000031,0.20024,0.24902,0.22463,0.21975,2.1724613809375395,-0.014635,333.0,43.0,0.3908794788273615,23.0,2.7027027027026973,1,1.959459459459465,2025-04-23,537.0,529.3517456054688,0.253895,0.243165,0.239265,-0.0107299999999999,-0.0146299999999999,1,0.28804,0.21975,0.06829,0.0,0.3907852376711067,0.4748962633356564,0.9482071713147412,0.3532314397387412,0.5175151220240025,-0.2636201220240025,0.6825528853287465,1.29,-0.0884432855214151,4.115880749277401,-0.0986997085105785,-0.0040735508228689,-0.0673426656072123,-0.1238304723046184,0,28.450000762939453,28.020000457763672,3.060500762939455,1.725,0.5200000000000031,expiry_intrinsic,0.08625000000000001,1.9500000000000002,109.9249999999997,0.029709459459459377,fold_5,xgb,1.0
HAS,2025-03-31,2025-04-24,1.0,61.04,57.42,-1.1,5.14,0.674,0.8,0.54,12.0,0.6832,0.6899,0.6839,0.6889,0.0,0.0,0.0,2.0,770598810.0,794813000.0,753700000.0,10.0,10092.0,8191.04,992.53,434.07,-17.34,222.76,-17.76,21.05,-73.41,202.0,144.84,7.27,47.44,52.5,60.0,52.5,2025-05-16,3.075,3.1500000000000004,6.2250000000000005,11.857142857142858,8.85,0.15,9.0,67.21,14.709999999999994,0.55145,0.6295,0.590475,0.336825,42.95694144544645,-0.1121949999999999,731.0,151.0,0.5011135857461024,23.0,14.28571428571428,0,-2.4285714285714217,2025-04-23,537.0,529.3517456054688,0.253895,0.243165,0.239265,-0.0107299999999999,-0.0146299999999999,1,0.28804,0.21975,0.06829,0.0,0.3907852376711067,0.4748962633356564,0.9482071713147412,0.3532314397387412,0.5175151220240025,-0.2636201220240025,0.6825528853287465,1.29,-0.0884432855214151,4.115880749277401,-0.0986997085105785,-0.0040735508228689,-0.0673426656072123,-0.1238304723046184,0,28.450000762939453,28.020000457763672,3.060500762939455,6.2250000000000005,14.709999999999994,expiry_intrinsic,0.31125,1.9500000000000002,-881.5749999999992,-0.16791904761904747,fold_5,xgb,0.8222222328186035
CMS,2025-03-31,2025-04-24,0.0,72.04,65.82,2.92,12.64,1.0244,1.13,0.9033,12.0,1.0798,1.1108,1.0928,1.1127,0.0,0.0,2.0,2.0,2304784440.0,2372300000.0,2188000000.0,4.0,4693.6,4508.0,59.31,86.67,0.71,331.15,0.52,-17.14,3.57,10.59,20.4,4.35,3.24,75.0,70.0,75.0,2025-05-16,1.0,2.9,3.9,5.2,0.8,3.5250000000000004,4.325,71.47,3.530000000000001,0.21,0.2978,0.2539,0.107555,57.638834186687674,-0.05854,50.0,2.0,0.8888888888888888,23.0,6.666666666666665,0,-1.466666666666665,2025-04-23,537.0,529.3517456054688,0.253895,0.243165,0.239265,-0.0107299999999999,-0.0146299999999999,1,0.28804,0.21975,0.06829,0.0,0.3907852376711067,0.4748962633356564,0.9482071713147412,0.3532314397387412,0.5175151220240025,-0.2636201220240025,0.6825528853287465,1.29,-0.0884432855214151,4.115880749277401,-0.0986997085105785,-0.0040735508228689,-0.0673426656072123,-0.1238304723046184,0,28.450000762939453,28.020000457763672,3.060500762939455,3.9,3.530000000000001,expiry_intrinsic,0.195,1.9500000000000002,15.549999999999876,0.002073333333333317,fold_5,xgb,0.8222222328186035
HIG,2025-03-31,2025-04-24,1.0,121.46,111.49,-1.83,6.95,2.1475,2.71,1.94,16.0,2.2331,2.278,2.3105,2.8153,1.0,0.0,1.0,7.0,6965849060.0,6986000000.0,6938885000.0,3.0,18780.0,17781.76,310.53,359.06,8.44,292.97,8.58,-3.92,16.21,16.87,24.64,2.03,1.9,120.0,120.0,120.0,2025-05-16,3.25,4.7,7.95,6.625,2.25,3.2,5.45,131.12,11.120000000000005,0.2978,0.36609,0.331945,0.23926,27.921794273147672,-0.07317,45.0,26.0,0.348314606741573,23.0,0.0,1,6.625,2025-04-23,537.0,529.3517456054688,0.253895,0.243165,0.239265,-0.0107299999999999,-0.0146299999999999,1,0.28804,0.21975,0.06829,0.0,0.3907852376711067,0.4748962633356564,0.9482071713147412,0.3532314397387412,0.5175151220240025,-0.2636201220240025,0.6825528853287465,1.29,-0.0884432855214151,4.115880749277401,-0.0986997085105785,-0.0040735508228689,-0.0673426656072123,-0.1238304723046184,0,28.450000762939453,28.020000457763672,3.060500762939455,7.95,11.120000000000005,expiry_intrinsic,0.3975,1.9500000000000002,-358.70000000000044,-0.029891666666666705,fold_5,xgb,0.8222222328186035
XEL,2025-03-31,2025-04-24,0.0,67.93,66.61,3.47,5.52,0.9194,0.94,0.8927,12.0,0.9138,0.9074,0.9074,0.9011,0.0,0.0,2.0,0.0,3932432260.0,4000576360.0,3853400000.0,4.0,4029.6,4261.76,-158.83,85.32,-5.39,268.85,-4.84,-2.41,-35.2,7.6,-3.83,3.65,0.29,70.0,70.0,70.0,2025-05-16,2.5999999999999996,1.0750000000000002,3.675,5.25,0.975,1.825,2.8,72.38,2.3799999999999955,0.21975,0.25877,0.23926,0.20512,14.268996071219595,-0.01463,713.0,14.0,0.4361702127659574,23.0,0.0,1,5.25,2025-04-23,537.0,529.3517456054688,0.253895,0.243165,0.239265,-0.0107299999999999,-0.0146299999999999,1,0.28804,0.21975,0.06829,0.0,0.3907852376711067,0.4748962633356564,0.9482071713147412,0.3532314397387412,0.5175151220240025,-0.2636201220240025,0.6825528853287465,1.29,-0.0884432855214151,4.115880749277401,-0.0986997085105785,-0.0040735508228689,-0.0673426656072123,-0.1238304723046184,0,28.450000762939453,28.020000457763672,3.060500762939455,3.675,2.3799999999999955,expiry_intrinsic,0.18375,1.9500000000000002,109.17500000000042,0.015596428571428633,fold_5,xgb,0.8888888955116272
WTW,2025-03-31,2025-04-24,0.0,337.93,322.37,-9.14,-4.75,3.1886,3.48,3.04,16.0,3.2106,3.2519,3.3236,3.5354,2.0,0.0,2.0,6.0,2289921500.0,2454700000.0,2215000000.0,10.0,3562.4,2659.36,237.0,311.01,4.71,333.81,4.82,9.27,177.47,-39.71,-54.07,-36.27,-8.08,330.0,300.0,330.0,2025-05-16,8.2,11.5,19.7,5.969696969696969,0.85,27.7,28.55,311.93,18.069999999999993,0.2978,0.2978,0.2978,0.25877,13.106111484217598,-0.043905,9.0,0.0,64.4,23.0,9.090909090909092,0,-3.1212121212121247,2025-04-23,537.0,529.3517456054688,0.253895,0.243165,0.239265,-0.0107299999999999,-0.0146299999999999,1,0.28804,0.21975,0.06829,0.0,0.3907852376711067,0.4748962633356564,0.9482071713147412,0.3532314397387412,0.5175151220240025,-0.2636201220240025,0.6825528853287465,1.29,-0.0884432855214151,4.115880749277401,-0.0986997085105785,-0.0040735508228689,-0.0673426656072123,-0.1238304723046184,0,28.450000762939453,28.020000457763672,3.060500762939455,19.7,18.069999999999993,expiry_intrinsic,0.985,1.9500000000000002,62.55000000000061,0.0018954545454545639,fold_5,xgb,0.8222222328186035
AMP,2025-03-31,2025-04-24,0.0,510.57,563.58,-7.15,-15.88,9.0836,9.29,8.71,11.0,9.1218,9.0772,9.0469,9.1893,0.0,0.0,5.0,3.0,4409433170.0,4548000000.0,4321599000.0,6.0,17775.2,14456.8,-2435.84,5803.99,11.13,292.63,10.89,46.94,30.62,30.35,31.94,-0.04,3.9,470.0,470.0,470.0,2025-05-16,18.5,16.65,35.15,7.47872340425532,9.9,14.15,24.049999999999997,524.11,54.110000000000014,0.35633,0.3856,0.370965,0.263655,28.92725728842344,-0.0341399999999999,12.0,11.0,0.6470588235294118,23.0,0.0,1,7.47872340425532,2025-04-23,537.0,529.3517456054688,0.253895,0.243165,0.239265,-0.0107299999999999,-0.0146299999999999,1,0.28804,0.21975,0.06829,0.0,0.3907852376711067,0.4748962633356564,0.9482071713147412,0.3532314397387412,0.5175151220240025,-0.2636201220240025,0.6825528853287465,1.29,-0.0884432855214151,4.115880749277401,-0.0986997085105785,-0.0040735508228689,-0.0673426656072123,-0.1238304723046184,0,28.450000762939453,28.020000457763672,3.060500762939455,35.15,54.110000000000014,expiry_intrinsic,1.7575,1.9500000000000002,-2073.700000000001,-0.044121276595744705,fold_5,xgb,0.8666666746139526
POOL,2025-03-31,2025-04-24,0.0,325.63,353.74,-11.34,-18.39,1.4618,1.6666,1.27,9.0,1.4641,1.4413,1.4783,1.76,0.0,0.0,0.0,8.0,1099295600.0,1110000000.0,1082000000.0,12.0,30743.01,29991.98,82.43,407.08,-4.16,270.65,-4.42,-26.52,-70.34,-15.76,-17.39,-0.3,-1.86,310.0,290.0,310.0,2025-05-16,13.3,13.8,27.1,8.741935483870968,1.625,21.0,22.625,320.82,10.819999999999991,0.42462,0.44414,0.43438,0.258775,40.42658501772642,-0.0829249999999999,5.0,1.0,5.470588235294118,23.0,6.451612903225811,1,2.2903225806451566,2025-04-23,537.0,529.3517456054688,0.253895,0.243165,0.239265,-0.0107299999999999,-0.0146299999999999,1,0.28804,0.21975,0.06829,0.0,0.3907852376711067,0.4748962633356564,0.9482071713147412,0.3532314397387412,0.5175151220240025,-0.2636201220240025,0.6825528853287465,1.29,-0.0884432855214151,4.115880749277401,-0.0986997085105785,-0.0040735508228689,-0.0673426656072123,-0.1238304723046184,0,28.450000762939453,28.020000457763672,3.060500762939455,27.1,10.819999999999991,expiry_intrinsic,1.3550000000000002,1.9500000000000002,1490.5500000000006,0.04808225806451615,fold_5,xgb,0.8222222328186035
HCA,2025-03-31,2025-04-25,1.0,337.29,313.07,-2.78,4.74,5.7541,5.95,5.48,19.0,5.7559,5.7854,5.7845,5.8297,0.0,0.0,0.0,1.0,18259620300.0,18645000000.0,17968361000.0,17.0,23485.6,22816.8,607.48,932.62,8.67,303.75,9.13,5.42,27.46,9.24,9.56,0.12,0.12,340.0,335.0,340.0,2025-05-16,16.05,14.3,30.35,8.926470588235293,6.6,12.8,19.4,387.52,47.51999999999998,0.44414,0.46365,0.453895,0.331945,26.867447317110788,-0.08781,98.0,390.0,1.886727688787185,22.0,1.4705882352941124,1,7.455882352941181,2025-04-24,549.0,540.4940795898438,0.2288085714285714,0.21975,0.22463,-0.0090585714285714,-0.0041785714285714,1,0.2671357142857143,0.20024,0.0668957142857142,0.0048792857142856,0.3034069592130209,0.3995818367018711,0.9322709163346612,0.3179557961328091,0.5239796012144032,-0.2951710297858317,0.6068094929571641,1.26,-0.3762963140786237,1.4593775072163444,-0.3045748891354445,0.0400071545997193,-0.0499946414083001,-0.1053879648687589,0,26.469999313354492,26.440000534057617,3.5891421704973467,30.35,47.51999999999998,expiry_intrinsic,1.5175,1.9500000000000002,-1870.699999999998,-0.05502058823529406,fold_5,xgb,0.8222222328186035
BRO,2025-03-31,2025-04-28,0.0,122.93,105.02,-6.55,9.39,1.2968,1.5,1.157,12.0,1.2848,1.279,1.2782,1.2407,1.0,0.0,5.0,2.0,1409116950.0,1446500000.0,1371052000.0,7.0,4104.8,3692.0,131.41,110.23,10.52,296.71,10.91,48.28,-5.49,50.6,19.27,15.49,2.13,115.0,110.0,115.0,2025-05-16,2.825,3.425,6.25,5.434782608695652,0.3999999999999999,7.199999999999999,7.6,111.77,3.230000000000004,0.26853,0.2978,0.283165,0.25877,8.615118393869299,-0.014635,50.0,63.0,0.4791666666666667,21.0,4.347826086956519,1,1.0869565217391337,2025-04-25,552.0,544.3992309570312,0.21975,0.2129229999999999,0.2126226923076923,-0.006827,-0.0071273076923077,1,0.2559842857142857,0.18073,0.0752542857142857,-0.0013928571428571,0.2718551432793786,0.3723862113332976,0.9163346613545816,0.3132186538329339,0.5237853095418359,-0.3040353095418359,0.5979905280407953,1.13,-1.2048642414746715,1.4184534227263816,-0.310259894181944,0.0460287568172073,-0.0315693573112496,-0.0989242577829269,0,24.84000015258789,25.3700008392334,2.865000152587889,6.25,3.230000000000004,expiry_intrinsic,0.3125,1.9500000000000002,268.7999999999996,0.023373913043478228,fold_5,xgb,0.8222222328186035
CINF,2025-03-31,2025-04-28,1.0,145.55,139.42,-6.65,-2.55,-0.6101,-0.38,-0.93,8.0,-0.6101,-0.4604,-0.5067,1.5154,0.0,0.0,0.0,2.0,2705740000.0,2747000000.0,2664000000.0,5.0,24117.6,19448.16,2035.33,1853.72,13.22,241.48,20.79,37.72,121.13,33.61,27.9,-50.35,2.95,135.0,140.0,135.0,2025-05-16,4.15,5.0,9.15,6.777777777777779,5.75,1.575,7.325,150.86,15.860000000000014,0.35633,0.34658,0.3514549999999999,0.278285,20.819166038326376,-0.0195099999999999,747.0,0.0,0.25,21.0,3.703703703703698,1,3.0740740740740806,2025-04-25,552.0,544.3992309570312,0.21975,0.2129229999999999,0.2126226923076923,-0.006827,-0.0071273076923077,1,0.2559842857142857,0.18073,0.0752542857142857,-0.0013928571428571,0.2718551432793786,0.3723862113332976,0.9163346613545816,0.3132186538329339,0.5237853095418359,-0.3040353095418359,0.5979905280407953,1.13,-1.2048642414746715,1.4184534227263816,-0.310259894181944,0.0460287568172073,-0.0315693573112496,-0.0989242577829269,0,24.84000015258789,25.3700008392334,2.865000152587889,9.15,15.860000000000014,expiry_intrinsic,0.4575,1.9500000000000002,-718.7000000000013,-0.05323703703703713,fold_5,xgb,0.8888888955116272
SBAC,2025-03-31,2025-04-28,0.0,216.84,201.67,2.97,10.72,2.3167,2.45,2.15,3.0,2.3167,2.3167,2.44,2.4033,0.0,0.0,0.0,0.0,662324030.0,669000000.0,654898740.0,12.0,-2983.04,-2759.18,-1188.37,1867.1,-1.18,301.39,-1.74,130.69,-2.92,0.17,55.44,0.71,19.52,220.0,240.0,220.0,2025-05-16,7.9,5.550000000000001,13.45,6.113636363636364,19.85,1.025,20.875,233.08,13.080000000000013,0.30755,0.31731,0.31243,0.24414,21.85769612393176,-0.03902,29.0,2.0,1.1111111111111112,21.0,9.090909090909085,0,-2.977272727272718,2025-04-25,552.0,544.3992309570312,0.21975,0.2129229999999999,0.2126226923076923,-0.006827,-0.0071273076923077,1,0.2559842857142857,0.18073,0.0752542857142857,-0.0013928571428571,0.2718551432793786,0.3723862113332976,0.9163346613545816,0.3132186538329339,0.5237853095418359,-0.3040353095418359,0.5979905280407953,1.13,-1.2048642414746715,1.4184534227263816,-0.310259894181944,0.0460287568172073,-0.0315693573112496,-0.0989242577829269,0,24.84000015258789,25.3700008392334,2.865000152587889,13.450000000000001,13.080000000000013,expiry_intrinsic,0.6725000000000001,1.9500000000000002,-32.200000000001154,-0.001463636363636416,fold_5,xgb,0.8888888955116272
TER,2025-03-31,2025-04-28,1.0,82.78,121.94,-7.19,-37.0,0.6156,0.65,0.54,14.0,0.6148,0.6148,0.6157,0.6204,0.0,0.0,1.0,2.0,680543870.0,685140000.0,671557000.0,14.0,10050.4,9626.08,288.43,117.47,5.36,282.46,4.38,20.25,5.56,19.72,18.5,1.06,2.34,75.0,75.0,75.0,2025-05-16,6.300000000000001,3.45,9.75,13.0,3.1,3.0,6.1,82.73,7.730000000000004,0.69779,0.61974,0.658765,0.4734,28.138258711376597,-0.11707,260.0,52.0,0.4111801242236025,21.0,0.0,1,13.0,2025-04-25,552.0,544.3992309570312,0.21975,0.2129229999999999,0.2126226923076923,-0.006827,-0.0071273076923077,1,0.2559842857142857,0.18073,0.0752542857142857,-0.0013928571428571,0.2718551432793786,0.3723862113332976,0.9163346613545816,0.3132186538329339,0.5237853095418359,-0.3040353095418359,0.5979905280407953,1.13,-1.2048642414746715,1.4184534227263816,-0.310259894181944,0.0460287568172073,-0.0315693573112496,-0.0989242577829269,0,24.84000015258789,25.3700008392334,2.865000152587889,9.75,7.730000000000004,expiry_intrinsic,0.48750000000000004,1.9500000000000002,151.2999999999996,0.020173333333333283,fold_5,xgb,0.8222222328186035
WM,2025-03-31,2025-04-28,1.0,227.92,213.65,0.51,7.22,1.5871,1.75,1.2783,18.0,1.6094,1.6793,1.6883,1.8093,0.0,0.0,2.0,10.0,6104779110.0,6210102000.0,5976916000.0,17.0,4802.4,4924.8,47.96,199.01,8.01,293.35,7.29,-2.3,-13.27,12.83,8.53,0.92,0.09,230.0,230.0,230.0,2025-05-16,4.35,6.050000000000001,10.4,4.521739130434783,3.5,4.5,8.0,229.87,0.1299999999999954,0.21975,0.24902,0.234385,0.20512,12.485867269663164,-0.02439,439.0,133.0,0.796875,21.0,0.0,1,4.521739130434783,2025-04-25,552.0,544.3992309570312,0.21975,0.2129229999999999,0.2126226923076923,-0.006827,-0.0071273076923077,1,0.2559842857142857,0.18073,0.0752542857142857,-0.0013928571428571,0.2718551432793786,0.3723862113332976,0.9163346613545816,0.3132186538329339,0.5237853095418359,-0.3040353095418359,0.5979905280407953,1.13,-1.2048642414746715,1.4184534227263816,-0.310259894181944,0.0460287568172073,-0.0315693573112496,-0.0989242577829269,0,24.84000015258789,25.3700008392334,2.865000152587889,10.4,0.1299999999999954,expiry_intrinsic,0.52,1.9500000000000002,973.0500000000005,0.04230652173913046,fold_5,xgb,1.0
WELL,2025-03-31,2025-04-28,1.0,153.42,137.15,-2.85,8.68,0.0,0.0,0.0,0.0,0.0,0.0,0.0,0.0,0.0,0.0,0.0,0.0,2425315370.0,2462128000.0,2362418110.0,3.0,13378.4,12617.12,976.0,877.98,21.23,290.52,20.02,126.67,-53.42,15.71,21.82,-0.56,0.07,145.0,150.0,145.0,2025-05-16,5.6,3.3,8.899999999999999,6.137931034482758,7.75,1.225,8.975,148.72,3.719999999999999,0.30755,0.31731,0.31243,0.234385,24.979995518996247,-0.0341449999999999,493.0,78.0,0.4939172749391727,21.0,3.4482758620689724,1,2.6896551724137856,2025-04-25,552.0,544.3992309570312,0.21975,0.2129229999999999,0.2126226923076923,-0.006827,-0.0071273076923077,1,0.2559842857142857,0.18073,0.0752542857142857,-0.0013928571428571,0.2718551432793786,0.3723862113332976,0.9163346613545816,0.3132186538329339,0.5237853095418359,-0.3040353095418359,0.5979905280407953,1.13,-1.2048642414746715,1.4184534227263816,-0.310259894181944,0.0460287568172073,-0.0315693573112496,-0.0989242577829269,0,24.84000015258789,25.3700008392334,2.865000152587889,8.899999999999999,3.719999999999999,expiry_intrinsic,0.44499999999999995,1.9500000000000002,471.54999999999995,0.03252068965517241,fold_5,xgb,0.8222222328186035
RVTY,2025-03-31,2025-04-28,1.0,105.62,125.59,-10.0,-24.31,0.9493,0.97,0.93,18.0,0.9526,0.955,0.9547,1.0762,0.0,0.0,0.0,2.0,661664150.0,665000000.0,656850560.0,14.0,2474.4,1982.08,227.3,114.09,,302.75,,,10.94,,,,,95.0,95.0,95.0,2025-05-16,4.300000000000001,4.85,9.15,9.63157894736842,2.85,3.025,5.875,93.26,1.7399999999999949,0.50267,0.51243,0.50755,0.35633,29.79410895478278,-0.1170749999999999,15.0,29.0,1.852892561983471,21.0,0.0,1,9.63157894736842,2025-04-25,552.0,544.3992309570312,0.21975,0.2129229999999999,0.2126226923076923,-0.006827,-0.0071273076923077,1,0.2559842857142857,0.18073,0.0752542857142857,-0.0013928571428571,0.2718551432793786,0.3723862113332976,0.9163346613545816,0.3132186538329339,0.5237853095418359,-0.3040353095418359,0.5979905280407953,1.13,-1.2048642414746715,1.4184534227263816,-0.310259894181944,0.0460287568172073,-0.0315693573112496,-0.0989242577829269,0,24.84000015258789,25.3700008392334,2.865000152587889,9.15,1.7399999999999949,expiry_intrinsic,0.4575,1.9500000000000002,693.3000000000005,0.0729789473684211,fold_5,xgb,0.8222222328186035
EXR,2025-03-31,2025-04-29,1.0,145.46,153.02,-2.77,-7.57,1.0194,1.0501,0.96,6.0,1.0318,1.0461,1.0651,1.0761,0.0,0.0,0.0,1.0,707583200.0,717421000.0,700300000.0,5.0,13960.8,13795.68,243.97,682.84,27.64,290.5,32.13,21.57,36.26,26.07,13.09,-0.98,-5.1,140.0,145.0,140.0,2025-05-16,5.9,4.35,10.25,7.321428571428572,8.25,1.175,9.425,151.76,11.759999999999993,0.37584,0.43438,0.4051099999999999,0.258775,36.1222877736911,-0.0877999999999999,19.0,10.0,63.4,18.0,3.571428571428581,1,3.749999999999991,2025-04-28,551.0,544.6068115234375,0.22463,0.2163389999999999,0.2163765384615384,-0.008291,-0.0082534615384615,1,0.2615585714285714,0.18073,0.0808285714285714,-0.0034857142857142,0.2888526205273398,0.3870369377580014,0.9282868525896414,0.1620361072968415,0.5238084340701601,-0.2991784340701601,0.3093423029441676,1.13,-1.2319261118105729,0.9663638379186664,-0.3400728908996714,0.0719426793983846,-0.0286204548834291,-0.0985806757161125,0,25.149999618530273,25.729999542236328,2.6869996185302725,10.25,11.759999999999993,expiry_intrinsic,0.5125000000000001,1.9500000000000002,-204.19999999999928,-0.014585714285714235,fold_5,xgb,0.8222222328186035
ESS,2025-03-31,2025-04-29,1.0,306.0,276.62,-10.08,-0.53,1.4067,1.49,1.34,3.0,1.4067,1.4067,1.3867,1.4167,0.0,0.0,1.0,1.0,458425950.0,467389330.0,453861000.0,12.0,46639.2,49645.6,-1114.72,1538.28,6.29,293.71,6.08,-36.27,-51.49,36.49,20.32,-0.07,4.62,280.0,280.0,280.0,2025-05-16,5.95,7.65,13.6,4.857142857142858,5.550000000000001,6.25,11.8,288.71,8.70999999999998,0.27829,0.26853,0.27341,0.253895,7.137632127573975,-0.0146399999999999,334.0,0.0,,18.0,0.0,1,4.857142857142858,2025-04-28,551.0,544.6068115234375,0.22463,0.2163389999999999,0.2163765384615384,-0.008291,-0.0082534615384615,1,0.2615585714285714,0.18073,0.0808285714285714,-0.0034857142857142,0.2888526205273398,0.3870369377580014,0.9282868525896414,0.1620361072968415,0.5238084340701601,-0.2991784340701601,0.3093423029441676,1.13,-1.2319261118105729,0.9663638379186664,-0.3400728908996714,0.0719426793983846,-0.0286204548834291,-0.0985806757161125,0,25.149999618530273,25.729999542236328,2.6869996185302725,13.600000000000001,8.70999999999998,expiry_intrinsic,0.6800000000000002,1.9500000000000002,419.0500000000022,0.014966071428571507,fold_5,xgb,0.881950318813324
EQR,2025-03-31,2025-04-29,0.0,71.38,68.48,-2.59,1.53,0.28,0.35,0.2335,5.0,0.2949,0.2949,0.3009,0.3467,0.0,0.0,0.0,2.0,769444610.0,790647000.0,759281360.0,14.0,28124.0,28680.16,-292.27,361.51,3.69,298.22,3.45,-68.29,-31.58,58.41,57.15,-12.56,20.82,70.0,70.0,70.0,2025-05-16,1.3,1.625,2.925,4.178571428571428,1.425,1.35,2.7750000000000004,71.56,1.5600000000000025,0.24902,0.21975,0.234385,0.234385,0.0,0.0,103.0,2.0,4.6,18.0,0.0,1,4.178571428571428,2025-04-28,551.0,544.6068115234375,0.22463,0.2163389999999999,0.2163765384615384,-0.008291,-0.0082534615384615,1,0.2615585714285714,0.18073,0.0808285714285714,-0.0034857142857142,0.2888526205273398,0.3870369377580014,0.9282868525896414,0.1620361072968415,0.5238084340701601,-0.2991784340701601,0.3093423029441676,1.13,-1.2319261118105729,0.9663638379186664,-0.3400728908996714,0.0719426793983846,-0.0286204548834291,-0.0985806757161125,0,25.149999618530273,25.729999542236328,2.6869996185302725,2.925,1.5600000000000025,expiry_intrinsic,0.14625,1.9500000000000002,119.92499999999973,0.017132142857142818,fold_5,xgb,0.8754636645317078
BKNG,2025-03-31,2025-04-29,1.0,4634.24,4721.86,5.93,3.97,17.5668,22.07,13.21,23.0,17.4555,17.3763,17.241,21.4216,3.0,0.0,5.0,3.0,4590088930.0,4663790650.0,4526000000.0,30.0,158112.51,133802.53,14305.76,3097.2,11.11,196.96,10.7,29.84,-50.47,32.59,29.48,0.0,4.52,4935.0,5175.0,4930.0,2025-05-02,138.1,175.5,313.6,6.3546099290780145,172.0,13.3,185.3,5202.8,272.8000000000002,0.76608,0.75632,0.7612,0.35633,53.18838675775092,-0.40487,0.0,0.0,1.3427362482369534,4.0,4.863221884498481,1,1.4913880445795336,2025-04-28,551.0,544.6068115234375,0.22463,0.2163389999999999,0.2163765384615384,-0.008291,-0.0082534615384615,1,0.2615585714285714,0.18073,0.0808285714285714,-0.0034857142857142,0.2888526205273398,0.3870369377580014,0.9282868525896414,0.1620361072968415,0.5238084340701601,-0.2991784340701601,0.3093423029441676,1.13,-1.2319261118105729,0.9663638379186664,-0.3400728908996714,0.0719426793983846,-0.0286204548834291,-0.0985806757161125,0,25.149999618530273,25.729999542236328,2.6869996185302725,313.6,272.8000000000002,expiry_intrinsic,15.680000000000001,1.9500000000000002,2510.0499999999843,0.005086220871327223,fold_5,xgb,0.8222222328186035
AMT,2025-03-31,2025-04-29,0.0,215.56,183.63,2.68,20.53,1.5651,1.62,1.5,5.0,1.5643,1.5651,1.874,2.0471,1.0,0.0,1.0,0.0,2543662510.0,2587000000.0,2503000000.0,13.0,2836.0,-624.8,282.54,2936.36,1.15,301.51,1.72,1355.56,194.38,19.16,44.5,0.16,13.38,210.0,230.0,210.0,2025-05-16,6.85,5.0,11.85,5.642857142857142,16.9,1.225,18.125,213.38,3.3799999999999955,0.31731,0.31731,0.31731,0.234385,26.133749330307893,-0.0487799999999999,246.0,62.0,0.4548919949174079,18.0,9.523809523809534,0,-3.880952380952392,2025-04-28,551.0,544.6068115234375,0.22463,0.2163389999999999,0.2163765384615384,-0.008291,-0.0082534615384615,1,0.2615585714285714,0.18073,0.0808285714285714,-0.0034857142857142,0.2888526205273398,0.3870369377580014,0.9282868525896414,0.1620361072968415,0.5238084340701601,-0.2991784340701601,0.3093423029441676,1.13,-1.2319261118105729,0.9663638379186664,-0.3400728908996714,0.0719426793983846,-0.0286204548834291,-0.0985806757161125,0,25.149999618530273,25.729999542236328,2.6869996185302725,11.85,3.3799999999999955,expiry_intrinsic,0.5925,1.9500000000000002,785.8000000000003,0.037419047619047636,fold_5,xgb,0.8222222328186035
LH,2025-03-31,2025-04-29,1.0,230.02,246.22,4.52,-2.36,3.7348,3.89,3.5194,15.0,3.7518,3.7703,3.8046,3.8595,1.0,0.0,0.0,6.0,3398806650.0,3421000000.0,3335357640.0,13.0,42580.0,42220.96,167.91,141.83,6.97,296.37,6.57,4.55,-1.43,34.23,49.77,0.19,2.38,230.0,240.0,230.0,2025-05-16,6.7,6.75,13.45,5.8478260869565215,12.65,1.525,14.175,249.52,19.52000000000001,0.32707,0.33682,0.331945,0.26853,19.104068445073747,-0.053655,86.0,10.0,1.9733333333333336,18.0,4.347826086956519,1,1.5000000000000029,2025-04-28,551.0,544.6068115234375,0.22463,0.2163389999999999,0.2163765384615384,-0.008291,-0.0082534615384615,1,0.2615585714285714,0.18073,0.0808285714285714,-0.0034857142857142,0.2888526205273398,0.3870369377580014,0.9282868525896414,0.1620361072968415,0.5238084340701601,-0.2991784340701601,0.3093423029441676,1.13,-1.2319261118105729,0.9663638379186664,-0.3400728908996714,0.0719426793983846,-0.0286204548834291,-0.0985806757161125,0,25.149999618530273,25.729999542236328,2.6869996185302725,13.45,19.52000000000001,expiry_intrinsic,0.6725,1.9500000000000002,-676.2000000000012,-0.02940000000000005,fold_5,xgb,0.8945419192314148
HLT,2025-03-31,2025-04-29,0.0,225.71,253.93,0.31,-10.84,1.6072,1.65,1.53,18.0,1.6132,1.6264,1.6262,1.6644,2.0,0.0,2.0,9.0,2714416300.0,2780000000.0,2663000000.0,10.0,5709.6,5360.64,-218.79,517.64,9.17,289.75,9.54,4.76,-8.33,8.47,6.52,-1.22,-0.53,220.0,230.0,220.0,2025-05-16,8.7,6.65,15.35,6.9772727272727275,9.4,4.65,14.05,255.77,35.77000000000001,0.3856,0.39536,0.39048,0.297795,23.736170866625685,-0.06829,195.0,38.0,2.3490701001430616,18.0,4.545454545454541,1,2.431818181818186,2025-04-28,551.0,544.6068115234375,0.22463,0.2163389999999999,0.2163765384615384,-0.008291,-0.0082534615384615,1,0.2615585714285714,0.18073,0.0808285714285714,-0.0034857142857142,0.2888526205273398,0.3870369377580014,0.9282868525896414,0.1620361072968415,0.5238084340701601,-0.2991784340701601,0.3093423029441676,1.13,-1.2319261118105729,0.9663638379186664,-0.3400728908996714,0.0719426793983846,-0.0286204548834291,-0.0985806757161125,0,25.149999618530273,25.729999542236328,2.6869996185302725,15.35,35.77000000000001,expiry_intrinsic,0.7675000000000001,1.9500000000000002,-2120.7000000000007,-0.09639545454545458,fold_5,xgb,0.8222222328186035
ZBRA,2025-03-31,2025-04-29,1.0,280.79,399.59,-8.81,-35.92,3.6174,3.7,3.5,16.0,3.6168,3.6168,3.6168,3.5681,1.0,0.0,1.0,0.0,1291096560.0,1309000000.0,1269130000.0,16.0,21486.86,20274.37,695.58,408.82,8.66,296.89,5.75,133.92,14.61,23.13,54.26,2.13,4.41,240.0,250.0,240.0,2025-05-16,15.65,12.35,28.0,11.666666666666666,15.8,4.375,20.175,300.62,60.620000000000005,0.6295,0.66852,0.64901,0.419745,35.3253416742423,-0.14146,22.0,205.0,0.9785714285714284,18.0,4.166666666666674,1,7.499999999999992,2025-04-28,551.0,544.6068115234375,0.22463,0.2163389999999999,0.2163765384615384,-0.008291,-0.0082534615384615,1,0.2615585714285714,0.18073,0.0808285714285714,-0.0034857142857142,0.2888526205273398,0.3870369377580014,0.9282868525896414,0.1620361072968415,0.5238084340701601,-0.2991784340701601,0.3093423029441676,1.13,-1.2319261118105729,0.9663638379186664,-0.3400728908996714,0.0719426793983846,-0.0286204548834291,-0.0985806757161125,0,25.149999618530273,25.729999542236328,2.6869996185302725,28.0,60.620000000000005,expiry_intrinsic,1.4000000000000001,1.9500000000000002,-3403.9500000000003,-0.14183125000000002,fold_5,xgb,1.0
SPGI,2025-03-31,2025-04-29,1.0,502.51,517.22,-2.14,-4.92,4.2058,4.4,3.97,21.0,4.216,4.2372,4.2461,4.2044,4.0,0.0,3.0,10.0,3707548940.0,3779000000.0,3654000000.0,18.0,16288.9,14788.01,571.7,245.89,13.69,297.43,13.65,20.45,-3.08,68.61,38.81,-30.91,7.1,480.0,500.0,480.0,2025-05-02,10.7,10.85,21.55,4.489583333333334,21.85,,,506.62,26.620000000000005,0.54169,0.53194,0.536815,0.23926,55.429710421653645,-0.273165,110.0,7.0,1.7002967359050445,4.0,4.166666666666674,1,0.3229166666666598,2025-04-28,551.0,544.6068115234375,0.22463,0.2163389999999999,0.2163765384615384,-0.008291,-0.0082534615384615,1,0.2615585714285714,0.18073,0.0808285714285714,-0.0034857142857142,0.2888526205273398,0.3870369377580014,0.9282868525896414,0.1620361072968415,0.5238084340701601,-0.2991784340701601,0.3093423029441676,1.13,-1.2319261118105729,0.9663638379186664,-0.3400728908996714,0.0719426793983846,-0.0286204548834291,-0.0985806757161125,0,25.149999618530273,25.729999542236328,2.6869996185302725,21.549999999999997,26.620000000000005,expiry_intrinsic,1.0775,1.9500000000000002,-616.7000000000007,-0.012847916666666681,fold_5,xgb,0.8222222328186035
REGN,2025-03-31,2025-04-29,0.0,637.36,687.27,-10.74,-17.22,8.4766,10.73,6.11,20.0,8.7676,9.2434,9.5929,10.5366,0.0,0.0,2.0,12.0,3239249560.0,3593563000.0,2945000000.0,19.0,89808.8,85976.16,1040.41,1098.95,8.27,281.7,7.96,1.77,-3.13,31.4,-1.39,-7.13,-2.75,610.0,597.5,610.0,2025-05-02,16.9,16.5,33.4,5.475409836065573,1.4,13.15,14.55,605.61,4.389999999999986,0.63925,0.66852,0.653885,0.34658,46.99679607270392,-0.248775,16.0,35.0,1.1337513061650992,4.0,2.049180327868849,1,3.426229508196724,2025-04-28,551.0,544.6068115234375,0.22463,0.2163389999999999,0.2163765384615384,-0.008291,-0.0082534615384615,1,0.2615585714285714,0.18073,0.0808285714285714,-0.0034857142857142,0.2888526205273398,0.3870369377580014,0.9282868525896414,0.1620361072968415,0.5238084340701601,-0.2991784340701601,0.3093423029441676,1.13,-1.2319261118105729,0.9663638379186664,-0.3400728908996714,0.0719426793983846,-0.0286204548834291,-0.0985806757161125,0,25.149999618530273,25.729999542236328,2.6869996185302725,33.4,4.389999999999986,expiry_intrinsic,1.67,1.9500000000000002,2732.050000000001,0.04478770491803281,fold_5,xgb,0.8254063725471497
REG,2025-03-31,2025-04-29,1.0,72.87,71.33,-1.4,0.73,0.5665,0.61,0.53,6.0,0.5578,0.5575,0.5467,0.5072,0.0,0.0,0.0,0.0,365421540.0,370604000.0,351093000.0,7.0,8719.2,8409.44,119.68,153.76,9.74,302.21,10.7,-2.13,-14.81,11.93,10.43,0.01,0.4,70.0,75.0,70.0,2025-05-16,2.725,1.55,4.275,6.107142857142858,3.2750000000000004,0.875,4.15,73.82,3.819999999999993,0.24902,0.3856,0.31731,0.205115,35.358167092118116,0.0,12.0,0.0,0.0,18.0,7.14285714285714,0,-1.035714285714282,2025-04-28,551.0,544.6068115234375,0.22463,0.2163389999999999,0.2163765384615384,-0.008291,-0.0082534615384615,1,0.2615585714285714,0.18073,0.0808285714285714,-0.0034857142857142,0.2888526205273398,0.3870369377580014,0.9282868525896414,0.1620361072968415,0.5238084340701601,-0.2991784340701601,0.3093423029441676,1.13,-1.2319261118105729,0.9663638379186664,-0.3400728908996714,0.0719426793983846,-0.0286204548834291,-0.0985806757161125,0,25.149999618530273,25.729999542236328,2.6869996185302725,4.275,3.819999999999993,expiry_intrinsic,0.21375000000000002,1.9500000000000002,22.175000000000715,0.003167857142857245,fold_5,xgb,0.8222222328186035
PCAR,2025-03-31,2025-04-29,0.0,96.91,110.89,-6.83,-18.58,1.5944,1.6389,1.52,9.0,1.5962,1.6128,1.6423,1.7787,1.0,0.0,2.0,4.0,7091894730.0,7885178310.0,6796000000.0,10.0,-11487.2,-11457.12,-812.03,1053.18,-4.2,307.84,-2.93,-38.52,-10.27,17.44,-5.63,0.66,-0.23,93.8,90.0,95.0,2025-05-16,2.25,4.15,6.4,6.823027718550108,0.65,6.550000000000001,7.200000000000001,96.71,1.7099999999999935,0.41487,0.30755,0.36121,0.322185,10.803964452811393,-0.02439,179.0,31.0,1.6705882352941177,18.0,4.051172707889128,1,2.77185501066098,2025-04-28,551.0,544.6068115234375,0.22463,0.2163389999999999,0.2163765384615384,-0.008291,-0.0082534615384615,1,0.2615585714285714,0.18073,0.0808285714285714,-0.0034857142857142,0.2888526205273398,0.3870369377580014,0.9282868525896414,0.1620361072968415,0.5238084340701601,-0.2991784340701601,0.3093423029441676,1.13,-1.2319261118105729,0.9663638379186664,-0.3400728908996714,0.0719426793983846,-0.0286204548834291,-0.0985806757161125,0,25.149999618530273,25.729999542236328,2.6869996185302725,6.4,1.7099999999999935,expiry_intrinsic,0.32000000000000006,1.9500000000000002,435.05000000000064,0.04638059701492544,fold_5,xgb,0.8222222328186035
XYL,2025-03-31,2025-04-29,1.0,119.44,121.25,-0.69,-2.17,0.9538,0.9944,0.93,14.0,0.9538,0.9543,0.9543,1.0085,1.0,0.0,3.0,1.0,2042351430.0,2074000000.0,2020200000.0,14.0,5664.8,5491.2,126.61,86.4,16.27,307.13,17.9,19.19,6.31,51.16,54.75,0.61,2.93,115.0,120.0,115.0,2025-05-16,4.275,3.4,7.675000000000001,6.673913043478262,6.2,0.775,6.9750000000000005,128.03,13.03,0.35633,0.3856,0.370965,0.229505,38.132977504616335,-0.0438999999999999,51.0,5.0,0.2727272727272727,18.0,4.347826086956519,1,2.326086956521743,2025-04-28,551.0,544.6068115234375,0.22463,0.2163389999999999,0.2163765384615384,-0.008291,-0.0082534615384615,1,0.2615585714285714,0.18073,0.0808285714285714,-0.0034857142857142,0.2888526205273398,0.3870369377580014,0.9282868525896414,0.1620361072968415,0.5238084340701601,-0.2991784340701601,0.3093423029441676,1.13,-1.2319261118105729,0.9663638379186664,-0.3400728908996714,0.0719426793983846,-0.0286204548834291,-0.0985806757161125,0,25.149999618530273,25.729999542236328,2.6869996185302725,7.675000000000001,13.03,expiry_intrinsic,0.38375000000000004,1.9500000000000002,-575.8249999999999,-0.05007173913043478,fold_5,xgb,0.8222222328186035
GNRC,2025-03-31,2025-04-30,1.0,126.65,152.25,-9.69,-24.87,0.9663,1.19,0.7301,21.0,0.9728,0.9649,0.9704,1.5696,2.0,0.0,2.0,3.0,918824760.0,932600000.0,904000000.0,21.0,-3281764.0,-3282931.04,644.9,117.07,6.79,266.05,5.37,35.27,24.44,20.99,38.98,4.83,2.89,115.0,115.0,115.0,2025-05-16,5.2,6.85,12.05,10.478260869565217,2.875,5.050000000000001,7.925000000000001,129.44,14.439999999999998,0.60023,0.61974,0.609985,0.419745,31.187652155380864,-0.1268249999999999,221.0,112.0,1.360959651035987,17.0,0.0,1,10.478260869565217,2025-04-29,555.0,548.0375366210938,0.21,0.210971,0.209995,0.0009709999999999,-5.000000000005e-06,1,0.24902,0.1723642857142857,0.0766557142857142,0.0006921428571428,0.2378950196794562,0.3431147804642684,0.904382470119522,0.1280862745322614,0.5197689874151381,-0.3097689874151381,0.2464292361290099,1.12,-1.1727468271726054,0.9166719779852924,-0.3367301576114782,0.051341838397229,-0.0024115760092516,-0.0929022269088302,0,24.170000076293945,25.219999313354492,3.1700000762939453,12.05,14.439999999999998,expiry_intrinsic,0.6025,1.9500000000000002,-301.1999999999997,-0.02619130434782606,fold_5,xgb,0.8666666746139526
EG,2025-03-31,2025-04-30,0.0,363.33,352.09,-1.24,1.91,7.743,9.18,6.66,11.0,8.2392,8.0912,8.2935,17.083,2.0,0.0,4.0,6.0,3907000000.0,3978000000.0,3836000000.0,2.0,107960.8,97264.48,779.73,7416.94,18.06,301.69,16.33,-217.61,-218.31,-28.23,-28.23,-7.94,-6.2,360.0,340.0,360.0,2025-05-16,9.9,10.35,20.25,5.625,0.875,22.65,23.525,348.08,11.920000000000016,0.31731,0.33682,0.327065,0.278285,14.914466543347649,-0.039025,25.0,41.0,0.1077908217716115,17.0,5.555555555555558,1,0.0694444444444419,2025-04-29,555.0,548.0375366210938,0.21,0.210971,0.209995,0.0009709999999999,-5.000000000005e-06,1,0.24902,0.1723642857142857,0.0766557142857142,0.0006921428571428,0.2378950196794562,0.3431147804642684,0.904382470119522,0.1280862745322614,0.5197689874151381,-0.3097689874151381,0.2464292361290099,1.12,-1.1727468271726054,0.9166719779852924,-0.3367301576114782,0.051341838397229,-0.0024115760092516,-0.0929022269088302,0,24.170000076293945,25.219999313354492,3.1700000762939453,20.25,11.920000000000016,expiry_intrinsic,1.0125,1.9500000000000002,729.7999999999984,0.020272222222222178,fold_5,xgb,0.8222222328186035
CCI,2025-03-31,2025-04-30,0.0,104.23,89.03,1.47,18.79,-0.0115,0.51,-1.1608,4.0,-0.1854,0.6618,0.6618,0.6452,0.0,0.0,0.0,0.0,1040480770.0,1056797490.0,1031000000.0,11.0,-53822.24,-4611.42,-19915.2,23135.14,-5.92,297.58,-15.03,-1421.69,-1667.14,-130.25,-224.02,0.24,-78.66,105.0,105.0,105.0,2025-05-16,2.425,3.5999999999999996,6.0249999999999995,5.738095238095237,2.1500000000000004,1.475,3.625,102.32,2.680000000000007,0.32707,0.33682,0.331945,0.20024,39.67675367907335,-0.043905,2256.0,493.0,0.459366391184573,17.0,0.0,1,5.738095238095237,2025-04-29,555.0,548.0375366210938,0.21,0.210971,0.209995,0.0009709999999999,-5.000000000005e-06,1,0.24902,0.1723642857142857,0.0766557142857142,0.0006921428571428,0.2378950196794562,0.3431147804642684,0.904382470119522,0.1280862745322614,0.5197689874151381,-0.3097689874151381,0.2464292361290099,1.12,-1.1727468271726054,0.9166719779852924,-0.3367301576114782,0.051341838397229,-0.0024115760092516,-0.0929022269088302,0,24.170000076293945,25.219999313354492,3.1700000762939453,6.0249999999999995,2.680000000000007,expiry_intrinsic,0.30125,1.9500000000000002,302.4249999999993,0.02880238095238088,fold_5,xgb,0.8222222328186035
AWK,2025-03-31,2025-04-30,0.0,147.52,123.66,-0.35,18.88,1.066,1.14,0.95,7.0,1.087,1.1102,1.1255,0.85,0.0,0.0,2.0,1.0,1069341720.0,1112000000.0,999000000.0,4.0,3042.4,2846.56,60.59,306.19,10.63,254.04,9.83,32.61,-31.07,13.14,14.23,0.95,1.16,145.0,145.0,145.0,2025-05-16,3.175,2.475,5.65,3.896551724137931,3.45,2.175,5.625,142.56,2.4399999999999977,0.20024,0.23926,0.21975,0.22951,-4.441410693970417,-0.004875,123.0,3.0,0.5147058823529411,17.0,0.0,1,3.896551724137931,2025-04-29,555.0,548.0375366210938,0.21,0.210971,0.209995,0.0009709999999999,-5.000000000005e-06,1,0.24902,0.1723642857142857,0.0766557142857142,0.0006921428571428,0.2378950196794562,0.3431147804642684,0.904382470119522,0.1280862745322614,0.5197689874151381,-0.3097689874151381,0.2464292361290099,1.12,-1.1727468271726054,0.9166719779852924,-0.3367301576114782,0.051341838397229,-0.0024115760092516,-0.0929022269088302,0,24.170000076293945,25.219999313354492,3.1700000762939453,5.65,2.4399999999999977,expiry_intrinsic,0.28250000000000003,1.9500000000000002,290.80000000000024,0.02005517241379312,fold_5,xgb,0.8666666746139526
AVB,2025-03-31,2025-04-30,0.0,214.62,219.88,-2.16,-4.5,1.3574,1.3574,1.3574,1.0,1.3487,1.34,1.37,1.345,0.0,0.0,0.0,1.0,744007320.0,759163000.0,717720280.0,10.0,46472.8,39720.8,2340.16,1776.82,5.27,296.8,5.3,26.47,-12.96,9.92,3.33,-1.14,-0.59,210.0,210.0,210.0,2025-05-16,4.0,5.45,9.45,4.5,3.775,4.025,7.800000000000001,208.1,1.9000000000000057,0.28804,0.22951,0.258775,0.229505,11.310984445947238,-0.0097549999999999,34.0,0.0,2.5,17.0,0.0,1,4.5,2025-04-29,555.0,548.0375366210938,0.21,0.210971,0.209995,0.0009709999999999,-5.000000000005e-06,1,0.24902,0.1723642857142857,0.0766557142857142,0.0006921428571428,0.2378950196794562,0.3431147804642684,0.904382470119522,0.1280862745322614,0.5197689874151381,-0.3097689874151381,0.2464292361290099,1.12,-1.1727468271726054,0.9166719779852924,-0.3367301576114782,0.051341838397229,-0.0024115760092516,-0.0929022269088302,0,24.170000076293945,25.219999313354492,3.1700000762939453,9.45,1.9000000000000057,expiry_intrinsic,0.4725,1.9500000000000002,705.7999999999993,0.03360952380952378,fold_5,xgb,0.8222222328186035
ALL,2025-03-31,2025-04-30,1.0,207.07,193.83,-4.19,2.35,2.5336,4.4028,1.37,17.0,3.1712,3.5735,3.5946,4.0,0.0,0.0,1.0,13.0,16362123500.0,16483000000.0,16241247000.0,2.0,41938.4,34368.64,3505.54,498.0,12.24,281.82,12.42,31.79,96.16,813.74,1755.46,10.16,9.68,200.0,200.0,200.0,2025-05-16,5.3,6.75,12.05,6.025,2.25,4.8,7.05,209.06,9.060000000000002,0.33682,0.36609,0.351455,0.2148749999999999,38.86130514575124,-0.07805,487.0,38.0,0.4285714285714285,17.0,0.0,1,6.025,2025-04-29,555.0,548.0375366210938,0.21,0.210971,0.209995,0.0009709999999999,-5.000000000005e-06,1,0.24902,0.1723642857142857,0.0766557142857142,0.0006921428571428,0.2378950196794562,0.3431147804642684,0.904382470119522,0.1280862745322614,0.5197689874151381,-0.3097689874151381,0.2464292361290099,1.12,-1.1727468271726054,0.9166719779852924,-0.3367301576114782,0.051341838397229,-0.0024115760092516,-0.0929022269088302,0,24.170000076293945,25.219999313354492,3.1700000762939453,12.05,9.060000000000002,expiry_intrinsic,0.6025,1.9500000000000002,236.79999999999984,0.011839999999999993,fold_5,xgb,0.8222222328186035
PSA,2025-03-31,2025-04-30,1.0,299.29,298.05,0.38,0.8,2.395,2.46,2.33,8.0,2.3989,2.3931,2.4986,2.4932,0.0,0.0,0.0,4.0,1176418120.0,1190100000.0,1153191000.0,8.0,20258.4,21537.12,-588.93,761.85,3.94,295.33,4.3,13.57,16.2,4.91,-5.08,-1.38,-4.45,290.0,300.0,290.0,2025-05-16,10.45,6.55,17.0,5.862068965517241,13.35,2.9,16.25,309.15,19.149999999999977,0.33682,0.32707,0.331945,0.26365,20.574191507629287,-0.05366,61.0,3.0,0.3928571428571428,17.0,3.4482758620689724,1,2.4137931034482687,2025-04-29,555.0,548.0375366210938,0.21,0.210971,0.209995,0.0009709999999999,-5.000000000005e-06,1,0.24902,0.1723642857142857,0.0766557142857142,0.0006921428571428,0.2378950196794562,0.3431147804642684,0.904382470119522,0.1280862745322614,0.5197689874151381,-0.3097689874151381,0.2464292361290099,1.12,-1.1727468271726054,0.9166719779852924,-0.3367301576114782,0.051341838397229,-0.0024115760092516,-0.0929022269088302,0,24.170000076293945,25.219999313354492,3.1700000762939453,17.0,19.149999999999977,expiry_intrinsic,0.8500000000000001,1.9500000000000002,-301.9499999999977,-0.010412068965517163,fold_5,xgb,0.8222222328186035
PPL,2025-03-31,2025-04-30,1.0,36.11,33.47,1.08,9.05,0.5404,0.59,0.44,11.0,0.521,0.5143,0.5116,0.5075,2.0,0.0,1.0,1.0,2319020400.0,2387000000.0,2251040810.0,2.0,192.1,209.37,-12.29,90.58,1.8,309.58,0.82,-15.0,-19.05,9.78,6.75,0.69,0.95,37.0,36.0,37.0,2025-05-16,0.4,0.975,1.375,3.716216216216216,0.275,1.125,1.4,34.86,2.140000000000001,0.20024,0.21975,0.209995,0.239265,-13.93842710540728,-0.0146299999999999,10477.0,19.0,0.1355311355311355,17.0,2.7027027027026973,1,1.013513513513519,2025-04-29,555.0,548.0375366210938,0.21,0.210971,0.209995,0.0009709999999999,-5.000000000005e-06,1,0.24902,0.1723642857142857,0.0766557142857142,0.0006921428571428,0.2378950196794562,0.3431147804642684,0.904382470119522,0.1280862745322614,0.5197689874151381,-0.3097689874151381,0.2464292361290099,1.12,-1.1727468271726054,0.9166719779852924,-0.3367301576114782,0.051341838397229,-0.0024115760092516,-0.0929022269088302,0,24.170000076293945,25.219999313354492,3.1700000762939453,1.375,2.140000000000001,expiry_intrinsic,0.06875,1.9500000000000002,-85.3250000000001,-0.02306081081081084,fold_5,xgb,0.8222222328186035
KLAC,2025-03-31,2025-04-30,1.0,679.8,742.43,3.37,-5.35,8.0845,8.37,7.78,21.0,8.0693,8.0679,8.0679,7.4669,21.0,0.0,21.0,0.0,3009805760.0,3070000000.0,2953000000.0,20.0,-21484.67,-12776.2,-3001.45,4987.42,23.73,0.0,15.79,-62.59,-63.78,43.68,30.43,-0.42,2.07,690.0,680.0,690.0,2025-05-16,27.45,27.85,55.3,8.014492753623188,17.15,30.8,47.95,791.17,101.16999999999996,0.4734,0.46365,0.4685249999999999,0.419745,10.411397470785964,-0.0487799999999999,98.0,15.0,5.2827586206896555,17.0,1.449275362318836,1,6.565217391304351,2025-04-29,555.0,548.0375366210938,0.21,0.210971,0.209995,0.0009709999999999,-5.000000000005e-06,1,0.24902,0.1723642857142857,0.0766557142857142,0.0006921428571428,0.2378950196794562,0.3431147804642684,0.904382470119522,0.1280862745322614,0.5197689874151381,-0.3097689874151381,0.2464292361290099,1.12,-1.1727468271726054,0.9166719779852924,-0.3367301576114782,0.051341838397229,-0.0024115760092516,-0.0929022269088302,0,24.170000076293945,25.219999313354492,3.1700000762939453,55.3,101.16999999999996,expiry_intrinsic,2.765,1.9500000000000002,-4865.449999999996,-0.07051376811594197,fold_5,xgb,0.8222222328186035
PEG,2025-03-31,2025-04-30,0.0,82.3,83.83,-2.88,-4.65,1.4332,1.5,1.3489,13.0,1.4077,1.4208,1.3674,1.3635,3.0,0.0,3.0,3.0,3142557030.0,3460000000.0,2979900000.0,4.0,5308.91,5222.17,34.76,35.81,-8.43,289.48,-8.83,55.56,-6.67,-20.7,-36.15,-8.55,-9.92,82.5,80.0,82.5,2025-05-16,1.2,2.45,3.65,4.424242424242425,0.65,4.25,4.9,79.29,3.2099999999999937,0.21975,0.2978,0.258775,0.26853,-3.7696840884938703,-0.0243899999999999,311.0,1750.0,0.5817078456870395,17.0,3.0303030303030276,1,1.3939393939393971,2025-04-29,555.0,548.0375366210938,0.21,0.210971,0.209995,0.0009709999999999,-5.000000000005e-06,1,0.24902,0.1723642857142857,0.0766557142857142,0.0006921428571428,0.2378950196794562,0.3431147804642684,0.904382470119522,0.1280862745322614,0.5197689874151381,-0.3097689874151381,0.2464292361290099,1.12,-1.1727468271726054,0.9166719779852924,-0.3367301576114782,0.051341838397229,-0.0024115760092516,-0.0929022269088302,0,24.170000076293945,25.219999313354492,3.1700000762939453,3.6500000000000004,3.2099999999999937,expiry_intrinsic,0.18250000000000002,1.9500000000000002,23.80000000000066,0.002884848484848565,fold_5,xgb,0.8222222328186035
VICI,2025-03-31,2025-04-30,1.0,32.62,29.84,-1.84,7.31,0.685,0.69,0.68,2.0,0.685,0.69,0.68,0.68,1.0,0.0,1.0,0.0,977033370.0,989200000.0,918582260.0,13.0,-639.2,-744.32,39.68,59.53,6.57,299.02,6.84,-6.94,-4.29,5.65,5.98,0.05,-0.5,32.5,32.5,32.5,2025-05-16,0.5,0.725,1.225,3.769230769230769,0.15,1.075,1.225,32.1,0.3999999999999986,0.21,0.22951,0.2197549999999999,0.18073,17.75841277786625,-0.0097599999999999,15245.0,99.0,0.4182692307692308,17.0,0.0,1,3.769230769230769,2025-04-29,555.0,548.0375366210938,0.21,0.210971,0.209995,0.0009709999999999,-5.000000000005e-06,1,0.24902,0.1723642857142857,0.0766557142857142,0.0006921428571428,0.2378950196794562,0.3431147804642684,0.904382470119522,0.1280862745322614,0.5197689874151381,-0.3097689874151381,0.2464292361290099,1.12,-1.1727468271726054,0.9166719779852924,-0.3367301576114782,0.051341838397229,-0.0024115760092516,-0.0929022269088302,0,24.170000076293945,25.219999313354492,3.1700000762939453,1.225,0.3999999999999986,expiry_intrinsic,0.061250000000000006,1.9500000000000002,74.42500000000014,0.022900000000000042,fold_5,xgb,0.8222222328186035
APTV,2025-03-31,2025-05-01,1.0,59.15,62.42,-3.7,-8.75,1.5346,1.72,1.4,15.0,1.5135,1.5117,1.512,1.5305,1.0,0.0,4.0,2.0,4798790100.0,4901000000.0,4712000000.0,16.0,8244.0,7663.84,327.56,71.69,-1.69,306.12,-1.89,25.0,-4.37,121.42,32.26,0.74,2.68,57.5,60.0,57.5,2025-05-16,2.65,2.7,5.35,9.304347826086955,2.7249999999999996,0.75,3.4749999999999996,68.26,10.760000000000003,0.59047,0.53194,0.561205,0.317305,43.46005470371789,-0.1170649999999999,1345.0,33.0,0.7411971830985915,16.0,4.347826086956519,1,4.956521739130438,2025-04-30,557.0,548.2550048828125,0.2148749999999999,0.2153629999999999,0.21975,0.0004879999999999,0.004875,0,0.24902,0.19048,0.0585399999999999,0.004875,0.2548750814794174,0.357750495898783,0.9083665338645418,0.1326382010787808,0.5191876331074377,-0.3043126331074376,0.255472574115288,1.29,-0.1027111425436425,1.0859882632762927,-0.3238595640431784,0.0357102048576836,-0.0086702902593295,-0.0925422789805563,0,24.700000762939453,25.540000915527344,3.212500762939456,5.35,10.760000000000003,expiry_intrinsic,0.2675,1.9500000000000002,-569.7000000000004,-0.09907826086956528,fold_5,xgb,0.8222222328186035
AJG,2025-03-31,2025-05-01,0.0,343.86,301.82,-7.63,5.24,3.5799,3.65,3.5073,12.0,3.5776,3.5965,3.5577,3.741,3.0,0.0,8.0,5.0,3721833330.0,3748000000.0,3695500000.0,3.0,5928.8,5681.28,-835.63,1239.53,14.72,311.68,15.14,15.14,-5.75,42.24,22.75,0.07,1.29,320.0,330.0,320.0,2025-05-16,8.2,7.550000000000001,15.75,4.921875,14.45,2.525,16.974999999999998,342.24,22.24000000000001,0.27829,0.30755,0.2929199999999999,0.253895,13.322750238973091,-0.0146299999999999,39.0,8.0,2.44406779661017,16.0,3.125,1,1.796875,2025-04-30,557.0,548.2550048828125,0.2148749999999999,0.2153629999999999,0.21975,0.0004879999999999,0.004875,0,0.24902,0.19048,0.0585399999999999,0.004875,0.2548750814794174,0.357750495898783,0.9083665338645418,0.1326382010787808,0.5191876331074377,-0.3043126331074376,0.255472574115288,1.29,-0.1027111425436425,1.0859882632762927,-0.3238595640431784,0.0357102048576836,-0.0086702902593295,-0.0925422789805563,0,24.700000762939453,25.540000915527344,3.212500762939456,15.75,22.24000000000001,expiry_intrinsic,0.7875000000000001,1.9500000000000002,-729.700000000001,-0.022803125000000028,fold_5,xgb,0.8222222328186035
ABNB,2025-03-31,2025-05-01,1.0,121.18,131.17,2.34,-5.46,0.2331,0.34,0.13,28.0,0.2339,0.2322,0.2284,0.2464,2.0,0.0,4.0,0.0,2260013860.0,2286431590.0,2233200000.0,35.0,16664.8,16360.16,109.69,142.04,11.95,197.48,11.97,-3.95,-65.73,67.61,68.18,0.25,7.69,122.0,125.0,122.0,2025-05-02,4.775,5.5,10.275,8.422131147540984,3.19,0.01,3.1999999999999997,125.26,3.260000000000005,1.33192,1.51728,1.4246,0.36609,74.30226028358837,-0.936565,333.0,65.0,1.0355441553682667,2.0,2.4590163934426146,1,5.9631147540983696,2025-04-30,557.0,548.2550048828125,0.2148749999999999,0.2153629999999999,0.21975,0.0004879999999999,0.004875,0,0.24902,0.19048,0.0585399999999999,0.004875,0.2548750814794174,0.357750495898783,0.9083665338645418,0.1326382010787808,0.5191876331074377,-0.3043126331074376,0.255472574115288,1.29,-0.1027111425436425,1.0859882632762927,-0.3238595640431784,0.0357102048576836,-0.0086702902593295,-0.0925422789805563,0,24.700000762939453,25.540000915527344,3.212500762939456,10.275,3.260000000000005,expiry_intrinsic,0.51375,1.9500000000000002,648.1749999999995,0.0531290983606557,fold_5,xgb,0.8222222328186035
PH,2025-03-31,2025-05-01,1.0,609.86,707.05,0.04,-13.71,6.7207,6.8437,6.65,17.0,6.7195,6.7155,6.7092,6.937,3.0,0.0,3.0,2.0,4987915810.0,5048996840.0,4950000000.0,16.0,16584.99,16102.94,414.36,387.97,-1.63,0.0,-0.45,77.23,-5.82,21.84,3.18,0.65,0.95,600.0,620.0,600.0,2025-05-16,24.549999999999997,21.05,45.599999999999994,7.599999999999999,26.35,7.199999999999999,33.55,680.4,80.39999999999998,0.42462,0.4734,0.44901,0.2880399999999999,35.849981069463944,-0.08292,59.0,1.0,1.3319327731092436,16.0,3.3333333333333437,1,4.266666666666655,2025-04-30,557.0,548.2550048828125,0.2148749999999999,0.2153629999999999,0.21975,0.0004879999999999,0.004875,0,0.24902,0.19048,0.0585399999999999,0.004875,0.2548750814794174,0.357750495898783,0.9083665338645418,0.1326382010787808,0.5191876331074377,-0.3043126331074376,0.255472574115288,1.29,-0.1027111425436425,1.0859882632762927,-0.3238595640431784,0.0357102048576836,-0.0086702902593295,-0.0925422789805563,0,24.700000762939453,25.540000915527344,3.212500762939456,45.599999999999994,80.39999999999998,expiry_intrinsic,2.28,1.9500000000000002,-3709.949999999998,-0.061832499999999964,fold_5,xgb,0.8888888955116272
MTD,2025-03-31,2025-05-01,1.0,1156.38,1364.44,-8.63,-22.56,7.8929,8.03,7.8,12.0,7.8996,7.8896,7.8896,8.0048,0.0,0.0,2.0,2.0,875841560.0,888000000.0,865100000.0,10.0,33861.6,30632.8,1266.24,664.27,2.22,305.68,0.87,32.02,21.55,6.23,-2.16,-0.99,-1.3,1070.0,1100.0,1060.0,2025-05-16,52.4,41.25,93.65,8.752336448598133,57.5,14.5,72.0,1157.44,97.44000000000004,0.51243,0.53194,0.522185,0.336825,35.49699819029654,-0.1121949999999999,2.0,0.0,1.0,16.0,2.8037383177569986,1,5.948598130841134,2025-04-30,557.0,548.2550048828125,0.2148749999999999,0.2153629999999999,0.21975,0.0004879999999999,0.004875,0,0.24902,0.19048,0.0585399999999999,0.004875,0.2548750814794174,0.357750495898783,0.9083665338645418,0.1326382010787808,0.5191876331074377,-0.3043126331074376,0.255472574115288,1.29,-0.1027111425436425,1.0859882632762927,-0.3238595640431784,0.0357102048576836,-0.0086702902593295,-0.0925422789805563,0,24.700000762939453,25.540000915527344,3.212500762939456,93.65,97.44000000000004,expiry_intrinsic,4.6825,1.9500000000000002,-849.2000000000036,-0.007936448598130875,fold_5,xgb,0.9397726058959961
MRNA,2025-03-31,2025-05-01,1.0,27.16,39.42,-0.48,-31.43,-3.1774,-2.9075,-3.6,12.0,-3.1708,-3.1418,-3.1411,-2.925,0.0,0.0,1.0,2.0,115320070.0,183000000.0,68000000.0,13.0,3907.78,470.38,2339.02,2192.85,-53.29,72.45,-49.89,-629.09,-9800.0,-3.38,6.94,22.77,-61.42,28.5,27.5,28.5,2025-05-02,1.54,1.51,3.05,10.701754385964913,0.01,1.0,1.01,27.61,0.8900000000000006,1.8002,1.81971,1.809955,0.62462,65.48974974515941,-1.048755,651.0,2811.0,0.6788364499851588,2.0,3.508771929824561,1,7.192982456140351,2025-04-30,557.0,548.2550048828125,0.2148749999999999,0.2153629999999999,0.21975,0.0004879999999999,0.004875,0,0.24902,0.19048,0.0585399999999999,0.004875,0.2548750814794174,0.357750495898783,0.9083665338645418,0.1326382010787808,0.5191876331074377,-0.3043126331074376,0.255472574115288,1.29,-0.1027111425436425,1.0859882632762927,-0.3238595640431784,0.0357102048576836,-0.0086702902593295,-0.0925422789805563,0,24.700000762939453,25.540000915527344,3.212500762939456,3.05,0.8900000000000006,expiry_intrinsic,0.1525,1.9500000000000002,198.79999999999995,0.06975438596491226,fold_5,xgb,0.8222222328186035
MPWR,2025-03-31,2025-05-01,1.0,581.48,637.37,3.47,-5.61,4.0043,4.14,3.92,15.0,4.0043,4.016,3.9427,3.656,12.0,0.0,13.0,0.0,633427200.0,638508000.0,620000000.0,15.0,12583.2,11984.32,228.1,89.63,21.2,255.92,18.96,42.01,0.74,10.32,11.96,-0.75,-2.01,590.0,640.0,590.0,2025-05-16,39.25,36.35,75.6,12.813559322033896,56.35,8.25,64.6,715.4,125.39999999999998,0.75632,0.77583,0.7660750000000001,0.497795,35.02006983650426,-0.160965,53.0,80.0,0.5808080808080808,16.0,8.47457627118644,1,4.338983050847457,2025-04-30,557.0,548.2550048828125,0.2148749999999999,0.2153629999999999,0.21975,0.0004879999999999,0.004875,0,0.24902,0.19048,0.0585399999999999,0.004875,0.2548750814794174,0.357750495898783,0.9083665338645418,0.1326382010787808,0.5191876331074377,-0.3043126331074376,0.255472574115288,1.29,-0.1027111425436425,1.0859882632762927,-0.3238595640431784,0.0357102048576836,-0.0086702902593295,-0.0925422789805563,0,24.700000762939453,25.540000915527344,3.212500762939456,75.6,125.39999999999998,expiry_intrinsic,3.78,1.9500000000000002,-5359.949999999998,-0.09084661016949148,fold_5,xgb,0.831275999546051
ICE,2025-03-31,2025-05-01,1.0,171.49,159.83,-0.38,6.89,1.7032,1.7266,1.6881,15.0,1.7034,1.6679,1.656,1.6192,1.0,0.0,11.0,1.0,2465958980.0,2485000000.0,2444000000.0,10.0,4396.0,4284.16,42.43,37.07,18.76,287.77,19.56,14.29,-1.94,23.55,16.65,-1.69,-0.66,165.0,175.0,165.0,2025-05-16,5.0,2.625,7.625,4.621212121212121,9.3,0.65,9.95,176.25,11.25,0.21975,0.28804,0.253895,0.2148749999999999,15.368557868410171,-0.0097549999999999,790.0,29.0,0.2669934640522876,16.0,6.060606060606055,0,-1.439393939393934,2025-04-30,557.0,548.2550048828125,0.2148749999999999,0.2153629999999999,0.21975,0.0004879999999999,0.004875,0,0.24902,0.19048,0.0585399999999999,0.004875,0.2548750814794174,0.357750495898783,0.9083665338645418,0.1326382010787808,0.5191876331074377,-0.3043126331074376,0.255472574115288,1.29,-0.1027111425436425,1.0859882632762927,-0.3238595640431784,0.0357102048576836,-0.0086702902593295,-0.0925422789805563,0,24.700000762939453,25.540000915527344,3.212500762939456,7.625,11.25,expiry_intrinsic,0.38125000000000003,1.9500000000000002,-402.57499999999993,-0.024398484848484843,fold_5,xgb,1.0
HUBB,2025-03-31,2025-05-01,0.0,332.86,423.01,3.08,-18.89,3.7239,3.84,3.65,13.0,3.7281,3.7209,3.7194,3.8238,2.0,0.0,3.0,3.0,1393738670.0,1464000000.0,1367796700.0,10.0,17890.4,17370.72,-110.83,457.58,4.76,290.16,5.56,11.11,-8.69,24.33,5.11,-1.31,0.06,360.0,360.0,360.0,2025-05-16,14.8,12.25,27.05,7.513888888888889,9.05,10.2,19.25,392.22,32.22000000000003,0.42462,0.46365,0.444135,0.3417,23.063933263534736,-0.0536599999999999,386.0,1.0,1.411764705882353,16.0,0.0,1,7.513888888888889,2025-04-30,557.0,548.2550048828125,0.2148749999999999,0.2153629999999999,0.21975,0.0004879999999999,0.004875,0,0.24902,0.19048,0.0585399999999999,0.004875,0.2548750814794174,0.357750495898783,0.9083665338645418,0.1326382010787808,0.5191876331074377,-0.3043126331074376,0.255472574115288,1.29,-0.1027111425436425,1.0859882632762927,-0.3238595640431784,0.0357102048576836,-0.0086702902593295,-0.0925422789805563,0,24.700000762939453,25.540000915527344,3.212500762939456,27.05,32.22000000000003,expiry_intrinsic,1.3525,1.9500000000000002,-654.2000000000027,-0.018172222222222294,fold_5,xgb,0.8222222328186035
EXC,2025-03-31,2025-05-01,1.0,45.92,40.0,1.48,16.5,0.8473,0.89,0.68,12.0,0.7947,0.7156,0.7121,0.7005,4.0,0.0,6.0,0.0,6446232000.0,6567500000.0,6308196000.0,3.0,3672.91,3405.29,156.52,49.34,5.99,274.2,6.56,6.67,-9.86,3.0,7.36,-0.25,0.24,47.0,46.0,47.0,2025-05-16,0.95,1.075,2.025,4.308510638297872,0.4,1.15,1.5499999999999998,44.09,2.9099999999999966,0.23926,0.26853,0.253895,0.20024,21.13275172807656,-0.0536549999999999,2021.0,31.0,3.392857142857143,16.0,2.127659574468088,1,2.180851063829784,2025-04-30,557.0,548.2550048828125,0.2148749999999999,0.2153629999999999,0.21975,0.0004879999999999,0.004875,0,0.24902,0.19048,0.0585399999999999,0.004875,0.2548750814794174,0.357750495898783,0.9083665338645418,0.1326382010787808,0.5191876331074377,-0.3043126331074376,0.255472574115288,1.29,-0.1027111425436425,1.0859882632762927,-0.3238595640431784,0.0357102048576836,-0.0086702902593295,-0.0925422789805563,0,24.700000762939453,25.540000915527344,3.212500762939456,2.025,2.9099999999999966,expiry_intrinsic,0.10125,1.9500000000000002,-100.57499999999968,-0.0213989361702127,fold_5,xgb,0.8666666746139526
MSI,2025-03-31,2025-05-01,1.0,435.99,469.25,0.73,-6.41,3.0096,3.03,2.9951,11.0,3.0096,3.0096,3.0096,2.9401,0.0,0.0,0.0,1.0,2517417050.0,2530000000.0,2513000000.0,9.0,18223.2,16690.4,725.76,262.07,8.41,287.71,8.86,3.59,8.02,13.47,17.18,1.15,1.86,440.0,410.0,440.0,2025-05-16,12.95,11.7,24.65,5.6022727272727275,0.375,33.5,33.875,424.18,15.819999999999991,0.33682,0.33682,0.33682,0.2148749999999999,36.204797814856605,-0.07317,62.0,1.0,0.6444444444444445,16.0,6.818181818181824,0,-1.2159090909090962,2025-04-30,557.0,548.2550048828125,0.2148749999999999,0.2153629999999999,0.21975,0.0004879999999999,0.004875,0,0.24902,0.19048,0.0585399999999999,0.004875,0.2548750814794174,0.357750495898783,0.9083665338645418,0.1326382010787808,0.5191876331074377,-0.3043126331074376,0.255472574115288,1.29,-0.1027111425436425,1.0859882632762927,-0.3238595640431784,0.0357102048576836,-0.0086702902593295,-0.0925422789805563,0,24.700000762939453,25.540000915527344,3.212500762939456,24.65,15.819999999999991,expiry_intrinsic,1.2325,1.9500000000000002,757.8000000000006,0.01722272727272729,fold_5,xgb,0.8222222328186035
ED,2025-03-31,2025-05-01,1.0,110.06,93.74,2.27,20.08,2.1933,2.28,2.066,10.0,2.118,2.0503,2.025,2.0232,3.0,0.0,2.0,0.0,4452310220.0,4558925420.0,4291000000.0,4.0,4730.43,4520.0,153.82,71.81,4.16,272.83,3.88,-2.0,-41.67,-9.6,18.27,2.82,2.14,110.0,110.0,110.0,2025-05-16,3.425,1.075,4.5,4.090909090909091,1.5,1.9,3.4,104.29,5.709999999999994,0.16122,0.23926,0.20024,0.195365,2.4345785057930436,0.01951,3245.0,5.0,3.606635071090047,16.0,0.0,1,4.090909090909091,2025-04-30,557.0,548.2550048828125,0.2148749999999999,0.2153629999999999,0.21975,0.0004879999999999,0.004875,0,0.24902,0.19048,0.0585399999999999,0.004875,0.2548750814794174,0.357750495898783,0.9083665338645418,0.1326382010787808,0.5191876331074377,-0.3043126331074376,0.255472574115288,1.29,-0.1027111425436425,1.0859882632762927,-0.3238595640431784,0.0357102048576836,-0.0086702902593295,-0.0925422789805563,0,24.700000762939453,25.540000915527344,3.212500762939456,4.5,5.709999999999994,expiry_intrinsic,0.225,1.9500000000000002,-145.44999999999936,-0.013222727272727214,fold_5,xgb,0.8666666746139526
TSN,2025-03-31,2025-05-05,1.0,59.81,57.01,-6.24,-1.63,0.8197,0.8817,0.75,9.0,0.8197,0.8184,0.8362,0.7996,1.0,0.0,1.0,1.0,13137384660.0,13400935510.0,13007000000.0,8.0,25815.2,26188.64,-60.42,1030.38,2.28,0.0,1.44,-11.32,-58.77,48.04,151.08,1.86,2.53,60.0,55.0,60.0,2025-05-16,2.45,1.525,3.975,6.625,0.06,3.625,3.685,55.94,4.060000000000002,0.41487,0.40511,0.40999,0.22463,45.210858801434185,-0.131705,598.0,151.0,2.717079530638853,14.0,8.333333333333337,0,-1.7083333333333377,2025-05-02,568.0,560.3365478515625,0.19048,0.1910269444444444,0.20024,0.0005469444444444,0.0097599999999999,0,0.22951,0.16122,0.0682899999999999,0.004885,0.1699051106876117,0.2845118747654533,0.8725099601593626,0.0939864331718626,0.5218758149043541,-0.3313958149043541,0.1800934829468728,1.31,0.1618301286164293,2.4637020795254982,-0.2001298442202788,0.0292750540196651,0.0039679493278304,-0.0725452167537121,0,22.68000030517578,24.0,3.632000305175779,3.975,4.060000000000002,expiry_intrinsic,0.19875,1.9500000000000002,-30.325000000000216,-0.0050541666666667024,fold_5,xgb,0.8222222328186035
TDG,2025-03-31,2025-05-06,1.0,1237.85,1291.51,12.44,7.77,8.9493,9.3995,8.35,20.0,8.8901,8.8689,8.8379,8.9817,4.0,0.0,5.0,1.0,2167678420.0,2233000000.0,2106000000.0,19.0,70218.24,66786.67,1259.14,1182.59,12.35,0.0,15.44,68.07,16.99,26.54,21.71,1.75,3.76,1480.0,1385.0,1480.0,2025-05-16,35.35,40.55,75.9,5.128378378378379,3.275,96.75,100.025,1423.17,56.82999999999993,0.37584,0.36609,0.370965,0.27341,26.29762915638942,-0.0829249999999999,10.0,3.0,0.2692307692307692,11.0,6.418918918918914,0,-1.290540540540535,2025-05-05,564.0,557.1234130859375,0.2023314285714285,0.2013233333333333,0.206091,-0.0010080952380952,0.0037595714285714,0,0.2392599999999999,0.16122,0.0780399999999999,-0.0020914285714285,0.2111846982898029,0.3200922103683053,0.8884462151394422,0.1220363236406758,0.4890554948507348,-0.2867240662793063,0.2495347152329259,1.17,-0.7625485441324559,0.9551155971842396,-0.8170054631974638,0.022982822281431,0.0499533336692112,-0.0778635155850482,0,23.63999938964844,24.549999237060547,3.406856532505582,75.9,56.82999999999993,expiry_intrinsic,3.7950000000000004,1.9500000000000002,1525.550000000008,0.010307770270270324,fold_5,xgb,0.8222222328186035
IT,2025-03-31,2025-05-06,0.0,383.24,541.11,12.96,-19.99,2.7163,2.88,2.58,10.0,2.7163,2.7486,2.7546,2.9896,1.0,0.0,2.0,4.0,1534832130.0,1553141000.0,1515718000.0,8.0,53544.8,46687.84,2472.21,2874.87,6.1,322.25,5.79,68.09,104.4,16.98,-6.52,-0.06,-2.49,430.0,440.0,430.0,2025-05-16,15.8,17.700000000000003,33.5,7.790697674418605,14.3,5.65,19.950000000000003,448.29,18.29000000000002,0.57096,0.55145,0.561205,0.30755,45.19827870386044,-0.1999949999999999,14.0,19.0,0.3333333333333333,11.0,2.3255813953488413,1,5.465116279069764,2025-05-05,564.0,557.1234130859375,0.2023314285714285,0.2013233333333333,0.206091,-0.0010080952380952,0.0037595714285714,0,0.2392599999999999,0.16122,0.0780399999999999,-0.0020914285714285,0.2111846982898029,0.3200922103683053,0.8884462151394422,0.1220363236406758,0.4890554948507348,-0.2867240662793063,0.2495347152329259,1.17,-0.7625485441324559,0.9551155971842396,-0.8170054631974638,0.022982822281431,0.0499533336692112,-0.0778635155850482,0,23.63999938964844,24.549999237060547,3.406856532505582,33.5,18.29000000000002,expiry_intrinsic,1.675,1.9500000000000002,1351.549999999998,0.03143139534883716,fold_5,xgb,0.8222222328186035
AEP,2025-03-31,2025-05-06,1.0,104.48,99.39,2.83,8.1,1.4018,1.45,1.34,14.0,1.4018,1.4005,1.4209,1.4305,4.0,0.0,2.0,3.0,5182920060.0,5695000000.0,4614900000.0,5.0,2930.27,2815.35,190.57,171.16,2.76,262.89,3.09,0.81,-32.97,12.33,15.21,2.9,2.58,105.0,105.0,105.0,2025-05-16,3.15,2.0,5.15,4.904761904761905,2.625,0.8,3.425,103.04,1.9599999999999935,0.21,0.42462,0.31731,0.180725,43.04465664492137,-0.107315,1523.0,177.0,0.1047156726768377,11.0,0.0,1,4.904761904761905,2025-05-05,564.0,557.1234130859375,0.2023314285714285,0.2013233333333333,0.206091,-0.0010080952380952,0.0037595714285714,0,0.2392599999999999,0.16122,0.0780399999999999,-0.0020914285714285,0.2111846982898029,0.3200922103683053,0.8884462151394422,0.1220363236406758,0.4890554948507348,-0.2867240662793063,0.2495347152329259,1.17,-0.7625485441324559,0.9551155971842396,-0.8170054631974638,0.022982822281431,0.0499533336692112,-0.0778635155850482,0,23.63999938964844,24.549999237060547,3.406856532505582,5.15,1.9599999999999935,expiry_intrinsic,0.2575,1.9500000000000002,291.3000000000007,0.027742857142857208,fold_5,xgb,0.8222222328186035
NI,2025-03-31,2025-05-07,1.0,37.16,38.19,8.93,6.0,0.9012,0.93,0.838,10.0,0.9167,0.9201,0.9228,0.9066,1.0,0.0,1.0,4.0,2277372990.0,2781288690.0,1858000000.0,3.0,2553.44,2420.45,114.35,107.99,-0.91,406.84,-2.78,-7.55,145.0,15.55,12.35,6.47,3.15,40.0,40.0,40.0,2025-05-16,0.475,1.4,1.875,4.6875,0.325,0.65,0.975,39.08,0.9200000000000016,0.27829,0.41487,0.34658,0.20024,42.22401754284725,-0.107315,862.0,52.0,0.3934426229508196,10.0,0.0,1,4.6875,2025-05-06,559.0,552.4666748046875,0.21,0.209995,0.2125976666666666,-5.000000000005e-06,0.0025976666666666,0,0.24902,0.1723642857142857,0.0766557142857142,0.0006921428571428,0.2378950196794562,0.3431147804642684,0.896414342629482,0.1501210677372938,0.4353753315906758,-0.2253753315906758,0.3448083913914356,1.16,-0.7688286814230638,1.045607903726498,-0.6749617532230642,0.0080818153641473,0.1059212807534855,-0.0855712301894783,0,24.760000228881836,25.40999984741211,3.760000228881836,1.875,0.9200000000000016,expiry_intrinsic,0.09375,1.9500000000000002,84.17499999999984,0.021043749999999962,fold_5,xgb,0.8222222328186035
CPRT,2025-04-30,2025-05-22,1.0,60.41,56.59,0.41,7.19,0.4167,0.4305,0.41,6.0,0.4167,0.4167,0.4167,0.4202,0.0,0.0,0.0,3.0,1228817830.0,1269000000.0,1199990000.0,6.0,-21065.44,-21092.54,4.33,76.19,14.03,,12.25,21.21,33.33,13.04,12.19,0.08,-0.6,62.5,55.0,62.5,2025-06-20,1.475,2.575,4.050000000000001,6.480000000000001,0.1,9.1,9.2,47.97,14.53,0.28804,0.26853,0.278285,0.24414,12.269795353684176,-0.02927,2042.0,144.0,2.431761786600496,30.0,12.0,0,-5.519999999999999,2025-05-21,585.0,576.2540893554688,0.170975,0.17585,0.180725,0.004875,0.00975,0,0.21975,0.1417,0.07805,0.00975,0.141441158503967,0.2259540020372057,0.7928286852589641,0.1488927811079401,0.1660429890178854,0.0049320109821145,0.8967122429475297,1.09,-0.2427297135137092,1.4152428822971703,-0.2505792385182425,-0.0080498299794126,0.1054717846923134,-0.0201562669294708,1,20.8700008392334,22.65999984741211,3.7725008392333983,4.050000000000001,14.53,expiry_intrinsic,0.20250000000000004,1.9500000000000002,-1070.2,-0.171232,fold_5,xgb,0.8666666746139526
SNPS,2025-04-30,2025-05-28,1.0,443.97,454.71,4.16,1.7,3.3971,3.44,3.36,14.0,3.3971,3.3971,3.4,3.3671,1.0,0.0,9.0,4.0,1599702640.0,1606500000.0,1583712000.0,14.0,7668.67,6797.77,541.45,343.71,-3.83,,7.17,-14.89,-10.88,-32.96,-11.49,0.48,-1.97,510.0,450.0,510.0,2025-06-20,25.5,21.700000000000003,47.2,9.254901960784316,2.15,57.05,59.2,470.53,39.47000000000003,0.45389,0.44414,0.449015,0.370965,17.38249278977317,-0.07805,556.0,29.0,0.8855218855218855,24.0,11.764705882352944,0,-2.509803921568629,2025-05-27,595.0,584.4501342773438,0.1521571428571428,0.15934,0.166095,0.0071828571428571,0.0139378571428571,0,0.1988457142857143,0.13195,0.0668957142857142,0.0132407142857143,0.065807101304633,0.1694590682463946,0.6733067729083665,0.219227293224757,0.1655542031401606,-0.0133970602830177,1.3242025213890587,1.2,0.7258518207307627,1.0390095836864524,-0.3366779357515375,-0.0062199784050004,0.073568993199907,-0.0062199784050004,1,18.959999084472656,21.290000915527344,3.744284798758372,47.2,39.47000000000003,expiry_intrinsic,2.3600000000000003,1.9500000000000002,535.0499999999975,0.010491176470588186,fold_5,xgb,0.8222222328186035
ULTA,2025-04-30,2025-05-29,1.0,390.25,366.36,8.08,15.13,5.801,6.16,5.48,23.0,5.7769,5.767,5.767,6.1934,4.0,0.0,6.0,2.0,2791986940.0,2851102770.0,2758200000.0,24.0,21818.4,21238.96,1044.59,1034.58,,,2.03,51.07,77.82,,,,,417.5,470.0,417.5,2025-05-30,14.15,14.0,28.15,6.74251497005988,53.9,0.03,53.93,471.46,53.95999999999998,1.16607,1.11729,1.14168,0.307555,73.06119052624203,-0.7463200000000001,27.0,5.0,1.359560067681895,2.0,12.574850299401197,0,-5.8323353293413165,2025-05-28,590.0,581.06884765625,0.161215,0.1645934615384615,0.1748053571428571,0.0033784615384615,0.0135903571428571,0,0.20024,0.13195,0.0682899999999999,0.0048799999999999,0.1228162454256915,0.1966525491877982,0.7091633466135459,0.221381014073049,0.1683281164055086,-0.0071131164055086,1.315175496526879,0.95,-1.373722663091835,0.5873470512943576,-0.4366677548343357,-0.0086363166821615,0.0669511202601682,-0.011969408329393,1,19.309999465942383,21.670000076293945,3.1884994659423818,28.15,53.95999999999998,expiry_intrinsic,1.4075,1.9500000000000002,-2723.699999999998,-0.06523832335329337,fold_5,xgb,0.8222222328186035
FDS,2025-05-31,2025-06-23,0.0,462.8,439.4,-5.57,-0.54,4.295,4.57,4.13,17.0,4.2956,4.2956,4.2956,4.3596,0.0,0.0,2.0,15.0,580900330.0,583700000.0,571000000.0,14.0,2957.82,4035.6,-611.27,965.01,4.53,,4.58,1.42,22.64,2.95,1.95,-0.51,-0.83,410.0,440.0,410.0,2025-07-18,21.15,7.9,29.049999999999997,7.085365853658536,29.7,2.25,31.95,432.32,22.319999999999993,0.28804,0.2978,0.29292,0.190485,34.970299057763214,-0.034145,0.0,0.0,0.675025075225677,28.0,7.317073170731714,0,-0.2317073170731776,2025-06-20,600.0,589.2816772460938,0.1577342857142857,0.1674878571428571,0.17097,0.0097535714285714,0.0132357142857142,0,0.2002399999999999,0.1417,0.0585399999999999,0.0132357142857142,0.3323793287955899,0.1862027555889133,0.6733067729083665,0.1285251515610956,0.1305249100288668,0.0272093756854188,0.9846791047982416,1.02,-0.5250296369690394,0.8715631981887111,-0.6940501232887651,-0.0127752006216123,0.0053756218781135,-0.0127752006216123,1,20.6200008392334,22.479999542236328,4.846572267804827,29.049999999999997,22.319999999999993,expiry_intrinsic,1.4525,1.9500000000000002,525.8000000000004,0.012824390243902448,fold_5,xgb,0.8222222328186035
NXPI,2025-06-30,2025-07-21,1.0,209.0,174.66,9.22,30.69,2.6643,2.7127,2.6555,22.0,2.6647,2.6792,2.6705,2.677,0.0,0.0,12.0,10.0,2898025420.0,2930000000.0,2800000000.0,24.0,7406.69,7253.07,98.49,28.43,-9.31,-77.52,-5.66,-18.52,-16.98,-15.99,-15.54,-2.01,-1.88,230.0,230.0,230.0,2025-08-15,9.25,12.1,21.35,9.282608695652174,7.45,9.1,16.55,228.78,1.2199999999999989,0.43438,0.41487,0.424625,0.3514549999999999,17.231675007359453,-0.02927,331.0,356.0,0.9723653395784544,28.0,0.0,1,9.282608695652174,2025-07-18,630.0,622.301513671875,0.13195,0.1458828571428571,0.1508861764705882,0.0139328571428571,0.0189361764705882,0,0.1640057142857142,0.12219,0.0418157142857142,0.0111478571428571,0.0952721829954769,0.1087932236101431,0.3545816733067729,0.0629294736645928,0.0767719034969805,0.0551780965030195,0.8196940651219874,1.17,0.0767479022590774,0.9353493467391604,-0.3588839823528439,0.0063500269902057,0.0533952090184737,-0.0007324129021104,1,16.40999984741211,19.579999923706055,3.214999847412109,21.35,1.2199999999999989,expiry_intrinsic,1.0675000000000001,1.9500000000000002,1904.3000000000004,0.08279565217391306,fold_5,xgb,1.0
STLD,2025-06-30,2025-07-21,0.0,125.9,117.39,6.85,14.6,2.0775,2.18,2.02,4.0,2.642,2.725,2.74,2.5457,0.0,0.0,0.0,3.0,4761716210.0,4972246010.0,4563000000.0,6.0,46734.88,46293.73,36.43,241.93,-6.92,-75.09,-6.86,-60.76,5.88,-52.24,-63.36,-9.75,-9.7,130.0,130.0,130.0,2025-08-15,6.050000000000001,3.95,10.0,7.6923076923076925,5.7,3.2,8.9,126.42,3.5799999999999983,0.34658,0.33682,0.3417,0.32219,5.709686859818562,-0.0146299999999999,148.0,9.0,0.547683923705722,28.0,0.0,1,7.6923076923076925,2025-07-18,630.0,622.301513671875,0.13195,0.1458828571428571,0.1508861764705882,0.0139328571428571,0.0189361764705882,0,0.1640057142857142,0.12219,0.0418157142857142,0.0111478571428571,0.0952721829954769,0.1087932236101431,0.3545816733067729,0.0629294736645928,0.0767719034969805,0.0551780965030195,0.8196940651219874,1.17,0.0767479022590774,0.9353493467391604,-0.3588839823528439,0.0063500269902057,0.0533952090184737,-0.0007324129021104,1,16.40999984741211,19.579999923706055,3.214999847412109,10.0,3.5799999999999983,expiry_intrinsic,0.5,1.9500000000000002,590.0500000000002,0.04538846153846155,fold_5,xgb,0.8888888955116272
ARE,2025-06-30,2025-07-21,0.0,71.37,76.26,9.67,2.64,0.6318,0.6318,0.6318,1.0,0.6318,0.6318,0.6318,0.6318,0.0,0.0,0.0,0.0,748020030.0,763595000.0,732146180.0,6.0,-1264.32,-133.87,-729.12,354.69,-1.64,-75.63,6.27,-42.7,-26.09,-21.18,-28.91,-1.57,-7.44,77.5,80.0,77.5,2025-08-15,3.0,2.175,5.175,6.67741935483871,4.699999999999999,1.075,5.7749999999999995,76.09,1.4099999999999966,0.28804,0.30755,0.297795,0.2978,-0.0016790073708347,0.0195149999999999,244.0,8.0,0.580715059588299,28.0,3.2258064516129004,1,3.4516129032258096,2025-07-18,630.0,622.301513671875,0.13195,0.1458828571428571,0.1508861764705882,0.0139328571428571,0.0189361764705882,0,0.1640057142857142,0.12219,0.0418157142857142,0.0111478571428571,0.0952721829954769,0.1087932236101431,0.3545816733067729,0.0629294736645928,0.0767719034969805,0.0551780965030195,0.8196940651219874,1.17,0.0767479022590774,0.9353493467391604,-0.3588839823528439,0.0063500269902057,0.0533952090184737,-0.0007324129021104,1,16.40999984741211,19.579999923706055,3.214999847412109,5.175,1.4099999999999966,expiry_intrinsic,0.25875,1.9500000000000002,348.67500000000035,0.044990322580645205,fold_5,xgb,0.8222222328186035
BKR,2025-06-30,2025-07-22,1.0,39.0,35.89,2.62,11.51,0.5542,0.59,0.52,19.0,0.5544,0.5527,0.5553,0.5945,2.0,0.0,4.0,2.0,6630858880.0,6723106240.0,6448000000.0,20.0,860.32,866.43,53.9,164.21,0.14,-76.91,7.63,-6.98,-42.86,-7.05,13.94,3.04,1.42,40.0,45.0,40.0,2025-08-15,1.3,1.5,2.8,6.999999999999999,4.800000000000001,0.175,4.9750000000000005,42.8,2.799999999999997,0.31731,0.35633,0.33682,0.278285,17.37871860340835,-0.0341449999999999,1372.0,260.0,0.1526156506701254,25.0,12.5,0,-5.500000000000001,2025-07-21,631.0,623.4815063476562,0.1354321428571428,0.1417,0.1472771428571428,0.0062678571428571,0.0118449999999999,0,0.16122,0.12219,0.03903,0.0062728571428571,0.1745843230403796,0.1192473060633678,0.3784860557768924,0.0629218260559761,0.0762147302928479,0.0592174125642948,0.8255861539390728,1.46,2.228652776285186,1.893752953125981,-0.1801015500765151,0.0063379328457915,0.0555517437425587,0.0,1,16.649999618530273,19.510000228881836,3.1067853328159867,2.8,2.799999999999997,expiry_intrinsic,0.13999999999999999,1.9500000000000002,-15.949999999999733,-0.003987499999999933,fold_5,xgb,0.8222222328186035
CB,2025-06-30,2025-07-22,1.0,283.82,284.49,-1.79,-2.02,5.9662,6.21,5.54,16.0,5.9768,5.9803,6.001,6.004,0.0,0.0,4.0,10.0,12532200000.0,12657000000.0,12381000000.0,5.0,21143.3,18498.41,992.81,416.88,4.46,-75.99,11.29,-31.98,-38.87,-33.66,-8.67,-7.64,-1.78,275.0,270.0,275.0,2025-08-15,6.1,5.949999999999999,12.05,4.381818181818181,3.2249999999999996,7.1,10.325,274.21,0.7900000000000205,0.21975,0.20024,0.209995,0.17585,16.25991095026071,-0.0097549999999999,459.0,39.0,0.5180972078593589,25.0,1.8181818181818188,1,2.563636363636362,2025-07-21,631.0,623.4815063476562,0.1354321428571428,0.1417,0.1472771428571428,0.0062678571428571,0.0118449999999999,0,0.16122,0.12219,0.03903,0.0062728571428571,0.1745843230403796,0.1192473060633678,0.3784860557768924,0.0629218260559761,0.0762147302928479,0.0592174125642948,0.8255861539390728,1.46,2.228652776285186,1.893752953125981,-0.1801015500765151,0.0063379328457915,0.0555517437425587,0.0,1,16.649999618530273,19.510000228881836,3.1067853328159867,12.049999999999999,0.7900000000000205,expiry_intrinsic,0.6025,1.9500000000000002,1063.7999999999977,0.03868363636363628,fold_5,xgb,0.8222222328186035
NTRS,2025-06-30,2025-07-23,1.0,120.81,92.4,2.83,34.45,2.0126,2.0799,1.9,11.0,2.0128,2.0065,2.0021,2.0395,1.0,0.0,2.0,2.0,1958378860.0,1973000000.0,1944000000.0,7.0,7370.4,6008.0,463.89,520.5,-1.45,-77.87,28.16,97.92,-15.93,54.5,79.42,8.76,6.69,125.0,130.0,125.0,2025-08-15,5.0,2.825,7.825,6.260000000000001,5.55,1.65,7.199999999999999,126.02,1.019999999999996,0.30755,0.28804,0.297795,0.22951,22.930203663594096,-0.004875,750.0,50.0,2.655,24.0,4.0000000000000036,1,2.259999999999997,2025-07-22,631.0,623.5707397460938,0.13195,0.1461368181818181,0.1476257142857142,0.0141868181818181,0.0156757142857142,0,0.1612199999999999,0.12219,0.0390299999999999,0.0097549999999999,0.0952721829954769,0.1087932236101431,0.350597609561753,0.0430547123045092,0.0746574482322903,0.0572925517677096,0.5766968108868138,1.16,-0.1085445660077069,0.7215265824372862,-0.4078325905075765,0.0108013834208153,0.0581878986298098,0.0,1,16.5,19.530000686645508,3.3049999999999997,7.825,1.019999999999996,expiry_intrinsic,0.39125000000000004,1.9500000000000002,639.4250000000003,0.051154000000000026,fold_5,xgb,0.8222222328186035
ORLY,2025-06-30,2025-07-23,0.0,91.26,1352.17,4.56,-92.94,0.782,0.8192,0.74,21.0,0.782,0.7822,0.7827,0.7817,0.0,0.0,1.0,5.0,4534731230.0,4565300000.0,4508000000.0,24.0,-344961.09,-316545.95,-6948.26,11292.15,4.04,-75.24,5.06,1.64,-1.59,-0.35,-1.46,0.12,-1.0,96.0,98.67,96.0,2025-08-15,2.7249999999999996,3.15,5.875,6.119791666666666,3.65,1.125,4.775,101.54,5.540000000000006,0.2978,0.30755,0.302675,0.21975,27.39737342033535,-0.053655,644.0,164.0,1.433795712484237,24.0,2.7812500000000018,1,3.3385416666666643,2025-07-22,631.0,623.5707397460938,0.13195,0.1461368181818181,0.1476257142857142,0.0141868181818181,0.0156757142857142,0,0.1612199999999999,0.12219,0.0390299999999999,0.0097549999999999,0.0952721829954769,0.1087932236101431,0.350597609561753,0.0430547123045092,0.0746574482322903,0.0572925517677096,0.5766968108868138,1.16,-0.1085445660077069,0.7215265824372862,-0.4078325905075765,0.0108013834208153,0.0581878986298098,0.0,1,16.5,19.530000686645508,3.3049999999999997,5.875,5.540000000000006,expiry_intrinsic,0.29375,1.9500000000000002,2.1749999999993737,0.00022656249999993474,fold_5,xgb,0.8222222328186035
URI,2025-06-30,2025-07-23,0.0,716.57,647.36,12.1,24.08,10.5358,11.54,9.8467,17.0,10.5308,10.6083,10.6365,10.7066,1.0,0.0,1.0,3.0,3888902050.0,3968900000.0,3762000000.0,13.0,32963.84,33651.34,-46.91,788.52,6.71,-75.76,6.74,-3.17,-23.55,5.32,-5.63,-2.24,-2.83,792.5,875.0,792.5,2025-07-25,21.2,19.8,41.0,5.173501577287067,82.45,,,890.0,97.5,0.75632,0.66852,0.71242,0.32219,54.77527301311025,-0.36584,0.0,1.0,0.7316239316239316,3.0,10.410094637223978,0,-5.236593059936911,2025-07-22,631.0,623.5707397460938,0.13195,0.1461368181818181,0.1476257142857142,0.0141868181818181,0.0156757142857142,0,0.1612199999999999,0.12219,0.0390299999999999,0.0097549999999999,0.0952721829954769,0.1087932236101431,0.350597609561753,0.0430547123045092,0.0746574482322903,0.0572925517677096,0.5766968108868138,1.16,-0.1085445660077069,0.7215265824372862,-0.4078325905075765,0.0108013834208153,0.0581878986298098,0.0,1,16.5,19.530000686645508,3.3049999999999997,41.0,97.5,expiry_intrinsic,2.0500000000000003,1.9500000000000002,-5856.95,-0.07390473186119874,fold_5,xgb,0.8666666746139526
CME,2025-06-30,2025-07-23,1.0,272.66,263.27,1.4,5.02,2.9177,3.0,2.8484,15.0,2.9404,2.9791,2.9692,2.7576,0.0,0.0,3.0,9.0,1682714980.0,1692143980.0,1676000000.0,11.0,4983.25,4829.87,98.1,81.09,10.38,-73.21,11.52,12.0,11.11,10.53,15.46,1.26,2.98,280.0,280.0,280.0,2025-08-15,4.6,9.25,13.85,4.946428571428571,4.6,6.35,10.95,273.92,6.079999999999984,0.22951,0.23926,0.234385,0.19536,16.64995626853254,-0.014635,1113.0,184.0,0.790650406504065,24.0,0.0,1,4.946428571428571,2025-07-22,631.0,623.5707397460938,0.13195,0.1461368181818181,0.1476257142857142,0.0141868181818181,0.0156757142857142,0,0.1612199999999999,0.12219,0.0390299999999999,0.0097549999999999,0.0952721829954769,0.1087932236101431,0.350597609561753,0.0430547123045092,0.0746574482322903,0.0572925517677096,0.5766968108868138,1.16,-0.1085445660077069,0.7215265824372862,-0.4078325905075765,0.0108013834208153,0.0581878986298098,0.0,1,16.5,19.530000686645508,3.3049999999999997,13.85,6.079999999999984,expiry_intrinsic,0.6925,1.9500000000000002,705.8000000000015,0.025207142857142914,fold_5,xgb,0.8222222328186035
CCI,2025-06-30,2025-07-23,1.0,102.53,100.75,7.02,8.91,0.5195,0.5916,0.459,4.0,0.531,0.531,0.4824,0.3759,0.0,0.0,0.0,0.0,1037446540.0,1048000000.0,999600000.0,15.0,-58853.6,-15996.61,-19705.76,23233.24,-4.76,-83.85,-10.67,-249.25,90.34,-2.12,0.19,-0.84,2.42,110.0,115.0,110.0,2025-08-15,3.0,2.625,5.625,5.113636363636364,5.0,0.85,5.85,101.69,8.310000000000002,0.23926,0.25877,0.249015,0.22463,9.79258277613798,-0.0146299999999999,1327.0,295.0,1.038022813688213,24.0,4.545454545454541,1,0.5681818181818228,2025-07-22,631.0,623.5707397460938,0.13195,0.1461368181818181,0.1476257142857142,0.0141868181818181,0.0156757142857142,0,0.1612199999999999,0.12219,0.0390299999999999,0.0097549999999999,0.0952721829954769,0.1087932236101431,0.350597609561753,0.0430547123045092,0.0746574482322903,0.0572925517677096,0.5766968108868138,1.16,-0.1085445660077069,0.7215265824372862,-0.4078325905075765,0.0108013834208153,0.0581878986298098,0.0,1,16.5,19.530000686645508,3.3049999999999997,5.625,8.310000000000002,expiry_intrinsic,0.28125,1.9500000000000002,-298.5750000000002,-0.027143181818181837,fold_5,xgb,0.8222222328186035
LH,2025-06-30,2025-07-24,1.0,262.53,228.31,1.97,17.25,4.1639,4.2621,4.08,15.0,4.1769,4.1724,4.1822,4.165,2.0,0.0,2.0,1.0,3486468980.0,3516000000.0,3452200000.0,13.0,42866.14,42472.61,318.51,167.86,5.3,-74.29,6.66,4.35,11.3,-0.16,1.46,0.09,-0.36,250.0,270.0,250.0,2025-08-15,8.05,7.25,15.3,6.12,16.35,0.9,17.25,270.38,20.379999999999995,0.2978,0.31731,0.307555,0.18073,41.23652680008455,-0.063415,169.0,26.0,0.1397670549084858,23.0,8.000000000000007,0,-1.880000000000007,2025-07-23,636.0,628.875732421875,0.12707,0.136825,0.1430978571428571,0.0097549999999999,0.0160278571428571,0,0.1417,0.11244,0.0292599999999999,-2.7755575615628914e-17,0.0,0.0941424971854393,0.2828685258964143,0.0628580914312915,0.0731557864391267,0.0539142135608733,0.8592360835816605,1.29,1.0396189489872232,1.2512765953985816,-0.2531674439327256,0.0160040231925215,0.0567525394983505,0.0,1,15.369999885559082,18.559999465942383,2.6629998855590813,15.3,20.379999999999995,expiry_intrinsic,0.7650000000000001,1.9500000000000002,-586.4499999999996,-0.023457999999999982,fold_5,xgb,0.8222222328186035
CNP,2025-06-30,2025-07-24,0.0,36.48,38.19,3.73,-0.92,0.3084,0.3739,0.28,12.0,0.3537,0.3723,0.3978,0.4145,1.0,0.0,1.0,4.0,2000642180.0,2785391660.0,1476689020.0,5.0,5066.7,5094.36,-25.39,21.02,11.45,-66.22,1.81,-3.64,32.5,-1.61,5.36,-2.93,-1.28,37.0,38.0,37.0,2025-08-15,0.96,0.71,1.67,4.513513513513513,1.725,0.2249999999999999,1.95,38.12,1.1199999999999974,0.01488,0.01488,0.01488,0.19048,-1180.1075268817203,0.0,902.0,47.0,0.049970605526161,23.0,2.7027027027026973,1,1.810810810810816,2025-07-23,636.0,628.875732421875,0.12707,0.136825,0.1430978571428571,0.0097549999999999,0.0160278571428571,0,0.1417,0.11244,0.0292599999999999,-2.7755575615628914e-17,0.0,0.0941424971854393,0.2828685258964143,0.0628580914312915,0.0731557864391267,0.0539142135608733,0.8592360835816605,1.29,1.0396189489872232,1.2512765953985816,-0.2531674439327256,0.0160040231925215,0.0567525394983505,0.0,1,15.369999885559082,18.559999465942383,2.6629998855590813,1.67,1.1199999999999974,expiry_intrinsic,0.0835,1.9500000000000002,44.700000000000244,0.012081081081081147,fold_5,xgb,1.0
AMP,2025-06-30,2025-07-24,1.0,521.34,465.94,-0.81,10.98,8.926,9.37,8.29,10.0,8.926,8.8933,9.352,9.4337,0.0,0.0,0.0,2.0,4329107000.0,4397000000.0,4273749000.0,7.0,7363.68,13774.05,-1364.91,5855.69,5.02,-74.78,10.02,-30.51,-44.9,-41.22,-43.64,-104.75,-13.62,540.0,520.0,540.0,2025-08-15,13.65,17.15,30.799999999999997,5.703703703703703,2.775,21.95,24.725,503.08,36.920000000000016,0.26853,0.30755,0.2880399999999999,0.20024,30.48187751701152,-0.0390249999999999,21.0,1.0,0.6314285714285715,23.0,3.703703703703709,1,1.9999999999999944,2025-07-23,636.0,628.875732421875,0.12707,0.136825,0.1430978571428571,0.0097549999999999,0.0160278571428571,0,0.1417,0.11244,0.0292599999999999,-2.7755575615628914e-17,0.0,0.0941424971854393,0.2828685258964143,0.0628580914312915,0.0731557864391267,0.0539142135608733,0.8592360835816605,1.29,1.0396189489872232,1.2512765953985816,-0.2531674439327256,0.0160040231925215,0.0567525394983505,0.0,1,15.369999885559082,18.559999465942383,2.6629998855590813,30.799999999999997,36.920000000000016,expiry_intrinsic,1.54,1.9500000000000002,-767.950000000002,-0.014221296296296333,fold_5,xgb,0.8222222328186035
POOL,2025-06-30,2025-07-24,1.0,300.74,291.59,8.51,11.92,5.1532,5.35,4.98,9.0,5.1579,5.1579,5.1619,5.1454,0.0,0.0,0.0,1.0,1781544690.0,1805200000.0,1716690480.0,12.0,30198.5,30284.05,-62.46,390.89,-4.4,-79.82,-4.09,-35.29,36.08,-25.06,-28.68,-1.06,-2.46,320.0,330.0,320.0,2025-08-15,12.8,16.0,28.8,9.0,11.05,6.375,17.425,321.75,1.75,0.43438,0.46365,0.449015,0.253895,43.455118425887775,-0.102435,41.0,2.0,0.7145669291338582,23.0,3.125,1,5.875,2025-07-23,636.0,628.875732421875,0.12707,0.136825,0.1430978571428571,0.0097549999999999,0.0160278571428571,0,0.1417,0.11244,0.0292599999999999,-2.7755575615628914e-17,0.0,0.0941424971854393,0.2828685258964143,0.0628580914312915,0.0731557864391267,0.0539142135608733,0.8592360835816605,1.29,1.0396189489872232,1.2512765953985816,-0.2531674439327256,0.0160040231925215,0.0567525394983505,0.0,1,15.369999885559082,18.559999465942383,2.6629998855590813,28.8,1.75,expiry_intrinsic,1.4400000000000002,1.9500000000000002,2559.05,0.0799703125,fold_5,xgb,0.8222222328186035
NDAQ,2025-06-30,2025-07-24,1.0,88.12,75.36,6.11,24.07,0.813,0.84,0.7884,16.0,0.8017,0.792,0.7895,0.7807,9.0,0.0,13.0,3.0,1281092560.0,1304000000.0,1265000000.0,11.0,-39961.92,-40081.87,59.84,42.27,24.85,-71.76,24.12,25.4,3.95,29.12,33.41,-2.84,1.68,87.5,95.0,87.5,2025-08-15,2.6500000000000004,1.7,4.3500000000000005,4.9714285714285715,7.800000000000001,0.175,7.975,94.68,7.180000000000007,0.23926,0.24902,0.24414,0.18073,25.972802490374377,-0.029265,637.0,101.0,1.0601556970983723,23.0,8.571428571428562,0,-3.5999999999999908,2025-07-23,636.0,628.875732421875,0.12707,0.136825,0.1430978571428571,0.0097549999999999,0.0160278571428571,0,0.1417,0.11244,0.0292599999999999,-2.7755575615628914e-17,0.0,0.0941424971854393,0.2828685258964143,0.0628580914312915,0.0731557864391267,0.0539142135608733,0.8592360835816605,1.29,1.0396189489872232,1.2512765953985816,-0.2531674439327256,0.0160040231925215,0.0567525394983505,0.0,1,15.369999885559082,18.559999465942383,2.6629998855590813,4.3500000000000005,7.180000000000007,expiry_intrinsic,0.21750000000000003,1.9500000000000002,-306.70000000000067,-0.03505142857142865,fold_5,xgb,0.8222222328186035
WST,2025-06-30,2025-07-24,1.0,222.68,214.55,25.34,30.09,1.5084,1.54,1.43,12.0,1.5067,1.5045,1.5045,1.4362,6.0,0.0,2.0,0.0,726179720.0,735200000.0,720000000.0,11.0,23489.25,21937.32,755.46,362.48,0.42,-75.86,-2.1,-7.05,-20.33,-8.27,1.1,0.06,0.12,230.0,260.0,230.0,2025-08-15,13.85,15.25,29.1,12.65217391304348,34.15,0.675,34.824999999999996,246.2,16.19999999999999,0.64901,0.61974,0.6343749999999999,0.24414,61.51487684729064,-0.1609749999999999,589.0,265.0,0.5701643489254109,23.0,13.043478260869556,0,-0.3913043478260753,2025-07-23,636.0,628.875732421875,0.12707,0.136825,0.1430978571428571,0.0097549999999999,0.0160278571428571,0,0.1417,0.11244,0.0292599999999999,-2.7755575615628914e-17,0.0,0.0941424971854393,0.2828685258964143,0.0628580914312915,0.0731557864391267,0.0539142135608733,0.8592360835816605,1.29,1.0396189489872232,1.2512765953985816,-0.2531674439327256,0.0160040231925215,0.0567525394983505,0.0,1,15.369999885559082,18.559999465942383,2.6629998855590813,29.1,16.19999999999999,expiry_intrinsic,1.455,1.9500000000000002,1142.5500000000013,0.049676086956521794,fold_5,xgb,0.8222222328186035
CINF,2025-06-30,2025-07-28,1.0,146.23,139.85,0.59,5.18,1.3873,1.47,1.24,8.0,1.3748,1.3855,1.3827,1.3682,3.0,0.0,3.0,2.0,2794800000.0,2826000000.0,2768200000.0,4.0,25538.78,20934.28,2832.38,1806.69,-12.57,-77.37,13.84,-113.95,-107.64,-106.8,-111.9,-76.7,-37.39,150.0,155.0,150.0,2025-08-15,4.0,4.199999999999999,8.2,5.466666666666666,5.05,2.575,7.625,151.06,1.0600000000000025,0.28804,0.28804,0.28804,0.249015,13.548465490904052,-0.03902,837.0,1.0,0.1372549019607843,21.0,3.3333333333333437,1,2.133333333333322,2025-07-25,639.0,631.7413940429688,0.12219,0.1288427272727272,0.1361278571428571,0.0066527272727272,0.0139378571428571,0,0.1444885714285714,0.1054685714285714,0.03902,0.0027885714285714,0.0,0.0794917707607355,0.2231075697211155,0.0549454097873187,0.0669811277231808,0.0552088722768191,0.8203118050564441,1.41,1.8254967758796408,1.0512517438644304,-0.289807661830253,0.0151693032456148,0.0493806896006343,0.0,1,14.93000030517578,18.31999969482422,2.711000305175782,8.2,1.0600000000000025,expiry_intrinsic,0.41,1.9500000000000002,671.0499999999996,0.04473666666666664,fold_5,xgb,0.8222222328186035
NSC,2025-06-30,2025-07-29,0.0,255.81,224.05,8.56,23.95,3.3002,3.39,3.2,23.0,3.3041,3.2572,3.2471,3.2464,6.0,0.0,15.0,3.0,3132088030.0,3189533890.0,3057000000.0,18.0,10715.74,10412.13,74.97,138.85,-0.37,-75.31,0.47,-18.24,-11.51,168.13,200.64,20.95,20.95,285.0,277.5,285.0,2025-08-01,7.199999999999999,6.1,13.3,4.666666666666666,0.1,6.75,6.85,274.85,10.149999999999975,0.53194,0.57096,0.55145,0.24414,55.72762716474748,-0.27804,123.0,35.0,1.1659790542684862,4.0,2.631578947368418,1,2.035087719298248,2025-07-28,638.0,631.5828247070312,0.12219,0.12707,0.1382192857142857,0.00488,0.0160292857142857,0,0.1486714285714286,0.1096514285714285,0.03902,0.0069714285714286,0.0,0.0794917707607355,0.2270916334661354,0.0596057743992524,0.0644082470301238,0.0577817529698761,0.9254369921195764,0.9,-2.0175580674884275,0.8345332520024996,-0.3151264770209716,0.0129936786847655,0.0409727378565454,-0.000251003555304,1,15.029999732971191,18.15999984741211,2.810999732971192,13.299999999999999,10.149999999999975,expiry_intrinsic,0.665,1.9500000000000002,246.55000000000234,0.008650877192982537,fold_5,xgb,0.8222222328186035
TER,2025-06-30,2025-07-29,1.0,90.35,74.21,0.22,22.02,0.5382,0.6104,0.48,14.0,0.5386,0.5377,0.5377,0.5299,0.0,0.0,0.0,1.0,650785480.0,675500000.0,642900000.0,15.0,10480.48,9886.69,213.55,141.34,14.31,-75.68,6.61,47.06,-21.05,47.64,55.33,4.01,4.65,90.0,110.0,90.0,2025-08-15,5.8,4.5,10.3,11.444444444444445,18.05,0.25,18.3,109.42,19.42,0.63925,0.63925,0.63925,0.45877,28.233085647242863,-0.1268249999999999,737.0,110.0,0.4425322679778734,18.0,22.222222222222232,0,-10.777777777777787,2025-07-28,638.0,631.5828247070312,0.12219,0.12707,0.1382192857142857,0.00488,0.0160292857142857,0,0.1486714285714286,0.1096514285714285,0.03902,0.0069714285714286,0.0,0.0794917707607355,0.2270916334661354,0.0596057743992524,0.0644082470301238,0.0577817529698761,0.9254369921195764,0.9,-2.0175580674884275,0.8345332520024996,-0.3151264770209716,0.0129936786847655,0.0409727378565454,-0.000251003555304,1,15.029999732971191,18.15999984741211,2.810999732971192,10.3,19.42,expiry_intrinsic,0.515,1.9500000000000002,-965.4500000000002,-0.10727222222222224,fold_5,xgb,0.8222222328186035
BXP,2025-06-30,2025-07-29,1.0,68.6,63.73,2.67,10.51,0.0,0.0,0.0,0.0,0.0,0.0,0.0,0.0,0.0,0.0,0.0,0.0,858055980.0,867740000.0,838970000.0,6.0,3314.4,2150.88,1440.0,1073.67,3.07,-74.61,3.97,-9.09,-43.66,1.16,92.19,25.42,25.35,70.0,67.5,70.0,2025-08-15,1.85,2.175,4.0249999999999995,5.75,0.425,3.8,4.225,65.44,4.560000000000002,0.31731,0.32707,0.32219,0.288045,10.597783916322662,-0.0292699999999999,114.0,3.0,3.3008849557522124,18.0,3.57142857142857,1,2.17857142857143,2025-07-28,638.0,631.5828247070312,0.12219,0.12707,0.1382192857142857,0.00488,0.0160292857142857,0,0.1486714285714286,0.1096514285714285,0.03902,0.0069714285714286,0.0,0.0794917707607355,0.2270916334661354,0.0596057743992524,0.0644082470301238,0.0577817529698761,0.9254369921195764,0.9,-2.0175580674884275,0.8345332520024996,-0.3151264770209716,0.0129936786847655,0.0409727378565454,-0.000251003555304,1,15.029999732971191,18.15999984741211,2.810999732971192,4.025,4.560000000000002,expiry_intrinsic,0.20125000000000004,1.9500000000000002,-75.5750000000002,-0.010796428571428601,fold_5,xgb,0.8222222328186035
ESS,2025-06-30,2025-07-29,1.0,285.41,279.15,1.84,4.13,1.42,1.46,1.38,2.0,1.47,1.47,1.49,1.49,0.0,0.0,0.0,1.0,466232680.0,480546240.0,445505000.0,14.0,46799.04,49079.18,-986.72,1532.74,8.82,-73.82,6.84,-66.12,121.54,-8.38,94.23,-0.2,24.34,280.0,270.0,280.0,2025-08-15,8.5,4.25,12.75,4.553571428571428,1.84,12.3,14.14,259.38,20.620000000000005,0.25877,0.23926,0.249015,0.209995,15.669738770756783,-0.0195049999999999,16.0,0.0,1.0149253731343284,18.0,3.57142857142857,1,0.982142857142858,2025-07-28,638.0,631.5828247070312,0.12219,0.12707,0.1382192857142857,0.00488,0.0160292857142857,0,0.1486714285714286,0.1096514285714285,0.03902,0.0069714285714286,0.0,0.0794917707607355,0.2270916334661354,0.0596057743992524,0.0644082470301238,0.0577817529698761,0.9254369921195764,0.9,-2.0175580674884275,0.8345332520024996,-0.3151264770209716,0.0129936786847655,0.0409727378565454,-0.000251003555304,1,15.029999732971191,18.15999984741211,2.810999732971192,12.75,20.620000000000005,expiry_intrinsic,0.6375000000000001,1.9500000000000002,-852.7000000000004,-0.03045357142857144,fold_5,xgb,0.8222222328186035
VICI,2025-06-30,2025-07-30,0.0,32.6,31.51,-0.21,3.24,0.7,0.7,0.7,1.0,0.695,0.695,0.695,0.695,0.0,0.0,0.0,0.0,991221030.0,1005000000.0,965303810.0,11.0,-611.36,-665.7,-12.0,60.5,3.44,-74.43,6.11,21.19,3.1,-5.86,-5.73,0.03,-7.46,32.5,32.5,32.5,2025-08-15,0.8500000000000001,0.4,1.25,3.8461538461538463,0.55,0.425,0.975,32.5,0.0,0.21975,0.21,0.2148749999999999,0.185605,13.621873182082588,-0.0243899999999999,4313.0,86.0,0.5287539936102237,17.0,0.0,1,3.8461538461538463,2025-07-29,636.0,629.9169311523438,0.1305557142857143,0.133275909090909,0.141705,0.0027201948051947,0.0111492857142857,0,0.1598257142857142,0.1110457142857142,0.0487799999999999,0.0048799999999999,0.1690677599099234,0.1046073017745135,0.3227091633466135,0.0692758776564769,0.065255519222654,0.0653001950630602,1.0616094773547855,1.07,-0.7458691642352533,0.8163731231144595,-0.3130547314493115,0.0101771795912586,0.0330942630437853,-0.0028879900982092,1,15.979999542236328,18.770000457763672,2.924428113664898,1.25,0.0,expiry_intrinsic,0.0625,1.9500000000000002,116.8,0.03593846153846154,fold_5,xgb,0.8222222328186035
WEC,2025-06-30,2025-07-30,1.0,104.2,108.79,3.99,-0.4,0.7063,0.82,0.67,8.0,0.718,0.7114,0.6796,0.7936,2.0,0.0,2.0,1.0,1753786930.0,1915945000.0,1241681980.0,5.0,7830.94,7428.93,189.18,128.18,17.51,-63.38,0.16,15.23,58.74,10.8,15.26,-1.92,-0.58,110.0,110.0,110.0,2025-08-15,1.375,4.225,5.6,5.09090909090909,1.0,2.4,3.4,107.36,2.640000000000001,0.20024,0.3856,0.29292,0.190485,34.970299057763214,-0.107315,5999.0,284.0,0.1931668856767411,17.0,0.0,1,5.09090909090909,2025-07-29,636.0,629.9169311523438,0.1305557142857143,0.133275909090909,0.141705,0.0027201948051947,0.0111492857142857,0,0.1598257142857142,0.1110457142857142,0.0487799999999999,0.0048799999999999,0.1690677599099234,0.1046073017745135,0.3227091633466135,0.0692758776564769,0.065255519222654,0.0653001950630602,1.0616094773547855,1.07,-0.7458691642352533,0.8163731231144595,-0.3130547314493115,0.0101771795912586,0.0330942630437853,-0.0028879900982092,1,15.979999542236328,18.770000457763672,2.924428113664898,5.6,2.640000000000001,expiry_intrinsic,0.27999999999999997,1.9500000000000002,266.0499999999999,0.024186363636363627,fold_5,xgb,0.8651388883590698
VTR,2025-06-30,2025-07-30,1.0,63.15,65.54,5.27,1.43,0.0,0.0,0.0,0.0,0.0,0.0,0.0,0.0,0.0,0.0,0.0,0.0,1370305350.0,1398915000.0,1351556000.0,7.0,5387.1,4532.7,528.0,137.35,13.18,-72.42,9.63,433.33,-23.08,11.38,34.16,24.61,2.28,67.5,67.5,67.5,2025-08-15,1.375,1.8,3.175,4.703703703703703,1.225,1.25,2.475,67.77,0.269999999999996,0.27829,0.25877,0.26853,0.22463,16.348266487915687,-0.048775,2092.0,104.0,0.5637065637065637,17.0,0.0,1,4.703703703703703,2025-07-29,636.0,629.9169311523438,0.1305557142857143,0.133275909090909,0.141705,0.0027201948051947,0.0111492857142857,0,0.1598257142857142,0.1110457142857142,0.0487799999999999,0.0048799999999999,0.1690677599099234,0.1046073017745135,0.3227091633466135,0.0692758776564769,0.065255519222654,0.0653001950630602,1.0616094773547855,1.07,-0.7458691642352533,0.8163731231144595,-0.3130547314493115,0.0101771795912586,0.0330942630437853,-0.0028879900982092,1,15.979999542236328,18.770000457763672,2.924428113664898,3.175,0.269999999999996,expiry_intrinsic,0.15875,1.9500000000000002,272.6750000000004,0.040396296296296354,fold_5,xgb,0.8222222328186035
ALL,2025-06-30,2025-07-30,1.0,201.31,197.24,-4.49,-2.51,3.2557,4.47,2.72,17.0,3.2857,3.1991,3.2127,3.1192,4.0,0.0,7.0,6.0,16596225999.0,16874000000.0,16318452000.0,2.0,44648.61,37952.62,4597.43,1716.44,6.64,-74.4,11.78,-31.19,-53.98,-43.83,-53.94,-4.43,-5.82,195.0,200.0,195.0,2025-08-15,4.6,5.35,9.95,5.102564102564102,9.55,1.15,10.7,206.78,11.78,0.2978,0.2978,0.2978,0.2148749999999999,27.845869711215588,-0.04878,95.0,13.0,0.6866952789699571,17.0,2.564102564102555,1,2.538461538461547,2025-07-29,636.0,629.9169311523438,0.1305557142857143,0.133275909090909,0.141705,0.0027201948051947,0.0111492857142857,0,0.1598257142857142,0.1110457142857142,0.0487799999999999,0.0048799999999999,0.1690677599099234,0.1046073017745135,0.3227091633466135,0.0692758776564769,0.065255519222654,0.0653001950630602,1.0616094773547855,1.07,-0.7458691642352533,0.8163731231144595,-0.3130547314493115,0.0101771795912586,0.0330942630437853,-0.0028879900982092,1,15.979999542236328,18.770000457763672,2.924428113664898,9.95,11.78,expiry_intrinsic,0.4975,1.9500000000000002,-234.7,-0.012035897435897435,fold_5,xgb,0.8222222328186035
AVB,2025-06-30,2025-07-30,0.0,203.5,209.0,-3.53,-6.07,1.3001,1.3001,1.3001,1.0,1.02,1.0934,1.0934,1.3883,0.0,0.0,0.0,1.0,758196390.0,770953500.0,748924000.0,9.0,46005.28,42163.65,1060.0,2160.18,4.63,-74.4,5.15,3.28,-41.4,16.72,6.59,-0.18,0.59,200.0,185.0,200.0,2025-08-15,6.25,2.425,8.675,4.3375,0.26,13.7,13.96,190.58,9.419999999999987,0.24902,0.22951,0.239265,0.24414,-2.037489812550933,-0.019515,10.0,0.0,0.4705882352941176,17.0,7.499999999999996,0,-3.162499999999995,2025-07-29,636.0,629.9169311523438,0.1305557142857143,0.133275909090909,0.141705,0.0027201948051947,0.0111492857142857,0,0.1598257142857142,0.1110457142857142,0.0487799999999999,0.0048799999999999,0.1690677599099234,0.1046073017745135,0.3227091633466135,0.0692758776564769,0.065255519222654,0.0653001950630602,1.0616094773547855,1.07,-0.7458691642352533,0.8163731231144595,-0.3130547314493115,0.0101771795912586,0.0330942630437853,-0.0028879900982092,1,15.979999542236328,18.770000457763672,2.924428113664898,8.675,9.419999999999987,expiry_intrinsic,0.4337500000000001,1.9500000000000002,-119.8249999999987,-0.005991249999999935,fold_5,xgb,0.8222222328186035
AWK,2025-06-30,2025-07-30,0.0,139.11,146.43,0.39,-4.63,1.5266,1.67,1.47,9.0,1.5371,1.5218,1.5285,1.4923,1.0,0.0,2.0,1.0,1228000000.0,1287000000.0,1129000000.0,3.0,2980.96,2785.38,90.54,304.22,12.96,-75.62,10.51,12.9,-13.93,20.46,13.8,0.17,0.24,140.0,140.0,140.0,2025-08-15,3.05,3.1500000000000004,6.2,4.428571428571429,1.725,2.425,4.15,143.92,3.919999999999987,0.20024,0.30755,0.253895,0.185605,26.896945587742955,-0.0536549999999999,110.0,9.0,0.4622641509433962,17.0,0.0,1,4.428571428571429,2025-07-29,636.0,629.9169311523438,0.1305557142857143,0.133275909090909,0.141705,0.0027201948051947,0.0111492857142857,0,0.1598257142857142,0.1110457142857142,0.0487799999999999,0.0048799999999999,0.1690677599099234,0.1046073017745135,0.3227091633466135,0.0692758776564769,0.065255519222654,0.0653001950630602,1.0616094773547855,1.07,-0.7458691642352533,0.8163731231144595,-0.3130547314493115,0.0101771795912586,0.0330942630437853,-0.0028879900982092,1,15.979999542236328,18.770000457763672,2.924428113664898,6.2,3.919999999999987,expiry_intrinsic,0.31000000000000005,1.9500000000000002,195.05000000000132,0.013932142857142952,fold_5,xgb,0.8222222328186035
FE,2025-06-30,2025-07-30,1.0,40.26,42.75,3.8,-2.25,0.4865,0.53,0.46,11.0,0.5168,0.5066,0.5074,0.5049,0.0,0.0,1.0,6.0,3389257270.0,3532516000.0,3237413080.0,4.0,3165.58,3033.34,104.53,158.88,14.54,-72.05,7.05,21.82,0.0,26.02,23.2,1.85,1.41,42.0,42.0,42.0,2025-08-15,0.6000000000000001,1.1,1.7000000000000002,4.0476190476190474,0.95,0.475,1.425,43.47,1.4699999999999989,0.18073,0.28804,0.234385,0.185605,20.81191202508692,-0.05366,3507.0,174.0,0.0757180156657963,17.0,0.0,1,4.0476190476190474,2025-07-29,636.0,629.9169311523438,0.1305557142857143,0.133275909090909,0.141705,0.0027201948051947,0.0111492857142857,0,0.1598257142857142,0.1110457142857142,0.0487799999999999,0.0048799999999999,0.1690677599099234,0.1046073017745135,0.3227091633466135,0.0692758776564769,0.065255519222654,0.0653001950630602,1.0616094773547855,1.07,-0.7458691642352533,0.8163731231144595,-0.3130547314493115,0.0101771795912586,0.0330942630437853,-0.0028879900982092,1,15.979999542236328,18.770000457763672,2.924428113664898,1.7000000000000002,1.4699999999999989,expiry_intrinsic,0.08500000000000002,1.9500000000000002,12.550000000000129,0.002988095238095269,fold_5,xgb,0.8584173917770386
BLDR,2025-06-30,2025-07-31,1.0,126.91,114.13,0.17,11.39,2.3432,2.55,1.96,15.0,2.3257,2.3456,2.3456,2.8025,0.0,0.0,0.0,3.0,4277748680.0,4389381000.0,4055200000.0,18.0,62268.19,61769.4,206.23,83.38,-6.01,-77.7,-4.34,-43.02,-34.63,-35.9,-50.63,-2.91,-4.56,125.0,130.0,125.0,2025-08-15,7.3,6.0,13.3,10.64,8.15,3.175,11.325,136.88,11.879999999999995,0.6295,0.63925,0.6343749999999999,0.48316,23.836847290640385,-0.1365799999999999,612.0,10.0,2.0867549668874172,16.0,4.0000000000000036,1,6.639999999999997,2025-07-30,639.0,629.1236572265625,0.12707,0.1310586363636363,0.1406592857142857,0.0039886363636363,0.0135892857142857,0,0.1417,0.12219,0.01951,0.0048749999999999,0.0986228599474555,0.0941424971854393,0.2948207171314741,0.0408396912650332,0.0648491300796026,0.0622208699203974,0.6297646740195635,1.29,0.7565332011284679,1.0574451677843406,-0.2587041109526384,0.0003942349687,0.0268836165054346,-0.004143684173762,1,15.479999542236328,18.350000381469727,2.7729995422363274,13.3,11.879999999999995,expiry_intrinsic,0.665,1.9500000000000002,73.55000000000052,0.005884000000000042,fold_5,xgb,0.8222222328186035
EXC,2025-06-30,2025-07-31,1.0,43.41,46.48,3.52,-3.31,0.3676,0.41,0.3378,13.0,0.3807,0.4625,0.4641,0.5041,0.0,0.0,0.0,9.0,5482346330.0,5535900000.0,5376000000.0,3.0,3905.55,3562.98,144.14,59.74,11.1,-70.84,6.97,35.29,43.75,20.49,37.88,3.28,4.45,44.0,44.0,44.0,2025-08-15,0.8999999999999999,1.2,2.0999999999999996,4.7727272727272725,0.975,0.5,1.475,44.58,0.5799999999999983,0.19048,0.36609,0.278285,0.19536,29.798587778716065,-0.082925,962.0,259.0,0.1695402298850574,16.0,0.0,1,4.7727272727272725,2025-07-30,639.0,629.1236572265625,0.12707,0.1310586363636363,0.1406592857142857,0.0039886363636363,0.0135892857142857,0,0.1417,0.12219,0.01951,0.0048749999999999,0.0986228599474555,0.0941424971854393,0.2948207171314741,0.0408396912650332,0.0648491300796026,0.0622208699203974,0.6297646740195635,1.29,0.7565332011284679,1.0574451677843406,-0.2587041109526384,0.0003942349687,0.0268836165054346,-0.004143684173762,1,15.479999542236328,18.350000381469727,2.7729995422363274,2.0999999999999996,0.5799999999999983,expiry_intrinsic,0.10499999999999998,1.9500000000000002,139.55000000000015,0.03171590909090913,fold_5,xgb,0.8222222328186035
EIX,2025-06-30,2025-07-31,1.0,52.88,54.88,-1.44,-5.03,0.8808,0.9547,0.85,9.0,0.9954,1.4686,1.4742,1.4708,0.0,0.0,0.0,7.0,4200919150.0,4303000000.0,3994000000.0,4.0,4913.76,4562.02,156.63,335.61,-6.55,-78.35,6.41,21.05,30.28,173.67,771.02,3.74,49.99,52.5,52.5,52.5,2025-08-15,1.475,2.325,3.8,7.238095238095238,2.075,1.375,3.45,55.5,3.0,0.41487,0.45389,0.43438,0.41487,4.49145909111837,-0.0195149999999999,1569.0,13.0,0.7601156069364162,16.0,0.0,1,7.238095238095238,2025-07-30,639.0,629.1236572265625,0.12707,0.1310586363636363,0.1406592857142857,0.0039886363636363,0.0135892857142857,0,0.1417,0.12219,0.01951,0.0048749999999999,0.0986228599474555,0.0941424971854393,0.2948207171314741,0.0408396912650332,0.0648491300796026,0.0622208699203974,0.6297646740195635,1.29,0.7565332011284679,1.0574451677843406,-0.2587041109526384,0.0003942349687,0.0268836165054346,-0.004143684173762,1,15.479999542236328,18.350000381469727,2.7729995422363274,3.8000000000000003,3.0,expiry_intrinsic,0.19000000000000003,1.9500000000000002,59.05000000000002,0.011247619047619051,fold_5,xgb,0.8222222328186035
ES,2025-06-30,2025-07-31,1.0,64.55,58.83,2.4,12.36,0.9509,0.97,0.9008,14.0,0.9541,0.9712,0.9719,0.9803,0.0,0.0,1.0,7.0,2929211270.0,3186000000.0,2800200000.0,5.0,3601.44,3543.9,14.19,59.92,23.58,-65.39,4.61,0.67,48.51,45.44,9.51,6.6,-2.89,65.0,65.0,65.0,2025-08-15,2.0,0.75,2.75,4.230769230769231,1.95,0.875,2.825,65.53,0.5300000000000011,0.24902,0.21975,0.234385,0.27341,-16.64995626853253,-0.02439,1866.0,0.0,1.457142857142857,16.0,0.0,1,4.230769230769231,2025-07-30,639.0,629.1236572265625,0.12707,0.1310586363636363,0.1406592857142857,0.0039886363636363,0.0135892857142857,0,0.1417,0.12219,0.01951,0.0048749999999999,0.0986228599474555,0.0941424971854393,0.2948207171314741,0.0408396912650332,0.0648491300796026,0.0622208699203974,0.6297646740195635,1.29,0.7565332011284679,1.0574451677843406,-0.2587041109526384,0.0003942349687,0.0268836165054346,-0.004143684173762,1,15.479999542236328,18.350000381469727,2.7729995422363274,2.75,0.5300000000000011,expiry_intrinsic,0.1375,1.9500000000000002,206.29999999999987,0.03173846153846152,fold_5,xgb,0.8639242649078369
BIIB,2025-06-30,2025-07-31,1.0,130.07,123.53,-1.59,3.62,3.871,4.12,3.59,26.0,3.8819,4.0589,4.0589,4.0307,0.0,0.0,2.0,14.0,2322592180.0,2408000000.0,2240910330.0,28.0,39051.17,38709.84,1237.38,1460.25,6.13,-74.88,-0.44,-17.71,-12.21,10.92,6.11,-2.02,0.0,128.0,134.0,128.0,2025-08-01,3.85,4.300000000000001,8.15,6.3671875,3.575,,,131.95,3.9499999999999886,1.19534,0.9612,1.07827,0.36121,66.50096914501934,-0.7073050000000001,48.0,20.0,0.851261620185923,2.0,4.6875,1,1.6796875,2025-07-30,639.0,629.1236572265625,0.12707,0.1310586363636363,0.1406592857142857,0.0039886363636363,0.0135892857142857,0,0.1417,0.12219,0.01951,0.0048749999999999,0.0986228599474555,0.0941424971854393,0.2948207171314741,0.0408396912650332,0.0648491300796026,0.0622208699203974,0.6297646740195635,1.29,0.7565332011284679,1.0574451677843406,-0.2587041109526384,0.0003942349687,0.0268836165054346,-0.004143684173762,1,15.479999542236328,18.350000381469727,2.7729995422363274,8.15,3.9499999999999886,expiry_intrinsic,0.40750000000000003,1.9500000000000002,377.30000000000115,0.02947656250000009,fold_5,xgb,0.8222222328186035
WTW,2025-06-30,2025-07-31,1.0,307.61,312.07,2.67,1.2,2.6261,3.06,2.47,15.0,2.6261,2.644,2.6453,2.6306,0.0,0.0,2.0,5.0,2237059200.0,2283000000.0,2202404000.0,10.0,3403.01,3116.7,249.61,319.56,-5.04,-77.61,3.46,-4.86,-61.5,-13.28,54.29,-2.23,7.47,300.0,320.0,300.0,2025-08-15,9.65,7.199999999999999,16.849999999999998,5.616666666666665,17.2,,,330.5,30.5,0.33682,0.33682,0.33682,0.2148749999999999,36.204797814856605,-0.07317,8.0,0.0,0.5555555555555556,16.0,6.666666666666665,0,-1.0499999999999998,2025-07-30,639.0,629.1236572265625,0.12707,0.1310586363636363,0.1406592857142857,0.0039886363636363,0.0135892857142857,0,0.1417,0.12219,0.01951,0.0048749999999999,0.0986228599474555,0.0941424971854393,0.2948207171314741,0.0408396912650332,0.0648491300796026,0.0622208699203974,0.6297646740195635,1.29,0.7565332011284679,1.0574451677843406,-0.2587041109526384,0.0003942349687,0.0268836165054346,-0.004143684173762,1,15.479999542236328,18.350000381469727,2.7729995422363274,16.85,30.5,expiry_intrinsic,0.8425000000000001,1.9500000000000002,-1451.1999999999998,-0.04837333333333333,fold_5,xgb,0.8222222328186035
MTD,2025-06-30,2025-07-31,1.0,1205.29,1100.01,2.36,12.15,9.5983,9.95,9.488,12.0,9.5973,9.554,9.5482,10.1736,1.0,0.0,2.0,0.0,958170550.0,966000000.0,946041730.0,10.0,34812.32,32155.07,1577.39,601.96,-4.56,-77.18,0.28,-7.87,-34.0,-9.24,-11.87,0.33,-2.06,1270.0,1200.0,1270.0,2025-08-15,41.25,45.6,86.85,6.838582677165355,4.824999999999999,73.19999999999999,78.02499999999999,1312.34,42.33999999999992,0.39536,0.42462,0.4099899999999999,0.28804,29.74462791775408,-0.0975599999999999,2.0,0.0,3.75,16.0,5.511811023622048,1,1.3267716535433065,2025-07-30,639.0,629.1236572265625,0.12707,0.1310586363636363,0.1406592857142857,0.0039886363636363,0.0135892857142857,0,0.1417,0.12219,0.01951,0.0048749999999999,0.0986228599474555,0.0941424971854393,0.2948207171314741,0.0408396912650332,0.0648491300796026,0.0622208699203974,0.6297646740195635,1.29,0.7565332011284679,1.0574451677843406,-0.2587041109526384,0.0003942349687,0.0268836165054346,-0.004143684173762,1,15.479999542236328,18.350000381469727,2.7729995422363274,86.85,42.33999999999992,expiry_intrinsic,4.3425,1.9500000000000002,4014.8000000000075,0.03161259842519691,fold_5,xgb,0.8222222328186035
KIM,2025-06-30,2025-07-31,1.0,21.18,21.12,0.24,0.52,0.1787,0.21,0.16,4.0,0.1683,0.1683,0.1683,0.1912,0.0,0.0,0.0,2.0,525226950.0,530803000.0,518406000.0,7.0,15548.16,15362.74,73.6,72.75,6.53,-73.66,12.77,700.0,-21.74,29.87,38.1,-0.05,7.69,22.5,20.0,22.5,2025-08-15,0.2,0.7250000000000001,0.925,4.111111111111112,0.05,1.775,1.825,21.21,1.2899999999999991,0.22951,0.21,0.2197549999999999,0.239265,-8.878068758390038,-0.0048799999999999,112.0,24.0,0.0237812128418549,16.0,11.111111111111116,0,-7.000000000000004,2025-07-30,639.0,629.1236572265625,0.12707,0.1310586363636363,0.1406592857142857,0.0039886363636363,0.0135892857142857,0,0.1417,0.12219,0.01951,0.0048749999999999,0.0986228599474555,0.0941424971854393,0.2948207171314741,0.0408396912650332,0.0648491300796026,0.0622208699203974,0.6297646740195635,1.29,0.7565332011284679,1.0574451677843406,-0.2587041109526384,0.0003942349687,0.0268836165054346,-0.004143684173762,1,15.479999542236328,18.350000381469727,2.7729995422363274,0.925,1.2899999999999991,expiry_intrinsic,0.046250000000000006,1.9500000000000002,-43.07499999999992,-0.01914444444444441,fold_5,xgb,0.8222222328186035
HII,2025-06-30,2025-07-31,1.0,246.31,230.02,13.22,21.23,3.3903,4.3,3.1068,9.0,3.3766,3.3766,3.3766,3.3276,1.0,0.0,1.0,1.0,2935785110.0,3077000000.0,2899000000.0,10.0,32048.03,30155.92,1935.36,2922.44,-2.53,-76.3,0.67,-2.07,20.32,3.16,12.59,1.04,0.79,260.0,270.0,260.0,2025-08-15,10.5,11.6,22.1,8.5,12.55,2.6,15.15,266.25,6.25,0.473543032898843,0.5453437886829058,0.5094434107908744,,,,92.0,7.0,0.2758620689655172,16.0,3.8461538461538542,1,4.653846153846145,2025-07-30,639.0,629.1236572265625,0.12707,0.1310586363636363,0.1406592857142857,0.0039886363636363,0.0135892857142857,0,0.1417,0.12219,0.01951,0.0048749999999999,0.0986228599474555,0.0941424971854393,0.2948207171314741,0.0408396912650332,0.0648491300796026,0.0622208699203974,0.6297646740195635,1.29,0.7565332011284679,1.0574451677843406,-0.2587041109526384,0.0003942349687,0.0268836165054346,-0.004143684173762,1,15.479999542236328,18.350000381469727,2.7729995422363274,22.1,6.25,expiry_intrinsic,1.1050000000000002,1.9500000000000002,1472.55,0.05663653846153846,fold_5,xgb,0.8222222328186035
ICE,2025-06-30,2025-07-31,1.0,181.86,173.45,1.63,6.56,1.7701,1.83,1.74,15.0,1.7692,1.7382,1.738,1.687,4.0,0.0,12.0,3.0,2538567740.0,2567655930.0,2521000000.0,9.0,4441.7,4343.45,78.61,40.69,15.28,-72.54,19.75,16.22,13.16,4.79,14.86,-2.85,-0.14,185.0,185.0,185.0,2025-08-15,4.65,2.5749999999999997,7.225,3.9054054054054057,3.175,2.875,6.05,181.2,3.8000000000000114,0.26853,0.20024,0.234385,0.209995,10.405956012543474,-0.034145,287.0,483.0,0.2035147392290249,16.0,0.0,1,3.9054054054054057,2025-07-30,639.0,629.1236572265625,0.12707,0.1310586363636363,0.1406592857142857,0.0039886363636363,0.0135892857142857,0,0.1417,0.12219,0.01951,0.0048749999999999,0.0986228599474555,0.0941424971854393,0.2948207171314741,0.0408396912650332,0.0648491300796026,0.0622208699203974,0.6297646740195635,1.29,0.7565332011284679,1.0574451677843406,-0.2587041109526384,0.0003942349687,0.0268836165054346,-0.004143684173762,1,15.479999542236328,18.350000381469727,2.7729995422363274,7.225,3.8000000000000114,expiry_intrinsic,0.36125,1.9500000000000002,304.4249999999988,0.01645540540540534,fold_5,xgb,0.8222222328186035
LIN,2025-06-30,2025-08-01,1.0,477.17,454.95,-3.72,0.98,4.0352,4.0827,3.95,19.0,4.0315,4.0288,4.0251,4.0931,1.0,0.0,3.0,1.0,8377816860.0,8515000000.0,8172410000.0,15.0,33528.88,33331.21,111.05,29.29,0.15,-75.42,0.75,5.33,-0.5,0.13,9.03,1.31,2.23,460.0,465.0,460.0,2025-08-15,8.95,8.350000000000001,17.3,3.760869565217392,11.6,3.95,15.55,480.08,20.079999999999984,0.22951,0.23926,0.234385,0.20024,14.567911769097854,-0.034145,32.0,27.0,3.990304709141274,15.0,1.0869565217391353,1,2.6739130434782563,2025-07-31,633.0,626.763671875,0.136825,0.1323886363636363,0.1458835714285714,-0.0044363636363636,0.0090585714285714,0,0.1626128571428571,0.11244,0.0501728571428571,0.0007014285714285,0.37501601537476,0.1234289390446577,0.4422310756972111,0.0487928004896567,0.0669650834664368,0.0698599165335631,0.7286304737320585,1.46,1.753994746899025,1.1681933927394608,-0.2309668985288198,-0.0036883986202657,0.0233626828498263,-0.0078793668024707,1,16.719999313354492,19.13999938964844,3.037499313354491,17.3,20.079999999999984,expiry_intrinsic,0.8650000000000001,1.9500000000000002,-366.44999999999834,-0.007966304347826051,fold_5,xgb,0.8222222328186035
D,2025-06-30,2025-08-01,1.0,57.42,55.0,5.21,9.84,0.6776,0.75,0.61,12.0,0.6861,0.7536,0.7676,0.7775,0.0,0.0,0.0,6.0,3652209720.0,4007000000.0,3016117880.0,4.0,4133.84,3527.18,286.91,188.32,12.22,-71.81,3.84,69.09,60.34,23.89,46.82,4.12,7.06,57.5,62.5,57.5,2025-08-15,1.85,0.825,2.675,4.6521739130434785,3.85,0.125,3.975,61.14,3.640000000000001,0.26853,0.26853,0.26853,0.19048,29.065653744460572,-0.0390249999999999,3108.0,363.0,2.1490683229813663,15.0,8.695652173913038,0,-4.043478260869559,2025-07-31,633.0,626.763671875,0.136825,0.1323886363636363,0.1458835714285714,-0.0044363636363636,0.0090585714285714,0,0.1626128571428571,0.11244,0.0501728571428571,0.0007014285714285,0.37501601537476,0.1234289390446577,0.4422310756972111,0.0487928004896567,0.0669650834664368,0.0698599165335631,0.7286304737320585,1.46,1.753994746899025,1.1681933927394608,-0.2309668985288198,-0.0036883986202657,0.0233626828498263,-0.0078793668024707,1,16.719999313354492,19.13999938964844,3.037499313354491,2.675,3.640000000000001,expiry_intrinsic,0.13375,1.9500000000000002,-111.82500000000013,-0.019447826086956544,fold_5,xgb,0.8222222328186035
AXON,2025-06-30,2025-08-04,1.0,795.48,601.67,-6.36,23.8,1.4619,1.88,1.23,15.0,1.4593,1.461,1.4287,1.3847,1.0,0.0,2.0,0.0,640966630.0,662000000.0,626000000.0,14.0,23340.03,21248.23,1389.22,581.02,31.26,-71.01,32.94,22.61,-32.21,-22.48,-147.96,4.35,-4.89,750.0,870.0,750.0,2025-08-15,42.95,47.2,90.15,12.02,120.1,1.6,121.7,754.24,4.240000000000009,0.79535,0.75632,0.775835,0.419745,45.897645762307704,-0.25853,122.0,23.0,1.2931354359925789,14.0,15.999999999999991,0,-3.9799999999999938,2025-08-01,623.0,616.4907836914062,0.1647021428571428,0.15634,0.1608667857142857,-0.0083621428571428,-0.0038353571428571,1,0.2002399999999999,0.13195,0.0682899999999999,0.0013928571428571,1.0,0.2071216426312121,0.7529880478087649,0.1054295544840798,0.0893604329481314,0.0753417099090114,1.1798236759358105,1.26,0.3889387001905448,5.497443798379857,0.589742560640128,-0.0241405905887579,0.0020468349405993,-0.0241405905887579,1,20.3799991607666,21.239999771118164,3.909784875052317,90.15,4.240000000000009,expiry_intrinsic,4.5075,1.9500000000000002,8138.3,0.10851066666666667,fold_5,xgb,0.8666666746139526
OKE,2025-06-30,2025-08-04,1.0,82.14,79.29,-2.81,0.68,1.3274,1.58,1.11,9.0,1.3671,1.2884,1.2949,1.2874,2.0,0.0,2.0,3.0,8328518020.0,8567369000.0,7939000000.0,3.0,3325.73,3749.29,-86.23,412.31,68.23,-62.83,30.89,-4.59,-33.76,22.06,18.61,-7.11,-6.56,80.0,75.0,80.0,2025-08-15,1.75,2.625,4.375,5.46875,0.3,4.449999999999999,4.749999999999999,73.93,6.069999999999993,0.34658,0.34658,0.34658,0.27341,21.11200877142363,-0.03903,2622.0,213.0,1.089629282027217,14.0,6.25,0,-0.78125,2025-08-01,623.0,616.4907836914062,0.1647021428571428,0.15634,0.1608667857142857,-0.0083621428571428,-0.0038353571428571,1,0.2002399999999999,0.13195,0.0682899999999999,0.0013928571428571,1.0,0.2071216426312121,0.7529880478087649,0.1054295544840798,0.0893604329481314,0.0753417099090114,1.1798236759358105,1.26,0.3889387001905448,5.497443798379857,0.589742560640128,-0.0241405905887579,0.0020468349405993,-0.0241405905887579,1,20.3799991607666,21.239999771118164,3.909784875052317,4.375,6.069999999999993,expiry_intrinsic,0.21875,1.9500000000000002,-193.3249999999993,-0.024165624999999913,fold_5,xgb,1.0
IDXX,2025-06-30,2025-08-04,1.0,547.01,473.71,24.82,44.13,3.3009,3.35,3.26,9.0,3.3009,3.289,3.2679,3.2558,2.0,0.0,3.0,0.0,1067294080.0,1083100000.0,1057900000.0,8.0,19953.5,18778.31,850.82,335.49,3.56,-74.38,6.03,5.34,12.98,5.16,5.88,0.92,0.69,540.0,640.0,540.0,2025-08-15,20.9,22.5,43.4,8.037037037037036,103.1,,,650.84,110.84000000000005,0.54169,0.49292,0.517305,0.239265,53.7477890219503,-0.1853599999999999,16.0,99.0,1.4012096774193548,14.0,18.518518518518512,0,-10.481481481481476,2025-08-01,623.0,616.4907836914062,0.1647021428571428,0.15634,0.1608667857142857,-0.0083621428571428,-0.0038353571428571,1,0.2002399999999999,0.13195,0.0682899999999999,0.0013928571428571,1.0,0.2071216426312121,0.7529880478087649,0.1054295544840798,0.0893604329481314,0.0753417099090114,1.1798236759358105,1.26,0.3889387001905448,5.497443798379857,0.589742560640128,-0.0241405905887579,0.0020468349405993,-0.0241405905887579,1,20.3799991607666,21.239999771118164,3.909784875052317,43.4,110.84000000000005,expiry_intrinsic,2.17,1.9500000000000002,-6962.950000000005,-0.12894351851851862,fold_5,xgb,0.8222222328186035
SPG,2025-06-30,2025-08-04,0.0,166.74,160.17,-1.68,2.35,1.557,1.63,1.3595,5.0,1.561,1.5662,1.5435,1.5386,0.0,0.0,0.0,2.0,1388059040.0,1422527000.0,1354693230.0,6.0,-1322.4,-1271.52,-229.76,403.37,2.11,-75.3,5.0,72.62,-18.99,-27.09,-1.03,-0.53,-1.56,160.0,170.0,160.0,2025-08-15,4.25,3.25,7.5,4.6875,9.9,0.35,10.249999999999998,173.28,13.28,0.2978,0.2978,0.2978,0.22951,22.93149764942915,-0.043905,102.0,23.0,0.5607985480943739,14.0,6.25,0,-1.5625,2025-08-01,623.0,616.4907836914062,0.1647021428571428,0.15634,0.1608667857142857,-0.0083621428571428,-0.0038353571428571,1,0.2002399999999999,0.13195,0.0682899999999999,0.0013928571428571,1.0,0.2071216426312121,0.7529880478087649,0.1054295544840798,0.0893604329481314,0.0753417099090114,1.1798236759358105,1.26,0.3889387001905448,5.497443798379857,0.589742560640128,-0.0241405905887579,0.0020468349405993,-0.0241405905887579,1,20.3799991607666,21.239999771118164,3.909784875052317,7.5,13.28,expiry_intrinsic,0.375,1.9500000000000002,-617.4499999999999,-0.038590624999999996,fold_5,xgb,0.8396729230880737
WMB,2025-06-30,2025-08-04,0.0,58.64,58.7,2.76,2.66,0.4893,0.61,0.44,9.0,0.4911,0.4853,0.4853,0.4723,1.0,0.0,1.0,4.0,2731462560.0,2995523000.0,2165000000.0,7.0,2872.93,2651.37,43.61,103.96,10.0,-70.98,-0.96,1.69,27.66,5.94,8.1,-1.35,-0.63,60.0,59.0,60.0,2025-08-08,1.45,1.125,2.575,4.291666666666667,0.225,1.475,1.7000000000000002,57.89,2.109999999999999,0.3856,0.3856,0.3856,0.234385,39.21550829875519,-0.097555,5863.0,5370.0,0.5309286033686094,7.0,1.6666666666666718,1,2.624999999999995,2025-08-01,623.0,616.4907836914062,0.1647021428571428,0.15634,0.1608667857142857,-0.0083621428571428,-0.0038353571428571,1,0.2002399999999999,0.13195,0.0682899999999999,0.0013928571428571,1.0,0.2071216426312121,0.7529880478087649,0.1054295544840798,0.0893604329481314,0.0753417099090114,1.1798236759358105,1.26,0.3889387001905448,5.497443798379857,0.589742560640128,-0.0241405905887579,0.0020468349405993,-0.0241405905887579,1,20.3799991607666,21.239999771118164,3.909784875052317,2.575,2.109999999999999,expiry_intrinsic,0.12875,1.9500000000000002,31.675000000000114,0.0052791666666666855,fold_5,xgb,0.8222222328186035
SBAC,2025-06-30,2025-08-04,0.0,233.93,242.83,-1.51,-5.12,2.26,2.26,2.26,1.0,2.23,2.23,2.1467,2.135,0.0,0.0,0.0,0.0,672936330.0,689000000.0,662747920.0,15.0,-7188.32,-3726.88,-2042.88,1894.79,0.97,-75.21,-1.24,1.45,-38.17,-1.32,3.57,-2.14,1.27,230.0,220.0,230.0,2025-08-15,5.3,6.4,11.7,5.08695652173913,0.675,11.25,11.925,219.94,10.060000000000002,0.32707,0.32707,0.32707,0.26853,17.898309230439978,-0.08293,20.0,0.0,0.027027027027027,14.0,4.347826086956519,1,0.7391304347826111,2025-08-01,623.0,616.4907836914062,0.1647021428571428,0.15634,0.1608667857142857,-0.0083621428571428,-0.0038353571428571,1,0.2002399999999999,0.13195,0.0682899999999999,0.0013928571428571,1.0,0.2071216426312121,0.7529880478087649,0.1054295544840798,0.0893604329481314,0.0753417099090114,1.1798236759358105,1.26,0.3889387001905448,5.497443798379857,0.589742560640128,-0.0241405905887579,0.0020468349405993,-0.0241405905887579,1,20.3799991607666,21.239999771118164,3.909784875052317,11.7,10.060000000000002,expiry_intrinsic,0.585,1.9500000000000002,103.5499999999997,0.004502173913043465,fold_5,xgb,0.8222222328186035
PEG,2025-06-30,2025-08-05,1.0,81.17,79.79,8.62,10.5,0.6984,0.7705,0.644,13.0,0.6984,0.7425,0.7573,0.7604,2.0,0.0,3.0,6.0,2481890370.0,2618252710.0,2309443000.0,5.0,5298.67,5252.21,83.93,90.22,16.74,-68.69,-1.57,9.16,70.24,4.32,16.35,-0.84,-0.08,90.0,85.0,90.0,2025-08-15,2.0,1.575,3.575,3.9722222222222223,0.15,4.199999999999999,4.35,85.32,4.680000000000007,0.2978,0.26853,0.283165,0.239265,15.503328448077974,-0.0536599999999999,204.0,10.0,0.3432706222865412,11.0,5.555555555555558,0,-1.5833333333333357,2025-08-04,633.0,625.8612670898438,0.136825,0.1385464705882352,0.14658,0.0017214705882352,0.0097549999999999,0,0.17097,0.12219,0.04878,0.0097549999999999,0.3442545827242638,0.1234289390446577,0.4422310756972111,0.1786864939454766,0.1001345404536088,0.0366904595463911,1.7844641133421888,1.42,1.3060255431469252,0.9872794386373136,-0.279971199453164,-0.0090590772791225,0.0093226980575029,-0.0093078069738217,1,17.520000457763672,19.61000061035156,3.837500457763671,3.575,4.680000000000007,expiry_intrinsic,0.17875000000000002,1.9500000000000002,-130.32500000000064,-0.014480555555555627,fold_5,xgb,0.8222222328186035
GPN,2025-06-30,2025-08-06,1.0,80.08,79.57,6.82,7.5,3.0559,3.16,2.98,22.0,3.0559,3.0488,3.0421,3.0415,3.0,0.0,7.0,2.0,2360953230.0,2402000000.0,2337400000.0,20.0,3948.99,4054.34,5.53,71.65,-0.33,-76.13,0.52,3.86,-8.81,4.91,9.52,-0.08,1.84,80.0,80.0,80.0,2025-08-15,2.5999999999999996,4.225,6.824999999999999,8.531249999999998,3.025,1.0,4.025,86.79,6.790000000000006,0.6295,0.65876,0.64413,0.38072,40.893918929408656,-0.1755999999999999,609.0,964.0,1.3265014299332698,10.0,0.0,1,8.531249999999998,2025-08-05,629.0,622.688232421875,0.1423971428571428,0.14658,0.15634,0.0041828571428571,0.0139428571428571,0,0.1793357142857143,0.12219,0.0571457142857143,0.0083657142857142,0.4753263773375676,0.1401576153969871,0.5258964143426295,0.1802274165966227,0.0980679324673956,0.0443292103897472,1.8377813426069984,1.23,0.0456670564106846,0.6892105654717244,-0.3381211577009113,-0.0114756380928591,0.0117452055492786,-0.0143304866618855,1,17.850000381469727,20.030000686645508,3.6102860957554417,6.824999999999999,6.790000000000006,expiry_intrinsic,0.34125,1.9500000000000002,-32.5750000000007,-0.004071875000000088,fold_5,xgb,0.8222222328186035
TPL,2025-06-30,2025-08-06,1.0,1033.92,1287.49,-8.06,-26.16,0.0,0.0,0.0,0.0,0.0,0.0,0.0,0.0,0.0,0.0,1.0,0.0,0.0,0.0,0.0,0.0,101782.08,85651.82,15971.36,11792.57,11.75,306.67,11.79,-65.11,10.96,12.68,10.92,-2.45,-0.58,960.0,870.0,960.0,2025-08-15,32.9,31.6,64.5,6.71875,3.175,92.65,95.825,882.15,77.85000000000002,0.52218,0.50267,0.5124249999999999,0.45877,10.470800604966565,-0.0634099999999999,2.0,2.0,0.2791878172588832,10.0,9.375,0,-2.65625,2025-08-05,629.0,622.688232421875,0.1423971428571428,0.14658,0.15634,0.0041828571428571,0.0139428571428571,0,0.1793357142857143,0.12219,0.0571457142857143,0.0083657142857142,0.4753263773375676,0.1401576153969871,0.5258964143426295,0.1802274165966227,0.0980679324673956,0.0443292103897472,1.8377813426069984,1.23,0.0456670564106846,0.6892105654717244,-0.3381211577009113,-0.0114756380928591,0.0117452055492786,-0.0143304866618855,1,17.850000381469727,20.030000686645508,3.6102860957554417,64.5,77.85000000000002,expiry_intrinsic,3.225,1.9500000000000002,-1659.4500000000025,-0.017285937500000025,fold_5,xgb,0.8222222328186035
CRL,2025-06-30,2025-08-06,1.0,153.9,141.36,-2.32,6.35,2.5042,2.57,2.4641,14.0,2.4871,2.4838,2.4861,2.3555,1.0,0.0,3.0,0.0,985079200.0,1001086000.0,972000000.0,11.0,17621.34,16550.53,1015.17,649.82,-2.71,-75.7,-2.18,3.08,-12.03,-16.02,-40.73,-1.81,-4.86,165.0,150.0,165.0,2025-08-15,10.75,8.35,19.1,11.575757575757576,0.4,15.3,15.7,156.68,8.319999999999993,0.85388,0.88315,0.8685149999999999,0.41487,52.232258510215715,-0.360965,50.0,37.0,1.1018570624648285,10.0,9.090909090909092,1,2.484848484848482,2025-08-05,629.0,622.688232421875,0.1423971428571428,0.14658,0.15634,0.0041828571428571,0.0139428571428571,0,0.1793357142857143,0.12219,0.0571457142857143,0.0083657142857142,0.4753263773375676,0.1401576153969871,0.5258964143426295,0.1802274165966227,0.0980679324673956,0.0443292103897472,1.8377813426069984,1.23,0.0456670564106846,0.6892105654717244,-0.3381211577009113,-0.0114756380928591,0.0117452055492786,-0.0143304866618855,1,17.850000381469727,20.030000686645508,3.6102860957554417,19.1,8.319999999999993,expiry_intrinsic,0.9550000000000001,1.9500000000000002,980.5500000000008,0.05942727272727277,fold_5,xgb,0.8222222328186035
XYZ,2025-06-30,2025-08-07,0.0,67.84,50.36,13.28,52.6,0.6797,1.2,0.46,32.0,0.6762,0.6742,0.6678,0.6919,3.0,0.0,9.0,2.0,6292705070.0,6884000000.0,5857718920.0,27.0,4549.98,5572.99,-454.05,333.68,-3.11,-76.07,7.68,-34.12,-21.13,-35.05,99.93,3.93,4.46,76.0,73.0,76.0,2025-08-08,4.05,3.9,7.95,10.460526315789474,0.01,2.56,2.57,73.39,2.609999999999999,1.77093,1.77093,1.77093,0.395355,77.67528925479833,-1.22924,562.0,285.0,1.984092684196824,2.0,3.9473684210526327,1,6.513157894736842,2025-08-06,633.0,627.4578247070312,0.13195,0.138260294117647,0.1475095238095237,0.006310294117647,0.0155595238095237,0,0.17097,0.11244,0.05853,0.0097549999999999,0.2295814641194957,0.1087932236101431,0.3625498007968127,0.194010277887833,0.1009576033015045,0.0309923966984954,1.9217005113367405,1.35,0.7466220669268334,0.8596506467403161,-0.4007149031012654,-0.002647861831925,0.0200535494255602,-0.0067805741025197,1,16.770000457763672,19.469999313354492,3.5750004577636716,7.949999999999999,2.609999999999999,expiry_intrinsic,0.39749999999999996,1.9500000000000002,492.3,0.06477631578947368,fold_5,xgb,0.8222222328186035
BDX,2025-06-30,2025-08-07,1.0,174.63,167.22,7.47,12.24,3.4023,3.5,3.35,11.0,3.4023,3.4178,3.4303,3.5673,0.0,0.0,0.0,4.0,5487304650.0,5495146500.0,5475000000.0,10.0,21760.8,20863.52,433.81,506.19,4.5,2.01,6.53,5.68,9.48,-15.58,-25.61,-2.86,-4.19,175.0,195.0,175.0,2025-08-15,5.125,7.25,12.375,7.071428571428571,18.1,0.2,18.3,195.94,20.94,0.57096,0.55145,0.561205,0.24414,56.49718017480243,-0.2585299999999999,151.0,73.0,1.6318681318681318,9.0,11.428571428571432,0,-4.357142857142861,2025-08-06,633.0,627.4578247070312,0.13195,0.138260294117647,0.1475095238095237,0.006310294117647,0.0155595238095237,0,0.17097,0.11244,0.05853,0.0097549999999999,0.2295814641194957,0.1087932236101431,0.3625498007968127,0.194010277887833,0.1009576033015045,0.0309923966984954,1.9217005113367405,1.35,0.7466220669268334,0.8596506467403161,-0.4007149031012654,-0.002647861831925,0.0200535494255602,-0.0067805741025197,1,16.770000457763672,19.469999313354492,3.5750004577636716,12.375,20.94,expiry_intrinsic,0.61875,1.9500000000000002,-920.3250000000002,-0.05259000000000001,fold_5,xgb,0.8222222328186035
KEYS,2025-07-31,2025-08-19,0.0,162.45,162.47,0.63,0.62,1.6719,1.69,1.65,9.0,1.6717,1.672,1.6722,1.691,0.0,0.0,0.0,1.0,1318184560.0,1325121030.0,1315000000.0,9.0,3303.2,5034.27,-1444.14,1044.7,7.4,0.62,-0.93,20.57,75.26,53.96,16.95,-0.42,1.29,165.0,160.0,165.0,2025-09-19,7.25,7.2,14.45,8.757575757575758,2.125,7.9,10.025,178.15,13.150000000000006,0.37584,0.37584,0.37584,0.229505,38.93545125585355,-0.048775,267.0,69.0,0.9897810218978104,32.0,3.0303030303030276,1,5.72727272727273,2025-08-18,647.0,637.8893432617188,0.1159221428571428,0.1319449999999999,0.1393811904761905,0.0160228571428571,0.0234590476190476,0,0.1486714285714286,0.10268,0.0459914285714286,0.0097535714285714,0.0666283980483006,0.0606744223449311,0.147410358565737,0.0804540635175924,0.1044539670268181,0.0114681758303247,0.7702346383544836,0.97,-1.36077252703364,1.2223575236752138,-0.0361683861213691,0.0116053372277842,0.0250486769634676,-0.002558316317498,1,14.989999771118164,18.450000762939453,3.397785485403878,14.45,13.150000000000006,expiry_intrinsic,0.7225,1.9500000000000002,55.79999999999936,0.003381818181818143,fold_5,xgb,0.8222222328186035
NDSN,2025-07-31,2025-08-20,1.0,214.3,195.84,-0.36,9.03,2.6366,2.69,2.57,10.0,2.6366,2.6366,2.6376,2.5757,0.0,0.0,0.0,1.0,723569000.0,733800000.0,709000000.0,10.0,3532.38,3516.79,154.15,264.74,4.96,10.97,1.42,3.42,17.48,0.4,0.08,-1.48,-1.21,220.0,220.0,220.0,2025-09-19,6.05,8.45,14.5,6.59090909090909,6.35,5.550000000000001,11.9,225.08,5.0800000000000125,0.26853,0.2978,0.283165,0.23926,15.505094203026504,-0.014635,152.0,108.0,0.1541850220264317,31.0,0.0,1,6.59090909090909,2025-08-19,643.0,634.4286499023438,0.1263728571428571,0.1322935714285714,0.1407754761904762,0.0059207142857142,0.014402619047619,0,0.1598257142857142,0.10268,0.0571457142857142,0.0048799999999999,0.2665955963754153,0.0920495362676245,0.2749003984063745,0.0519194458300157,0.1068819938655719,0.0194908632772851,0.4857641961219026,1.03,-0.9565643296245206,1.35622149817767,0.0630240660056262,-0.0044811607172615,0.0175580886413386,-0.0079696621058342,1,15.56999969482422,18.899999618530273,2.9327139805385034,14.5,5.0800000000000125,expiry_intrinsic,0.7250000000000001,1.9500000000000002,867.5499999999987,0.03943409090909085,fold_5,xgb,0.8222222328186035
WSM,2025-07-31,2025-08-27,1.0,188.23,164.51,2.09,16.81,1.8102,1.9591,1.68,19.0,1.7852,1.7809,1.7777,1.7762,2.0,0.0,7.0,0.0,1827979890.0,1852210000.0,1793453000.0,17.0,15578.11,18396.46,-1209.17,1715.34,4.2,,-1.07,-61.67,-77.06,-7.21,-8.32,-3.63,-2.3,200.0,190.0,200.0,2025-09-19,9.9,11.6,21.5,10.75,2.175,13.95,16.125,198.25,1.75,0.52218,0.53194,0.52706,0.3417,35.16867149850111,-0.053655,285.0,1251.0,1.4471926787039326,24.0,5.000000000000004,1,5.749999999999996,2025-08-26,649.0,639.733642578125,0.1124357142857142,0.1249807142857142,0.136825,0.012545,0.0243892857142857,0,0.1500657142857143,0.0943142857142857,0.0557514285714285,0.0097542857142857,1.3666056249728771e-05,0.050207473328687,0.1075697211155378,0.1324696852767233,0.1185777799884574,-0.0061420657027431,1.1171543714987586,1.07,-0.8185506636225119,0.8249207921001592,-0.5256140493427826,0.0083618428590792,0.0129053824015474,-0.0002324531495303,1,14.619999885559082,17.899999618530273,3.3764284569876537,21.5,1.75,expiry_intrinsic,1.075,1.9500000000000002,1865.55,0.0932775,fold_5,xgb,0.8222222328186035
LULU,2025-07-31,2025-09-04,1.0,195.07,265.27,5.65,-22.31,2.8509,2.95,2.53,19.0,2.8715,2.8803,2.8986,3.3245,0.0,0.0,0.0,3.0,2540097580.0,2586000000.0,2409000000.0,24.0,3887.57,4000.32,78.77,441.36,7.32,,7.79,2.36,-38.39,4.68,1.38,0.62,-1.09,197.5,167.5,197.5,2025-09-05,12.5,11.325,23.825,12.063291139240508,0.01,29.700000000000003,29.710000000000004,167.8,29.69999999999999,2.0441,2.02458,2.03434,0.4685249999999999,76.96918902445017,-1.399965,221.0,125.0,1.3847937469613674,2.0,15.189873417721522,0,-3.126582278481015,2025-09-03,646.0,638.3255615234375,0.12707,0.1328745238095238,0.1426335714285714,0.0058045238095238,0.0155635714285714,0,0.17097,0.10268,0.06829,0.009755,0.2964263775006008,0.0941424971854393,0.2749003984063745,0.0929105425484662,0.0952379297574094,0.0318320702425905,0.9755623918445988,0.99,-0.9783446400225618,0.6673500847001026,-0.6922734778110018,-0.0022010426855354,0.0199154270906565,-0.0079825604634657,1,16.350000381469727,18.93000030517578,3.643000381469728,23.825,29.69999999999999,expiry_intrinsic,1.19125,1.9500000000000002,-708.574999999999,-0.03587721518987337,fold_5,xgb,0.8222222328186035
LW,2025-08-31,2025-09-30,1.0,57.53,52.76,0.96,10.08,0.5335,0.63,0.438,8.0,0.531,0.538,0.523,0.7773,1.0,0.0,2.0,1.0,1615749940.0,1635279100.0,1599000000.0,7.0,1364.0,925.89,612.8,767.46,4.27,,-1.65,-8.33,-55.47,15.73,10.78,-0.54,1.03,55.0,62.5,55.0,2025-10-17,4.0,2.7,6.7,12.181818181818183,7.25,0.125,7.375,65.01,10.010000000000003,0.73681,0.6295,0.683155,0.31243,54.26660128374966,-0.2439,399.0,237.0,1.5838786436644854,18.0,13.636363636363647,0,-1.454545454545464,2025-09-29,666.0,659.9224243164062,0.1291614285714286,0.1417,0.14658,0.0125385714285713,0.0174185714285713,0,0.1584314285714285,0.11244,0.0459914285714285,0.0062742857142857,0.7203474870265785,0.1004213799388838,0.3625498007968127,0.0783062028006041,0.0759494725704496,0.053211956000979,1.0310302382675334,1.18,-0.1003943209285036,2.16190169345261,0.6597514402954284,-0.0047387392578681,0.025580977989813,-0.0047387392578681,1,16.1200008392334,18.760000228881836,3.2038579820905397,6.7,10.010000000000003,expiry_intrinsic,0.335,1.9500000000000002,-366.45000000000033,-0.06662727272727278,fold_5,xgb,0.8222222328186035
TRV,2025-09-30,2025-10-16,1.0,271.95,265.97,-3.82,-1.65,6.3023,7.92,5.21,20.0,5.826,5.571,5.5447,5.1904,11.0,0.0,11.0,0.0,11145142860.0,11367000000.0,11081000000.0,7.0,32503.52,20370.58,5249.06,2052.93,7.38,2.59,10.39,159.36,240.84,129.06,186.74,9.31,9.71,270.0,260.0,270.0,2025-10-17,6.300000000000001,6.65,12.95,4.796296296296297,0.03,7.4,7.430000000000001,262.01,7.990000000000009,0.82461,0.8051,0.814855,0.22463,72.43313227506735,-0.521935,254.0,375.0,0.7482915717539863,2.0,3.703703703703709,1,1.0925925925925877,2025-10-15,666.0,661.4039916992188,0.166095,0.1686485714285714,0.166095,0.0025535714285714,0.0,0,0.21,0.13195,0.0780499999999999,0.0048799999999999,0.83530901416943,0.211303275612502,0.796812749003984,0.2489820028222339,0.1263813308649005,0.0397136691350994,1.970085305466449,1.13,-0.7181305716029607,1.441081853276747,-0.2538320821261305,-0.0117959527786175,0.0106274755210775,-0.0117959527786175,1,20.63999938964844,21.940000534057617,4.030499389648437,12.950000000000001,7.990000000000009,expiry_intrinsic,0.6475000000000001,1.9500000000000002,429.2999999999992,0.01589999999999997,fold_6,xgb,0.8222222328186035
STLD,2025-09-30,2025-10-20,1.0,139.27,132.24,5.03,10.62,2.6307,2.69,2.6,10.0,2.6349,2.5788,2.6178,3.105,0.0,0.0,5.0,4.0,4762032360.0,4912768790.0,4562000000.0,8.0,46410.88,46475.98,67.68,260.57,-1.46,4.48,-5.79,-26.1,39.58,-22.56,-31.53,-3.18,-3.68,145.0,155.0,145.0,2025-11-21,6.05,7.65,13.7,9.448275862068964,12.9,3.25,16.15,158.16,13.159999999999997,0.3856,0.3856,0.3856,0.400235,-3.795383817427388,-0.0438999999999999,272.0,65.0,0.6777163904235728,35.0,6.896551724137923,1,2.551724137931042,2025-10-17,666.0,660.62841796875,0.166095,0.1702735714285714,0.166095,0.0041785714285714,0.0,0,0.2002399999999999,0.1417,0.0585399999999999,0.0048749999999999,0.5916751373098373,0.211303275612502,0.7928286852589641,0.1309378925294387,0.1292928364681499,0.03680216353185,1.0127234896087534,1.26,-0.3159114950438394,0.767803389493788,-0.3668648226399914,0.0174114706353449,0.0059976544737594,-0.0129547378917808,1,20.780000686645508,22.09000015258789,4.170500686645507,13.7,13.159999999999997,expiry_intrinsic,0.685,1.9500000000000002,-16.449999999999736,-0.0011344827586206715,fold_6,xgb,0.8222222328186035
NOC,2025-09-30,2025-10-21,1.0,573.03,568.5,4.59,5.43,6.4554,6.67,6.3,18.0,6.4943,6.4977,6.4977,7.3804,2.0,0.0,5.0,4.0,10714199690.0,10883000000.0,10650321490.0,17.0,32654.46,34625.44,-235.01,4766.64,1.3,9.33,2.06,28.14,145.48,23.18,30.73,-0.09,3.1,605.0,600.0,605.0,2025-11-21,20.25,20.6,40.85,6.752066115702479,12.35,18.950000000000003,31.300000000000004,566.7,38.299999999999955,0.28804,0.28804,0.28804,0.229505,20.321830301347035,-0.053655,28.0,148.0,1.7441176470588236,32.0,0.8264462809917328,1,5.925619834710746,2025-10-20,673.0,667.499267578125,0.14658,0.15146,0.1521571428571428,0.00488,0.0055771428571428,0,0.1779414285714285,0.12219,0.0557514285714285,0.0034857142857143,0.3583039352187986,0.152715380903876,0.6414342629482072,0.1053748296670679,0.1330475191523701,0.0135324808476298,0.7920089779831928,1.79,3.3000160813684625,1.4345563050969712,-0.2410923127045109,0.012457805416941,0.0114509185900202,-0.002688997924911,1,18.229999542236328,20.309999465942383,3.5719995422363287,40.85,38.299999999999955,expiry_intrinsic,2.0425,1.9500000000000002,48.80000000000469,0.0008066115702480114,fold_6,xgb,0.8571428656578064
GPC,2025-09-30,2025-10-21,0.0,137.33,134.68,-2.05,-0.13,1.9911,2.0345,1.8568,10.0,1.9911,2.0073,2.0073,2.0441,1.0,0.0,1.0,1.0,6124728410.0,6190000000.0,6051604070.0,10.0,7667.68,7311.33,110.19,98.45,3.39,5.09,2.03,-13.93,20.0,-1.09,-1.27,1.14,-0.33,130.0,135.0,130.0,2025-11-21,6.35,3.9,10.25,7.884615384615384,6.45,2.525,8.975,128.56,1.4399999999999975,0.33682,0.31731,0.327065,0.2148749999999999,34.302050051213065,-0.06341,291.0,27.0,0.2938728323699422,32.0,3.8461538461538542,1,4.038461538461529,2025-10-20,673.0,667.499267578125,0.14658,0.15146,0.1521571428571428,0.00488,0.0055771428571428,0,0.1779414285714285,0.12219,0.0557514285714285,0.0034857142857143,0.3583039352187986,0.152715380903876,0.6414342629482072,0.1053748296670679,0.1330475191523701,0.0135324808476298,0.7920089779831928,1.79,3.3000160813684625,1.4345563050969712,-0.2410923127045109,0.012457805416941,0.0114509185900202,-0.002688997924911,1,18.229999542236328,20.309999465942383,3.5719995422363287,10.25,1.4399999999999975,expiry_intrinsic,0.5125000000000001,1.9500000000000002,827.8000000000003,0.0636769230769231,fold_6,xgb,0.8222222328186035
CB,2025-09-30,2025-10-21,1.0,273.89,270.15,-1.69,-0.33,6.1505,6.83,4.88,21.0,6.1505,5.4752,5.4597,5.5367,7.0,0.0,13.0,1.0,12944166670.0,13132000000.0,12809000000.0,6.0,21616.03,19819.62,1567.37,926.0,6.93,10.52,9.78,14.13,66.85,33.79,95.99,1.22,11.33,270.0,275.0,270.0,2025-11-21,6.3,7.2,13.5,5.0,10.65,3.45,14.099999999999998,298.29,28.29000000000002,0.21,0.21,0.21,0.18073,13.938095238095231,-0.0243949999999999,491.0,14.0,1.2387387387387387,32.0,1.85185185185186,1,3.14814814814814,2025-10-20,673.0,667.499267578125,0.14658,0.15146,0.1521571428571428,0.00488,0.0055771428571428,0,0.1779414285714285,0.12219,0.0557514285714285,0.0034857142857143,0.3583039352187986,0.152715380903876,0.6414342629482072,0.1053748296670679,0.1330475191523701,0.0135324808476298,0.7920089779831928,1.79,3.3000160813684625,1.4345563050969712,-0.2410923127045109,0.012457805416941,0.0114509185900202,-0.002688997924911,1,18.229999542236328,20.309999465942383,3.5719995422363287,13.5,28.29000000000002,expiry_intrinsic,0.675,1.9500000000000002,-1548.450000000002,-0.057350000000000075,fold_6,xgb,1.0
MCO,2025-09-30,2025-10-22,1.0,488.29,513.09,-3.17,-7.85,3.6837,4.1,3.36,21.0,3.5863,3.4665,3.4545,3.4655,7.0,0.0,14.0,1.0,1947728250.0,2010600000.0,1881000000.0,20.0,20958.85,20121.45,521.4,209.34,4.46,-1.35,15.76,8.54,-7.05,6.83,6.57,-0.43,0.89,490.0,480.0,490.0,2025-11-21,15.15,17.5,32.65,6.663265306122448,8.15,17.4,25.549999999999997,479.65,10.350000000000025,0.2978,0.27829,0.288045,0.234385,18.629033657935388,-0.0487849999999999,25.0,65.0,1.381188118811881,31.0,2.0408163265306145,1,4.622448979591834,2025-10-21,672.0,667.4892578125,0.1417,0.1510533333333333,0.1525057142857142,0.0093533333333333,0.0108057142857142,0,0.18073,0.12219,0.05854,0.0097599999999999,0.2940608984021704,0.1380646544791722,0.5816733067729084,0.1030274440244827,0.1321824346400119,0.009517565359988,0.7794336993797212,1.41,0.6360321929123965,0.7293976527674388,-0.3711155429452148,0.0136809909324202,0.0066731721542181,-0.0027039535209257,1,17.8700008392334,19.989999771118164,3.7000008392333985,32.65,10.350000000000025,expiry_intrinsic,1.6325,1.9500000000000002,2064.799999999998,0.04213877551020404,fold_6,xgb,1.0
TDY,2025-09-30,2025-10-22,1.0,567.92,549.93,-4.26,-1.13,5.4715,5.69,5.4,11.0,5.4724,5.4669,5.4669,5.536,0.0,0.0,0.0,1.0,1527185960.0,1562753650.0,1515800000.0,9.0,44834.02,43881.66,326.81,312.75,10.16,4.4,3.23,13.54,5.05,12.28,12.63,-0.55,0.4,580.0,540.0,580.0,2025-11-21,18.0,18.5,36.5,6.293103448275862,5.25,43.4,48.65,494.87,85.13,0.2978,0.23926,0.26853,0.24414,9.082784046475252,-0.0487799999999999,10.0,6.0,0.4590163934426229,31.0,6.896551724137934,0,-0.6034482758620721,2025-10-21,672.0,667.4892578125,0.1417,0.1510533333333333,0.1525057142857142,0.0093533333333333,0.0108057142857142,0,0.18073,0.12219,0.05854,0.0097599999999999,0.2940608984021704,0.1380646544791722,0.5816733067729084,0.1030274440244827,0.1321824346400119,0.009517565359988,0.7794336993797212,1.41,0.6360321929123965,0.7293976527674388,-0.3711155429452148,0.0136809909324202,0.0066731721542181,-0.0027039535209257,1,17.8700008392334,19.989999771118164,3.7000008392333985,36.5,85.13,expiry_intrinsic,1.8250000000000002,1.9500000000000002,-5047.45,-0.08702499999999999,fold_6,xgb,0.8222222328186035
FE,2025-09-30,2025-10-22,1.0,43.33,41.4,9.14,14.23,0.7683,0.8,0.7327,8.0,0.7526,0.7884,0.8002,0.83,2.0,0.0,2.0,3.0,3943693340.0,3969667000.0,3912000000.0,5.0,3272.78,3016.09,201.0,124.13,3.05,-10.23,6.2,-7.14,-22.39,18.98,52.72,-2.53,6.21,47.0,46.0,47.0,2025-11-21,1.0499999999999998,1.25,2.3,4.8936170212765955,0.6499999999999999,1.35,2.0,46.89,0.1099999999999994,0.17097,0.24902,0.209995,0.20512,2.3214838448534443,-0.0243849999999999,717.0,2.0,0.7323232323232324,31.0,2.127659574468088,1,2.7659574468085073,2025-10-21,672.0,667.4892578125,0.1417,0.1510533333333333,0.1525057142857142,0.0093533333333333,0.0108057142857142,0,0.18073,0.12219,0.05854,0.0097599999999999,0.2940608984021704,0.1380646544791722,0.5816733067729084,0.1030274440244827,0.1321824346400119,0.009517565359988,0.7794336993797212,1.41,0.6360321929123965,0.7293976527674388,-0.3711155429452148,0.0136809909324202,0.0066731721542181,-0.0027039535209257,1,17.8700008392334,19.989999771118164,3.7000008392333985,2.3,0.1099999999999994,expiry_intrinsic,0.11499999999999999,1.9500000000000002,205.55000000000004,0.0437340425531915,fold_6,xgb,1.0
CNP,2025-09-30,2025-10-23,1.0,38.8,38.36,2.06,3.23,0.4379,0.5,0.4,10.0,0.4358,0.4304,0.4247,0.4172,2.0,0.0,4.0,1.0,2054862630.0,2249907610.0,1873458650.0,6.0,5007.82,5071.86,42.03,99.25,2.05,-33.42,1.87,-19.44,-45.28,-5.32,-10.71,-4.49,-3.06,40.0,39.0,40.0,2025-11-21,1.05,1.05,2.1,5.250000000000001,0.65,1.2000000000000002,1.85,39.56,0.4399999999999977,0.21,0.01488,0.11244,0.209995,-86.76182853077195,0.11219,1258.0,121.0,0.3644314868804664,30.0,2.500000000000002,1,2.7499999999999987,2025-10-22,669.0,664.0191040039062,0.15146,0.15146,0.15634,0.0,0.0048799999999999,0,0.18073,0.12219,0.05854,-2.7755575615628914e-17,0.4117576123002713,0.1673661073285799,0.7091633466135459,0.1149796111641498,0.1320497102687697,0.0194102897312302,0.8707297496535512,1.23,-0.577578217917606,0.9752875992119088,-0.32515223918686,0.0039538804384426,0.0069208117015546,-0.0078887121271189,1,18.600000381469727,20.309999465942383,3.4540003814697258,2.1,0.4399999999999977,expiry_intrinsic,0.10500000000000001,1.9500000000000002,153.55000000000024,0.03838750000000006,fold_6,xgb,1.0
EG,2025-09-30,2025-10-27,0.0,349.11,332.28,-1.47,3.52,14.5182,18.91,9.553,15.0,13.8748,9.309,9.302,9.4051,7.0,0.0,10.0,0.0,3827500000.0,3921000000.0,3706000000.0,4.0,106978.72,101327.55,-6654.26,12561.52,6.56,3.92,12.37,3.03,254.29,-1.84,-1.84,-0.21,-1.66,350.0,310.0,350.0,2025-11-21,10.85,11.45,22.299999999999997,6.371428571428571,1.375,44.5,45.875,311.34,38.660000000000025,0.27829,0.2978,0.288045,0.27341,5.0808033466993034,-0.0487849999999999,174.0,3.0,0.0,28.0,11.428571428571432,0,-5.057142857142861,2025-10-24,677.0,673.4155883789062,0.13195,0.144955,0.1486714285714285,0.0130049999999999,0.0167214285714285,0,0.16122,0.11244,0.04878,0.0048799999999999,0.1250480461242795,0.1087932236101431,0.4382470119521912,0.1010009035733064,0.1335934369054825,-0.0016434369054825,0.756031927262749,1.29,-0.1666463649835814,4.862218791866703,0.3897016006457903,0.0193560707689102,0.0291771361442043,0.0,1,16.3700008392334,19.200000762939453,3.175000839233398,22.299999999999997,38.660000000000025,expiry_intrinsic,1.115,1.9500000000000002,-1749.4500000000028,-0.049984285714285794,fold_6,xgb,0.8222222328186035
SYY,2025-09-30,2025-10-28,1.0,81.94,80.11,-7.38,-5.27,1.1212,1.1593,1.1085,15.0,1.1197,1.1163,1.1157,1.1402,1.0,0.0,0.0,1.0,21079209060.0,21240000000.0,20774000000.0,12.0,2273.38,1644.19,339.82,503.43,1.13,-2.74,3.62,0.0,-27.82,-5.82,-5.68,-0.35,-0.26,77.5,75.0,77.5,2025-11-21,2.325,1.7000000000000002,4.025,5.193548387096775,0.36,3.5,3.86,76.63,0.8700000000000045,0.23926,0.24902,0.24414,0.185605,23.97599737855328,-0.029265,1174.0,110.0,1.5225375626043405,25.0,3.2258064516129004,1,1.9677419354838743,2025-10-27,686.0,681.3603515625,0.13195,0.13885625,0.14658,0.00690625,0.0146299999999999,0,0.15146,0.1152257142857142,0.0362342857142857,0.0013928571428571,0.1250480461242795,0.1087932236101431,0.4422310756972111,0.106917664401624,0.1376224413581826,-0.0056724413581826,0.7768912057253448,1.52,1.2822694085059183,11.506924388371155,1.460068247545338,0.0207656916758378,0.0353871889360914,0.0,1,15.789999961853027,18.989999771118164,2.594999961853027,4.025,0.8700000000000045,expiry_intrinsic,0.20125000000000004,1.9500000000000002,293.4249999999996,0.03786129032258059,fold_6,xgb,0.8222222328186035
SHW,2025-09-30,2025-10-28,1.0,341.91,331.98,3.67,6.77,3.4394,3.55,3.31,22.0,3.4459,3.4646,3.4668,3.4649,0.0,0.0,0.0,9.0,6197356730.0,6280600000.0,6077000000.0,18.0,-85229.15,-84521.0,-145.0,516.96,0.69,19.01,0.18,-8.65,50.22,-12.29,-10.75,0.53,-2.23,340.0,350.0,340.0,2025-11-21,9.35,13.95,23.299999999999997,6.852941176470588,11.85,5.4,17.25,337.06,2.9399999999999977,0.30755,0.35633,0.33194,0.239265,27.919202265469668,-0.06829,149.0,60.0,0.3489631982066131,25.0,2.941176470588225,1,3.911764705882363,2025-10-27,686.0,681.3603515625,0.13195,0.13885625,0.14658,0.00690625,0.0146299999999999,0,0.15146,0.1152257142857142,0.0362342857142857,0.0013928571428571,0.1250480461242795,0.1087932236101431,0.4422310756972111,0.106917664401624,0.1376224413581826,-0.0056724413581826,0.7768912057253448,1.52,1.2822694085059183,11.506924388371155,1.460068247545338,0.0207656916758378,0.0353871889360914,0.0,1,15.789999961853027,18.989999771118164,2.594999961853027,23.299999999999997,2.9399999999999977,expiry_intrinsic,1.1649999999999998,1.9500000000000002,1917.55,0.0563985294117647,fold_6,xgb,0.8222222328186035
AEP,2025-09-30,2025-10-29,0.0,109.78,113.14,11.23,7.93,1.805,1.9076,1.7486,14.0,1.793,1.8727,1.8975,1.8813,1.0,0.0,1.0,6.0,5569178040.0,5875600000.0,5294500000.0,5.0,3893.15,3117.62,315.63,247.93,9.93,-9.78,4.86,14.4,-7.14,46.38,59.71,7.24,8.57,115.0,120.0,115.0,2025-11-21,2.375,2.875,5.25,4.565217391304348,7.35,0.6,7.949999999999999,120.84,5.840000000000003,0.18073,0.25877,0.21975,0.20024,8.878270762229807,-0.01951,1072.0,627.0,0.4714747039827772,24.0,4.347826086956519,1,0.2173913043478288,2025-10-28,687.0,683.1700439453125,0.1417,0.14658,0.15634,0.0048799999999999,0.01464,0,0.1612199999999999,0.12219,0.0390299999999999,4.999999999977245e-06,0.2499679692504803,0.1380646544791722,0.5776892430278885,0.1019969727617197,0.1376072586588146,0.0040927413411853,0.7412179688472138,1.06,-1.6131966610729989,1.6868890148636602,-0.2763504612986595,0.0234921924949049,0.0352278067425693,0.0,1,16.420000076293945,19.549999237060547,2.2500000762939454,5.25,5.840000000000003,expiry_intrinsic,0.2625,1.9500000000000002,-87.20000000000034,-0.007582608695652204,fold_6,xgb,0.8571428656578064
AVB,2025-09-30,2025-10-29,0.0,193.56,186.28,-8.92,-5.36,1.4916,2.08,1.19,3.0,1.4952,1.6478,1.2155,1.3798,0.0,0.0,0.0,1.0,768295830.0,775200000.0,764000000.0,6.0,45428.8,44585.3,-492.32,2042.91,4.7,1.92,5.09,-33.71,-6.35,9.25,-4.35,-0.53,-2.84,185.0,175.0,185.0,2025-11-21,4.5,4.300000000000001,8.8,4.756756756756757,0.75,10.65,11.4,180.68,4.319999999999993,0.24902,0.21975,0.234385,0.2197549999999999,6.241867013674097,0.0,205.0,4.0,5.173913043478261,24.0,5.405405405405405,0,-0.6486486486486482,2025-10-28,687.0,683.1700439453125,0.1417,0.14658,0.15634,0.0048799999999999,0.01464,0,0.1612199999999999,0.12219,0.0390299999999999,4.999999999977245e-06,0.2499679692504803,0.1380646544791722,0.5776892430278885,0.1019969727617197,0.1376072586588146,0.0040927413411853,0.7412179688472138,1.06,-1.6131966610729989,1.6868890148636602,-0.2763504612986595,0.0234921924949049,0.0352278067425693,0.0,1,16.420000076293945,19.549999237060547,2.2500000762939454,8.8,4.319999999999993,expiry_intrinsic,0.44000000000000006,1.9500000000000002,402.05000000000075,0.021732432432432475,fold_6,xgb,0.8222222328186035
WEC,2025-09-30,2025-10-30,1.0,114.59,110.24,-1.74,2.14,0.812,0.83,0.7947,7.0,0.799,0.7962,0.7862,0.8639,2.0,0.0,3.0,0.0,1897991270.0,2061356720.0,1435517540.0,7.0,8037.15,7598.62,212.22,138.32,13.4,-36.2,2.09,13.43,-66.52,8.04,10.99,-1.45,-0.44,115.0,110.0,115.0,2025-11-21,2.225,2.95,5.175000000000001,4.500000000000001,0.8,4.6,5.3999999999999995,111.14,3.859999999999999,0.20024,0.24902,0.22463,0.195365,13.028090637937936,-0.0243899999999999,384.0,522.0,0.9260450160771704,23.0,4.347826086956519,1,0.152173913043482,2025-10-29,687.0,683.4981689453125,0.14658,0.1526799999999999,0.1601703571428571,0.0060999999999999,0.0135903571428571,0,0.17097,0.12219,0.04878,0.0,0.3124919923126199,0.152715380903876,0.6414342629482072,0.0704764183530035,0.1374421677454058,0.0091378322545941,0.5127714405927601,1.4,0.5131756759690881,2.6924580658458623,-0.1085265131489235,0.0293350971740893,0.0318382271572281,0.0,1,16.920000076293945,19.829999923706055,2.262000076293946,5.175000000000001,3.859999999999999,expiry_intrinsic,0.25875000000000004,1.9500000000000002,103.67500000000017,0.009015217391304363,fold_6,xgb,0.8571428656578064
WTW,2025-09-30,2025-10-30,1.0,345.45,314.77,-8.24,0.71,3.049,3.23,2.85,19.0,3.0552,3.0394,3.0172,2.9905,1.0,0.0,6.0,3.0,2284415400.0,2312000000.0,2241000000.0,10.0,4039.22,3469.4,177.98,293.7,-0.22,1.71,2.75,12.16,-8.63,15.71,73.58,-39.55,6.92,320.0,310.0,320.0,2025-11-21,9.15,11.4,20.55,6.421875000000001,4.225,10.65,14.875,315.05,4.949999999999989,0.30755,0.32707,0.31731,0.23926,24.59739686741672,-0.0780449999999999,106.0,412.0,1.0114503816793894,23.0,3.125,1,3.296875000000001,2025-10-29,687.0,683.4981689453125,0.14658,0.1526799999999999,0.1601703571428571,0.0060999999999999,0.0135903571428571,0,0.17097,0.12219,0.04878,0.0,0.3124919923126199,0.152715380903876,0.6414342629482072,0.0704764183530035,0.1374421677454058,0.0091378322545941,0.5127714405927601,1.4,0.5131756759690881,2.6924580658458623,-0.1085265131489235,0.0293350971740893,0.0318382271572281,0.0,1,16.920000076293945,19.829999923706055,2.262000076293946,20.55,4.949999999999989,expiry_intrinsic,1.0275,1.9500000000000002,1455.300000000001,0.045478125000000036,fold_6,xgb,0.7797991633415222
XEL,2025-09-30,2025-10-30,0.0,80.65,73.47,1.17,11.05,1.3183,1.37,1.274,14.0,1.3214,1.3627,1.3705,1.3822,0.0,0.0,1.0,6.0,3947910000.0,4024883000.0,3868717000.0,6.0,4111.52,4063.14,-440.21,634.44,8.55,-15.85,-1.09,38.89,-10.71,16.16,28.51,1.46,2.72,80.0,80.0,80.0,2025-11-21,1.75,1.925,3.675,4.59375,2.475,1.05,3.5250000000000004,79.67,0.3299999999999983,0.22951,0.23926,0.234385,0.2148749999999999,8.323911513108785,0.0048749999999999,467.0,20.0,0.2184873949579832,23.0,0.0,1,4.59375,2025-10-29,687.0,683.4981689453125,0.14658,0.1526799999999999,0.1601703571428571,0.0060999999999999,0.0135903571428571,0,0.17097,0.12219,0.04878,0.0,0.3124919923126199,0.152715380903876,0.6414342629482072,0.0704764183530035,0.1374421677454058,0.0091378322545941,0.5127714405927601,1.4,0.5131756759690881,2.6924580658458623,-0.1085265131489235,0.0293350971740893,0.0318382271572281,0.0,1,16.920000076293945,19.829999923706055,2.262000076293946,3.675,0.3299999999999983,expiry_intrinsic,0.18375,1.9500000000000002,314.1750000000002,0.039271875000000026,fold_6,xgb,0.8222222328186035
AMP,2025-09-30,2025-10-30,1.0,491.25,501.52,-7.56,-9.45,9.7608,9.96,9.42,12.0,9.6017,9.55,9.55,9.476,6.0,0.0,8.0,1.0,4565549330.0,4626000000.0,4524000000.0,6.0,7952.48,12419.42,-3157.76,5877.32,3.67,0.48,9.21,6.8,56.26,29.35,28.54,-104.5,5.97,480.0,450.0,480.0,2025-11-21,13.7,15.8,29.5,6.145833333333333,1.775,29.799999999999997,31.574999999999996,447.56,32.44,0.28804,0.32707,0.307555,0.239265,22.20415860577783,-0.058535,5.0,54.0,1.1666666666666667,23.0,6.25,0,-0.1041666666666669,2025-10-29,687.0,683.4981689453125,0.14658,0.1526799999999999,0.1601703571428571,0.0060999999999999,0.0135903571428571,0,0.17097,0.12219,0.04878,0.0,0.3124919923126199,0.152715380903876,0.6414342629482072,0.0704764183530035,0.1374421677454058,0.0091378322545941,0.5127714405927601,1.4,0.5131756759690881,2.6924580658458623,-0.1085265131489235,0.0293350971740893,0.0318382271572281,0.0,1,16.920000076293945,19.829999923706055,2.262000076293946,29.5,32.44,expiry_intrinsic,1.475,1.9500000000000002,-443.4499999999997,-0.00923854166666666,fold_6,xgb,1.0
CMS,2025-09-30,2025-10-30,1.0,73.26,74.08,-0.07,-1.17,0.8588,0.92,0.8314,11.0,0.8659,0.8437,0.8438,0.864,1.0,0.0,3.0,3.0,1814317730.0,1872294110.0,1781600000.0,4.0,4773.6,4698.78,102.61,96.53,14.37,-24.89,4.84,7.58,-30.39,10.87,12.01,-2.1,-0.36,70.0,75.0,70.0,2025-11-21,2.975,0.675,3.65,5.214285714285715,3.1,0.375,3.475,74.04,4.040000000000006,0.20024,0.22951,0.2148749999999999,0.23926,-11.34845840605004,-0.0146349999999999,668.0,0.0,0.9791976225854384,23.0,7.14285714285714,0,-1.9285714285714244,2025-10-29,687.0,683.4981689453125,0.14658,0.1526799999999999,0.1601703571428571,0.0060999999999999,0.0135903571428571,0,0.17097,0.12219,0.04878,0.0,0.3124919923126199,0.152715380903876,0.6414342629482072,0.0704764183530035,0.1374421677454058,0.0091378322545941,0.5127714405927601,1.4,0.5131756759690881,2.6924580658458623,-0.1085265131489235,0.0293350971740893,0.0318382271572281,0.0,1,16.920000076293945,19.829999923706055,2.262000076293946,3.6500000000000004,4.040000000000006,expiry_intrinsic,0.18250000000000002,1.9500000000000002,-59.20000000000059,-0.008457142857142943,fold_6,xgb,0.8222222328186035
O,2025-09-30,2025-11-03,0.0,60.4,57.2,-3.64,1.75,0.4008,0.4281,0.3735,2.0,0.4281,0.3987,0.2873,0.2873,0.0,0.0,1.0,0.0,1348638200.0,1423528590.0,1281543000.0,8.0,-5501.28,-4245.46,-430.4,305.95,5.3,2.16,21.7,-24.14,-21.26,2.16,4.31,-0.17,-0.41,57.5,57.5,57.5,2025-11-21,1.425,0.7749999999999999,2.2,3.82608695652174,0.45,1.6,2.0500000000000003,56.67,0.8299999999999983,0.20024,0.19048,0.19536,0.180725,7.491298116298106,-0.0243899999999999,1475.0,91.0,0.4493710691823899,21.0,0.0,1,3.82608695652174,2025-10-31,684.0,678.1983642578125,0.1444885714285714,0.15634,0.1653982142857142,0.0118514285714285,0.0209096428571428,0,0.1737585714285714,0.1249785714285714,0.0487799999999999,0.0048799999999999,0.2727035539238525,0.1464364981504316,0.6095617529880478,0.1298993109386806,0.1441411747619144,0.000347396666657,0.901195034335208,1.21,-0.5821028507327722,1.4413568616510084,-0.3252777478031036,0.0071022648739387,0.0191866558812945,-0.0077539413100081,1,17.440000534057617,20.489999771118164,2.991143391200474,2.2,0.8299999999999983,expiry_intrinsic,0.11000000000000001,1.9500000000000002,124.05000000000018,0.021573913043478294,fold_6,xgb,0.8222222328186035
EXC,2025-09-30,2025-11-04,1.0,45.34,45.06,2.29,2.93,0.7785,0.8,0.75,12.0,0.768,0.7532,0.7532,0.7389,2.0,0.0,5.0,2.0,6481762150.0,6794213070.0,6352620000.0,7.0,3977.23,3698.63,188.37,76.72,1.23,-19.17,5.66,-17.02,-57.61,1.23,1.53,0.43,0.05,46.0,46.0,46.0,2025-11-21,1.0,0.975,1.975,4.293478260869565,0.8,0.8,1.6,45.75,0.25,0.21,0.26853,0.239265,0.209995,12.233297807869942,-0.0097599999999999,379.0,108.0,0.2988095238095238,18.0,0.0,1,4.293478260869565,2025-11-03,686.0,679.4711303710938,0.1451857142857142,0.1520699999999999,0.1616842857142857,0.0068842857142857,0.0164985714285714,0,0.17097,0.1291614285714286,0.0418085714285714,0.00488,0.2817980208352744,0.1485294590682463,0.6135458167330677,0.0946724485893877,0.1441378861606932,0.001047828125021,0.6568186277120884,1.27,-0.2045226232304332,4.420121853122671,0.1712725690893085,-0.0027727195852735,0.0211144294852627,-0.005891805943581,1,17.170000076293945,20.3799991607666,2.6514286477225166,1.975,0.25,expiry_intrinsic,0.09875,1.9500000000000002,160.67500000000004,0.03492934782608696,fold_6,xgb,1.0
ES,2025-09-30,2025-11-04,1.0,72.53,65.43,1.78,12.82,1.1485,1.2,0.89,14.0,1.1443,1.1448,1.1518,1.1451,2.0,0.0,3.0,4.0,3200790010.0,3812300000.0,2936337930.0,5.0,3630.56,3608.38,43.52,58.71,12.02,-31.09,6.57,1.05,-36.0,30.77,10.05,21.45,-0.42,75.0,75.0,75.0,2025-11-21,1.175,2.0250000000000004,3.2,4.2666666666666675,0.45,2.4,2.85,64.55,10.450000000000005,0.21,0.26853,0.239265,0.19048,20.38952625749691,0.0292649999999999,662.0,5.0,0.0921985815602836,18.0,0.0,1,4.2666666666666675,2025-11-03,686.0,679.4711303710938,0.1451857142857142,0.1520699999999999,0.1616842857142857,0.0068842857142857,0.0164985714285714,0,0.17097,0.1291614285714286,0.0418085714285714,0.00488,0.2817980208352744,0.1485294590682463,0.6135458167330677,0.0946724485893877,0.1441378861606932,0.001047828125021,0.6568186277120884,1.27,-0.2045226232304332,4.420121853122671,0.1712725690893085,-0.0027727195852735,0.0211144294852627,-0.005891805943581,1,17.170000076293945,20.3799991607666,2.6514286477225166,3.2,10.450000000000005,expiry_intrinsic,0.16000000000000003,1.9500000000000002,-742.9500000000005,-0.09906000000000006,fold_6,xgb,0.8222222328186035
PPL,2025-09-30,2025-11-05,1.0,37.15,36.37,-2.1,,0.4557,0.49,0.42,12.0,0.4621,0.47,0.4737,0.4598,0.0,0.0,0.0,5.0,2194042460.0,2409660000.0,2073000000.0,4.0,33.06,223.0,-27.09,117.09,7.66,-19.13,3.56,-15.79,-42.56,2.36,4.1,-1.6,-0.68,36.0,37.0,36.0,2025-11-21,0.8999999999999999,0.55,1.45,4.027777777777778,0.975,0.325,1.3,36.12,0.1199999999999974,0.23926,0.21975,0.229505,0.185605,19.128123570292583,-0.02439,65.0,22.0,0.0486257928118393,17.0,2.777777777777768,1,1.2500000000000098,2025-11-04,677.0,671.4169921875,0.15634,0.1581690625,0.1667914285714285,0.0018290625,0.0104514285714285,0,0.1890871428571428,0.13195,0.0571371428571428,0.0041785714285714,0.4273094914180286,0.1820168337532836,0.7250996015936255,0.1173898487501085,0.1505004106944104,0.0058395893055895,0.7799968665100018,1.17,-0.7737305757377133,1.876192882919801,-0.1723699025774819,-0.0172036989355366,0.0054049963450606,-0.0176755071289431,1,19.0,21.290000915527344,3.3659999999999997,1.45,0.1199999999999974,expiry_intrinsic,0.0725,1.9500000000000002,123.80000000000025,0.03438888888888896,fold_6,xgb,0.8222222328186035
ALL,2025-09-30,2025-11-05,1.0,208.83,205.0,-6.74,-5.0,7.5432,9.18,4.6333,20.0,7.5052,5.913,4.9863,4.541,1.0,0.0,17.0,0.0,16942000000.0,16942000000.0,16942000000.0,1.0,51949.9,41969.27,6045.18,2284.02,5.21,1.74,10.67,268.94,68.27,343.94,411.93,7.62,12.98,195.0,200.0,195.0,2025-11-21,5.6,4.75,10.35,5.3076923076923075,6.45,2.875,9.325,214.32,19.319999999999993,0.31731,0.2978,0.307555,0.27341,11.102079302888926,-0.05854,108.0,30.0,1.35678391959799,17.0,2.564102564102555,1,2.7435897435897525,2025-11-04,677.0,671.4169921875,0.15634,0.1581690625,0.1667914285714285,0.0018290625,0.0104514285714285,0,0.1890871428571428,0.13195,0.0571371428571428,0.0041785714285714,0.4273094914180286,0.1820168337532836,0.7250996015936255,0.1173898487501085,0.1505004106944104,0.0058395893055895,0.7799968665100018,1.17,-0.7737305757377133,1.876192882919801,-0.1723699025774819,-0.0172036989355366,0.0054049963450606,-0.0176755071289431,1,19.0,21.290000915527344,3.3659999999999997,10.35,19.319999999999993,expiry_intrinsic,0.5175,1.9500000000000002,-950.6999999999994,-0.04875384615384612,fold_6,xgb,0.8240060806274414
ED,2025-09-30,2025-11-06,1.0,100.04,104.48,-3.05,-7.17,1.7486,1.8318,1.7,9.0,1.7497,1.7683,1.7726,1.7647,0.0,0.0,1.0,4.0,4220420460.0,4334061650.0,4052000000.0,6.0,5006.59,4778.32,285.85,213.29,11.65,-25.07,6.62,15.25,-69.91,18.15,10.94,-13.49,-0.07,95.0,97.5,95.0,2025-11-21,2.6,1.975,4.575,4.815789473684211,4.05,0.6,4.6499999999999995,100.16,5.159999999999997,0.23926,0.31731,0.278285,0.195365,29.7967910595253,-0.048775,44.0,0.0,1.2608695652173914,16.0,2.6315789473684292,1,2.1842105263157814,2025-11-05,679.0,673.7437133789062,0.15146,0.1526799999999999,0.166095,0.0012199999999999,0.0146349999999999,0,0.18073,0.13195,0.0487799999999999,0.0048799999999999,0.3636482230380737,0.1673661073285799,0.7171314741035857,0.1253427026304716,0.1501667208936776,0.0012932791063223,0.8346902821379302,1.17,-0.6946781023085637,1.065096956710493,-0.4892707646516285,-0.014271370443403,0.0126434838272775,-0.014271370443403,1,18.010000228881836,20.600000381469727,2.864000228881835,4.575,5.159999999999997,expiry_intrinsic,0.22875,1.9500000000000002,-83.32499999999965,-0.00877105263157891,fold_6,xgb,0.8222222328186035
DUK,2025-09-30,2025-11-06,1.0,125.56,125.32,-1.24,-1.05,1.7496,1.7835,1.68,17.0,1.7503,1.7272,1.7372,1.7425,1.0,0.0,6.0,1.0,8553308540.0,8803850930.0,8313675380.0,9.0,4330.4,3716.86,318.76,191.98,4.68,-8.98,4.57,5.93,-28.98,4.22,6.56,-19.69,0.43,125.0,125.0,125.0,2025-11-21,1.2999999999999998,3.2,4.5,3.5999999999999996,0.8,3.075,3.875,122.8,2.200000000000003,0.17097,0.25877,0.21487,0.190485,11.348722483362028,-0.0243849999999999,2244.0,149.0,0.354059985369422,16.0,0.0,1,3.5999999999999996,2025-11-05,679.0,673.7437133789062,0.15146,0.1526799999999999,0.166095,0.0012199999999999,0.0146349999999999,0,0.18073,0.13195,0.0487799999999999,0.0048799999999999,0.3636482230380737,0.1673661073285799,0.7171314741035857,0.1253427026304716,0.1501667208936776,0.0012932791063223,0.8346902821379302,1.17,-0.6946781023085637,1.065096956710493,-0.4892707646516285,-0.014271370443403,0.0126434838272775,-0.014271370443403,1,18.010000228881836,20.600000381469727,2.864000228881835,4.5,2.200000000000003,expiry_intrinsic,0.225,1.9500000000000002,205.54999999999973,0.01644399999999998,fold_6,xgb,1.0
