ticker,fiscal_quarter_end,announcement_date,eps_beat,price_1m_before,price_3m_before,price_change_1m_pct,price_change_3m_pct,eps_estimate_average,eps_estimate_high,eps_estimate_low,eps_estimate_analyst_count,eps_estimate_average_7_days_ago,eps_estimate_average_30_days_ago,eps_estimate_average_60_days_ago,eps_estimate_average_90_days_ago,eps_estimate_revision_up_trailing_7_days,eps_estimate_revision_down_trailing_7_days,eps_estimate_revision_up_trailing_30_days,eps_estimate_revision_down_trailing_30_days,revenue_estimate_average,revenue_estimate_high,revenue_estimate_low,revenue_estimate_analyst_count,elo_before,elo_decay,elo_momentum,elo_vol_4q,total_revenue_yoy_growth_lag1,total_revenue_qoq_growth_lag1,total_revenue_ttm_yoy_growth_lag1,actual_eps_yoy_growth_lag1,actual_eps_qoq_growth_lag1,ebitda_yoy_growth_lag1,operating_income_yoy_growth_lag1,gross_margin_yoy_change_lag1,operating_margin_yoy_change_lag1,stock_price_pre,stock_price_post,atm_strike_pre,atm_expiration_pre,atm_call_mid_pre,atm_put_mid_pre,straddle_price_pre,straddle_pct_pre,atm_call_mid_post,atm_put_mid_post,exit_premium,expiry_close,exit_intrinsic_at_expiry,iv_call_pre,iv_put_pre,iv_avg_pre,iv_avg_post,iv_crush_pct,iv_term_slope,atm_open_interest_pre,atm_volume_pre,chain_pc_volume_ratio,dte_pre,actual_move_pct,crush_profitable,crush_pnl_pct,spy_join_date,spy_spot,spy_spy_close,spy_atm_iv_30d,spy_atm_iv_60d,spy_atm_iv_90d,spy_term_slope_30_60,spy_term_slope_30_90,spy_backwardation_flag,spy_iv_25d_put,spy_iv_25d_call,spy_risk_reversal_25d,spy_butterfly_25d,spy_iv_rank_30d,spy_iv_rank_252d,spy_iv_percentile_252d,spy_rv_5d,spy_rv_21d,spy_vrp_30d,spy_vol_expansion,spy_pc_ratio,spy_pc_ratio_z_20d,spy_voi_ratio,spy_voi_ratio_z_20d,spy_spy_ret_5d,spy_spy_ret_21d,spy_spy_dd_from_60d_high,spy_spy_above_200d_ma,spy_vix_close,spy_vix3m_close,spy_vix_minus_atm_iv_30d,entry_premium,exit_cost,exit_source,half_spread,commission,pnl_dollars,pnl_pct_notional,fold,model,proba
O,2023-09-30,2023-11-06,1.0,50.11,59.0,0.7,-14.47,0.32,0.36,0.28,6.0,0.32,0.32,0.3,0.33,0.0,0.0,0.0,0.0,1000900000.0,1079210000.0,948500000.0,9.0,-2176.8,-2065.44,-51.2,124.43,25.76,7.92,46.71,-21.62,-14.71,14.27,32.01,-2.85,1.93,50.0,50.0,50.0,2023-11-17,1.375,0.425,1.8,3.6000000000000005,1.15,0.35,1.5,52.91,2.9099999999999966,0.21,0.21,0.21,0.20512,2.3238095238095218,-0.0097599999999999,2989.0,367.0,0.6720770986558458,14.0,0.0,1,3.6000000000000005,2023-11-03,437.0,421.339599609375,0.1284642857142857,0.1338040476190476,0.1439683928571428,0.0053397619047618,0.0155041071428571,0,0.1444885714285714,0.1152257142857142,0.0292628571428571,0.0013928571428571,0.0,0.182272626285068,0.2669322709163346,0.0753587693920107,0.1567277222275322,-0.0282634365132464,0.4808260358853895,1.38,0.0567390156362627,9.24174587954904,3.3526967764843096,0.0584641445805373,0.0240047990017506,-0.0331716357080793,1,14.90999984741211,17.219999313354492,2.063571275983536,1.8,1.5,real_post_mid,0.18000000000000002,2.6,9.400000000000002,0.0018800000000000004,fold_2,lgbm,0.8333333333333334
IFF,2023-09-30,2023-11-06,1.0,62.99,64.78,14.84,11.67,0.75,0.9,0.64,15.0,0.75,0.79,0.79,1.36,0.0,0.0,0.0,0.0,2771000000.0,2863000000.0,2670000000.0,11.0,6024.8,6603.36,-90.67,372.85,-11.43,-3.24,0.94,-44.16,-1.15,-13.44,-31.92,-2.5,-1.49,72.5,72.5,72.5,2023-11-17,3.5,3.075,6.575,9.06896551724138,1.075,1.875,2.95,73.94,1.4399999999999975,0.59047,0.57096,0.5807150000000001,0.302675,47.87890789802227,-0.209745,428.0,66.0,0.1669482933423454,14.0,0.0,1,9.06896551724138,2023-11-03,437.0,421.339599609375,0.1284642857142857,0.1338040476190476,0.1439683928571428,0.0053397619047618,0.0155041071428571,0,0.1444885714285714,0.1152257142857142,0.0292628571428571,0.0013928571428571,0.0,0.182272626285068,0.2669322709163346,0.0753587693920107,0.1567277222275322,-0.0282634365132464,0.4808260358853895,1.38,0.0567390156362627,9.24174587954904,3.3526967764843096,0.0584641445805373,0.0240047990017506,-0.0331716357080793,1,14.90999984741211,17.219999313354492,2.063571275983536,6.575,2.95,real_post_mid,0.6575000000000001,2.6,294.15,0.040572413793103446,fold_2,lgbm,0.8333333333333334
FDS,2023-11-30,2023-12-19,1.0,457.34,423.77,-1.9,5.87,4.11,4.56,3.9,16.0,4.11,4.11,4.11,4.2,0.0,0.0,0.0,0.0,540360000.0,549000000.0,535100000.0,14.0,4605.6,5376.48,289.6,1711.9,8.4,2.86,15.25,0.8,-0.26,53.66,76.81,-0.07,12.56,460.0,450.0,460.0,2024-01-19,13.05,13.95,27.0,5.869565217391305,7.75,14.15,21.9,463.45,3.4499999999999886,0.23926,0.25877,0.249015,0.20024,19.58717346344597,-0.0438999999999999,4.0,118.0,0.5361050328227571,32.0,2.1739130434782594,1,3.695652173913045,2023-12-18,474.0,459.3294372558594,0.1061657142857142,0.12219,0.12707,0.0160242857142857,0.0209042857142857,0,0.12219,0.10268,0.01951,0.0062692857142857,0.1304706301809429,0.02993254314146,0.0358565737051792,0.0882317392133555,0.0708626633982167,0.0353030508874975,1.2451089894481149,1.16,0.0420301840863326,2.0250308583815415,-0.0706583450880673,0.0257442167361294,0.0525366693261015,0.0,1,12.5600004196167,15.470000267028809,1.9434289910452716,27.0,21.9,real_post_mid,2.7,2.6,237.40000000000012,0.005160869565217394,fold_2,lgbm,0.8333333333333334
SYF,2023-12-31,2024-01-23,1.0,37.94,27.7,-1.32,35.16,0.95,5.48,4.75,22.0,5.09,5.11,5.13,5.08,2.0,0.0,5.0,1.0,4293310000.0,17307400000.0,13571000000.0,14.0,16788.0,16668.96,262.4,269.27,2.88,6.48,9.0,0.68,12.12,-20.21,-47.37,-55.52,-21.85,38.0,38.0,38.0,2024-02-16,1.35,1.675,3.0250000000000004,7.960526315789475,1.125,1.275,2.4,39.56,1.5600000000000025,0.35633,0.41487,0.3856,0.312435,18.97432572614107,-0.06829,1190.0,1324.0,1.3622164878446286,25.0,0.0,1,7.960526315789475,2024-01-22,487.0,470.501953125,0.11244,0.117315,0.1221949999999999,0.004875,0.0097549999999999,0,0.12219,0.10268,0.01951,-5.000000000005e-06,0.3489380973947035,0.0748390263104754,0.2390438247011952,0.1232580514801624,0.1082304333300138,0.0042095666699861,1.138848359816935,1.07,-0.5966418017543619,2.1713003144784175,-0.1501883222185186,0.0142024716098907,0.0181324747004043,0.0,1,13.1899995803833,14.970000267028809,1.945999580383301,3.0250000000000004,2.4,real_post_mid,0.30250000000000005,2.6,29.65000000000004,0.00780263157894738,fold_2,lgbm,0.8333333333333334
STLD,2023-12-31,2024-01-23,0.0,121.84,99.84,-4.68,16.33,2.66,14.97,14.69,6.0,14.88,14.76,14.85,14.81,2.0,0.0,4.0,0.0,3720570000.0,19022800000.0,18654600000.0,10.0,45431.2,44452.0,25.6,815.66,-18.84,-9.73,2.73,-36.45,-27.86,-33.93,-39.87,-5.16,-5.59,115.0,115.0,115.0,2024-02-16,4.5,3.55,8.05,7.000000000000001,4.6,2.6,7.199999999999999,123.34,8.340000000000003,0.33682,0.32707,0.331945,0.302675,8.817725828073932,-0.02439,559.0,192.0,0.3250883392226148,25.0,0.0,1,7.000000000000001,2024-01-22,487.0,470.501953125,0.11244,0.117315,0.1221949999999999,0.004875,0.0097549999999999,0,0.12219,0.10268,0.01951,-5.000000000005e-06,0.3489380973947035,0.0748390263104754,0.2390438247011952,0.1232580514801624,0.1082304333300138,0.0042095666699861,1.138848359816935,1.07,-0.5966418017543619,2.1713003144784175,-0.1501883222185186,0.0142024716098907,0.0181324747004043,0.0,1,13.1899995803833,14.970000267028809,1.945999580383301,8.05,7.199999999999999,real_post_mid,0.8050000000000002,2.6,1.900000000000126,0.0001652173913043588,fold_2,lgbm,0.8284133970599523
PKG,2023-12-31,2024-01-24,1.0,163.68,150.64,0.81,9.54,1.83,8.52,8.28,9.0,8.39,8.37,8.34,8.33,0.0,0.0,2.0,0.0,1701640000.0,7815300000.0,7696400000.0,8.0,13818.4,12489.76,1024.0,666.42,-8.93,-0.82,0.79,-27.56,-11.26,-19.19,-30.16,-3.06,-4.06,165.0,170.0,165.0,2024-02-16,5.9,3.65,9.55,5.787878787878788,7.85,2.525,10.375,167.98,2.9799999999999898,0.28804,0.26853,0.278285,0.205115,26.293188637547843,-0.06341,128.0,9.0,0.106457242582897,24.0,3.0303030303030276,1,2.7575757575757605,2024-01-23,488.0,471.8741455078125,0.1033771428571428,0.112436923076923,0.117315,0.0090597802197802,0.0139378571428571,0,0.11244,0.10268,0.00976,0.0041828571428571,0.0465044216146638,0.0099741061774531,0.0239043824701195,0.1094782066580253,0.0939831961338705,0.0093939467232723,1.1648700104014715,1.12,-0.2157814644729686,2.909175133716885,0.0158708522991921,0.020908174417523,0.0354502945256856,0.0,1,12.550000190734863,14.520000457763672,2.212285905020579,9.55,10.375,real_post_mid,0.9550000000000001,2.6,-180.59999999999994,-0.010945454545454541,fold_2,lgbm,0.8333333333333334
APH,2023-12-31,2024-01-24,1.0,99.01,80.2,1.67,25.51,0.77,2.97,2.94,14.0,2.95,2.95,2.95,2.94,1.0,0.0,2.0,0.0,3432030000.0,12428000000.0,12351500000.0,15.0,-9461.6,-9692.0,138.67,34.87,-2.91,4.76,7.85,-2.5,8.33,-2.33,-3.78,0.6,-0.18,100.0,100.0,100.0,2024-02-16,1.5,3.3,4.8,4.8,2.25,1.15,3.4,105.52,5.519999999999996,0.21975,0.22951,0.22463,0.166095,26.058407158438325,-0.0439049999999999,3539.0,423.0,2.100143061516452,24.0,0.0,1,4.8,2024-01-23,488.0,471.8741455078125,0.1033771428571428,0.112436923076923,0.117315,0.0090597802197802,0.0139378571428571,0,0.11244,0.10268,0.00976,0.0041828571428571,0.0465044216146638,0.0099741061774531,0.0239043824701195,0.1094782066580253,0.0939831961338705,0.0093939467232723,1.1648700104014715,1.12,-0.2157814644729686,2.909175133716885,0.0158708522991921,0.020908174417523,0.0354502945256856,0.0,1,12.550000190734863,14.520000457763672,2.212285905020579,4.8,3.4,real_post_mid,0.48,2.6,89.4,0.00894,fold_2,lgbm,0.8333333333333334
AVY,2023-12-31,2024-01-31,0.0,202.16,176.21,-1.34,13.19,2.16,8.0,7.56,12.0,7.85,7.86,7.86,7.86,2.0,0.0,2.0,0.0,1850550000.0,8463040000.0,8249000000.0,12.0,8316.0,8452.96,-89.6,144.64,-9.44,0.37,-0.83,-14.63,9.38,-20.51,-12.21,1.2,-0.38,200.0,200.0,200.0,2024-02-16,6.15,4.2,10.35,5.175000000000001,3.4000000000000004,3.35,6.75,208.83,8.830000000000013,0.30755,0.28804,0.297795,0.20512,31.120401618563115,-0.07804,64.0,7.0,3.975609756097561,17.0,0.0,1,5.175000000000001,2024-01-30,493.0,477.74267578125,0.112435,0.117315,0.117315,0.00488,0.00488,0,0.12219,0.10268,0.01951,0.0,0.3332763922104542,0.0748032401786239,0.1832669322709163,0.0637463801339724,0.0938194745507287,0.0186155254492712,0.6794578677746104,1.11,-0.2769250169809859,3.08245208476732,-0.0089694648623658,0.0124366429678448,0.0297887859275871,-0.0007736108323899,1,13.3100004196167,15.140000343322754,2.0665004196167,10.350000000000001,6.75,real_post_mid,1.0350000000000001,2.6,253.90000000000012,0.012695000000000007,fold_2,lgbm,0.8333333333333334
COR,2023-12-31,2024-01-31,1.0,205.38,192.18,13.29,21.07,2.86,2.92,2.8,8.0,2.87,2.86,2.85,2.85,1.0,0.0,2.0,1.0,67075300000.0,68801000000.0,66121400000.0,5.0,1500.0,1500.0,1612.8,0.0,,,,,,,,,,220.0,240.0,220.0,2024-02-16,4.8,4.0,8.8,4.0,17.55,0.35,17.900000000000002,231.72,11.72,0.21975,0.23926,0.229505,0.16609,27.63120629180192,-0.03902,229.0,96.0,1.0925925925925926,17.0,9.090909090909085,0,-5.090909090909083,2024-01-30,493.0,477.74267578125,0.112435,0.117315,0.117315,0.00488,0.00488,0,0.12219,0.10268,0.01951,0.0,0.3332763922104542,0.0748032401786239,0.1832669322709163,0.0637463801339724,0.0938194745507287,0.0186155254492712,0.6794578677746104,1.11,-0.2769250169809859,3.08245208476732,-0.0089694648623658,0.0124366429678448,0.0297887859275871,-0.0007736108323899,1,13.3100004196167,15.140000343322754,2.0665004196167,8.8,17.900000000000002,real_post_mid,0.8800000000000001,2.6,-1000.6000000000003,-0.04548181818181819,fold_2,lgbm,0.8333333333333334
BR,2023-12-31,2024-02-01,1.0,199.89,177.12,0.87,13.84,0.89,7.05,6.89,8.0,6.93,6.94,6.94,6.92,0.0,0.0,0.0,0.0,1671570000.0,6131670000.0,6085600000.0,8.0,30415.2,29942.88,2828.8,3328.53,8.67,-1.82,7.55,-67.03,-15.6,14.07,15.29,1.18,0.5,200.0,200.0,200.0,2024-02-16,7.95,3.075,11.025,5.5125,4.35,2.175,6.5249999999999995,197.92,2.0800000000000125,0.31731,0.2978,0.307555,0.20024,34.892945977142304,-0.102435,12.0,4.0,0.5131578947368421,16.0,0.0,1,5.5125,2024-01-31,486.0,469.947265625,0.117315,0.12707,0.12707,0.009755,0.009755,0,0.13195,0.11244,0.01951,0.0048799999999999,0.4878006099695016,0.1097305048656359,0.3625498007968127,0.1504201190141764,0.1116857287357935,0.0056292712642064,1.3468159335738754,1.06,-0.6974555170639779,1.6415243494222156,-0.387722821462971,-0.0051710428834009,0.0159264976146638,-0.0170781612470504,1,14.350000381469728,15.960000038146973,2.618500381469726,11.025,6.5249999999999995,real_post_mid,1.1025,2.6,337.1500000000001,0.016857500000000004,fold_2,lgbm,0.8333333333333334
IDXX,2023-12-31,2024-02-05,1.0,537.36,422.47,6.47,35.42,2.12,9.93,9.77,12.0,9.85,9.84,9.85,9.84,2.0,0.0,4.0,0.0,894470000.0,3666210000.0,3640000000.0,11.0,16488.8,15198.56,674.13,95.52,8.78,-2.98,6.47,17.67,-5.24,11.44,12.44,-0.34,0.98,530.0,570.0,530.0,2024-02-16,15.5,17.25,32.75,6.179245283018868,39.05,1.75,40.8,555.54,25.539999999999964,0.39536,0.39536,0.39536,0.26853,32.07962363415621,-0.0926849999999999,69.0,75.0,1.4259927797833936,14.0,7.547169811320753,0,-1.3679245283018853,2024-02-02,497.0,481.1100463867187,0.11244,0.1184240909090909,0.1233420588235294,0.0059840909090909,0.0109020588235294,0,0.1249785714285714,0.10268,0.0222985714285714,0.0013892857142857,0.3171841407929603,0.0748390263104754,0.2589641434262948,0.1898745884924875,0.1148937309261126,-0.0024537309261126,1.65261052071322,1.14,-0.0645187792364455,8.393326655700134,1.2806426257646204,0.0142385716033781,0.0545235340480363,0.0,1,13.850000381469728,15.609999656677246,2.606000381469727,32.75,40.8,real_post_mid,3.2750000000000004,2.6,-1135.0999999999997,-0.021416981132075467,fold_2,lgbm,0.8333333333333334
WAT,2023-12-31,2024-02-06,1.0,305.07,255.82,8.3,29.15,3.55,11.74,11.61,19.0,11.69,11.69,11.7,12.03,0.0,0.0,1.0,1.0,796820000.0,2976000000.0,2933900000.0,18.0,14343.2,13388.48,507.73,415.64,0.44,-3.9,4.28,7.58,1.43,1.5,-6.55,2.39,-1.89,330.0,320.0,330.0,2024-02-16,8.9,12.9,21.799999999999997,6.6060606060606055,3.75,9.7,13.45,325.21,4.7900000000000205,0.49292,0.46365,0.478285,0.30755,35.697335270811344,-0.136585,602.0,102.0,0.5895372233400402,11.0,3.0303030303030276,1,3.575757575757578,2024-02-05,495.0,479.3582458496094,0.11244,0.1159840909090909,0.1236288235294117,0.0035440909090908,0.0111888235294117,0,0.12219,0.10268,0.01951,-5.000000000005e-06,0.3171841407929603,0.0748390263104754,0.2629482071713147,0.1881588705018075,0.11516872465448,-0.00272872465448,1.6337670757951572,1.04,-0.7991904066346329,0.8433276115826807,-0.6573555537605561,0.0026054472415284,0.0540790574844989,-0.0036411639088934,1,13.670000076293944,15.329999923706056,2.4260000762939455,21.8,13.45,real_post_mid,2.18,2.6,614.4000000000002,0.018618181818181825,fold_2,lgbm,0.8333333333333334
IEX,2023-12-31,2024-02-06,1.0,211.18,192.33,3.65,13.81,1.78,8.18,8.13,12.0,8.16,8.16,8.15,8.15,0.0,0.0,2.0,0.0,783360000.0,3264800000.0,3238000000.0,15.0,7336.8,6428.0,373.33,232.41,-3.71,-6.24,10.34,-0.93,-2.75,17.47,-16.67,-2.27,-3.63,220.0,220.0,220.0,2024-02-16,3.075,5.300000000000001,8.375,3.806818181818182,4.85,1.5499999999999998,6.3999999999999995,227.47,7.469999999999999,0.24902,0.2978,0.27341,0.21487,21.411067627372805,-0.0780499999999999,6.0,39.0,0.5952380952380952,11.0,0.0,1,3.806818181818182,2024-02-05,495.0,479.3582458496094,0.11244,0.1159840909090909,0.1236288235294117,0.0035440909090908,0.0111888235294117,0,0.12219,0.10268,0.01951,-5.000000000005e-06,0.3171841407929603,0.0748390263104754,0.2629482071713147,0.1881588705018075,0.11516872465448,-0.00272872465448,1.6337670757951572,1.04,-0.7991904066346329,0.8433276115826807,-0.6573555537605561,0.0026054472415284,0.0540790574844989,-0.0036411639088934,1,13.670000076293944,15.329999923706056,2.4260000762939455,8.375,6.3999999999999995,real_post_mid,0.8375,2.6,111.15000000000006,0.00505227272727273,fold_2,lgbm,0.8333333333333334
ATO,2023-12-31,2024-02-06,0.0,117.98,109.27,-5.23,2.32,2.05,6.09,6.0,10.0,6.05,6.05,6.05,6.04,0.0,0.0,0.0,0.0,191230000.0,4967520000.0,4451000000.0,7.0,-9168.8,-9168.8,-1540.27,1971.17,-21.94,74.8,-2.35,352.17,121.28,19.08,24.26,18.6,12.81,110.0,110.0,110.0,2024-02-16,3.725,2.575,6.3,5.7272727272727275,2.225,0.65,2.875,113.95,3.950000000000003,0.34658,0.45389,0.400235,0.16122,59.718665284145565,-0.199995,12.0,1.0,10.0,11.0,0.0,1,5.7272727272727275,2024-02-05,495.0,479.3582458496094,0.11244,0.1159840909090909,0.1236288235294117,0.0035440909090908,0.0111888235294117,0,0.12219,0.10268,0.01951,-5.000000000005e-06,0.3171841407929603,0.0748390263104754,0.2629482071713147,0.1881588705018075,0.11516872465448,-0.00272872465448,1.6337670757951572,1.04,-0.7991904066346329,0.8433276115826807,-0.6573555537605561,0.0026054472415284,0.0540790574844989,-0.0036411639088934,1,13.670000076293944,15.329999923706056,2.4260000762939455,6.300000000000001,2.875,real_post_mid,0.6300000000000001,2.6,276.90000000000003,0.025172727272727277,fold_2,lgbm,0.8333333333333334
CARR,2023-12-31,2024-02-06,1.0,55.72,50.95,-2.53,6.59,0.51,2.79,2.66,23.0,2.72,2.71,2.72,2.71,0.0,0.0,1.0,0.0,5479500000.0,22642000000.0,22065000000.0,21.0,3893.6,3567.2,123.73,91.09,-9.47,-17.64,-6.79,27.14,12.66,0.36,-66.58,3.08,-17.66,57.5,55.0,57.5,2024-02-16,1.575,2.625,4.2,7.304347826086957,0.1,3.95,4.05,54.0,3.5,0.53194,0.50267,0.5173049999999999,0.27829,46.20388358898522,-0.2097499999999998,1142.0,6967.0,1.5095900372693392,11.0,4.347826086956519,1,2.956521739130438,2024-02-05,495.0,479.3582458496094,0.11244,0.1159840909090909,0.1236288235294117,0.0035440909090908,0.0111888235294117,0,0.12219,0.10268,0.01951,-5.000000000005e-06,0.3171841407929603,0.0748390263104754,0.2629482071713147,0.1881588705018075,0.11516872465448,-0.00272872465448,1.6337670757951572,1.04,-0.7991904066346329,0.8433276115826807,-0.6573555537605561,0.0026054472415284,0.0540790574844989,-0.0036411639088934,1,13.670000076293944,15.329999923706056,2.4260000762939455,4.2,4.05,real_post_mid,0.42000000000000004,2.6,-29.59999999999997,-0.005147826086956516,fold_2,lgbm,0.8333333333333334
CNP,2023-12-31,2024-02-20,0.0,27.77,27.79,0.07,,0.32,1.51,1.49,17.0,1.5,1.5,1.5,1.5,0.0,0.0,2.0,0.0,2569690000.0,9829000000.0,8420690000.0,13.0,4924.0,4711.52,64.0,63.84,-2.26,-0.8,5.83,25.0,42.86,25.1,34.9,11.06,7.67,28.0,28.0,28.0,2024-03-15,0.6000000000000001,0.625,1.225,4.375,0.7,0.35,1.0499999999999998,27.87,0.129999999999999,0.20024,0.20024,0.20024,0.17585,12.180383539752295,-0.0097599999999999,595.0,29.0,0.1908127208480565,28.0,0.0,1,4.375,2024-02-16,500.0,486.1318359375,0.117315,0.1257397727272727,0.12707,0.0084247727272727,0.0097549999999999,0,0.1444885714285714,0.10268,0.0418085714285714,0.0062692857142857,0.4878006099695016,0.1097305048656359,0.4063745019920319,0.1472772464860184,0.1217055702184642,-0.0043905702184642,1.2101109770214502,1.24,1.2109872858367203,0.7703957390576222,-0.8342788637284358,-0.0033719849464421,0.0483115605906292,-0.0049799822528089,1,14.239999771118164,15.859999656677246,2.5084997711181636,1.225,1.0499999999999998,real_post_mid,0.12250000000000001,2.6,2.6500000000000257,0.0009464285714285806,fold_2,lgbm,0.8333333333333334
GRMN,2023-12-31,2024-02-21,1.0,126.71,120.37,5.42,10.97,1.4,5.35,5.21,8.0,5.27,5.27,5.27,5.27,0.0,0.0,1.0,0.0,1628650000.0,5214380000.0,5146700000.0,9.0,19112.8,18652.0,614.4,513.76,12.02,-3.28,0.81,13.71,-2.76,12.96,12.95,-1.76,0.17,125.0,135.0,125.0,2024-03-15,2.675,4.85,7.525,6.02,10.2,0.25,10.45,145.75,20.75,0.27829,0.30755,0.2929199999999999,0.18073,38.30055987983066,-0.0585349999999999,148.0,238.0,0.9783420463032112,24.0,8.000000000000007,0,-1.9800000000000075,2024-02-20,497.0,483.45550537109375,0.1277664285714285,0.12707,0.1319449999999999,-0.0006964285714285,0.0041785714285714,0,0.15146,0.11244,0.03902,0.0041835714285714,0.853582320883955,0.1845337450442597,0.5219123505976095,0.1511310774714571,0.1186754157913955,0.009091012780033,1.2734826034830276,1.06,-0.7982005195421862,1.5561731829491268,-0.3580679128626952,-0.0084234623630647,0.0297039060235702,-0.0104579252526688,1,15.420000076293944,16.40999984741211,2.64335721915109,7.5249999999999995,10.45,real_post_mid,0.7525,2.6,-370.35,-0.029628,fold_2,lgbm,0.8333333333333334
POOL,2023-12-31,2024-02-22,1.0,390.66,354.75,-2.96,6.86,1.25,13.45,13.15,9.0,13.26,13.26,13.23,13.25,1.0,0.0,1.0,0.0,915950000.0,5575000000.0,5546800000.0,13.0,28920.8,30095.2,-91.73,894.13,-8.72,-20.62,3.26,-26.57,-40.61,-25.25,-26.31,-2.1,-3.15,390.0,390.0,390.0,2024-03-15,16.0,16.45,32.45,8.320512820512821,9.85,12.25,22.1,399.31,9.310000000000002,0.40511,0.42462,0.414865,0.2977999999999999,28.21761295843228,-0.0439,16.0,40.0,1.327188940092166,23.0,0.0,1,8.320512820512821,2024-02-21,498.0,483.8934020996094,0.12707,0.1221949999999999,0.1319449999999999,-0.004875,0.0048749999999999,0,0.15146,0.11244,0.03902,0.00488,0.8292085395730207,0.1795492481078082,0.5099601593625498,0.1057068739728988,0.1186570161064869,0.008412983893513,0.8908607130153496,1.19,0.6079590018331053,0.5246779863568262,-0.8723116815032516,0.0063348845332982,0.0284620475763499,-0.0095616333862067,1,15.34000015258789,16.229999542236328,2.6330001525878917,32.45,22.1,real_post_mid,3.2450000000000006,2.6,707.9,0.01815128205128205,fold_2,lgbm,0.8333333333333334
PAYX,2024-02-29,2024-04-02,1.0,122.23,116.84,-0.12,4.48,1.37,1.39,1.28,17.0,1.37,1.37,1.37,1.38,0.0,0.0,0.0,1.0,1457910000.0,1464000000.0,1452700000.0,13.0,1418.4,1538.88,-41.6,93.96,,,6.87,30.51,-28.7,,,,,120.0,120.0,120.0,2024-04-19,4.85,2.975,7.824999999999999,6.520833333333333,2.5,1.675,4.175,119.52,0.480000000000004,0.35633,0.36609,0.36121,0.205115,43.21447357492872,-0.14634,958.0,525.0,0.397045008113417,18.0,0.0,1,6.520833333333333,2024-04-01,528.0,509.7540588378906,0.1091866666666666,0.12219,0.12707,0.0130033333333333,0.0178833333333333,0,0.1254433333333333,0.1059333333333333,0.01951,0.0065016666666666,0.2334469473702198,0.0813941913179171,0.2071713147410358,0.0725346780213233,0.0954408726826753,0.0137457939839913,0.7599959638098535,0.93,-1.3509225251613757,1.6297292894482862,-0.1153656151428188,0.0018225018613664,0.030905207645955,-0.0019306960657645,1,13.649999618530272,15.520000457763672,2.7313329518636067,7.824999999999999,4.175,real_post_mid,0.7825,2.6,284.15,0.023679166666666664,fold_3,lgbm,0.8260869565217391
SCHW,2024-03-31,2024-04-15,1.0,67.04,64.31,6.25,10.76,0.73,0.77,0.72,16.0,0.74,0.75,0.75,0.8,1.0,0.0,5.0,1.0,4713790000.0,4733000000.0,4693730000.0,12.0,7156.0,6964.64,70.93,31.48,14.41,454.08,6.19,-36.45,-11.69,-27.45,-32.06,-19.26,-17.1,70.0,73.0,70.0,2024-04-19,1.9,1.815,3.715,5.307142857142857,3.25,0.085,3.335,73.42,3.4200000000000017,0.48316,0.48316,0.48316,0.29292,39.37412037420316,-0.0975599999999999,9270.0,1390.0,2.058925576822992,7.0,4.285714285714293,1,1.0214285714285642,2024-04-12,515.0,498.71282958984375,0.1430942857142857,0.1442561904761904,0.14658,0.0011619047619047,0.0034857142857142,0,0.17097,0.13195,0.03902,0.0083657142857143,1.0,0.4645465918721496,0.8007968127490039,0.1395819028503765,0.1095085116787319,0.0335857740355537,1.274621494810117,1.04,-0.9600471212120988,1.727251827720704,0.0753538469613804,-0.0146209960853942,-0.0068468270926531,-0.0235487916927009,1,17.309999465942383,18.200000762939453,3.000570894513812,3.715,3.335,real_post_mid,0.3715,2.6,-1.7500000000000104,-0.00025000000000000147,fold_3,lgbm,0.8260869565217391
BRO,2024-03-31,2024-04-22,1.0,86.0,78.91,-4.07,4.55,1.05,1.1,0.93,13.0,1.05,1.05,1.03,0.94,0.0,0.0,1.0,1.0,1216930000.0,1245420000.0,1184100000.0,8.0,3240.8,2780.0,245.33,55.43,19.13,299.35,19.6,16.0,-18.31,-1.17,17.68,-15.78,-0.33,80.0,85.0,80.0,2024-05-17,3.075,3.075,6.15,7.6875,3.75,0.775,4.525,89.83,9.829999999999998,0.17097,0.4734,0.322185,0.15634,51.475084190759965,-0.073165,17.0,981.0,0.0075973409306742,28.0,6.25,1,1.4375,2024-04-19,499.0,483.3956298828125,0.166095,0.1612157142857143,0.161215,-0.0048792857142856,-0.0048799999999999,1,0.19048,0.1417,0.04878,-4.999999999977245e-06,1.0,0.7244521570684853,0.9641434262948207,0.0727362390787105,0.1072086199235604,0.0588863800764395,0.678455138500723,1.33,0.5080490005626219,1.6578392471504395,0.187518762954124,-0.0307134663442056,-0.0486473175782647,-0.0535389930158062,1,18.709999084472656,19.25,2.1004990844726557,6.15,4.525,real_post_mid,0.6150000000000001,2.6,98.39999999999998,0.012299999999999997,fold_3,lgbm,0.8260869565217391
AMP,2024-03-31,2024-04-22,1.0,430.16,387.8,-2.04,8.66,8.2,8.6,7.91,12.0,8.18,8.22,8.22,8.18,0.0,0.0,6.0,0.0,4120680000.0,4453000000.0,3998370000.0,8.0,14063.2,15468.0,-320.0,1008.63,8.96,295.8,8.95,3.75,-6.25,-16.75,-17.73,-3.78,-6.75,420.0,410.0,420.0,2024-05-17,11.1,13.6,24.700000000000003,5.880952380952382,3.35,16.05,19.4,434.12,14.120000000000005,0.25877,0.27829,0.26853,0.20024,25.43105053439094,-0.0292649999999999,12.0,1.0,1.5636363636363635,28.0,2.3809523809523836,1,3.4999999999999987,2024-04-19,499.0,483.3956298828125,0.166095,0.1612157142857143,0.161215,-0.0048792857142856,-0.0048799999999999,1,0.19048,0.1417,0.04878,-4.999999999977245e-06,1.0,0.7244521570684853,0.9641434262948207,0.0727362390787105,0.1072086199235604,0.0588863800764395,0.678455138500723,1.33,0.5080490005626219,1.6578392471504395,0.187518762954124,-0.0307134663442056,-0.0486473175782647,-0.0535389930158062,1,18.709999084472656,19.25,2.1004990844726557,24.7,19.4,real_post_mid,2.47,2.6,280.40000000000003,0.006676190476190477,fold_3,lgbm,0.8260869565217391
VRSN,2024-03-31,2024-04-25,1.0,187.1,203.11,-2.36,-10.06,1.86,1.87,1.85,2.0,1.86,1.86,1.86,1.88,0.0,0.0,0.0,0.0,381850000.0,382900000.0,380800000.0,2.0,9804.0,9400.8,224.0,79.6,4.79,296.78,5.05,12.94,4.92,9.33,6.1,0.88,0.82,185.0,175.0,185.0,2024-05-17,5.55,4.4,9.95,5.378378378378378,0.875,9.45,10.325,170.75,14.25,0.26853,0.26853,0.26853,0.21,21.796447324321303,-0.03902,58.0,0.0,0.8387096774193549,23.0,5.405405405405405,0,-0.0270270270270271,2024-04-24,507.0,493.4020690917969,0.136825,0.136825,0.141705,0.0,0.00488,0,0.17097,0.12219,0.04878,0.0097549999999999,0.5384372782464718,0.3937043464223738,0.7330677290836654,0.1341956863401745,0.1226830850850508,0.0141419149149491,1.0938401675108065,1.17,-0.2813869012510898,0.5635539110146777,-1.327794456995396,0.0097092671891432,-0.0276275567569628,-0.033946957125127,1,15.970000267028809,16.84000015258789,2.2875002670288076,9.95,10.325,real_post_mid,0.995,2.6,-139.6,-0.007545945945945946,fold_3,lgbm,0.8260869565217391
DTE,2024-03-31,2024-04-25,0.0,107.13,103.59,3.74,7.29,1.73,2.07,1.55,13.0,1.87,2.01,2.07,2.02,0.0,0.0,1.0,2.0,3370900000.0,4623000000.0,2408300000.0,6.0,8605.6,9445.12,-502.93,601.52,-33.72,341.31,-34.97,50.38,36.81,21.75,28.32,14.87,8.51,110.0,110.0,110.0,2024-05-17,3.35,1.325,4.675,4.25,1.825,1.95,3.775,116.6,6.599999999999994,0.20024,0.19048,0.19536,0.18073,7.48873873873874,0.0048799999999999,93.0,4.0,0.0517241379310344,23.0,0.0,1,4.25,2024-04-24,507.0,493.4020690917969,0.136825,0.136825,0.141705,0.0,0.00488,0,0.17097,0.12219,0.04878,0.0097549999999999,0.5384372782464718,0.3937043464223738,0.7330677290836654,0.1341956863401745,0.1226830850850508,0.0141419149149491,1.0938401675108065,1.17,-0.2813869012510898,0.5635539110146777,-1.327794456995396,0.0097092671891432,-0.0276275567569628,-0.033946957125127,1,15.970000267028809,16.84000015258789,2.2875002670288076,4.675,3.775,real_post_mid,0.4675,2.6,40.649999999999984,0.003695454545454544,fold_3,lgbm,0.8260869565217391
FE,2024-03-31,2024-04-25,0.0,37.79,36.38,2.06,6.02,0.56,0.81,0.52,11.0,0.6,0.65,0.63,0.68,0.0,0.0,0.0,3.0,3222100000.0,3420200000.0,3019930000.0,6.0,3151.2,2998.4,42.13,46.41,3.3,269.09,3.92,24.0,-29.55,4.86,18.64,0.76,2.28,38.0,38.0,38.0,2024-05-17,0.8500000000000001,0.75,1.6,4.2105263157894735,0.625,0.7749999999999999,1.4,40.04,2.039999999999999,0.16122,0.24902,0.20512,0.185605,9.513943057722296,-0.0292699999999999,921.0,202.0,2.2386706948640485,23.0,0.0,1,4.2105263157894735,2024-04-24,507.0,493.4020690917969,0.136825,0.136825,0.141705,0.0,0.00488,0,0.17097,0.12219,0.04878,0.0097549999999999,0.5384372782464718,0.3937043464223738,0.7330677290836654,0.1341956863401745,0.1226830850850508,0.0141419149149491,1.0938401675108065,1.17,-0.2813869012510898,0.5635539110146777,-1.327794456995396,0.0097092671891432,-0.0276275567569628,-0.033946957125127,1,15.970000267028809,16.84000015258789,2.2875002670288076,1.6,1.4,real_post_mid,0.16000000000000003,2.6,1.4000000000000141,0.00036842105263158265,fold_3,lgbm,0.8260869565217391
INVH,2024-03-31,2024-04-30,1.0,35.61,32.93,-3.96,3.86,0.18,0.23,0.15,11.0,0.18,0.18,0.2,0.18,0.0,0.0,1.0,0.0,631570000.0,647120000.0,616840000.0,13.0,4501.6,4230.88,136.53,34.61,8.68,293.77,8.82,31.25,0.0,15.2,7.34,-1.07,-0.36,35.0,35.0,35.0,2024-05-17,0.55,0.8999999999999999,1.45,4.142857142857142,0.275,1.1,1.375,35.45,0.4500000000000028,0.22951,0.23926,0.234385,0.20512,12.485867269663164,-0.034145,1039.0,117.0,3.0144927536231885,18.0,0.0,1,4.142857142857142,2024-04-29,513.0,497.9416198730469,0.13195,0.1319449999999999,0.1319449999999999,-5.000000000032756e-06,-5.000000000032756e-06,1,0.1417,0.1152257142857142,0.0264742857142857,-0.0034871428571428,0.4615627217535286,0.3386173776181445,0.7091633466135459,0.1039141119982902,0.1252031035373971,0.0067468964626028,0.8299643464289364,1.16,-0.4252358756180824,0.9848042441124726,-0.5905529024858356,0.0206916409891566,-0.024872384871474,-0.0250587762271753,1,14.670000076293944,16.0,1.475000076293945,1.45,1.375,real_post_mid,0.145,2.6,-9.600000000000003,-0.0027428571428571437,fold_3,lgbm,0.8260869565217391
ECL,2024-03-31,2024-04-30,1.0,230.9,198.22,-2.06,14.09,1.33,1.37,1.29,21.0,1.33,1.33,1.33,1.12,0.0,0.0,3.0,0.0,3748200000.0,3900000000.0,3685000000.0,17.0,1652.0,1566.88,33.07,19.73,7.98,287.06,8.09,22.05,0.65,19.17,34.25,2.12,2.76,220.0,230.0,220.0,2024-05-17,6.6,4.35,10.95,4.977272727272727,6.7,1.35,8.05,233.66,13.659999999999997,0.27829,0.27829,0.27829,0.18073,35.056954975026045,-0.0585399999999999,520.0,85.0,0.2397200349956255,18.0,4.545454545454541,1,0.4318181818181852,2024-04-29,513.0,497.9416198730469,0.13195,0.1319449999999999,0.1319449999999999,-5.000000000032756e-06,-5.000000000032756e-06,1,0.1417,0.1152257142857142,0.0264742857142857,-0.0034871428571428,0.4615627217535286,0.3386173776181445,0.7091633466135459,0.1039141119982902,0.1252031035373971,0.0067468964626028,0.8299643464289364,1.16,-0.4252358756180824,0.9848042441124726,-0.5905529024858356,0.0206916409891566,-0.024872384871474,-0.0250587762271753,1,14.670000076293944,16.0,1.475000076293945,10.95,8.05,real_post_mid,1.095,2.6,177.89999999999986,0.00808636363636363,fold_3,lgbm,0.8260869565217391
CNP,2024-03-31,2024-04-30,1.0,28.49,27.94,2.28,4.29,0.53,0.56,0.49,13.0,0.51,0.52,0.48,0.52,3.0,0.0,4.0,1.0,2680760000.0,3017700000.0,2361470000.0,5.0,4924.0,4799.2,74.67,59.87,-6.71,367.53,-4.53,14.29,-20.0,-1.24,12.39,5.95,3.44,29.0,29.0,29.0,2024-05-17,0.675,0.5,1.175,4.051724137931035,0.6000000000000001,0.325,0.925,30.08,1.0799999999999983,0.20024,0.24902,0.22463,0.18073,19.54324889818813,-0.03902,1049.0,45.0,2.433628318584071,18.0,0.0,1,4.051724137931035,2024-04-29,513.0,497.9416198730469,0.13195,0.1319449999999999,0.1319449999999999,-5.000000000032756e-06,-5.000000000032756e-06,1,0.1417,0.1152257142857142,0.0264742857142857,-0.0034871428571428,0.4615627217535286,0.3386173776181445,0.7091633466135459,0.1039141119982902,0.1252031035373971,0.0067468964626028,0.8299643464289364,1.16,-0.4252358756180824,0.9848042441124726,-0.5905529024858356,0.0206916409891566,-0.024872384871474,-0.0250587762271753,1,14.670000076293944,16.0,1.475000076293945,1.175,0.925,real_post_mid,0.11750000000000001,2.6,10.65,0.0036724137931034486,fold_3,lgbm,0.8260869565217391
PEG,2024-03-31,2024-04-30,0.0,66.78,57.99,3.44,19.12,1.31,1.44,1.22,15.0,1.3,1.28,1.38,1.4,3.0,0.0,4.0,1.0,3064530000.0,3346820000.0,2780080000.0,7.0,5194.4,4764.32,164.27,174.84,14.66,357.53,20.7,-15.62,-36.47,78.83,166.84,16.39,18.7,70.0,70.0,70.0,2024-05-17,0.75,1.9,2.65,3.785714285714285,1.025,1.075,2.0999999999999996,74.54,4.540000000000006,0.20024,0.20024,0.20024,0.18073,9.743308030363565,0.0,419.0,73.0,0.166383701188455,18.0,0.0,1,3.785714285714285,2024-04-29,513.0,497.9416198730469,0.13195,0.1319449999999999,0.1319449999999999,-5.000000000032756e-06,-5.000000000032756e-06,1,0.1417,0.1152257142857142,0.0264742857142857,-0.0034871428571428,0.4615627217535286,0.3386173776181445,0.7091633466135459,0.1039141119982902,0.1252031035373971,0.0067468964626028,0.8299643464289364,1.16,-0.4252358756180824,0.9848042441124726,-0.5905529024858356,0.0206916409891566,-0.024872384871474,-0.0250587762271753,1,14.670000076293944,16.0,1.475000076293945,2.65,2.0999999999999996,real_post_mid,0.265,2.6,25.900000000000023,0.003700000000000003,fold_3,lgbm,1.0
RSG,2024-03-31,2024-04-30,1.0,191.44,171.12,0.14,12.03,1.35,1.48,1.26,17.0,1.35,1.35,1.35,1.38,1.0,0.0,3.0,0.0,3892550000.0,3982500000.0,3836570000.0,16.0,13165.6,12597.28,289.07,29.86,10.76,291.14,11.09,24.78,-8.44,18.06,17.86,0.95,1.15,195.0,185.0,195.0,2024-05-17,2.95,4.0,6.95,3.5641025641025643,0.275,8.7,8.975,188.16,6.840000000000003,0.20024,0.20024,0.20024,0.16122,19.48661606072713,-0.0292699999999999,350.0,50.0,1.2520325203252032,18.0,5.128205128205132,0,-1.564102564102568,2024-04-29,513.0,497.9416198730469,0.13195,0.1319449999999999,0.1319449999999999,-5.000000000032756e-06,-5.000000000032756e-06,1,0.1417,0.1152257142857142,0.0264742857142857,-0.0034871428571428,0.4615627217535286,0.3386173776181445,0.7091633466135459,0.1039141119982902,0.1252031035373971,0.0067468964626028,0.8299643464289364,1.16,-0.4252358756180824,0.9848042441124726,-0.5905529024858356,0.0206916409891566,-0.024872384871474,-0.0250587762271753,1,14.670000076293944,16.0,1.475000076293945,6.95,8.975,real_post_mid,0.6950000000000001,2.6,-274.6,-0.014082051282051283,fold_3,lgbm,0.8260869565217391
OKE,2024-03-31,2024-04-30,0.0,80.17,68.25,-1.31,15.93,1.15,1.27,0.92,12.0,1.18,1.21,1.23,1.24,0.0,0.0,0.0,1.0,6151070000.0,6416970000.0,5844240000.0,3.0,3568.8,3802.4,-181.33,132.66,-22.71,325.13,-26.49,9.26,19.19,45.3,34.21,18.88,9.77,80.0,77.5,80.0,2024-05-17,1.8,1.25,3.05,3.8125,0.3,3.3,3.5999999999999996,82.63,2.6299999999999955,0.10268,0.27829,0.190485,0.19048,0.0026248785993528,2.7755575615628914e-17,4015.0,315.0,0.0471399291969442,18.0,3.125,1,0.6875,2024-04-29,513.0,497.9416198730469,0.13195,0.1319449999999999,0.1319449999999999,-5.000000000032756e-06,-5.000000000032756e-06,1,0.1417,0.1152257142857142,0.0264742857142857,-0.0034871428571428,0.4615627217535286,0.3386173776181445,0.7091633466135459,0.1039141119982902,0.1252031035373971,0.0067468964626028,0.8299643464289364,1.16,-0.4252358756180824,0.9848042441124726,-0.5905529024858356,0.0206916409891566,-0.024872384871474,-0.0250587762271753,1,14.670000076293944,16.0,1.475000076293945,3.05,3.5999999999999996,real_post_mid,0.305,2.6,-88.09999999999997,-0.011012499999999996,fold_3,lgbm,1.0
AEP,2024-03-31,2024-04-30,1.0,86.1,78.14,-0.08,10.1,1.25,1.28,1.19,15.0,1.27,1.34,1.36,1.36,0.0,0.0,1.0,2.0,5020670000.0,5447000000.0,4715450000.0,6.0,2682.4,2597.6,59.73,92.77,0.35,262.1,0.81,17.14,-30.51,1.5,21.53,3.81,3.72,85.0,87.5,85.0,2024-05-17,2.5,1.225,3.725,4.382352941176471,3.45,0.5,3.95,92.67,7.670000000000002,0.18073,0.26853,0.22463,0.1904799999999999,15.202777901437928,-0.0390249999999999,6403.0,174.0,0.777490297542044,18.0,2.941176470588225,1,1.4411764705882462,2024-04-29,513.0,497.9416198730469,0.13195,0.1319449999999999,0.1319449999999999,-5.000000000032756e-06,-5.000000000032756e-06,1,0.1417,0.1152257142857142,0.0264742857142857,-0.0034871428571428,0.4615627217535286,0.3386173776181445,0.7091633466135459,0.1039141119982902,0.1252031035373971,0.0067468964626028,0.8299643464289364,1.16,-0.4252358756180824,0.9848042441124726,-0.5905529024858356,0.0206916409891566,-0.024872384871474,-0.0250587762271753,1,14.670000076293944,16.0,1.475000076293945,3.725,3.95,real_post_mid,0.37250000000000005,2.6,-62.350000000000016,-0.0073352941176470605,fold_3,lgbm,0.8260869565217391
AWK,2024-03-31,2024-05-01,0.0,120.3,125.24,4.01,-0.1,0.98,1.03,0.94,9.0,0.99,0.99,0.99,0.98,0.0,0.0,1.0,2.0,1011000000.0,1040000000.0,906000000.0,4.0,3183.2,2506.08,128.0,260.21,11.66,262.81,11.77,26.03,-45.88,18.06,18.15,1.28,1.95,120.0,125.0,120.0,2024-05-17,3.75,1.425,5.175,4.3125,6.65,0.45,7.1000000000000005,133.76,13.759999999999993,0.21,0.23926,0.22463,0.209995,6.515158260250193,-0.0048799999999999,1088.0,9.0,0.5764705882352941,17.0,4.166666666666674,1,0.1458333333333259,2024-04-30,505.0,490.0535888671875,0.1423971428571428,0.1370573809523809,0.141705,-0.0053397619047619,-0.0006921428571428,1,0.1528542857142857,0.1235842857142857,0.02927,-0.0041778571428571,0.6263051779096881,0.4566689535493765,0.7888446215139442,0.1507012455483778,0.1352735147090766,0.0071236281480662,1.1140484216180868,1.19,-0.3018209575409785,0.9140145508794636,-0.6280855454239114,-0.0072580235341422,-0.0386470095316459,-0.0405030899681541,1,15.649999618530272,16.59000015258789,1.410285332815988,5.175,7.1000000000000005,real_post_mid,0.5175,2.6,-246.85000000000008,-0.02057083333333334,fold_3,lgbm,0.8260869565217391
PPL,2024-03-31,2024-05-01,1.0,27.5,26.57,1.82,5.38,0.5,0.53,0.47,11.0,0.5,0.51,0.49,0.5,1.0,0.0,2.0,0.0,2061970000.0,2388160000.0,1873000000.0,3.0,-5.6,-24.8,64.0,82.75,5.19,306.85,7.98,42.86,-6.98,9.92,18.63,2.87,2.22,27.0,28.0,27.0,2024-05-17,0.75,0.25,1.0,3.7037037037037033,1.05,0.1,1.15,29.59,2.59,0.19048,0.20024,0.19536,0.166095,14.98003685503686,-0.0292699999999999,4756.0,0.0,0.0157480314960629,17.0,3.703703703703698,1,5.3290705182007506e-15,2024-04-30,505.0,490.0535888671875,0.1423971428571428,0.1370573809523809,0.141705,-0.0053397619047619,-0.0006921428571428,1,0.1528542857142857,0.1235842857142857,0.02927,-0.0041778571428571,0.6263051779096881,0.4566689535493765,0.7888446215139442,0.1507012455483778,0.1352735147090766,0.0071236281480662,1.1140484216180868,1.19,-0.3018209575409785,0.9140145508794636,-0.6280855454239114,-0.0072580235341422,-0.0386470095316459,-0.0405030899681541,1,15.649999618530272,16.59000015258789,1.410285332815988,1.0,1.15,real_post_mid,0.1,2.6,-27.599999999999994,-0.01022222222222222,fold_3,lgbm,0.8260869565217391
WEC,2024-03-31,2024-05-01,1.0,81.56,81.78,1.26,0.99,1.92,1.98,1.9,12.0,1.92,1.81,1.73,1.62,1.0,0.0,3.0,0.0,2916470000.0,3107000000.0,2611740000.0,6.0,6989.6,6582.24,199.47,119.48,-7.34,354.33,-6.42,37.5,10.0,4.68,-0.84,6.11,1.41,82.5,82.5,82.5,2024-05-17,1.4,1.675,3.075,3.727272727272727,1.325,1.225,2.55,85.5,3.0,0.17097,0.25877,0.21487,0.185605,13.61986317308139,-0.03902,409.0,9.0,0.5853658536585366,17.0,0.0,1,3.727272727272727,2024-04-30,505.0,490.0535888671875,0.1423971428571428,0.1370573809523809,0.141705,-0.0053397619047619,-0.0006921428571428,1,0.1528542857142857,0.1235842857142857,0.02927,-0.0041778571428571,0.6263051779096881,0.4566689535493765,0.7888446215139442,0.1507012455483778,0.1352735147090766,0.0071236281480662,1.1140484216180868,1.19,-0.3018209575409785,0.9140145508794636,-0.6280855454239114,-0.0072580235341422,-0.0386470095316459,-0.0405030899681541,1,15.649999618530272,16.59000015258789,1.410285332815988,3.075,2.55,real_post_mid,0.30750000000000005,2.6,19.15000000000003,0.002321212121212125,fold_3,lgbm,0.8260869565217391
EXC,2024-03-31,2024-05-02,0.0,37.58,34.35,0.82,10.31,0.7,0.72,0.68,14.0,0.69,0.7,0.69,0.67,0.0,0.0,2.0,1.0,5567960000.0,5762790000.0,5216590000.0,5.0,3309.6,3270.24,-13.87,47.65,13.89,263.33,13.73,39.53,-10.45,10.62,21.36,-1.01,1.14,38.0,37.0,38.0,2024-05-17,0.6000000000000001,0.95,1.55,4.078947368421053,0.175,1.075,1.25,38.58,0.5799999999999983,0.20024,0.28804,0.24414,0.17585,27.97165560743836,-0.0439,4392.0,56.0,1.0959752321981424,16.0,2.631578947368418,1,1.447368421052635,2024-05-01,504.0,488.4623718261719,0.136825,0.136825,0.1412983333333333,0.0,0.0044733333333333,0,0.15146,0.13195,0.01951,0.00488,0.5384372782464718,0.3937043464223738,0.7410358565737052,0.1508508749867372,0.1343934593394126,0.0024315406605873,1.1224569687261423,1.31,0.6571287406727474,1.241740125585166,-0.1250148314916217,-0.0100115049673736,-0.0356372815007053,-0.0436186019626153,1,15.390000343322754,16.56999969482422,1.707500343322753,1.55,1.25,real_post_mid,0.15500000000000003,2.6,11.900000000000002,0.0031315789473684214,fold_3,lgbm,0.8260869565217391
PWR,2024-03-31,2024-05-02,1.0,256.1,204.5,-0.43,24.69,1.29,1.41,1.04,15.0,1.29,1.32,1.34,1.56,0.0,0.0,0.0,2.0,4937220000.0,5150000000.0,4860600000.0,14.0,15135.2,14671.52,301.87,137.2,22.3,271.52,21.02,21.43,-8.93,20.22,18.75,-0.06,-0.16,260.0,260.0,260.0,2024-05-17,8.45,11.9,20.35,7.826923076923076,4.1,7.199999999999999,11.3,264.4,4.399999999999977,0.46365,0.4734,0.4685249999999999,0.27341,41.64452270423136,-0.11707,959.0,209.0,0.1295019157088122,16.0,0.0,1,7.826923076923076,2024-05-01,504.0,488.4623718261719,0.136825,0.136825,0.1412983333333333,0.0,0.0044733333333333,0,0.15146,0.13195,0.01951,0.00488,0.5384372782464718,0.3937043464223738,0.7410358565737052,0.1508508749867372,0.1343934593394126,0.0024315406605873,1.1224569687261423,1.31,0.6571287406727474,1.241740125585166,-0.1250148314916217,-0.0100115049673736,-0.0356372815007053,-0.0436186019626153,1,15.390000343322754,16.56999969482422,1.707500343322753,20.35,11.3,real_post_mid,2.035,2.6,698.9,0.02688076923076923,fold_3,lgbm,0.8260869565217391
NI,2024-03-31,2024-05-08,1.0,27.45,25.06,4.63,14.6,0.83,0.84,0.81,8.0,0.83,0.83,0.84,0.79,0.0,0.0,2.0,0.0,2496940000.0,3070150000.0,1923740000.0,2.0,2193.76,2115.04,66.13,71.89,-5.9,435.86,-4.08,6.0,178.95,3.44,2.35,6.53,1.89,30.0,30.0,30.0,2024-05-17,0.1,2.975,3.075,10.25,0.1,2.62,2.72,29.23,0.7699999999999996,0.11244,1.28314,0.69779,0.07829,88.7802920649479,-0.35609,33.0,37.0,0.1490196078431372,10.0,0.0,1,10.25,2024-05-07,520.0,504.8533935546875,0.117315,0.122195,0.1237184375,0.0048799999999999,0.0064034374999999,0,0.12219,0.11244,0.0097499999999999,0.0,0.2307813608767643,0.1732434722950886,0.4820717131474104,0.106111671573116,0.1411211613569878,-0.0238061613569878,0.7519189223839372,1.29,0.1749637661297705,1.5832507979288175,0.3177654808593679,0.0302003801700776,-0.0030458771459657,-0.0115259185131776,1,13.229999542236328,14.949999809265137,1.4984995422363276,3.075,2.72,real_post_mid,0.30750000000000005,2.6,2.149999999999993,0.0007166666666666643,fold_3,lgbm,0.8260869565217391
AKAM,2024-03-31,2024-05-09,1.0,107.57,128.32,-4.75,-20.15,1.61,1.67,1.57,18.0,1.61,1.61,1.61,1.59,0.0,0.0,1.0,0.0,989260000.0,996700000.0,981800000.0,17.0,5989.6,5473.6,212.27,96.42,5.4,294.82,5.13,23.36,3.68,-1.65,-5.76,-1.38,-1.98,102.0,91.0,102.0,2024-05-10,5.35,5.1,10.45,10.245098039215684,0.03,10.85,10.88,91.19,10.810000000000002,1.75142,1.72215,1.736785,0.249015,85.66230132111919,-1.24387,60.0,33.0,1.5296546977171046,2.0,10.784313725490192,0,-0.5392156862745061,2024-05-08,520.0,504.9021606445313,0.11244,0.122195,0.122195,0.009755,0.009755,0,0.13195,0.10268,0.02927,0.004875,0.1539068043838209,0.1181565034908592,0.3266932270916334,0.0891158121369645,0.141045761532028,-0.028605761532028,0.6318219786897216,1.4,0.7149896372499245,0.6102956135190661,-1.0892484605218868,0.0336562031521432,-0.0041016030255756,-0.0114304353393384,1,13.0,14.899999618530272,1.7560000000000002,10.45,10.88,real_post_mid,1.045,2.6,-150.10000000000014,-0.014715686274509818,fold_3,lgbm,0.8260869565217391
WMT,2024-04-30,2024-05-16,1.0,59.84,170.36,6.97,-62.43,0.52,0.55,0.51,29.0,0.52,0.52,0.52,1.6,3.0,0.0,7.0,0.0,159502000000.0,161142000000.0,157591000000.0,27.0,-44866.24,-40619.2,-1538.13,2315.5,,,6.15,-64.86,-139.87,,,,,60.0,65.0,60.0,2024-05-17,1.05,1.1749999999999998,2.2249999999999996,3.708333333333333,4.3,0.01,4.31,64.65,4.650000000000006,0.63925,0.61974,0.6294949999999999,0.136825,78.26432298906266,-0.4243749999999999,25273.0,12174.0,0.9331212253687602,2.0,8.333333333333325,0,-4.624999999999992,2024-05-15,531.0,517.1930541992188,0.1075599999999999,0.1075549999999999,0.1164,-5.000000000005e-06,0.00884,0,0.12219,0.09292,0.0292699999999999,-4.999999999991123e-06,0.0,0.0630130352314459,0.1513944223107569,0.0758850507950678,0.1204028449103075,-0.0128428449103075,0.6302596159716771,1.44,0.903341703920456,5.784256529042648,3.5645359611975973,0.0243431193461276,0.05213184286234,0.0,1,12.449999809265137,14.079999923706056,1.6939998092651385,2.2249999999999996,4.31,real_post_mid,0.22249999999999998,2.6,-233.35,-0.038891666666666665,fold_3,lgbm,0.8260869565217391
NVDA,2024-04-30,2024-05-22,0.0,795.18,785.38,19.41,20.9,5.59,6.12,5.32,36.0,5.57,5.53,5.51,4.63,4.0,0.0,6.0,0.0,24645600000.0,26871000000.0,23660000000.0,37.0,-74481.28,-73433.86,-3946.88,5964.34,,,85.53,-325.0,-211.94,,,,,955.0,1040.0,955.0,2024-05-24,39.0,39.575,78.575,8.227748691099476,83.45,0.455,83.905,1064.69,109.69000000000004,1.1368,1.1368,1.1368,0.45389,60.07301196340605,-0.6341300000000001,2302.0,4520.0,0.7101415503014442,3.0,8.900523560209429,0,-0.6727748691099524,2024-05-21,533.0,518.7355346679688,0.10268,0.1034929166666666,0.1134807142857142,0.0008129166666666,0.0108007142857142,0,0.1207971428571428,0.09292,0.0278771428571428,0.0041785714285714,0.0,0.0078695669720327,0.0358565737051792,0.086354512169092,0.1069212091653512,-0.0042412091653512,0.8076462363565935,1.13,-0.9284166476979776,0.5405521839872385,-0.9195479796798068,0.015402367335084,0.0633154630750243,0.0,1,11.859999656677246,13.949999809265137,1.5919996566772472,78.575,83.905,real_post_mid,7.857500000000001,2.6,-1321.35,-0.01383612565445026,fold_3,lgbm,0.8260869565217391
C,2024-06-30,2024-07-12,1.0,60.01,59.68,7.52,8.11,1.39,1.49,1.29,17.0,1.41,1.32,1.32,1.49,1.0,0.0,5.0,3.0,20068600000.0,20270000000.0,19622000000.0,15.0,17984.8,15631.52,943.47,522.97,19.94,-71.86,50.17,-3.76,113.1,-22.48,-26.51,-7.86,-6.57,66.0,65.0,66.0,2024-07-12,0.875,1.18,2.0549999999999997,3.1136363636363633,,,,64.52,1.480000000000004,0.73681,0.75632,0.7465649999999999,0.258775,65.33791431422583,-0.4975449999999999,7778.0,5877.0,0.483108191641048,1.0,1.5151515151515138,1,1.5984848484848495,2024-07-11,563.0,545.0112915039062,0.1033771428571428,0.1147614285714285,0.117315,0.0113842857142857,0.0139378571428571,0,0.12219,0.10268,0.01951,0.0090578571428571,0.2353863314340843,0.0601763363955854,0.0876494023904382,0.1096558475951091,0.070587364273002,0.0327897785841408,1.5534770100071558,1.04,-0.8702271965788143,1.6087282030926693,-0.1464020075439816,0.0091029249464962,0.0422192967784624,-0.0086226134184806,1,12.920000076293944,14.670000076293944,2.5822857905796592,2.0549999999999997,1.0,intrinsic_fallback,0.2055,2.6,82.34999999999998,0.012477272727272724,fold_3,lgbm,0.8260869565217391
PLD,2024-06-30,2024-07-17,1.0,111.28,104.69,10.72,17.69,0.59,0.64,0.54,5.0,0.59,0.61,0.61,0.64,0.0,0.0,0.0,1.0,1874950000.0,1980060000.0,1855210000.0,10.0,31989.6,31172.64,611.2,420.29,10.63,-75.61,33.51,26.0,-7.35,17.73,24.4,0.14,4.08,120.0,125.0,120.0,2024-07-19,3.4,1.875,5.275,4.395833333333334,2.825,0.15,2.975,123.75,3.75,0.58072,0.59047,0.5855950000000001,0.375845,35.8182703062697,-0.3219450000000001,2460.0,459.0,2.104525175270873,3.0,4.166666666666674,1,0.2291666666666598,2024-07-16,571.0,553.2185668945312,0.1075599999999999,0.1159221428571428,0.1200261111111111,0.0083621428571428,0.0124661111111111,0,0.12219,0.10268,0.01951,0.004875,0.5001281065846779,0.1053085886922743,0.2270916334661354,0.1127904625867153,0.0702097273143107,0.0373502726856892,1.6064791432928045,1.08,-0.4407264652589989,0.7311172140540899,-0.7636795458994962,0.0162640449312223,0.0446719263321049,0.0,1,13.1899995803833,14.90999984741211,2.4339995803833023,5.275,2.975,real_post_mid,0.5275000000000001,2.6,174.65000000000003,0.01455416666666667,fold_3,lgbm,0.8260869565217391
BRO,2024-06-30,2024-07-22,1.0,93.02,82.93,0.15,12.34,0.88,0.9,0.84,13.0,0.87,0.88,0.88,0.87,1.0,0.0,3.0,2.0,1144490000.0,1173600000.0,1122350000.0,9.0,3528.8,3042.4,202.67,64.0,11.64,-70.94,17.83,35.71,96.55,18.78,20.31,0.52,2.28,90.0,100.0,90.0,2024-08-16,3.9,2.375,6.275,6.972222222222222,8.55,0.275,8.825000000000001,101.87,11.870000000000005,0.21975,0.35633,0.2880399999999999,0.161215,44.03034300791556,-0.1512099999999999,13.0,0.0,0.0050293378038558,28.0,11.111111111111116,0,-4.138888888888894,2024-07-19,570.0,537.67578125,0.13195,0.12707,0.12707,-0.00488,-0.00488,1,0.16122,0.1194042857142857,0.0418157142857142,0.0083621428571428,1.0,0.3684721622788089,0.7848605577689243,0.1297131377731952,0.0949152875814372,0.0370347124185627,1.3666200785821936,0.96,-1.4476025508874568,1.2627899175817945,0.0417915488448593,-0.0196431276096066,0.0041406805507016,-0.0280951988502121,1,16.520000457763672,17.15999984741211,3.3250004577636716,6.275,8.825000000000001,real_post_mid,0.6275000000000001,2.6,-320.3500000000001,-0.035594444444444456,fold_3,lgbm,0.8260869565217391
BSX,2024-06-30,2024-07-24,1.0,76.71,73.26,1.37,6.14,0.58,0.59,0.57,27.0,0.58,0.58,0.58,0.57,0.0,0.0,1.0,0.0,4017460000.0,4076630000.0,3969000000.0,23.0,2802.4,2620.96,97.07,24.41,13.78,-72.92,12.17,19.15,1.82,23.62,25.05,0.54,1.5,80.0,74.5,80.0,2024-08-16,2.0,3.15,5.15,6.4375,0.175,5.3,5.475,78.25,1.75,0.30755,0.31731,0.31243,0.146585,53.082290433057,-0.0682899999999999,26238.0,4145.0,2.555488934917693,24.0,6.874999999999998,0,-0.4374999999999982,2024-07-23,575.0,542.3670043945312,0.1277671428571428,0.126582,0.12707,-0.0011851428571428,-0.0006971428571428,1,0.1417,0.11244,0.0292599999999999,-0.0006971428571428,0.8775151641915914,0.3233399099821197,0.7250996015936255,0.1447253450513592,0.1004435059134833,0.0273236369436594,1.44086313729449,1.0,-0.9285427098328984,0.4780604697776863,-1.291654274789159,-0.019615325929704,0.017024649237358,-0.019615325929704,1,14.720000267028809,16.010000228881836,1.9432859813145225,5.15,5.475,real_post_mid,0.515,2.6,-86.59999999999992,-0.010824999999999991,fold_3,lgbm,0.8260869565217391
CME,2024-06-30,2024-07-24,1.0,195.08,212.54,1.11,-7.19,2.53,2.57,2.5,13.0,2.54,2.51,2.52,2.51,0.0,0.0,6.0,1.0,1534110000.0,1582400000.0,1513000000.0,12.0,4626.4,4272.64,166.93,61.07,3.21,-73.33,9.4,3.31,5.49,-3.65,5.02,0.34,1.11,200.0,200.0,200.0,2024-08-16,3.55,5.6,9.15,4.574999999999999,3.85,3.85,7.7,207.88,7.8799999999999955,0.21975,0.22951,0.22463,0.20024,10.857855139562837,-0.0341449999999999,560.0,592.0,0.4501178318931657,24.0,0.0,1,4.574999999999999,2024-07-23,575.0,542.3670043945312,0.1277671428571428,0.126582,0.12707,-0.0011851428571428,-0.0006971428571428,1,0.1417,0.11244,0.0292599999999999,-0.0006971428571428,0.8775151641915914,0.3233399099821197,0.7250996015936255,0.1447253450513592,0.1004435059134833,0.0273236369436594,1.44086313729449,1.0,-0.9285427098328984,0.4780604697776863,-1.291654274789159,-0.019615325929704,0.017024649237358,-0.019615325929704,1,14.720000267028809,16.010000228881836,1.9432859813145225,9.149999999999999,7.7,real_post_mid,0.9149999999999999,2.6,50.89999999999985,0.0025449999999999926,fold_3,lgbm,0.8260869565217391
RSG,2024-06-30,2024-07-24,1.0,194.66,193.56,2.57,3.16,1.53,1.6,1.35,18.0,1.52,1.52,1.52,1.53,2.0,0.0,4.0,0.0,4035170000.0,4059800000.0,3992360000.0,17.0,13437.6,12874.08,252.8,38.49,7.84,-74.19,9.44,16.94,2.84,12.83,13.72,1.12,0.99,200.0,190.0,200.0,2024-08-16,3.8,4.15,7.95,3.975,0.45,10.5,10.95,203.27,3.2700000000000102,0.19048,0.20024,0.19536,0.17585,9.986691236691236,-0.029265,577.0,36.0,3.9571428571428577,24.0,5.000000000000004,0,-1.0250000000000044,2024-07-23,575.0,542.3670043945312,0.1277671428571428,0.126582,0.12707,-0.0011851428571428,-0.0006971428571428,1,0.1417,0.11244,0.0292599999999999,-0.0006971428571428,0.8775151641915914,0.3233399099821197,0.7250996015936255,0.1447253450513592,0.1004435059134833,0.0273236369436594,1.44086313729449,1.0,-0.9285427098328984,0.4780604697776863,-1.291654274789159,-0.019615325929704,0.017024649237358,-0.019615325929704,1,14.720000267028809,16.010000228881836,1.9432859813145225,7.95,10.95,real_post_mid,0.795,2.6,-382.0999999999999,-0.019104999999999997,fold_3,lgbm,0.8260869565217391
OTIS,2024-06-30,2024-07-24,1.0,96.87,93.02,-5.62,-1.71,1.03,1.04,0.99,9.0,1.03,1.02,1.02,1.0,0.0,0.0,2.0,0.0,3727050000.0,3752000000.0,3708000000.0,9.0,4408.8,4228.96,61.87,111.16,2.72,-75.81,4.3,10.0,1.15,5.0,10.22,0.29,1.11,97.5,92.5,97.5,2024-08-16,2.975,1.925,4.9,5.025641025641026,0.55,4.075,4.625,92.12,5.3799999999999955,0.22951,0.24902,0.239265,0.2148749999999999,10.19371826217793,-0.03415,1300.0,58.0,1.2100371747211895,24.0,5.128205128205132,0,-0.1025641025641057,2024-07-23,575.0,542.3670043945312,0.1277671428571428,0.126582,0.12707,-0.0011851428571428,-0.0006971428571428,1,0.1417,0.11244,0.0292599999999999,-0.0006971428571428,0.8775151641915914,0.3233399099821197,0.7250996015936255,0.1447253450513592,0.1004435059134833,0.0273236369436594,1.44086313729449,1.0,-0.9285427098328984,0.4780604697776863,-1.291654274789159,-0.019615325929704,0.017024649237358,-0.019615325929704,1,14.720000267028809,16.010000228881836,1.9432859813145225,4.9,4.625,real_post_mid,0.49000000000000005,2.6,-24.09999999999997,-0.0024717948717948687,fold_3,lgbm,0.8260869565217391
TER,2024-06-30,2024-07-24,1.0,145.53,108.91,-1.37,31.8,0.77,0.84,0.73,15.0,0.77,0.77,0.77,0.6,1.0,0.0,3.0,0.0,701200000.0,724000000.0,685450000.0,14.0,9370.4,8720.32,308.27,123.72,-2.87,-77.59,-14.27,-7.27,-35.44,-19.09,-16.25,-1.16,-2.07,155.0,125.0,155.0,2024-08-16,6.449999999999999,8.65,15.1,9.741935483870968,0.2249999999999999,30.75,30.975,133.12,21.879999999999995,0.4734,0.48316,0.47828,0.40999,14.278247051936097,-0.0682899999999999,359.0,59.0,0.4157303370786517,24.0,19.354838709677423,0,-9.612903225806456,2024-07-23,575.0,542.3670043945312,0.1277671428571428,0.126582,0.12707,-0.0011851428571428,-0.0006971428571428,1,0.1417,0.11244,0.0292599999999999,-0.0006971428571428,0.8775151641915914,0.3233399099821197,0.7250996015936255,0.1447253450513592,0.1004435059134833,0.0273236369436594,1.44086313729449,1.0,-0.9285427098328984,0.4780604697776863,-1.291654274789159,-0.019615325929704,0.017024649237358,-0.019615325929704,1,14.720000267028809,16.010000228881836,1.9432859813145225,15.1,30.975,real_post_mid,1.51,2.6,-1741.1000000000001,-0.11232903225806452,fold_3,lgbm,0.8260869565217391
AJG,2024-06-30,2024-07-25,1.0,259.9,234.11,5.41,17.03,2.24,2.26,2.22,16.0,2.24,2.24,2.25,2.26,0.0,0.0,1.0,1.0,2775400000.0,2801320000.0,2742300000.0,5.0,5629.6,5379.36,90.67,82.45,20.35,-67.67,19.03,11.15,88.65,28.75,18.63,-0.65,-0.38,270.0,280.0,270.0,2024-08-16,9.4,3.975,13.375,4.953703703703704,15.9,0.8250000000000001,16.724999999999998,285.08,15.079999999999984,0.23926,0.22951,0.234385,0.185605,20.81191202508692,-0.029265,180.0,10.0,1.0416666666666667,23.0,3.703703703703698,1,1.2500000000000062,2024-07-24,563.0,530.0756225585938,0.136825,0.136825,0.1383265384615384,0.0,0.0015015384615384,0,0.17097,0.1417,0.02927,0.01951,1.0,0.42107250755287,0.8207171314741036,0.1900482262422357,0.1293933487691008,0.0074316512308991,1.4687634878464428,1.0,-0.9092552876381292,6.307802101590033,3.8179801807995455,-0.0282078200278218,-0.0027821828687577,-0.0418332748046571,1,18.040000915527344,18.43000030517578,4.357500915527343,13.375,16.724999999999998,real_post_mid,1.3375000000000001,2.6,-471.34999999999985,-0.0174574074074074,fold_3,lgbm,0.8260869565217391
EME,2024-06-30,2024-07-25,1.0,378.53,354.02,-8.44,-2.1,3.76,3.92,3.5,3.0,3.76,3.76,3.76,3.41,0.0,0.0,0.0,0.0,3521570000.0,3544700000.0,3505000000.0,3.0,36645.6,26133.6,6000.0,1302.65,18.75,-72.72,14.2,79.74,-6.71,58.1,67.81,2.08,2.21,360.0,370.0,360.0,2024-08-16,17.549999999999997,19.5,37.05,10.291666666666666,16.55,10.8,27.35,366.59,6.589999999999975,0.52218,0.51243,0.517305,0.39536,23.57313383787128,-0.107315,222.0,1.0,0.7690288713910761,23.0,2.777777777777768,1,7.513888888888898,2024-07-24,563.0,530.0756225585938,0.136825,0.136825,0.1383265384615384,0.0,0.0015015384615384,0,0.17097,0.1417,0.02927,0.01951,1.0,0.42107250755287,0.8207171314741036,0.1900482262422357,0.1293933487691008,0.0074316512308991,1.4687634878464428,1.0,-0.9092552876381292,6.307802101590033,3.8179801807995455,-0.0282078200278218,-0.0027821828687577,-0.0418332748046571,1,18.040000915527344,18.43000030517578,4.357500915527343,37.05,27.35,real_post_mid,3.705,2.6,596.8999999999995,0.016580555555555543,fold_3,lgbm,0.8260869565217391
DECK,2024-06-30,2024-07-25,1.0,975.32,833.46,-13.72,0.96,3.48,4.49,2.58,18.0,3.42,3.34,3.01,2.93,3.0,0.0,6.0,2.0,807940000.0,825450000.0,794870000.0,17.0,-138359.2,-107674.88,-10653.33,22251.05,15.95,0.0,16.91,-1472.22,-132.69,36.24,34.53,5.79,4.32,850.0,900.0,850.0,2024-08-16,51.15,52.2,103.35,12.158823529411764,57.9,9.8,67.7,950.53,100.52999999999996,0.60999,0.60999,0.60999,0.31243,48.78112755946819,-0.1561,2.0,5.0,0.9198813056379822,23.0,5.882352941176472,1,6.276470588235292,2024-07-24,563.0,530.0756225585938,0.136825,0.136825,0.1383265384615384,0.0,0.0015015384615384,0,0.17097,0.1417,0.02927,0.01951,1.0,0.42107250755287,0.8207171314741036,0.1900482262422357,0.1293933487691008,0.0074316512308991,1.4687634878464428,1.0,-0.9092552876381292,6.307802101590033,3.8179801807995455,-0.0282078200278218,-0.0027821828687577,-0.0418332748046571,1,18.040000915527344,18.43000030517578,4.357500915527343,103.35,67.7,real_post_mid,10.335,2.6,2528.899999999999,0.029751764705882342,fold_3,lgbm,0.8260869565217391
KDP,2024-06-30,2024-07-25,0.0,34.41,33.72,-3.49,-1.51,0.45,0.48,0.42,16.0,0.45,0.45,0.45,0.46,0.0,0.0,0.0,1.0,3914840000.0,3982000000.0,3874000000.0,12.0,8320.8,8217.44,36.27,29.64,3.43,-76.59,5.25,11.76,-30.91,19.24,30.99,3.93,4.64,33.0,34.0,33.0,2024-08-16,0.8,0.9,1.7000000000000002,5.151515151515152,1.1,0.25,1.35,35.39,2.390000000000001,0.25877,0.25877,0.25877,0.17097,33.92974456080689,-0.05365,2645.0,238.0,0.2131394182547643,23.0,3.0303030303030276,1,2.1212121212121247,2024-07-24,563.0,530.0756225585938,0.136825,0.136825,0.1383265384615384,0.0,0.0015015384615384,0,0.17097,0.1417,0.02927,0.01951,1.0,0.42107250755287,0.8207171314741036,0.1900482262422357,0.1293933487691008,0.0074316512308991,1.4687634878464428,1.0,-0.9092552876381292,6.307802101590033,3.8179801807995455,-0.0282078200278218,-0.0027821828687577,-0.0418332748046571,1,18.040000915527344,18.43000030517578,4.357500915527343,1.7000000000000002,1.35,real_post_mid,0.17000000000000004,2.6,15.400000000000004,0.004666666666666668,fold_3,lgbm,0.8260869565217391
HAS,2024-06-30,2024-07-25,1.0,59.4,64.47,3.57,-4.58,0.78,0.99,0.67,11.0,0.78,0.77,0.76,0.75,0.0,0.0,2.0,1.0,943560000.0,956200000.0,924310000.0,10.0,6877.6,6633.12,533.33,948.45,-24.35,-84.86,-14.17,6000.0,60.53,-14.84,549.16,1.7,13.55,60.0,65.0,60.0,2024-08-16,2.325,4.0,6.325,10.541666666666668,4.3,0.35,4.6499999999999995,66.34,6.340000000000003,0.42462,0.63925,0.531935,0.23926,55.02082021299594,-0.151215,1356.0,555.0,0.9996055226824456,23.0,8.333333333333325,1,2.208333333333343,2024-07-24,563.0,530.0756225585938,0.136825,0.136825,0.1383265384615384,0.0,0.0015015384615384,0,0.17097,0.1417,0.02927,0.01951,1.0,0.42107250755287,0.8207171314741036,0.1900482262422357,0.1293933487691008,0.0074316512308991,1.4687634878464428,1.0,-0.9092552876381292,6.307802101590033,3.8179801807995455,-0.0282078200278218,-0.0027821828687577,-0.0418332748046571,1,18.040000915527344,18.43000030517578,4.357500915527343,6.325,4.6499999999999995,real_post_mid,0.6325000000000001,2.6,101.65000000000008,0.016941666666666678,fold_3,lgbm,0.8260869565217391
LHX,2024-06-30,2024-07-25,1.0,224.51,214.54,8.36,13.39,3.18,3.28,3.09,22.0,3.18,3.16,3.16,3.11,5.0,0.0,8.0,0.0,5297900000.0,5402000000.0,5155000000.0,20.0,9436.0,8893.92,200.53,118.75,16.55,-73.17,11.76,6.99,-8.66,8.41,-3.46,-3.99,-1.66,240.0,230.0,240.0,2024-08-16,4.6,6.55,11.15,4.645833333333333,0.975,11.85,12.825,228.5,11.5,0.22951,0.22951,0.22951,0.18073,21.253975861618223,-0.0292699999999999,1552.0,104.0,0.2815533980582524,23.0,4.1666666666666625,1,0.4791666666666705,2024-07-24,563.0,530.0756225585938,0.136825,0.136825,0.1383265384615384,0.0,0.0015015384615384,0,0.17097,0.1417,0.02927,0.01951,1.0,0.42107250755287,0.8207171314741036,0.1900482262422357,0.1293933487691008,0.0074316512308991,1.4687634878464428,1.0,-0.9092552876381292,6.307802101590033,3.8179801807995455,-0.0282078200278218,-0.0027821828687577,-0.0418332748046571,1,18.040000915527344,18.43000030517578,4.357500915527343,11.149999999999999,12.825,real_post_mid,1.115,2.6,-281.60000000000014,-0.011733333333333339,fold_3,lgbm,0.8260869565217391
WY,2024-06-30,2024-07-25,0.0,28.28,31.05,7.18,-2.38,0.21,0.28,0.17,9.0,0.22,0.28,0.28,0.34,0.0,0.0,0.0,1.0,1942670000.0,1989000000.0,1860030000.0,8.0,3772.0,3683.68,38.4,31.84,-4.52,-76.6,-22.09,-23.81,0.0,-10.68,-16.95,0.15,-1.64,30.0,32.0,30.0,2024-08-16,0.7749999999999999,0.825,1.6,5.333333333333333,1.85,0.15,2.0,29.91,0.0899999999999998,0.25877,0.26853,0.26365,0.21975,16.650862886402425,-0.0243899999999999,638.0,2.0,1.528,23.0,6.666666666666665,0,-1.333333333333332,2024-07-24,563.0,530.0756225585938,0.136825,0.136825,0.1383265384615384,0.0,0.0015015384615384,0,0.17097,0.1417,0.02927,0.01951,1.0,0.42107250755287,0.8207171314741036,0.1900482262422357,0.1293933487691008,0.0074316512308991,1.4687634878464428,1.0,-0.9092552876381292,6.307802101590033,3.8179801807995455,-0.0282078200278218,-0.0027821828687577,-0.0418332748046571,1,18.040000915527344,18.43000030517578,4.357500915527343,1.5999999999999999,2.0,real_post_mid,0.16,2.6,-58.600000000000016,-0.01953333333333334,fold_3,lgbm,0.8260869565217391
WST,2024-06-30,2024-07-25,0.0,323.6,360.43,-14.35,-23.1,1.74,1.94,1.54,9.0,1.74,1.73,1.74,1.9,0.0,0.0,0.0,0.0,729350000.0,745200000.0,705260000.0,9.0,21784.8,20152.8,166.4,825.1,-2.88,-76.44,1.75,-21.21,-14.75,-14.19,-24.18,-4.53,-5.13,330.0,290.0,330.0,2024-08-16,13.05,17.9,30.95,9.37878787878788,2.0,45.3,47.3,300.41,29.589999999999975,0.4734,0.46365,0.4685249999999999,0.32219,31.233125233445385,-0.1024349999999999,109.0,9.0,1.2616279069767442,23.0,12.12121212121212,0,-2.742424242424242,2024-07-24,563.0,530.0756225585938,0.136825,0.136825,0.1383265384615384,0.0,0.0015015384615384,0,0.17097,0.1417,0.02927,0.01951,1.0,0.42107250755287,0.8207171314741036,0.1900482262422357,0.1293933487691008,0.0074316512308991,1.4687634878464428,1.0,-0.9092552876381292,6.307802101590033,3.8179801807995455,-0.0282078200278218,-0.0027821828687577,-0.0418332748046571,1,18.040000915527344,18.43000030517578,4.357500915527343,30.95,47.3,real_post_mid,3.095,2.6,-1947.0999999999997,-0.05900303030303029,fold_3,lgbm,0.8260869565217391
VLTO,2024-06-30,2024-07-25,1.0,98.95,94.12,0.67,5.83,0.81,0.85,0.78,10.0,0.8,0.8,0.8,0.8,1.0,0.0,2.0,0.0,1278740000.0,1289000000.0,1257600000.0,10.0,2028.0,1697.33,218.67,67.04,,-0.72,,,12.0,,,,,100.0,105.0,100.0,2024-08-16,2.5250000000000004,2.925,5.45,5.45,5.85,0.6,6.449999999999999,108.72,8.719999999999999,0.26853,0.27829,0.27341,0.22463,17.841337185911264,-0.058535,161.0,67.0,0.0916030534351145,23.0,5.000000000000004,1,0.4499999999999957,2024-07-24,563.0,530.0756225585938,0.136825,0.136825,0.1383265384615384,0.0,0.0015015384615384,0,0.17097,0.1417,0.02927,0.01951,1.0,0.42107250755287,0.8207171314741036,0.1900482262422357,0.1293933487691008,0.0074316512308991,1.4687634878464428,1.0,-0.9092552876381292,6.307802101590033,3.8179801807995455,-0.0282078200278218,-0.0027821828687577,-0.0418332748046571,1,18.040000915527344,18.43000030517578,4.357500915527343,5.45,6.449999999999999,real_post_mid,0.545,2.6,-157.0999999999999,-0.01570999999999999,fold_3,lgbm,0.8260869565217391
WTW,2024-06-30,2024-07-25,1.0,263.07,250.95,5.52,10.62,2.33,2.45,2.22,17.0,2.33,2.33,2.34,2.4,0.0,0.0,1.0,0.0,2273430000.0,2310850000.0,2250700000.0,11.0,2093.6,1095.36,571.2,356.98,4.32,-75.31,6.99,15.85,-55.78,22.9,-1.75,1.18,-0.74,270.0,280.0,270.0,2024-08-16,6.85,8.8,15.65,5.796296296296297,14.9,1.225,16.125,280.42,10.420000000000016,0.28804,0.28804,0.28804,0.185605,35.5627690598528,-0.06341,335.0,11.0,0.2731517509727626,23.0,3.703703703703698,1,2.0925925925925988,2024-07-24,563.0,530.0756225585938,0.136825,0.136825,0.1383265384615384,0.0,0.0015015384615384,0,0.17097,0.1417,0.02927,0.01951,1.0,0.42107250755287,0.8207171314741036,0.1900482262422357,0.1293933487691008,0.0074316512308991,1.4687634878464428,1.0,-0.9092552876381292,6.307802101590033,3.8179801807995455,-0.0282078200278218,-0.0027821828687577,-0.0418332748046571,1,18.040000915527344,18.43000030517578,4.357500915527343,15.65,16.125,real_post_mid,1.5650000000000002,2.6,-206.6,-0.0076518518518518515,fold_3,lgbm,0.8260869565217391
POOL,2024-06-30,2024-07-25,1.0,310.74,371.17,15.83,-3.03,4.9,4.94,4.85,9.0,4.9,5.19,5.86,6.18,0.0,0.0,1.0,1.0,1744320000.0,1753000000.0,1734780000.0,11.0,29605.6,29017.44,343.47,131.74,-7.12,-79.77,-9.62,-20.93,54.55,-23.19,-25.42,-0.43,-2.38,330.0,370.0,330.0,2024-08-16,10.95,14.25,25.2,7.636363636363636,43.5,1.5,45.0,345.28,15.279999999999973,0.35633,0.40511,0.38072,0.307555,19.21753519646984,-0.048775,110.0,21.0,4.461538461538462,23.0,12.12121212121211,0,-4.484848484848475,2024-07-24,563.0,530.0756225585938,0.136825,0.136825,0.1383265384615384,0.0,0.0015015384615384,0,0.17097,0.1417,0.02927,0.01951,1.0,0.42107250755287,0.8207171314741036,0.1900482262422357,0.1293933487691008,0.0074316512308991,1.4687634878464428,1.0,-0.9092552876381292,6.307802101590033,3.8179801807995455,-0.0282078200278218,-0.0027821828687577,-0.0418332748046571,1,18.040000915527344,18.43000030517578,4.357500915527343,25.2,45.0,real_post_mid,2.52,2.6,-2234.6,-0.0677151515151515,fold_3,lgbm,1.0
EQR,2024-06-30,2024-07-29,1.0,69.34,64.4,2.81,10.7,0.38,0.49,0.35,9.0,0.38,0.38,0.38,0.38,0.0,0.0,0.0,0.0,734370000.0,746400000.0,727700000.0,13.0,28578.4,26186.08,1083.73,595.33,3.65,-74.57,4.64,37.5,-6.1,5.54,5.54,0.92,1.07,70.0,70.0,70.0,2024-08-16,2.025,1.025,3.05,4.357142857142857,1.1749999999999998,1.425,2.5999999999999996,71.41,1.4099999999999966,0.21975,0.21975,0.21975,0.21975,0.0,-0.0243899999999999,699.0,36.0,0.2871287128712871,21.0,0.0,1,4.357142857142857,2024-07-26,565.0,533.2195434570312,0.136825,0.1319449999999999,0.136825,-0.00488,0.0,0,0.16122,0.13195,0.0292699999999999,0.00976,0.8000205002050023,0.42107250755287,0.8167330677290837,0.2203396876797261,0.1358163518382245,0.0010086481617755,1.622335489780938,1.14,0.545287359237499,1.1387468475138418,-0.315429469794595,-0.0082879645101529,-0.0019614007661903,-0.0361503113493888,1,16.389999389648438,17.239999771118164,2.7074993896484365,3.05,2.5999999999999996,real_post_mid,0.305,2.6,11.900000000000018,0.0017000000000000025,fold_3,lgbm,0.8260869565217391
ALB,2024-06-30,2024-07-31,0.0,97.41,125.3,-3.84,-25.24,0.41,1.12,-0.08,19.0,0.42,0.61,0.61,0.52,0.0,0.0,0.0,2.0,1337950000.0,1493000000.0,1095000000.0,16.0,25968.8,25986.72,217.07,1669.07,-47.26,-85.85,16.23,-97.48,-85.95,-100.46,-116.29,-46.61,-55.89,93.0,93.0,93.0,2024-08-02,3.0,3.425,6.425,6.908602150537633,1.685,1.465,3.1500000000000004,86.99,6.010000000000005,0.9612,0.95144,0.95632,0.814855,14.792642630081987,-0.409745,456.0,173.0,1.326730518067044,3.0,0.0,1,6.908602150537633,2024-07-30,559.0,530.8297729492188,0.1570321428571428,0.143656,0.14658,-0.0133761428571428,-0.0104521428571428,1,0.19048,0.12219,0.06829,-0.0006971428571428,1.0,0.6391038288427154,0.9243027888446216,0.1961149333937061,0.136164116147735,0.0208680267094078,1.4402835265417926,1.14,0.6317672786273588,1.5936494861501016,0.0907194698993351,-0.0212720009732008,-0.0040791334950314,-0.0404700696706386,1,17.690000534057617,18.010000228881836,1.9867862483433305,6.425,3.1500000000000004,real_post_mid,0.6425000000000001,2.6,260.6499999999999,0.028026881720430098,fold_3,lgbm,0.8260869565217391
CTVA,2024-06-30,2024-07-31,1.0,53.07,56.98,5.71,-1.54,1.72,1.86,1.58,16.0,1.72,1.77,1.82,1.82,0.0,0.0,0.0,1.0,6155740000.0,6227000000.0,6009400000.0,16.0,7663.2,7410.56,212.27,118.84,-8.03,-73.92,-3.24,-23.28,493.33,-24.13,-20.8,-0.03,-2.5,55.0,55.0,55.0,2024-08-16,2.2,1.425,3.625,6.59090909090909,0.375,2.15,2.525,53.8,1.2000000000000028,0.3856,0.36609,0.375845,0.22951,38.93493328366747,-0.102435,2783.0,52.0,1.151685393258427,17.0,0.0,1,6.59090909090909,2024-07-30,559.0,530.8297729492188,0.1570321428571428,0.143656,0.14658,-0.0133761428571428,-0.0104521428571428,1,0.19048,0.12219,0.06829,-0.0006971428571428,1.0,0.6391038288427154,0.9243027888446216,0.1961149333937061,0.136164116147735,0.0208680267094078,1.4402835265417926,1.14,0.6317672786273588,1.5936494861501016,0.0907194698993351,-0.0212720009732008,-0.0040791334950314,-0.0404700696706386,1,17.690000534057617,18.010000228881836,1.9867862483433305,3.625,2.525,real_post_mid,0.36250000000000004,2.6,71.15,0.012936363636363638,fold_3,lgbm,0.8260869565217391
MAA,2024-06-30,2024-07-31,1.0,141.18,131.68,-1.0,6.14,1.01,1.05,0.95,9.0,1.01,1.0,1.0,1.03,0.0,0.0,0.0,0.0,545410000.0,548800000.0,539230000.0,14.0,16130.4,16015.2,102.4,125.54,2.76,-74.7,5.74,-8.85,-9.65,5.18,-4.67,-2.25,-2.38,140.0,145.0,140.0,2024-08-16,3.65,2.625,6.275,4.482142857142858,7.55,0.8,8.35,152.84,12.840000000000003,0.22951,0.27829,0.2539,0.141705,44.188656951555735,-0.039025,45.0,3.0,2.2857142857142856,17.0,3.571428571428581,1,0.9107142857142768,2024-07-30,559.0,530.8297729492188,0.1570321428571428,0.143656,0.14658,-0.0133761428571428,-0.0104521428571428,1,0.19048,0.12219,0.06829,-0.0006971428571428,1.0,0.6391038288427154,0.9243027888446216,0.1961149333937061,0.136164116147735,0.0208680267094078,1.4402835265417926,1.14,0.6317672786273588,1.5936494861501016,0.0907194698993351,-0.0212720009732008,-0.0040791334950314,-0.0404700696706386,1,17.690000534057617,18.010000228881836,1.9867862483433305,6.275,8.35,real_post_mid,0.6275000000000001,2.6,-272.84999999999997,-0.019489285714285712,fold_3,lgbm,0.8260869565217391
MRNA,2024-06-30,2024-08-01,1.0,117.07,125.0,-19.56,-24.66,-3.39,-2.93,-4.2,16.0,-3.13,-3.39,-3.36,-3.23,0.0,0.0,0.0,1.0,132180000.0,210000000.0,78000000.0,15.0,-1168.8,5106.56,1651.73,11498.49,-90.91,-97.56,-67.75,-1715.79,-658.18,-415.14,-245.9,-14.4,-738.17,119.0,86.0,119.0,2024-08-02,5.0,4.75,9.75,8.193277310924369,0.01,32.175,32.184999999999995,86.58,32.42,1.39045,1.39045,1.39045,0.73681,47.00924161242763,-0.7950999999999999,130.0,160.0,0.9086962919364332,2.0,27.73109243697479,0,-19.537815126050425,2024-07-31,572.0,539.4581909179688,0.13195,0.12707,0.1319449999999999,-0.0048799999999999,-5.000000000032756e-06,1,0.16122,0.13195,0.0292699999999999,0.014635,0.5765450708471511,0.3684721622788089,0.7649402390438247,0.1538870269139442,0.147354712344309,-0.015404712344309,1.044330544070907,1.33,2.394631506869598,1.9077244069615125,0.2931176391296535,0.0177004335986754,0.010030386105813,-0.0248733083088764,1,16.360000610351562,16.969999313354492,3.165000610351562,9.75,32.184999999999995,real_post_mid,0.9750000000000001,2.6,-2343.5999999999995,-0.1969411764705882,fold_3,lgbm,1.0
O,2024-06-30,2024-08-05,0.0,53.09,55.02,11.47,7.56,0.36,0.4,0.28,6.0,0.36,0.36,0.35,0.38,0.0,0.0,0.0,0.0,1247330000.0,1320000000.0,1161360000.0,11.0,-3098.4,-2265.12,-409.6,355.46,33.47,-69.1,24.63,-52.94,-46.67,13.21,41.06,0.26,2.34,60.0,60.0,60.0,2024-08-16,0.6499999999999999,1.225,1.875,3.125,1.125,0.6000000000000001,1.725,60.05,0.0499999999999971,0.19048,0.20024,0.19536,0.21,-7.493857493857487,-0.0048749999999999,2091.0,1284.0,0.3943414105861649,14.0,0.0,1,3.125,2024-08-02,550.0,521.9172973632812,0.17585,0.1663661111111111,0.170975,-0.0094838888888889,-0.004875,1,0.22951,0.16122,0.0682899999999999,0.019515,1.0,0.8421450151057401,0.9760956175298804,0.2175082672720075,0.1651263721957701,0.0107236278042298,1.3172230721216025,1.41,2.66596756322438,7.128976528608274,2.9902928786559713,-0.0211962337698163,-0.0336562204130359,-0.0565802946689919,1,23.38999938964844,23.34000015258789,5.804999389648437,1.875,1.725,real_post_mid,0.1875,2.6,-6.3500000000000085,-0.0010583333333333347,fold_3,lgbm,0.8260869565217391
STE,2024-06-30,2024-08-06,1.0,220.05,210.09,8.69,13.85,1.98,2.02,1.92,7.0,1.98,2.01,2.01,2.13,0.0,0.0,0.0,1.0,1272490000.0,1295000000.0,1260030000.0,6.0,136.8,697.44,0.0,516.98,6.72,0.0,4.76,-2.0,-11.71,-38.48,18.69,0.26,1.76,240.0,230.0,240.0,2024-08-16,7.75,10.1,17.85,7.437500000000001,2.825,8.2,11.025,232.34,7.659999999999997,0.52218,0.56121,0.541695,0.31731,41.42275634812949,-0.16097,100.0,1.0,23.333333333333332,11.0,4.1666666666666625,1,3.2708333333333384,2024-08-05,535.0,506.7171936035156,0.2504092857142856,0.22951,0.230481,-0.0208992857142856,-0.0199282857142856,1,0.3619042857142857,0.2322957142857142,0.1296085714285714,0.0466907142857143,1.0,1.0,1.0,0.2731289992965821,0.1888350081986665,0.0615742775156191,1.4463896387752049,1.74,3.3025103685558603,13.46181835325362,3.517616352155413,-0.0502607475870009,-0.067178703768935,-0.0840560604320442,1,38.56999969482422,33.709999084472656,13.529071123395653,17.85,11.025,real_post_mid,1.7850000000000001,2.6,501.4000000000001,0.02089166666666667,fold_3,lgbm,0.8260869565217391
CAT,2024-06-30,2024-08-06,1.0,328.35,344.5,-0.58,-5.24,5.54,5.96,5.24,19.0,5.54,5.58,5.57,5.56,0.0,0.0,2.0,0.0,16677800000.0,17182900000.0,15777700000.0,15.0,24274.4,21714.72,1183.47,234.48,-0.4,-76.44,11.92,14.05,7.07,27.44,28.85,2.02,5.05,317.5,325.0,317.5,2024-08-09,10.875,11.425,22.3,7.023622047244095,9.825,1.38,11.204999999999998,338.26,20.75999999999999,0.84413,0.84413,0.84413,0.40999,51.43046687121652,-0.41463,154.0,244.0,1.762271214642263,4.0,2.3622047244094446,1,4.661417322834651,2024-08-05,535.0,506.7171936035156,0.2504092857142856,0.22951,0.230481,-0.0208992857142856,-0.0199282857142856,1,0.3619042857142857,0.2322957142857142,0.1296085714285714,0.0466907142857143,1.0,1.0,1.0,0.2731289992965821,0.1888350081986665,0.0615742775156191,1.4463896387752049,1.74,3.3025103685558603,13.46181835325362,3.517616352155413,-0.0502607475870009,-0.067178703768935,-0.0840560604320442,1,38.56999969482422,33.709999084472656,13.529071123395653,22.3,11.204999999999998,real_post_mid,2.23,2.6,883.9000000000002,0.027839370078740162,fold_3,lgbm,0.8260869565217391
AIZ,2024-06-30,2024-08-06,1.0,161.28,176.54,5.51,-3.61,3.62,3.92,3.37,7.0,3.62,3.92,3.97,4.03,0.0,0.0,0.0,1.0,2893070000.0,2932350000.0,2852720000.0,5.0,38997.6,30703.2,2867.2,1924.1,8.98,-74.13,9.08,73.82,4.37,66.65,99.12,2.8,4.6,170.0,170.0,170.0,2024-08-16,4.275,4.75,9.025,5.308823529411765,3.95,2.5500000000000003,6.5,187.27,17.27000000000001,0.3856,0.3856,0.3856,0.302675,21.50544605809128,-0.0877999999999999,18.0,6.0,4.909090909090909,11.0,0.0,1,5.308823529411765,2024-08-05,535.0,506.7171936035156,0.2504092857142856,0.22951,0.230481,-0.0208992857142856,-0.0199282857142856,1,0.3619042857142857,0.2322957142857142,0.1296085714285714,0.0466907142857143,1.0,1.0,1.0,0.2731289992965821,0.1888350081986665,0.0615742775156191,1.4463896387752049,1.74,3.3025103685558603,13.46181835325362,3.517616352155413,-0.0502607475870009,-0.067178703768935,-0.0840560604320442,1,38.56999969482422,33.709999084472656,13.529071123395653,9.025,6.5,real_post_mid,0.9025000000000001,2.6,159.65000000000003,0.009391176470588238,fold_3,lgbm,0.8260869565217391
AXON,2024-06-30,2024-08-06,1.0,298.38,311.86,-1.13,-5.41,1.02,1.17,0.93,14.0,1.02,1.02,1.02,1.02,0.0,0.0,0.0,0.0,477960000.0,495880000.0,467400000.0,12.0,19586.4,18044.0,704.0,117.58,34.06,-70.53,31.83,30.68,2.68,250.24,-0.92,-3.26,-1.26,290.0,350.0,290.0,2024-08-16,14.0,17.1,31.1,10.724137931034484,59.9,0.2249999999999999,60.125,373.69,83.69,0.78559,0.76608,0.775835,0.47828,38.35287142240297,-0.2731650000000001,79.0,56.0,1.6007944389275075,11.0,20.68965517241379,0,-9.965517241379306,2024-08-05,535.0,506.7171936035156,0.2504092857142856,0.22951,0.230481,-0.0208992857142856,-0.0199282857142856,1,0.3619042857142857,0.2322957142857142,0.1296085714285714,0.0466907142857143,1.0,1.0,1.0,0.2731289992965821,0.1888350081986665,0.0615742775156191,1.4463896387752049,1.74,3.3025103685558603,13.46181835325362,3.517616352155413,-0.0502607475870009,-0.067178703768935,-0.0840560604320442,1,38.56999969482422,33.709999084472656,13.529071123395653,31.1,60.125,real_post_mid,3.1100000000000003,2.6,-3216.1,-0.1109,fold_3,lgbm,0.8260869565217391
AMGN,2024-06-30,2024-08-06,0.0,310.88,307.31,5.81,7.04,5.01,5.43,4.8,21.0,5.0,4.58,4.97,4.97,2.0,0.0,11.0,0.0,8333470000.0,8603000000.0,8205500000.0,21.0,17005.6,16047.2,112.0,635.01,21.98,-73.58,8.43,-0.5,-15.92,-55.89,-48.41,-14.8,-18.16,325.0,312.5,325.0,2024-08-09,9.7,9.05,18.75,5.769230769230769,0.6,12.7,13.3,322.49,2.509999999999991,0.69779,0.67828,0.688035,0.414865,39.70292208971926,-0.3316999999999999,40.0,33.0,1.3323281061519905,4.0,3.846153846153843,1,1.9230769230769256,2024-08-05,535.0,506.7171936035156,0.2504092857142856,0.22951,0.230481,-0.0208992857142856,-0.0199282857142856,1,0.3619042857142857,0.2322957142857142,0.1296085714285714,0.0466907142857143,1.0,1.0,1.0,0.2731289992965821,0.1888350081986665,0.0615742775156191,1.4463896387752049,1.74,3.3025103685558603,13.46181835325362,3.517616352155413,-0.0502607475870009,-0.067178703768935,-0.0840560604320442,1,38.56999969482422,33.709999084472656,13.529071123395653,18.75,13.3,real_post_mid,1.875,2.6,354.8999999999999,0.010919999999999997,fold_3,lgbm,0.8260869565217391
IDXX,2024-06-30,2024-08-06,1.0,486.0,487.07,-3.42,-3.63,2.88,2.97,2.84,9.0,2.88,2.87,2.87,2.89,0.0,0.0,1.0,0.0,1006530000.0,1028690000.0,1001120000.0,8.0,17666.4,16488.8,571.73,45.71,7.1,-73.67,8.62,10.2,21.12,8.22,6.62,1.2,-0.14,460.0,470.0,460.0,2024-08-16,16.35,21.3,37.650000000000006,8.184782608695654,14.6,7.45,22.05,492.26,32.25999999999999,0.58072,0.60023,0.5904750000000001,0.36121,38.827215377450365,-0.1609750000000001,14.0,20.0,1.6888888888888889,11.0,2.1739130434782705,1,6.010869565217384,2024-08-05,535.0,506.7171936035156,0.2504092857142856,0.22951,0.230481,-0.0208992857142856,-0.0199282857142856,1,0.3619042857142857,0.2322957142857142,0.1296085714285714,0.0466907142857143,1.0,1.0,1.0,0.2731289992965821,0.1888350081986665,0.0615742775156191,1.4463896387752049,1.74,3.3025103685558603,13.46181835325362,3.517616352155413,-0.0502607475870009,-0.067178703768935,-0.0840560604320442,1,38.56999969482422,33.709999084472656,13.529071123395653,37.650000000000006,22.05,real_post_mid,3.7650000000000006,2.6,1180.9000000000005,0.025671739130434794,fold_3,lgbm,0.8260869565217391
YUM,2024-06-30,2024-08-06,1.0,129.12,136.96,5.99,-0.08,1.33,1.4,1.27,24.0,1.33,1.34,1.34,1.34,0.0,0.0,1.0,1.0,1805400000.0,1880000000.0,1701000000.0,21.0,3565.6,3742.56,-126.93,245.57,-2.86,-77.42,2.6,8.49,-8.73,0.94,-0.57,0.76,0.75,135.0,135.0,135.0,2024-08-16,2.9,4.3,7.199999999999999,5.333333333333333,2.925,1.175,4.1,137.4,2.4000000000000057,0.3856,0.37584,0.38072,0.229505,39.71816558100441,-0.11219,577.0,798.0,4.919612314709236,11.0,0.0,1,5.333333333333333,2024-08-05,535.0,506.7171936035156,0.2504092857142856,0.22951,0.230481,-0.0208992857142856,-0.0199282857142856,1,0.3619042857142857,0.2322957142857142,0.1296085714285714,0.0466907142857143,1.0,1.0,1.0,0.2731289992965821,0.1888350081986665,0.0615742775156191,1.4463896387752049,1.74,3.3025103685558603,13.46181835325362,3.517616352155413,-0.0502607475870009,-0.067178703768935,-0.0840560604320442,1,38.56999969482422,33.709999084472656,13.529071123395653,7.199999999999999,4.1,real_post_mid,0.72,2.6,235.4,0.01743703703703704,fold_3,lgbm,0.8260869565217391
TAP,2024-06-30,2024-08-06,1.0,49.98,58.21,7.84,-7.4,1.68,1.78,1.59,16.0,1.68,1.71,1.71,1.72,0.0,0.0,2.0,0.0,3181390000.0,3225600000.0,3112900000.0,10.0,10093.6,8983.36,460.27,377.43,10.66,-77.81,10.36,75.93,-20.17,46.06,98.67,4.26,5.37,52.5,52.5,52.5,2024-08-16,1.15,2.4,3.55,6.761904761904762,0.8,1.1,1.9,53.63,1.1300000000000026,0.48316,0.4734,0.47828,0.283165,40.795140921635856,-0.16097,636.0,36.0,0.8191881918819188,11.0,0.0,1,6.761904761904762,2024-08-05,535.0,506.7171936035156,0.2504092857142856,0.22951,0.230481,-0.0208992857142856,-0.0199282857142856,1,0.3619042857142857,0.2322957142857142,0.1296085714285714,0.0466907142857143,1.0,1.0,1.0,0.2731289992965821,0.1888350081986665,0.0615742775156191,1.4463896387752049,1.74,3.3025103685558603,13.46181835325362,3.517616352155413,-0.0502607475870009,-0.067178703768935,-0.0840560604320442,1,38.56999969482422,33.709999084472656,13.529071123395653,3.55,1.9,real_post_mid,0.355,2.6,126.9,0.024171428571428573,fold_3,lgbm,0.8260869565217391
VMC,2024-06-30,2024-08-06,0.0,244.21,267.93,0.79,-8.13,2.47,2.8,2.22,18.0,2.47,2.66,2.76,2.75,0.0,0.0,0.0,0.0,2030470000.0,2154980000.0,1906000000.0,16.0,12456.8,12178.4,-2.13,200.09,-6.26,-80.14,4.76,-15.79,-45.21,-4.01,-7.64,1.42,-0.16,260.0,240.0,260.0,2024-08-16,8.55,9.85,18.4,7.076923076923077,0.7,18.8,19.5,244.43,15.569999999999991,0.53194,0.48316,0.50755,0.3417,32.676583587823856,-0.1512149999999999,272.0,39.0,1.6712328767123288,11.0,7.692307692307687,0,-0.6153846153846105,2024-08-05,535.0,506.7171936035156,0.2504092857142856,0.22951,0.230481,-0.0208992857142856,-0.0199282857142856,1,0.3619042857142857,0.2322957142857142,0.1296085714285714,0.0466907142857143,1.0,1.0,1.0,0.2731289992965821,0.1888350081986665,0.0615742775156191,1.4463896387752049,1.74,3.3025103685558603,13.46181835325362,3.517616352155413,-0.0502607475870009,-0.067178703768935,-0.0840560604320442,1,38.56999969482422,33.709999084472656,13.529071123395653,18.4,19.5,real_post_mid,1.8399999999999999,2.6,-296.60000000000014,-0.011407692307692313,fold_3,lgbm,0.8260869565217391
UBER,2024-06-30,2024-08-06,1.0,71.06,66.4,-8.71,-2.3,0.31,0.47,0.02,31.0,0.31,0.3,0.3,0.3,1.0,0.0,3.0,0.0,10567200000.0,11038000000.0,10182700000.0,37.0,-4164.0,-3834.72,82.13,834.31,14.82,-72.83,15.44,-287.5,-146.97,-231.65,165.65,-1.27,4.67,59.0,66.0,59.0,2024-08-09,2.7,3.15,5.85,9.915254237288137,6.725,0.03,6.755,68.54,9.540000000000006,1.19534,1.18558,1.19046,0.541695,54.49700115921576,-0.6731550000000001,364.0,1850.0,0.7233367259481466,4.0,11.864406779661008,0,-1.9491525423728715,2024-08-05,535.0,506.7171936035156,0.2504092857142856,0.22951,0.230481,-0.0208992857142856,-0.0199282857142856,1,0.3619042857142857,0.2322957142857142,0.1296085714285714,0.0466907142857143,1.0,1.0,1.0,0.2731289992965821,0.1888350081986665,0.0615742775156191,1.4463896387752049,1.74,3.3025103685558603,13.46181835325362,3.517616352155413,-0.0502607475870009,-0.067178703768935,-0.0840560604320442,1,38.56999969482422,33.709999084472656,13.529071123395653,5.85,6.755,real_post_mid,0.585,2.6,-151.60000000000002,-0.025694915254237293,fold_3,lgbm,0.8260869565217391
MPC,2024-06-30,2024-08-06,1.0,170.74,180.93,0.09,-5.55,3.09,3.55,2.7,16.0,3.22,4.89,5.5,6.42,0.0,0.0,0.0,1.0,35082800000.0,40000000000.0,24073000000.0,8.0,39474.4,35340.0,2674.67,1706.61,-6.19,-77.96,-17.17,-57.64,-35.18,-44.98,-56.07,-6.69,-6.2,162.5,170.0,162.5,2024-08-09,4.875,5.199999999999999,10.075,6.199999999999999,6.875,0.305,7.18,175.83,13.330000000000013,0.74657,0.73681,0.74169,0.419745,43.40694899486308,-0.32682,23.0,30.0,0.9032170856988376,4.0,4.615384615384621,1,1.584615384615378,2024-08-05,535.0,506.7171936035156,0.2504092857142856,0.22951,0.230481,-0.0208992857142856,-0.0199282857142856,1,0.3619042857142857,0.2322957142857142,0.1296085714285714,0.0466907142857143,1.0,1.0,1.0,0.2731289992965821,0.1888350081986665,0.0615742775156191,1.4463896387752049,1.74,3.3025103685558603,13.46181835325362,3.517616352155413,-0.0502607475870009,-0.067178703768935,-0.0840560604320442,1,38.56999969482422,33.709999084472656,13.529071123395653,10.075,7.18,real_post_mid,1.0075,2.6,186.14999999999995,0.011455384615384612,fold_3,lgbm,1.0
J,2024-06-30,2024-08-06,0.0,136.74,138.51,2.89,1.57,1.96,2.03,1.91,13.0,1.96,1.96,1.96,2.0,0.0,0.0,1.0,0.0,3994310000.0,4419630000.0,3474000000.0,11.0,7343.2,6327.2,154.67,647.3,-30.19,1.31,-18.37,5.52,18.63,-28.47,-36.78,3.18,-0.67,140.0,140.0,140.0,2024-08-16,4.75,4.3,9.05,6.464285714285715,2.375,2.7,5.075,146.91,6.909999999999997,0.4734,0.46365,0.4685249999999999,0.29292,37.480390587481985,-0.1560949999999999,25.0,6.0,0.0333225493367842,11.0,0.0,1,6.464285714285715,2024-08-05,535.0,506.7171936035156,0.2504092857142856,0.22951,0.230481,-0.0208992857142856,-0.0199282857142856,1,0.3619042857142857,0.2322957142857142,0.1296085714285714,0.0466907142857143,1.0,1.0,1.0,0.2731289992965821,0.1888350081986665,0.0615742775156191,1.4463896387752049,1.74,3.3025103685558603,13.46181835325362,3.517616352155413,-0.0502607475870009,-0.067178703768935,-0.0840560604320442,1,38.56999969482422,33.709999084472656,13.529071123395653,9.05,5.075,real_post_mid,0.9050000000000001,2.6,304.4,0.02174285714285714,fold_3,lgbm,0.8260869565217391
NI,2024-06-30,2024-08-07,1.0,28.57,28.9,8.86,7.61,0.16,0.19,0.11,8.0,0.16,0.13,0.13,0.15,0.0,0.0,3.0,0.0,1164000000.0,1164000000.0,1164000000.0,1.0,2270.56,2162.4,78.93,85.55,-13.21,-69.01,-7.53,10.39,60.38,12.89,9.87,11.73,7.18,30.0,30.0,30.0,2024-08-16,1.2000000000000002,0.2,1.4,4.666666666666667,1.225,0.15,1.375,31.9,1.8999999999999984,0.28804,0.27829,0.283165,0.28804,-1.7216110748150435,-0.14146,224.0,0.0,0.1555555555555555,10.0,0.0,1,4.666666666666667,2024-08-06,523.0,511.3889770507813,0.2211442857142857,0.2072852777777777,0.2028413333333333,-0.0138590079365079,-0.0183029523809523,1,0.2699242857142857,0.1821228571428571,0.0878014285714285,0.0048792857142857,0.8082357841921248,0.8082357841921248,0.99601593625498,0.3069953430379926,0.1932204260486605,0.0279238596656251,1.5888348313685998,1.35,1.0765287867782936,1.498243272303813,-0.3302848556645957,-0.0366234090270164,-0.0596634580258537,-0.0756113267827554,1,27.709999084472656,26.760000228881836,5.595570513044084,1.4000000000000001,1.375,real_post_mid,0.14,2.6,-14.099999999999987,-0.004699999999999996,fold_3,lgbm,0.8260869565217391
ZBH,2024-06-30,2024-08-07,1.0,106.39,121.44,-0.55,-12.87,1.99,2.03,1.94,26.0,1.99,1.99,1.99,2.0,0.0,0.0,0.0,0.0,1941030000.0,1958700000.0,1924000000.0,24.0,8701.6,8437.28,104.53,39.99,3.18,-74.45,5.6,2.65,-11.82,-11.01,-18.76,0.23,-3.81,110.0,110.0,110.0,2024-08-16,3.625,3.4000000000000004,7.025,6.386363636363638,1.0,2.25,3.25,110.65,0.6500000000000057,0.52218,0.45389,0.488035,0.24414,49.974899341235776,-0.170725,343.0,244.0,2.6553480475382005,10.0,0.0,1,6.386363636363638,2024-08-06,523.0,511.3889770507813,0.2211442857142857,0.2072852777777777,0.2028413333333333,-0.0138590079365079,-0.0183029523809523,1,0.2699242857142857,0.1821228571428571,0.0878014285714285,0.0048792857142857,0.8082357841921248,0.8082357841921248,0.99601593625498,0.3069953430379926,0.1932204260486605,0.0279238596656251,1.5888348313685998,1.35,1.0765287867782936,1.498243272303813,-0.3302848556645957,-0.0366234090270164,-0.0596634580258537,-0.0756113267827554,1,27.709999084472656,26.760000228881836,5.595570513044084,7.025,3.25,real_post_mid,0.7025000000000001,2.6,304.65,0.027695454545454544,fold_3,lgbm,0.8260869565217391
CPAY,2024-06-30,2024-08-07,1.0,271.56,283.22,-0.47,-4.57,4.52,4.76,4.48,17.0,4.76,4.75,4.76,4.75,0.0,0.0,0.0,9.0,980960000.0,1026400000.0,967960000.0,14.0,1472.8,1488.34,27.2,54.4,,,,,,,,,,270.0,290.0,270.0,2024-08-16,9.55,9.0,18.55,6.870370370370371,17.5,3.0,20.5,293.09,23.089999999999975,0.49292,0.54169,0.517305,0.253895,50.91967021389703,-0.199995,67.0,2.0,2.7,10.0,7.407407407407418,0,-0.537037037037047,2024-08-06,523.0,511.3889770507813,0.2211442857142857,0.2072852777777777,0.2028413333333333,-0.0138590079365079,-0.0183029523809523,1,0.2699242857142857,0.1821228571428571,0.0878014285714285,0.0048792857142857,0.8082357841921248,0.8082357841921248,0.99601593625498,0.3069953430379926,0.1932204260486605,0.0279238596656251,1.5888348313685998,1.35,1.0765287867782936,1.498243272303813,-0.3302848556645957,-0.0366234090270164,-0.0596634580258537,-0.0756113267827554,1,27.709999084472656,26.760000228881836,5.595570513044084,18.55,20.5,real_post_mid,1.8550000000000002,2.6,-383.1,-0.01418888888888889,fold_3,lgbm,0.8260869565217391
TTD,2024-06-30,2024-08-08,1.0,101.52,87.26,-13.05,1.16,0.35,0.41,0.3,17.0,0.35,0.35,0.35,0.34,1.0,0.0,1.0,0.0,577800000.0,587000000.0,575000000.0,26.0,-7751.2,-7885.76,66.67,71.31,28.33,-74.76,24.25,13.04,-36.59,1355.27,222.95,1.07,11.92,85.0,99.0,85.0,2024-08-09,5.225,5.199999999999999,10.425,12.26470588235294,14.25,0.01,14.26,99.3,14.299999999999995,2.09288,2.06361,2.078245,0.424625,79.56809712040688,-1.448745,227.0,52.0,0.5069641475367552,2.0,16.470588235294127,0,-4.205882352941186,2024-08-07,520.0,507.9707336425781,0.22463,0.206745,0.206745,-0.0178849999999999,-0.0178849999999999,1,0.26853,0.19048,0.0780499999999999,0.004875,0.8310765587190446,0.8310765587190446,0.99601593625498,0.2294939416324082,0.1930977607717018,0.0315322392282982,1.1884857738134902,1.38,1.142756720249506,1.2889992659367,-0.3799582376708712,-0.0583686702797301,-0.0668563505087412,-0.0817901566571597,1,27.850000381469727,27.010000228881836,5.387000381469726,10.424999999999999,14.26,real_post_mid,1.0425,2.6,-490.35000000000014,-0.057688235294117665,fold_3,lgbm,0.8260869565217391
DDOG,2024-06-30,2024-08-08,1.0,126.63,118.97,-9.93,-4.13,0.37,0.54,0.34,36.0,0.37,0.37,0.36,0.36,0.0,0.0,0.0,0.0,624880000.0,649560000.0,621500000.0,36.0,4637.6,4357.6,112.0,93.03,26.89,-71.28,26.58,57.14,0.0,1007.35,134.3,2.73,9.22,108.0,112.0,108.0,2024-08-09,6.199999999999999,6.125,12.325,11.412037037037036,3.925,0.02,3.945,112.28,4.280000000000001,1.93678,1.92703,1.931905,0.39536,79.53522559339098,-1.346305,104.0,370.0,0.8205522197532031,2.0,3.703703703703698,1,7.708333333333338,2024-08-07,520.0,507.9707336425781,0.22463,0.206745,0.206745,-0.0178849999999999,-0.0178849999999999,1,0.26853,0.19048,0.0780499999999999,0.004875,0.8310765587190446,0.8310765587190446,0.99601593625498,0.2294939416324082,0.1930977607717018,0.0315322392282982,1.1884857738134902,1.38,1.142756720249506,1.2889992659367,-0.3799582376708712,-0.0583686702797301,-0.0668563505087412,-0.0817901566571597,1,27.850000381469727,27.010000228881836,5.387000381469726,12.325,3.945,real_post_mid,1.2325,2.6,712.1499999999999,0.0659398148148148,fold_3,lgbm,0.8260869565217391
NDSN,2024-07-31,2024-08-21,1.0,240.57,237.9,3.0,4.15,2.33,2.38,2.3,7.0,2.33,2.33,2.33,2.39,0.0,0.0,1.0,0.0,656230000.0,658900000.0,652700000.0,7.0,3426.4,3006.56,358.4,362.95,0.07,2.76,0.51,3.54,5.88,1.74,-2.26,2.07,-0.61,240.0,260.0,240.0,2024-09-20,7.5,7.75,15.25,6.354166666666666,17.1,1.0,18.1,255.58,15.580000000000013,0.25877,0.28804,0.273405,0.185605,32.11353120828075,-0.03902,514.0,4.0,0.7333333333333333,31.0,8.333333333333325,0,-1.979166666666659,2024-08-20,577.0,547.1856079101562,0.1214978571428571,0.12257,0.1319449999999999,0.0010721428571428,0.0104471428571428,0,0.1598257142857142,0.11244,0.0473857142857142,0.014635,0.1474957605301817,0.155284503376971,0.5617529880478087,0.1160235338057631,0.2167107017319323,-0.0952128445890752,0.5353844220821284,1.03,-1.1696169732629476,1.35700149003286,-0.4883922910598224,0.03073585876633,0.007301826428506,-0.0109051997626196,1,15.880000114440918,18.280000686645508,3.730214400155205,15.25,18.1,real_post_mid,1.5250000000000001,2.6,-440.1000000000002,-0.018337500000000007,fold_3,lgbm,0.8260869565217391
WRB,2024-09-30,2024-10-21,0.0,57.45,52.21,6.23,16.89,0.92,0.98,0.85,14.0,0.93,0.95,0.95,0.94,1.0,0.0,4.0,1.0,3443780000.0,3470890000.0,3402900000.0,6.0,-5085.6,-5789.6,245.33,170.08,10.62,1.76,9.92,-8.77,-33.33,-6.4,6.67,-1.76,-0.54,59.75,57.5,59.75,2024-11-15,2.575,1.725,4.300000000000001,7.196652719665273,0.7749999999999999,2.6,3.375,60.74,0.990000000000002,0.23926,0.37584,0.30755,0.21975,28.548203544139163,-0.20487,292.0,34.0,0.3187855787476281,28.0,3.765690376569042,1,3.4309623430962315,2024-10-18,600.0,574.2981567382812,0.12707,0.1312485714285714,0.1319449999999999,0.0041785714285713,0.0048749999999999,0,0.17097,0.12219,0.04878,0.0195099999999999,0.0921350739022552,0.1917969792139592,0.6693227091633466,0.0958807900229148,0.087439418122468,0.0396305818775319,1.0965396623365415,1.26,-0.2144723743509695,0.507356934510485,-1.0146373374692372,0.0086442192888969,0.0269764516779325,0.0,1,18.030000686645508,19.190000534057617,5.323000686645507,4.300000000000001,3.375,real_post_mid,0.4300000000000001,2.6,46.90000000000006,0.007849372384937249,fold_4,lgbm,0.8461538461538461
BKR,2024-09-30,2024-10-22,1.0,36.04,34.9,-0.17,3.09,0.61,0.63,0.56,19.0,0.61,0.61,0.61,0.55,1.0,0.0,3.0,3.0,7216390000.0,7378000000.0,7113830000.0,19.0,741.6,506.4,136.53,52.31,13.05,11.23,18.54,46.15,32.56,21.73,64.79,0.11,3.72,36.0,37.0,36.0,2024-11-15,1.45,1.0750000000000002,2.5250000000000004,7.01388888888889,1.65,0.7,2.3499999999999996,42.94,6.939999999999998,0.30755,0.35633,0.33194,0.30268,8.81484605651624,-0.03902,749.0,14.0,1.1869918699186992,25.0,2.777777777777768,1,4.236111111111122,2024-10-21,600.0,573.3550415039062,0.13195,0.136825,0.1319449999999999,0.0048749999999999,-5.000000000032756e-06,1,0.18073,0.13195,0.0487799999999999,0.0243899999999999,0.1842701478045099,0.2237740635516469,0.7410358565737052,0.0780997820209745,0.0874024789789387,0.0445475210210612,0.8935648385876346,1.2,-0.6520389056516837,0.562325017014662,-1.0803796736704707,-0.0011808668941,0.0270654800301761,-0.0016422048779181,1,18.3700008392334,19.239999771118164,5.175000839233398,2.5250000000000004,2.3499999999999996,real_post_mid,0.25250000000000006,2.6,-10.349999999999934,-0.0028749999999999817,fold_4,lgbm,0.8461538461538461
IPG,2024-09-30,2024-10-22,0.0,31.11,29.57,-4.28,0.71,0.7,0.72,0.65,9.0,0.7,0.7,0.7,0.7,0.0,0.0,0.0,0.0,2301940000.0,2324120000.0,2285100000.0,6.0,6428.0,6255.2,38.4,71.84,1.63,8.58,0.11,7.02,69.44,4.42,2.41,0.57,0.09,32.0,30.0,32.0,2024-11-15,0.8,1.1,1.9,5.9375,0.125,2.0,2.125,27.09,4.91,0.27829,0.28804,0.283165,0.22463,20.671693182420142,-0.02927,91.0,112.0,0.8718801996672213,25.0,6.25,0,-0.3125,2024-10-21,600.0,573.3550415039062,0.13195,0.136825,0.1319449999999999,0.0048749999999999,-5.000000000032756e-06,1,0.18073,0.13195,0.0487799999999999,0.0243899999999999,0.1842701478045099,0.2237740635516469,0.7410358565737052,0.0780997820209745,0.0874024789789387,0.0445475210210612,0.8935648385876346,1.2,-0.6520389056516837,0.562325017014662,-1.0803796736704707,-0.0011808668941,0.0270654800301761,-0.0016422048779181,1,18.3700008392334,19.239999771118164,5.175000839233398,1.9000000000000001,2.125,real_post_mid,0.19000000000000003,2.6,-44.099999999999994,-0.013781249999999998,fold_4,lgbm,0.8212554018953441
IVZ,2024-09-30,2024-10-22,1.0,17.17,16.58,5.07,8.81,0.43,0.47,0.37,15.0,0.43,0.42,0.42,0.43,1.0,0.0,6.0,0.0,1106660000.0,1128580000.0,1083100000.0,9.0,4511.2,4505.44,-33.6,153.6,2.81,0.54,-2.3,38.71,30.3,9.1,1.47,1.14,-0.19,18.0,17.0,18.0,2024-11-15,0.7749999999999999,0.8500000000000001,1.625,9.027777777777777,0.375,1.0,1.375,17.67,0.3299999999999983,0.3856,0.4734,0.4295,0.375845,12.492433061699652,-0.078045,1082.0,2767.0,1.1447839831401476,25.0,5.555555555555558,1,3.4722222222222188,2024-10-21,600.0,573.3550415039062,0.13195,0.136825,0.1319449999999999,0.0048749999999999,-5.000000000032756e-06,1,0.18073,0.13195,0.0487799999999999,0.0243899999999999,0.1842701478045099,0.2237740635516469,0.7410358565737052,0.0780997820209745,0.0874024789789387,0.0445475210210612,0.8935648385876346,1.2,-0.6520389056516837,0.562325017014662,-1.0803796736704707,-0.0011808668941,0.0270654800301761,-0.0016422048779181,1,18.3700008392334,19.239999771118164,5.175000839233398,1.625,1.375,real_post_mid,0.1625,2.6,6.15,0.003416666666666667,fold_4,lgbm,0.8461538461538461
CME,2024-09-30,2024-10-23,1.0,215.86,199.38,5.23,13.92,2.65,2.73,2.61,15.0,2.63,2.48,2.44,2.41,0.0,0.0,11.0,1.0,1579190000.0,1646000000.0,1456000000.0,14.0,4722.4,4426.08,112.53,64.43,12.67,3.0,9.81,11.3,2.4,11.6,19.32,1.76,3.64,230.0,230.0,230.0,2024-11-15,3.3,6.449999999999999,9.75,4.239130434782608,4.3,3.95,8.25,225.28,4.719999999999999,0.20024,0.20024,0.20024,0.18073,9.743308030363565,-0.0146349999999999,1258.0,717.0,0.575249500998004,24.0,0.0,1,4.239130434782608,2024-10-22,600.0,573.050537109375,0.136825,0.1319449999999999,0.1319449999999999,-0.00488,-0.00488,1,0.18073,0.13195,0.0487799999999999,0.019515,0.2763108210162909,0.2557183844832509,0.7888446215139442,0.0428390099858035,0.08749731154241,0.0493276884575899,0.4896037287390187,1.06,-1.5921159639028604,0.4920121044505344,-1.174754773892288,0.0061057351561024,0.0239614254488473,-0.0021724249229565,1,18.200000762939453,19.170000076293945,4.517500762939452,9.75,8.25,real_post_mid,0.9750000000000001,2.6,49.89999999999999,0.0021695652173913038,fold_4,lgbm,0.8461538461538461
TDY,2024-09-30,2024-10-23,1.0,432.74,415.7,8.63,13.08,4.97,4.99,4.93,8.0,4.97,4.97,4.97,5.0,1.0,0.0,1.0,0.0,1416900000.0,1438640000.0,1381240000.0,7.0,42741.6,42031.2,179.2,660.94,-3.55,1.78,1.37,-1.93,0.66,-3.36,-3.55,-0.28,0.0,440.0,470.0,440.0,2024-11-15,14.55,11.6,26.15,5.943181818181819,36.2,1.25,37.45,470.15,30.149999999999977,0.26853,0.30755,0.2880399999999999,0.190485,33.86855992223301,-0.0536549999999999,1.0,1.0,0.4705882352941176,24.0,6.818181818181812,0,-0.8749999999999929,2024-10-22,600.0,573.050537109375,0.136825,0.1319449999999999,0.1319449999999999,-0.00488,-0.00488,1,0.18073,0.13195,0.0487799999999999,0.019515,0.2763108210162909,0.2557183844832509,0.7888446215139442,0.0428390099858035,0.08749731154241,0.0493276884575899,0.4896037287390187,1.06,-1.5921159639028604,0.4920121044505344,-1.174754773892288,0.0061057351561024,0.0239614254488473,-0.0021724249229565,1,18.200000762939453,19.170000076293945,4.517500762939452,26.15,37.45,real_post_mid,2.615,2.6,-1394.1000000000004,-0.03168409090909092,fold_4,lgbm,0.8461538461538461
NDAQ,2024-09-30,2024-10-24,1.0,73.67,66.96,2.13,12.37,0.69,0.73,0.67,15.0,0.69,0.68,0.68,0.69,2.0,0.0,10.0,1.0,1169360000.0,1189000000.0,1155000000.0,13.0,-40176.8,-40286.88,77.33,89.63,25.05,7.05,2.16,-2.82,9.52,36.01,10.73,-0.28,-3.06,75.0,75.0,75.0,2024-11-15,1.7000000000000002,2.575,4.275,5.7,1.25,1.65,2.9,78.76,3.760000000000005,0.27829,0.28804,0.283165,0.20024,29.285045821340915,-0.068295,472.0,168.0,0.6839622641509434,23.0,0.0,1,5.7,2024-10-23,595.0,567.8143920898438,0.1417,0.136825,0.1382192857142857,-0.0048749999999999,-0.0034807142857142,1,0.19048,0.1417,0.04878,0.02439,0.3683514942280719,0.287662705414855,0.8087649402390438,0.0756964190949694,0.0941789284329969,0.047521071567003,0.8037511187953609,0.97,-1.9136062937420149,1.7362974115286185,1.8022453233950777,-0.0074016987886722,0.0117102143889258,-0.0112898928411366,1,19.239999771118164,20.040000915527344,5.069999771118164,4.275,2.9,real_post_mid,0.42750000000000005,2.6,92.15000000000005,0.012286666666666673,fold_4,lgbm,0.8461538461538461
POOL,2024-09-30,2024-10-24,1.0,371.91,371.82,1.46,1.48,3.14,3.25,2.92,9.0,3.17,3.17,3.17,3.15,0.0,0.0,2.0,2.0,1402970000.0,1430200000.0,1356450000.0,11.0,29951.2,29241.44,420.27,85.19,-4.72,57.9,-8.77,-15.57,144.61,-16.11,-16.98,-0.61,-2.27,350.0,370.0,350.0,2024-11-15,15.3,15.5,30.8,8.8,20.85,5.0,25.85,359.42,9.420000000000016,0.41487,0.46365,0.43926,0.32219,26.65164139689478,-0.068295,1.0,2.0,13.590909090909092,23.0,5.714285714285716,1,3.0857142857142845,2024-10-23,595.0,567.8143920898438,0.1417,0.136825,0.1382192857142857,-0.0048749999999999,-0.0034807142857142,1,0.19048,0.1417,0.04878,0.02439,0.3683514942280719,0.287662705414855,0.8087649402390438,0.0756964190949694,0.0941789284329969,0.047521071567003,0.8037511187953609,0.97,-1.9136062937420149,1.7362974115286185,1.8022453233950777,-0.0074016987886722,0.0117102143889258,-0.0112898928411366,1,19.239999771118164,20.040000915527344,5.069999771118164,30.8,25.85,real_post_mid,3.08,2.6,184.39999999999992,0.005268571428571426,fold_4,lgbm,0.8461538461538461
KDP,2024-09-30,2024-10-24,0.0,37.83,33.74,-7.64,3.56,0.51,0.51,0.5,15.0,0.51,0.51,0.51,0.52,1.0,0.0,2.0,0.0,3926270000.0,3963000000.0,3883600000.0,12.0,8320.8,8252.8,27.2,33.31,3.51,13.09,4.79,7.14,18.42,12.6,11.96,1.51,1.65,37.0,35.0,37.0,2024-11-15,0.8,1.0,1.8,4.864864864864865,0.1,2.425,2.525,31.66,5.34,0.23926,0.24902,0.24414,0.19048,21.9791922667322,-0.0487799999999999,708.0,231.0,0.2438936781609195,23.0,5.405405405405405,0,-0.5405405405405403,2024-10-23,595.0,567.8143920898438,0.1417,0.136825,0.1382192857142857,-0.0048749999999999,-0.0034807142857142,1,0.19048,0.1417,0.04878,0.02439,0.3683514942280719,0.287662705414855,0.8087649402390438,0.0756964190949694,0.0941789284329969,0.047521071567003,0.8037511187953609,0.97,-1.9136062937420149,1.7362974115286185,1.8022453233950777,-0.0074016987886722,0.0117102143889258,-0.0112898928411366,1,19.239999771118164,20.040000915527344,5.069999771118164,1.8,2.525,real_post_mid,0.18000000000000002,2.6,-93.09999999999998,-0.025162162162162157,fold_4,lgbm,0.8488311446591205
DOC,2024-09-30,2024-10-24,0.0,22.77,21.9,1.01,5.02,0.07,0.15,0.03,8.0,0.07,0.06,0.06,0.12,0.0,0.0,1.0,1.0,680250000.0,694440000.0,658560000.0,10.0,2108.0,1854.56,51.2,257.6,27.51,14.66,10.58,320.0,2000.0,70.55,11.37,1.3,-2.32,22.5,22.5,22.5,2024-11-15,0.8,0.375,1.175,5.222222222222222,0.35,0.75,1.1,20.86,1.6400000000000006,0.15146,0.2978,0.22463,0.258775,-15.200552018875475,-0.0097599999999999,385.0,45.0,0.0974025974025974,23.0,0.0,1,5.222222222222222,2024-10-23,595.0,567.8143920898438,0.1417,0.136825,0.1382192857142857,-0.0048749999999999,-0.0034807142857142,1,0.19048,0.1417,0.04878,0.02439,0.3683514942280719,0.287662705414855,0.8087649402390438,0.0756964190949694,0.0941789284329969,0.047521071567003,0.8037511187953609,0.97,-1.9136062937420149,1.7362974115286185,1.8022453233950777,-0.0074016987886722,0.0117102143889258,-0.0112898928411366,1,19.239999771118164,20.040000915527344,5.069999771118164,1.175,1.1,real_post_mid,0.11750000000000001,2.6,-6.850000000000005,-0.003044444444444447,fold_4,lgbm,0.8461538461538461
SBAC,2024-09-30,2024-10-28,1.0,238.64,217.94,0.54,10.09,2.27,2.35,2.16,12.0,2.27,2.26,2.27,2.14,0.0,0.0,3.0,0.0,669810000.0,679200000.0,660090000.0,12.0,-3623.2,-2020.0,-234.67,1037.04,-2.66,0.4,1.06,-19.25,6.34,-0.82,46.94,1.08,18.12,240.0,230.0,240.0,2024-11-15,8.05,6.1,14.15,5.895833333333334,2.35,11.05,13.4,221.09,18.909999999999997,0.2978,0.31731,0.307555,0.283165,7.930288891417803,-0.03415,148.0,2.0,2.25,21.0,4.1666666666666625,1,1.7291666666666714,2024-10-25,595.0,568.8458251953125,0.1451871428571428,0.1399304545454545,0.141705,-0.0052566883116882,-0.0034821428571428,1,0.1974514285714285,0.13195,0.0655014285714285,0.0195135714285714,0.4341892329269606,0.3105128409149416,0.8406374501992032,0.0682003889466289,0.0931146834517239,0.0520724594054188,0.7324343102340886,1.17,-0.4529624625967163,0.8687081821842678,-0.0892305198026933,-0.0094939039573715,0.0117769259186926,-0.0094939039573715,1,20.329999923706055,20.940000534057617,5.8112856379917694,14.15,13.4,real_post_mid,1.415,2.6,-69.1,-0.0028791666666666666,fold_4,lgbm,0.8461538461538461
CNP,2024-09-30,2024-10-28,0.0,29.1,28.51,2.23,4.35,0.32,0.44,0.28,14.0,0.39,0.44,0.45,0.45,0.0,0.0,0.0,0.0,1932990000.0,2137920000.0,1759720000.0,6.0,5116.0,4956.0,53.33,61.45,1.6,-27.29,-5.02,28.57,-34.55,17.87,22.89,6.37,4.24,29.0,30.0,29.0,2024-11-15,1.0,0.6000000000000001,1.6,5.517241379310345,0.8999999999999999,0.4,1.2999999999999998,30.86,1.8599999999999992,0.28804,0.27829,0.283165,0.22463,20.671693182420142,-0.053655,678.0,94.0,0.5274151436031331,21.0,3.4482758620689724,1,2.068965517241373,2024-10-25,595.0,568.8458251953125,0.1451871428571428,0.1399304545454545,0.141705,-0.0052566883116882,-0.0034821428571428,1,0.1974514285714285,0.13195,0.0655014285714285,0.0195135714285714,0.4341892329269606,0.3105128409149416,0.8406374501992032,0.0682003889466289,0.0931146834517239,0.0520724594054188,0.7324343102340886,1.17,-0.4529624625967163,0.8687081821842678,-0.0892305198026933,-0.0094939039573715,0.0117769259186926,-0.0094939039573715,1,20.329999923706055,20.940000534057617,5.8112856379917694,1.6,1.2999999999999998,real_post_mid,0.16000000000000003,2.6,11.400000000000023,0.003931034482758629,fold_4,lgbm,1.0
FE,2024-09-30,2024-10-29,0.0,44.05,41.91,-2.77,2.2,0.9,0.93,0.87,14.0,0.89,0.9,0.9,0.9,0.0,0.0,2.0,0.0,3906900000.0,5165300000.0,3429000000.0,6.0,3119.2,3108.96,-64.0,86.94,9.12,-0.21,3.4,19.15,1.82,-4.83,-12.06,3.76,-3.1,43.0,42.0,43.0,2024-11-15,1.175,0.6499999999999999,1.825,4.2441860465116275,0.3,1.425,1.725,41.51,1.490000000000002,0.19048,0.25877,0.224625,0.21975,2.1702838063439147,-0.03902,389.0,70.0,0.5175438596491229,18.0,2.3255813953488413,1,1.918604651162786,2024-10-28,595.0,570.6043701171875,0.1430942857142857,0.1385995454545454,0.141705,-0.0044947402597402,-0.0013892857142856,1,0.1932685714285714,0.1347357142857143,0.0585328571428571,0.0209078571428571,0.3946758010572874,0.2967990152256228,0.8406374501992032,0.0770487587295865,0.0932079697936959,0.0498863159205898,0.8266327321593236,1.56,1.641024061400327,1.0619021742669976,0.3541870264417513,-0.0047975010030499,0.0163789885026579,-0.0064318274014191,1,19.799999237060547,20.170000076293945,5.490570665631976,1.825,1.725,real_post_mid,0.1825,2.6,-10.850000000000012,-0.0025232558139534913,fold_4,lgbm,1.0
OKE,2024-09-30,2024-10-29,0.0,90.24,83.33,5.88,14.66,1.23,1.33,1.04,10.0,1.23,1.28,1.29,1.3,0.0,0.0,0.0,1.0,6169370000.0,6510680000.0,5828050000.0,2.0,3792.8,3578.4,21.33,244.75,34.56,2.36,-14.83,27.88,22.02,65.41,110.09,8.18,9.03,95.0,95.0,95.0,2024-11-15,2.6,2.175,4.775,5.026315789473684,2.175,1.775,3.95,109.81,14.810000000000002,0.22951,0.32707,0.27829,0.234385,15.776707750907336,-0.034145,926.0,100.0,0.2330049261083744,18.0,0.0,1,5.026315789473684,2024-10-28,595.0,570.6043701171875,0.1430942857142857,0.1385995454545454,0.141705,-0.0044947402597402,-0.0013892857142856,1,0.1932685714285714,0.1347357142857143,0.0585328571428571,0.0209078571428571,0.3946758010572874,0.2967990152256228,0.8406374501992032,0.0770487587295865,0.0932079697936959,0.0498863159205898,0.8266327321593236,1.56,1.641024061400327,1.0619021742669976,0.3541870264417513,-0.0047975010030499,0.0163789885026579,-0.0064318274014191,1,19.799999237060547,20.170000076293945,5.490570665631976,4.775,3.95,real_post_mid,0.47750000000000004,2.6,32.15000000000001,0.0033842105263157908,fold_4,lgbm,1.0
NI,2024-09-30,2024-10-30,1.0,34.65,31.76,1.39,10.61,0.16,0.2,0.12,12.0,0.15,0.17,0.17,0.18,0.0,0.0,3.0,0.0,1152210000.0,1263300000.0,1091000000.0,3.0,2462.56,2248.8,132.27,82.01,-0.49,-36.43,-6.73,90.91,-75.29,24.63,40.32,8.85,6.35,35.0,35.0,35.0,2024-11-15,0.375,1.15,1.525,4.357142857142857,0.7749999999999999,0.5,1.275,36.57,1.5700000000000005,0.20024,0.2978,0.24902,0.2197549999999999,11.752068106979374,-0.14146,1253.0,6.0,2.363636363636364,17.0,0.0,1,4.357142857142857,2024-10-29,600.0,571.5277709960938,0.1437914285714285,0.136825,0.136825,-0.0069664285714285,-0.0069664285714285,1,0.19048,0.1347371428571428,0.0557428571428571,0.0188171428571428,0.4078379544718954,0.3013671701310069,0.8446215139442231,0.0792820510060303,0.0925320337142016,0.0512593948572269,0.856806533085658,1.15,-0.605538662589658,0.4456640672295623,-1.0182773641011695,-0.0026572981171303,0.0139604976120157,-0.0048239502594294,1,19.34000015258789,19.959999084472656,4.9608572954450345,1.525,1.275,real_post_mid,0.1525,2.6,7.15,0.002042857142857143,fold_4,lgbm,1.0
WEC,2024-09-30,2024-10-31,1.0,96.75,90.16,-1.26,5.96,0.7,0.74,0.68,14.0,0.7,0.75,0.76,1.02,0.0,0.0,0.0,0.0,1933560000.0,2122230000.0,1742510000.0,5.0,7277.6,7028.64,160.0,51.02,-3.17,-33.89,-6.23,-27.17,-65.99,-5.09,-14.23,-0.38,-2.65,95.0,95.0,95.0,2024-11-15,2.575,1.7999999999999998,4.375,4.605263157894736,1.95,1.7000000000000002,3.65,97.98,2.980000000000004,0.23926,0.2978,0.26853,0.244145,9.08092205712583,-0.063415,44.0,8.0,1.7659574468085106,16.0,0.0,1,4.605263157894736,2024-10-30,595.0,569.798828125,0.156335,0.1474713636363636,0.146585,-0.0088636363636363,-0.0097499999999999,1,0.20024,0.13195,0.0682899999999999,0.0097599999999999,0.6446623152443628,0.3835611950218346,0.896414342629482,0.0386186816576626,0.0868148732370444,0.0695201267629555,0.444839463765798,1.13,-0.6380048146073912,1.1369981019124642,0.5618548549147033,0.0034948674475343,0.020031019677664,-0.007834482072579,1,20.350000381469727,20.760000228881836,4.716500381469727,4.375,3.65,real_post_mid,0.4375,2.6,26.150000000000006,0.002752631578947369,fold_4,lgbm,1.0
XEL,2024-09-30,2024-10-31,0.0,65.32,59.75,2.28,11.82,1.26,1.33,1.19,13.0,1.26,1.33,1.33,1.31,0.0,0.0,1.0,0.0,3925270000.0,4197800000.0,3717280000.0,5.0,4252.0,4114.4,64.0,160.8,0.2,-17.02,-7.36,3.85,-38.64,19.51,7.42,6.82,1.0,65.0,65.0,65.0,2024-11-15,0.475,2.3,2.775,4.269230769230769,2.325,0.475,2.8000000000000003,69.46,4.459999999999994,0.21975,0.21975,0.21975,0.234385,-6.659840728100118,-0.01951,1026.0,135.0,0.1370716510903426,16.0,0.0,1,4.269230769230769,2024-10-30,595.0,569.798828125,0.156335,0.1474713636363636,0.146585,-0.0088636363636363,-0.0097499999999999,1,0.20024,0.13195,0.0682899999999999,0.0097599999999999,0.6446623152443628,0.3835611950218346,0.896414342629482,0.0386186816576626,0.0868148732370444,0.0695201267629555,0.444839463765798,1.13,-0.6380048146073912,1.1369981019124642,0.5618548549147033,0.0034948674475343,0.020031019677664,-0.007834482072579,1,20.350000381469727,20.760000228881836,4.716500381469727,2.775,2.8000000000000003,real_post_mid,0.2775,2.6,-32.85000000000004,-0.00505384615384616,fold_4,lgbm,1.0
ICE,2024-09-30,2024-10-31,0.0,161.14,149.85,-3.27,4.02,1.55,1.58,1.53,15.0,1.55,1.51,1.5,1.5,1.0,0.0,15.0,0.0,2353650000.0,2370200000.0,2336800000.0,11.0,4314.4,4184.48,32.0,51.4,24.02,3.43,7.12,6.29,2.7,14.43,11.62,-2.12,-4.08,165.0,155.0,165.0,2024-11-15,4.8,2.925,7.725,4.681818181818182,0.3,10.9,11.2,155.55,9.449999999999989,0.27829,0.27829,0.27829,0.24414,12.271371590786586,-0.063415,1270.0,183.0,0.3302662490211433,16.0,6.060606060606055,0,-1.3787878787878736,2024-10-30,595.0,569.798828125,0.156335,0.1474713636363636,0.146585,-0.0088636363636363,-0.0097499999999999,1,0.20024,0.13195,0.0682899999999999,0.0097599999999999,0.6446623152443628,0.3835611950218346,0.896414342629482,0.0386186816576626,0.0868148732370444,0.0695201267629555,0.444839463765798,1.13,-0.6380048146073912,1.1369981019124642,0.5618548549147033,0.0034948674475343,0.020031019677664,-0.007834482072579,1,20.350000381469727,20.760000228881836,4.716500381469727,7.725,11.2,real_post_mid,0.7725,2.6,-427.34999999999997,-0.0259,fold_4,lgbm,0.8461538461538461
SPG,2024-09-30,2024-11-01,0.0,168.54,151.07,-0.5,11.01,1.57,1.69,1.39,5.0,1.57,1.58,1.58,1.58,0.0,0.0,0.0,0.0,1325390000.0,1351790000.0,1284880000.0,8.0,-967.2,1404.0,-1004.8,997.55,6.47,1.09,6.89,1.34,79.76,0.28,14.62,1.17,3.67,170.0,175.0,170.0,2024-11-15,4.6,5.0,9.6,5.647058823529411,4.9,2.55,7.45,180.27,10.27000000000001,0.35633,0.34658,0.3514549999999999,0.273405,22.207679503777143,-0.0634099999999999,1018.0,75.0,0.7189901207464325,15.0,2.941176470588225,1,2.7058823529411864,2024-10-31,585.0,558.6290283203125,0.1653985714285714,0.1567836363636363,0.15634,-0.008614935064935,-0.0090585714285714,1,0.21975,0.1598257142857143,0.0599242857142857,0.0243892857142857,0.8157837954471892,0.4429518892784095,0.9482071713147412,0.1474639762886978,0.1127345479037353,0.052664023524836,1.308063757124552,1.02,-1.1540848053547654,3.125548914478739,3.219086474569925,-0.0182997450443463,-0.0003866267341683,-0.0272839608383237,1,23.15999984741211,22.63999938964844,6.620142704554969,9.6,7.45,real_post_mid,0.96,2.6,116.39999999999995,0.006847058823529408,fold_4,lgbm,0.8461538461538461
PPL,2024-09-30,2024-11-01,0.0,33.06,30.64,-4.54,3.0,0.42,0.46,0.36,13.0,0.42,0.46,0.45,0.45,0.0,0.0,0.0,0.0,1914400000.0,2105410000.0,1547790000.0,3.0,282.4,23.2,96.0,61.45,3.18,-18.36,1.86,31.03,-29.63,18.45,27.87,3.86,4.0,33.0,32.0,33.0,2024-11-15,0.6000000000000001,0.975,1.5750000000000002,4.772727272727273,0.2249999999999999,1.475,1.7000000000000002,33.7,0.7000000000000028,0.28804,0.2978,0.29292,0.26365,9.992489416905643,-0.05366,233.0,87.0,0.0272665303340149,15.0,3.0303030303030276,1,1.7424242424242458,2024-10-31,585.0,558.6290283203125,0.1653985714285714,0.1567836363636363,0.15634,-0.008614935064935,-0.0090585714285714,1,0.21975,0.1598257142857143,0.0599242857142857,0.0243892857142857,0.8157837954471892,0.4429518892784095,0.9482071713147412,0.1474639762886978,0.1127345479037353,0.052664023524836,1.308063757124552,1.02,-1.1540848053547654,3.125548914478739,3.219086474569925,-0.0182997450443463,-0.0003866267341683,-0.0272839608383237,1,23.15999984741211,22.63999938964844,6.620142704554969,1.5750000000000002,1.7000000000000002,real_post_mid,0.15750000000000003,2.6,-30.850000000000005,-0.00934848484848485,fold_4,lgbm,0.8461538461538461
O,2024-09-30,2024-11-04,0.0,62.01,60.44,-4.39,-1.9,0.36,0.5,0.28,9.0,0.36,0.38,0.38,0.38,0.0,0.0,0.0,1.0,1282140000.0,1334220000.0,1214210000.0,12.0,-3367.2,-2476.32,-460.8,307.8,31.42,6.26,25.61,0.0,81.25,30.63,39.55,1.84,2.52,60.0,60.0,60.0,2024-11-15,0.625,1.825,2.45,4.083333333333334,0.425,1.65,2.075,56.54,3.460000000000001,0.22951,0.26853,0.24902,0.23926,3.9193639065135297,-0.043905,1046.0,364.0,0.3200241984271022,14.0,0.0,1,4.083333333333334,2024-11-01,585.0,560.9866333007812,0.16122,0.1514599999999999,0.15634,-0.00976,-0.0048799999999999,1,0.21,0.15146,0.0585399999999999,0.01951,0.7368917898370912,0.4155710427656061,0.9362549800796812,0.1572092598430486,0.1134516568850936,0.0477683431149063,1.385693820252212,1.33,0.5824900660587969,0.6549653744364257,-0.4960346259775041,-0.0138160315966682,0.0056705159430945,-0.0231787674769889,1,21.8799991607666,21.90999984741211,5.757999160766602,2.45,2.075,real_post_mid,0.24500000000000002,2.6,10.399999999999999,0.001733333333333333,fold_4,lgbm,0.8461538461538461
AIG,2024-09-30,2024-11-04,1.0,76.05,71.24,0.37,7.14,1.1,1.28,0.9,14.0,1.11,1.23,1.26,1.32,0.0,0.0,0.0,0.0,6687060000.0,6796000000.0,6474280000.0,6.0,18668.0,18679.52,98.13,361.74,-11.99,-3.01,-22.29,-49.78,-34.46,-4.76,-30.36,-65.6,-2.48,76.0,75.0,76.0,2024-11-08,2.025,2.225,4.25,5.592105263157895,0.875,1.425,2.3,75.58,0.4200000000000017,0.50267,0.50267,0.50267,0.419745,16.496906519187522,-0.1756049999999999,20.0,34.0,1.6730178242163491,7.0,1.3157894736842146,1,4.27631578947368,2024-11-01,585.0,560.9866333007812,0.16122,0.1514599999999999,0.15634,-0.00976,-0.0048799999999999,1,0.21,0.15146,0.0585399999999999,0.01951,0.7368917898370912,0.4155710427656061,0.9362549800796812,0.1572092598430486,0.1134516568850936,0.0477683431149063,1.385693820252212,1.33,0.5824900660587969,0.6549653744364257,-0.4960346259775041,-0.0138160315966682,0.0056705159430945,-0.0231787674769889,1,21.8799991607666,21.90999984741211,5.757999160766602,4.25,2.3,real_post_mid,0.42500000000000004,2.6,149.9,0.019723684210526317,fold_4,lgbm,1.0
AEP,2024-09-30,2024-11-06,1.0,98.06,98.04,-1.85,-1.83,1.8,1.85,1.67,17.0,1.8,1.81,1.81,1.8,0.0,0.0,2.0,0.0,5434230000.0,6009000000.0,4940970000.0,6.0,2800.8,2732.0,84.8,72.98,2.9,-9.19,0.81,10.62,-1.57,-6.65,-12.25,-2.78,-3.26,100.0,95.0,100.0,2024-11-15,2.075,2.375,4.45,4.45,0.125,4.675000000000001,4.800000000000001,96.31,3.6899999999999977,0.26853,0.39536,0.331945,0.141705,57.31069906159153,-0.0975599999999999,5042.0,400.0,0.5054592164418754,10.0,5.000000000000004,0,-0.5500000000000043,2024-11-05,595.0,566.547119140625,0.1423971428571428,0.1379732352941176,0.141705,-0.0044239075630252,-0.0006921428571428,1,0.19048,0.1430942857142857,0.0473857142857143,0.0243899999999999,0.3815136476426799,0.292230860320239,0.8286852589641435,0.1865951067891331,0.1120442879072859,0.0303528549498569,1.6653692060012582,1.45,1.2516185083477538,1.3942123725450006,0.5174036856234693,-0.0087146278942633,0.015674593122682,-0.0134965392222015,1,20.489999771118164,20.190000534057617,6.250285485403879,4.45,4.800000000000001,real_post_mid,0.44500000000000006,2.6,-82.10000000000005,-0.008210000000000005,fold_4,lgbm,0.8461538461538461
FITB,2024-12-31,2025-01-21,0.0,42.93,43.87,4.5,2.26,0.88,3.3547,3.1095,17.0,3.1706,3.1708,3.1719,3.2205,2.0,0.0,3.0,5.0,2205227390.0,8652000000.0,8479000000.0,12.0,3538.4,3701.92,-94.4,42.37,4.32,1.6,27.05,-14.29,-3.7,-11.45,-13.95,-4.4,-4.66,44.0,44.0,44.0,2025-02-21,1.6,1.1,2.7,6.136363636363637,1.15,1.05,2.2,42.88,1.1199999999999974,0.23926,0.24902,0.24414,0.21975,9.990169574834107,0.0195149999999999,790.0,85.0,1.5965362411802435,35.0,0.0,1,6.136363636363637,2025-01-17,610.0,589.0353393554688,0.117315,0.1256764285714285,0.1319449999999999,0.0083614285714285,0.0146299999999999,0,0.15146,0.11244,0.03902,0.014635,0.2403178386968613,0.1396461288416076,0.446215139442231,0.1290557718273382,0.1766812902964613,-0.0593662902964612,0.7304439061475605,1.19,0.7925757898527013,1.9873964268360695,-0.290093655836163,0.0294407693854399,-0.01186356961496,-0.0135217696668693,1,15.970000267028809,18.190000534057617,4.238500267028808,2.7,2.2,real_post_mid,0.27,2.6,20.4,0.004636363636363636,fold_4,lgbm,1.0
IBKR,2024-12-31,2025-01-21,1.0,175.92,147.44,9.61,30.79,0.46,7.0785,6.61,10.0,6.8015,6.7815,6.8059,6.9143,4.0,0.0,8.0,1.0,1388850340.0,5211800000.0,5180450700.0,5.0,-56176.8,-46039.2,-3377.07,2241.43,-32.69,-40.7,38.16,12.82,0.0,13.86,21.76,67.43,68.74,190.0,210.0,190.0,2025-02-21,7.9,7.15,15.05,7.921052631578948,20.75,1.05,21.8,218.73,28.72999999999999,0.31731,0.32707,0.32219,0.26365,18.16940314721127,0.0,209.0,106.0,0.31674862597628,35.0,10.526315789473696,0,-2.605263157894748,2025-01-17,610.0,589.0353393554688,0.117315,0.1256764285714285,0.1319449999999999,0.0083614285714285,0.0146299999999999,0,0.15146,0.11244,0.03902,0.014635,0.2403178386968613,0.1396461288416076,0.446215139442231,0.1290557718273382,0.1766812902964613,-0.0593662902964612,0.7304439061475605,1.19,0.7925757898527013,1.9873964268360695,-0.290093655836163,0.0294407693854399,-0.01186356961496,-0.0135217696668693,1,15.970000267028809,18.190000534057617,4.238500267028808,15.05,21.8,real_post_mid,1.5050000000000001,2.6,-828.1000000000001,-0.043584210526315795,fold_4,lgbm,0.8461538461538461
SYF,2024-12-31,2025-01-28,0.0,65.92,56.31,1.12,18.38,1.92,6.97,6.25,15.0,6.5831,6.5598,6.5256,5.943,3.0,0.0,5.0,3.0,2537940740.0,16228687000.0,15002657740.0,13.0,17792.8,17229.76,308.27,394.81,32.17,3.6,38.29,31.08,25.16,103.77,90.02,8.55,10.01,70.0,70.0,70.0,2025-02-21,2.65,2.8,5.449999999999999,7.785714285714285,1.5,2.8,4.3,61.41,8.590000000000003,0.35633,0.3856,0.370965,0.307555,17.09325677624573,-0.03902,1725.0,1309.0,1.4169316977131607,25.0,0.0,1,7.785714285714285,2025-01-27,610.0,590.7996826171875,0.1305557142857143,0.128534,0.136825,-0.0020217142857142,0.0062692857142856,0,0.1681842857142857,0.12219,0.0459942857142857,0.0146314285714285,0.3524701730801547,0.2252373300827425,0.649402390438247,0.1492958185161508,0.1474760710495584,-0.0169203567638441,1.0123392727622973,1.19,0.3445328658870044,2.395205753161411,-0.0680416198618472,0.0029953096933867,0.0078696754015297,-0.0170233534160036,1,17.899999618530273,18.969999313354492,4.844428189958844,5.449999999999999,4.3,real_post_mid,0.5449999999999999,2.6,57.899999999999956,0.008271428571428565,fold_4,lgbm,0.8461538461538461
OTIS,2024-12-31,2025-01-29,0.0,92.57,98.2,2.25,-3.62,0.96,3.88,3.6,13.0,3.8249,3.8401,3.8582,3.8683,1.0,0.0,2.0,1.0,3471733760.0,14350000000.0,14142000000.0,13.0,4492.0,4424.8,-4.27,78.77,0.71,-1.47,2.15,1.05,-9.43,-9.24,-37.59,0.49,-6.35,95.0,95.0,95.0,2025-02-21,2.85,3.0999999999999996,5.949999999999999,6.263157894736842,2.25,1.8,4.05,98.37,3.3700000000000045,0.22951,0.37584,0.302675,0.2148749999999999,29.008011893945664,-0.082925,70.0,12.0,0.6475,24.0,0.0,1,6.263157894736842,2025-01-28,615.0,595.8760986328125,0.1221907142857142,0.12317,0.1311949999999999,0.0009792857142857,0.0090042857142857,0,0.1598257142857142,0.11244,0.0473857142857142,0.0139421428571428,0.2540749453873297,0.17116393321513,0.5338645418326693,0.1473373289585885,0.1454363758869884,-0.0232456616012741,1.0130706851020357,1.04,-0.7913124584331845,0.9081567343733477,-0.6796769399833723,0.0024377013342002,0.0053551544661831,-0.0085771769224769,1,16.40999984741211,18.1299991607666,4.190928418840681,5.949999999999999,4.05,real_post_mid,0.595,2.6,127.89999999999995,0.013463157894736837,fold_4,lgbm,1.0
WY,2024-12-31,2025-01-30,1.0,28.15,31.18,9.98,-0.71,0.07,0.51,0.46,11.0,0.4837,0.474,0.4662,0.4611,1.0,0.0,4.0,0.0,1650246500.0,7192000000.0,7008000000.0,10.0,3900.0,3769.44,85.33,56.07,-16.86,-13.31,-18.61,-84.85,-76.19,-57.49,-77.9,-9.96,-12.82,30.0,31.0,30.0,2025-02-21,0.975,0.6,1.575,5.25,1.0499999999999998,0.3,1.35,29.71,0.2899999999999991,0.20024,0.28804,0.24414,0.21975,9.99016957483412,-0.01951,505.0,67.0,0.5962264150943396,23.0,3.3333333333333437,1,1.9166666666666563,2025-01-29,610.0,593.204833984375,0.12707,0.1275575,0.1319449999999999,0.0004874999999999,0.0048749999999999,0,0.16122,0.11244,0.04878,0.0097599999999999,0.3114686607292893,0.202704824172577,0.6135458167330677,0.1426006936966544,0.146365258187726,-0.019295258187726,0.9742796580439652,0.98,-1.240682268427307,0.9097832712533814,-0.6335762270286003,-0.0076346961319874,0.000781549420181,-0.0130216457390942,1,16.559999465942383,18.149999618530273,3.852999465942382,1.575,1.35,real_post_mid,0.1575,2.6,4.149999999999986,0.0013833333333333286,fold_4,lgbm,0.8461538461538461
IPG,2024-12-31,2025-02-12,0.0,26.82,29.2,-0.15,-8.29,1.17,2.8383,2.754,9.0,2.8123,2.8127,2.8223,2.8238,0.0,0.0,1.0,4.0,2472278640.0,9315278000.0,9253000000.0,7.0,6428.0,6358.88,-51.2,119.52,-1.86,-3.0,-0.37,0.0,14.75,-50.52,-64.73,0.04,-9.01,27.0,27.0,27.0,2025-02-21,1.0,0.7,1.7,6.296296296296296,0.35,0.35,0.7,27.07,0.0700000000000002,0.01488,0.44414,0.22951,0.117315,48.884580192584195,-0.087805,3.0,17.0,0.217391304347826,10.0,0.0,1,6.296296296296296,2025-02-11,615.0,596.65478515625,0.11244,0.1242008823529411,0.1319449999999999,0.0117608823529411,0.0195049999999999,0,0.15146,0.10268,0.04878,0.01463,0.0886420842307396,0.1081329417848701,0.298804780876494,0.0980233713880602,0.1179977388887747,-0.0055577388887746,0.8307224554570287,1.35,1.1745039874355343,0.6701749866772739,-0.9893732529339244,0.0058658751110243,0.0427570640512737,-0.0072815928352311,1,16.020000457763672,18.280000686645508,4.77600045776367,1.7,0.7,real_post_mid,0.17,2.6,80.4,0.02977777777777778,fold_4,lgbm,0.8461538461538461
PPL,2024-12-31,2025-02-13,0.0,31.98,33.7,7.6,2.11,0.3732,1.83,1.6981,15.0,1.7198,1.7078,1.7081,1.7096,2.0,0.0,3.0,1.0,2776800020.0,9850800420.0,7285000000.0,11.0,282.4,119.2,23.23,100.46,1.13,9.84,2.68,-2.33,10.53,0.89,-2.06,-0.99,-0.67,34.0,34.0,34.0,2025-02-21,0.8,0.25,1.05,3.088235294117647,0.2,0.45,0.65,34.72,0.7199999999999989,0.21975,0.21975,0.21975,0.166095,24.416382252559732,-0.11707,3035.0,63.0,0.1320388349514563,9.0,0.0,1,3.088235294117647,2025-02-12,615.0,594.732666015625,0.11244,0.1210467647058823,0.130116875,0.0086067647058823,0.0176768749999999,0,0.15146,0.11244,0.03902,0.01951,0.0886420842307394,0.10813294178487,0.2828685258964143,0.0981755544206336,0.1193761984420434,-0.0069361984420434,0.8224047649523479,1.14,-0.291820054023809,0.99444160733812,-0.6977793343789799,-0.0014233465522455,0.0377886892631189,-0.0104796281131388,1,15.890000343322754,18.309999465942383,4.646000343322754,1.05,0.65,real_post_mid,0.10500000000000001,2.6,26.900000000000002,0.007911764705882354,fold_4,lgbm,0.8461538461538461
CNP,2024-12-31,2025-02-20,0.0,33.06,31.93,2.03,5.64,0.4013,1.64,1.5867,16.0,1.6192,1.6174,1.6154,1.6136,3.0,0.0,4.0,1.0,2599102080.0,10394000000.0,8611539750.0,12.0,5084.0,4997.6,30.82,62.04,-0.22,-2.57,-4.79,-22.5,-13.89,-14.66,-18.15,-7.2,-5.01,34.0,34.0,34.0,2025-02-21,0.4,0.525,0.925,2.7205882352941178,0.35,0.4,0.75,34.29,0.2899999999999991,0.34658,0.57096,0.45877,0.20024,56.35285655121304,-0.239015,3827.0,628.0,0.0062384838115293,2.0,0.0,1,2.7205882352941178,2025-02-19,620.0,604.1658935546875,0.112435,0.117315,0.1284628571428571,0.00488,0.0160278571428571,0,0.15146,0.09292,0.05854,0.009755,0.1219314034298286,0.1081006205673758,0.2749003984063745,0.0807633618945467,0.104093774676285,0.0083412253237149,0.7758712002298684,1.13,-0.1434749063566922,0.9404387778465346,-0.6073661579619086,0.0125887005104141,0.0256870058352947,0.0,1,15.270000457763672,17.93000030517578,4.026500457763673,0.925,0.75,real_post_mid,0.09250000000000001,2.6,5.650000000000004,0.0016617647058823541,fold_4,lgbm,0.8461538461538461
PSA,2024-12-31,2025-02-24,0.0,292.19,350.04,3.82,-13.34,2.55,10.13,9.99,3.0,10.0581,10.0581,10.0331,10.0331,0.0,0.0,0.0,1.0,1193570370.0,4783200000.0,4670936640.0,9.0,20450.4,21636.96,-563.2,840.15,3.84,1.24,6.58,-32.5,-18.8,-13.79,-6.03,-1.82,-4.94,300.0,310.0,300.0,2025-03-21,10.75,7.35,18.1,6.033333333333333,12.55,5.5,18.05,291.14,8.860000000000014,0.23926,0.28804,0.26365,0.258775,1.849042290915994,-0.0195049999999999,69.0,49.0,0.3797909407665505,28.0,3.3333333333333437,1,2.6999999999999895,2025-02-21,610.0,591.361572265625,0.12707,0.128945,0.136825,0.0018749999999999,0.0097549999999999,0,0.18073,0.11244,0.06829,0.0195149999999999,0.3780310984450782,0.202704824172577,0.6095617529880478,0.1320411839120223,0.1169569018937248,0.0101130981062751,1.1289729958134846,1.17,0.3056451373638179,3.9634821692831497,2.34350212546125,-0.0160562032616521,-0.0107182667147649,-0.0211933864947698,1,18.209999084472656,19.479999542236328,5.5029990844726555,18.1,18.05,real_post_mid,1.8100000000000003,2.6,-178.59999999999994,-0.005953333333333331,fold_4,lgbm,1.0
O,2024-12-31,2025-02-24,0.0,54.34,57.75,5.47,-0.76,0.3909,1.4776,1.0208,3.0,1.3717,1.374,1.374,1.326,0.0,0.0,0.0,2.0,1323712740.0,5284515520.0,4742064790.0,8.0,-3597.6,-2848.8,-439.84,302.2,28.08,-0.64,26.21,-9.09,3.45,22.11,36.04,-0.09,2.61,57.5,55.0,57.5,2025-03-21,0.95,1.4500000000000002,2.4000000000000004,4.173913043478262,0.5,1.9,2.4,55.8,1.7000000000000028,0.17097,0.21,0.190485,0.18073,5.121138147360691,-0.00976,4454.0,4298.0,0.1694210882381366,28.0,4.347826086956519,0,-0.1739130434782572,2025-02-21,610.0,591.361572265625,0.12707,0.128945,0.136825,0.0018749999999999,0.0097549999999999,0,0.18073,0.11244,0.06829,0.0195149999999999,0.3780310984450782,0.202704824172577,0.6095617529880478,0.1320411839120223,0.1169569018937248,0.0101130981062751,1.1289729958134846,1.17,0.3056451373638179,3.9634821692831497,2.34350212546125,-0.0160562032616521,-0.0107182667147649,-0.0211933864947698,1,18.209999084472656,19.479999542236328,5.5029990844726555,2.4000000000000004,2.4,real_post_mid,0.24000000000000005,2.6,-26.599999999999962,-0.004626086956521732,fold_4,lgbm,1.0
PEG,2024-12-31,2025-02-25,1.0,88.05,94.2,-5.47,-11.65,0.8279,3.69,3.657,19.0,3.6675,3.6655,3.6677,3.6667,1.0,0.0,2.0,2.0,2903739110.0,11391000000.0,9791000000.0,13.0,5276.0,5202.56,38.17,33.4,7.57,9.04,3.42,5.88,42.86,94.5,16.33,1.47,1.83,85.0,82.5,85.0,2025-03-21,1.875,2.95,4.825,5.676470588235294,1.1749999999999998,3.55,4.725,82.98,2.019999999999996,0.22951,0.30755,0.26853,0.27341,-1.8173016050348176,-0.0048799999999999,2786.0,21.0,0.7006451612903226,25.0,2.941176470588236,1,2.7352941176470584,2025-02-24,605.0,588.6705932617188,0.1347357142857143,0.136825,0.14658,0.0020892857142857,0.0118442857142856,0,0.1835157142857142,0.12219,0.0613257142857142,0.0181171428571428,0.5121743912804362,0.2522578679078015,0.6932270916334662,0.1290287165618729,0.1156645397790124,0.0190711745067018,1.1155425578867466,1.36,1.4589344875570407,1.739346763919637,0.0938730291005615,-0.0204854745686507,-0.0205657471858264,-0.0256474264076711,1,18.979999542236328,19.86000061035156,5.506428113664899,4.825,4.725,real_post_mid,0.48250000000000004,2.6,-40.84999999999995,-0.004805882352941171,fold_4,lgbm,1.0
HSIC,2024-12-31,2025-02-25,0.0,74.97,77.66,1.13,-2.37,1.2089,4.79,4.7356,15.0,4.7581,4.7744,4.7722,4.7701,0.0,0.0,1.0,6.0,3013795110.0,12832095500.0,12683150000.0,10.0,4750.24,4468.64,46.86,128.73,0.38,1.21,-0.67,-7.58,-0.81,-15.71,-21.5,-0.18,-1.38,80.0,75.0,80.0,2025-03-21,2.2,4.5,6.7,8.375,0.3,7.5,7.8,69.39,10.61,0.3856,0.40511,0.395355,0.190485,51.81925105285123,-0.102435,125.0,952.0,0.03125,25.0,6.25,1,2.125,2025-02-24,605.0,588.6705932617188,0.1347357142857143,0.136825,0.14658,0.0020892857142857,0.0118442857142856,0,0.1835157142857142,0.12219,0.0613257142857142,0.0181171428571428,0.5121743912804362,0.2522578679078015,0.6932270916334662,0.1290287165618729,0.1156645397790124,0.0190711745067018,1.1155425578867466,1.36,1.4589344875570407,1.739346763919637,0.0938730291005615,-0.0204854745686507,-0.0205657471858264,-0.0256474264076711,1,18.979999542236328,19.86000061035156,5.506428113664899,6.7,7.8,real_post_mid,0.67,2.6,-179.59999999999994,-0.02244999999999999,fold_4,lgbm,0.8461538461538461
VRSK,2024-12-31,2025-02-26,1.0,285.46,294.56,0.9,-2.22,1.5973,6.86,6.33,17.0,6.6301,6.626,6.6169,6.6175,0.0,0.0,3.0,2.0,736160420.0,2886002000.0,2874300000.0,14.0,4722.4,4168.8,192.85,116.54,7.04,1.19,7.25,9.87,-4.02,13.55,10.81,1.25,1.47,300.0,290.0,300.0,2025-03-21,8.8,9.0,17.8,5.933333333333334,3.2249999999999996,11.7,14.925,285.16,14.839999999999977,0.27829,0.30755,0.2929199999999999,0.239265,18.31728799672264,-0.0487799999999999,395.0,4.0,0.675,24.0,3.3333333333333326,1,2.600000000000001,2025-02-25,605.0,585.7431030273438,0.1417042857142857,0.1402034615384615,0.14658,-0.0015008241758241,0.0048757142857142,0,0.19048,0.1235842857142857,0.0668957142857143,0.0153278571428571,0.6341182940852961,0.2973044104609931,0.7729083665338645,0.1129318119225596,0.1163176688769004,0.0253866168373853,0.9708912928961456,1.17,0.2116517503756931,3.3330443418293316,1.5619103763059845,-0.028209701341627,-0.0225832734976142,-0.0304929336857313,1,19.43000030517578,20.030000686645508,5.259571733747208,17.8,14.925,real_post_mid,1.7800000000000002,2.6,106.89999999999998,0.0035633333333333324,fold_4,lgbm,0.8461538461538461
GS,2025-03-31,2025-04-14,1.0,541.41,571.53,-6.91,-11.82,12.2712,13.21,11.35,12.0,12.5909,12.8101,12.8965,12.3873,2.0,0.0,3.0,5.0,14711401650.0,15158000000.0,14322551040.0,11.0,114159.2,104418.88,6037.65,2580.31,17.0,302.4,17.57,100.18,30.6,33.31,71.31,-0.59,4.59,495.0,507.5,495.0,2025-04-17,17.375,17.95,35.325,7.136363636363637,16.025,2.575,18.6,509.49,14.490000000000007,0.68803,0.70754,0.697785,0.45877,34.25338750474716,-0.214625,113.0,158.0,0.5852626338063232,6.0,2.5252525252525304,1,4.611111111111106,2025-04-11,535.0,527.888427734375,0.3194014285714285,0.2926876190476191,0.2755788888888889,-0.0267138095238094,-0.0438225396825396,1,0.3897828571428571,0.2559842857142857,0.1337985714285713,0.0034821428571428,0.618949997760871,0.6715595346593042,0.9840637450199204,0.8671890603481768,0.5069613736342361,-0.1875599450628075,1.7105623928142475,1.19,-0.3255237105995058,1.102429712537707,-0.3076445454819014,0.0567208353360582,-0.0287872940141262,-0.1262525187767953,0,37.560001373291016,33.90999984741211,5.61985851614816,35.325,18.6,real_post_mid,3.5325000000000006,2.6,1316.65,0.0265989898989899,fold_5,lgbm,0.8461538461538461
KMI,2025-03-31,2025-04-16,0.0,27.79,30.06,-3.02,-10.35,0.3573,0.376,0.3246,9.0,0.3557,0.3599,0.3612,0.3464,0.0,0.0,3.0,3.0,4025954960.0,4134772000.0,3904579820.0,5.0,2415.2,2501.6,-79.74,45.46,-1.7,310.04,-1.29,14.29,28.0,17.1,2.81,-16.45,1.28,27.0,27.0,27.0,2025-04-17,0.655,0.4449999999999999,1.1,4.074074074074074,0.21,0.01,0.22,27.1,0.1000000000000014,0.67828,0.67828,0.67828,0.29292,56.81429498142359,-0.33658,1325.0,55.0,0.1912073307218802,2.0,0.0,1,4.074074074074074,2025-04-15,538.0,531.5169067382812,0.2545914285714286,0.2420485714285714,0.239265,-0.0125428571428571,-0.0153264285714285,1,0.30755,0.2016342857142857,0.1059157142857142,7.142857142428127e-07,0.393210960785387,0.4769870798263014,0.9681274900398408,0.8372691858296863,0.501254027099021,-0.2466625985275924,1.6703490457230514,1.35,0.4576445256793254,1.0308719429314803,-0.3158794314123639,0.082843154748545,-0.0492333653262574,-0.120246752740322,0,30.1200008392334,29.0,4.6608579820905405,1.0999999999999999,0.22,real_post_mid,0.10999999999999999,2.6,74.39999999999999,0.027555555555555552,fold_5,lgbm,0.8461538461538461
AMP,2025-03-31,2025-04-24,0.0,510.57,563.58,-7.15,-15.88,9.0836,9.29,8.71,11.0,9.1218,9.0772,9.0469,9.1893,0.0,0.0,5.0,3.0,4409433170.0,4548000000.0,4321599000.0,6.0,17775.2,14456.8,-2435.84,5803.99,11.13,292.63,10.89,46.94,30.62,30.35,31.94,-0.04,3.9,470.0,470.0,470.0,2025-05-16,18.5,16.65,35.15,7.47872340425532,9.9,14.15,24.049999999999997,524.11,54.110000000000014,0.35633,0.3856,0.370965,0.263655,28.92725728842344,-0.0341399999999999,12.0,11.0,0.6470588235294118,23.0,0.0,1,7.47872340425532,2025-04-23,537.0,529.3517456054688,0.253895,0.243165,0.239265,-0.0107299999999999,-0.0146299999999999,1,0.28804,0.21975,0.06829,0.0,0.3907852376711067,0.4748962633356564,0.9482071713147412,0.3532314397387412,0.5175151220240025,-0.2636201220240025,0.6825528853287465,1.29,-0.0884432855214151,4.115880749277401,-0.0986997085105785,-0.0040735508228689,-0.0673426656072123,-0.1238304723046184,0,28.450000762939453,28.020000457763672,3.060500762939455,35.15,24.049999999999997,real_post_mid,3.515,2.6,755.9000000000001,0.016082978723404258,fold_5,lgbm,0.8461538461538461
CINF,2025-03-31,2025-04-28,1.0,145.55,139.42,-6.65,-2.55,-0.6101,-0.38,-0.93,8.0,-0.6101,-0.4604,-0.5067,1.5154,0.0,0.0,0.0,2.0,2705740000.0,2747000000.0,2664000000.0,5.0,24117.6,19448.16,2035.33,1853.72,13.22,241.48,20.79,37.72,121.13,33.61,27.9,-50.35,2.95,135.0,140.0,135.0,2025-05-16,4.15,5.0,9.15,6.777777777777779,5.75,1.575,7.325,150.86,15.860000000000014,0.35633,0.34658,0.3514549999999999,0.278285,20.819166038326376,-0.0195099999999999,747.0,0.0,0.25,21.0,3.703703703703698,1,3.0740740740740806,2025-04-25,552.0,544.3992309570312,0.21975,0.2129229999999999,0.2126226923076923,-0.006827,-0.0071273076923077,1,0.2559842857142857,0.18073,0.0752542857142857,-0.0013928571428571,0.2718551432793786,0.3723862113332976,0.9163346613545816,0.3132186538329339,0.5237853095418359,-0.3040353095418359,0.5979905280407953,1.13,-1.2048642414746715,1.4184534227263816,-0.310259894181944,0.0460287568172073,-0.0315693573112496,-0.0989242577829269,0,24.84000015258789,25.3700008392334,2.865000152587889,9.15,7.325,real_post_mid,0.915,2.6,88.40000000000002,0.006548148148148149,fold_5,lgbm,0.8461538461538461
REG,2025-03-31,2025-04-29,1.0,72.87,71.33,-1.4,0.73,0.5665,0.61,0.53,6.0,0.5578,0.5575,0.5467,0.5072,0.0,0.0,0.0,0.0,365421540.0,370604000.0,351093000.0,7.0,8719.2,8409.44,119.68,153.76,9.74,302.21,10.7,-2.13,-14.81,11.93,10.43,0.01,0.4,70.0,75.0,70.0,2025-05-16,2.725,1.55,4.275,6.107142857142858,3.2750000000000004,0.875,4.15,73.82,3.819999999999993,0.24902,0.3856,0.31731,0.205115,35.358167092118116,0.0,12.0,0.0,0.0,18.0,7.14285714285714,0,-1.035714285714282,2025-04-28,551.0,544.6068115234375,0.22463,0.2163389999999999,0.2163765384615384,-0.008291,-0.0082534615384615,1,0.2615585714285714,0.18073,0.0808285714285714,-0.0034857142857142,0.2888526205273398,0.3870369377580014,0.9282868525896414,0.1620361072968415,0.5238084340701601,-0.2991784340701601,0.3093423029441676,1.13,-1.2319261118105729,0.9663638379186664,-0.3400728908996714,0.0719426793983846,-0.0286204548834291,-0.0985806757161125,0,25.149999618530273,25.729999542236328,2.6869996185302725,4.275,4.15,real_post_mid,0.42750000000000005,2.6,-32.85,-0.004692857142857143,fold_5,lgbm,0.8461538461538461
EQR,2025-03-31,2025-04-29,0.0,71.38,68.48,-2.59,1.53,0.28,0.35,0.2335,5.0,0.2949,0.2949,0.3009,0.3467,0.0,0.0,0.0,2.0,769444610.0,790647000.0,759281360.0,14.0,28124.0,28680.16,-292.27,361.51,3.69,298.22,3.45,-68.29,-31.58,58.41,57.15,-12.56,20.82,70.0,70.0,70.0,2025-05-16,1.3,1.625,2.925,4.178571428571428,1.425,1.35,2.7750000000000004,71.56,1.5600000000000025,0.24902,0.21975,0.234385,0.234385,0.0,0.0,103.0,2.0,4.6,18.0,0.0,1,4.178571428571428,2025-04-28,551.0,544.6068115234375,0.22463,0.2163389999999999,0.2163765384615384,-0.008291,-0.0082534615384615,1,0.2615585714285714,0.18073,0.0808285714285714,-0.0034857142857142,0.2888526205273398,0.3870369377580014,0.9282868525896414,0.1620361072968415,0.5238084340701601,-0.2991784340701601,0.3093423029441676,1.13,-1.2319261118105729,0.9663638379186664,-0.3400728908996714,0.0719426793983846,-0.0286204548834291,-0.0985806757161125,0,25.149999618530273,25.729999542236328,2.6869996185302725,2.925,2.7750000000000004,real_post_mid,0.2925,2.6,-16.85000000000005,-0.0024071428571428646,fold_5,lgbm,0.8461538461538461
ALL,2025-03-31,2025-04-30,1.0,207.07,193.83,-4.19,2.35,2.5336,4.4028,1.37,17.0,3.1712,3.5735,3.5946,4.0,0.0,0.0,1.0,13.0,16362123500.0,16483000000.0,16241247000.0,2.0,41938.4,34368.64,3505.54,498.0,12.24,281.82,12.42,31.79,96.16,813.74,1755.46,10.16,9.68,200.0,200.0,200.0,2025-05-16,5.3,6.75,12.05,6.025,2.25,4.8,7.05,209.06,9.060000000000002,0.33682,0.36609,0.351455,0.2148749999999999,38.86130514575124,-0.07805,487.0,38.0,0.4285714285714285,17.0,0.0,1,6.025,2025-04-29,555.0,548.0375366210938,0.21,0.210971,0.209995,0.0009709999999999,-5.000000000005e-06,1,0.24902,0.1723642857142857,0.0766557142857142,0.0006921428571428,0.2378950196794562,0.3431147804642684,0.904382470119522,0.1280862745322614,0.5197689874151381,-0.3097689874151381,0.2464292361290099,1.12,-1.1727468271726054,0.9166719779852924,-0.3367301576114782,0.051341838397229,-0.0024115760092516,-0.0929022269088302,0,24.170000076293945,25.219999313354492,3.1700000762939453,12.05,7.05,real_post_mid,1.205,2.6,376.90000000000003,0.018845,fold_5,lgbm,1.0
ICE,2025-03-31,2025-05-01,1.0,171.49,159.83,-0.38,6.89,1.7032,1.7266,1.6881,15.0,1.7034,1.6679,1.656,1.6192,1.0,0.0,11.0,1.0,2465958980.0,2485000000.0,2444000000.0,10.0,4396.0,4284.16,42.43,37.07,18.76,287.77,19.56,14.29,-1.94,23.55,16.65,-1.69,-0.66,165.0,175.0,165.0,2025-05-16,5.0,2.625,7.625,4.621212121212121,9.3,0.65,9.95,176.25,11.25,0.21975,0.28804,0.253895,0.2148749999999999,15.368557868410171,-0.0097549999999999,790.0,29.0,0.2669934640522876,16.0,6.060606060606055,0,-1.439393939393934,2025-04-30,557.0,548.2550048828125,0.2148749999999999,0.2153629999999999,0.21975,0.0004879999999999,0.004875,0,0.24902,0.19048,0.0585399999999999,0.004875,0.2548750814794174,0.357750495898783,0.9083665338645418,0.1326382010787808,0.5191876331074377,-0.3043126331074376,0.255472574115288,1.29,-0.1027111425436425,1.0859882632762927,-0.3238595640431784,0.0357102048576836,-0.0086702902593295,-0.0925422789805563,0,24.700000762939453,25.540000915527344,3.212500762939456,7.625,9.95,real_post_mid,0.7625000000000001,2.6,-311.34999999999997,-0.018869696969696967,fold_5,lgbm,0.8461538461538461
MRNA,2025-03-31,2025-05-01,1.0,27.16,39.42,-0.48,-31.43,-3.1774,-2.9075,-3.6,12.0,-3.1708,-3.1418,-3.1411,-2.925,0.0,0.0,1.0,2.0,115320070.0,183000000.0,68000000.0,13.0,3907.78,470.38,2339.02,2192.85,-53.29,72.45,-49.89,-629.09,-9800.0,-3.38,6.94,22.77,-61.42,28.5,27.5,28.5,2025-05-02,1.54,1.51,3.05,10.701754385964913,0.01,1.0,1.01,27.61,0.8900000000000006,1.8002,1.81971,1.809955,0.62462,65.48974974515941,-1.048755,651.0,2811.0,0.6788364499851588,2.0,3.508771929824561,1,7.192982456140351,2025-04-30,557.0,548.2550048828125,0.2148749999999999,0.2153629999999999,0.21975,0.0004879999999999,0.004875,0,0.24902,0.19048,0.0585399999999999,0.004875,0.2548750814794174,0.357750495898783,0.9083665338645418,0.1326382010787808,0.5191876331074377,-0.3043126331074376,0.255472574115288,1.29,-0.1027111425436425,1.0859882632762927,-0.3238595640431784,0.0357102048576836,-0.0086702902593295,-0.0925422789805563,0,24.700000762939453,25.540000915527344,3.212500762939456,3.05,1.01,real_post_mid,0.305,2.6,170.9,0.059964912280701756,fold_5,lgbm,0.8461538461538461
MTD,2025-03-31,2025-05-01,1.0,1156.38,1364.44,-8.63,-22.56,7.8929,8.03,7.8,12.0,7.8996,7.8896,7.8896,8.0048,0.0,0.0,2.0,2.0,875841560.0,888000000.0,865100000.0,10.0,33861.6,30632.8,1266.24,664.27,2.22,305.68,0.87,32.02,21.55,6.23,-2.16,-0.99,-1.3,1070.0,1100.0,1060.0,2025-05-16,52.4,41.25,93.65,8.752336448598133,57.5,14.5,72.0,1157.44,97.44000000000004,0.51243,0.53194,0.522185,0.336825,35.49699819029654,-0.1121949999999999,2.0,0.0,1.0,16.0,2.8037383177569986,1,5.948598130841134,2025-04-30,557.0,548.2550048828125,0.2148749999999999,0.2153629999999999,0.21975,0.0004879999999999,0.004875,0,0.24902,0.19048,0.0585399999999999,0.004875,0.2548750814794174,0.357750495898783,0.9083665338645418,0.1326382010787808,0.5191876331074377,-0.3043126331074376,0.255472574115288,1.29,-0.1027111425436425,1.0859882632762927,-0.3238595640431784,0.0357102048576836,-0.0086702902593295,-0.0925422789805563,0,24.700000762939453,25.540000915527344,3.212500762939456,93.65,72.0,real_post_mid,9.365,2.6,1225.9000000000005,0.011457009345794397,fold_5,lgbm,0.8461538461538461
NXPI,2025-06-30,2025-07-21,1.0,209.0,174.66,9.22,30.69,2.6643,2.7127,2.6555,22.0,2.6647,2.6792,2.6705,2.677,0.0,0.0,12.0,10.0,2898025420.0,2930000000.0,2800000000.0,24.0,7406.69,7253.07,98.49,28.43,-9.31,-77.52,-5.66,-18.52,-16.98,-15.99,-15.54,-2.01,-1.88,230.0,230.0,230.0,2025-08-15,9.25,12.1,21.35,9.282608695652174,7.45,9.1,16.55,228.78,1.2199999999999989,0.43438,0.41487,0.424625,0.3514549999999999,17.231675007359453,-0.02927,331.0,356.0,0.9723653395784544,28.0,0.0,1,9.282608695652174,2025-07-18,630.0,622.301513671875,0.13195,0.1458828571428571,0.1508861764705882,0.0139328571428571,0.0189361764705882,0,0.1640057142857142,0.12219,0.0418157142857142,0.0111478571428571,0.0952721829954769,0.1087932236101431,0.3545816733067729,0.0629294736645928,0.0767719034969805,0.0551780965030195,0.8196940651219874,1.17,0.0767479022590774,0.9353493467391604,-0.3588839823528439,0.0063500269902057,0.0533952090184737,-0.0007324129021104,1,16.40999984741211,19.579999923706055,3.214999847412109,21.35,16.55,real_post_mid,2.1350000000000002,2.6,263.90000000000003,0.011473913043478263,fold_5,lgbm,0.8461538461538461
MHK,2025-06-30,2025-07-24,1.0,103.91,106.87,11.64,8.54,2.6058,2.7502,2.55,18.0,2.6057,2.6048,2.6048,2.7949,0.0,0.0,0.0,0.0,2757029700.0,2847000000.0,2687344000.0,16.0,18040.54,17557.25,343.99,151.59,-5.73,-76.69,-3.32,-18.28,-22.05,-18.22,-34.52,-1.15,-1.67,115.0,120.0,115.0,2025-08-15,7.25,4.95,12.2,10.608695652173912,8.3,1.65,9.95,128.08,13.080000000000013,0.54169,0.51243,0.5270600000000001,0.34658,34.24278070807878,-0.107315,211.0,26.0,0.1711711711711711,23.0,4.347826086956519,1,6.260869565217393,2025-07-23,636.0,628.875732421875,0.12707,0.136825,0.1430978571428571,0.0097549999999999,0.0160278571428571,0,0.1417,0.11244,0.0292599999999999,-2.7755575615628914e-17,0.0,0.0941424971854393,0.2828685258964143,0.0628580914312915,0.0731557864391267,0.0539142135608733,0.8592360835816605,1.29,1.0396189489872232,1.2512765953985816,-0.2531674439327256,0.0160040231925215,0.0567525394983505,0.0,1,15.369999885559082,18.559999465942383,2.6629998855590813,12.2,9.95,real_post_mid,1.22,2.6,100.4,0.008730434782608695,fold_5,lgbm,0.8461538461538461
DECK,2025-06-30,2025-07-24,1.0,102.22,109.19,2.66,-3.89,0.6808,0.73,0.64,17.0,0.6831,0.6802,0.6808,0.8001,1.0,0.0,1.0,1.0,900387260.0,917300000.0,886700000.0,20.0,-93919.84,-130682.27,13778.79,16761.68,17.1,0.0,18.47,508.5,572.67,16.67,16.27,1.61,-0.22,108.0,117.0,108.0,2025-07-25,6.3,6.55,12.85,11.898148148148149,9.0,0.25,9.25,116.85,8.849999999999994,1.95629,2.07336,2.014825,0.370965,81.58822726539526,-1.34143,160.0,571.0,0.7136905734357131,2.0,8.333333333333325,1,3.564814814814824,2025-07-23,636.0,628.875732421875,0.12707,0.136825,0.1430978571428571,0.0097549999999999,0.0160278571428571,0,0.1417,0.11244,0.0292599999999999,-2.7755575615628914e-17,0.0,0.0941424971854393,0.2828685258964143,0.0628580914312915,0.0731557864391267,0.0539142135608733,0.8592360835816605,1.29,1.0396189489872232,1.2512765953985816,-0.2531674439327256,0.0160040231925215,0.0567525394983505,0.0,1,15.369999885559082,18.559999465942383,2.6629998855590813,12.85,9.25,real_post_mid,1.2850000000000001,2.6,228.89999999999995,0.02119444444444444,fold_5,lgbm,0.8461538461538461
CINF,2025-06-30,2025-07-28,1.0,146.23,139.85,0.59,5.18,1.3873,1.47,1.24,8.0,1.3748,1.3855,1.3827,1.3682,3.0,0.0,3.0,2.0,2794800000.0,2826000000.0,2768200000.0,4.0,25538.78,20934.28,2832.38,1806.69,-12.57,-77.37,13.84,-113.95,-107.64,-106.8,-111.9,-76.7,-37.39,150.0,155.0,150.0,2025-08-15,4.0,4.199999999999999,8.2,5.466666666666666,5.05,2.575,7.625,151.06,1.0600000000000025,0.28804,0.28804,0.28804,0.249015,13.548465490904052,-0.03902,837.0,1.0,0.1372549019607843,21.0,3.3333333333333437,1,2.133333333333322,2025-07-25,639.0,631.7413940429688,0.12219,0.1288427272727272,0.1361278571428571,0.0066527272727272,0.0139378571428571,0,0.1444885714285714,0.1054685714285714,0.03902,0.0027885714285714,0.0,0.0794917707607355,0.2231075697211155,0.0549454097873187,0.0669811277231808,0.0552088722768191,0.8203118050564441,1.41,1.8254967758796408,1.0512517438644304,-0.289807661830253,0.0151693032456148,0.0493806896006343,0.0,1,14.93000030517578,18.31999969482422,2.711000305175782,8.2,7.625,real_post_mid,0.82,2.6,-27.10000000000007,-0.0018066666666666713,fold_5,lgbm,0.8461538461538461
MTD,2025-06-30,2025-07-31,1.0,1205.29,1100.01,2.36,12.15,9.5983,9.95,9.488,12.0,9.5973,9.554,9.5482,10.1736,1.0,0.0,2.0,0.0,958170550.0,966000000.0,946041730.0,10.0,34812.32,32155.07,1577.39,601.96,-4.56,-77.18,0.28,-7.87,-34.0,-9.24,-11.87,0.33,-2.06,1270.0,1200.0,1270.0,2025-08-15,41.25,45.6,86.85,6.838582677165355,4.824999999999999,73.19999999999999,78.02499999999999,1312.34,42.33999999999992,0.39536,0.42462,0.4099899999999999,0.28804,29.74462791775408,-0.0975599999999999,2.0,0.0,3.75,16.0,5.511811023622048,1,1.3267716535433065,2025-07-30,639.0,629.1236572265625,0.12707,0.1310586363636363,0.1406592857142857,0.0039886363636363,0.0135892857142857,0,0.1417,0.12219,0.01951,0.0048749999999999,0.0986228599474555,0.0941424971854393,0.2948207171314741,0.0408396912650332,0.0648491300796026,0.0622208699203974,0.6297646740195635,1.29,0.7565332011284679,1.0574451677843406,-0.2587041109526384,0.0003942349687,0.0268836165054346,-0.004143684173762,1,15.479999542236328,18.350000381469727,2.7729995422363274,86.85,78.02499999999999,real_post_mid,8.685,2.6,11.400000000000235,8.976377952756091e-05,fold_5,lgbm,0.8461538461538461
EXC,2025-06-30,2025-07-31,1.0,43.41,46.48,3.52,-3.31,0.3676,0.41,0.3378,13.0,0.3807,0.4625,0.4641,0.5041,0.0,0.0,0.0,9.0,5482346330.0,5535900000.0,5376000000.0,3.0,3905.55,3562.98,144.14,59.74,11.1,-70.84,6.97,35.29,43.75,20.49,37.88,3.28,4.45,44.0,44.0,44.0,2025-08-15,0.8999999999999999,1.2,2.0999999999999996,4.7727272727272725,0.975,0.5,1.475,44.58,0.5799999999999983,0.19048,0.36609,0.278285,0.19536,29.798587778716065,-0.082925,962.0,259.0,0.1695402298850574,16.0,0.0,1,4.7727272727272725,2025-07-30,639.0,629.1236572265625,0.12707,0.1310586363636363,0.1406592857142857,0.0039886363636363,0.0135892857142857,0,0.1417,0.12219,0.01951,0.0048749999999999,0.0986228599474555,0.0941424971854393,0.2948207171314741,0.0408396912650332,0.0648491300796026,0.0622208699203974,0.6297646740195635,1.29,0.7565332011284679,1.0574451677843406,-0.2587041109526384,0.0003942349687,0.0268836165054346,-0.004143684173762,1,15.479999542236328,18.350000381469727,2.7729995422363274,2.0999999999999996,1.475,real_post_mid,0.20999999999999996,2.6,38.899999999999956,0.008840909090909082,fold_5,lgbm,0.8461538461538461
OKE,2025-06-30,2025-08-04,1.0,82.14,79.29,-2.81,0.68,1.3274,1.58,1.11,9.0,1.3671,1.2884,1.2949,1.2874,2.0,0.0,2.0,3.0,8328518020.0,8567369000.0,7939000000.0,3.0,3325.73,3749.29,-86.23,412.31,68.23,-62.83,30.89,-4.59,-33.76,22.06,18.61,-7.11,-6.56,80.0,75.0,80.0,2025-08-15,1.75,2.625,4.375,5.46875,0.3,4.449999999999999,4.749999999999999,73.93,6.069999999999993,0.34658,0.34658,0.34658,0.27341,21.11200877142363,-0.03903,2622.0,213.0,1.089629282027217,14.0,6.25,0,-0.78125,2025-08-01,623.0,616.4907836914062,0.1647021428571428,0.15634,0.1608667857142857,-0.0083621428571428,-0.0038353571428571,1,0.2002399999999999,0.13195,0.0682899999999999,0.0013928571428571,1.0,0.2071216426312121,0.7529880478087649,0.1054295544840798,0.0893604329481314,0.0753417099090114,1.1798236759358105,1.26,0.3889387001905448,5.497443798379857,0.589742560640128,-0.0241405905887579,0.0020468349405993,-0.0241405905887579,1,20.3799991607666,21.239999771118164,3.909784875052317,4.375,4.749999999999999,real_post_mid,0.4375,2.6,-83.84999999999991,-0.010481249999999989,fold_5,lgbm,0.8461538461538461
TPL,2025-06-30,2025-08-06,1.0,1033.92,1287.49,-8.06,-26.16,0.0,0.0,0.0,0.0,0.0,0.0,0.0,0.0,0.0,0.0,1.0,0.0,0.0,0.0,0.0,0.0,101782.08,85651.82,15971.36,11792.57,11.75,306.67,11.79,-65.11,10.96,12.68,10.92,-2.45,-0.58,960.0,870.0,960.0,2025-08-15,32.9,31.6,64.5,6.71875,3.175,92.65,95.825,882.15,77.85000000000002,0.52218,0.50267,0.5124249999999999,0.45877,10.470800604966565,-0.0634099999999999,2.0,2.0,0.2791878172588832,10.0,9.375,0,-2.65625,2025-08-05,629.0,622.688232421875,0.1423971428571428,0.14658,0.15634,0.0041828571428571,0.0139428571428571,0,0.1793357142857143,0.12219,0.0571457142857143,0.0083657142857142,0.4753263773375676,0.1401576153969871,0.5258964143426295,0.1802274165966227,0.0980679324673956,0.0443292103897472,1.8377813426069984,1.23,0.0456670564106846,0.6892105654717244,-0.3381211577009113,-0.0114756380928591,0.0117452055492786,-0.0143304866618855,1,17.850000381469727,20.030000686645508,3.6102860957554417,64.5,95.825,real_post_mid,6.45,2.6,-3780.1000000000004,-0.039376041666666674,fold_5,lgbm,0.8461538461538461
CNP,2025-09-30,2025-10-23,1.0,38.8,38.36,2.06,3.23,0.4379,0.5,0.4,10.0,0.4358,0.4304,0.4247,0.4172,2.0,0.0,4.0,1.0,2054862630.0,2249907610.0,1873458650.0,6.0,5007.82,5071.86,42.03,99.25,2.05,-33.42,1.87,-19.44,-45.28,-5.32,-10.71,-4.49,-3.06,40.0,39.0,40.0,2025-11-21,1.05,1.05,2.1,5.250000000000001,0.65,1.2000000000000002,1.85,39.56,0.4399999999999977,0.21,0.01488,0.11244,0.209995,-86.76182853077195,0.11219,1258.0,121.0,0.3644314868804664,30.0,2.500000000000002,1,2.7499999999999987,2025-10-22,669.0,664.0191040039062,0.15146,0.15146,0.15634,0.0,0.0048799999999999,0,0.18073,0.12219,0.05854,-2.7755575615628914e-17,0.4117576123002713,0.1673661073285799,0.7091633466135459,0.1149796111641498,0.1320497102687697,0.0194102897312302,0.8707297496535512,1.23,-0.577578217917606,0.9752875992119088,-0.32515223918686,0.0039538804384426,0.0069208117015546,-0.0078887121271189,1,18.600000381469727,20.309999465942383,3.4540003814697258,2.1,1.85,real_post_mid,0.21000000000000002,2.6,1.3999999999999981,0.0003499999999999995,fold_6,lgbm,1.0
XEL,2025-09-30,2025-10-30,0.0,80.65,73.47,1.17,11.05,1.3183,1.37,1.274,14.0,1.3214,1.3627,1.3705,1.3822,0.0,0.0,1.0,6.0,3947910000.0,4024883000.0,3868717000.0,6.0,4111.52,4063.14,-440.21,634.44,8.55,-15.85,-1.09,38.89,-10.71,16.16,28.51,1.46,2.72,80.0,80.0,80.0,2025-11-21,1.75,1.925,3.675,4.59375,2.475,1.05,3.5250000000000004,79.67,0.3299999999999983,0.22951,0.23926,0.234385,0.2148749999999999,8.323911513108785,0.0048749999999999,467.0,20.0,0.2184873949579832,23.0,0.0,1,4.59375,2025-10-29,687.0,683.4981689453125,0.14658,0.1526799999999999,0.1601703571428571,0.0060999999999999,0.0135903571428571,0,0.17097,0.12219,0.04878,0.0,0.3124919923126199,0.152715380903876,0.6414342629482072,0.0704764183530035,0.1374421677454058,0.0091378322545941,0.5127714405927601,1.4,0.5131756759690881,2.6924580658458623,-0.1085265131489235,0.0293350971740893,0.0318382271572281,0.0,1,16.920000076293945,19.829999923706055,2.262000076293946,3.675,3.5250000000000004,real_post_mid,0.3675,2.6,-24.350000000000055,-0.003043750000000007,fold_6,lgbm,1.0
AMP,2025-09-30,2025-10-30,1.0,491.25,501.52,-7.56,-9.45,9.7608,9.96,9.42,12.0,9.6017,9.55,9.55,9.476,6.0,0.0,8.0,1.0,4565549330.0,4626000000.0,4524000000.0,6.0,7952.48,12419.42,-3157.76,5877.32,3.67,0.48,9.21,6.8,56.26,29.35,28.54,-104.5,5.97,480.0,450.0,480.0,2025-11-21,13.7,15.8,29.5,6.145833333333333,1.775,29.799999999999997,31.574999999999996,447.56,32.44,0.28804,0.32707,0.307555,0.239265,22.20415860577783,-0.058535,5.0,54.0,1.1666666666666667,23.0,6.25,0,-0.1041666666666669,2025-10-29,687.0,683.4981689453125,0.14658,0.1526799999999999,0.1601703571428571,0.0060999999999999,0.0135903571428571,0,0.17097,0.12219,0.04878,0.0,0.3124919923126199,0.152715380903876,0.6414342629482072,0.0704764183530035,0.1374421677454058,0.0091378322545941,0.5127714405927601,1.4,0.5131756759690881,2.6924580658458623,-0.1085265131489235,0.0293350971740893,0.0318382271572281,0.0,1,16.920000076293945,19.829999923706055,2.262000076293946,29.5,31.574999999999996,real_post_mid,2.95,2.6,-505.0999999999996,-0.01052291666666666,fold_6,lgbm,1.0
