ticker,fiscal_quarter_end,announcement_date,eps_beat,price_1m_before,price_3m_before,price_change_1m_pct,price_change_3m_pct,eps_estimate_average,eps_estimate_high,eps_estimate_low,eps_estimate_analyst_count,eps_estimate_average_7_days_ago,eps_estimate_average_30_days_ago,eps_estimate_average_60_days_ago,eps_estimate_average_90_days_ago,eps_estimate_revision_up_trailing_7_days,eps_estimate_revision_down_trailing_7_days,eps_estimate_revision_up_trailing_30_days,eps_estimate_revision_down_trailing_30_days,revenue_estimate_average,revenue_estimate_high,revenue_estimate_low,revenue_estimate_analyst_count,elo_before,elo_decay,elo_momentum,elo_vol_4q,total_revenue_yoy_growth_lag1,total_revenue_qoq_growth_lag1,total_revenue_ttm_yoy_growth_lag1,actual_eps_yoy_growth_lag1,actual_eps_qoq_growth_lag1,ebitda_yoy_growth_lag1,operating_income_yoy_growth_lag1,gross_margin_yoy_change_lag1,operating_margin_yoy_change_lag1,stock_price_pre,stock_price_post,atm_strike_pre,atm_expiration_pre,atm_call_mid_pre,atm_put_mid_pre,straddle_price_pre,straddle_pct_pre,atm_call_mid_post,atm_put_mid_post,exit_premium,expiry_close,exit_intrinsic_at_expiry,iv_call_pre,iv_put_pre,iv_avg_pre,iv_avg_post,iv_crush_pct,iv_term_slope,atm_open_interest_pre,atm_volume_pre,chain_pc_volume_ratio,dte_pre,actual_move_pct,crush_profitable,crush_pnl_pct,spy_join_date,spy_spot,spy_spy_close,spy_atm_iv_30d,spy_atm_iv_60d,spy_atm_iv_90d,spy_term_slope_30_60,spy_term_slope_30_90,spy_backwardation_flag,spy_iv_25d_put,spy_iv_25d_call,spy_risk_reversal_25d,spy_butterfly_25d,spy_iv_rank_30d,spy_iv_rank_252d,spy_iv_percentile_252d,spy_rv_5d,spy_rv_21d,spy_vrp_30d,spy_vol_expansion,spy_pc_ratio,spy_pc_ratio_z_20d,spy_voi_ratio,spy_voi_ratio_z_20d,spy_spy_ret_5d,spy_spy_ret_21d,spy_spy_dd_from_60d_high,spy_spy_above_200d_ma,spy_vix_close,spy_vix3m_close,spy_vix_minus_atm_iv_30d,entry_premium,exit_cost,exit_source,half_spread,commission,pnl_dollars,pnl_pct_notional,fold,model,proba
NFLX,2023-03-31,2023-04-18,1.0,303.5,326.33,9.95,2.26,2.86,3.15,2.72,34.0,2.86,2.85,2.85,2.95,1.0,0.0,8.0,1.0,8176740000.0,8261000000.0,8118590000.0,31.0,10572.0,9622.24,448.0,1105.68,6.46,298.9,7.14,-90.98,-96.13,6.77,-9.07,-2.27,-3.04,332.5,322.5,332.5,2023-04-21,15.15,14.65,29.8,8.962406015037594,1.3,10.475,11.775,327.98,4.519999999999982,1.07827,1.06851,1.07339,0.4685249999999999,56.35090693969573,-0.58047,76.0,718.0,0.8358689778442865,4.0,3.007518796992481,1,5.954887218045113,2023-04-17,417.0,398.3369445800781,0.1430942857142857,0.15634,0.1588923809523809,0.0132457142857143,0.0157980952380952,0,0.17097,0.13195,0.03902,0.0083657142857143,0.0,0.0,0.0,0.1087038164317319,0.13098694001787,0.0121073456964156,0.8298828602065363,1.18,-1.0419112482663886,0.8091449913302831,-0.584628380505793,0.0105710928017577,0.0490011038348112,-0.0030235352256938,1,16.950000762939453,19.649999618530273,2.6405721915108824,29.8,11.775,real_post_mid,2.9800000000000004,2.6,1501.8999999999999,0.04516992481203007,fold_1,xgb,0.8307692408561707
CDNS,2023-03-31,2023-04-24,1.0,204.48,182.38,4.16,16.78,1.25,1.29,1.24,10.0,1.25,1.25,1.25,1.1,1.0,0.0,1.0,0.0,1008990000.0,1018400000.0,1000800000.0,10.0,6204.0,5733.6,181.33,109.4,19.19,294.63,19.6,17.07,-9.43,31.39,37.81,-0.16,4.08,210.0,200.0,210.0,2023-05-19,8.7,5.05,13.75,6.547619047619048,2.9749999999999996,8.3,11.275,216.71,6.710000000000008,0.28804,0.28804,0.28804,0.26853,6.773364810443002,0.0,1184.0,88.0,0.7644859813084112,28.0,4.761904761904767,1,1.7857142857142811,2023-04-21,415.0,396.6625061035156,0.1417,0.1549457142857143,0.1607504761904762,0.0132457142857143,0.0190504761904762,0,0.1737585714285714,0.12219,0.0515685714285714,0.0062742857142857,0.0,0.0,0.0079681274900398,0.0524992758523668,0.0930459055597312,0.0486540944402687,0.5642298340432049,1.2,-0.6556412208654807,0.6908450020768039,-0.539539878330809,-0.0006303996083049,0.0512355569559983,-0.007214398703359,1,16.770000457763672,20.38999938964844,2.600000457763672,13.75,11.275,real_post_mid,1.375,2.6,107.39999999999998,0.005114285714285714,fold_1,xgb,0.8307692408561707
ARE,2023-03-31,2023-04-24,1.0,119.86,158.62,3.5,-21.79,0.78,0.97,0.55,4.0,0.78,0.78,0.72,0.71,0.0,0.0,0.0,0.0,642010000.0,685000000.0,521760000.0,5.0,962.4,3698.4,-1136.0,1135.06,22.46,292.35,23.45,-46.55,-11.43,20.56,18.23,-0.76,-0.86,125.0,120.0,125.0,2023-05-19,4.199999999999999,3.75,7.949999999999999,6.359999999999999,1.85,5.8,7.65,115.8,9.200000000000005,0.30755,0.26853,0.2880399999999999,0.31243,-8.467573948062778,-0.0048749999999999,1826.0,4.0,0.3350515463917525,28.0,4.0000000000000036,1,2.359999999999996,2023-04-21,415.0,396.6625061035156,0.1417,0.1549457142857143,0.1607504761904762,0.0132457142857143,0.0190504761904762,0,0.1737585714285714,0.12219,0.0515685714285714,0.0062742857142857,0.0,0.0,0.0079681274900398,0.0524992758523668,0.0930459055597312,0.0486540944402687,0.5642298340432049,1.2,-0.6556412208654807,0.6908450020768039,-0.539539878330809,-0.0006303996083049,0.0512355569559983,-0.007214398703359,1,16.770000457763672,20.38999938964844,2.600000457763672,7.949999999999999,7.65,real_post_mid,0.7949999999999999,2.6,-52.1000000000001,-0.0041680000000000085,fold_1,xgb,0.8307692408561707
NEE,2023-03-31,2023-04-25,1.0,75.69,76.59,2.81,1.61,0.72,0.84,0.42,8.0,0.68,0.71,0.7,0.7,1.0,0.0,2.0,0.0,5500290000.0,6198240000.0,4850000000.0,5.0,-52156.0,-52419.36,225.07,149.71,22.77,211.89,22.88,24.39,-40.0,10.53,4.94,-1.94,-3.31,80.0,75.0,80.0,2023-05-19,1.7,2.375,4.075,5.09375,0.225,6.0,6.225,74.48,5.519999999999996,0.24902,0.23926,0.24414,0.24414,0.0,-0.0097549999999999,4055.0,831.0,0.4713168595558336,25.0,6.25,0,-1.15625,2023-04-24,415.0,397.0763244628906,0.1417,0.1538999999999999,0.1619121428571428,0.0121999999999999,0.0202121428571428,0,0.1779414285714285,0.12219,0.0557514285714285,0.0083657142857143,0.0,0.0,0.0119521912350597,0.0435295890633698,0.0931510130727776,0.0485489869272223,0.4673012952565607,1.02,-1.6037090419877444,0.5424146574553728,-0.6306545047046789,-0.003164708004969,0.049495118798803,-0.0061786746245309,1,16.889999389648438,20.399999618530273,2.7199993896484376,4.075,6.225,real_post_mid,0.40750000000000003,2.6,-258.34999999999997,-0.032293749999999996,fold_1,xgb,0.8307692408561707
PCAR,2023-03-31,2023-04-25,1.0,69.9,110.81,7.01,-32.5,1.81,2.25,1.69,17.0,1.8,1.79,1.76,2.19,3.0,0.0,7.0,0.0,7709340000.0,8280100000.0,7442000000.0,10.0,-15298.4,-14444.16,153.07,1120.32,22.52,308.43,22.67,79.59,19.73,42.22,60.91,2.5,3.04,75.0,72.5,75.0,2023-05-19,1.575,2.7750000000000004,4.3500000000000005,5.800000000000001,1.1,3.0,4.1,71.75,3.25,0.25877,0.28804,0.273405,0.273405,0.0,-0.01951,1560.0,288.0,1.6735504368546466,25.0,3.3333333333333326,1,2.466666666666668,2023-04-24,415.0,397.0763244628906,0.1417,0.1538999999999999,0.1619121428571428,0.0121999999999999,0.0202121428571428,0,0.1779414285714285,0.12219,0.0557514285714285,0.0083657142857143,0.0,0.0,0.0119521912350597,0.0435295890633698,0.0931510130727776,0.0485489869272223,0.4673012952565607,1.02,-1.6037090419877444,0.5424146574553728,-0.6306545047046789,-0.003164708004969,0.049495118798803,-0.0061786746245309,1,16.889999389648438,20.399999618530273,2.7199993896484376,4.3500000000000005,4.1,real_post_mid,0.43500000000000005,2.6,-21.099999999999916,-0.002813333333333322,fold_1,xgb,0.8307692408561707
LH,2023-03-31,2023-04-25,0.0,218.41,253.7,1.37,-12.73,3.96,4.33,3.66,13.0,3.97,3.97,4.03,4.18,0.0,0.0,0.0,1.0,3692370000.0,3829000000.0,3598540000.0,11.0,40493.6,40053.28,-102.4,445.21,-9.68,313.84,-14.47,-38.85,-11.54,-46.84,-52.88,-6.75,-11.1,230.0,220.0,230.0,2023-05-19,7.8,5.05,12.85,5.58695652173913,1.775,9.9,11.675,216.82,13.180000000000009,0.24902,0.26853,0.258775,0.234385,9.425176311467478,-0.0195099999999999,544.0,70.0,2.4033333333333333,25.0,4.347826086956519,1,1.239130434782611,2023-04-24,415.0,397.0763244628906,0.1417,0.1538999999999999,0.1619121428571428,0.0121999999999999,0.0202121428571428,0,0.1779414285714285,0.12219,0.0557514285714285,0.0083657142857143,0.0,0.0,0.0119521912350597,0.0435295890633698,0.0931510130727776,0.0485489869272223,0.4673012952565607,1.02,-1.6037090419877444,0.5424146574553728,-0.6306545047046789,-0.003164708004969,0.049495118798803,-0.0061786746245309,1,16.889999389648438,20.399999618530273,2.7199993896484376,12.85,11.675,real_post_mid,1.2850000000000001,2.6,-13.60000000000012,-0.0005913043478260922,fold_1,xgb,0.8307692408561707
IVZ,2023-03-31,2023-04-25,1.0,15.05,18.0,11.63,-6.67,0.36,0.41,0.33,12.0,0.35,0.34,0.34,0.38,1.0,0.0,8.0,0.0,1093500000.0,1116700000.0,1061300000.0,7.0,4672.8,4065.6,-53.87,848.25,-12.26,318.41,-11.4,-54.65,14.71,-45.43,-26.31,-0.8,-4.16,17.0,17.0,17.0,2023-05-19,0.475,0.7749999999999999,1.25,7.352941176470589,0.45,0.7,1.15,15.24,1.7599999999999998,0.28804,0.40511,0.346575,0.3417,1.4066219433023208,-0.0146299999999999,573.0,220.0,0.470125786163522,25.0,0.0,1,7.352941176470589,2023-04-24,415.0,397.0763244628906,0.1417,0.1538999999999999,0.1619121428571428,0.0121999999999999,0.0202121428571428,0,0.1779414285714285,0.12219,0.0557514285714285,0.0083657142857143,0.0,0.0,0.0119521912350597,0.0435295890633698,0.0931510130727776,0.0485489869272223,0.4673012952565607,1.02,-1.6037090419877444,0.5424146574553728,-0.6306545047046789,-0.003164708004969,0.049495118798803,-0.0061786746245309,1,16.889999389648438,20.399999618530273,2.7199993896484376,1.25,1.15,real_post_mid,0.125,2.6,-5.099999999999991,-0.0029999999999999944,fold_1,xgb,0.8307692408561707
CB,2023-03-31,2023-04-25,0.0,186.55,229.77,7.84,-12.44,4.47,4.73,4.05,20.0,4.47,4.47,4.47,4.43,1.0,0.0,6.0,3.0,9411750000.0,10017000000.0,8937000000.0,8.0,12970.4,11076.0,509.87,1190.99,5.41,255.69,4.6,6.3,27.76,-30.58,-33.79,-2.6,-8.93,200.0,200.0,200.0,2023-05-19,5.5,4.35,9.85,4.925,3.9,4.85,8.75,201.18,1.1800000000000068,0.22951,0.23926,0.234385,0.21975,6.244000255989081,-0.0048799999999999,1335.0,213.0,0.4777142857142857,25.0,0.0,1,4.925,2023-04-24,415.0,397.0763244628906,0.1417,0.1538999999999999,0.1619121428571428,0.0121999999999999,0.0202121428571428,0,0.1779414285714285,0.12219,0.0557514285714285,0.0083657142857143,0.0,0.0,0.0119521912350597,0.0435295890633698,0.0931510130727776,0.0485489869272223,0.4673012952565607,1.02,-1.6037090419877444,0.5424146574553728,-0.6306545047046789,-0.003164708004969,0.049495118798803,-0.0061786746245309,1,16.889999389648438,20.399999618530273,2.7199993896484376,9.85,8.75,real_post_mid,0.985,2.6,8.899999999999967,0.00044499999999999835,fold_1,xgb,0.8307692408561707
KLAC,2023-03-31,2023-04-26,1.0,374.02,428.76,-4.45,-16.65,5.32,5.74,5.21,16.0,5.32,5.32,5.32,5.89,0.0,0.0,0.0,0.0,2374580000.0,2471380000.0,2349700000.0,14.0,-20647.2,-11180.32,-3698.67,5967.31,26.83,0.0,27.79,240.43,-78.32,25.78,24.14,-1.91,-0.87,360.0,385.0,360.0,2023-04-28,7.65,9.8,17.450000000000003,4.847222222222223,24.299999999999997,0.27,24.569999999999997,386.54,26.54000000000002,0.66852,0.66852,0.66852,0.3465749999999999,48.157871118291155,-0.278045,7.0,13.0,1.3822075782537069,3.0,6.944444444444442,0,-2.0972222222222188,2023-04-25,409.0,390.773193359375,0.166095,0.1730614285714286,0.1768951785714285,0.0069664285714285,0.0108001785714285,0,0.20024,0.1430942857142857,0.0571457142857143,0.0055721428571428,0.2778157385263637,0.1428822444138577,0.0717131474103585,0.1147778086813422,0.1112027805726327,0.0548922194273672,1.0321487294679148,1.06,-1.2880303838328573,1.9752270544192585,0.4737118647087602,-0.0196276503177307,0.026102234908655,-0.0219544479995478,1,18.760000228881836,21.649999618530273,2.1505002288818353,17.450000000000003,24.569999999999997,real_post_mid,1.7450000000000003,2.6,-889.0999999999996,-0.02469722222222221,fold_1,xgb,0.8307692408561707
AVB,2023-03-31,2023-04-26,0.0,158.61,173.45,7.85,-1.38,1.13,1.54,0.99,8.0,1.13,1.14,1.1,1.89,0.0,0.0,0.0,0.0,668740000.0,685990000.0,647000000.0,12.0,36668.0,29882.72,3016.53,3703.06,13.01,289.82,13.26,-28.33,-51.27,10.41,28.17,1.77,3.58,170.0,180.0,170.0,2023-05-19,5.8,3.7,9.5,5.588235294117648,9.55,1.375,10.925,176.24,6.240000000000009,0.26853,0.26853,0.26853,0.22463,16.348266487915687,-0.0048799999999999,36.0,0.0,1.0917874396135263,24.0,5.882352941176472,0,-0.2941176470588242,2023-04-25,409.0,390.773193359375,0.166095,0.1730614285714286,0.1768951785714285,0.0069664285714285,0.0108001785714285,0,0.20024,0.1430942857142857,0.0571457142857143,0.0055721428571428,0.2778157385263637,0.1428822444138577,0.0717131474103585,0.1147778086813422,0.1112027805726327,0.0548922194273672,1.0321487294679148,1.06,-1.2880303838328573,1.9752270544192585,0.4737118647087602,-0.0196276503177307,0.026102234908655,-0.0219544479995478,1,18.760000228881836,21.649999618530273,2.1505002288818353,9.5,10.925,real_post_mid,0.9500000000000001,2.6,-240.10000000000008,-0.01412352941176471,fold_1,xgb,0.8307692408561707
WST,2023-03-31,2023-04-27,1.0,339.81,268.62,4.53,32.24,1.67,1.83,1.5,8.0,1.65,1.65,1.65,1.64,1.0,0.0,2.0,0.0,698190000.0,716900000.0,669000000.0,8.0,17407.2,15901.92,780.8,704.6,1.94,320.38,2.65,-13.24,-12.81,-8.14,0.63,-1.98,-0.34,360.0,360.0,360.0,2023-05-19,13.75,15.4,29.15,8.097222222222221,8.95,7.050000000000001,16.0,351.39,8.610000000000014,0.40511,0.40511,0.40511,0.234385,42.142874774752535,-0.08292,277.0,16.0,1.105263157894737,23.0,0.0,1,8.097222222222221,2023-04-26,407.0,389.1180114746094,0.166095,0.1727160714285714,0.180725,0.0066210714285714,0.01463,0,0.20024,0.1417,0.05854,0.004875,0.2778157385263637,0.1428822444138577,0.0756972111553784,0.1098270649267062,0.1127638969431819,0.053331103056818,0.9739559194379784,1.23,-0.2648286770497453,0.9646341695367132,-0.3500923917591259,-0.0236151898191363,0.0198491400409648,-0.0260971151723647,1,18.84000015258789,21.540000915527344,2.23050015258789,29.15,16.0,real_post_mid,2.915,2.6,1020.9,0.028358333333333333,fold_1,xgb,0.8307692408561707
COF,2023-03-31,2023-04-27,0.0,91.12,117.58,5.34,-18.36,3.92,4.36,3.33,20.0,3.92,4.13,4.11,4.12,1.0,0.0,8.0,2.0,9045460000.0,9820000000.0,8806000000.0,14.0,22832.8,27094.56,-2906.67,1226.06,19.79,335.81,14.43,-47.87,-32.86,-35.46,-41.55,-27.06,-25.27,94.0,97.0,94.0,2023-04-28,3.0250000000000004,2.5250000000000004,5.550000000000001,5.904255319148937,3.35,0.04,3.39,97.3,3.299999999999997,1.00998,0.99046,1.00022,0.3514549999999999,64.86223030933196,-0.5902300000000001,81.0,15.0,1.201026518391788,2.0,3.1914893617021267,1,2.71276595744681,2023-04-26,407.0,389.1180114746094,0.166095,0.1727160714285714,0.180725,0.0066210714285714,0.01463,0,0.20024,0.1417,0.05854,0.004875,0.2778157385263637,0.1428822444138577,0.0756972111553784,0.1098270649267062,0.1127638969431819,0.053331103056818,0.9739559194379784,1.23,-0.2648286770497453,0.9646341695367132,-0.3500923917591259,-0.0236151898191363,0.0198491400409648,-0.0260971151723647,1,18.84000015258789,21.540000915527344,2.23050015258789,5.550000000000001,3.39,real_post_mid,0.555,2.6,157.90000000000006,0.016797872340425537,fold_1,xgb,0.8307692408561707
VICI,2023-03-31,2023-05-01,0.0,32.62,34.18,3.56,-1.17,0.56,0.64,0.44,9.0,0.56,0.55,0.57,0.57,0.0,0.0,1.0,0.0,834400000.0,881000000.0,713650000.0,11.0,-589.6,-115.36,-292.27,399.07,72.28,246.05,68.12,43.18,85.29,18.34,13.02,0.51,-32.91,35.0,32.5,35.0,2023-05-19,0.225,1.275,1.5,4.285714285714286,0.05,2.3,2.3499999999999996,31.6,3.3999999999999986,0.18073,0.21,0.195365,0.229505,-17.474982724643617,0.0097499999999999,610.0,334.0,0.0922693266832917,21.0,7.14285714285714,0,-2.857142857142854,2023-04-28,418.0,400.25189208984375,0.13195,0.1427496428571428,0.1535503571428571,0.0107996428571428,0.0216003571428571,0,0.16122,0.11244,0.04878,0.0048799999999999,0.0,0.0,0.0,0.2129386487855496,0.1237030666891888,0.0082469333108111,1.7213691987165554,1.29,0.1772144426328895,2.1212454719908505,0.5116659676269537,0.0090489671473799,0.036327411234696,0.0,1,15.779999732971191,19.540000915527344,2.584999732971191,1.5,2.3499999999999996,real_post_mid,0.15000000000000002,2.6,-102.59999999999997,-0.029314285714285706,fold_1,xgb,0.8307692408561707
ANET,2023-03-31,2023-05-01,1.0,167.86,126.02,-4.59,27.09,1.34,1.38,1.29,21.0,1.35,1.34,1.34,1.21,0.0,0.0,1.0,0.0,1305950000.0,1330020000.0,1278300000.0,19.0,-40948.0,-41832.8,373.33,105.51,48.62,272.31,47.63,71.95,12.8,63.04,65.14,-2.73,3.49,160.0,135.0,160.0,2023-05-05,6.35,6.0,12.35,7.718749999999999,0.03,25.1,25.130000000000003,137.98,22.02000000000001,0.69779,0.69779,0.69779,0.444135,36.35119448544691,-0.30243,151.0,207.0,1.1097560975609757,7.0,15.625,0,-7.906250000000001,2023-04-28,418.0,400.25189208984375,0.13195,0.1427496428571428,0.1535503571428571,0.0107996428571428,0.0216003571428571,0,0.16122,0.11244,0.04878,0.0048799999999999,0.0,0.0,0.0,0.2129386487855496,0.1237030666891888,0.0082469333108111,1.7213691987165554,1.29,0.1772144426328895,2.1212454719908505,0.5116659676269537,0.0090489671473799,0.036327411234696,0.0,1,15.779999732971191,19.540000915527344,2.584999732971191,12.35,25.130000000000003,real_post_mid,1.235,2.6,-1404.1000000000001,-0.08775625000000001,fold_1,xgb,0.8307692408561707
ECL,2023-03-31,2023-05-02,1.0,165.53,155.73,5.29,11.91,0.86,0.89,0.82,20.0,0.86,0.87,0.86,0.85,0.0,0.0,0.0,0.0,3475560000.0,3572000000.0,3326000000.0,13.0,1463.2,1429.6,22.4,27.43,11.42,286.66,11.78,-0.78,-2.31,2.92,-4.45,-2.81,-1.89,170.0,175.0,170.0,2023-05-19,3.75,4.6,8.35,4.911764705882353,5.65,1.95,7.6,175.27,5.27000000000001,0.27829,0.27829,0.27829,0.22463,19.28204391102806,-0.0390249999999999,240.0,127.0,6.625,18.0,2.941176470588225,1,1.9705882352941284,2023-05-01,418.0,399.8478088378906,0.13195,0.141705,0.1545955357142857,0.009755,0.0226455357142856,0,0.1681842857142857,0.11244,0.0557442857142857,0.0083621428571428,0.0,0.0,0.0039840637450199,0.2138961282705632,0.1230891088531419,0.008860891146858,1.73773399014338,1.15,-0.6619606347199297,1.044833336959344,-0.278462693265298,0.0069797270808045,0.0292544844938364,-0.0010095723716464,1,16.079999923706055,19.670000076293945,2.8849999237060544,8.35,7.6,real_post_mid,0.835,2.6,-11.099999999999996,-0.000652941176470588,fold_1,xgb,0.8307692408561707
CLX,2023-03-31,2023-05-02,1.0,158.24,144.41,5.99,16.14,1.22,1.41,1.02,16.0,1.22,1.19,1.19,1.32,0.0,0.0,6.0,0.0,1818290000.0,1862720000.0,1733000000.0,12.0,18637.6,17250.4,770.67,155.51,1.42,0.0,0.14,-79.45,-9.18,23.98,-15.93,3.15,-1.14,167.5,175.0,167.5,2023-05-05,3.8,4.0,7.8,4.656716417910448,8.15,0.02,8.17,169.6,2.0999999999999943,0.56121,0.55145,0.55633,0.27341,50.8547085363004,-0.29268,318.0,672.0,0.1847381342062193,4.0,4.477611940298498,1,0.1791044776119497,2023-05-01,418.0,399.8478088378906,0.13195,0.141705,0.1545955357142857,0.009755,0.0226455357142856,0,0.1681842857142857,0.11244,0.0557442857142857,0.0083621428571428,0.0,0.0,0.0039840637450199,0.2138961282705632,0.1230891088531419,0.008860891146858,1.73773399014338,1.15,-0.6619606347199297,1.044833336959344,-0.278462693265298,0.0069797270808045,0.0292544844938364,-0.0010095723716464,1,16.079999923706055,19.670000076293945,2.8849999237060544,7.8,8.17,real_post_mid,0.78,2.6,-117.60000000000001,-0.00702089552238806,fold_1,xgb,0.8307692408561707
EIX,2023-03-31,2023-05-02,1.0,70.59,67.87,3.81,7.97,0.95,1.08,0.75,8.0,0.96,0.98,1.0,0.98,0.0,0.0,0.0,1.0,4250000000.0,4522890000.0,4061000000.0,3.0,3288.8,3208.8,189.87,242.25,15.53,229.38,14.9,-0.86,-22.3,11.54,0.41,-2.83,-1.3,75.0,72.5,75.0,2023-05-19,1.225,2.0,3.225,4.300000000000001,0.325,3.5,3.825,68.24,6.760000000000005,0.24902,0.22951,0.239265,0.234385,2.039579545692013,-0.019515,821.0,60.0,0.389763779527559,18.0,3.3333333333333326,1,0.966666666666668,2023-05-01,418.0,399.8478088378906,0.13195,0.141705,0.1545955357142857,0.009755,0.0226455357142856,0,0.1681842857142857,0.11244,0.0557442857142857,0.0083621428571428,0.0,0.0,0.0039840637450199,0.2138961282705632,0.1230891088531419,0.008860891146858,1.73773399014338,1.15,-0.6619606347199297,1.044833336959344,-0.278462693265298,0.0069797270808045,0.0292544844938364,-0.0010095723716464,1,16.079999923706055,19.670000076293945,2.8849999237060544,3.225,3.825,real_post_mid,0.3225,2.6,-94.85000000000001,-0.012646666666666667,fold_1,xgb,0.8307692408561707
PEG,2023-03-31,2023-05-02,1.0,62.45,61.81,0.58,1.62,1.24,1.37,1.0,12.0,1.24,1.14,1.05,1.14,3.0,0.0,7.0,0.0,2803150000.0,3226000000.0,2376690000.0,6.0,4031.2,3960.48,196.27,199.81,0.8,331.34,0.45,-7.25,-25.58,249.88,261.33,-4.26,22.89,65.0,65.0,65.0,2023-05-19,0.475,2.125,2.6,4.0,0.4,2.0999999999999996,2.4999999999999996,61.58,3.4200000000000017,0.20024,0.19048,0.19536,0.19536,0.0,0.0146349999999999,4104.0,63.0,6.717105263157895,18.0,0.0,1,4.0,2023-05-01,418.0,399.8478088378906,0.13195,0.141705,0.1545955357142857,0.009755,0.0226455357142856,0,0.1681842857142857,0.11244,0.0557442857142857,0.0083621428571428,0.0,0.0,0.0039840637450199,0.2138961282705632,0.1230891088531419,0.008860891146858,1.73773399014338,1.15,-0.6619606347199297,1.044833336959344,-0.278462693265298,0.0069797270808045,0.0292544844938364,-0.0010095723716464,1,16.079999923706055,19.670000076293945,2.8849999237060544,2.6,2.4999999999999996,real_post_mid,0.26,2.6,-18.599999999999948,-0.0028615384615384536,fold_1,xgb,0.8307692408561707
ZBRA,2023-03-31,2023-05-02,1.0,318.0,328.63,-19.67,-22.27,3.92,4.04,3.83,12.0,3.93,3.92,3.91,4.17,1.0,0.0,1.0,1.0,1396780000.0,1421930000.0,1382000000.0,11.0,17583.2,17739.36,-345.6,1059.6,2.74,319.52,2.78,4.63,15.29,-1.72,-45.97,-1.31,-8.25,290.0,260.0,290.0,2023-05-19,11.4,13.25,24.65,8.5,0.525,32.45,32.975,280.8,9.199999999999989,0.48316,0.48316,0.48316,0.36609,24.23006871429753,-0.0975599999999999,45.0,16.0,1.7580246913580246,18.0,10.344827586206897,0,-1.844827586206895,2023-05-01,418.0,399.8478088378906,0.13195,0.141705,0.1545955357142857,0.009755,0.0226455357142856,0,0.1681842857142857,0.11244,0.0557442857142857,0.0083621428571428,0.0,0.0,0.0039840637450199,0.2138961282705632,0.1230891088531419,0.008860891146858,1.73773399014338,1.15,-0.6619606347199297,1.044833336959344,-0.278462693265298,0.0069797270808045,0.0292544844938364,-0.0010095723716464,1,16.079999923706055,19.670000076293945,2.8849999237060544,24.65,32.975,real_post_mid,2.465,2.6,-1081.6000000000001,-0.037296551724137934,fold_1,xgb,0.8307692408561707
O,2023-03-31,2023-05-03,0.0,62.87,67.86,-3.02,-10.15,0.34,0.43,0.27,7.0,0.34,0.34,0.3,0.31,0.0,0.0,0.0,0.0,907670000.0,954240000.0,862050000.0,8.0,-1984.8,-2188.32,89.6,79.16,60.72,299.36,66.83,3500.0,0.0,61.03,37.44,-0.35,-6.63,62.5,62.5,62.5,2023-05-19,0.675,1.65,2.325,3.72,0.85,1.2999999999999998,2.15,59.97,2.530000000000001,0.21,0.21,0.21,0.21,0.0,-5.000000000005e-06,3152.0,118.0,1.373676248108926,17.0,0.0,1,3.72,2023-05-02,413.0,395.353759765625,0.15146,0.1614473809523809,0.1678378571428571,0.0099873809523809,0.0163778571428571,0,0.1890871428571428,0.1235842857142857,0.0655028571428571,0.0048757142857142,0.2856933665251134,0.1080976258414826,0.0398406374501992,0.191228525112643,0.1215889182501362,0.0298710817498637,1.5727463313658416,1.1,-0.941352293125098,1.1278579586363635,-0.0408346760376033,0.0117218030409713,0.0035419623853572,-0.0122376244085793,1,17.780000686645508,20.75,2.634000686645507,2.325,2.15,real_post_mid,0.23250000000000004,2.6,-8.349999999999977,-0.0013359999999999963,fold_1,xgb,0.8307692408561707
ALL,2023-03-31,2023-05-03,1.0,114.25,131.89,-2.41,-15.46,-1.42,-0.68,-2.61,17.0,-1.42,1.69,1.75,2.16,0.0,0.0,1.0,7.0,11747300000.0,12002000000.0,11179000000.0,5.0,22354.4,21875.68,72.53,591.37,1.63,289.25,1.15,-149.45,12.82,-237.82,-359.5,-0.13,-5.03,115.0,115.0,115.0,2023-05-19,2.25,4.6,6.85,5.956521739130435,2.525,3.35,5.875,117.78,2.780000000000001,0.33682,0.33682,0.33682,0.31243,7.241256457455027,-0.05366,674.0,43.0,2.709782608695652,17.0,0.0,1,5.956521739130435,2023-05-02,413.0,395.353759765625,0.15146,0.1614473809523809,0.1678378571428571,0.0099873809523809,0.0163778571428571,0,0.1890871428571428,0.1235842857142857,0.0655028571428571,0.0048757142857142,0.2856933665251134,0.1080976258414826,0.0398406374501992,0.191228525112643,0.1215889182501362,0.0298710817498637,1.5727463313658416,1.1,-0.941352293125098,1.1278579586363635,-0.0408346760376033,0.0117218030409713,0.0035419623853572,-0.0122376244085793,1,17.780000686645508,20.75,2.634000686645507,6.85,5.875,real_post_mid,0.685,2.6,26.399999999999956,0.00229565217391304,fold_1,xgb,0.8307692408561707
MTD,2023-03-31,2023-05-04,1.0,1529.54,1591.65,-3.55,-7.32,8.6,8.66,8.55,10.0,8.6,8.6,8.6,8.49,0.0,0.0,0.0,0.0,918720000.0,926380000.0,897800000.0,9.0,26181.6,23349.6,938.67,601.39,5.43,297.6,5.99,14.91,18.86,13.05,13.22,0.48,1.97,1490.0,1430.0,1490.0,2023-05-19,48.2,45.05,93.25,6.258389261744966,9.75,70.7,80.45,1386.47,103.52999999999996,0.36609,0.3856,0.375845,0.283165,24.659101491306252,-0.0829249999999999,1.0,0.0,1.0714285714285714,16.0,4.026845637583898,1,2.231543624161068,2023-05-03,410.0,392.6401062011719,0.161215,0.1665597619047619,0.1748053571428571,0.0053447619047619,0.0135903571428571,0,0.19048,0.13195,0.05853,0.0,0.4285400497876699,0.1621464387622239,0.0517928286852589,0.1977624726571671,0.1231912507491654,0.0380237492508345,1.6053288805374584,1.18,-0.261101699849966,0.580760953873179,-0.9475832653427864,0.009051482128044,-0.0071298033047542,-0.0190174888341646,1,18.34000015258789,21.290000915527344,2.2185001525878896,93.25,80.45,real_post_mid,9.325000000000001,2.6,344.8999999999996,0.002314765100671138,fold_1,xgb,0.8307692408561707
PPL,2023-03-31,2023-05-04,1.0,27.55,28.66,4.17,0.14,0.46,0.49,0.43,8.0,0.46,0.46,0.45,0.42,0.0,0.0,0.0,0.0,1992390000.0,1992390000.0,1992390000.0,1.0,-50.4,-40.8,14.93,40.22,36.64,270.29,34.05,27.27,-31.71,3.95,-3.51,-10.37,-7.23,29.0,29.0,29.0,2023-05-19,0.25,0.7,0.95,3.275862068965517,0.275,0.5,0.775,27.06,1.9400000000000013,0.18073,0.18073,0.18073,0.166095,8.09771482321696,0.01951,12599.0,9.0,1.30635838150289,16.0,0.0,1,3.275862068965517,2023-05-03,410.0,392.6401062011719,0.161215,0.1665597619047619,0.1748053571428571,0.0053447619047619,0.0135903571428571,0,0.19048,0.13195,0.05853,0.0,0.4285400497876699,0.1621464387622239,0.0517928286852589,0.1977624726571671,0.1231912507491654,0.0380237492508345,1.6053288805374584,1.18,-0.261101699849966,0.580760953873179,-0.9475832653427864,0.009051482128044,-0.0071298033047542,-0.0190174888341646,1,18.34000015258789,21.290000915527344,2.2185001525878896,0.95,0.775,real_post_mid,0.095,2.6,5.399999999999993,0.001862068965517239,fold_1,xgb,0.8307692408561707
BDX,2023-03-31,2023-05-04,1.0,248.25,245.84,1.7,2.69,2.74,2.78,2.7,13.0,2.74,2.74,2.75,2.8,0.0,0.0,0.0,0.0,4684310000.0,4752060000.0,4564000000.0,11.0,13660.0,10260.32,1382.4,969.81,-2.8,0.0,-2.04,-2.57,14.43,-7.56,-15.46,-0.54,-1.91,260.0,250.0,260.0,2023-05-19,7.6,3.5,11.1,4.269230769230769,0.925,7.0,7.925,251.88,8.120000000000005,0.23926,0.23926,0.23926,0.17585,26.50254952771044,-0.029265,598.0,308.0,0.5336866010598031,16.0,3.846153846153843,1,0.4230769230769255,2023-05-03,410.0,392.6401062011719,0.161215,0.1665597619047619,0.1748053571428571,0.0053447619047619,0.0135903571428571,0,0.19048,0.13195,0.05853,0.0,0.4285400497876699,0.1621464387622239,0.0517928286852589,0.1977624726571671,0.1231912507491654,0.0380237492508345,1.6053288805374584,1.18,-0.261101699849966,0.580760953873179,-0.9475832653427864,0.009051482128044,-0.0071298033047542,-0.0190174888341646,1,18.34000015258789,21.290000915527344,2.2185001525878896,11.1,7.925,real_post_mid,1.11,2.6,203.89999999999995,0.00784230769230769,fold_1,xgb,0.800000011920929
NDSN,2023-04-30,2023-05-22,1.0,218.84,211.91,-1.19,2.04,2.11,2.15,2.08,8.0,2.11,2.11,2.1,2.47,0.0,0.0,0.0,0.0,638730000.0,642000000.0,633980000.0,8.0,2319.2,2861.92,-89.6,487.38,0.22,,3.38,-5.8,-20.08,-8.18,-7.47,-1.97,-1.97,220.0,220.0,220.0,2023-06-16,5.65,8.75,14.4,6.545454545454546,4.85,4.1,8.95,237.11,17.110000000000014,0.27829,0.31731,0.2977999999999999,0.20024,32.760241773002,-0.0487849999999999,24.0,45.0,0.1063829787234042,28.0,0.0,1,6.545454545454546,2023-05-19,419.0,402.8404541015625,0.1403107142857143,0.1451907142857143,0.1559867857142857,0.0048799999999999,0.0156760714285714,0,0.18073,0.1096514285714285,0.0710785714285714,0.0048799999999999,0.190449072567524,0.0463235963416034,0.0119521912350597,0.1227273838509409,0.1432912600020607,-0.0029805457163463,0.8564889711289859,1.34,1.4451513842386188,1.14509746556899,-0.1248128012123813,0.0170798030358272,0.0163638081339281,-0.0014551973283736,1,16.809999465942383,20.040000915527344,2.7789280373709513,14.4,8.95,real_post_mid,1.4400000000000002,2.6,398.40000000000003,0.01810909090909091,fold_1,xgb,0.8307692408561707
PANW,2023-04-30,2023-05-23,1.0,193.25,187.75,-1.82,1.06,0.93,1.04,0.91,37.0,0.93,0.93,0.93,0.78,0.0,0.0,0.0,1.0,1714260000.0,1733000000.0,1704500000.0,36.0,-12103.2,-27993.76,7576.53,9228.53,25.68,,26.58,81.03,101.92,2714.75,153.99,2.61,8.02,192.5,205.0,192.5,2023-05-26,7.125,7.275,14.4,7.48051948051948,12.075,0.145,12.22,211.7,19.19999999999999,0.90266,0.89291,0.897785,0.400235,55.41972744031144,-0.5024250000000001,1757.0,755.0,0.964530225782957,4.0,6.493506493506485,1,0.9870129870129958,2023-05-22,420.0,403.0040893554687,0.1430978571428571,0.146585,0.1521567857142857,0.0034871428571428,0.0090589285714285,0,0.1835157142857142,0.1152257142857142,0.06829,0.0062728571428571,0.2539375203384317,0.0617661143189581,0.0597609561752988,0.1245205210867376,0.1432968873320938,-0.0001990301892366,0.8689687780737239,1.33,1.2466941423224058,0.684960910347399,-0.7729797294904469,0.0139946772650418,0.0159873523571651,-0.001049584806944,1,17.209999084472656,20.36000061035156,2.9002133701869397,14.4,12.22,real_post_mid,1.4400000000000002,2.6,71.39999999999996,0.003709090909090907,fold_1,xgb,0.8307692408561707
COO,2023-04-30,2023-06-01,1.0,382.25,351.81,-2.11,6.36,3.03,3.14,2.82,14.0,3.02,3.01,3.02,2.98,1.0,0.0,3.0,0.0,865820000.0,885400000.0,849500000.0,11.0,2548.0,2556.32,12.8,507.35,9.06,,11.52,-10.49,5.45,13.02,14.3,-0.79,0.79,370.0,360.0,370.0,2023-06-16,10.95,8.75,19.7,5.324324324324324,1.6,14.35,15.95,367.41,2.589999999999975,0.31731,0.31731,0.31731,0.2148749999999999,32.282310674104195,-0.0585399999999999,0.0,6.0,4.166666666666667,16.0,2.7027027027026973,1,2.6216216216216264,2023-05-31,418.0,402.09954833984375,0.141705,0.1497189285714286,0.1582521428571428,0.0080139285714286,0.0165471428571428,0,0.19048,0.10268,0.0878,0.0048749999999999,0.2222095671981774,0.0540488129207412,0.047808764940239,0.139189153005875,0.1306355430855383,0.0110694569144616,1.0654768963966863,1.27,0.4424950219249646,0.8762257912872169,-0.3895759199103812,0.0090800368464374,0.0056314914129391,-0.0055452033587157,1,17.940000534057617,20.209999084472656,3.7695005340576166,19.7,15.95,real_post_mid,1.97,2.6,175.4,0.004740540540540541,fold_1,xgb,0.8307692408561707
FDS,2023-05-31,2023-06-22,1.0,389.04,398.86,3.88,1.33,3.61,3.79,3.45,17.0,3.59,3.59,3.59,3.61,0.0,0.0,0.0,1.0,527330000.0,531000000.0,523400000.0,14.0,4116.0,5864.16,-934.4,1903.75,19.48,,20.17,16.21,59.0,41.81,37.21,-0.5,4.25,430.0,400.0,430.0,2023-07-21,10.75,14.45,25.2,5.8604651162790695,1.2,35.45,36.650000000000006,431.94,1.9399999999999975,0.26853,0.23926,0.253895,0.20024,21.13275172807656,-0.03414,15.0,15.0,1.0,30.0,6.976744186046513,0,-1.1162790697674438,2023-06-21,444.0,420.10003662109375,0.10268,0.1180117857142857,0.12707,0.0153317857142857,0.02439,0,0.13195,0.10268,0.02927,0.014635,0.0,0.0,0.0,0.1172745041962072,0.1159053840092931,-0.0132253840092931,1.011812395072211,1.07,-0.8526002977799314,1.1958319017296295,-0.3757707073940977,-0.0002390855486149,0.0428447102166651,-0.0136564970679472,1,13.199999809265137,16.889999389648438,2.931999809265138,25.2,36.650000000000006,real_post_mid,2.52,2.6,-1399.6000000000006,-0.032548837209302336,fold_1,xgb,0.8307692408561707
NTRS,2023-06-30,2023-07-19,0.0,74.71,85.86,8.79,-5.33,1.62,1.71,1.43,15.0,1.62,1.65,1.67,1.8,2.0,0.0,4.0,3.0,1766210000.0,1803000000.0,1742000000.0,13.0,152.8,2277.12,-1042.67,1229.79,55.05,-65.57,24.97,-14.69,112.68,-6.67,-13.08,-34.93,-13.04,72.5,80.0,72.5,2023-07-21,2.275,2.9749999999999996,5.25,7.241379310344828,7.5,0.075,7.575,78.75,6.25,1.00998,0.98071,0.995345,0.507545,49.00813285845611,-0.68779,148.0,80.0,3.661631419939577,3.0,10.344827586206897,0,-3.1034482758620667,2023-07-18,461.0,438.6932678222656,0.1082571428571428,0.117315,0.1212654761904761,0.0090578571428571,0.0130083333333333,0,0.1305557142857143,0.10268,0.0278757142857143,0.0083607142857142,0.3078621559813898,0.0272228381761256,0.0517928286852589,0.0599228442200396,0.0936070880485986,0.0146500548085442,0.6401528502727171,1.23,1.1365411578847635,3.861541806650796,1.152834131667951,0.0265107847500201,0.0299981356269087,0.0,1,13.300000190734863,16.1299991607666,2.4742859050205777,5.25,7.575,real_post_mid,0.525,2.6,-287.6,-0.03966896551724138,fold_1,xgb,0.8307692408561707
NFLX,2023-06-30,2023-07-19,1.0,431.96,325.35,10.56,46.79,2.86,3.25,2.47,32.0,2.84,2.83,2.82,2.82,6.0,0.0,12.0,1.0,8295360000.0,8523130000.0,8150690000.0,29.0,10616.8,10318.88,44.8,1127.3,3.73,-74.19,6.26,-18.41,2300.0,-2.66,-13.05,-4.4,-4.06,475.0,437.5,475.0,2023-07-21,20.625,20.775,41.4,8.715789473684211,0.065,37.575,37.64,427.5,47.5,1.20509,1.21485,1.20997,0.444135,63.29371802606677,-0.73657,2970.0,5547.0,0.5958532265516711,3.0,7.8947368421052655,1,0.8210526315789455,2023-07-18,461.0,438.6932678222656,0.1082571428571428,0.117315,0.1212654761904761,0.0090578571428571,0.0130083333333333,0,0.1305557142857143,0.10268,0.0278757142857143,0.0083607142857142,0.3078621559813898,0.0272228381761256,0.0517928286852589,0.0599228442200396,0.0936070880485986,0.0146500548085442,0.6401528502727171,1.23,1.1365411578847635,3.861541806650796,1.152834131667951,0.0265107847500201,0.0299981356269087,0.0,1,13.300000190734863,16.1299991607666,2.4742859050205777,41.4,37.64,real_post_mid,4.14,2.6,-40.60000000000017,-0.0008547368421052667,fold_1,xgb,0.8307692408561707
LVS,2023-06-30,2023-07-19,1.0,58.45,61.53,2.07,-3.04,0.43,0.53,0.31,11.0,0.44,0.43,0.43,0.29,3.0,0.0,4.0,2.0,2393460000.0,2513930000.0,2142570000.0,11.0,-1813.6,-1781.6,10.67,215.26,124.81,-48.42,14.89,170.0,247.37,1326.79,234.93,28.79,49.55,60.0,56.0,60.0,2023-07-21,1.485,1.46,2.945,4.908333333333333,0.025,3.575,3.6,55.97,4.030000000000001,0.67828,0.67828,0.67828,0.370965,45.307984902989915,-0.3170699999999999,12527.0,3261.0,0.4587059442398737,3.0,6.666666666666665,0,-1.758333333333332,2023-07-18,461.0,438.6932678222656,0.1082571428571428,0.117315,0.1212654761904761,0.0090578571428571,0.0130083333333333,0,0.1305557142857143,0.10268,0.0278757142857143,0.0083607142857142,0.3078621559813898,0.0272228381761256,0.0517928286852589,0.0599228442200396,0.0936070880485986,0.0146500548085442,0.6401528502727171,1.23,1.1365411578847635,3.861541806650796,1.152834131667951,0.0265107847500201,0.0299981356269087,0.0,1,13.300000190734863,16.1299991607666,2.4742859050205777,2.9450000000000003,3.6,real_post_mid,0.29450000000000004,2.6,-97.54999999999997,-0.01625833333333333,fold_1,xgb,0.8307692408561707
PKG,2023-06-30,2023-07-24,1.0,128.82,134.38,7.65,3.19,1.93,1.96,1.82,8.0,1.93,1.98,1.98,2.55,0.0,0.0,0.0,2.0,1985540000.0,2023000000.0,1907000000.0,7.0,11898.4,11845.92,524.8,648.46,-7.49,-76.69,7.79,-19.12,-6.38,-15.24,-26.84,-3.13,-3.62,135.0,155.0,135.0,2023-08-18,5.5,2.6500000000000004,8.15,6.037037037037037,19.15,0.275,19.424999999999997,146.98,11.97999999999999,0.25877,0.25877,0.25877,0.2148749999999999,16.962940062603863,-0.03902,18.0,2.0,0.2131979695431472,28.0,14.814814814814811,0,-8.777777777777775,2023-07-21,459.0,436.7518005371094,0.11244,0.117315,0.121962619047619,0.004875,0.009522619047619,0,0.13195,0.10268,0.02927,0.004875,0.5387587729674317,0.0476399668082198,0.0876494023904382,0.0824047311762346,0.0904445799445653,0.0219954200554346,0.9111074563754024,1.35,1.6927084339178302,1.073788468812074,-0.3772733214855667,0.0064544953192409,0.0396376159591591,-0.006634590743932,1,13.600000381469728,16.399999618530273,2.356000381469727,8.15,19.424999999999997,real_post_mid,0.8150000000000001,2.6,-1211.5999999999995,-0.0897481481481481,fold_1,xgb,0.8307692408561707
CDNS,2023-06-30,2023-07-24,1.0,225.32,203.9,7.08,18.33,1.18,1.27,1.17,11.0,1.18,1.18,1.18,1.25,0.0,0.0,1.0,0.0,974860000.0,986300000.0,969990000.0,11.0,6332.0,6012.0,128.0,69.28,13.3,-71.31,18.15,10.26,34.38,4.0,1.11,-1.33,-3.81,240.0,240.0,240.0,2023-08-18,10.5,6.85,17.35,7.229166666666667,5.75,6.65,12.4,220.55,19.44999999999999,0.31731,0.32707,0.32219,0.24902,22.710202054688224,-0.0341499999999999,1840.0,99.0,0.8061013443640124,28.0,0.0,1,7.229166666666667,2023-07-21,459.0,436.7518005371094,0.11244,0.117315,0.121962619047619,0.004875,0.009522619047619,0,0.13195,0.10268,0.02927,0.004875,0.5387587729674317,0.0476399668082198,0.0876494023904382,0.0824047311762346,0.0904445799445653,0.0219954200554346,0.9111074563754024,1.35,1.6927084339178302,1.073788468812074,-0.3772733214855667,0.0064544953192409,0.0396376159591591,-0.006634590743932,1,13.600000381469728,16.399999618530273,2.356000381469727,17.35,12.4,real_post_mid,1.7350000000000003,2.6,318.90000000000003,0.0132875,fold_1,xgb,0.8307692408561707
DOV,2023-06-30,2023-07-25,0.0,141.13,140.81,3.81,4.05,2.2,2.28,2.15,18.0,2.21,2.21,2.21,2.27,0.0,0.0,2.0,0.0,2196840000.0,2253700000.0,2124000000.0,16.0,8757.6,8605.92,-110.4,231.33,1.32,-73.5,1.65,2.11,-10.19,4.5,5.1,-0.29,0.54,155.0,145.0,155.0,2023-08-18,2.875,5.25,8.125,5.241935483870968,0.55,8.5,9.05,140.57,14.430000000000009,0.24902,0.24902,0.24902,0.21,15.669424142639146,-0.034145,504.0,99.0,0.2715596330275229,25.0,6.451612903225811,0,-1.2096774193548434,2023-07-24,462.0,438.7029418945313,0.11244,0.117315,0.1225432142857142,0.004875,0.0101032142857142,0,0.13195,0.10268,0.02927,0.004875,0.5387587729674317,0.0476399668082198,0.0916334661354581,0.08433444675327,0.0907011160431729,0.021738883956827,0.9298060534682682,1.46,2.007545825677533,2.3389151677525635,0.2790772277805347,0.0074527611252139,0.0405259877833135,-0.0021968383851592,1,13.90999984741211,16.260000228881836,2.6659998474121096,8.125,9.05,real_post_mid,0.8125,2.6,-176.35000000000005,-0.011377419354838714,fold_1,xgb,0.8307692408561707
AVY,2023-06-30,2023-07-25,0.0,167.85,165.12,4.06,5.78,1.99,2.11,1.75,9.0,2.0,2.05,2.07,2.37,0.0,0.0,0.0,1.0,2153230000.0,2195900000.0,2074800000.0,8.0,8584.8,9298.4,-441.6,512.77,-12.1,-77.16,5.61,-29.17,3.03,-26.1,-27.38,-1.04,-2.12,180.0,180.0,180.0,2023-08-18,4.7,6.7,11.4,6.333333333333334,4.3,3.125,7.425,177.15,2.8499999999999943,0.2978,0.30755,0.302675,0.20024,33.8432311885686,-0.06829,81.0,30.0,12.578313253012048,25.0,0.0,1,6.333333333333334,2023-07-24,462.0,438.7029418945313,0.11244,0.117315,0.1225432142857142,0.004875,0.0101032142857142,0,0.13195,0.10268,0.02927,0.004875,0.5387587729674317,0.0476399668082198,0.0916334661354581,0.08433444675327,0.0907011160431729,0.021738883956827,0.9298060534682682,1.46,2.007545825677533,2.3389151677525635,0.2790772277805347,0.0074527611252139,0.0405259877833135,-0.0021968383851592,1,13.90999984741211,16.260000228881836,2.6659998474121096,11.4,7.425,real_post_mid,1.1400000000000001,2.6,280.90000000000003,0.015605555555555558,fold_1,xgb,0.8307692408561707
GOOGL,2023-06-30,2023-07-25,1.0,122.34,103.71,-0.11,17.84,1.34,1.5,1.06,37.0,1.34,1.34,1.34,1.28,1.0,0.0,7.0,0.0,72817600000.0,74329000000.0,70692600000.0,32.0,-414523.28,-414335.12,44.8,299.43,2.61,-75.33,8.56,-4.88,11.43,-8.24,-13.33,-0.34,-4.6,122.0,129.0,122.0,2023-07-28,3.375,3.7,7.075,5.799180327868853,7.325,0.04,7.365,132.58,10.580000000000013,0.70754,0.68803,0.697785,0.312435,55.22474687761989,-0.3609599999999999,4967.0,7066.0,0.4091526676626912,4.0,5.737704918032782,1,0.0614754098360705,2023-07-24,462.0,438.7029418945313,0.11244,0.117315,0.1225432142857142,0.004875,0.0101032142857142,0,0.13195,0.10268,0.02927,0.004875,0.5387587729674317,0.0476399668082198,0.0916334661354581,0.08433444675327,0.0907011160431729,0.021738883956827,0.9298060534682682,1.46,2.007545825677533,2.3389151677525635,0.2790772277805347,0.0074527611252139,0.0405259877833135,-0.0021968383851592,1,13.90999984741211,16.260000228881836,2.6659998474121096,7.075,7.365,real_post_mid,0.7075,2.6,-102.35,-0.008389344262295081,fold_1,xgb,0.8307692408561707
MCO,2023-06-30,2023-07-25,1.0,337.28,304.92,7.24,18.62,2.24,2.43,2.05,18.0,2.22,2.17,2.18,2.17,4.0,0.0,10.0,0.0,1452010000.0,1516000000.0,1412200000.0,16.0,17077.6,15067.52,915.73,996.98,-3.42,-73.12,-11.32,3.46,86.88,-13.08,-13.41,-2.58,-4.46,360.0,360.0,360.0,2023-08-18,7.15,9.5,16.65,4.625,6.35,6.4,12.75,327.02,32.98000000000002,0.21975,0.22951,0.22463,0.17585,21.71571027912567,-0.0243899999999999,89.0,22.0,0.89587852494577,25.0,0.0,1,4.625,2023-07-24,462.0,438.7029418945313,0.11244,0.117315,0.1225432142857142,0.004875,0.0101032142857142,0,0.13195,0.10268,0.02927,0.004875,0.5387587729674317,0.0476399668082198,0.0916334661354581,0.08433444675327,0.0907011160431729,0.021738883956827,0.9298060534682682,1.46,2.007545825677533,2.3389151677525635,0.2790772277805347,0.0074527611252139,0.0405259877833135,-0.0021968383851592,1,13.90999984741211,16.260000228881836,2.6659998474121096,16.65,12.75,real_post_mid,1.665,2.6,220.89999999999986,0.006136111111111107,fold_1,xgb,0.8307692408561707
MSCI,2023-06-30,2023-07-25,1.0,465.15,458.22,17.85,19.64,3.11,3.28,2.92,14.0,3.11,3.1,3.1,3.15,4.0,0.0,6.0,0.0,602440000.0,607000000.0,594120000.0,12.0,9320.8,8557.28,392.53,109.78,5.76,-73.66,9.24,5.37,10.56,10.57,8.87,0.0,1.51,500.0,560.0,500.0,2023-08-18,18.8,15.4,34.2,6.84,57.9,0.925,58.825,520.17,20.16999999999996,0.31731,0.33682,0.327065,0.2197549999999999,32.80999189763503,-0.06829,4.0,41.0,3.697841726618705,25.0,12.00000000000001,0,-5.160000000000011,2023-07-24,462.0,438.7029418945313,0.11244,0.117315,0.1225432142857142,0.004875,0.0101032142857142,0,0.13195,0.10268,0.02927,0.004875,0.5387587729674317,0.0476399668082198,0.0916334661354581,0.08433444675327,0.0907011160431729,0.021738883956827,0.9298060534682682,1.46,2.007545825677533,2.3389151677525635,0.2790772277805347,0.0074527611252139,0.0405259877833135,-0.0021968383851592,1,13.90999984741211,16.260000228881836,2.6659998474121096,34.2,58.825,real_post_mid,3.4200000000000004,2.6,-2807.1,-0.056142,fold_1,xgb,0.8307692408561707
PCAR,2023-06-30,2023-07-25,1.0,78.44,73.1,10.03,18.07,2.18,2.28,1.99,15.0,2.17,2.17,2.17,1.89,4.0,0.0,7.0,0.0,8232010000.0,8678770000.0,8000690000.0,10.0,-14101.6,-15078.56,751.47,969.16,30.77,-70.62,25.66,95.65,27.84,20.19,97.73,5.33,5.89,90.0,85.0,90.0,2023-08-18,1.9,2.925,4.824999999999999,5.36111111111111,0.25,5.65,5.9,84.66,5.340000000000003,0.24902,0.25877,0.253895,0.22463,11.526418401307623,0.0097599999999999,1863.0,178.0,1.2024570024570025,25.0,5.555555555555558,0,-0.1944444444444482,2023-07-24,462.0,438.7029418945313,0.11244,0.117315,0.1225432142857142,0.004875,0.0101032142857142,0,0.13195,0.10268,0.02927,0.004875,0.5387587729674317,0.0476399668082198,0.0916334661354581,0.08433444675327,0.0907011160431729,0.021738883956827,0.9298060534682682,1.46,2.007545825677533,2.3389151677525635,0.2790772277805347,0.0074527611252139,0.0405259877833135,-0.0021968383851592,1,13.90999984741211,16.260000228881836,2.6659998474121096,4.824999999999999,5.9,real_post_mid,0.48249999999999993,2.6,-158.3500000000001,-0.017594444444444458,fold_1,xgb,0.8307692408561707
NEE,2023-06-30,2023-07-25,1.0,74.17,74.07,1.71,1.85,0.82,0.87,0.75,11.0,0.81,0.81,0.8,0.81,1.0,0.0,3.0,2.0,6233830000.0,6817540000.0,5353510000.0,7.0,-51695.2,-52212.0,235.73,149.79,132.39,-67.95,40.06,13.51,64.71,2521.6,479.61,44.21,70.63,75.0,75.0,75.0,2023-08-18,2.5,1.725,4.225,5.633333333333333,1.5,1.925,3.425,67.83,7.170000000000002,0.26853,0.26853,0.26853,0.22951,14.53096488288087,-0.0438999999999999,9983.0,310.0,0.8344228614120284,25.0,0.0,1,5.633333333333333,2023-07-24,462.0,438.7029418945313,0.11244,0.117315,0.1225432142857142,0.004875,0.0101032142857142,0,0.13195,0.10268,0.02927,0.004875,0.5387587729674317,0.0476399668082198,0.0916334661354581,0.08433444675327,0.0907011160431729,0.021738883956827,0.9298060534682682,1.46,2.007545825677533,2.3389151677525635,0.2790772277805347,0.0074527611252139,0.0405259877833135,-0.0021968383851592,1,13.90999984741211,16.260000228881836,2.6659998474121096,4.225,3.425,real_post_mid,0.4225,2.6,35.149999999999984,0.0046866666666666645,fold_1,xgb,1.0
UHS,2023-06-30,2023-07-25,1.0,151.43,142.79,-1.18,4.8,2.43,2.65,2.25,14.0,2.43,2.42,2.42,2.35,0.0,0.0,1.0,0.0,3502280000.0,3545710000.0,3452450000.0,14.0,16231.2,15609.92,306.67,76.87,5.3,-74.12,5.55,8.84,-22.52,11.29,19.69,0.31,0.97,150.0,140.0,150.0,2023-08-18,4.35,5.5,9.85,6.566666666666666,1.2000000000000002,9.15,10.35,128.56,21.44,0.31731,0.31731,0.31731,0.27829,12.297122687592577,-0.063415,35.0,9.0,0.8285714285714286,25.0,6.666666666666665,0,-0.0999999999999987,2023-07-24,462.0,438.7029418945313,0.11244,0.117315,0.1225432142857142,0.004875,0.0101032142857142,0,0.13195,0.10268,0.02927,0.004875,0.5387587729674317,0.0476399668082198,0.0916334661354581,0.08433444675327,0.0907011160431729,0.021738883956827,0.9298060534682682,1.46,2.007545825677533,2.3389151677525635,0.2790772277805347,0.0074527611252139,0.0405259877833135,-0.0021968383851592,1,13.90999984741211,16.260000228881836,2.6659998474121096,9.85,10.35,real_post_mid,0.985,2.6,-151.1,-0.010073333333333333,fold_1,xgb,0.8307692408561707
UNP,2023-06-30,2023-07-26,0.0,201.33,193.54,18.21,22.97,2.75,2.91,2.56,26.0,2.75,2.78,2.78,2.78,0.0,0.0,2.0,5.0,6123280000.0,6349000000.0,5831000000.0,20.0,16410.4,16697.12,-253.87,139.33,3.34,-75.65,12.99,-1.56,-5.24,3.02,-3.49,-2.54,-2.68,215.0,232.5,215.0,2023-07-28,3.4000000000000004,2.825,6.2250000000000005,2.8953488372093026,17.1,0.05,17.150000000000002,232.77,17.77000000000001,0.39536,0.40511,0.400235,0.21975,45.094756830362165,-0.19024,1446.0,138.0,0.5275078306963296,3.0,8.139534883720923,0,-5.24418604651162,2023-07-25,463.0,439.900634765625,0.1075599999999999,0.1152257142857142,0.1183601785714285,0.0076657142857143,0.0108001785714285,0,0.13195,0.11244,0.01951,0.014635,0.2693793864837154,0.0238199834041099,0.0358565737051792,0.0687555393782092,0.0838994924670759,0.023660507532924,0.8194988712856699,1.37,1.3546871911484732,2.5802408419465457,0.367835942050306,0.0027521893585304,0.0513147648511791,0.0,1,13.859999656677246,16.219999313354492,3.1039996566772476,6.2250000000000005,17.150000000000002,real_post_mid,0.6225,2.6,-1157.3500000000001,-0.05383023255813954,fold_1,xgb,0.8307692408561707
VICI,2023-06-30,2023-07-26,1.0,31.4,33.29,4.3,-1.62,0.62,0.65,0.52,9.0,0.62,0.62,0.61,0.81,0.0,0.0,0.0,0.0,885930000.0,907000000.0,852000000.0,11.0,-743.2,-363.68,91.73,449.74,110.66,-66.25,82.67,48.57,-17.46,135.29,132.79,0.59,7.87,32.5,32.5,32.5,2023-08-18,0.875,0.375,1.25,3.8461538461538463,0.375,0.8,1.175,30.08,2.4200000000000017,0.19048,0.17097,0.180725,0.17585,2.6974685295338316,0.0048849999999999,15267.0,25.0,2.005405405405406,24.0,0.0,1,3.8461538461538463,2023-07-25,463.0,439.900634765625,0.1075599999999999,0.1152257142857142,0.1183601785714285,0.0076657142857143,0.0108001785714285,0,0.13195,0.11244,0.01951,0.014635,0.2693793864837154,0.0238199834041099,0.0358565737051792,0.0687555393782092,0.0838994924670759,0.023660507532924,0.8194988712856699,1.37,1.3546871911484732,2.5802408419465457,0.367835942050306,0.0027521893585304,0.0513147648511791,0.0,1,13.859999656677246,16.219999313354492,3.1039996566772476,1.25,1.175,real_post_mid,0.125,2.6,-7.600000000000005,-0.00233846153846154,fold_1,xgb,0.8307692408561707
LHX,2023-06-30,2023-07-26,1.0,191.72,198.0,5.65,2.3,2.94,3.04,2.88,19.0,2.93,2.93,2.93,2.96,1.0,0.0,2.0,0.0,4372700000.0,4507000000.0,4300000000.0,17.0,8528.8,7522.72,193.6,707.75,8.97,5.3,-3.23,-8.33,-12.27,-13.59,-16.41,-3.43,-2.94,200.0,190.0,200.0,2023-08-18,6.550000000000001,4.4,10.95,5.4750000000000005,0.85,10.55,11.4,181.48,18.52000000000001,0.25877,0.26853,0.26365,0.21,20.348947468234403,-0.053655,446.0,3.0,1.6095238095238096,24.0,5.000000000000004,1,0.4749999999999961,2023-07-25,463.0,439.900634765625,0.1075599999999999,0.1152257142857142,0.1183601785714285,0.0076657142857143,0.0108001785714285,0,0.13195,0.11244,0.01951,0.014635,0.2693793864837154,0.0238199834041099,0.0358565737051792,0.0687555393782092,0.0838994924670759,0.023660507532924,0.8194988712856699,1.37,1.3546871911484732,2.5802408419465457,0.367835942050306,0.0027521893585304,0.0513147648511791,0.0,1,13.859999656677246,16.219999313354492,3.1039996566772476,10.950000000000001,11.4,real_post_mid,1.0950000000000002,2.6,-157.09999999999994,-0.007854999999999997,fold_1,xgb,0.8307692408561707
AWK,2023-06-30,2023-07-26,1.0,140.23,148.46,5.38,-0.46,1.31,1.43,1.26,10.0,1.3,1.28,1.29,1.25,1.0,0.0,3.0,0.0,1010570000.0,1068290000.0,942000000.0,4.0,2095.2,2088.16,104.53,280.63,11.4,-75.26,-1.66,4.6,24.66,11.09,19.92,1.33,2.23,150.0,150.0,150.0,2023-08-18,2.1500000000000004,4.05,6.2,4.133333333333333,1.75,3.55,5.3,138.96,11.039999999999992,0.18073,0.21975,0.20024,0.18073,9.743308030363565,-0.0097549999999999,183.0,26.0,0.4169611307420495,24.0,0.0,1,4.133333333333333,2023-07-25,463.0,439.900634765625,0.1075599999999999,0.1152257142857142,0.1183601785714285,0.0076657142857143,0.0108001785714285,0,0.13195,0.11244,0.01951,0.014635,0.2693793864837154,0.0238199834041099,0.0358565737051792,0.0687555393782092,0.0838994924670759,0.023660507532924,0.8194988712856699,1.37,1.3546871911484732,2.5802408419465457,0.367835942050306,0.0027521893585304,0.0513147648511791,0.0,1,13.859999656677246,16.219999313354492,3.1039996566772476,6.2,5.3,real_post_mid,0.6200000000000001,2.6,25.400000000000023,0.0016933333333333349,fold_1,xgb,0.8307692408561707
GL,2023-06-30,2023-07-26,1.0,107.02,107.3,6.52,6.24,2.57,2.61,2.53,8.0,2.57,2.57,2.56,2.57,1.0,0.0,3.0,0.0,1371010000.0,1379910000.0,1356140000.0,4.0,1820.0,1382.24,204.8,41.85,-16.42,-79.03,-0.88,48.82,12.95,-4.78,-4.73,6.45,3.4,115.0,110.0,115.0,2023-08-18,2.075,2.4,4.475,3.891304347826087,0.475,3.7,4.175,112.44,2.5600000000000023,0.20024,0.18073,0.190485,0.180725,5.123763025960044,0.0243899999999999,78.0,1.0,25.0,24.0,4.347826086956519,0,-0.4565217391304319,2023-07-25,463.0,439.900634765625,0.1075599999999999,0.1152257142857142,0.1183601785714285,0.0076657142857143,0.0108001785714285,0,0.13195,0.11244,0.01951,0.014635,0.2693793864837154,0.0238199834041099,0.0358565737051792,0.0687555393782092,0.0838994924670759,0.023660507532924,0.8194988712856699,1.37,1.3546871911484732,2.5802408419465457,0.367835942050306,0.0027521893585304,0.0513147648511791,0.0,1,13.859999656677246,16.219999313354492,3.1039996566772476,4.475,4.175,real_post_mid,0.4475,2.6,-17.35000000000002,-0.0015086956521739147,fold_1,xgb,0.800000011920929
LKQ,2023-06-30,2023-07-27,1.0,57.0,57.73,-3.25,-4.47,1.07,1.11,1.04,9.0,1.08,1.07,1.07,1.09,0.0,0.0,1.0,1.0,3461650000.0,3586000000.0,3306300000.0,8.0,7871.2,7726.56,55.47,213.34,0.03,-73.82,-2.51,4.0,33.33,5.72,-1.62,0.44,-0.18,57.5,55.0,57.5,2023-08-18,1.375,1.675,3.05,5.304347826086956,0.125,3.25,3.375,52.39,5.109999999999999,0.22951,0.30755,0.26853,0.190485,29.06379175511115,-0.0487799999999999,654.0,27.0,0.6923076923076923,23.0,4.347826086956519,1,0.9565217391304373,2023-07-26,463.0,439.9682922363281,0.1075599999999999,0.1093028571428571,0.1187085714285714,0.0017428571428571,0.0111485714285714,0,0.12219,0.10268,0.01951,0.004875,0.318300409988818,0.0238199834041099,0.0398406374501992,0.0671363920396854,0.0810081716534275,0.0265518283465724,0.8287607369650449,1.13,0.1200533689152453,1.0364646174416243,-0.4766279178294946,0.0006811240149626,0.0557900717272361,0.0,1,13.1899995803833,15.789999961853027,2.4339995803833023,3.05,3.375,real_post_mid,0.305,2.6,-65.60000000000001,-0.011408695652173914,fold_1,xgb,0.8307692408561707
MTD,2023-06-30,2023-07-27,1.0,1272.22,1491.5,4.08,-11.22,9.97,10.03,9.92,10.0,9.97,9.97,9.97,10.4,0.0,0.0,1.0,1.0,1001300000.0,1004500000.0,998000000.0,9.0,26469.6,24776.8,800.0,423.62,3.45,-76.31,4.94,10.42,-28.18,9.32,10.7,0.92,1.76,1340.0,1310.0,1340.0,2023-08-18,39.5,39.85,79.35,5.921641791044776,15.25,45.35,60.6,1184.68,155.31999999999994,0.2978,0.2978,0.2978,0.23926,19.65748824714574,-0.03903,1.0,0.0,0.2608695652173913,23.0,2.238805970149249,1,3.6828358208955265,2023-07-26,463.0,439.9682922363281,0.1075599999999999,0.1093028571428571,0.1187085714285714,0.0017428571428571,0.0111485714285714,0,0.12219,0.10268,0.01951,0.004875,0.318300409988818,0.0238199834041099,0.0398406374501992,0.0671363920396854,0.0810081716534275,0.0265518283465724,0.8287607369650449,1.13,0.1200533689152453,1.0364646174416243,-0.4766279178294946,0.0006811240149626,0.0557900717272361,0.0,1,13.1899995803833,15.789999961853027,2.4339995803833023,79.35,60.6,real_post_mid,7.935,2.6,1078.8999999999994,0.008051492537313428,fold_1,xgb,0.8307692408561707
WST,2023-06-30,2023-07-27,1.0,369.34,361.24,-3.91,-1.76,1.93,2.13,1.85,8.0,1.93,1.96,1.97,1.99,0.0,0.0,0.0,1.0,755710000.0,771300000.0,737100000.0,8.0,18597.6,16616.16,1126.4,699.35,-0.53,-75.19,1.57,-13.91,11.86,-12.51,-10.33,-1.77,-2.56,380.0,370.0,380.0,2023-08-18,11.95,11.55,23.5,6.184210526315789,2.45,15.65,18.1,387.77,7.769999999999982,0.30755,0.31731,0.31243,0.20024,35.90884358096213,-0.0536599999999999,250.0,3.0,0.375,23.0,2.631578947368418,1,3.5526315789473712,2023-07-26,463.0,439.9682922363281,0.1075599999999999,0.1093028571428571,0.1187085714285714,0.0017428571428571,0.0111485714285714,0,0.12219,0.10268,0.01951,0.004875,0.318300409988818,0.0238199834041099,0.0398406374501992,0.0671363920396854,0.0810081716534275,0.0265518283465724,0.8287607369650449,1.13,0.1200533689152453,1.0364646174416243,-0.4766279178294946,0.0006811240149626,0.0557900717272361,0.0,1,13.1899995803833,15.789999961853027,2.4339995803833023,23.5,18.1,real_post_mid,2.35,2.6,302.3999999999998,0.0079578947368421,fold_1,xgb,0.9406092762947083
AMT,2023-06-30,2023-07-27,0.0,187.72,204.39,2.94,-5.46,1.1,1.34,0.97,15.0,1.1,1.08,1.07,1.09,1.0,0.0,3.0,1.0,2728600000.0,2778600000.0,2681880000.0,13.0,144.8,5260.48,-2742.93,3206.26,4.02,-71.31,5.89,-53.85,148.98,-16.67,6.96,0.92,0.77,190.0,190.0,190.0,2023-08-18,5.949999999999999,5.15,11.1,5.842105263157895,4.25,4.65,8.9,176.45,13.550000000000011,0.2978,0.28804,0.29292,0.24902,14.987027174655204,-0.02439,1112.0,1539.0,0.2300909341416368,23.0,0.0,1,5.842105263157895,2023-07-26,463.0,439.9682922363281,0.1075599999999999,0.1093028571428571,0.1187085714285714,0.0017428571428571,0.0111485714285714,0,0.12219,0.10268,0.01951,0.004875,0.318300409988818,0.0238199834041099,0.0398406374501992,0.0671363920396854,0.0810081716534275,0.0265518283465724,0.8287607369650449,1.13,0.1200533689152453,1.0364646174416243,-0.4766279178294946,0.0006811240149626,0.0557900717272361,0.0,1,13.1899995803833,15.789999961853027,2.4339995803833023,11.1,8.9,real_post_mid,1.11,2.6,106.39999999999992,0.005599999999999996,fold_1,xgb,0.800000011920929
FSLR,2023-06-30,2023-07-27,1.0,182.73,182.58,8.79,8.88,0.96,1.39,0.6,21.0,0.98,1.05,1.08,1.48,1.0,0.0,1.0,1.0,720550000.0,812200000.0,673220000.0,17.0,1560.8,2876.32,74.67,1025.49,49.38,-79.07,-1.9,197.56,671.43,1879.62,131.14,17.32,19.03,197.5,207.5,197.5,2023-07-28,6.875,6.825,13.7,6.936708860759494,10.95,0.02,10.97,208.4,10.900000000000006,1.18558,1.16607,1.175825,0.449015,61.81276975740438,-0.6633950000000001,58.0,92.0,0.8516764781162017,2.0,5.063291139240511,1,1.8734177215189831,2023-07-26,463.0,439.9682922363281,0.1075599999999999,0.1093028571428571,0.1187085714285714,0.0017428571428571,0.0111485714285714,0,0.12219,0.10268,0.01951,0.004875,0.318300409988818,0.0238199834041099,0.0398406374501992,0.0671363920396854,0.0810081716534275,0.0265518283465724,0.8287607369650449,1.13,0.1200533689152453,1.0364646174416243,-0.4766279178294946,0.0006811240149626,0.0557900717272361,0.0,1,13.1899995803833,15.789999961853027,2.4339995803833023,13.7,10.97,real_post_mid,1.37,2.6,133.39999999999986,0.006754430379746828,fold_1,xgb,0.8307692408561707
AON,2023-06-30,2023-07-28,0.0,333.59,325.18,-4.13,-1.65,2.84,2.95,2.72,18.0,2.84,2.84,2.85,2.89,0.0,0.0,5.0,0.0,3170260000.0,3249510000.0,3119000000.0,12.0,6948.0,6838.88,-0.0,391.18,5.48,-68.98,2.69,7.04,32.9,3.76,7.75,1.86,0.8,340.0,320.0,340.0,2023-08-18,5.550000000000001,8.15,13.7,4.029411764705883,0.25,21.45,21.7,324.06,15.939999999999998,0.19048,0.21975,0.205115,0.17097,16.646759135119314,-0.0243899999999999,975.0,87.0,4.076923076923077,22.0,5.882352941176472,0,-1.8529411764705888,2023-07-27,460.0,437.05126953125,0.11244,0.117315,0.1239360714285714,0.0048749999999999,0.0114960714285714,0,0.1417,0.10268,0.03902,0.0097499999999999,0.6366008199776378,0.0476399668082199,0.1075697211155378,0.0671074153817477,0.0811211821490868,0.0313188178509131,0.8272489823732572,1.19,0.375807078894004,1.854314755496015,-0.0363620251735865,0.0006856731758686,0.0374164871997142,-0.006630074840737,1,14.40999984741211,16.6299991607666,3.165999847412108,13.700000000000001,21.7,real_post_mid,1.37,2.6,-939.5999999999998,-0.027635294117647053,fold_1,xgb,0.800000011920929
BEN,2023-06-30,2023-07-28,1.0,,,,,0.6,0.67,0.57,10.0,0.6,0.6,0.6,0.61,1.0,0.0,6.0,1.0,1501150000.0,1532100000.0,1481810000.0,6.0,9415.2,7495.2,949.33,1103.3,-7.39,-2.03,-9.3,-36.46,-54.81,-9.92,-44.9,-3.19,-9.01,27.5,30.0,27.5,2023-08-18,1.425,0.45,1.875,6.8181818181818175,1.95,0.1,2.05,26.26,1.2399999999999984,0.30755,0.31731,0.31243,0.229505,26.541945395768646,-0.0341449999999999,446.0,0.0,0.4993514915693904,22.0,9.090909090909085,0,-2.2727272727272654,2023-07-27,460.0,437.05126953125,0.11244,0.117315,0.1239360714285714,0.0048749999999999,0.0114960714285714,0,0.1417,0.10268,0.03902,0.0097499999999999,0.6366008199776378,0.0476399668082199,0.1075697211155378,0.0671074153817477,0.0811211821490868,0.0313188178509131,0.8272489823732572,1.19,0.375807078894004,1.854314755496015,-0.0363620251735865,0.0006856731758686,0.0374164871997142,-0.006630074840737,1,14.40999984741211,16.6299991607666,3.165999847412108,1.875,2.05,real_post_mid,0.1875,2.6,-38.84999999999999,-0.014127272727272723,fold_1,xgb,0.8307692408561707
SBAC,2023-06-30,2023-07-31,1.0,231.76,246.99,-5.53,-11.35,1.22,1.31,1.11,11.0,1.22,1.21,1.21,1.25,0.0,0.0,3.0,0.0,677260000.0,684560000.0,667000000.0,13.0,-2183.2,-1052.8,258.67,1139.0,8.99,-74.35,13.27,-45.93,-1.06,7.85,3.4,0.28,-1.8,220.0,230.0,220.0,2023-08-18,6.9,7.4,14.3,6.5,11.45,2.425,13.875,222.51,2.509999999999991,0.33682,0.34658,0.3417,0.283165,17.130523851331578,-0.0390249999999999,422.0,10.0,1.2911392405063291,21.0,4.545454545454541,1,1.9545454545454584,2023-07-28,464.0,441.3301086425781,0.1075599999999999,0.112435,0.1232396428571428,0.004875,0.0156796428571428,0,0.13195,0.10268,0.02927,0.009755,0.318300409988818,0.0238199834041099,0.0438247011952191,0.095493618081938,0.0855276538947014,0.0220323461052985,1.1165232966580172,1.41,1.416741027024988,0.916499810041778,-0.5602642130990277,0.0104826313247901,0.0470450049276947,0.0,1,13.329999923706056,15.920000076293944,2.573999923706056,14.3,13.875,real_post_mid,1.4300000000000002,2.6,-103.09999999999994,-0.0046863636363636335,fold_1,xgb,0.8307692408561707
PEG,2023-06-30,2023-08-01,1.0,62.61,63.21,0.94,-0.02,0.63,0.74,0.55,15.0,0.63,0.64,0.64,0.66,1.0,0.0,2.0,3.0,1951240000.0,2222000000.0,1402160000.0,6.0,4511.2,4027.52,232.53,174.83,62.34,-61.68,13.22,4.51,117.19,562.97,3269.23,39.55,46.14,65.0,65.0,65.0,2023-08-18,0.35,2.1,2.45,3.769230769230769,0.275,2.0,2.275,60.82,4.18,0.17097,0.18073,0.17585,0.166095,5.547341484219513,0.009755,4050.0,48.0,0.7829457364341085,18.0,0.0,1,3.769230769230769,2023-07-31,465.0,442.1704406738281,0.1110457142857142,0.112435,0.1253289285714285,0.0013892857142857,0.0142832142857143,0,0.13195,0.10268,0.02927,0.0062692857142857,0.5456578456951169,0.0408342572641884,0.0756972111553784,0.0931905253933108,0.0852947621409878,0.0257509521447264,1.0925703179671415,1.22,0.43850994413428,2.5153748782021,1.123859691008923,0.007903978861693,0.0449202660085854,0.0,1,13.630000114440918,16.010000228881836,2.5254286858694908,2.45,2.275,real_post_mid,0.24500000000000002,2.6,-9.599999999999977,-0.0014769230769230734,fold_1,xgb,0.9173744916915894
TAP,2023-06-30,2023-08-01,1.0,65.84,64.96,1.03,2.4,1.63,1.83,1.38,13.0,1.6,1.49,1.39,1.29,3.0,0.0,9.0,0.0,3288210000.0,3353100000.0,3221840000.0,9.0,7669.6,6667.04,585.6,319.66,5.95,-78.07,3.55,86.21,-58.46,-23.16,-29.5,-9.04,-3.39,70.0,67.5,70.0,2023-08-18,2.675,2.7,5.375,7.678571428571429,0.425,2.9,3.325,63.03,6.969999999999999,0.43438,0.43438,0.43438,0.2148749999999999,50.53294350568627,-0.170725,1495.0,4884.0,0.2791054135024037,18.0,3.57142857142857,1,4.107142857142859,2023-07-31,465.0,442.1704406738281,0.1110457142857142,0.112435,0.1253289285714285,0.0013892857142857,0.0142832142857143,0,0.13195,0.10268,0.02927,0.0062692857142857,0.5456578456951169,0.0408342572641884,0.0756972111553784,0.0931905253933108,0.0852947621409878,0.0257509521447264,1.0925703179671415,1.22,0.43850994413428,2.5153748782021,1.123859691008923,0.007903978861693,0.0449202660085854,0.0,1,13.630000114440918,16.010000228881836,2.5254286858694908,5.375,3.325,real_post_mid,0.5375,2.6,148.64999999999998,0.02123571428571428,fold_1,xgb,0.8307692408561707
PRU,2023-06-30,2023-08-01,0.0,88.22,81.36,9.2,18.41,3.01,3.26,2.68,14.0,3.03,3.13,3.09,3.09,0.0,0.0,1.0,1.0,12647200000.0,14946200000.0,10839600000.0,7.0,13962.4,14664.16,-401.07,375.43,26.44,-72.7,-13.96,-16.09,9.92,710.28,750.0,117.1,12.28,97.5,95.0,97.5,2023-08-18,1.725,2.5250000000000004,4.25,4.358974358974359,0.925,2.925,3.85,92.8,4.700000000000003,0.23926,0.24902,0.24414,0.22951,5.992463340706154,-0.0048799999999999,1170.0,89.0,1.464516129032258,18.0,2.564102564102566,1,1.7948717948717925,2023-07-31,465.0,442.1704406738281,0.1110457142857142,0.112435,0.1253289285714285,0.0013892857142857,0.0142832142857143,0,0.13195,0.10268,0.02927,0.0062692857142857,0.5456578456951169,0.0408342572641884,0.0756972111553784,0.0931905253933108,0.0852947621409878,0.0257509521447264,1.0925703179671415,1.22,0.43850994413428,2.5153748782021,1.123859691008923,0.007903978861693,0.0449202660085854,0.0,1,13.630000114440918,16.010000228881836,2.5254286858694908,4.25,3.85,real_post_mid,0.42500000000000004,2.6,-5.100000000000014,-0.0005230769230769245,fold_1,xgb,0.800000011920929
AIG,2023-06-30,2023-08-01,1.0,57.54,51.35,4.94,17.59,1.59,1.72,1.48,14.0,1.59,1.68,1.71,1.59,0.0,0.0,0.0,0.0,11510000000.0,11585000000.0,11380200000.0,3.0,8653.6,9998.24,-1281.07,5223.2,-26.21,-63.15,-23.99,-102.33,-120.69,-86.05,-104.04,0.0,-40.26,60.0,61.0,60.0,2023-08-04,1.225,0.925,2.1500000000000004,3.5833333333333344,1.425,0.1,1.525,60.69,0.6899999999999977,0.42462,0.43438,0.4295,0.273405,36.343422584400464,-0.18536,62.0,35.0,0.9199549041713642,4.0,1.6666666666666607,1,1.9166666666666736,2023-07-31,465.0,442.1704406738281,0.1110457142857142,0.112435,0.1253289285714285,0.0013892857142857,0.0142832142857143,0,0.13195,0.10268,0.02927,0.0062692857142857,0.5456578456951169,0.0408342572641884,0.0756972111553784,0.0931905253933108,0.0852947621409878,0.0257509521447264,1.0925703179671415,1.22,0.43850994413428,2.5153748782021,1.123859691008923,0.007903978861693,0.0449202660085854,0.0,1,13.630000114440918,16.010000228881836,2.5254286858694908,2.1500000000000004,1.525,real_post_mid,0.21500000000000005,2.6,38.400000000000034,0.0064000000000000055,fold_1,xgb,0.8307692408561707
AIZ,2023-06-30,2023-08-01,1.0,125.72,132.03,7.41,2.28,2.57,3.0,1.45,7.0,2.57,2.89,2.95,3.0,0.0,0.0,0.0,0.0,2643900000.0,2690800000.0,2602430000.0,5.0,20066.4,17416.8,2918.4,2035.63,6.45,-74.07,0.24,-26.67,-14.86,-10.91,-16.04,-4.69,-1.49,135.0,145.0,135.0,2023-08-18,4.05,4.199999999999999,8.25,6.111111111111111,8.85,0.75,9.6,140.71,5.710000000000008,0.34658,0.34658,0.34658,0.24902,28.14934502856484,-0.09756,38.0,5.0,0.375,18.0,7.407407407407418,0,-1.2962962962963074,2023-07-31,465.0,442.1704406738281,0.1110457142857142,0.112435,0.1253289285714285,0.0013892857142857,0.0142832142857143,0,0.13195,0.10268,0.02927,0.0062692857142857,0.5456578456951169,0.0408342572641884,0.0756972111553784,0.0931905253933108,0.0852947621409878,0.0257509521447264,1.0925703179671415,1.22,0.43850994413428,2.5153748782021,1.123859691008923,0.007903978861693,0.0449202660085854,0.0,1,13.630000114440918,16.010000228881836,2.5254286858694908,8.25,9.6,real_post_mid,0.8250000000000001,2.6,-220.09999999999997,-0.016303703703703702,fold_1,xgb,0.8307692408561707
IDXX,2023-06-30,2023-08-01,1.0,502.23,478.83,5.99,11.17,2.47,2.6,2.39,9.0,2.47,2.47,2.47,2.5,0.0,0.0,0.0,0.0,934420000.0,951990000.0,915400000.0,8.0,15106.4,14292.32,529.07,176.92,7.61,-73.27,4.94,12.33,24.39,12.13,12.91,0.7,1.46,560.0,520.0,560.0,2023-08-18,14.5,19.299999999999997,33.8,6.035714285714286,1.55,42.400000000000006,43.95,483.73,76.26999999999998,0.32707,0.35633,0.3417,0.2929199999999999,14.275680421422312,-0.06341,59.0,84.0,1.3992537313432836,18.0,7.14285714285714,0,-1.107142857142854,2023-07-31,465.0,442.1704406738281,0.1110457142857142,0.112435,0.1253289285714285,0.0013892857142857,0.0142832142857143,0,0.13195,0.10268,0.02927,0.0062692857142857,0.5456578456951169,0.0408342572641884,0.0756972111553784,0.0931905253933108,0.0852947621409878,0.0257509521447264,1.0925703179671415,1.22,0.43850994413428,2.5153748782021,1.123859691008923,0.007903978861693,0.0449202660085854,0.0,1,13.630000114440918,16.010000228881836,2.5254286858694908,33.8,43.95,real_post_mid,3.38,2.6,-1355.6000000000004,-0.024207142857142865,fold_1,xgb,0.8307692408561707
MET,2023-06-30,2023-08-02,1.0,57.28,54.11,9.55,15.97,1.87,2.08,1.65,13.0,1.91,2.04,2.02,2.09,0.0,0.0,1.0,1.0,16913200000.0,17613900000.0,16316300000.0,6.0,18256.8,19196.16,-313.07,419.23,-2.34,-77.36,5.79,-26.92,-1.94,-45.24,-64.06,-84.98,-2.87,62.5,64.0,62.0,2023-08-04,1.6,0.75,2.35,3.76,2.4749999999999996,0.03,2.504999999999999,63.53,1.5300000000000011,0.50267,0.49292,0.497795,0.2978,40.17617694030675,-0.248775,184.0,20.0,4.251314405888539,3.0,2.400000000000002,1,1.359999999999998,2023-08-01,463.0,440.9051513671875,0.11244,0.1175473809523809,0.1256771428571428,0.0051073809523809,0.0132371428571428,0,0.13195,0.10268,0.02927,0.0048749999999999,0.6366008199776378,0.0476399668082199,0.1195219123505976,0.0972058320476447,0.0792865431341617,0.0331534568658383,1.2260066866979131,1.16,0.0349964698324064,2.2965416325303543,0.7740599267572146,0.0022835079610596,0.029778043878031,-0.0028615420440869,1,13.93000030517578,16.34000015258789,2.6860003051757797,2.35,2.504999999999999,real_post_mid,0.23500000000000001,2.6,-41.599999999999895,-0.006655999999999983,fold_1,xgb,0.800000011920929
O,2023-06-30,2023-08-02,0.0,60.2,61.92,0.28,-2.5,0.34,0.36,0.32,5.0,0.34,0.34,0.34,0.34,0.0,0.0,0.0,0.0,948360000.0,996950000.0,895530000.0,8.0,-1984.8,-2138.4,-12.8,134.4,16.98,-71.76,54.54,0.0,-5.56,16.47,22.23,-0.87,1.77,60.0,60.0,60.0,2023-08-18,1.4,0.475,1.875,3.125,0.35,1.375,1.725,56.9,3.1000000000000014,0.16122,0.16122,0.16122,0.16122,0.0,-0.004885,1284.0,123.0,0.4471619750807568,17.0,0.0,1,3.125,2023-08-01,463.0,440.9051513671875,0.11244,0.1175473809523809,0.1256771428571428,0.0051073809523809,0.0132371428571428,0,0.13195,0.10268,0.02927,0.0048749999999999,0.6366008199776378,0.0476399668082199,0.1195219123505976,0.0972058320476447,0.0792865431341617,0.0331534568658383,1.2260066866979131,1.16,0.0349964698324064,2.2965416325303543,0.7740599267572146,0.0022835079610596,0.029778043878031,-0.0028615420440869,1,13.93000030517578,16.34000015258789,2.6860003051757797,1.875,1.725,real_post_mid,0.1875,2.6,-6.3500000000000085,-0.0010583333333333347,fold_1,xgb,0.8307692408561707
GRMN,2023-06-30,2023-08-02,1.0,103.75,101.58,3.84,6.05,1.41,1.57,1.31,6.0,1.41,1.41,1.39,1.46,0.0,0.0,0.0,0.0,1256470000.0,1274000000.0,1237100000.0,5.0,18498.4,17806.24,304.0,395.26,-2.15,-76.39,-3.29,-8.11,-24.44,-10.89,-13.81,0.4,-2.32,105.0,105.0,105.0,2023-08-18,3.45,1.775,5.225,4.976190476190475,2.7,1.1,3.8,101.55,3.450000000000003,0.27829,0.27829,0.27829,0.21,24.539149807754495,-0.0585399999999999,143.0,42.0,1.7019354838709675,17.0,0.0,1,4.976190476190475,2023-08-01,463.0,440.9051513671875,0.11244,0.1175473809523809,0.1256771428571428,0.0051073809523809,0.0132371428571428,0,0.13195,0.10268,0.02927,0.0048749999999999,0.6366008199776378,0.0476399668082199,0.1195219123505976,0.0972058320476447,0.0792865431341617,0.0331534568658383,1.2260066866979131,1.16,0.0349964698324064,2.2965416325303543,0.7740599267572146,0.0022835079610596,0.029778043878031,-0.0028615420440869,1,13.93000030517578,16.34000015258789,2.6860003051757797,5.225,3.8,real_post_mid,0.5225,2.6,87.64999999999999,0.008347619047619046,fold_1,xgb,0.800000011920929
BLDR,2023-06-30,2023-08-02,1.0,136.33,106.79,9.03,39.19,2.51,2.8,2.06,13.0,2.51,2.47,2.46,2.03,0.0,0.0,2.0,0.0,4164540000.0,4308130000.0,4069700000.0,13.0,49935.2,41448.8,3925.33,1170.74,-31.65,-82.91,7.19,-24.1,-7.79,-38.13,-45.92,3.07,-3.17,145.0,145.0,145.0,2023-08-18,8.05,5.8,13.85,9.551724137931036,4.4,4.449999999999999,8.85,134.14,10.860000000000014,0.55145,0.54169,0.54657,0.37584,31.2366211098304,-0.1316999999999999,674.0,285.0,1.9263103269330568,17.0,0.0,1,9.551724137931036,2023-08-01,463.0,440.9051513671875,0.11244,0.1175473809523809,0.1256771428571428,0.0051073809523809,0.0132371428571428,0,0.13195,0.10268,0.02927,0.0048749999999999,0.6366008199776378,0.0476399668082199,0.1195219123505976,0.0972058320476447,0.0792865431341617,0.0331534568658383,1.2260066866979131,1.16,0.0349964698324064,2.2965416325303543,0.7740599267572146,0.0022835079610596,0.029778043878031,-0.0028615420440869,1,13.93000030517578,16.34000015258789,2.6860003051757797,13.850000000000001,8.85,real_post_mid,1.3850000000000002,2.6,358.90000000000015,0.024751724137931044,fold_1,xgb,0.8307692408561707
BG,2023-06-30,2023-08-02,1.0,97.12,89.35,16.24,26.35,2.69,3.01,2.42,11.0,2.69,2.73,2.73,2.89,0.0,0.0,2.0,0.0,16394400000.0,17711900000.0,14817700000.0,7.0,33404.0,31362.4,1141.33,2077.76,-3.48,-77.2,12.16,-23.47,0.62,3.83,-7.59,0.12,-0.24,110.0,115.0,110.0,2023-08-18,2.075,3.85,5.925000000000001,5.386363636363637,5.35,0.7250000000000001,6.074999999999999,112.53,2.530000000000001,0.28804,0.33682,0.31243,0.244145,21.856095765451457,-0.06341,1350.0,91.0,0.943627450980392,17.0,4.545454545454541,1,0.8409090909090953,2023-08-01,463.0,440.9051513671875,0.11244,0.1175473809523809,0.1256771428571428,0.0051073809523809,0.0132371428571428,0,0.13195,0.10268,0.02927,0.0048749999999999,0.6366008199776378,0.0476399668082199,0.1195219123505976,0.0972058320476447,0.0792865431341617,0.0331534568658383,1.2260066866979131,1.16,0.0349964698324064,2.2965416325303543,0.7740599267572146,0.0022835079610596,0.029778043878031,-0.0028615420440869,1,13.93000030517578,16.34000015258789,2.6860003051757797,5.925000000000001,6.074999999999999,real_post_mid,0.5925000000000001,2.6,-76.84999999999987,-0.006986363636363624,fold_1,xgb,0.8307692408561707
TRMB,2023-06-30,2023-08-03,1.0,52.18,48.05,6.38,15.53,0.59,0.61,0.56,11.0,0.59,0.59,0.59,0.66,0.0,0.0,0.0,0.0,974200000.0,995960000.0,949820000.0,11.0,8108.0,7986.4,96.0,88.72,-7.88,-75.1,-1.26,-1.37,20.0,12.91,-12.68,5.95,-0.82,55.0,55.0,55.0,2023-08-18,1.2000000000000002,2.425,3.625,6.59090909090909,1.575,0.7,2.275,52.78,2.219999999999999,0.37584,0.39536,0.3856,0.24902,35.420124481327804,-0.07805,652.0,115.0,0.0926829268292682,16.0,0.0,1,6.59090909090909,2023-08-02,457.0,434.7718505859375,0.12707,0.1319449999999999,0.1357792857142857,0.0048749999999999,0.0087092857142856,0,0.16122,0.12219,0.03903,0.0146349999999999,1.0,0.1190511055791478,0.1673306772908366,0.1417643347192974,0.0955935900561828,0.0314764099438172,1.482989964452417,1.25,0.5599435173185024,2.224400886015445,0.6158549601277032,-0.0118109457933376,0.0142860468677681,-0.0167324393657247,1,16.09000015258789,17.959999084472656,3.38300015258789,3.625,2.275,real_post_mid,0.36250000000000004,2.6,96.15,0.01748181818181818,fold_1,xgb,0.8307692408561707
DVA,2023-06-30,2023-08-03,1.0,100.77,88.47,0.78,14.8,1.69,1.93,1.55,3.0,1.69,1.69,1.69,1.49,0.0,0.0,1.0,0.0,2953400000.0,2985740000.0,2920410000.0,5.0,6847.2,8430.24,16.0,1444.08,1.96,-75.26,0.33,-22.36,111.86,-3.14,-7.88,-0.01,-1.16,100.0,110.0,100.0,2023-08-18,4.9,2.675,7.575,7.575,9.9,0.2249999999999999,10.125,101.56,1.5600000000000025,0.43438,0.43438,0.43438,0.24414,43.795754869008704,-0.1365799999999999,291.0,12.0,0.4369973190348525,16.0,10.000000000000009,0,-2.4250000000000087,2023-08-02,457.0,434.7718505859375,0.12707,0.1319449999999999,0.1357792857142857,0.0048749999999999,0.0087092857142856,0,0.16122,0.12219,0.03903,0.0146349999999999,1.0,0.1190511055791478,0.1673306772908366,0.1417643347192974,0.0955935900561828,0.0314764099438172,1.482989964452417,1.25,0.5599435173185024,2.224400886015445,0.6158549601277032,-0.0118109457933376,0.0142860468677681,-0.0167324393657247,1,16.09000015258789,17.959999084472656,3.38300015258789,7.575,10.125,real_post_mid,0.7575000000000001,2.6,-333.35,-0.033335000000000004,fold_1,xgb,0.8307692408561707
SRE,2023-06-30,2023-08-03,1.0,145.18,154.92,-1.29,-7.49,1.75,1.99,1.67,14.0,1.75,1.86,1.87,1.87,0.0,0.0,1.0,2.0,3538000000.0,3751070000.0,3269110000.0,4.0,20143.2,18890.56,579.73,162.93,59.97,-60.71,27.36,0.34,24.26,58.48,41.89,-73.71,-2.5,145.0,140.0,145.0,2023-08-18,4.25,1.95,6.2,4.275862068965517,0.925,3.75,4.675,141.43,3.569999999999993,0.24902,0.23926,0.24414,0.20512,15.982632915540265,-0.034145,47.0,1.0,2.15,16.0,3.4482758620689613,1,0.8275862068965556,2023-08-02,457.0,434.7718505859375,0.12707,0.1319449999999999,0.1357792857142857,0.0048749999999999,0.0087092857142856,0,0.16122,0.12219,0.03903,0.0146349999999999,1.0,0.1190511055791478,0.1673306772908366,0.1417643347192974,0.0955935900561828,0.0314764099438172,1.482989964452417,1.25,0.5599435173185024,2.224400886015445,0.6158549601277032,-0.0118109457933376,0.0142860468677681,-0.0167324393657247,1,16.09000015258789,17.959999084472656,3.38300015258789,6.2,4.675,real_post_mid,0.6200000000000001,2.6,87.90000000000003,0.006062068965517244,fold_1,xgb,0.8307692408561707
HAS,2023-06-30,2023-08-03,0.0,64.79,60.38,0.46,7.8,0.57,0.8,0.45,9.0,0.57,0.57,0.55,0.56,0.0,0.0,1.0,1.0,1115740000.0,1167020000.0,1100000000.0,8.0,7261.6,7335.84,-76.8,178.14,-13.94,-82.91,-9.22,-98.25,-99.24,-37.66,-85.08,1.0,-8.53,65.0,65.0,65.0,2023-08-18,2.325,2.7,5.025,7.730769230769232,0.625,1.725,2.35,63.76,1.240000000000002,0.4734,0.45389,0.463645,0.21975,52.603824046414815,-0.146335,2825.0,1415.0,0.6982714794102695,16.0,0.0,1,7.730769230769232,2023-08-02,457.0,434.7718505859375,0.12707,0.1319449999999999,0.1357792857142857,0.0048749999999999,0.0087092857142856,0,0.16122,0.12219,0.03903,0.0146349999999999,1.0,0.1190511055791478,0.1673306772908366,0.1417643347192974,0.0955935900561828,0.0314764099438172,1.482989964452417,1.25,0.5599435173185024,2.224400886015445,0.6158549601277032,-0.0118109457933376,0.0142860468677681,-0.0167324393657247,1,16.09000015258789,17.959999084472656,3.38300015258789,5.025,2.35,real_post_mid,0.5025000000000001,2.6,214.65000000000003,0.033023076923076926,fold_1,xgb,0.8307692408561707
ICE,2023-06-30,2023-08-03,1.0,112.93,108.31,-0.76,3.47,1.37,1.43,1.33,14.0,1.37,1.32,1.32,1.33,0.0,0.0,13.0,0.0,1891600000.0,1904920000.0,1861300000.0,11.0,3693.6,3632.64,65.6,84.61,0.53,-74.35,5.42,-1.4,12.8,8.07,-2.32,-0.01,-1.14,115.0,115.0,115.0,2023-08-18,2.125,1.875,4.0,3.4782608695652173,1.175,2.0,3.175,113.75,1.25,0.21,0.21,0.21,0.17585,16.261904761904756,-0.0146349999999999,1211.0,93.0,1.1402337228714523,16.0,0.0,1,3.4782608695652173,2023-08-02,457.0,434.7718505859375,0.12707,0.1319449999999999,0.1357792857142857,0.0048749999999999,0.0087092857142856,0,0.16122,0.12219,0.03903,0.0146349999999999,1.0,0.1190511055791478,0.1673306772908366,0.1417643347192974,0.0955935900561828,0.0314764099438172,1.482989964452417,1.25,0.5599435173185024,2.224400886015445,0.6158549601277032,-0.0118109457933376,0.0142860468677681,-0.0167324393657247,1,16.09000015258789,17.959999084472656,3.38300015258789,4.0,3.175,real_post_mid,0.4,2.6,39.90000000000001,0.0034695652173913055,fold_1,xgb,0.8307692408561707
IRM,2023-06-30,2023-08-03,0.0,57.27,56.39,4.42,6.05,0.4,0.43,0.37,4.0,0.4,0.4,0.4,0.37,0.0,0.0,1.0,0.0,1354250000.0,1361000000.0,1349970000.0,7.0,3871.2,3594.72,76.8,122.94,5.31,-74.25,12.58,10.53,-2.33,15.61,8.34,0.31,0.51,62.5,60.0,62.5,2023-08-18,0.925,1.65,2.575,4.12,0.3,1.825,2.125,59.11,3.390000000000001,0.23926,0.23926,0.23926,0.20512,14.268996071219595,-0.01951,1016.0,33.0,0.3866943866943867,16.0,4.0000000000000036,1,0.1199999999999965,2023-08-02,457.0,434.7718505859375,0.12707,0.1319449999999999,0.1357792857142857,0.0048749999999999,0.0087092857142856,0,0.16122,0.12219,0.03903,0.0146349999999999,1.0,0.1190511055791478,0.1673306772908366,0.1417643347192974,0.0955935900561828,0.0314764099438172,1.482989964452417,1.25,0.5599435173185024,2.224400886015445,0.6158549601277032,-0.0118109457933376,0.0142860468677681,-0.0167324393657247,1,16.09000015258789,17.959999084472656,3.38300015258789,2.575,2.125,real_post_mid,0.2575,2.6,16.650000000000016,0.0026640000000000027,fold_1,xgb,0.8307692408561707
HII,2023-06-30,2023-08-03,1.0,228.75,197.51,-1.09,14.56,3.12,3.25,3.0,9.0,3.12,3.1,3.15,3.34,0.0,0.0,1.0,0.0,2674910000.0,2724000000.0,2641000000.0,8.0,18765.6,18282.4,309.33,652.04,3.8,-74.95,11.81,-7.71,5.21,-5.19,-1.52,-0.46,-0.26,230.0,230.0,230.0,2023-08-18,4.325,6.65,10.975,4.771739130434783,2.2,4.95,7.15,219.44,10.560000000000002,0.26853,0.30755,0.2880399999999999,0.19048,33.87029579225106,-0.0536549999999999,91.0,7.0,2.6666666666666665,16.0,0.0,1,4.771739130434783,2023-08-02,457.0,434.7718505859375,0.12707,0.1319449999999999,0.1357792857142857,0.0048749999999999,0.0087092857142856,0,0.16122,0.12219,0.03903,0.0146349999999999,1.0,0.1190511055791478,0.1673306772908366,0.1417643347192974,0.0955935900561828,0.0314764099438172,1.482989964452417,1.25,0.5599435173185024,2.224400886015445,0.6158549601277032,-0.0118109457933376,0.0142860468677681,-0.0167324393657247,1,16.09000015258789,17.959999084472656,3.38300015258789,10.975000000000001,7.15,real_post_mid,1.0975000000000001,2.6,270.1500000000001,0.011745652173913048,fold_1,xgb,0.8307692408561707
PPL,2023-06-30,2023-08-04,0.0,26.72,28.75,-2.4,-9.29,0.32,0.34,0.29,10.0,0.32,0.34,0.34,0.34,0.0,0.0,0.0,0.0,1267720000.0,1267720000.0,1267720000.0,1.0,26.4,-29.92,-6.4,62.22,35.52,-69.44,36.49,17.07,71.43,17.05,9.69,-5.91,-4.86,27.0,26.0,27.0,2023-08-18,0.3,0.625,0.925,3.425925925925926,0.075,0.875,0.95,25.3,1.6999999999999993,0.20024,0.21,0.20512,0.166095,19.02544851794072,-0.0097599999999999,5547.0,31.0,0.2831683168316831,15.0,3.703703703703709,0,-0.277777777777783,2023-08-03,456.0,433.5258483886719,0.122195,0.1284635714285714,0.1410057142857143,0.0062685714285714,0.0188107142857142,0,0.15146,0.12219,0.02927,0.01463,0.8001230012300118,0.0952555278957387,0.1633466135458167,0.1370415809586593,0.0961060635170764,0.0260889364829235,1.4259410482909778,1.35,1.0353827567443223,0.856490344329551,-0.9823821576701784,-0.0080663789087244,0.0128857276251097,-0.0195503622358442,1,15.920000076293944,17.719999313354492,3.7005000762939457,0.925,0.95,real_post_mid,0.09250000000000001,2.6,-14.349999999999993,-0.005314814814814812,fold_1,xgb,0.8782052993774414
NRG,2023-06-30,2023-08-08,0.0,38.12,32.15,-3.52,14.4,2.47,5.17,0.77,3.0,2.47,2.61,2.98,1.28,0.0,0.0,1.0,0.0,7726230000.0,10193000000.0,5259490000.0,2.0,6184.8,48535.2,-17936.0,11151.27,-2.2,-75.52,17.8,-181.17,-30.79,-150.63,-163.67,-51.24,-50.7,38.0,37.0,38.0,2023-08-18,1.05,1.45,2.5,6.578947368421052,0.45,1.2,1.65,36.45,1.5499999999999972,0.4734,0.4734,0.4734,0.331945,29.880650612589765,-0.12682,424.0,342.0,1.1418782748891576,11.0,2.631578947368418,1,3.947368421052634,2023-08-07,457.0,435.33197021484375,0.12219,0.128695,0.1375221428571428,0.006505,0.0153321428571428,0,0.15146,0.11244,0.03902,0.00976,0.6665527844209084,0.0952311221750378,0.1633466135458167,0.1280269187452329,0.0961106445368906,0.0260793554631093,1.3320784535587185,1.49,1.572785884024929,2.1941685165751004,0.5560769810916247,-0.0154656888609812,0.0277277661087886,-0.0154656888609812,1,15.770000457763672,17.719999313354492,3.5510004577636725,2.5,1.65,real_post_mid,0.25,2.6,57.400000000000006,0.015105263157894738,fold_1,xgb,0.8307692408561707
DUK,2023-06-30,2023-08-08,0.0,89.77,99.14,2.63,-7.07,0.98,1.39,0.9,15.0,0.98,1.17,1.16,1.19,0.0,0.0,0.0,0.0,6156230000.0,6803870000.0,4599660000.0,6.0,3439.2,3612.64,-91.2,130.02,2.02,-74.71,12.82,-7.69,8.11,116.64,30.88,-22.55,5.08,90.0,92.5,90.0,2023-08-18,1.225,2.075,3.3000000000000003,3.6666666666666665,3.1,0.425,3.525,91.2,1.2000000000000028,0.21,0.31731,0.263655,0.2148749999999999,18.501450759515272,-0.0585399999999999,1355.0,361.0,0.647502694933525,11.0,2.777777777777768,1,0.8888888888888986,2023-08-07,457.0,435.33197021484375,0.12219,0.128695,0.1375221428571428,0.006505,0.0153321428571428,0,0.15146,0.11244,0.03902,0.00976,0.6665527844209084,0.0952311221750378,0.1633466135458167,0.1280269187452329,0.0961106445368906,0.0260793554631093,1.3320784535587185,1.49,1.572785884024929,2.1941685165751004,0.5560769810916247,-0.0154656888609812,0.0277277661087886,-0.0154656888609812,1,15.770000457763672,17.719999313354492,3.5510004577636725,3.3000000000000003,3.525,real_post_mid,0.33000000000000007,2.6,-58.09999999999997,-0.006455555555555553,fold_1,xgb,0.8307692408561707
VST,2023-06-30,2023-08-09,1.0,26.46,24.64,14.55,23.01,0.82,0.82,0.82,1.0,0.82,0.21,0.27,0.38,1.0,0.0,2.0,0.0,5908910000.0,5908910000.0,5908910000.0,1.0,-66767.68,-52652.85,-6142.56,9202.95,-4.96,-78.94,30.16,110.96,110.81,406.33,87.67,10.53,10.61,29.0,31.0,29.0,2023-08-18,0.675,0.825,1.5,5.172413793103448,1.825,0.02,1.845,29.86,0.8599999999999994,0.39536,0.39536,0.39536,0.253895,35.781313233508705,-0.1170749999999999,3267.0,378.0,0.4139731827805222,10.0,6.896551724137923,0,-1.7241379310344742,2023-08-08,455.0,433.43890380859375,0.1283109056865212,,,,,0,,,,,0.8756715301168859,0.125108145099435,0.1792828685258964,0.1282802486442215,0.0979468759479288,0.0303640297385923,1.3096920897448392,1.24,0.0836172989395821,1.074162648875988,-0.8579902419922858,-0.0169339086545982,0.0206751208586104,-0.0197469936070993,1,15.989999771118164,18.1299991607666,3.158909202466038,1.5,1.845,real_post_mid,0.15000000000000002,2.6,-52.1,-0.01796551724137931,fold_1,xgb,0.8307692408561707
WSM,2023-07-31,2023-08-23,1.0,130.34,111.16,8.96,27.76,2.71,3.24,2.02,20.0,2.71,2.71,2.71,2.72,1.0,0.0,4.0,1.0,1956030000.0,2031000000.0,1843100000.0,18.0,15530.4,21567.2,-2568.53,3862.99,-7.18,,3.37,-32.86,-38.48,-31.75,-38.33,-5.35,-5.74,125.0,140.0,125.0,2023-08-25,4.449999999999999,4.199999999999999,8.649999999999999,6.919999999999998,14.6,0.01,14.61,140.47,15.47,0.9612,0.95144,0.95632,0.4295,55.08825497741342,-0.5121800000000001,14.0,60.0,1.755377477857444,3.0,12.00000000000001,0,-5.0800000000000125,2023-08-22,443.0,423.2005310058594,0.1458878571428571,0.1467591071428571,0.1519823214285714,0.0008712499999999,0.0060944642857142,0,0.1793357142857143,0.12219,0.0571457142857143,0.0048749999999999,0.8733018609150112,0.210903778702871,0.2948207171314741,0.0936600765464008,0.0998849616166705,0.0460028955261866,0.9376794567518684,1.12,-1.241613041301215,2.126103862293078,0.8895839501599248,-0.0107025118750141,-0.0353369202899004,-0.0429018041980832,1,16.969999313354492,18.719999313354492,2.381213599068774,8.649999999999999,14.61,real_post_mid,0.8649999999999999,2.6,-685.1000000000001,-0.05480800000000001,fold_1,xgb,0.8307692408561707
ULTA,2023-07-31,2023-08-24,1.0,451.64,420.27,-6.4,0.59,5.85,6.32,5.33,24.0,5.82,5.8,5.8,5.97,2.0,0.0,8.0,0.0,2509280000.0,2691500000.0,2448200000.0,22.0,18144.8,29445.6,-5764.27,8168.7,12.29,,15.24,9.21,926.87,0.03,1.0,-0.07,-1.88,437.5,405.0,437.5,2023-08-25,14.4,13.6,28.0,6.4,0.06,30.4,30.459999999999997,407.15,30.350000000000023,1.08802,1.07827,1.083145,0.29292,72.95652936587437,-0.7024250000000001,36.0,27.0,0.5552325581395349,2.0,7.428571428571429,0,-1.0285714285714285,2023-08-23,448.0,427.9140625,0.136825,0.1371735714285714,0.1430985714285714,0.0003485714285714,0.0062735714285714,0,0.17097,0.11244,0.05853,0.0048799999999999,0.6562184672058945,0.1666666666666667,0.2151394422310757,0.1174702987285692,0.1083872961648828,0.0284377038351171,1.083801357585938,1.51,2.0739614443671504,3.6532065631051833,2.606026246801915,0.0077107520764527,-0.0272483631945913,-0.0322418164183536,1,15.979999542236328,17.940000534057617,2.297499542236327,28.0,30.459999999999997,real_post_mid,2.8000000000000003,2.6,-528.5999999999998,-0.01208228571428571,fold_1,xgb,0.8307692408561707
CRWD,2023-07-31,2023-08-30,1.0,161.66,157.55,-7.72,-5.31,0.56,0.58,0.54,38.0,0.56,0.56,0.56,0.54,0.0,0.0,1.0,1.0,724130000.0,736000000.0,720000000.0,37.0,1741.6,1790.88,59.73,279.94,41.97,,50.02,83.87,246.15,17404.96,18.54,1.57,2.09,147.0,162.5,147.0,2023-09-01,5.975,6.175,12.15,8.26530612244898,16.325,0.01,16.335,161.23,14.22999999999999,1.14656,1.1368,1.14168,0.453895,60.24323803517624,-0.64876,680.0,304.0,0.8885966560210408,3.0,10.54421768707483,0,-2.278911564625851,2023-08-29,454.0,433.83489990234375,0.1180114285714285,0.1284628571428571,0.1354307142857143,0.0104514285714285,0.0174192857142857,0,0.15146,0.10268,0.04878,0.0090585714285714,0.2343557299591578,0.0748349127321158,0.1553784860557769,0.1756161459603316,0.1279199945835976,-0.009908566012169,1.3728592354306568,1.62,1.6516182460388305,5.717599801087983,3.3371171164785447,0.0251284393977688,-0.0188514201871607,-0.0188514201871607,1,14.449999809265137,16.559999465942383,2.64885695212228,12.149999999999999,16.335,real_post_mid,1.2149999999999999,2.6,-542.6000000000003,-0.03691156462585036,fold_1,xgb,0.9588139653205872
GIS,2023-08-31,2023-09-20,1.0,68.75,81.3,-4.19,-18.98,1.08,1.15,1.03,17.0,1.09,1.1,1.1,1.13,0.0,0.0,0.0,3.0,4883020000.0,5035700000.0,4780510000.0,14.0,2636.0,2626.88,-20.27,142.02,12.96,,6.83,15.48,8.99,7.41,-10.44,1.55,-3.72,65.0,65.0,65.0,2023-10-20,2.25,1.5,3.75,5.769230769230769,1.55,1.275,2.825,63.24,1.759999999999998,0.21,0.26853,0.239265,0.185605,22.42701607004785,-0.02927,1752.0,768.0,0.2465542120714534,31.0,0.0,1,5.769230769230769,2023-09-19,448.0,429.1132507324219,0.1214935714285714,0.1272442857142857,0.1319489285714285,0.0057507142857143,0.0104553571428571,0,0.1417,0.11244,0.0292599999999999,0.0055764285714285,0.3125140130040676,0.0918317539345508,0.2111553784860557,0.1187068865218296,0.1147847448559767,0.0067088265725947,1.0341695376922615,1.07,-1.4426715881179946,1.818864320770142,-0.0561195620048336,-0.0038531205111631,0.0178042120809709,-0.0295297666698576,1,14.109999656677246,16.1299991607666,1.960642513820105,3.75,2.825,real_post_mid,0.375,2.6,52.399999999999984,0.008061538461538459,fold_1,xgb,0.8307692408561707
CTAS,2023-08-31,2023-09-26,1.0,496.01,489.34,-3.46,-2.14,3.67,3.95,3.43,16.0,3.67,3.65,3.65,3.64,0.0,0.0,2.0,0.0,2335620000.0,2396870000.0,2308200000.0,12.0,7228.0,8236.0,-538.13,976.78,11.7,,13.0,16.73,44.7,8.3,9.62,1.41,-0.39,510.0,480.0,510.0,2023-10-20,11.85,14.4,26.25,5.147058823529411,1.4,29.1,30.5,498.19,11.810000000000002,0.24902,0.24902,0.24902,0.2148749999999999,13.711750060236133,-0.039025,115.0,73.0,1.7705128205128204,25.0,5.882352941176472,0,-0.7352941176470607,2023-09-25,437.0,418.9552001953125,0.1417,0.15146,0.1514599999999999,0.00976,0.0097599999999999,0,0.17097,0.13195,0.03902,0.00976,0.7655584382306782,0.1904622443500756,0.3306772908366533,0.1266273139811676,0.1164868188163692,0.0252131811836307,1.0870527263757108,1.63,1.8183132997022944,1.4136424176099538,-0.3698205393338054,-0.0256970594033982,-0.0071764665298432,-0.0525029227262177,1,16.899999618530273,18.020000457763672,2.7299996185302735,26.25,30.5,real_post_mid,2.625,2.6,-690.1,-0.01353137254901961,fold_1,xgb,0.8307692408561707
CDNS,2023-09-30,2023-10-23,1.0,230.66,238.29,4.01,0.68,1.2,1.22,1.18,10.0,1.2,1.2,1.2,1.26,0.0,0.0,0.0,0.0,1001750000.0,1009300000.0,1000000000.0,10.0,6460.0,6204.0,149.33,27.71,13.88,-4.42,17.53,12.96,-5.43,9.84,5.81,0.88,-2.34,240.0,240.0,240.0,2023-11-17,9.2,9.55,18.75,7.8125,6.1,7.8,13.9,268.27,28.269999999999985,0.35633,0.35633,0.35633,0.283165,20.5329329554065,-0.03902,705.0,53.0,0.4800523217789404,28.0,0.0,1,7.8125,2023-10-20,424.0,408.2542114257813,0.18073,0.1842107142857143,0.180725,0.0034807142857143,-4.999999999977245e-06,1,0.2169642857142857,0.1584314285714285,0.0585328571428571,0.0069678571428571,1.0,0.4403757722797417,0.6573705179282868,0.1593975300160922,0.127727872908018,0.053002127091982,1.247946328291874,1.4,0.1433725242723427,2.2714529501722622,1.0554250554782718,-0.0238933783655995,-0.023644536644255,-0.0767039723332966,1,21.709999084472656,22.440000534057617,3.636999084472656,18.75,13.9,real_post_mid,1.875,2.6,294.8999999999999,0.012287499999999996,fold_2,xgb,0.75
PKG,2023-09-30,2023-10-23,1.0,149.06,152.65,-3.03,-5.31,1.93,1.95,1.91,6.0,1.92,1.91,1.91,1.94,2.0,0.0,2.0,0.0,1993520000.0,2114100000.0,1931000000.0,5.0,13357.6,12078.88,550.4,617.62,-12.75,-1.22,3.04,-28.48,5.0,-23.12,-33.98,-3.54,-4.69,140.0,150.0,140.0,2023-11-17,7.9,2.75,10.65,7.607142857142857,10.05,1.5,11.55,155.31,15.310000000000002,0.31731,0.30755,0.31243,0.239265,23.418045642223852,-0.0585299999999999,43.0,1.0,0.5483870967741935,28.0,7.14285714285714,1,0.4642857142857171,2023-10-20,424.0,408.2542114257813,0.18073,0.1842107142857143,0.180725,0.0034807142857143,-4.999999999977245e-06,1,0.2169642857142857,0.1584314285714285,0.0585328571428571,0.0069678571428571,1.0,0.4403757722797417,0.6573705179282868,0.1593975300160922,0.127727872908018,0.053002127091982,1.247946328291874,1.4,0.1433725242723427,2.2714529501722622,1.0554250554782718,-0.0238933783655995,-0.023644536644255,-0.0767039723332966,1,21.709999084472656,22.440000534057617,3.636999084472656,10.65,11.55,real_post_mid,1.0650000000000002,2.6,-199.10000000000005,-0.014221428571428576,fold_2,xgb,0.75
WRB,2023-09-30,2023-10-23,1.0,64.91,60.74,-3.11,3.54,1.18,1.22,1.07,12.0,1.19,1.17,1.17,1.16,0.0,0.0,3.0,2.0,3069710000.0,3094300000.0,3041800000.0,5.0,-6621.6,-6298.4,-21.33,470.85,19.22,3.49,14.29,1.79,14.0,82.17,105.42,6.91,6.4,65.0,65.0,64.5,2023-11-17,1.275,3.2,4.475,6.884615384615383,3.325,0.775,4.1000000000000005,70.21,5.709999999999994,0.23926,0.3856,0.31243,0.26365,15.61309733380277,-0.0877999999999999,82.0,5.0,0.4705882352941176,28.0,0.0,1,6.884615384615383,2023-10-20,424.0,408.2542114257813,0.18073,0.1842107142857143,0.180725,0.0034807142857143,-4.999999999977245e-06,1,0.2169642857142857,0.1584314285714285,0.0585328571428571,0.0069678571428571,1.0,0.4403757722797417,0.6573705179282868,0.1593975300160922,0.127727872908018,0.053002127091982,1.247946328291874,1.4,0.1433725242723427,2.2714529501722622,1.0554250554782718,-0.0238933783655995,-0.023644536644255,-0.0767039723332966,1,21.709999084472656,22.440000534057617,3.636999084472656,4.475,4.1000000000000005,real_post_mid,0.4475,2.6,-9.85000000000009,-0.0015153846153846294,fold_2,xgb,0.75
CB,2023-09-30,2023-10-24,1.0,213.08,205.89,-0.77,2.7,4.44,5.35,3.92,20.0,4.42,4.24,4.24,4.28,1.0,0.0,11.0,1.0,11619800000.0,11752000000.0,11421000000.0,6.0,13978.4,13223.52,716.8,725.32,19.28,6.11,9.81,17.14,11.56,43.53,47.54,0.0,3.53,205.0,215.0,200.0,2023-11-17,10.05,2.75,12.8,6.243902439024391,17.2,0.825,18.025,222.63,22.629999999999995,0.26853,0.26853,0.26853,0.22463,16.348266487915687,-0.0292649999999999,278.0,27.0,0.9022222222222224,25.0,4.878048780487809,1,1.365853658536582,2023-10-23,424.0,407.5466613769531,0.1772428571428571,0.17829,0.1761982142857143,0.0010471428571428,-0.0010446428571428,1,0.2030285714285714,0.16122,0.0418085714285714,0.0048814285714285,0.952345160818,0.4207005227119765,0.6254980079681275,0.0968716762749666,0.1276837668955311,0.0495590902473259,0.7586843545603214,1.4,0.2289309224627068,2.2293044072704755,0.8991994898310687,-0.0357306686566538,-0.0231402105284717,-0.0783041472517056,1,20.3700008392334,21.329999923706055,2.645715124947685,12.8,18.025,real_post_mid,1.2800000000000002,2.6,-653.0999999999998,-0.031858536585365846,fold_2,xgb,0.75
ROP,2023-09-30,2023-10-25,1.0,492.59,491.19,-2.31,-2.03,4.22,4.29,4.16,13.0,4.21,4.2,4.2,4.19,1.0,0.0,4.0,0.0,1548020000.0,1574000000.0,1508000000.0,14.0,12616.8,11938.4,298.67,120.53,16.81,4.18,12.32,4.3,5.64,33.21,19.95,0.15,0.74,480.0,480.0,480.0,2023-11-17,14.65,10.05,24.700000000000003,5.145833333333334,10.8,8.8,19.6,524.72,44.72000000000003,0.24902,0.24902,0.24902,0.21,15.669424142639146,-0.0292699999999999,1361.0,1.0,4.704819277108434,24.0,0.0,1,5.145833333333334,2023-10-24,426.0,410.6192932128906,0.166095,0.1709728571428571,0.170975,0.0048778571428571,0.0048799999999999,0,0.19048,0.1430942857142857,0.0473857142857143,0.0006921428571428,0.7999999999999998,0.3611126928990376,0.549800796812749,0.1383747779616575,0.1299177932278084,0.0361772067721916,1.065094892113969,1.13,-1.3677990649221217,0.6921363076866713,-1.5303177021346364,-0.0284160988696483,-0.0198968934590996,-0.0686901889451382,1,18.969999313354492,20.209999084472656,2.3604993133544916,24.700000000000003,19.6,real_post_mid,2.4700000000000006,2.6,260.40000000000003,0.005425000000000001,fold_2,xgb,0.75
VICI,2023-09-30,2023-10-25,0.0,29.75,31.93,-7.36,-13.69,0.63,0.66,0.52,8.0,0.63,0.63,0.63,0.62,0.0,0.0,0.0,0.0,898800000.0,919890000.0,868000000.0,12.0,-474.4,-672.8,-64.0,232.14,35.55,2.34,72.98,46.81,32.69,1082.35,1070.59,0.15,88.47,27.5,27.5,27.5,2023-11-17,1.0,0.45,1.45,5.2727272727272725,0.7,0.55,1.25,28.58,1.0799999999999983,0.24902,0.23926,0.24414,0.22951,5.992463340706154,-0.0146349999999999,103.0,134.0,0.944055944055944,24.0,0.0,1,5.2727272727272725,2023-10-24,426.0,410.6192932128906,0.166095,0.1709728571428571,0.170975,0.0048778571428571,0.0048799999999999,0,0.19048,0.1430942857142857,0.0473857142857143,0.0006921428571428,0.7999999999999998,0.3611126928990376,0.549800796812749,0.1383747779616575,0.1299177932278084,0.0361772067721916,1.065094892113969,1.13,-1.3677990649221217,0.6921363076866713,-1.5303177021346364,-0.0284160988696483,-0.0198968934590996,-0.0686901889451382,1,18.969999313354492,20.209999084472656,2.3604993133544916,1.45,1.25,real_post_mid,0.145,2.6,2.8999999999999964,0.0010545454545454532,fold_2,xgb,0.75
LIN,2023-09-30,2023-10-26,1.0,371.2,388.71,-0.24,-4.73,3.57,3.63,3.53,17.0,3.57,3.57,3.58,3.51,1.0,0.0,2.0,0.0,8622890000.0,9218000000.0,8328400000.0,9.0,32452.0,27452.0,2257.07,2576.56,-2.99,0.13,6.22,15.16,4.39,69.73,3.62,2.26,1.6,365.0,370.0,365.0,2023-11-17,9.45,8.8,18.25,5.0,12.45,5.8,18.25,407.88,42.879999999999995,0.24902,0.24902,0.24902,0.23926,3.9193639065135297,-0.0195149999999999,16.0,57.0,1.063522617901829,23.0,1.3698630136986356,1,3.630136986301365,2023-10-25,420.0,404.7260437011719,0.18073,0.1824678571428571,0.180725,0.0017378571428571,-4.999999999977245e-06,1,0.20024,0.16122,0.03902,0.0,1.0,0.4776256406333666,0.6693227091633466,0.1421479323169905,0.1294602393787906,0.0512697606212093,1.0980045533600218,1.25,-0.5431273449216389,1.8708665932104989,0.4947679870701188,-0.0294274842260759,-0.0195594085624837,-0.0712939890275677,0,20.190000534057617,21.329999923706055,2.117000534057617,18.25,18.25,real_post_mid,1.8250000000000002,2.6,-185.10000000000002,-0.00507123287671233,fold_2,xgb,0.75
AJG,2023-09-30,2023-10-26,1.0,230.93,216.22,-0.45,6.32,1.95,2.06,1.9,15.0,1.96,1.95,1.98,1.97,0.0,0.0,2.0,2.0,2389960000.0,2487560000.0,2092900000.0,8.0,5276.0,5110.08,217.6,349.92,19.69,-9.76,6.25,11.76,-39.49,-1.13,1.13,-0.69,-2.89,230.0,230.0,230.0,2023-11-17,6.8,5.050000000000001,11.85,5.152173913043479,4.4,5.3,9.7,245.45,15.449999999999989,0.24902,0.25877,0.253895,0.21975,13.448472793871478,-0.0243899999999999,391.0,5.0,0.8840579710144928,23.0,0.0,1,5.152173913043479,2023-10-25,420.0,404.7260437011719,0.18073,0.1824678571428571,0.180725,0.0017378571428571,-4.999999999977245e-06,1,0.20024,0.16122,0.03902,0.0,1.0,0.4776256406333666,0.6693227091633466,0.1421479323169905,0.1294602393787906,0.0512697606212093,1.0980045533600218,1.25,-0.5431273449216389,1.8708665932104989,0.4947679870701188,-0.0294274842260759,-0.0195594085624837,-0.0712939890275677,0,20.190000534057617,21.329999923706055,2.117000534057617,11.850000000000001,9.7,real_post_mid,1.1850000000000003,2.6,93.90000000000019,0.004082608695652182,fold_2,xgb,0.75
XEL,2023-09-30,2023-10-27,0.0,57.21,62.89,1.92,-7.28,1.27,1.32,1.22,10.0,1.29,1.31,1.3,1.32,0.0,0.0,1.0,1.0,3995670000.0,4256020000.0,3708000000.0,4.0,4156.0,4195.68,-59.73,97.12,-11.74,-25.93,10.06,-13.33,-31.58,-10.02,-10.87,-0.77,0.13,60.0,60.0,60.0,2023-11-17,1.475,1.525,3.0,5.0,0.7,1.825,2.525,60.56,0.5600000000000023,0.25877,0.25877,0.25877,0.22463,13.193183135603045,-0.01463,1195.0,71.0,0.627906976744186,22.0,0.0,1,5.0,2023-10-26,415.0,399.8795471191406,0.185605,0.1821192857142857,0.1815964285714285,-0.0034857142857143,-0.0040085714285714,1,0.21,0.16122,0.0487799999999999,4.999999999949489e-06,1.0,0.5312469970210453,0.6932270916334662,0.1479416170516328,0.134902326651837,0.0507026733481629,1.0966572684357645,1.28,-0.3330766285124297,3.669818385659236,2.66048191428061,-0.0325495065861485,-0.031686367326597,-0.0824150191118413,0,20.68000030517578,21.56999969482422,2.1195003051757766,3.0,2.525,real_post_mid,0.30000000000000004,2.6,14.900000000000004,0.002483333333333334,fold_2,xgb,0.75
AON,2023-09-30,2023-10-27,1.0,329.92,319.82,-6.98,-4.05,2.21,2.29,2.09,18.0,2.21,2.21,2.21,2.3,1.0,0.0,3.0,1.0,2887010000.0,2952000000.0,2844000000.0,10.0,6730.4,6961.6,-108.8,409.98,6.5,-17.93,3.13,4.94,-46.62,6.5,20.29,-0.27,3.03,320.0,310.0,320.0,2023-11-17,8.55,8.5,17.05,5.328125,1.8,12.7,14.5,329.74,9.740000000000007,0.25877,0.28804,0.273405,0.2148749999999999,21.40780161299173,-0.03902,64.0,77.0,2.074766355140187,22.0,3.125,1,2.203125,2023-10-26,415.0,399.8795471191406,0.185605,0.1821192857142857,0.1815964285714285,-0.0034857142857143,-0.0040085714285714,1,0.21,0.16122,0.0487799999999999,4.999999999949489e-06,1.0,0.5312469970210453,0.6932270916334662,0.1479416170516328,0.134902326651837,0.0507026733481629,1.0966572684357645,1.28,-0.3330766285124297,3.669818385659236,2.66048191428061,-0.0325495065861485,-0.031686367326597,-0.0824150191118413,0,20.68000030517578,21.56999969482422,2.1195003051757766,17.05,14.5,real_post_mid,1.705,2.6,81.90000000000006,0.0025593750000000018,fold_2,xgb,0.75
SPG,2023-09-30,2023-10-30,0.0,108.03,125.44,-2.5,-16.03,1.55,1.56,1.54,3.0,1.55,1.55,1.54,1.58,0.0,0.0,0.0,0.0,1270070000.0,1293130000.0,1251000000.0,8.0,4744.8,5589.6,-672.0,740.02,7.01,1.39,3.77,-8.02,7.97,2.61,4.97,2.3,-0.93,105.0,110.0,105.0,2023-11-17,3.1,3.35,6.45,6.142857142857143,5.9,0.725,6.625,121.68,16.680000000000007,0.31731,0.32707,0.32219,0.23926,25.739470498774008,-0.0390249999999999,220.0,43.0,2.921722113502935,21.0,4.761904761904767,1,1.380952380952376,2023-10-27,413.0,398.06695556640625,0.19048,0.1866507142857142,0.1866507142857142,-0.0038292857142857,-0.0038292857142857,1,0.2169642857142857,0.16122,0.0557442857142857,-0.0013878571428571,1.0,0.5869245510049468,0.7171314741035857,0.1389499604372281,0.1325699478141425,0.0579100521858574,1.048125632756755,1.33,-0.0103476773296548,2.0918342303092436,0.5089524881342319,-0.0249532168297718,-0.0416317242455559,-0.0865742885649957,0,21.270000457763672,22.270000457763672,2.22200045776367,6.45,6.625,real_post_mid,0.645,2.6,-84.59999999999998,-0.008057142857142855,fold_2,xgb,0.75
OKE,2023-09-30,2023-10-31,0.0,63.43,65.52,2.79,-0.49,1.08,1.21,0.8,10.0,1.07,1.08,1.08,1.07,3.0,0.0,7.0,1.0,5758070000.0,6859710000.0,4958500000.0,3.0,3920.8,6048.8,-1152.0,1405.91,-41.85,-19.14,9.0,13.04,-3.7,10.77,-24.1,4.4,3.76,65.0,65.0,65.0,2023-11-17,1.425,1.6,3.0250000000000004,4.653846153846154,1.025,1.325,2.3499999999999996,66.63,1.6299999999999957,0.17097,0.33682,0.253895,0.2148749999999999,15.368557868410171,5.000000000032756e-06,904.0,415.0,0.1688631172026006,18.0,0.0,1,4.653846153846154,2023-10-30,417.0,402.8262023925781,0.17585,0.17585,0.1774169642857143,0.0,0.0015669642857142,0,0.2002399999999999,0.15146,0.0487799999999999,0.0,0.7879293028649528,0.5000000000000001,0.6175298804780877,0.185343480793145,0.1410237210015571,0.0348262789984429,1.314271666332635,1.63,1.84486569713367,2.6450245494518696,1.1455543835556057,-0.0115826221430112,-0.0278141247983605,-0.0756534664336906,0,19.75,20.799999237060547,2.164999999999999,3.0250000000000004,2.3499999999999996,real_post_mid,0.30250000000000005,2.6,34.65000000000006,0.0053307692307692405,fold_2,xgb,0.75
PPL,2023-09-30,2023-11-02,0.0,22.98,26.08,9.14,-3.83,0.43,0.47,0.38,8.0,0.43,0.45,0.47,0.46,0.0,0.0,0.0,0.0,1741750000.0,1741750000.0,1741750000.0,1.0,-69.6,-36.96,-6.4,61.28,7.49,-24.51,32.5,-3.33,-39.58,13.76,25.51,3.28,2.4,25.0,25.0,25.0,2023-11-17,0.375,0.575,0.95,3.8,0.6499999999999999,0.225,0.8749999999999999,26.09,1.09,0.23926,0.21,0.22463,0.21,6.512932377687755,-0.0097599999999999,8817.0,13.0,1.7857142857142858,16.0,0.0,1,3.8,2023-11-01,425.0,409.6791076660156,0.15146,0.1519242857142856,0.1582521428571428,0.0004642857142856,0.0067921428571428,0,0.17097,0.13195,0.03902,0.0,0.272761159258224,0.3333333333333335,0.4422310756972111,0.164430470911142,0.1413602684365413,0.0100997315634586,1.163201461979094,1.45,0.5735403512313867,1.1651952964326773,-0.620803306789939,0.0122380658273151,0.0025380909681496,-0.0599284237310638,1,16.8700008392334,18.549999237060547,1.7240008392333976,0.95,0.8749999999999999,real_post_mid,0.095,2.6,-4.599999999999993,-0.0018399999999999975,fold_2,xgb,0.75
SRE,2023-09-30,2023-11-03,1.0,66.49,141.94,8.81,-49.03,1.0,1.13,0.94,11.0,1.0,0.99,0.96,1.98,2.0,0.0,3.0,1.0,3680200000.0,3942120000.0,3304190000.0,4.0,20559.2,19511.52,384.0,214.93,-13.11,-49.57,21.0,-5.05,-35.62,16.03,-5.64,-68.03,1.5,72.5,72.5,70.0,2023-11-17,2.825,0.575,3.4000000000000004,4.689655172413794,2.4,0.425,2.8249999999999997,72.26,2.260000000000005,0.24902,0.24902,0.24902,0.234385,5.877037988916546,-0.0292699999999999,4531.0,189.0,0.7204884667571235,15.0,0.0,1,4.689655172413794,2023-11-02,432.0,417.5303039550781,0.136825,0.146585,0.1486742857142857,0.00976,0.0118492857142857,0,0.16122,0.12219,0.03903,0.0048799999999999,0.0,0.233326499931666,0.2948207171314741,0.1376689318992633,0.1540832623445377,-0.0172582623445377,0.8934710351045716,1.3,-0.4958890696121481,6.215645297100295,3.3635258540784045,0.0441401841206912,0.0143643689805252,-0.0419126491090571,1,15.65999984741211,17.799999237060547,1.9774998474121084,3.4000000000000004,2.8249999999999997,real_post_mid,0.3400000000000001,2.6,20.900000000000052,0.0028827586206896624,fold_2,xgb,0.75
IFF,2023-09-30,2023-11-06,1.0,62.99,64.78,14.84,11.67,0.75,0.9,0.64,15.0,0.75,0.79,0.79,1.36,0.0,0.0,0.0,0.0,2771000000.0,2863000000.0,2670000000.0,11.0,6024.8,6603.36,-90.67,372.85,-11.43,-3.24,0.94,-44.16,-1.15,-13.44,-31.92,-2.5,-1.49,72.5,72.5,72.5,2023-11-17,3.5,3.075,6.575,9.06896551724138,1.075,1.875,2.95,73.94,1.4399999999999975,0.59047,0.57096,0.5807150000000001,0.302675,47.87890789802227,-0.209745,428.0,66.0,0.1669482933423454,14.0,0.0,1,9.06896551724138,2023-11-03,437.0,421.339599609375,0.1284642857142857,0.1338040476190476,0.1439683928571428,0.0053397619047618,0.0155041071428571,0,0.1444885714285714,0.1152257142857142,0.0292628571428571,0.0013928571428571,0.0,0.182272626285068,0.2669322709163346,0.0753587693920107,0.1567277222275322,-0.0282634365132464,0.4808260358853895,1.38,0.0567390156362627,9.24174587954904,3.3526967764843096,0.0584641445805373,0.0240047990017506,-0.0331716357080793,1,14.90999984741211,17.219999313354492,2.063571275983536,6.575,2.95,real_post_mid,0.6575000000000001,2.6,294.15,0.040572413793103446,fold_2,xgb,0.75
STE,2023-09-30,2023-11-07,1.0,224.23,226.97,-2.68,-3.85,2.01,2.07,1.9,6.0,2.01,2.01,2.01,2.06,0.0,0.0,0.0,0.0,1299940000.0,1314300000.0,1283310000.0,5.0,674.4,996.96,-51.2,512.59,2.33,-2.68,0.93,5.26,0.0,13.2,24.85,-0.07,3.01,220.0,210.0,220.0,2023-11-17,5.5,7.3,12.8,5.818181818181818,0.55,13.5,14.05,200.23,19.77000000000001,0.43438,0.40511,0.419745,0.258775,38.349474085456656,-0.14634,6.0,0.0,0.4761904761904761,11.0,4.545454545454541,1,1.272727272727277,2023-11-06,437.0,422.3089294433594,0.1305557142857143,0.136825,0.1396135714285714,0.0062692857142857,0.0090578571428571,0,0.15146,0.11244,0.03902,0.0013942857142857,0.0337241712929903,0.1970572196077641,0.2709163346613545,0.0983955397361515,0.1519577025698836,-0.0214019882841693,0.6475192640590268,1.39,0.1386735725843047,3.036571556144104,0.3229421773892492,0.0483650937676447,0.0143176461576859,-0.0309473596639587,1,14.890000343322754,17.030000686645508,1.8344289147513244,12.8,14.05,real_post_mid,1.2800000000000002,2.6,-255.60000000000002,-0.01161818181818182,fold_2,xgb,0.75
RL,2023-09-30,2023-11-08,1.0,114.22,122.3,1.97,-4.77,1.92,2.0,1.82,14.0,1.92,1.92,1.92,2.34,0.0,0.0,0.0,0.0,1607840000.0,1631000000.0,1590100000.0,13.0,-8903.2,-6091.68,-1433.6,2760.86,0.4,-18.33,1.74,24.47,165.91,4.41,-5.02,1.78,-0.63,115.0,115.0,115.0,2023-11-17,3.35,5.25,8.6,7.478260869565218,3.075,1.325,4.4,121.75,6.75,0.57096,0.56121,0.566085,0.30755,45.67070316295256,-0.2487749999999999,474.0,172.0,1.2059620596205962,10.0,0.0,1,7.478260869565218,2023-11-07,439.0,423.5107421875,0.1305557142857143,0.1338040476190476,0.1397878571428571,0.0032483333333332,0.0092321428571428,0,0.1417,0.11244,0.0292599999999999,-0.0034857142857142,0.0337241712929903,0.1970572196077641,0.2749003984063745,0.1079034152047382,0.1507734074047463,-0.020217693119032,0.7156660916674449,1.34,-0.1955965347169112,1.3397962046470189,-0.4852802931680608,0.0447869515764405,0.0107333978721984,-0.0281896159088502,1,14.8100004196167,16.920000076293945,1.7544289910452695,8.6,4.4,real_post_mid,0.86,2.6,331.3999999999999,0.02881739130434782,fold_2,xgb,0.75
FDS,2023-11-30,2023-12-19,1.0,457.34,423.77,-1.9,5.87,4.11,4.56,3.9,16.0,4.11,4.11,4.11,4.2,0.0,0.0,0.0,0.0,540360000.0,549000000.0,535100000.0,14.0,4605.6,5376.48,289.6,1711.9,8.4,2.86,15.25,0.8,-0.26,53.66,76.81,-0.07,12.56,460.0,450.0,460.0,2024-01-19,13.05,13.95,27.0,5.869565217391305,7.75,14.15,21.9,463.45,3.4499999999999886,0.23926,0.25877,0.249015,0.20024,19.58717346344597,-0.0438999999999999,4.0,118.0,0.5361050328227571,32.0,2.1739130434782594,1,3.695652173913045,2023-12-18,474.0,459.3294372558594,0.1061657142857142,0.12219,0.12707,0.0160242857142857,0.0209042857142857,0,0.12219,0.10268,0.01951,0.0062692857142857,0.1304706301809429,0.02993254314146,0.0358565737051792,0.0882317392133555,0.0708626633982167,0.0353030508874975,1.2451089894481149,1.16,0.0420301840863326,2.0250308583815415,-0.0706583450880673,0.0257442167361294,0.0525366693261015,0.0,1,12.5600004196167,15.470000267028809,1.9434289910452716,27.0,21.9,real_post_mid,2.7,2.6,237.40000000000012,0.005160869565217394,fold_2,xgb,0.75
CTAS,2023-11-30,2023-12-21,1.0,553.24,504.75,6.64,16.88,3.49,3.64,3.42,16.0,3.49,3.49,3.49,3.48,0.0,0.0,0.0,0.0,2339540000.0,2357410000.0,2328600000.0,13.0,7309.6,7818.56,242.67,982.99,8.12,6.96,10.88,9.14,17.83,12.7,13.73,1.28,1.05,560.0,600.0,560.0,2024-01-19,12.4,16.45,28.85,5.151785714285714,37.25,1.475,38.725,599.05,39.049999999999955,0.21975,0.22951,0.22463,0.15146,32.5735654186885,-0.0243899999999999,268.0,149.0,0.9195230998509688,30.0,7.14285714285714,0,-1.9910714285714253,2023-12-20,470.0,455.7187805175781,0.11244,0.1278207692307692,0.136825,0.0153807692307692,0.024385,0,0.13195,0.10268,0.02927,0.004875,0.326210000891345,0.0748390263104754,0.199203187250996,0.1318189056190618,0.0896700746446013,0.0227699253553986,1.4700434469527686,1.22,0.4851723380310682,1.841752609366373,-0.1508853597985567,-0.0007257840505374,0.0349986054924191,-0.0138572503384605,1,13.670000076293944,16.579999923706055,2.4260000762939455,28.85,38.725,real_post_mid,2.8850000000000002,2.6,-1278.6,-0.022832142857142856,fold_2,xgb,0.75
SYF,2023-12-31,2024-01-23,1.0,37.94,27.7,-1.32,35.16,0.95,5.48,4.75,22.0,5.09,5.11,5.13,5.08,2.0,0.0,5.0,1.0,4293310000.0,17307400000.0,13571000000.0,14.0,16788.0,16668.96,262.4,269.27,2.88,6.48,9.0,0.68,12.12,-20.21,-47.37,-55.52,-21.85,38.0,38.0,38.0,2024-02-16,1.35,1.675,3.0250000000000004,7.960526315789475,1.125,1.275,2.4,39.56,1.5600000000000025,0.35633,0.41487,0.3856,0.312435,18.97432572614107,-0.06829,1190.0,1324.0,1.3622164878446286,25.0,0.0,1,7.960526315789475,2024-01-22,487.0,470.501953125,0.11244,0.117315,0.1221949999999999,0.004875,0.0097549999999999,0,0.12219,0.10268,0.01951,-5.000000000005e-06,0.3489380973947035,0.0748390263104754,0.2390438247011952,0.1232580514801624,0.1082304333300138,0.0042095666699861,1.138848359816935,1.07,-0.5966418017543619,2.1713003144784175,-0.1501883222185186,0.0142024716098907,0.0181324747004043,0.0,1,13.1899995803833,14.970000267028809,1.945999580383301,3.0250000000000004,2.4,real_post_mid,0.30250000000000005,2.6,29.65000000000004,0.00780263157894738,fold_2,xgb,0.75
STLD,2023-12-31,2024-01-23,0.0,121.84,99.84,-4.68,16.33,2.66,14.97,14.69,6.0,14.88,14.76,14.85,14.81,2.0,0.0,4.0,0.0,3720570000.0,19022800000.0,18654600000.0,10.0,45431.2,44452.0,25.6,815.66,-18.84,-9.73,2.73,-36.45,-27.86,-33.93,-39.87,-5.16,-5.59,115.0,115.0,115.0,2024-02-16,4.5,3.55,8.05,7.000000000000001,4.6,2.6,7.199999999999999,123.34,8.340000000000003,0.33682,0.32707,0.331945,0.302675,8.817725828073932,-0.02439,559.0,192.0,0.3250883392226148,25.0,0.0,1,7.000000000000001,2024-01-22,487.0,470.501953125,0.11244,0.117315,0.1221949999999999,0.004875,0.0097549999999999,0,0.12219,0.10268,0.01951,-5.000000000005e-06,0.3489380973947035,0.0748390263104754,0.2390438247011952,0.1232580514801624,0.1082304333300138,0.0042095666699861,1.138848359816935,1.07,-0.5966418017543619,2.1713003144784175,-0.1501883222185186,0.0142024716098907,0.0181324747004043,0.0,1,13.1899995803833,14.970000267028809,1.945999580383301,8.05,7.199999999999999,real_post_mid,0.8050000000000002,2.6,1.900000000000126,0.0001652173913043588,fold_2,xgb,0.75
CSX,2023-12-31,2024-01-24,1.0,34.63,29.59,-0.69,16.22,0.44,1.87,1.81,27.0,1.83,1.83,1.83,1.83,2.0,0.0,9.0,0.0,3747940000.0,14719000000.0,14533000000.0,23.0,-12410.4,-12455.2,7.47,46.18,-8.29,-3.43,9.24,-17.65,-14.29,-14.34,-17.44,-3.9,-3.9,35.0,35.0,35.0,2024-01-26,0.55,0.6499999999999999,1.2,3.428571428571429,0.175,0.175,0.35,35.39,0.3900000000000005,0.4734,0.4734,0.4734,0.234385,50.48901563160118,-0.263405,689.0,1161.0,0.2102005975245411,3.0,0.0,1,3.428571428571429,2024-01-23,488.0,471.8741455078125,0.1033771428571428,0.112436923076923,0.117315,0.0090597802197802,0.0139378571428571,0,0.11244,0.10268,0.00976,0.0041828571428571,0.0465044216146638,0.0099741061774531,0.0239043824701195,0.1094782066580253,0.0939831961338705,0.0093939467232723,1.1648700104014715,1.12,-0.2157814644729686,2.909175133716885,0.0158708522991921,0.020908174417523,0.0354502945256856,0.0,1,12.550000190734863,14.520000457763672,2.212285905020579,1.2,0.35,real_post_mid,0.12,2.6,70.4,0.020114285714285716,fold_2,xgb,0.75
APH,2023-12-31,2024-01-24,1.0,99.01,80.2,1.67,25.51,0.77,2.97,2.94,14.0,2.95,2.95,2.95,2.94,1.0,0.0,2.0,0.0,3432030000.0,12428000000.0,12351500000.0,15.0,-9461.6,-9692.0,138.67,34.87,-2.91,4.76,7.85,-2.5,8.33,-2.33,-3.78,0.6,-0.18,100.0,100.0,100.0,2024-02-16,1.5,3.3,4.8,4.8,2.25,1.15,3.4,105.52,5.519999999999996,0.21975,0.22951,0.22463,0.166095,26.058407158438325,-0.0439049999999999,3539.0,423.0,2.100143061516452,24.0,0.0,1,4.8,2024-01-23,488.0,471.8741455078125,0.1033771428571428,0.112436923076923,0.117315,0.0090597802197802,0.0139378571428571,0,0.11244,0.10268,0.00976,0.0041828571428571,0.0465044216146638,0.0099741061774531,0.0239043824701195,0.1094782066580253,0.0939831961338705,0.0093939467232723,1.1648700104014715,1.12,-0.2157814644729686,2.909175133716885,0.0158708522991921,0.020908174417523,0.0354502945256856,0.0,1,12.550000190734863,14.520000457763672,2.212285905020579,4.8,3.4,real_post_mid,0.48,2.6,89.4,0.00894,fold_2,xgb,0.75
PGR,2023-12-31,2024-01-24,1.0,157.76,153.86,13.06,15.92,2.39,5.69,5.38,17.0,5.57,5.51,5.48,5.39,2.0,0.0,6.0,0.0,14760600000.0,61694800000.0,60722700000.0,9.0,5536.8,5569.44,797.87,1374.14,21.75,1.34,13.11,326.53,164.56,436.97,889.61,5.27,7.95,170.0,180.0,170.0,2024-02-16,5.15,4.35,9.5,5.588235294117648,9.5,0.875,10.375,189.09,19.090000000000003,0.26853,0.27829,0.27341,0.19048,30.33173622032844,-0.0292699999999999,860.0,100.0,1.70130678282514,24.0,5.882352941176472,0,-0.2941176470588242,2024-01-23,488.0,471.8741455078125,0.1033771428571428,0.112436923076923,0.117315,0.0090597802197802,0.0139378571428571,0,0.11244,0.10268,0.00976,0.0041828571428571,0.0465044216146638,0.0099741061774531,0.0239043824701195,0.1094782066580253,0.0939831961338705,0.0093939467232723,1.1648700104014715,1.12,-0.2157814644729686,2.909175133716885,0.0158708522991921,0.020908174417523,0.0354502945256856,0.0,1,12.550000190734863,14.520000457763672,2.212285905020579,9.5,10.375,real_post_mid,0.9500000000000001,2.6,-185.10000000000002,-0.010888235294117648,fold_2,xgb,0.75
MMC,2023-12-31,2024-01-25,1.0,187.5,184.9,1.91,3.35,1.63,8.0,7.81,18.0,7.93,7.94,7.94,7.91,0.0,0.0,3.0,1.0,5868850000.0,22808000000.0,22625000000.0,13.0,6925.6,6512.16,190.4,35.33,12.83,-8.41,6.71,24.58,-33.18,23.04,25.92,0.21,1.93,200.0,195.0,200.0,2024-02-16,3.55,4.2,7.75,3.875,0.7,7.15,7.85,,,0.1645878956118081,0.2223477671640169,0.1934678313879125,,,,268.0,368.0,1.8506375227686704,23.0,2.500000000000002,1,1.3749999999999978,2024-01-24,488.0,472.3900146484375,0.1075599999999999,0.112435,0.1190895454545454,0.004875,0.0115295454545454,0,0.12219,0.10268,0.01951,0.004875,0.186089195051605,0.0399117616234633,0.1115537848605577,0.077889795932661,0.0896255625338759,0.017934437466124,0.8690578193383259,1.14,-0.0425070600586285,2.9438443271456003,0.0018449050353344,0.0277370521980724,0.0268457088180453,0.0,1,13.140000343322754,14.970000267028809,2.3840003433227555,7.75,7.85,real_post_mid,0.775,2.6,-90.09999999999997,-0.004504999999999999,fold_2,xgb,0.75
BXP,2023-12-31,2024-01-30,0.0,70.17,53.5,-0.24,30.84,0.62,1.22,1.04,3.0,1.12,1.51,1.51,2.53,0.0,0.0,1.0,0.0,851960000.0,3294610000.0,3157910000.0,11.0,2152.8,6781.92,-1750.4,2288.16,4.27,0.87,6.64,-210.94,-209.23,-48.78,-83.36,-0.71,-29.06,72.5,67.5,72.5,2024-02-16,2.4749999999999996,2.5250000000000004,5.0,6.896551724137931,0.375,6.15,6.525,67.36,5.140000000000001,0.39536,0.3856,0.39048,0.375845,3.7479512395001047,-0.0341449999999999,888.0,108.0,0.8634146341463415,18.0,6.896551724137934,0,-3.552713678800501e-15,2024-01-29,494.0,478.112548828125,0.1132525,0.1175368181818182,0.122195,0.0042843181818181,0.0089424999999999,0,0.12219,0.10268,0.01951,-0.0008175,0.3612060129825762,0.0806542727363355,0.2908366533864542,0.0569284555159034,0.0935680972477677,0.0196844027522322,0.6084173686374875,1.27,1.0100348778855956,1.3028062607064388,-0.4719683657704215,0.0161754816373802,0.030975204805973,0.0,1,13.600000381469728,15.220000267028809,2.274750381469726,5.0,6.525,real_post_mid,0.5,2.6,-205.10000000000002,-0.028289655172413795,fold_2,xgb,0.75
COR,2023-12-31,2024-01-31,1.0,205.38,192.18,13.29,21.07,2.86,2.92,2.8,8.0,2.87,2.86,2.85,2.85,1.0,0.0,2.0,1.0,67075300000.0,68801000000.0,66121400000.0,5.0,1500.0,1500.0,1612.8,0.0,,,,,,,,,,220.0,240.0,220.0,2024-02-16,4.8,4.0,8.8,4.0,17.55,0.35,17.900000000000002,231.72,11.72,0.21975,0.23926,0.229505,0.16609,27.63120629180192,-0.03902,229.0,96.0,1.0925925925925926,17.0,9.090909090909085,0,-5.090909090909083,2024-01-30,493.0,477.74267578125,0.112435,0.117315,0.117315,0.00488,0.00488,0,0.12219,0.10268,0.01951,0.0,0.3332763922104542,0.0748032401786239,0.1832669322709163,0.0637463801339724,0.0938194745507287,0.0186155254492712,0.6794578677746104,1.11,-0.2769250169809859,3.08245208476732,-0.0089694648623658,0.0124366429678448,0.0297887859275871,-0.0007736108323899,1,13.3100004196167,15.140000343322754,2.0665004196167,8.8,17.900000000000002,real_post_mid,0.8800000000000001,2.6,-1000.6000000000003,-0.04548181818181819,fold_2,xgb,0.75
AVY,2023-12-31,2024-01-31,0.0,202.16,176.21,-1.34,13.19,2.16,8.0,7.56,12.0,7.85,7.86,7.86,7.86,2.0,0.0,2.0,0.0,1850550000.0,8463040000.0,8249000000.0,12.0,8316.0,8452.96,-89.6,144.64,-9.44,0.37,-0.83,-14.63,9.38,-20.51,-12.21,1.2,-0.38,200.0,200.0,200.0,2024-02-16,6.15,4.2,10.35,5.175000000000001,3.4000000000000004,3.35,6.75,208.83,8.830000000000013,0.30755,0.28804,0.297795,0.20512,31.120401618563115,-0.07804,64.0,7.0,3.975609756097561,17.0,0.0,1,5.175000000000001,2024-01-30,493.0,477.74267578125,0.112435,0.117315,0.117315,0.00488,0.00488,0,0.12219,0.10268,0.01951,0.0,0.3332763922104542,0.0748032401786239,0.1832669322709163,0.0637463801339724,0.0938194745507287,0.0186155254492712,0.6794578677746104,1.11,-0.2769250169809859,3.08245208476732,-0.0089694648623658,0.0124366429678448,0.0297887859275871,-0.0007736108323899,1,13.3100004196167,15.140000343322754,2.0665004196167,10.350000000000001,6.75,real_post_mid,1.0350000000000001,2.6,253.90000000000012,0.012695000000000007,fold_2,xgb,0.75
BR,2023-12-31,2024-02-01,1.0,199.89,177.12,0.87,13.84,0.89,7.05,6.89,8.0,6.93,6.94,6.94,6.92,0.0,0.0,0.0,0.0,1671570000.0,6131670000.0,6085600000.0,8.0,30415.2,29942.88,2828.8,3328.53,8.67,-1.82,7.55,-67.03,-15.6,14.07,15.29,1.18,0.5,200.0,200.0,200.0,2024-02-16,7.95,3.075,11.025,5.5125,4.35,2.175,6.5249999999999995,197.92,2.0800000000000125,0.31731,0.2978,0.307555,0.20024,34.892945977142304,-0.102435,12.0,4.0,0.5131578947368421,16.0,0.0,1,5.5125,2024-01-31,486.0,469.947265625,0.117315,0.12707,0.12707,0.009755,0.009755,0,0.13195,0.11244,0.01951,0.0048799999999999,0.4878006099695016,0.1097305048656359,0.3625498007968127,0.1504201190141764,0.1116857287357935,0.0056292712642064,1.3468159335738754,1.06,-0.6974555170639779,1.6415243494222156,-0.387722821462971,-0.0051710428834009,0.0159264976146638,-0.0170781612470504,1,14.350000381469728,15.960000038146973,2.618500381469726,11.025,6.5249999999999995,real_post_mid,1.1025,2.6,337.1500000000001,0.016857500000000004,fold_2,xgb,1.0
CMS,2023-12-31,2024-02-01,0.0,59.21,55.74,-0.62,5.56,1.05,3.12,3.06,18.0,3.1,3.1,3.1,3.1,2.0,0.0,4.0,0.0,2056950000.0,8913210000.0,7836230000.0,13.0,4277.6,4415.2,-10.67,147.3,-17.34,7.59,3.38,8.93,-18.67,9.91,5.04,8.25,3.45,55.0,55.0,55.0,2024-02-16,2.5250000000000004,0.475,3.0000000000000004,5.454545454545456,2.625,0.175,2.8,57.27,2.270000000000003,0.21,0.27829,0.244145,0.122195,49.94982489913781,-0.03415,32.0,33.0,0.4246575342465753,16.0,0.0,1,5.454545454545456,2024-01-31,486.0,469.947265625,0.117315,0.12707,0.12707,0.009755,0.009755,0,0.13195,0.11244,0.01951,0.0048799999999999,0.4878006099695016,0.1097305048656359,0.3625498007968127,0.1504201190141764,0.1116857287357935,0.0056292712642064,1.3468159335738754,1.06,-0.6974555170639779,1.6415243494222156,-0.387722821462971,-0.0051710428834009,0.0159264976146638,-0.0170781612470504,1,14.350000381469728,15.960000038146973,2.618500381469726,3.0000000000000004,2.8,real_post_mid,0.30000000000000004,2.6,-12.599999999999943,-0.0022909090909090804,fold_2,xgb,0.75
NXPI,2023-12-31,2024-02-05,1.0,205.72,185.8,7.44,18.96,3.63,14.12,11.17,23.0,13.74,13.77,13.89,13.83,0.0,0.0,1.0,2.0,3637270000.0,13291200000.0,13054000000.0,28.0,6855.2,6261.6,246.4,75.13,-0.32,4.09,10.04,-2.89,7.87,-2.55,-0.9,0.12,-0.17,215.0,222.5,215.0,2024-02-09,6.0,5.85,11.85,5.511627906976744,8.75,0.575,9.325,233.55,18.55000000000001,0.49292,0.50267,0.497795,0.366085,26.45868279110879,-0.1463399999999999,80.0,262.0,0.7198347107438017,7.0,3.488372093023262,1,2.023255813953482,2024-02-02,497.0,481.1100463867187,0.11244,0.1184240909090909,0.1233420588235294,0.0059840909090909,0.0109020588235294,0,0.1249785714285714,0.10268,0.0222985714285714,0.0013892857142857,0.3171841407929603,0.0748390263104754,0.2589641434262948,0.1898745884924875,0.1148937309261126,-0.0024537309261126,1.65261052071322,1.14,-0.0645187792364455,8.393326655700134,1.2806426257646204,0.0142385716033781,0.0545235340480363,0.0,1,13.850000381469728,15.609999656677246,2.606000381469727,11.85,9.325,real_post_mid,1.185,2.6,131.40000000000003,0.006111627906976746,fold_2,xgb,0.75
IDXX,2023-12-31,2024-02-05,1.0,537.36,422.47,6.47,35.42,2.12,9.93,9.77,12.0,9.85,9.84,9.85,9.84,2.0,0.0,4.0,0.0,894470000.0,3666210000.0,3640000000.0,11.0,16488.8,15198.56,674.13,95.52,8.78,-2.98,6.47,17.67,-5.24,11.44,12.44,-0.34,0.98,530.0,570.0,530.0,2024-02-16,15.5,17.25,32.75,6.179245283018868,39.05,1.75,40.8,555.54,25.539999999999964,0.39536,0.39536,0.39536,0.26853,32.07962363415621,-0.0926849999999999,69.0,75.0,1.4259927797833936,14.0,7.547169811320753,0,-1.3679245283018853,2024-02-02,497.0,481.1100463867187,0.11244,0.1184240909090909,0.1233420588235294,0.0059840909090909,0.0109020588235294,0,0.1249785714285714,0.10268,0.0222985714285714,0.0013892857142857,0.3171841407929603,0.0748390263104754,0.2589641434262948,0.1898745884924875,0.1148937309261126,-0.0024537309261126,1.65261052071322,1.14,-0.0645187792364455,8.393326655700134,1.2806426257646204,0.0142385716033781,0.0545235340480363,0.0,1,13.850000381469728,15.609999656677246,2.606000381469727,32.75,40.8,real_post_mid,3.2750000000000004,2.6,-1135.0999999999997,-0.021416981132075467,fold_2,xgb,0.8560160994529724
IT,2023-12-31,2024-02-06,1.0,425.37,401.14,8.54,15.1,2.83,11.44,10.91,10.0,11.12,11.11,11.11,11.1,0.0,0.0,1.0,0.0,1642710000.0,5928040000.0,5896200000.0,10.0,43516.0,39674.72,1226.67,1034.73,5.78,-6.28,12.54,6.22,-10.18,-4.77,-3.55,-0.7,-1.68,470.0,450.0,470.0,2024-02-16,15.9,15.35,31.25,6.648936170212766,0.9,19.950000000000003,20.85,448.61,21.389999999999983,0.48316,0.48316,0.48316,0.234385,51.48915473135192,-0.1999949999999999,111.0,69.0,0.1606299212598425,11.0,4.255319148936165,1,2.393617021276601,2024-02-05,495.0,479.3582458496094,0.11244,0.1159840909090909,0.1236288235294117,0.0035440909090908,0.0111888235294117,0,0.12219,0.10268,0.01951,-5.000000000005e-06,0.3171841407929603,0.0748390263104754,0.2629482071713147,0.1881588705018075,0.11516872465448,-0.00272872465448,1.6337670757951572,1.04,-0.7991904066346329,0.8433276115826807,-0.6573555537605561,0.0026054472415284,0.0540790574844989,-0.0036411639088934,1,13.670000076293944,15.329999923706056,2.4260000762939455,31.25,20.85,real_post_mid,3.125,2.6,724.8999999999999,0.015423404255319146,fold_2,xgb,0.75
WAT,2023-12-31,2024-02-06,1.0,305.07,255.82,8.3,29.15,3.55,11.74,11.61,19.0,11.69,11.69,11.7,12.03,0.0,0.0,1.0,1.0,796820000.0,2976000000.0,2933900000.0,18.0,14343.2,13388.48,507.73,415.64,0.44,-3.9,4.28,7.58,1.43,1.5,-6.55,2.39,-1.89,330.0,320.0,330.0,2024-02-16,8.9,12.9,21.799999999999997,6.6060606060606055,3.75,9.7,13.45,325.21,4.7900000000000205,0.49292,0.46365,0.478285,0.30755,35.697335270811344,-0.136585,602.0,102.0,0.5895372233400402,11.0,3.0303030303030276,1,3.575757575757578,2024-02-05,495.0,479.3582458496094,0.11244,0.1159840909090909,0.1236288235294117,0.0035440909090908,0.0111888235294117,0,0.12219,0.10268,0.01951,-5.000000000005e-06,0.3171841407929603,0.0748390263104754,0.2629482071713147,0.1881588705018075,0.11516872465448,-0.00272872465448,1.6337670757951572,1.04,-0.7991904066346329,0.8433276115826807,-0.6573555537605561,0.0026054472415284,0.0540790574844989,-0.0036411639088934,1,13.670000076293944,15.329999923706056,2.4260000762939455,21.8,13.45,real_post_mid,2.18,2.6,614.4000000000002,0.018618181818181825,fold_2,xgb,0.75
ATO,2023-12-31,2024-02-06,0.0,117.98,109.27,-5.23,2.32,2.05,6.09,6.0,10.0,6.05,6.05,6.05,6.04,0.0,0.0,0.0,0.0,191230000.0,4967520000.0,4451000000.0,7.0,-9168.8,-9168.8,-1540.27,1971.17,-21.94,74.8,-2.35,352.17,121.28,19.08,24.26,18.6,12.81,110.0,110.0,110.0,2024-02-16,3.725,2.575,6.3,5.7272727272727275,2.225,0.65,2.875,113.95,3.950000000000003,0.34658,0.45389,0.400235,0.16122,59.718665284145565,-0.199995,12.0,1.0,10.0,11.0,0.0,1,5.7272727272727275,2024-02-05,495.0,479.3582458496094,0.11244,0.1159840909090909,0.1236288235294117,0.0035440909090908,0.0111888235294117,0,0.12219,0.10268,0.01951,-5.000000000005e-06,0.3171841407929603,0.0748390263104754,0.2629482071713147,0.1881588705018075,0.11516872465448,-0.00272872465448,1.6337670757951572,1.04,-0.7991904066346329,0.8433276115826807,-0.6573555537605561,0.0026054472415284,0.0540790574844989,-0.0036411639088934,1,13.670000076293944,15.329999923706056,2.4260000762939455,6.300000000000001,2.875,real_post_mid,0.6300000000000001,2.6,276.90000000000003,0.025172727272727277,fold_2,xgb,0.8095411062240601
CARR,2023-12-31,2024-02-06,1.0,55.72,50.95,-2.53,6.59,0.51,2.79,2.66,23.0,2.72,2.71,2.72,2.71,0.0,0.0,1.0,0.0,5479500000.0,22642000000.0,22065000000.0,21.0,3893.6,3567.2,123.73,91.09,-9.47,-17.64,-6.79,27.14,12.66,0.36,-66.58,3.08,-17.66,57.5,55.0,57.5,2024-02-16,1.575,2.625,4.2,7.304347826086957,0.1,3.95,4.05,54.0,3.5,0.53194,0.50267,0.5173049999999999,0.27829,46.20388358898522,-0.2097499999999998,1142.0,6967.0,1.5095900372693392,11.0,4.347826086956519,1,2.956521739130438,2024-02-05,495.0,479.3582458496094,0.11244,0.1159840909090909,0.1236288235294117,0.0035440909090908,0.0111888235294117,0,0.12219,0.10268,0.01951,-5.000000000005e-06,0.3171841407929603,0.0748390263104754,0.2629482071713147,0.1881588705018075,0.11516872465448,-0.00272872465448,1.6337670757951572,1.04,-0.7991904066346329,0.8433276115826807,-0.6573555537605561,0.0026054472415284,0.0540790574844989,-0.0036411639088934,1,13.670000076293944,15.329999923706056,2.4260000762939455,4.2,4.05,real_post_mid,0.42000000000000004,2.6,-29.59999999999997,-0.005147826086956516,fold_2,xgb,0.75
AME,2023-12-31,2024-02-06,1.0,160.74,147.9,3.32,12.29,1.63,6.38,6.26,15.0,6.33,6.33,6.34,6.33,0.0,0.0,2.0,0.0,1765260000.0,6647000000.0,6561000000.0,15.0,5807.2,5397.6,173.33,42.47,4.58,-1.41,9.39,13.1,4.46,10.82,13.94,1.83,2.22,165.0,165.0,165.0,2024-02-16,4.35,2.1,6.449999999999999,3.9090909090909087,3.075,1.0499999999999998,4.125,173.89,8.889999999999986,0.26853,0.26853,0.26853,0.185605,30.88109336014597,-0.0731649999999999,104.0,48.0,0.1594202898550724,11.0,0.0,1,3.9090909090909087,2024-02-05,495.0,479.3582458496094,0.11244,0.1159840909090909,0.1236288235294117,0.0035440909090908,0.0111888235294117,0,0.12219,0.10268,0.01951,-5.000000000005e-06,0.3171841407929603,0.0748390263104754,0.2629482071713147,0.1881588705018075,0.11516872465448,-0.00272872465448,1.6337670757951572,1.04,-0.7991904066346329,0.8433276115826807,-0.6573555537605561,0.0026054472415284,0.0540790574844989,-0.0036411639088934,1,13.670000076293944,15.329999923706056,2.4260000762939455,6.449999999999999,4.125,real_post_mid,0.645,2.6,165.39999999999992,0.01002424242424242,fold_2,xgb,0.75
EW,2023-12-31,2024-02-06,0.0,72.85,66.24,21.14,33.23,0.64,2.6,2.48,29.0,2.51,2.51,2.51,2.51,1.0,0.0,1.0,0.0,1591100000.0,6001000000.0,5923000000.0,30.0,-12141.6,-12166.24,7.47,11.2,-5.73,-4.02,1.23,-3.28,-10.61,-5.54,-18.89,-0.59,-4.52,85.0,87.5,85.0,2024-02-16,3.75,2.575,6.325,7.4411764705882355,2.725,0.7250000000000001,3.45,86.1,1.0999999999999943,0.52218,0.53194,0.52706,0.26365,49.97723219367814,-0.20487,3900.0,2752.0,0.1939481009248451,11.0,2.941176470588225,1,4.500000000000011,2024-02-05,495.0,479.3582458496094,0.11244,0.1159840909090909,0.1236288235294117,0.0035440909090908,0.0111888235294117,0,0.12219,0.10268,0.01951,-5.000000000005e-06,0.3171841407929603,0.0748390263104754,0.2629482071713147,0.1881588705018075,0.11516872465448,-0.00272872465448,1.6337670757951572,1.04,-0.7991904066346329,0.8433276115826807,-0.6573555537605561,0.0026054472415284,0.0540790574844989,-0.0036411639088934,1,13.670000076293944,15.329999923706056,2.4260000762939455,6.325,3.45,real_post_mid,0.6325000000000001,2.6,221.64999999999998,0.02607647058823529,fold_2,xgb,0.75
MAS,2023-12-31,2024-02-08,1.0,67.22,56.17,9.07,30.53,0.66,3.75,3.68,23.0,3.72,3.72,3.72,3.71,0.0,0.0,1.0,0.0,1918110000.0,7917000000.0,7836900000.0,23.0,5509.6,4590.24,417.07,170.41,-10.21,-6.96,-2.43,2.04,-15.97,9.73,9.12,6.06,3.42,70.0,75.0,70.0,2024-02-16,2.325,1.7999999999999998,4.125,5.892857142857142,2.9,0.25,3.15,73.16,3.1599999999999966,0.46365,0.46365,0.46365,0.278285,39.97951040655667,-0.180485,1379.0,1430.0,0.3149088736181655,9.0,7.14285714285714,0,-1.2499999999999971,2024-02-07,500.0,484.7596130371094,0.1075599999999999,0.1146531818181818,0.1193244117647058,0.0070931818181818,0.0117644117647058,0,0.12219,0.10268,0.01951,0.004875,0.1463926803659815,0.0399117616234633,0.1235059760956175,0.1055521490038762,0.1093001897138913,-0.0017401897138913,0.965708744698192,1.31,2.0711794930789114,3.3742828373166027,0.2542685912757725,0.0315191692676621,0.0495153707795592,0.0,1,12.829999923706056,14.850000381469728,2.073999923706056,4.125,3.15,real_post_mid,0.41250000000000003,2.6,53.65,0.007664285714285714,fold_2,xgb,0.75
MHK,2023-12-31,2024-02-08,1.0,105.47,80.66,3.93,35.89,1.86,9.15,9.0,17.0,9.09,9.08,9.08,9.08,1.0,0.0,2.0,0.0,2900350000.0,11175000000.0,10814000000.0,16.0,15986.4,15009.92,244.8,567.63,-5.19,-6.25,-0.13,-18.56,-1.45,-64.04,-45.12,0.56,-9.19,110.0,110.0,110.0,2024-02-16,3.45,4.25,7.7,7.000000000000001,2.4000000000000004,1.925,4.325,115.42,5.420000000000002,0.57096,0.55145,0.561205,0.356335,36.50537682308603,-0.1951149999999999,3276.0,429.0,0.1059730250481695,9.0,0.0,1,7.000000000000001,2024-02-07,500.0,484.7596130371094,0.1075599999999999,0.1146531818181818,0.1193244117647058,0.0070931818181818,0.0117644117647058,0,0.12219,0.10268,0.01951,0.004875,0.1463926803659815,0.0399117616234633,0.1235059760956175,0.1055521490038762,0.1093001897138913,-0.0017401897138913,0.965708744698192,1.31,2.0711794930789114,3.3742828373166027,0.2542685912757725,0.0315191692676621,0.0495153707795592,0.0,1,12.829999923706056,14.850000381469728,2.073999923706056,7.7,4.325,real_post_mid,0.77,2.6,257.9,0.023445454545454544,fold_2,xgb,0.75
RL,2023-12-31,2024-02-08,0.0,143.11,115.62,20.08,48.63,3.54,8.28,7.96,17.0,8.07,8.07,8.06,8.06,1.0,0.0,1.0,0.0,1418090000.0,6403430000.0,6337000000.0,16.0,-6613.6,-8827.84,-2673.07,4911.61,5.55,18.43,2.64,373.86,98.57,14.1,12.62,1.51,1.03,145.0,175.0,145.0,2024-02-16,6.050000000000001,3.7,9.75,6.724137931034482,29.9,0.05,29.95,180.85,35.849999999999994,0.52218,0.52218,0.52218,0.26853,48.57520395266,-0.2195049999999999,220.0,45.0,4.909688013136289,9.0,20.68965517241379,0,-13.965517241379308,2024-02-07,500.0,484.7596130371094,0.1075599999999999,0.1146531818181818,0.1193244117647058,0.0070931818181818,0.0117644117647058,0,0.12219,0.10268,0.01951,0.004875,0.1463926803659815,0.0399117616234633,0.1235059760956175,0.1055521490038762,0.1093001897138913,-0.0017401897138913,0.965708744698192,1.31,2.0711794930789114,3.3742828373166027,0.2542685912757725,0.0315191692676621,0.0495153707795592,0.0,1,12.829999923706056,14.850000381469728,2.073999923706056,9.75,29.95,real_post_mid,0.9750000000000001,2.6,-2120.1,-0.14621379310344826,fold_2,xgb,0.75
O,2023-12-31,2024-02-20,0.0,56.52,53.31,-7.17,-1.58,0.32,1.31,1.23,6.0,1.28,1.3,1.29,1.32,0.0,0.0,1.0,0.0,1072050000.0,4091000000.0,3602020000.0,9.0,-2138.4,-2038.56,-76.8,87.99,24.11,1.95,39.93,-8.33,13.79,20.04,31.86,-0.53,2.47,52.5,52.5,52.5,2024-03-15,1.1,1.35,2.45,4.666666666666667,1.15,1.05,2.2,52.19,0.3100000000000023,0.19048,0.23926,0.21487,0.20512,4.537627402615539,-0.004875,2316.0,424.0,0.3639646145513631,28.0,0.0,1,4.666666666666667,2024-02-16,500.0,486.1318359375,0.117315,0.1257397727272727,0.12707,0.0084247727272727,0.0097549999999999,0,0.1444885714285714,0.10268,0.0418085714285714,0.0062692857142857,0.4878006099695016,0.1097305048656359,0.4063745019920319,0.1472772464860184,0.1217055702184642,-0.0043905702184642,1.2101109770214502,1.24,1.2109872858367203,0.7703957390576222,-0.8342788637284358,-0.0033719849464421,0.0483115605906292,-0.0049799822528089,1,14.239999771118164,15.859999656677246,2.5084997711181636,2.45,2.2,real_post_mid,0.24500000000000002,2.6,-2.1000000000000023,-0.00040000000000000045,fold_2,xgb,0.75
CNP,2023-12-31,2024-02-20,0.0,27.77,27.79,0.07,,0.32,1.51,1.49,17.0,1.5,1.5,1.5,1.5,0.0,0.0,2.0,0.0,2569690000.0,9829000000.0,8420690000.0,13.0,4924.0,4711.52,64.0,63.84,-2.26,-0.8,5.83,25.0,42.86,25.1,34.9,11.06,7.67,28.0,28.0,28.0,2024-03-15,0.6000000000000001,0.625,1.225,4.375,0.7,0.35,1.0499999999999998,27.87,0.129999999999999,0.20024,0.20024,0.20024,0.17585,12.180383539752295,-0.0097599999999999,595.0,29.0,0.1908127208480565,28.0,0.0,1,4.375,2024-02-16,500.0,486.1318359375,0.117315,0.1257397727272727,0.12707,0.0084247727272727,0.0097549999999999,0,0.1444885714285714,0.10268,0.0418085714285714,0.0062692857142857,0.4878006099695016,0.1097305048656359,0.4063745019920319,0.1472772464860184,0.1217055702184642,-0.0043905702184642,1.2101109770214502,1.24,1.2109872858367203,0.7703957390576222,-0.8342788637284358,-0.0033719849464421,0.0483115605906292,-0.0049799822528089,1,14.239999771118164,15.859999656677246,2.5084997711181636,1.225,1.0499999999999998,real_post_mid,0.12250000000000001,2.6,2.6500000000000257,0.0009464285714285806,fold_2,xgb,0.75
SNPS,2024-01-31,2024-02-21,1.0,541.71,541.03,0.34,0.47,3.43,3.44,3.42,8.0,3.43,3.43,3.43,3.05,0.0,0.0,0.0,0.0,1646390000.0,1662150000.0,1635000000.0,8.0,6053.6,6242.4,91.73,473.41,,,5.15,65.97,10.07,,,,,550.0,580.0,550.0,2024-03-15,24.5,24.55,49.05,8.918181818181818,38.25,5.85,44.1,550.03,0.0299999999999727,0.43438,0.43438,0.43438,0.30755,29.197937289930476,-0.0682899999999999,371.0,192.0,0.7109340416113324,24.0,5.454545454545445,1,3.4636363636363727,2024-02-20,497.0,483.45550537109375,0.1277664285714285,0.12707,0.1319449999999999,-0.0006964285714285,0.0041785714285714,0,0.15146,0.11244,0.03902,0.0041835714285714,0.853582320883955,0.1845337450442597,0.5219123505976095,0.1511310774714571,0.1186754157913955,0.009091012780033,1.2734826034830276,1.06,-0.7982005195421862,1.5561731829491268,-0.3580679128626952,-0.0084234623630647,0.0297039060235702,-0.0104579252526688,1,15.420000076293944,16.40999984741211,2.64335721915109,49.05,44.1,real_post_mid,4.905,2.6,1.8999999999995487,3.454545454544634e-05,fold_2,xgb,0.75
NDSN,2024-01-31,2024-02-21,1.0,253.91,232.82,3.06,12.4,2.04,2.1,1.84,6.0,2.04,2.02,2.03,1.99,0.0,0.0,2.0,0.0,633193000.0,639300000.0,626400000.0,7.0,2658.4,2664.16,138.67,402.83,,,0.14,0.82,4.68,,,,,270.0,270.0,270.0,2024-03-15,5.2,9.65,14.85,5.500000000000001,7.65,3.4,11.05,263.2,6.800000000000011,0.26853,0.24902,0.258775,0.20024,22.62003671142884,-0.03902,114.0,6.0,0.6190476190476191,24.0,0.0,1,5.500000000000001,2024-02-20,497.0,483.45550537109375,0.1277664285714285,0.12707,0.1319449999999999,-0.0006964285714285,0.0041785714285714,0,0.15146,0.11244,0.03902,0.0041835714285714,0.853582320883955,0.1845337450442597,0.5219123505976095,0.1511310774714571,0.1186754157913955,0.009091012780033,1.2734826034830276,1.06,-0.7982005195421862,1.5561731829491268,-0.3580679128626952,-0.0084234623630647,0.0297039060235702,-0.0104579252526688,1,15.420000076293944,16.40999984741211,2.64335721915109,14.850000000000001,11.05,real_post_mid,1.4850000000000003,2.6,228.90000000000003,0.008477777777777779,fold_2,xgb,0.75
GRMN,2023-12-31,2024-02-21,1.0,126.71,120.37,5.42,10.97,1.4,5.35,5.21,8.0,5.27,5.27,5.27,5.27,0.0,0.0,1.0,0.0,1628650000.0,5214380000.0,5146700000.0,9.0,19112.8,18652.0,614.4,513.76,12.02,-3.28,0.81,13.71,-2.76,12.96,12.95,-1.76,0.17,125.0,135.0,125.0,2024-03-15,2.675,4.85,7.525,6.02,10.2,0.25,10.45,145.75,20.75,0.27829,0.30755,0.2929199999999999,0.18073,38.30055987983066,-0.0585349999999999,148.0,238.0,0.9783420463032112,24.0,8.000000000000007,0,-1.9800000000000075,2024-02-20,497.0,483.45550537109375,0.1277664285714285,0.12707,0.1319449999999999,-0.0006964285714285,0.0041785714285714,0,0.15146,0.11244,0.03902,0.0041835714285714,0.853582320883955,0.1845337450442597,0.5219123505976095,0.1511310774714571,0.1186754157913955,0.009091012780033,1.2734826034830276,1.06,-0.7982005195421862,1.5561731829491268,-0.3580679128626952,-0.0084234623630647,0.0297039060235702,-0.0104579252526688,1,15.420000076293944,16.40999984741211,2.64335721915109,7.5249999999999995,10.45,real_post_mid,0.7525,2.6,-370.35,-0.029628,fold_2,xgb,0.75
BLDR,2023-12-31,2024-02-22,1.0,167.67,134.71,12.35,39.83,2.54,13.92,13.17,13.0,13.69,13.69,13.69,13.59,1.0,0.0,1.0,0.0,4421690000.0,17427000000.0,16868300000.0,18.0,56015.2,49570.4,3104.0,1181.19,-21.3,0.12,-6.77,-18.46,9.0,-31.39,-36.76,-0.1,-3.46,185.0,190.0,185.0,2024-03-15,9.7,10.8,20.5,11.081081081081082,9.4,5.15,14.55,195.49,10.490000000000007,0.54169,0.57096,0.556325,0.39048,29.81081202534489,-0.1024349999999999,334.0,473.0,0.9946889226100152,23.0,2.7027027027026973,1,8.378378378378386,2024-02-21,498.0,483.8934020996094,0.12707,0.1221949999999999,0.1319449999999999,-0.004875,0.0048749999999999,0,0.15146,0.11244,0.03902,0.00488,0.8292085395730207,0.1795492481078082,0.5099601593625498,0.1057068739728988,0.1186570161064869,0.008412983893513,0.8908607130153496,1.19,0.6079590018331053,0.5246779863568262,-0.8723116815032516,0.0063348845332982,0.0284620475763499,-0.0095616333862067,1,15.34000015258789,16.229999542236328,2.6330001525878917,20.5,14.55,real_post_mid,2.0500000000000003,2.6,387.39999999999986,0.020940540540540533,fold_2,xgb,0.75
IRM,2023-12-31,2024-02-22,1.0,67.89,63.21,6.2,14.06,0.45,1.74,1.7,6.0,1.72,1.72,1.72,1.72,0.0,0.0,0.0,0.0,1424920000.0,5550000000.0,5500000000.0,7.0,3919.2,3768.48,105.6,123.57,7.87,2.23,10.2,-6.25,12.5,-3.91,-16.77,-0.23,-5.07,67.5,75.0,67.5,2024-03-15,2.5250000000000004,1.575,4.1000000000000005,6.074074074074074,7.6,0.125,7.725,78.61,11.11,0.26853,0.31731,0.2929199999999999,0.234385,19.983271883108,-0.0390249999999999,338.0,157.0,1.6855828220858895,23.0,11.111111111111116,0,-5.037037037037042,2024-02-21,498.0,483.8934020996094,0.12707,0.1221949999999999,0.1319449999999999,-0.004875,0.0048749999999999,0,0.15146,0.11244,0.03902,0.00488,0.8292085395730207,0.1795492481078082,0.5099601593625498,0.1057068739728988,0.1186570161064869,0.008412983893513,0.8908607130153496,1.19,0.6079590018331053,0.5246779863568262,-0.8723116815032516,0.0063348845332982,0.0284620475763499,-0.0095616333862067,1,15.34000015258789,16.229999542236328,2.6330001525878917,4.1000000000000005,7.725,real_post_mid,0.4100000000000001,2.6,-406.09999999999997,-0.06016296296296296,fold_2,xgb,0.75
POOL,2023-12-31,2024-02-22,1.0,390.66,354.75,-2.96,6.86,1.25,13.45,13.15,9.0,13.26,13.26,13.23,13.25,1.0,0.0,1.0,0.0,915950000.0,5575000000.0,5546800000.0,13.0,28920.8,30095.2,-91.73,894.13,-8.72,-20.62,3.26,-26.57,-40.61,-25.25,-26.31,-2.1,-3.15,390.0,390.0,390.0,2024-03-15,16.0,16.45,32.45,8.320512820512821,9.85,12.25,22.1,399.31,9.310000000000002,0.40511,0.42462,0.414865,0.2977999999999999,28.21761295843228,-0.0439,16.0,40.0,1.327188940092166,23.0,0.0,1,8.320512820512821,2024-02-21,498.0,483.8934020996094,0.12707,0.1221949999999999,0.1319449999999999,-0.004875,0.0048749999999999,0,0.15146,0.11244,0.03902,0.00488,0.8292085395730207,0.1795492481078082,0.5099601593625498,0.1057068739728988,0.1186570161064869,0.008412983893513,0.8908607130153496,1.19,0.6079590018331053,0.5246779863568262,-0.8723116815032516,0.0063348845332982,0.0284620475763499,-0.0095616333862067,1,15.34000015258789,16.229999542236328,2.6330001525878917,32.45,22.1,real_post_mid,3.2450000000000006,2.6,707.9,0.01815128205128205,fold_2,xgb,0.8846172094345093
LKQ,2023-12-31,2024-02-22,1.0,47.92,45.84,8.22,13.13,0.76,4.2,3.67,10.0,3.78,3.74,3.74,3.74,1.0,0.0,2.0,0.0,3589620000.0,13946000000.0,13319000000.0,9.0,7564.0,7717.6,-17.07,281.36,14.95,3.48,1.21,-11.34,-21.1,-4.88,-13.97,-2.15,-2.9,50.0,52.5,50.0,2024-03-15,2.9000000000000004,1.2999999999999998,4.2,8.4,2.025,0.3,2.3249999999999997,51.51,1.509999999999998,0.53194,0.30755,0.419745,0.229505,45.32275548249532,-0.0439049999999999,587.0,67.0,1.865979381443299,23.0,5.000000000000004,1,3.399999999999996,2024-02-21,498.0,483.8934020996094,0.12707,0.1221949999999999,0.1319449999999999,-0.004875,0.0048749999999999,0,0.15146,0.11244,0.03902,0.00488,0.8292085395730207,0.1795492481078082,0.5099601593625498,0.1057068739728988,0.1186570161064869,0.008412983893513,0.8908607130153496,1.19,0.6079590018331053,0.5246779863568262,-0.8723116815032516,0.0063348845332982,0.0284620475763499,-0.0095616333862067,1,15.34000015258789,16.229999542236328,2.6330001525878917,4.2,2.3249999999999997,real_post_mid,0.42000000000000004,2.6,142.90000000000006,0.02858000000000001,fold_2,xgb,0.75
MRNA,2023-12-31,2024-02-22,1.0,101.92,78.52,-2.43,26.64,-0.97,-9.12,-14.52,22.0,-13.47,-13.64,-12.0,-12.62,0.0,0.0,4.0,0.0,3224120000.0,7125770000.0,5223280000.0,24.0,-5960.8,13021.92,-6740.27,12420.22,-43.14,432.27,-27.25,-476.68,-163.26,-226.98,-272.56,-88.23,-146.1,88.0,97.0,88.0,2024-02-23,4.125,4.425,8.55,9.715909090909092,8.55,0.02,8.57,96.46,8.459999999999994,1.66362,1.63435,1.648985,0.4734049999999999,71.29112757241576,-1.0292450000000002,267.0,285.0,1.4381941359395825,2.0,10.22727272727273,0,-0.5113636363636385,2024-02-21,498.0,483.8934020996094,0.12707,0.1221949999999999,0.1319449999999999,-0.004875,0.0048749999999999,0,0.15146,0.11244,0.03902,0.00488,0.8292085395730207,0.1795492481078082,0.5099601593625498,0.1057068739728988,0.1186570161064869,0.008412983893513,0.8908607130153496,1.19,0.6079590018331053,0.5246779863568262,-0.8723116815032516,0.0063348845332982,0.0284620475763499,-0.0095616333862067,1,15.34000015258789,16.229999542236328,2.6330001525878917,8.55,8.57,real_post_mid,0.8550000000000001,2.6,-90.09999999999997,-0.01023863636363636,fold_2,xgb,0.75
PEG,2023-12-31,2024-02-26,1.0,57.67,64.4,3.42,-7.39,0.52,3.51,3.43,20.0,3.46,3.46,3.46,3.46,0.0,0.0,2.0,0.0,3971030000.0,11250000000.0,9852520000.0,12.0,5149.6,4421.12,227.73,181.04,8.1,1.45,12.51,-1.16,21.43,8.58,218.5,12.13,14.82,60.0,62.5,60.0,2024-03-15,1.425,0.925,2.35,3.916666666666667,1.85,0.45,2.3000000000000003,63.78,3.780000000000001,0.15146,0.22951,0.190485,0.19536,-2.559256634380654,-0.014635,867.0,93.0,0.3916083916083916,21.0,4.166666666666674,0,-0.2500000000000071,2024-02-23,508.0,494.24847412109375,0.117315,0.117315,0.122195,-1.3877787807814457e-17,0.0048799999999999,0,0.13195,0.10268,0.02927,-1.3877787807814457e-17,0.4878006099695021,0.109730504865636,0.4103585657370518,0.1682903534380369,0.1359984510990259,-0.0186834510990259,1.2374431626099769,1.15,0.1129843848544435,1.4455958825149875,-0.2953090955269688,0.0116332425402394,0.0462720607863054,0.0,1,13.75,15.25,2.0184999999999977,2.35,2.3000000000000003,real_post_mid,0.23500000000000001,2.6,-21.10000000000002,-0.0035166666666666697,fold_2,xgb,0.75
RSG,2023-12-31,2024-02-27,1.0,171.29,159.93,7.72,15.38,1.29,5.56,5.45,20.0,5.49,5.49,5.49,5.49,0.0,0.0,0.0,1.0,3994150000.0,14921300000.0,14813000000.0,19.0,12896.8,12312.0,280.0,30.8,6.34,2.68,15.83,14.93,9.22,15.47,10.95,1.07,0.8,185.0,185.0,185.0,2024-03-15,3.55,3.075,6.625,3.581081081081081,2.975,1.65,4.625,186.31,1.3100000000000025,0.21,0.20024,0.20512,0.14658,28.539391575663032,-0.043905,190.0,86.0,0.3047034764826176,18.0,0.0,1,3.581081081081081,2024-02-26,507.0,492.4383239746094,0.1132483333333333,0.117315,0.122195,0.0040666666666666,0.0089466666666666,0,0.13195,0.10268,0.02927,0.0040666666666666,0.3454743929470191,0.0806244509597925,0.3227091633466135,0.1648993939325448,0.1368885372343554,-0.0236402039010221,1.204625290503575,1.31,1.6370731171884971,1.025822020702703,-0.3419968782752141,0.0129727937380348,0.0368011212926477,-0.0036624294080084,1,13.739999771118164,15.220000267028809,2.4151664377848316,6.625,4.625,real_post_mid,0.6625000000000001,2.6,131.15,0.00708918918918919,fold_2,xgb,0.75
CTAS,2024-02-29,2024-03-27,1.0,633.94,601.09,8.16,14.07,3.58,3.79,3.44,16.0,3.58,3.57,3.57,3.57,0.0,0.0,2.0,0.0,2386310000.0,2457750000.0,2352000000.0,14.0,7309.6,7342.24,235.73,375.6,,,9.64,16.59,-29.92,,,,,640.0,690.0,640.0,2024-04-19,15.95,20.35,36.3,5.671875,50.3,0.825,51.125,661.29,21.289999999999964,0.27829,0.27829,0.27829,0.14658,47.328326565812645,-0.0780499999999999,171.0,197.0,1.0920195439739413,24.0,7.8125,0,-2.140625,2024-03-26,525.0,506.4837646484375,0.1075599999999999,0.1201007142857142,0.1242814285714285,0.0125407142857142,0.0167214285714285,0,0.12219,0.10268,0.01951,0.004875,0.0002174183128335,0.0630130352314459,0.1394422310756972,0.0806091811021704,0.0921784167723994,0.0153815832276005,0.8744908398807185,1.07,-0.7573572514080148,0.8448671193875396,-0.9547665953789968,0.0060112293588081,0.0285222331204106,-0.0064917463757947,1,13.239999771118164,15.289999961853027,2.4839997711181656,36.3,51.125,real_post_mid,3.63,2.6,-1848.1000000000001,-0.0288765625,fold_2,xgb,0.75
PAYX,2024-02-29,2024-04-02,1.0,122.23,116.84,-0.12,4.48,1.37,1.39,1.28,17.0,1.37,1.37,1.37,1.38,0.0,0.0,0.0,1.0,1457910000.0,1464000000.0,1452700000.0,13.0,1418.4,1538.88,-41.6,93.96,,,6.87,30.51,-28.7,,,,,120.0,120.0,120.0,2024-04-19,4.85,2.975,7.824999999999999,6.520833333333333,2.5,1.675,4.175,119.52,0.480000000000004,0.35633,0.36609,0.36121,0.205115,43.21447357492872,-0.14634,958.0,525.0,0.397045008113417,18.0,0.0,1,6.520833333333333,2024-04-01,528.0,509.7540588378906,0.1091866666666666,0.12219,0.12707,0.0130033333333333,0.0178833333333333,0,0.1254433333333333,0.1059333333333333,0.01951,0.0065016666666666,0.2334469473702198,0.0813941913179171,0.2071713147410358,0.0725346780213233,0.0954408726826753,0.0137457939839913,0.7599959638098535,0.93,-1.3509225251613757,1.6297292894482862,-0.1153656151428188,0.0018225018613664,0.030905207645955,-0.0019306960657645,1,13.649999618530272,15.520000457763672,2.7313329518636067,7.824999999999999,4.175,real_post_mid,0.7825,2.6,284.15,0.023679166666666664,fold_3,xgb,0.7407407164573669
FAST,2024-03-31,2024-04-11,0.0,75.26,63.52,-7.15,10.01,0.53,0.54,0.52,12.0,0.53,0.53,0.53,0.52,1.0,0.0,1.0,1.0,1913520000.0,1922490000.0,1895000000.0,11.0,-3149.6,-3206.08,19.73,40.92,5.24,298.0,5.46,6.98,-11.54,4.6,5.17,-0.41,-0.01,75.0,70.0,75.0,2024-04-19,2.0999999999999996,2.2249999999999996,4.324999999999999,5.766666666666666,0.02,4.25,4.27,67.57,7.430000000000007,0.46365,0.45389,0.45877,0.20512,55.28914270767488,-0.204875,1960.0,308.0,1.9554339327599688,9.0,6.666666666666665,0,-0.8999999999999995,2024-04-10,518.0,501.9051208496094,0.136825,0.1389164285714285,0.141705,0.0020914285714285,0.00488,0,0.16122,0.12219,0.03903,0.0048799999999999,1.0,0.3937043464223738,0.7250996015936255,0.1465280945494082,0.1015024149019391,0.0353225850980608,1.44359220114091,1.16,-0.3110353943529393,1.9767153662564616,0.4621151319295192,-0.0101846144938889,0.0086788532957446,-0.0172984679133215,1,15.800000190734863,17.040000915527344,2.1175001907348623,4.324999999999999,4.27,real_post_mid,0.43249999999999994,2.6,-40.35000000000002,-0.005380000000000003,fold_3,xgb,0.7407407164573669
WFC,2024-03-31,2024-04-12,1.0,57.82,47.4,-2.33,19.14,1.11,1.25,1.01,17.0,1.09,1.1,1.1,1.0,3.0,0.0,7.0,1.0,20203200000.0,20660400000.0,19824000000.0,19.0,2213.6,1785.44,304.53,215.77,-7.48,158.66,13.69,-40.69,-41.89,24.25,83.43,12.71,18.41,57.0,57.0,57.0,2024-04-12,0.92,1.23,2.15,3.7719298245614032,,,,56.47,0.5300000000000011,0.89291,0.90266,0.897785,0.2978,66.82947476288867,-0.6243750000000001,3222.0,3021.0,1.7355921253952602,1.0,0.0,1,3.7719298245614032,2024-04-11,523.0,505.6929626464844,0.1277671428571428,0.1342714285714285,0.136825,0.0065042857142856,0.0090578571428571,0,0.15146,0.12219,0.02927,0.0090578571428571,0.7347237621069815,0.2913515476815048,0.6533864541832669,0.1252908828616006,0.0979763922556989,0.0297907506014439,1.2787864502564683,1.08,-0.6598101187782599,1.063518521961318,-0.7236019371923722,0.0096088190470886,0.0054750160448977,-0.0098820902306432,1,14.90999984741211,16.489999771118164,2.1332855616978215,2.15,0.0,intrinsic_fallback,0.215,2.6,190.89999999999998,0.03349122807017543,fold_3,xgb,0.7407407164573669
SCHW,2024-03-31,2024-04-15,1.0,67.04,64.31,6.25,10.76,0.73,0.77,0.72,16.0,0.74,0.75,0.75,0.8,1.0,0.0,5.0,1.0,4713790000.0,4733000000.0,4693730000.0,12.0,7156.0,6964.64,70.93,31.48,14.41,454.08,6.19,-36.45,-11.69,-27.45,-32.06,-19.26,-17.1,70.0,73.0,70.0,2024-04-19,1.9,1.815,3.715,5.307142857142857,3.25,0.085,3.335,73.42,3.4200000000000017,0.48316,0.48316,0.48316,0.29292,39.37412037420316,-0.0975599999999999,9270.0,1390.0,2.058925576822992,7.0,4.285714285714293,1,1.0214285714285642,2024-04-12,515.0,498.71282958984375,0.1430942857142857,0.1442561904761904,0.14658,0.0011619047619047,0.0034857142857142,0,0.17097,0.13195,0.03902,0.0083657142857143,1.0,0.4645465918721496,0.8007968127490039,0.1395819028503765,0.1095085116787319,0.0335857740355537,1.274621494810117,1.04,-0.9600471212120988,1.727251827720704,0.0753538469613804,-0.0146209960853942,-0.0068468270926531,-0.0235487916927009,1,17.309999465942383,18.200000762939453,3.000570894513812,3.715,3.335,real_post_mid,0.3715,2.6,-1.7500000000000104,-0.00025000000000000147,fold_3,xgb,0.7407407164573669
MS,2024-03-31,2024-04-16,1.0,88.38,84.41,0.86,5.6,1.66,1.85,1.51,16.0,1.66,1.7,1.7,1.68,0.0,0.0,4.0,0.0,14411600000.0,15001000000.0,13694000000.0,15.0,-169412.0,-169660.0,402.13,376.91,41.31,610.95,25.93,-21.43,-28.26,-11.16,-16.15,-23.13,-9.17,87.0,90.0,87.0,2024-04-19,2.03,2.015,4.045,4.649425287356322,3.175,0.065,3.24,90.66,3.6599999999999966,0.55145,0.56121,0.55633,0.29292,47.34779717074397,-0.2585349999999999,439.0,1887.0,0.6004079996226593,4.0,3.4482758620689724,1,1.2011494252873494,2024-04-15,508.0,492.4649658203125,0.166095,0.16447,0.161215,-0.0016249999999999,-0.0048799999999999,1,0.19048,0.1444885714285714,0.0459914285714285,0.0013892857142857,1.0,0.7244521570684853,0.9641434262948207,0.1496843384115066,0.1174308724311444,0.0486641275688555,1.2746591702218175,1.12,-0.5844785652367052,1.545971651300599,-0.0959278112634901,-0.0275097992729476,-0.0173464132222024,-0.0357817517553398,1,19.229999542236328,19.549999237060547,2.6204995422363275,4.045,3.24,real_post_mid,0.4045,2.6,37.44999999999997,0.004304597701149422,fold_3,xgb,0.7407407164573669
BK,2024-03-31,2024-04-16,1.0,54.41,54.86,-0.75,-1.57,1.19,1.24,1.06,15.0,1.19,1.19,1.19,1.18,1.0,0.0,7.0,2.0,4387700000.0,4454950000.0,4308000000.0,13.0,6608.8,5745.44,370.13,93.33,70.66,679.85,46.62,-1.54,0.79,17.34,23.07,-30.15,-4.91,55.0,55.0,55.0,2024-04-19,1.4,1.3,2.7,4.909090909090909,0.175,0.6000000000000001,0.7750000000000001,56.29,1.2899999999999991,0.58072,0.59047,0.5855950000000001,0.195365,66.63820558577174,-0.3512100000000001,872.0,378.0,0.7017645357246167,4.0,0.0,1,4.909090909090909,2024-04-15,508.0,492.4649658203125,0.166095,0.16447,0.161215,-0.0016249999999999,-0.0048799999999999,1,0.19048,0.1444885714285714,0.0459914285714285,0.0013892857142857,1.0,0.7244521570684853,0.9641434262948207,0.1496843384115066,0.1174308724311444,0.0486641275688555,1.2746591702218175,1.12,-0.5844785652367052,1.545971651300599,-0.0959278112634901,-0.0275097992729476,-0.0173464132222024,-0.0357817517553398,1,19.229999542236328,19.549999237060547,2.6204995422363275,2.7,0.7750000000000001,real_post_mid,0.27,2.6,162.9,0.029618181818181818,fold_3,xgb,0.7407407164573669
PLD,2024-03-31,2024-04-17,1.0,128.14,126.26,-16.9,-15.66,0.56,0.59,0.53,4.0,0.56,0.57,0.58,0.59,0.0,0.0,0.0,2.0,1865170000.0,1994500000.0,1796080000.0,8.0,31653.6,30351.84,483.2,393.91,34.31,319.05,38.86,9.68,-15.0,13.33,6.93,0.2,-11.84,115.0,105.0,115.0,2024-04-19,2.0,2.275,4.275,3.7173913043478266,0.02,9.95,9.97,103.49,11.510000000000003,0.50267,0.52218,0.5124249999999999,0.27829,45.69156461921255,-0.2341399999999999,50.0,479.0,1.154879773691655,3.0,8.695652173913048,0,-4.978260869565222,2024-04-16,508.0,491.5667724609375,0.1612199999999999,0.1549457142857143,0.1523895238095237,-0.0062742857142856,-0.0088304761904761,1,0.18073,0.1417,0.03903,-4.999999999977245e-06,0.9231254435070564,0.6693651882642557,0.9282868525896414,0.1425593040893586,0.1154330633834592,0.0457869366165407,1.234995415618385,1.22,-0.0536482913262145,1.0452043335810113,-0.7306139616041919,-0.0304050985347238,-0.0123570790806707,-0.0375403630021702,1,18.399999618530273,18.84000015258789,2.277999618530277,4.275,9.97,real_post_mid,0.42750000000000005,2.6,-614.85,-0.05346521739130435,fold_3,xgb,0.7407407164573669
BRO,2024-03-31,2024-04-22,1.0,86.0,78.91,-4.07,4.55,1.05,1.1,0.93,13.0,1.05,1.05,1.03,0.94,0.0,0.0,1.0,1.0,1216930000.0,1245420000.0,1184100000.0,8.0,3240.8,2780.0,245.33,55.43,19.13,299.35,19.6,16.0,-18.31,-1.17,17.68,-15.78,-0.33,80.0,85.0,80.0,2024-05-17,3.075,3.075,6.15,7.6875,3.75,0.775,4.525,89.83,9.829999999999998,0.17097,0.4734,0.322185,0.15634,51.475084190759965,-0.073165,17.0,981.0,0.0075973409306742,28.0,6.25,1,1.4375,2024-04-19,499.0,483.3956298828125,0.166095,0.1612157142857143,0.161215,-0.0048792857142856,-0.0048799999999999,1,0.19048,0.1417,0.04878,-4.999999999977245e-06,1.0,0.7244521570684853,0.9641434262948207,0.0727362390787105,0.1072086199235604,0.0588863800764395,0.678455138500723,1.33,0.5080490005626219,1.6578392471504395,0.187518762954124,-0.0307134663442056,-0.0486473175782647,-0.0535389930158062,1,18.709999084472656,19.25,2.1004990844726557,6.15,4.525,real_post_mid,0.6150000000000001,2.6,98.39999999999998,0.012299999999999997,fold_3,xgb,0.7407407164573669
ARE,2024-03-31,2024-04-22,1.0,125.53,121.99,-5.54,-2.8,0.8,0.87,0.63,4.0,0.8,0.79,0.79,0.88,0.0,0.0,0.0,0.0,762900000.0,799400000.0,745640000.0,8.0,-573.6,477.6,-256.0,662.5,9.79,301.74,9.64,164.52,-5.75,-11.08,10.11,0.02,0.07,115.0,120.0,115.0,2024-05-17,4.35,3.5,7.85,6.826086956521739,6.3,1.625,7.925,124.17,9.170000000000002,0.2978,0.31731,0.307555,0.27829,9.515371234413369,-0.058535,9.0,1.0,0.4718853362734289,28.0,4.347826086956519,1,2.4782608695652204,2024-04-19,499.0,483.3956298828125,0.166095,0.1612157142857143,0.161215,-0.0048792857142856,-0.0048799999999999,1,0.19048,0.1417,0.04878,-4.999999999977245e-06,1.0,0.7244521570684853,0.9641434262948207,0.0727362390787105,0.1072086199235604,0.0588863800764395,0.678455138500723,1.33,0.5080490005626219,1.6578392471504395,0.187518762954124,-0.0307134663442056,-0.0486473175782647,-0.0535389930158062,1,18.709999084472656,19.25,2.1004990844726557,7.85,7.925,real_post_mid,0.785,2.6,-88.60000000000001,-0.007704347826086957,fold_3,xgb,0.7407407164573669
AMP,2024-03-31,2024-04-22,1.0,430.16,387.8,-2.04,8.66,8.2,8.6,7.91,12.0,8.18,8.22,8.22,8.18,0.0,0.0,6.0,0.0,4120680000.0,4453000000.0,3998370000.0,8.0,14063.2,15468.0,-320.0,1008.63,8.96,295.8,8.95,3.75,-6.25,-16.75,-17.73,-3.78,-6.75,420.0,410.0,420.0,2024-05-17,11.1,13.6,24.700000000000003,5.880952380952382,3.35,16.05,19.4,434.12,14.120000000000005,0.25877,0.27829,0.26853,0.20024,25.43105053439094,-0.0292649999999999,12.0,1.0,1.5636363636363635,28.0,2.3809523809523836,1,3.4999999999999987,2024-04-19,499.0,483.3956298828125,0.166095,0.1612157142857143,0.161215,-0.0048792857142856,-0.0048799999999999,1,0.19048,0.1417,0.04878,-4.999999999977245e-06,1.0,0.7244521570684853,0.9641434262948207,0.0727362390787105,0.1072086199235604,0.0588863800764395,0.678455138500723,1.33,0.5080490005626219,1.6578392471504395,0.187518762954124,-0.0307134663442056,-0.0486473175782647,-0.0535389930158062,1,18.709999084472656,19.25,2.1004990844726557,24.7,19.4,real_post_mid,2.47,2.6,280.40000000000003,0.006676190476190477,fold_3,xgb,0.7407407164573669
STLD,2024-03-31,2024-04-23,1.0,144.01,116.54,-6.84,15.12,3.51,3.58,3.27,8.0,3.51,3.42,3.4,3.28,0.0,0.0,2.0,0.0,4736490000.0,5008170000.0,4611230000.0,8.0,45239.2,45246.88,204.8,290.55,-15.57,309.75,-15.97,-40.27,-24.78,-42.67,-38.11,-5.95,-6.1,140.0,130.0,140.0,2024-05-17,4.05,6.25,10.3,7.357142857142858,1.125,10.6,11.725,133.93,6.069999999999993,0.34658,0.35633,0.3514549999999999,0.302675,13.879444025550908,-0.0292649999999999,249.0,18.0,1.167587476979742,25.0,7.14285714285714,1,0.2142857142857179,2024-04-22,503.0,487.8472595214844,0.1500657142857143,0.14658,0.146585,-0.0034857142857143,-0.0034807142857142,1,0.17097,0.13195,0.03902,0.0013942857142857,0.7472319527826904,0.5433229750998831,0.848605577689243,0.1082338071617961,0.1128974327853514,0.0371682815003628,0.95869148209577,1.22,0.0904387253653976,1.0781228283726747,-0.5886391275643681,-0.0093767204153015,-0.0430487358682216,-0.0448229566884619,1,16.940000534057617,17.6299991607666,1.9334291054861872,10.3,11.725,real_post_mid,1.03,2.6,-248.0999999999999,-0.017721428571428565,fold_3,xgb,0.7407407164573669
BKR,2024-03-31,2024-04-23,1.0,33.44,30.04,-1.32,9.85,0.4,0.42,0.35,21.0,0.4,0.41,0.41,0.4,0.0,0.0,1.0,5.0,6368150000.0,6544000000.0,6308000000.0,20.0,495.2,331.36,62.93,43.73,20.56,284.07,21.34,34.21,21.43,73.56,95.53,-0.21,3.48,33.0,33.0,33.0,2024-05-17,0.8500000000000001,1.25,2.1,6.363636363636364,0.6499999999999999,1.1,1.75,33.46,0.4600000000000008,0.30755,0.2978,0.302675,0.263655,12.891715536466524,-0.029265,265.0,340.0,1.0323574730354392,25.0,0.0,1,6.363636363636364,2024-04-22,503.0,487.8472595214844,0.1500657142857143,0.14658,0.146585,-0.0034857142857143,-0.0034807142857142,1,0.17097,0.13195,0.03902,0.0013942857142857,0.7472319527826904,0.5433229750998831,0.848605577689243,0.1082338071617961,0.1128974327853514,0.0371682815003628,0.95869148209577,1.22,0.0904387253653976,1.0781228283726747,-0.5886391275643681,-0.0093767204153015,-0.0430487358682216,-0.0448229566884619,1,16.940000534057617,17.6299991607666,1.9334291054861872,2.1,1.75,real_post_mid,0.21000000000000002,2.6,11.400000000000007,0.0034545454545454567,fold_3,xgb,0.7407407164573669
CB,2024-03-31,2024-04-23,1.0,255.51,241.58,-2.2,3.44,5.3,5.57,4.57,20.0,5.29,5.33,5.34,5.24,1.0,0.0,4.0,0.0,10289500000.0,10477000000.0,10063000000.0,6.0,16263.2,13978.4,843.73,387.98,16.34,259.15,16.6,36.79,11.92,-98.76,45.69,74.8,3.81,250.0,245.0,250.0,2024-05-17,7.1,4.75,11.85,4.74,1.775,8.1,9.875,274.28,24.279999999999973,0.21975,0.22951,0.22463,0.17585,21.71571027912567,-0.01951,1472.0,71.0,1.850523168908819,25.0,2.0000000000000018,1,2.7399999999999984,2024-04-22,503.0,487.8472595214844,0.1500657142857143,0.14658,0.146585,-0.0034857142857143,-0.0034807142857142,1,0.17097,0.13195,0.03902,0.0013942857142857,0.7472319527826904,0.5433229750998831,0.848605577689243,0.1082338071617961,0.1128974327853514,0.0371682815003628,0.95869148209577,1.22,0.0904387253653976,1.0781228283726747,-0.5886391275643681,-0.0093767204153015,-0.0430487358682216,-0.0448229566884619,1,16.940000534057617,17.6299991607666,1.9334291054861872,11.85,9.875,real_post_mid,1.185,2.6,76.39999999999996,0.0030559999999999984,fold_3,xgb,0.7407407164573669
EQR,2024-03-31,2024-04-23,1.0,62.17,58.76,1.48,7.37,0.33,0.42,0.3,11.0,0.33,0.33,0.35,0.33,0.0,0.0,0.0,1.0,726230000.0,735100000.0,709000000.0,15.0,27170.4,25688.16,1032.53,682.52,5.07,296.92,5.24,95.24,82.22,-31.97,-31.48,11.75,-21.55,62.5,65.0,62.5,2024-05-17,1.675,1.375,3.05,4.88,2.85,0.475,3.325,67.13,4.6299999999999955,0.23926,0.22951,0.234385,0.19536,16.64995626853254,-0.01951,541.0,19.0,0.1237384817902588,25.0,4.0000000000000036,1,0.8799999999999963,2024-04-22,503.0,487.8472595214844,0.1500657142857143,0.14658,0.146585,-0.0034857142857143,-0.0034807142857142,1,0.17097,0.13195,0.03902,0.0013942857142857,0.7472319527826904,0.5433229750998831,0.848605577689243,0.1082338071617961,0.1128974327853514,0.0371682815003628,0.95869148209577,1.22,0.0904387253653976,1.0781228283726747,-0.5886391275643681,-0.0093767204153015,-0.0430487358682216,-0.0448229566884619,1,16.940000534057617,17.6299991607666,1.9334291054861872,3.05,3.325,real_post_mid,0.305,2.6,-60.60000000000003,-0.009696000000000005,fold_3,xgb,0.7407407164573669
GE,2024-03-31,2024-04-23,1.0,175.15,129.93,-7.15,25.16,0.65,0.72,0.63,9.0,0.65,0.58,0.64,0.72,0.0,0.0,7.0,1.0,15141400000.0,15308000000.0,14904800000.0,8.0,38872.8,37844.64,562.13,146.48,-53.83,280.0,-42.38,-16.94,25.61,165.74,153.88,17.05,10.91,150.0,160.0,150.0,2024-04-26,4.449999999999999,4.1,8.549999999999999,5.699999999999999,9.425,0.08,9.505,162.35,12.349999999999994,0.68803,0.67828,0.683155,0.36609,46.41186846323308,-0.33658,388.0,847.0,0.6402116402116402,4.0,6.666666666666665,0,-0.966666666666666,2024-04-22,503.0,487.8472595214844,0.1500657142857143,0.14658,0.146585,-0.0034857142857143,-0.0034807142857142,1,0.17097,0.13195,0.03902,0.0013942857142857,0.7472319527826904,0.5433229750998831,0.848605577689243,0.1082338071617961,0.1128974327853514,0.0371682815003628,0.95869148209577,1.22,0.0904387253653976,1.0781228283726747,-0.5886391275643681,-0.0093767204153015,-0.0430487358682216,-0.0448229566884619,1,16.940000534057617,17.6299991607666,1.9334291054861872,8.549999999999999,9.505,real_post_mid,0.855,2.6,-183.60000000000016,-0.012240000000000011,fold_3,xgb,0.7407407164573669
IEX,2024-03-31,2024-04-23,1.0,243.87,205.69,-4.76,12.92,1.76,1.86,1.72,10.0,1.75,1.75,1.75,2.03,1.0,0.0,1.0,0.0,807020000.0,837000000.0,797900000.0,10.0,7496.8,6748.0,426.67,223.28,2.89,312.64,3.71,-8.96,-13.68,-19.49,-7.22,-5.92,-2.44,230.0,220.0,230.0,2024-05-17,5.9,5.4,11.3,4.91304347826087,2.1,7.65,9.75,222.33,7.6699999999999875,0.22951,0.23926,0.234385,0.1563399999999999,33.2977792947501,-0.03902,27.0,1.0,0.0,25.0,4.347826086956519,1,0.5652173913043512,2024-04-22,503.0,487.8472595214844,0.1500657142857143,0.14658,0.146585,-0.0034857142857143,-0.0034807142857142,1,0.17097,0.13195,0.03902,0.0013942857142857,0.7472319527826904,0.5433229750998831,0.848605577689243,0.1082338071617961,0.1128974327853514,0.0371682815003628,0.95869148209577,1.22,0.0904387253653976,1.0781228283726747,-0.5886391275643681,-0.0093767204153015,-0.0430487358682216,-0.0448229566884619,1,16.940000534057617,17.6299991607666,1.9334291054861872,11.3,9.75,real_post_mid,1.1300000000000001,2.6,39.400000000000055,0.001713043478260872,fold_3,xgb,0.7407407164573669
IVZ,2024-03-31,2024-04-23,0.0,15.71,15.82,-7.19,-7.84,0.4,0.42,0.37,13.0,0.4,0.38,0.38,0.39,4.0,0.0,8.0,0.0,1089140000.0,1123000000.0,1064000000.0,9.0,4639.2,4592.64,-21.87,178.28,-5.5,296.42,-5.96,20.51,34.29,-128.45,-133.0,59.7,-29.39,16.0,14.0,16.0,2024-05-17,0.35,0.8500000000000001,1.2000000000000002,7.500000000000001,0.05,1.95,2.0,16.0,0.0,0.30755,0.39536,0.3514549999999999,0.31243,11.103839751888572,-0.0438999999999999,356.0,81.0,0.5568513119533528,25.0,12.5,0,-4.999999999999999,2024-04-22,503.0,487.8472595214844,0.1500657142857143,0.14658,0.146585,-0.0034857142857143,-0.0034807142857142,1,0.17097,0.13195,0.03902,0.0013942857142857,0.7472319527826904,0.5433229750998831,0.848605577689243,0.1082338071617961,0.1128974327853514,0.0371682815003628,0.95869148209577,1.22,0.0904387253653976,1.0781228283726747,-0.5886391275643681,-0.0093767204153015,-0.0430487358682216,-0.0448229566884619,1,16.940000534057617,17.6299991607666,1.9334291054861872,1.2000000000000002,2.0,real_post_mid,0.12000000000000002,2.6,-94.59999999999998,-0.05912499999999999,fold_3,xgb,0.7407407164573669
IPG,2024-03-31,2024-04-24,1.0,32.41,32.92,-3.12,-4.62,0.35,0.39,0.33,8.0,0.35,0.35,0.35,0.37,0.0,0.0,1.0,0.0,2183730000.0,2205760000.0,2162500000.0,5.0,6312.8,6266.72,38.4,127.36,-0.35,306.54,-0.61,15.69,68.57,10.94,7.34,-0.22,0.98,31.0,31.0,31.0,2024-05-17,1.0,0.925,1.925,6.209677419354839,0.8,0.55,1.35,31.78,0.7800000000000011,0.2978,0.30755,0.302675,0.21975,27.39737342033535,-0.0439,49.0,43.0,1.0829694323144106,24.0,0.0,1,6.209677419354839,2024-04-23,509.0,493.6364135742187,0.1417,0.136825,0.141705,-0.0048749999999999,5.000000000032756e-06,0,0.15146,0.13195,0.01951,5.000000000032756e-06,0.615311834739415,0.4487913152266031,0.7689243027888446,0.145492163439729,0.1227377104023003,0.0189622895976996,1.1853908873063213,1.37,0.8929210004614385,1.1263777908079848,-0.5505160979005127,0.004210294977669,-0.0298535964888395,-0.0334881240263091,1,15.6899995803833,16.68000030517578,1.5199995803833009,1.925,1.35,real_post_mid,0.1925,2.6,35.64999999999999,0.011499999999999998,fold_3,xgb,0.7407407164573669
HLT,2024-03-31,2024-04-24,1.0,210.12,191.77,-2.58,6.74,1.42,1.45,1.37,18.0,1.42,1.42,1.42,1.41,0.0,0.0,1.0,3.0,2532860000.0,2640000000.0,2475590000.0,10.0,4904.8,4619.04,181.87,113.32,16.66,282.9,18.27,5.66,0.6,-0.35,6.26,-2.12,-2.13,200.0,200.0,200.0,2024-05-17,4.0,6.35,10.35,5.175,6.9,2.4,9.3,204.19,4.189999999999998,0.24902,0.24902,0.24902,0.2148749999999999,13.711750060236133,-0.0243899999999999,287.0,287.0,0.851129363449692,24.0,0.0,1,5.175,2024-04-23,509.0,493.6364135742187,0.1417,0.136825,0.141705,-0.0048749999999999,5.000000000032756e-06,0,0.15146,0.13195,0.01951,5.000000000032756e-06,0.615311834739415,0.4487913152266031,0.7689243027888446,0.145492163439729,0.1227377104023003,0.0189622895976996,1.1853908873063213,1.37,0.8929210004614385,1.1263777908079848,-0.5505160979005127,0.004210294977669,-0.0298535964888395,-0.0334881240263091,1,15.6899995803833,16.68000030517578,1.5199995803833009,10.35,9.3,real_post_mid,1.035,2.6,-1.1000000000000987,-5.5000000000004935e-05,fold_3,xgb,0.7407407164573669
CMG,2024-03-31,2024-04-24,0.0,2903.44,2311.77,0.8,26.6,11.68,12.36,11.01,28.0,11.64,11.48,11.49,12.18,4.0,0.0,15.0,0.0,2674510000.0,2732700000.0,2618200000.0,25.0,-217674.14,-190699.48,-16225.37,11030.07,14.33,299.35,14.17,23.53,-7.57,30.35,34.25,2.32,2.34,2920.0,3155.0,2920.0,2024-04-26,86.55,88.35,174.89999999999998,5.98972602739726,194.5,0.625,195.125,3186.97,266.9699999999998,0.83437,0.82461,0.82949,0.356335,57.04167621068367,-0.51218,29.0,50.0,2.403225806451613,3.0,8.047945205479445,0,-2.0582191780821857,2024-04-23,509.0,493.6364135742187,0.1417,0.136825,0.141705,-0.0048749999999999,5.000000000032756e-06,0,0.15146,0.13195,0.01951,5.000000000032756e-06,0.615311834739415,0.4487913152266031,0.7689243027888446,0.145492163439729,0.1227377104023003,0.0189622895976996,1.1853908873063213,1.37,0.8929210004614385,1.1263777908079848,-0.5505160979005127,0.004210294977669,-0.0298535964888395,-0.0334881240263091,1,15.6899995803833,16.68000030517578,1.5199995803833009,174.89999999999998,195.125,real_post_mid,17.49,2.6,-3774.1000000000017,-0.012925000000000006,fold_3,xgb,0.7407407164573669
RJF,2024-03-31,2024-04-24,0.0,126.46,113.85,0.85,12.02,2.31,2.44,2.18,11.0,2.31,2.31,2.3,2.31,0.0,0.0,6.0,0.0,3142630000.0,3182000000.0,3095000000.0,9.0,-26973.6,-26119.84,-106.67,639.78,27.91,0.0,19.91,5.76,-15.83,-2.9,43.71,-16.68,3.0,130.0,120.0,130.0,2024-05-17,2.175,3.85,6.0249999999999995,4.634615384615384,0.35,7.6,7.949999999999999,126.42,3.5799999999999983,0.24902,0.19048,0.21975,0.21975,0.0,0.0097599999999999,701.0,2.0,1.1,24.0,7.692307692307687,0,-3.057692307692303,2024-04-23,509.0,493.6364135742187,0.1417,0.136825,0.141705,-0.0048749999999999,5.000000000032756e-06,0,0.15146,0.13195,0.01951,5.000000000032756e-06,0.615311834739415,0.4487913152266031,0.7689243027888446,0.145492163439729,0.1227377104023003,0.0189622895976996,1.1853908873063213,1.37,0.8929210004614385,1.1263777908079848,-0.5505160979005127,0.004210294977669,-0.0298535964888395,-0.0334881240263091,1,15.6899995803833,16.68000030517578,1.5199995803833009,6.025,7.949999999999999,real_post_mid,0.6025,2.6,-255.34999999999988,-0.019642307692307685,fold_3,xgb,0.7407407164573669
URI,2024-03-31,2024-04-24,1.0,704.44,651.64,-6.99,0.54,8.32,9.16,7.79,16.0,8.32,8.3,8.23,8.18,0.0,0.0,1.0,1.0,3441890000.0,3550740000.0,3282000000.0,14.0,32082.4,29318.88,1532.27,603.94,23.11,280.66,24.75,15.61,-4.01,21.28,19.28,-2.24,-0.86,660.0,690.0,660.0,2024-04-26,20.549999999999997,18.4,38.95,5.9015151515151505,30.450000000000003,0.2,30.65,690.8,30.799999999999955,0.82461,0.8051,0.814855,0.39048,52.07981788170901,-0.41462,19.0,35.0,0.3334825425246195,3.0,4.545454545454541,1,1.356060606060609,2024-04-23,509.0,493.6364135742187,0.1417,0.136825,0.141705,-0.0048749999999999,5.000000000032756e-06,0,0.15146,0.13195,0.01951,5.000000000032756e-06,0.615311834739415,0.4487913152266031,0.7689243027888446,0.145492163439729,0.1227377104023003,0.0189622895976996,1.1853908873063213,1.37,0.8929210004614385,1.1263777908079848,-0.5505160979005127,0.004210294977669,-0.0298535964888395,-0.0334881240263091,1,15.6899995803833,16.68000030517578,1.5199995803833009,38.949999999999996,30.65,real_post_mid,3.8949999999999996,2.6,437.89999999999975,0.006634848484848481,fold_3,xgb,0.7407407164573669
BG,2024-03-31,2024-04-24,1.0,99.94,88.45,5.85,19.6,2.53,2.82,2.2,11.0,2.53,2.52,2.57,2.8,0.0,0.0,1.0,0.0,13955800000.0,16505800000.0,12205000000.0,8.0,41116.0,36136.8,2016.0,753.19,-11.44,318.5,-11.6,14.2,23.75,39.66,35.32,2.66,1.82,110.0,105.0,110.0,2024-05-17,3.075,3.5,6.575,5.9772727272727275,1.725,7.05,8.775,103.09,6.909999999999997,0.27829,0.30755,0.2929199999999999,0.26365,9.992489416905627,-0.0438999999999999,758.0,92.0,0.3944856839872747,24.0,4.545454545454541,1,1.431818181818186,2024-04-23,509.0,493.6364135742187,0.1417,0.136825,0.141705,-0.0048749999999999,5.000000000032756e-06,0,0.15146,0.13195,0.01951,5.000000000032756e-06,0.615311834739415,0.4487913152266031,0.7689243027888446,0.145492163439729,0.1227377104023003,0.0189622895976996,1.1853908873063213,1.37,0.8929210004614385,1.1263777908079848,-0.5505160979005127,0.004210294977669,-0.0298535964888395,-0.0334881240263091,1,15.6899995803833,16.68000030517578,1.5199995803833009,6.575,8.775,real_post_mid,0.6575000000000001,2.6,-288.3500000000001,-0.02621363636363637,fold_3,xgb,0.7407407164573669
DOV,2024-03-31,2024-04-25,1.0,174.78,149.94,2.48,19.45,1.87,1.98,1.8,14.0,1.91,1.94,1.94,2.1,1.0,0.0,1.0,0.0,2034800000.0,2107000000.0,1977700000.0,14.0,8458.4,8534.56,121.6,243.65,7.57,330.86,2.55,13.43,4.26,-14.73,6.78,-0.47,-0.12,170.0,180.0,170.0,2024-05-17,5.1,3.2,8.3,4.882352941176471,11.6,0.375,11.975,184.09,14.090000000000003,0.23926,0.23926,0.23926,0.185605,22.42539496781743,-0.029265,536.0,13.0,0.2987654320987654,23.0,5.882352941176472,0,-1.0000000000000009,2024-04-24,507.0,493.4020690917969,0.136825,0.136825,0.141705,0.0,0.00488,0,0.17097,0.12219,0.04878,0.0097549999999999,0.5384372782464718,0.3937043464223738,0.7330677290836654,0.1341956863401745,0.1226830850850508,0.0141419149149491,1.0938401675108065,1.17,-0.2813869012510898,0.5635539110146777,-1.327794456995396,0.0097092671891432,-0.0276275567569628,-0.033946957125127,1,15.970000267028809,16.84000015258789,2.2875002670288076,8.3,11.975,real_post_mid,0.8300000000000001,2.6,-453.0999999999999,-0.026652941176470584,fold_3,xgb,0.7407407164573669
EME,2024-03-31,2024-04-25,1.0,351.18,224.21,-0.52,55.81,2.83,3.01,2.58,3.0,2.83,2.83,2.78,2.78,0.0,0.0,0.0,0.0,3223580000.0,3285740000.0,3160000000.0,3.0,30213.6,22250.4,4976.0,1292.66,13.6,292.28,13.14,69.96,25.21,48.26,55.03,2.12,1.86,340.0,360.0,340.0,2024-05-17,13.3,13.95,27.25,8.014705882352942,18.4,4.55,22.95,378.37,38.370000000000005,0.39536,0.41487,0.405115,0.23926,40.94022684916629,-0.0780449999999999,22.0,11.0,0.3855421686746988,23.0,5.882352941176472,1,2.13235294117647,2024-04-24,507.0,493.4020690917969,0.136825,0.136825,0.141705,0.0,0.00488,0,0.17097,0.12219,0.04878,0.0097549999999999,0.5384372782464718,0.3937043464223738,0.7330677290836654,0.1341956863401745,0.1226830850850508,0.0141419149149491,1.0938401675108065,1.17,-0.2813869012510898,0.5635539110146777,-1.327794456995396,0.0097092671891432,-0.0276275567569628,-0.033946957125127,1,15.970000267028809,16.84000015258789,2.2875002670288076,27.25,22.95,real_post_mid,2.725,2.6,154.90000000000006,0.004555882352941179,fold_3,xgb,0.7407407164573669
EW,2024-03-31,2024-04-25,1.0,93.42,73.24,-5.79,20.17,0.64,0.66,0.63,25.0,0.64,0.64,0.64,0.66,0.0,0.0,0.0,1.0,1568990000.0,1610000000.0,1487300000.0,24.0,-12141.6,-12150.56,14.93,18.57,11.56,382.93,6.23,0.0,8.47,-21.75,-9.89,-1.29,-6.08,90.0,87.5,90.0,2024-05-17,2.875,3.85,6.725,7.472222222222221,0.825,4.5,5.325,89.14,0.8599999999999994,0.37584,0.36609,0.370965,0.23926,35.50334937258231,-0.063415,2011.0,161.0,0.4099616858237548,23.0,2.777777777777779,1,4.694444444444443,2024-04-24,507.0,493.4020690917969,0.136825,0.136825,0.141705,0.0,0.00488,0,0.17097,0.12219,0.04878,0.0097549999999999,0.5384372782464718,0.3937043464223738,0.7330677290836654,0.1341956863401745,0.1226830850850508,0.0141419149149491,1.0938401675108065,1.17,-0.2813869012510898,0.5635539110146777,-1.327794456995396,0.0097092671891432,-0.0276275567569628,-0.033946957125127,1,15.970000267028809,16.84000015258789,2.2875002670288076,6.725,5.325,real_post_mid,0.6725,2.6,70.14999999999995,0.007794444444444439,fold_3,xgb,0.7407407164573669
FE,2024-03-31,2024-04-25,0.0,37.79,36.38,2.06,6.02,0.56,0.81,0.52,11.0,0.6,0.65,0.63,0.68,0.0,0.0,0.0,3.0,3222100000.0,3420200000.0,3019930000.0,6.0,3151.2,2998.4,42.13,46.41,3.3,269.09,3.92,24.0,-29.55,4.86,18.64,0.76,2.28,38.0,38.0,38.0,2024-05-17,0.8500000000000001,0.75,1.6,4.2105263157894735,0.625,0.7749999999999999,1.4,40.04,2.039999999999999,0.16122,0.24902,0.20512,0.185605,9.513943057722296,-0.0292699999999999,921.0,202.0,2.2386706948640485,23.0,0.0,1,4.2105263157894735,2024-04-24,507.0,493.4020690917969,0.136825,0.136825,0.141705,0.0,0.00488,0,0.17097,0.12219,0.04878,0.0097549999999999,0.5384372782464718,0.3937043464223738,0.7330677290836654,0.1341956863401745,0.1226830850850508,0.0141419149149491,1.0938401675108065,1.17,-0.2813869012510898,0.5635539110146777,-1.327794456995396,0.0097092671891432,-0.0276275567569628,-0.033946957125127,1,15.970000267028809,16.84000015258789,2.2875002670288076,1.6,1.4,real_post_mid,0.16000000000000003,2.6,1.4000000000000141,0.00036842105263158265,fold_3,xgb,0.7407407164573669
GWW,2024-03-31,2024-04-25,0.0,1005.37,883.24,-5.72,7.31,9.62,10.14,9.42,12.0,9.6,9.57,9.53,9.82,1.0,0.0,3.0,0.0,4258690000.0,4310000000.0,4201000000.0,12.0,22165.6,20270.4,760.0,587.9,8.21,291.59,8.65,16.67,-11.66,15.85,15.8,1.01,1.02,960.0,930.0,960.0,2024-05-17,27.35,28.25,55.6,5.791666666666666,5.9,36.35,42.25,945.66,14.340000000000032,0.27829,0.2978,0.288045,0.195365,32.175528129285354,-0.0536599999999999,264.0,8.0,1.063013698630137,23.0,3.125,1,2.666666666666666,2024-04-24,507.0,493.4020690917969,0.136825,0.136825,0.141705,0.0,0.00488,0,0.17097,0.12219,0.04878,0.0097549999999999,0.5384372782464718,0.3937043464223738,0.7330677290836654,0.1341956863401745,0.1226830850850508,0.0141419149149491,1.0938401675108065,1.17,-0.2813869012510898,0.5635539110146777,-1.327794456995396,0.0097092671891432,-0.0276275567569628,-0.033946957125127,1,15.970000267028809,16.84000015258789,2.2875002670288076,55.6,42.25,real_post_mid,5.5600000000000005,2.6,776.4000000000001,0.008087500000000001,fold_3,xgb,0.7407407164573669
DTE,2024-03-31,2024-04-25,0.0,107.13,103.59,3.74,7.29,1.73,2.07,1.55,13.0,1.87,2.01,2.07,2.02,0.0,0.0,1.0,2.0,3370900000.0,4623000000.0,2408300000.0,6.0,8605.6,9445.12,-502.93,601.52,-33.72,341.31,-34.97,50.38,36.81,21.75,28.32,14.87,8.51,110.0,110.0,110.0,2024-05-17,3.35,1.325,4.675,4.25,1.825,1.95,3.775,116.6,6.599999999999994,0.20024,0.19048,0.19536,0.18073,7.48873873873874,0.0048799999999999,93.0,4.0,0.0517241379310344,23.0,0.0,1,4.25,2024-04-24,507.0,493.4020690917969,0.136825,0.136825,0.141705,0.0,0.00488,0,0.17097,0.12219,0.04878,0.0097549999999999,0.5384372782464718,0.3937043464223738,0.7330677290836654,0.1341956863401745,0.1226830850850508,0.0141419149149491,1.0938401675108065,1.17,-0.2813869012510898,0.5635539110146777,-1.327794456995396,0.0097092671891432,-0.0276275567569628,-0.033946957125127,1,15.970000267028809,16.84000015258789,2.2875002670288076,4.675,3.775,real_post_mid,0.4675,2.6,40.649999999999984,0.003695454545454544,fold_3,xgb,0.7407407164573669
DXCM,2024-03-31,2024-04-25,1.0,139.93,121.96,-1.37,13.16,0.27,0.34,0.21,20.0,0.27,0.27,0.27,0.28,1.0,0.0,1.0,0.0,909240000.0,928000000.0,877650000.0,21.0,1028.0,432.32,245.87,121.43,24.49,271.52,24.09,47.06,0.0,62.16,52.79,-1.53,3.06,138.0,124.0,138.0,2024-04-26,4.7,4.65,9.35,6.77536231884058,0.03,14.45,14.48,124.34,13.659999999999997,1.16607,1.12705,1.14656,0.35633,68.92181830867987,-0.726815,202.0,16.0,0.083420715367587,2.0,10.144927536231885,0,-3.3695652173913047,2024-04-24,507.0,493.4020690917969,0.136825,0.136825,0.141705,0.0,0.00488,0,0.17097,0.12219,0.04878,0.0097549999999999,0.5384372782464718,0.3937043464223738,0.7330677290836654,0.1341956863401745,0.1226830850850508,0.0141419149149491,1.0938401675108065,1.17,-0.2813869012510898,0.5635539110146777,-1.327794456995396,0.0097092671891432,-0.0276275567569628,-0.033946957125127,1,15.970000267028809,16.84000015258789,2.2875002670288076,9.350000000000001,14.48,real_post_mid,0.9350000000000002,2.6,-609.1,-0.044137681159420294,fold_3,xgb,0.7407407164573669
DOC,2024-03-31,2024-04-25,0.0,17.56,19.42,4.44,-5.56,0.07,0.11,0.02,5.0,0.07,0.07,0.07,0.08,0.0,0.0,0.0,0.0,588280000.0,627100000.0,545400000.0,8.0,1877.6,2050.4,-115.2,95.52,5.81,292.1,5.85,0.0,0.0,-9.02,21.68,0.51,2.59,17.5,17.5,17.5,2024-05-17,0.7999999999999999,0.2,1.0,5.714285714285714,1.375,0.125,1.5,19.89,2.390000000000001,0.01488,0.34658,0.18073,0.263655,-45.88336192109775,0.26828,108.0,5.0,0.2708333333333333,23.0,0.0,1,5.714285714285714,2024-04-24,507.0,493.4020690917969,0.136825,0.136825,0.141705,0.0,0.00488,0,0.17097,0.12219,0.04878,0.0097549999999999,0.5384372782464718,0.3937043464223738,0.7330677290836654,0.1341956863401745,0.1226830850850508,0.0141419149149491,1.0938401675108065,1.17,-0.2813869012510898,0.5635539110146777,-1.327794456995396,0.0097092671891432,-0.0276275567569628,-0.033946957125127,1,15.970000267028809,16.84000015258789,2.2875002670288076,1.0,1.5,real_post_mid,0.1,2.6,-62.6,-0.03577142857142857,fold_3,xgb,0.7407407164573669
CMS,2024-03-31,2024-04-25,1.0,58.25,56.39,3.83,7.25,0.94,1.15,0.9,11.0,1.07,1.12,1.05,1.05,1.0,0.0,2.0,3.0,2344490000.0,2528000000.0,2033160000.0,6.0,4277.6,4348.0,-32.0,132.91,-13.19,346.03,-13.01,75.0,72.13,9.03,0.9,6.22,2.31,60.0,60.0,60.0,2024-05-17,1.2,2.675,3.875,6.458333333333334,0.7250000000000001,2.85,3.575,63.24,3.240000000000002,0.15146,0.48316,0.31731,0.31243,1.5379282090069637,-0.0731699999999999,38.0,2.0,0.0,23.0,0.0,1,6.458333333333334,2024-04-24,507.0,493.4020690917969,0.136825,0.136825,0.141705,0.0,0.00488,0,0.17097,0.12219,0.04878,0.0097549999999999,0.5384372782464718,0.3937043464223738,0.7330677290836654,0.1341956863401745,0.1226830850850508,0.0141419149149491,1.0938401675108065,1.17,-0.2813869012510898,0.5635539110146777,-1.327794456995396,0.0097092671891432,-0.0276275567569628,-0.033946957125127,1,15.970000267028809,16.84000015258789,2.2875002670288076,3.875,3.575,real_post_mid,0.3875,2.6,-11.35000000000002,-0.00189166666666667,fold_3,xgb,0.7407407164573669
ERIE,2024-03-31,2024-04-25,1.0,405.96,345.23,-6.33,10.15,2.29,2.33,2.25,2.0,2.29,2.29,2.29,2.29,0.0,0.0,0.0,0.0,835610000.0,835610000.0,835610000.0,1.0,7884.0,5277.6,1024.0,778.71,14.65,280.58,14.76,69.6,-15.54,32.04,38.2,3.57,2.72,380.0,380.0,380.0,2024-05-17,12.95,10.15,23.1,6.078947368421053,9.25,6.85,16.1,396.81,16.810000000000002,0.28804,0.31731,0.302675,0.2197549999999999,27.395721483439345,-0.034145,2.0,0.0,,23.0,0.0,1,6.078947368421053,2024-04-24,507.0,493.4020690917969,0.136825,0.136825,0.141705,0.0,0.00488,0,0.17097,0.12219,0.04878,0.0097549999999999,0.5384372782464718,0.3937043464223738,0.7330677290836654,0.1341956863401745,0.1226830850850508,0.0141419149149491,1.0938401675108065,1.17,-0.2813869012510898,0.5635539110146777,-1.327794456995396,0.0097092671891432,-0.0276275567569628,-0.033946957125127,1,15.970000267028809,16.84000015258789,2.2875002670288076,23.1,16.1,real_post_mid,2.31,2.6,466.3999999999999,0.012273684210526313,fold_3,xgb,0.7407407164573669
AVB,2024-03-31,2024-04-25,1.0,180.67,177.5,5.89,7.79,1.17,1.26,1.1,10.0,1.17,1.17,1.19,1.26,0.0,0.0,0.0,0.0,704970000.0,713360000.0,692000000.0,11.0,37160.8,36312.8,384.0,544.24,6.73,296.76,6.95,-1.16,40.5,-10.68,12.86,-0.26,1.74,190.0,190.0,190.0,2024-05-17,5.4,3.3,8.7,4.578947368421052,4.8,2.675,7.475,198.89,8.889999999999986,0.22951,0.21975,0.22463,0.20024,10.857855139562837,-0.01951,153.0,4.0,0.59375,23.0,0.0,1,4.578947368421052,2024-04-24,507.0,493.4020690917969,0.136825,0.136825,0.141705,0.0,0.00488,0,0.17097,0.12219,0.04878,0.0097549999999999,0.5384372782464718,0.3937043464223738,0.7330677290836654,0.1341956863401745,0.1226830850850508,0.0141419149149491,1.0938401675108065,1.17,-0.2813869012510898,0.5635539110146777,-1.327794456995396,0.0097092671891432,-0.0276275567569628,-0.033946957125127,1,15.970000267028809,16.84000015258789,2.2875002670288076,8.7,7.475,real_post_mid,0.87,2.6,32.89999999999996,0.001731578947368419,fold_3,xgb,0.7407407164573669
AJG,2024-03-31,2024-04-25,1.0,246.23,233.03,-3.77,1.68,3.41,3.46,3.37,16.0,3.41,3.44,3.46,3.47,0.0,0.0,1.0,3.0,3181210000.0,3232810000.0,3140100000.0,8.0,5412.0,5273.28,117.87,77.83,17.79,304.17,17.53,42.31,-7.5,-7.29,6.24,0.08,-2.01,240.0,240.0,240.0,2024-05-17,4.1,6.5,10.6,4.416666666666667,1.95,6.25,8.2,257.67,17.670000000000016,0.21975,0.21975,0.21975,0.15634,28.855517633674623,-0.0243899999999999,224.0,8.0,1.0,23.0,0.0,1,4.416666666666667,2024-04-24,507.0,493.4020690917969,0.136825,0.136825,0.141705,0.0,0.00488,0,0.17097,0.12219,0.04878,0.0097549999999999,0.5384372782464718,0.3937043464223738,0.7330677290836654,0.1341956863401745,0.1226830850850508,0.0141419149149491,1.0938401675108065,1.17,-0.2813869012510898,0.5635539110146777,-1.327794456995396,0.0097092671891432,-0.0276275567569628,-0.033946957125127,1,15.970000267028809,16.84000015258789,2.2875002670288076,10.6,8.2,real_post_mid,1.06,2.6,131.40000000000003,0.005475000000000002,fold_3,xgb,0.7407407164573669
CARR,2024-03-31,2024-04-25,1.0,57.54,55.51,3.95,7.75,0.51,0.6,0.49,17.0,0.51,0.51,0.5,0.55,0.0,0.0,1.0,1.0,6275060000.0,6533670000.0,5479000000.0,17.0,3938.4,3685.92,205.33,118.44,27.82,347.78,17.46,32.5,-40.45,0.48,-42.37,3.99,-12.65,55.0,60.0,55.0,2024-05-17,1.875,2.0999999999999996,3.975,7.227272727272727,5.65,0.175,5.825,65.23,10.230000000000004,0.34658,0.37584,0.36121,0.258775,28.358849422773467,-0.058535,1773.0,80.0,0.1580920641533014,23.0,9.090909090909085,0,-1.863636363636356,2024-04-24,507.0,493.4020690917969,0.136825,0.136825,0.141705,0.0,0.00488,0,0.17097,0.12219,0.04878,0.0097549999999999,0.5384372782464718,0.3937043464223738,0.7330677290836654,0.1341956863401745,0.1226830850850508,0.0141419149149491,1.0938401675108065,1.17,-0.2813869012510898,0.5635539110146777,-1.327794456995396,0.0097092671891432,-0.0276275567569628,-0.033946957125127,1,15.970000267028809,16.84000015258789,2.2875002670288076,3.9749999999999996,5.825,real_post_mid,0.39749999999999996,2.6,-227.35000000000005,-0.04133636363636364,fold_3,xgb,0.7407407164573669
WTW,2024-03-31,2024-04-25,1.0,274.14,249.48,-6.28,2.98,3.27,3.4,3.07,17.0,3.27,3.29,3.29,3.29,0.0,0.0,0.0,1.0,2383620000.0,2425970000.0,2353070000.0,11.0,2039.2,1027.36,544.0,668.2,6.96,337.81,6.94,17.54,232.14,-27.32,15.87,40.03,1.1,270.0,250.0,270.0,2024-05-17,5.5,10.0,15.5,5.7407407407407405,0.23,18.8,19.03,257.4,12.600000000000025,0.28804,0.27829,0.283165,0.18073,36.175021630498115,-0.063415,855.0,109.0,21.125,23.0,7.4074074074074066,0,-1.666666666666666,2024-04-24,507.0,493.4020690917969,0.136825,0.136825,0.141705,0.0,0.00488,0,0.17097,0.12219,0.04878,0.0097549999999999,0.5384372782464718,0.3937043464223738,0.7330677290836654,0.1341956863401745,0.1226830850850508,0.0141419149149491,1.0938401675108065,1.17,-0.2813869012510898,0.5635539110146777,-1.327794456995396,0.0097092671891432,-0.0276275567569628,-0.033946957125127,1,15.970000267028809,16.84000015258789,2.2875002670288076,15.5,19.03,real_post_mid,1.55,2.6,-510.60000000000014,-0.018911111111111115,fold_3,xgb,0.7407407164573669
WDC,2024-03-31,2024-04-25,1.0,68.15,58.23,1.89,19.25,0.21,0.5,0.05,19.0,0.2,0.15,0.09,-0.42,1.0,0.0,5.0,0.0,3360860000.0,3594000000.0,3300000000.0,18.0,38298.4,34515.36,1810.13,992.18,-2.41,0.0,-18.94,-96.32,136.23,91.49,34.58,-0.76,3.4,70.0,71.0,70.0,2024-04-26,2.66,3.05,5.71,8.157142857142857,1.31,0.01,1.32,71.36,1.3599999999999994,1.39045,1.37094,1.380695,0.419745,69.59900629755305,-0.83412,5871.0,216.0,0.300102941973235,2.0,1.4285714285714235,1,6.728571428571433,2024-04-24,507.0,493.4020690917969,0.136825,0.136825,0.141705,0.0,0.00488,0,0.17097,0.12219,0.04878,0.0097549999999999,0.5384372782464718,0.3937043464223738,0.7330677290836654,0.1341956863401745,0.1226830850850508,0.0141419149149491,1.0938401675108065,1.17,-0.2813869012510898,0.5635539110146777,-1.327794456995396,0.0097092671891432,-0.0276275567569628,-0.033946957125127,1,15.970000267028809,16.84000015258789,2.2875002670288076,5.71,1.32,real_post_mid,0.5710000000000001,2.6,379.29999999999995,0.05418571428571428,fold_3,xgb,0.7407407164573669
VRSN,2024-03-31,2024-04-25,1.0,187.1,203.11,-2.36,-10.06,1.86,1.87,1.85,2.0,1.86,1.86,1.86,1.88,0.0,0.0,0.0,0.0,381850000.0,382900000.0,380800000.0,2.0,9804.0,9400.8,224.0,79.6,4.79,296.78,5.05,12.94,4.92,9.33,6.1,0.88,0.82,185.0,175.0,185.0,2024-05-17,5.55,4.4,9.95,5.378378378378378,0.875,9.45,10.325,170.75,14.25,0.26853,0.26853,0.26853,0.21,21.796447324321303,-0.03902,58.0,0.0,0.8387096774193549,23.0,5.405405405405405,0,-0.0270270270270271,2024-04-24,507.0,493.4020690917969,0.136825,0.136825,0.141705,0.0,0.00488,0,0.17097,0.12219,0.04878,0.0097549999999999,0.5384372782464718,0.3937043464223738,0.7330677290836654,0.1341956863401745,0.1226830850850508,0.0141419149149491,1.0938401675108065,1.17,-0.2813869012510898,0.5635539110146777,-1.327794456995396,0.0097092671891432,-0.0276275567569628,-0.033946957125127,1,15.970000267028809,16.84000015258789,2.2875002670288076,9.95,10.325,real_post_mid,0.995,2.6,-139.6,-0.007545945945945946,fold_3,xgb,0.7407407164573669
WST,2024-03-31,2024-04-25,1.0,388.22,361.36,-5.16,1.89,1.26,1.34,1.2,8.0,1.26,1.3,1.3,2.09,0.0,0.0,0.0,0.0,670300000.0,676600000.0,657090000.0,8.0,20632.8,19377.12,832.0,396.63,2.27,294.8,2.08,3.39,-15.28,4.45,-6.89,-1.09,-2.37,390.0,360.0,390.0,2024-05-17,15.55,17.950000000000003,33.5,8.58974358974359,2.825,30.3,33.125,355.64,34.360000000000014,0.43438,0.42462,0.4295,0.27829,35.206053550640284,-0.0926799999999999,148.0,0.0,1.8819444444444444,23.0,7.692307692307687,1,0.8974358974359022,2024-04-24,507.0,493.4020690917969,0.136825,0.136825,0.141705,0.0,0.00488,0,0.17097,0.12219,0.04878,0.0097549999999999,0.5384372782464718,0.3937043464223738,0.7330677290836654,0.1341956863401745,0.1226830850850508,0.0141419149149491,1.0938401675108065,1.17,-0.2813869012510898,0.5635539110146777,-1.327794456995396,0.0097092671891432,-0.0276275567569628,-0.033946957125127,1,15.970000267028809,16.84000015258789,2.2875002670288076,33.5,33.125,real_post_mid,3.35,2.6,-300.1,-0.007694871794871796,fold_3,xgb,0.7407407164573669
CINF,2024-03-31,2024-04-25,1.0,120.28,112.21,-1.53,5.55,1.69,1.99,1.53,10.0,1.69,1.63,1.64,1.6,2.0,0.0,4.0,0.0,2477720000.0,2909000000.0,2343600000.0,5.0,18280.8,15047.52,1107.2,731.04,52.57,452.9,66.52,79.53,37.35,542.8,455.07,-0.25,32.5,120.0,110.0,120.0,2024-05-17,3.85,3.5,7.35,6.125,0.55,9.15,9.7,120.06,0.0600000000000022,0.30755,0.30755,0.30755,0.21975,28.548203544139163,-0.058535,870.0,12.0,1.162790697674419,23.0,8.333333333333337,0,-2.2083333333333375,2024-04-24,507.0,493.4020690917969,0.136825,0.136825,0.141705,0.0,0.00488,0,0.17097,0.12219,0.04878,0.0097549999999999,0.5384372782464718,0.3937043464223738,0.7330677290836654,0.1341956863401745,0.1226830850850508,0.0141419149149491,1.0938401675108065,1.17,-0.2813869012510898,0.5635539110146777,-1.327794456995396,0.0097092671891432,-0.0276275567569628,-0.033946957125127,1,15.970000267028809,16.84000015258789,2.2875002670288076,7.35,9.7,real_post_mid,0.735,2.6,-311.09999999999997,-0.025924999999999997,fold_3,xgb,0.7407407164573669
NDAQ,2024-03-31,2024-04-25,0.0,62.23,58.62,-3.12,2.85,0.65,0.72,0.61,14.0,0.65,0.64,0.64,0.65,0.0,0.0,7.0,1.0,1113610000.0,1141000000.0,1092550000.0,11.0,-40272.8,-40428.48,19.73,83.13,-2.6,317.92,-3.58,12.5,1.41,7.72,0.9,4.42,0.9,62.5,60.0,62.5,2024-05-17,1.125,1.9,3.025,4.84,0.4,3.6,4.0,62.76,0.259999999999998,0.23926,0.23926,0.23926,0.209995,12.231463679679017,-0.01463,890.0,77.0,1.1351931330472105,23.0,4.0000000000000036,1,0.8399999999999963,2024-04-24,507.0,493.4020690917969,0.136825,0.136825,0.141705,0.0,0.00488,0,0.17097,0.12219,0.04878,0.0097549999999999,0.5384372782464718,0.3937043464223738,0.7330677290836654,0.1341956863401745,0.1226830850850508,0.0141419149149491,1.0938401675108065,1.17,-0.2813869012510898,0.5635539110146777,-1.327794456995396,0.0097092671891432,-0.0276275567569628,-0.033946957125127,1,15.970000267028809,16.84000015258789,2.2875002670288076,3.025,4.0,real_post_mid,0.3025,2.6,-130.35000000000002,-0.020856000000000003,fold_3,xgb,0.7407407164573669
TROW,2024-03-31,2024-04-26,1.0,120.86,110.09,-5.66,3.57,2.04,2.18,1.92,11.0,2.04,1.94,1.92,1.84,0.0,0.0,11.0,0.0,1714680000.0,1747000000.0,1651900000.0,5.0,7480.8,5976.8,874.67,364.42,-0.43,286.69,-1.52,-1.15,-20.74,-17.24,-16.32,-5.61,-5.84,110.0,110.0,110.0,2024-05-17,3.0250000000000004,3.95,6.975,6.34090909090909,3.75,1.4,5.15,116.76,6.760000000000005,0.31731,0.32707,0.32219,0.24414,24.22483627673112,-0.0439049999999999,861.0,292.0,2.804767309875142,22.0,0.0,1,6.34090909090909,2024-04-25,511.0,491.5276794433594,0.1319457142857143,0.1368278571428571,0.1388583333333333,0.0048821428571428,0.006912619047619,0,0.13195,0.1500657142857143,-0.0181157142857142,0.0090621428571428,0.4614951397258426,0.3385689495137013,0.6772908366533864,0.1379876720058085,0.1229735897603485,0.0089721245253657,1.122091924572744,1.21,-0.0670061162955772,0.8534634576395738,-0.8443372946463515,0.0079476169946757,-0.0295292490085234,-0.0376169048955919,1,15.369999885559082,16.3700008392334,2.1754284569876514,6.9750000000000005,5.15,real_post_mid,0.6975000000000001,2.6,110.15,0.010013636363636363,fold_3,xgb,0.7407407164573669
RVTY,2024-03-31,2024-04-29,1.0,105.0,111.18,0.02,-5.54,0.93,0.98,0.9,15.0,0.93,0.93,0.93,1.02,0.0,0.0,1.0,0.0,646840000.0,656820000.0,636170000.0,14.0,1549.6,1538.22,61.87,69.99,,-5.41,,,-2.48,,,,,100.0,100.0,100.0,2024-05-17,5.15,3.25,8.4,8.4,3.9,1.6,5.5,110.23,10.230000000000004,0.43438,0.42462,0.4295,0.2880399999999999,32.93597206053551,-0.10731,250.0,24.0,5.0508474576271185,21.0,0.0,1,8.4,2024-04-26,512.0,496.1843872070313,0.13195,0.1340364285714285,0.1343849999999999,0.0020864285714285,0.0024349999999999,0,0.1486714285714286,0.1194042857142857,0.0292671428571428,0.0020878571428571,0.4615627217535286,0.3386173776181445,0.7051792828685259,0.1095383433141714,0.1240880523663098,0.0078619476336901,0.8827468980721255,1.26,0.3991725218294317,1.7183549601573316,0.4236953388345699,0.0264560880025312,-0.0284993373240679,-0.0284993373240679,1,15.029999732971191,16.270000457763672,1.8349997329711911,8.4,5.5,real_post_mid,0.8400000000000001,2.6,203.40000000000006,0.020340000000000007,fold_3,xgb,0.7407407164573669
NXPI,2024-03-31,2024-04-29,1.0,247.77,215.17,-0.26,14.85,3.16,3.26,2.68,23.0,3.16,3.18,3.18,3.16,0.0,0.0,0.0,0.0,3126620000.0,3150000000.0,3104020000.0,23.0,7034.4,6575.2,201.6,55.72,0.54,286.6,0.14,-0.54,0.27,-2.86,-3.58,-0.04,-1.17,242.5,257.5,242.5,2024-05-03,7.449999999999999,7.1,14.55,6.0,14.15,0.775,14.925,257.85,15.350000000000025,0.54169,0.55145,0.54657,0.375845,31.23570631392137,-0.170725,11.0,99.0,0.734256511704583,7.0,6.185567010309279,0,-0.1855670103092785,2024-04-26,512.0,496.1843872070313,0.13195,0.1340364285714285,0.1343849999999999,0.0020864285714285,0.0024349999999999,0,0.1486714285714286,0.1194042857142857,0.0292671428571428,0.0020878571428571,0.4615627217535286,0.3386173776181445,0.7051792828685259,0.1095383433141714,0.1240880523663098,0.0078619476336901,0.8827468980721255,1.26,0.3991725218294317,1.7183549601573316,0.4236953388345699,0.0264560880025312,-0.0284993373240679,-0.0284993373240679,1,15.029999732971191,16.270000457763672,1.8349997329711911,14.549999999999999,14.925,real_post_mid,1.455,2.6,-185.60000000000016,-0.0076536082474226875,fold_3,xgb,0.7407407164573669
EIX,2024-03-31,2024-04-30,0.0,70.73,67.48,0.47,5.31,1.14,1.56,1.05,12.0,1.13,1.14,1.2,1.27,2.0,0.0,2.0,2.0,4155100000.0,4259300000.0,4095000000.0,3.0,3890.4,3828.32,-42.67,278.98,-5.12,247.47,-4.78,11.3,-7.25,31.0,77.14,5.54,7.47,72.5,72.5,72.5,2024-05-17,0.8999999999999999,1.925,2.825,3.896551724137931,0.7250000000000001,1.75,2.475,76.3,3.799999999999997,0.21,0.21975,0.2148749999999999,0.19536,9.082024432809762,-0.0195149999999999,453.0,6.0,2.0638297872340425,18.0,0.0,1,3.896551724137931,2024-04-29,513.0,497.9416198730469,0.13195,0.1319449999999999,0.1319449999999999,-5.000000000032756e-06,-5.000000000032756e-06,1,0.1417,0.1152257142857142,0.0264742857142857,-0.0034871428571428,0.4615627217535286,0.3386173776181445,0.7091633466135459,0.1039141119982902,0.1252031035373971,0.0067468964626028,0.8299643464289364,1.16,-0.4252358756180824,0.9848042441124726,-0.5905529024858356,0.0206916409891566,-0.024872384871474,-0.0250587762271753,1,14.670000076293944,16.0,1.475000076293945,2.825,2.475,real_post_mid,0.28250000000000003,2.6,4.150000000000006,0.000572413793103449,fold_3,xgb,0.7857142686843872
INVH,2024-03-31,2024-04-30,1.0,35.61,32.93,-3.96,3.86,0.18,0.23,0.15,11.0,0.18,0.18,0.2,0.18,0.0,0.0,1.0,0.0,631570000.0,647120000.0,616840000.0,13.0,4501.6,4230.88,136.53,34.61,8.68,293.77,8.82,31.25,0.0,15.2,7.34,-1.07,-0.36,35.0,35.0,35.0,2024-05-17,0.55,0.8999999999999999,1.45,4.142857142857142,0.275,1.1,1.375,35.45,0.4500000000000028,0.22951,0.23926,0.234385,0.20512,12.485867269663164,-0.034145,1039.0,117.0,3.0144927536231885,18.0,0.0,1,4.142857142857142,2024-04-29,513.0,497.9416198730469,0.13195,0.1319449999999999,0.1319449999999999,-5.000000000032756e-06,-5.000000000032756e-06,1,0.1417,0.1152257142857142,0.0264742857142857,-0.0034871428571428,0.4615627217535286,0.3386173776181445,0.7091633466135459,0.1039141119982902,0.1252031035373971,0.0067468964626028,0.8299643464289364,1.16,-0.4252358756180824,0.9848042441124726,-0.5905529024858356,0.0206916409891566,-0.024872384871474,-0.0250587762271753,1,14.670000076293944,16.0,1.475000076293945,1.45,1.375,real_post_mid,0.145,2.6,-9.600000000000003,-0.0027428571428571437,fold_3,xgb,0.7407407164573669
ESS,2024-03-31,2024-04-30,1.0,244.81,233.27,0.59,5.56,1.29,1.51,0.92,10.0,1.29,1.31,1.23,1.41,0.0,0.0,1.0,0.0,426928000.0,441110000.0,410480000.0,17.0,40351.2,41772.0,2517.33,4365.29,3.89,298.25,4.24,-64.34,-25.0,-0.34,-1.83,-0.89,-2.04,250.0,250.0,250.0,2024-05-17,4.55,5.95,10.5,4.2,3.45,6.7,10.15,266.29,16.29000000000002,0.23926,0.23926,0.23926,0.234385,2.037532391540579,-0.03414,29.0,0.0,7.0,18.0,0.0,1,4.2,2024-04-29,513.0,497.9416198730469,0.13195,0.1319449999999999,0.1319449999999999,-5.000000000032756e-06,-5.000000000032756e-06,1,0.1417,0.1152257142857142,0.0264742857142857,-0.0034871428571428,0.4615627217535286,0.3386173776181445,0.7091633466135459,0.1039141119982902,0.1252031035373971,0.0067468964626028,0.8299643464289364,1.16,-0.4252358756180824,0.9848042441124726,-0.5905529024858356,0.0206916409891566,-0.024872384871474,-0.0250587762271753,1,14.670000076293944,16.0,1.475000076293945,10.5,10.15,real_post_mid,1.05,2.6,-72.60000000000004,-0.0029040000000000016,fold_3,xgb,0.7407407164573669
APD,2024-03-31,2024-04-30,1.0,242.27,255.71,-2.45,-7.57,2.69,2.78,2.62,17.0,2.7,2.7,2.69,3.16,0.0,0.0,2.0,0.0,3047140000.0,3217000000.0,2937000000.0,14.0,1040.8,1367.84,-40.53,342.31,-5.59,0.0,-2.05,7.22,5.32,7.09,2.32,2.65,1.72,240.0,240.0,240.0,2024-05-17,8.05,9.4,17.45,7.270833333333333,3.4000000000000004,4.074999999999999,7.475,262.7,22.69999999999999,0.40511,0.41487,0.40999,0.185605,54.729383643503496,-0.12195,1275.0,675.0,0.8134802882577363,18.0,0.0,1,7.270833333333333,2024-04-29,513.0,497.9416198730469,0.13195,0.1319449999999999,0.1319449999999999,-5.000000000032756e-06,-5.000000000032756e-06,1,0.1417,0.1152257142857142,0.0264742857142857,-0.0034871428571428,0.4615627217535286,0.3386173776181445,0.7091633466135459,0.1039141119982902,0.1252031035373971,0.0067468964626028,0.8299643464289364,1.16,-0.4252358756180824,0.9848042441124726,-0.5905529024858356,0.0206916409891566,-0.024872384871474,-0.0250587762271753,1,14.670000076293944,16.0,1.475000076293945,17.450000000000003,7.475,real_post_mid,1.7450000000000003,2.6,820.4000000000002,0.03418333333333334,fold_3,xgb,0.7407407164573669
ETN,2024-03-31,2024-04-30,1.0,312.68,246.08,1.78,29.33,2.29,2.34,2.25,14.0,2.29,2.28,2.28,2.17,1.0,0.0,6.0,0.0,5905440000.0,5960530000.0,5828200000.0,13.0,4920.8,4403.2,294.93,71.57,11.78,294.49,11.92,23.79,3.24,-3.31,17.93,66.72,0.86,330.0,310.0,330.0,2024-05-17,8.85,12.1,20.950000000000003,6.3484848484848495,1.95,18.65,20.6,330.24,0.2400000000000091,0.34658,0.36609,0.356335,0.278285,21.903545820646304,-0.0585399999999999,874.0,586.0,0.2167937718462027,18.0,6.060606060606055,1,0.2878787878787943,2024-04-29,513.0,497.9416198730469,0.13195,0.1319449999999999,0.1319449999999999,-5.000000000032756e-06,-5.000000000032756e-06,1,0.1417,0.1152257142857142,0.0264742857142857,-0.0034871428571428,0.4615627217535286,0.3386173776181445,0.7091633466135459,0.1039141119982902,0.1252031035373971,0.0067468964626028,0.8299643464289364,1.16,-0.4252358756180824,0.9848042441124726,-0.5905529024858356,0.0206916409891566,-0.024872384871474,-0.0250587762271753,1,14.670000076293944,16.0,1.475000076293945,20.95,20.6,real_post_mid,2.095,2.6,-177.10000000000022,-0.005366666666666673,fold_3,xgb,0.7407407164573669
CNP,2024-03-31,2024-04-30,1.0,28.49,27.94,2.28,4.29,0.53,0.56,0.49,13.0,0.51,0.52,0.48,0.52,3.0,0.0,4.0,1.0,2680760000.0,3017700000.0,2361470000.0,5.0,4924.0,4799.2,74.67,59.87,-6.71,367.53,-4.53,14.29,-20.0,-1.24,12.39,5.95,3.44,29.0,29.0,29.0,2024-05-17,0.675,0.5,1.175,4.051724137931035,0.6000000000000001,0.325,0.925,30.08,1.0799999999999983,0.20024,0.24902,0.22463,0.18073,19.54324889818813,-0.03902,1049.0,45.0,2.433628318584071,18.0,0.0,1,4.051724137931035,2024-04-29,513.0,497.9416198730469,0.13195,0.1319449999999999,0.1319449999999999,-5.000000000032756e-06,-5.000000000032756e-06,1,0.1417,0.1152257142857142,0.0264742857142857,-0.0034871428571428,0.4615627217535286,0.3386173776181445,0.7091633466135459,0.1039141119982902,0.1252031035373971,0.0067468964626028,0.8299643464289364,1.16,-0.4252358756180824,0.9848042441124726,-0.5905529024858356,0.0206916409891566,-0.024872384871474,-0.0250587762271753,1,14.670000076293944,16.0,1.475000076293945,1.175,0.925,real_post_mid,0.11750000000000001,2.6,10.65,0.0036724137931034486,fold_3,xgb,1.0
BXP,2024-03-31,2024-04-30,0.0,65.31,66.5,-5.24,-6.93,0.5,0.67,0.43,8.0,0.5,0.5,0.48,0.56,0.0,0.0,0.0,0.0,808620000.0,824780000.0,783620000.0,7.0,1912.8,5723.04,-1923.2,2278.33,5.31,297.14,5.36,67.65,180.28,-5.65,-2.15,-0.75,-2.42,62.5,60.0,62.5,2024-05-17,2.4749999999999996,1.975,4.449999999999999,7.119999999999998,0.675,3.75,4.425,63.2,0.7000000000000028,0.39536,0.39536,0.39536,0.370965,6.170325779036827,-0.0341499999999999,368.0,40.0,2.6269113149847096,18.0,4.0000000000000036,1,3.1199999999999948,2024-04-29,513.0,497.9416198730469,0.13195,0.1319449999999999,0.1319449999999999,-5.000000000032756e-06,-5.000000000032756e-06,1,0.1417,0.1152257142857142,0.0264742857142857,-0.0034871428571428,0.4615627217535286,0.3386173776181445,0.7091633466135459,0.1039141119982902,0.1252031035373971,0.0067468964626028,0.8299643464289364,1.16,-0.4252358756180824,0.9848042441124726,-0.5905529024858356,0.0206916409891566,-0.024872384871474,-0.0250587762271753,1,14.670000076293944,16.0,1.475000076293945,4.449999999999999,4.425,real_post_mid,0.44499999999999995,2.6,-44.60000000000005,-0.007136000000000008,fold_3,xgb,0.7407407164573669
ECL,2024-03-31,2024-04-30,1.0,230.9,198.22,-2.06,14.09,1.33,1.37,1.29,21.0,1.33,1.33,1.33,1.12,0.0,0.0,3.0,0.0,3748200000.0,3900000000.0,3685000000.0,17.0,1652.0,1566.88,33.07,19.73,7.98,287.06,8.09,22.05,0.65,19.17,34.25,2.12,2.76,220.0,230.0,220.0,2024-05-17,6.6,4.35,10.95,4.977272727272727,6.7,1.35,8.05,233.66,13.659999999999997,0.27829,0.27829,0.27829,0.18073,35.056954975026045,-0.0585399999999999,520.0,85.0,0.2397200349956255,18.0,4.545454545454541,1,0.4318181818181852,2024-04-29,513.0,497.9416198730469,0.13195,0.1319449999999999,0.1319449999999999,-5.000000000032756e-06,-5.000000000032756e-06,1,0.1417,0.1152257142857142,0.0264742857142857,-0.0034871428571428,0.4615627217535286,0.3386173776181445,0.7091633466135459,0.1039141119982902,0.1252031035373971,0.0067468964626028,0.8299643464289364,1.16,-0.4252358756180824,0.9848042441124726,-0.5905529024858356,0.0206916409891566,-0.024872384871474,-0.0250587762271753,1,14.670000076293944,16.0,1.475000076293945,10.95,8.05,real_post_mid,1.095,2.6,177.89999999999986,0.00808636363636363,fold_3,xgb,0.7407407164573669
ZBRA,2024-03-31,2024-04-30,1.0,301.44,239.55,4.35,31.31,2.45,2.52,2.4,12.0,2.45,2.44,2.44,2.08,0.0,0.0,2.0,0.0,1147050000.0,1164000000.0,1136000000.0,11.0,18031.2,17740.0,533.33,488.66,-20.71,379.5,-18.89,-64.0,96.55,-33.25,-9.07,0.92,1.34,300.0,310.0,300.0,2024-05-17,14.95,14.2,29.15,9.716666666666669,14.3,4.3,18.6,317.89,17.889999999999986,0.55145,0.55145,0.55145,0.32707,40.68909239278266,-0.1414599999999999,240.0,100.0,0.1603163191948238,18.0,3.3333333333333437,1,6.383333333333323,2024-04-29,513.0,497.9416198730469,0.13195,0.1319449999999999,0.1319449999999999,-5.000000000032756e-06,-5.000000000032756e-06,1,0.1417,0.1152257142857142,0.0264742857142857,-0.0034871428571428,0.4615627217535286,0.3386173776181445,0.7091633466135459,0.1039141119982902,0.1252031035373971,0.0067468964626028,0.8299643464289364,1.16,-0.4252358756180824,0.9848042441124726,-0.5905529024858356,0.0206916409891566,-0.024872384871474,-0.0250587762271753,1,14.670000076293944,16.0,1.475000076293945,29.15,18.6,real_post_mid,2.915,2.6,760.8999999999996,0.02536333333333332,fold_3,xgb,0.7407407164573669
SYK,2024-03-31,2024-04-30,1.0,357.87,335.48,-5.97,0.3,2.35,2.48,2.28,24.0,2.36,2.36,2.36,2.5,0.0,0.0,0.0,1.0,5102970000.0,5145000000.0,4998000000.0,22.0,6208.8,5635.36,276.27,136.6,11.11,317.56,11.0,15.33,40.65,25.86,14.65,1.11,0.64,340.0,330.0,340.0,2024-05-17,8.65,8.9,17.55,5.161764705882353,1.75,13.35,15.1,334.68,5.319999999999993,0.28804,0.28804,0.28804,0.20512,28.787668379391757,-0.06341,624.0,191.0,0.3617256637168141,18.0,2.941176470588236,1,2.2205882352941173,2024-04-29,513.0,497.9416198730469,0.13195,0.1319449999999999,0.1319449999999999,-5.000000000032756e-06,-5.000000000032756e-06,1,0.1417,0.1152257142857142,0.0264742857142857,-0.0034871428571428,0.4615627217535286,0.3386173776181445,0.7091633466135459,0.1039141119982902,0.1252031035373971,0.0067468964626028,0.8299643464289364,1.16,-0.4252358756180824,0.9848042441124726,-0.5905529024858356,0.0206916409891566,-0.024872384871474,-0.0250587762271753,1,14.670000076293944,16.0,1.475000076293945,17.55,15.1,real_post_mid,1.7550000000000001,2.6,66.9000000000001,0.0019676470588235323,fold_3,xgb,0.7407407164573669
RSG,2024-03-31,2024-04-30,1.0,191.44,171.12,0.14,12.03,1.35,1.48,1.26,17.0,1.35,1.35,1.35,1.38,1.0,0.0,3.0,0.0,3892550000.0,3982500000.0,3836570000.0,16.0,13165.6,12597.28,289.07,29.86,10.76,291.14,11.09,24.78,-8.44,18.06,17.86,0.95,1.15,195.0,185.0,195.0,2024-05-17,2.95,4.0,6.95,3.5641025641025643,0.275,8.7,8.975,188.16,6.840000000000003,0.20024,0.20024,0.20024,0.16122,19.48661606072713,-0.0292699999999999,350.0,50.0,1.2520325203252032,18.0,5.128205128205132,0,-1.564102564102568,2024-04-29,513.0,497.9416198730469,0.13195,0.1319449999999999,0.1319449999999999,-5.000000000032756e-06,-5.000000000032756e-06,1,0.1417,0.1152257142857142,0.0264742857142857,-0.0034871428571428,0.4615627217535286,0.3386173776181445,0.7091633466135459,0.1039141119982902,0.1252031035373971,0.0067468964626028,0.8299643464289364,1.16,-0.4252358756180824,0.9848042441124726,-0.5905529024858356,0.0206916409891566,-0.024872384871474,-0.0250587762271753,1,14.670000076293944,16.0,1.475000076293945,6.95,8.975,real_post_mid,0.6950000000000001,2.6,-274.6,-0.014082051282051283,fold_3,xgb,0.7407407164573669
PEG,2024-03-31,2024-04-30,0.0,66.78,57.99,3.44,19.12,1.31,1.44,1.22,15.0,1.3,1.28,1.38,1.4,3.0,0.0,4.0,1.0,3064530000.0,3346820000.0,2780080000.0,7.0,5194.4,4764.32,164.27,174.84,14.66,357.53,20.7,-15.62,-36.47,78.83,166.84,16.39,18.7,70.0,70.0,70.0,2024-05-17,0.75,1.9,2.65,3.785714285714285,1.025,1.075,2.0999999999999996,74.54,4.540000000000006,0.20024,0.20024,0.20024,0.18073,9.743308030363565,0.0,419.0,73.0,0.166383701188455,18.0,0.0,1,3.785714285714285,2024-04-29,513.0,497.9416198730469,0.13195,0.1319449999999999,0.1319449999999999,-5.000000000032756e-06,-5.000000000032756e-06,1,0.1417,0.1152257142857142,0.0264742857142857,-0.0034871428571428,0.4615627217535286,0.3386173776181445,0.7091633466135459,0.1039141119982902,0.1252031035373971,0.0067468964626028,0.8299643464289364,1.16,-0.4252358756180824,0.9848042441124726,-0.5905529024858356,0.0206916409891566,-0.024872384871474,-0.0250587762271753,1,14.670000076293944,16.0,1.475000076293945,2.65,2.0999999999999996,real_post_mid,0.265,2.6,25.900000000000023,0.003700000000000003,fold_3,xgb,1.0
OKE,2024-03-31,2024-04-30,0.0,80.17,68.25,-1.31,15.93,1.15,1.27,0.92,12.0,1.18,1.21,1.23,1.24,0.0,0.0,0.0,1.0,6151070000.0,6416970000.0,5844240000.0,3.0,3568.8,3802.4,-181.33,132.66,-22.71,325.13,-26.49,9.26,19.19,45.3,34.21,18.88,9.77,80.0,77.5,80.0,2024-05-17,1.8,1.25,3.05,3.8125,0.3,3.3,3.5999999999999996,82.63,2.6299999999999955,0.10268,0.27829,0.190485,0.19048,0.0026248785993528,2.7755575615628914e-17,4015.0,315.0,0.0471399291969442,18.0,3.125,1,0.6875,2024-04-29,513.0,497.9416198730469,0.13195,0.1319449999999999,0.1319449999999999,-5.000000000032756e-06,-5.000000000032756e-06,1,0.1417,0.1152257142857142,0.0264742857142857,-0.0034871428571428,0.4615627217535286,0.3386173776181445,0.7091633466135459,0.1039141119982902,0.1252031035373971,0.0067468964626028,0.8299643464289364,1.16,-0.4252358756180824,0.9848042441124726,-0.5905529024858356,0.0206916409891566,-0.024872384871474,-0.0250587762271753,1,14.670000076293944,16.0,1.475000076293945,3.05,3.5999999999999996,real_post_mid,0.305,2.6,-88.09999999999997,-0.011012499999999996,fold_3,xgb,1.0
PRU,2024-03-31,2024-04-30,0.0,117.4,104.93,-5.89,5.29,3.13,3.36,2.79,12.0,3.13,3.27,3.29,3.28,0.0,0.0,1.0,2.0,14496100000.0,17962000000.0,13156000000.0,5.0,14346.4,14068.0,192.0,475.92,-4.73,542.8,-8.98,6.61,-25.0,269.13,428.51,11.52,7.73,110.0,115.0,110.0,2024-05-17,3.9,1.7000000000000002,5.6,5.09090909090909,3.8,1.025,4.824999999999999,121.31,11.310000000000002,0.26853,0.26853,0.26853,0.2148749999999999,19.98100770863591,-0.0438999999999999,465.0,16.0,5.28391959798995,18.0,4.545454545454541,1,0.5454545454545485,2024-04-29,513.0,497.9416198730469,0.13195,0.1319449999999999,0.1319449999999999,-5.000000000032756e-06,-5.000000000032756e-06,1,0.1417,0.1152257142857142,0.0264742857142857,-0.0034871428571428,0.4615627217535286,0.3386173776181445,0.7091633466135459,0.1039141119982902,0.1252031035373971,0.0067468964626028,0.8299643464289364,1.16,-0.4252358756180824,0.9848042441124726,-0.5905529024858356,0.0206916409891566,-0.024872384871474,-0.0250587762271753,1,14.670000076293944,16.0,1.475000076293945,5.6,4.824999999999999,real_post_mid,0.5599999999999999,2.6,18.90000000000004,0.0017181818181818218,fold_3,xgb,0.7407407164573669
AEP,2024-03-31,2024-04-30,1.0,86.1,78.14,-0.08,10.1,1.25,1.28,1.19,15.0,1.27,1.34,1.36,1.36,0.0,0.0,1.0,2.0,5020670000.0,5447000000.0,4715450000.0,6.0,2682.4,2597.6,59.73,92.77,0.35,262.1,0.81,17.14,-30.51,1.5,21.53,3.81,3.72,85.0,87.5,85.0,2024-05-17,2.5,1.225,3.725,4.382352941176471,3.45,0.5,3.95,92.67,7.670000000000002,0.18073,0.26853,0.22463,0.1904799999999999,15.202777901437928,-0.0390249999999999,6403.0,174.0,0.777490297542044,18.0,2.941176470588225,1,1.4411764705882462,2024-04-29,513.0,497.9416198730469,0.13195,0.1319449999999999,0.1319449999999999,-5.000000000032756e-06,-5.000000000032756e-06,1,0.1417,0.1152257142857142,0.0264742857142857,-0.0034871428571428,0.4615627217535286,0.3386173776181445,0.7091633466135459,0.1039141119982902,0.1252031035373971,0.0067468964626028,0.8299643464289364,1.16,-0.4252358756180824,0.9848042441124726,-0.5905529024858356,0.0206916409891566,-0.024872384871474,-0.0250587762271753,1,14.670000076293944,16.0,1.475000076293945,3.725,3.95,real_post_mid,0.37250000000000005,2.6,-62.350000000000016,-0.0073352941176470605,fold_3,xgb,0.7407407164573669
CTVA,2024-03-31,2024-05-01,1.0,57.68,54.06,-6.54,-0.28,0.84,1.09,0.69,19.0,0.84,0.92,0.98,1.05,0.0,0.0,1.0,0.0,4646080000.0,4933000000.0,4279000000.0,17.0,7527.2,7125.44,103.47,229.94,-1.31,565.1,-1.09,-6.25,165.22,-65.51,-51.19,59.79,-5.59,55.0,55.0,55.0,2024-05-17,1.525,2.3,3.825,6.954545454545453,2.65,0.35,3.0,56.45,1.4500000000000028,0.39536,0.40511,0.400235,0.26853,32.90691718615314,-0.107315,438.0,272.0,0.4494117647058823,17.0,0.0,1,6.954545454545453,2024-04-30,505.0,490.0535888671875,0.1423971428571428,0.1370573809523809,0.141705,-0.0053397619047619,-0.0006921428571428,1,0.1528542857142857,0.1235842857142857,0.02927,-0.0041778571428571,0.6263051779096881,0.4566689535493765,0.7888446215139442,0.1507012455483778,0.1352735147090766,0.0071236281480662,1.1140484216180868,1.19,-0.3018209575409785,0.9140145508794636,-0.6280855454239114,-0.0072580235341422,-0.0386470095316459,-0.0405030899681541,1,15.649999618530272,16.59000015258789,1.410285332815988,3.8249999999999997,3.0,real_post_mid,0.3825,2.6,41.64999999999997,0.0075727272727272674,fold_3,xgb,0.7407407164573669
FSLR,2024-03-31,2024-05-01,1.0,171.87,147.89,3.32,20.08,1.99,2.2,1.19,26.0,1.98,2.15,2.26,2.56,0.0,0.0,2.0,1.0,702170000.0,853160000.0,638000000.0,23.0,4226.4,2730.08,574.93,446.6,26.7,314.26,29.33,4742.86,30.0,317.23,3247.55,36.52,26.87,177.5,180.0,177.5,2024-05-03,5.75,6.9,12.65,7.126760563380281,4.3,1.1,5.4,191.55,14.050000000000011,0.98071,0.99046,0.985585,0.614865,37.614208820142345,-0.4975449999999999,186.0,17.0,5.726027397260274,3.0,1.4084507042253502,1,5.718309859154931,2024-04-30,505.0,490.0535888671875,0.1423971428571428,0.1370573809523809,0.141705,-0.0053397619047619,-0.0006921428571428,1,0.1528542857142857,0.1235842857142857,0.02927,-0.0041778571428571,0.6263051779096881,0.4566689535493765,0.7888446215139442,0.1507012455483778,0.1352735147090766,0.0071236281480662,1.1140484216180868,1.19,-0.3018209575409785,0.9140145508794636,-0.6280855454239114,-0.0072580235341422,-0.0386470095316459,-0.0405030899681541,1,15.649999618530272,16.59000015258789,1.410285332815988,12.65,5.4,real_post_mid,1.2650000000000001,2.6,595.9,0.03357183098591549,fold_3,xgb,0.7407407164573669
DAY,2024-03-31,2024-05-01,1.0,64.99,69.94,-11.23,-17.52,0.42,0.48,0.36,15.0,0.42,0.42,0.42,0.44,0.0,0.0,0.0,0.0,426050000.0,429000000.0,425000000.0,16.0,5503.2,4795.36,275.73,213.82,21.47,300.98,21.86,117.39,35.14,383.73,488.05,4.74,11.54,60.0,55.0,60.0,2024-05-17,4.3,2.725,7.025,11.708333333333334,0.875,3.05,3.925,63.33,3.3299999999999983,0.66852,0.65876,0.66364,0.20024,69.82701464649509,-0.23902,381.0,166.0,0.313893653516295,17.0,8.333333333333337,1,3.3749999999999964,2024-04-30,505.0,490.0535888671875,0.1423971428571428,0.1370573809523809,0.141705,-0.0053397619047619,-0.0006921428571428,1,0.1528542857142857,0.1235842857142857,0.02927,-0.0041778571428571,0.6263051779096881,0.4566689535493765,0.7888446215139442,0.1507012455483778,0.1352735147090766,0.0071236281480662,1.1140484216180868,1.19,-0.3018209575409785,0.9140145508794636,-0.6280855454239114,-0.0072580235341422,-0.0386470095316459,-0.0405030899681541,1,15.649999618530272,16.59000015258789,1.410285332815988,7.025,3.925,real_post_mid,0.7025000000000001,2.6,237.15000000000003,0.039525000000000005,fold_3,xgb,0.7407407164573669
AWK,2024-03-31,2024-05-01,0.0,120.3,125.24,4.01,-0.1,0.98,1.03,0.94,9.0,0.99,0.99,0.99,0.98,0.0,0.0,1.0,2.0,1011000000.0,1040000000.0,906000000.0,4.0,3183.2,2506.08,128.0,260.21,11.66,262.81,11.77,26.03,-45.88,18.06,18.15,1.28,1.95,120.0,125.0,120.0,2024-05-17,3.75,1.425,5.175,4.3125,6.65,0.45,7.1000000000000005,133.76,13.759999999999993,0.21,0.23926,0.22463,0.209995,6.515158260250193,-0.0048799999999999,1088.0,9.0,0.5764705882352941,17.0,4.166666666666674,1,0.1458333333333259,2024-04-30,505.0,490.0535888671875,0.1423971428571428,0.1370573809523809,0.141705,-0.0053397619047619,-0.0006921428571428,1,0.1528542857142857,0.1235842857142857,0.02927,-0.0041778571428571,0.6263051779096881,0.4566689535493765,0.7888446215139442,0.1507012455483778,0.1352735147090766,0.0071236281480662,1.1140484216180868,1.19,-0.3018209575409785,0.9140145508794636,-0.6280855454239114,-0.0072580235341422,-0.0386470095316459,-0.0405030899681541,1,15.649999618530272,16.59000015258789,1.410285332815988,5.175,7.1000000000000005,real_post_mid,0.5175,2.6,-246.85000000000008,-0.02057083333333334,fold_3,xgb,0.7857142686843872
ALL,2024-03-31,2024-05-01,1.0,172.57,156.19,-0.59,9.84,3.94,5.1,3.3,18.0,3.94,3.71,3.56,3.36,3.0,0.0,8.0,2.0,12875300000.0,13272800000.0,12303900000.0,5.0,27522.4,22827.68,3037.33,2281.02,10.07,290.36,10.85,527.94,618.52,148.84,81.27,-72.85,3.0,170.0,170.0,170.0,2024-05-17,4.65,4.25,8.9,5.235294117647059,2.875,3.4,6.275,169.51,0.4900000000000091,0.2978,0.30755,0.302675,0.22951,24.172792599322715,-0.048775,678.0,101.0,0.7378435517970402,17.0,0.0,1,5.235294117647059,2024-04-30,505.0,490.0535888671875,0.1423971428571428,0.1370573809523809,0.141705,-0.0053397619047619,-0.0006921428571428,1,0.1528542857142857,0.1235842857142857,0.02927,-0.0041778571428571,0.6263051779096881,0.4566689535493765,0.7888446215139442,0.1507012455483778,0.1352735147090766,0.0071236281480662,1.1140484216180868,1.19,-0.3018209575409785,0.9140145508794636,-0.6280855454239114,-0.0072580235341422,-0.0386470095316459,-0.0405030899681541,1,15.649999618530272,16.59000015258789,1.410285332815988,8.9,6.275,real_post_mid,0.8900000000000001,2.6,170.9,0.01005294117647059,fold_3,xgb,1.0
VRSK,2024-03-31,2024-05-01,1.0,232.78,246.62,0.01,-5.6,1.53,1.65,1.47,14.0,1.53,1.52,1.52,1.55,0.0,0.0,1.0,0.0,699060000.0,705510000.0,685400000.0,12.0,3858.4,3752.32,115.73,166.48,7.38,295.72,7.38,-2.1,-7.89,-18.21,-19.54,0.33,-14.12,220.0,230.0,220.0,2024-05-17,5.05,6.5,11.55,5.250000000000001,14.55,0.525,15.075,251.62,31.620000000000005,0.30755,0.30755,0.30755,0.18073,41.23557145179645,-0.08292,4.0,3.0,0.2394957983193277,17.0,4.545454545454541,1,0.7045454545454595,2024-04-30,505.0,490.0535888671875,0.1423971428571428,0.1370573809523809,0.141705,-0.0053397619047619,-0.0006921428571428,1,0.1528542857142857,0.1235842857142857,0.02927,-0.0041778571428571,0.6263051779096881,0.4566689535493765,0.7888446215139442,0.1507012455483778,0.1352735147090766,0.0071236281480662,1.1140484216180868,1.19,-0.3018209575409785,0.9140145508794636,-0.6280855454239114,-0.0072580235341422,-0.0386470095316459,-0.0405030899681541,1,15.649999618530272,16.59000015258789,1.410285332815988,11.55,15.075,real_post_mid,1.155,2.6,-470.5999999999999,-0.021390909090909085,fold_3,xgb,0.7407407164573669
VICI,2024-03-31,2024-05-01,0.0,29.6,31.05,-2.36,-6.92,0.66,0.68,0.66,10.0,0.66,0.66,0.67,0.66,0.0,0.0,1.0,0.0,936670000.0,949580000.0,913000000.0,15.0,-557.6,-651.68,-123.73,272.55,38.89,299.42,41.99,14.29,30.91,100.37,104.9,0.12,29.83,27.5,30.0,27.5,2024-05-17,0.95,0.15,1.1,4.0,2.1,0.075,2.1750000000000003,30.38,2.879999999999999,0.01488,0.21975,0.117315,0.097805,16.63043941524954,0.087805,391.0,15.0,0.0651499482936918,17.0,9.090909090909085,0,-5.090909090909083,2024-04-30,505.0,490.0535888671875,0.1423971428571428,0.1370573809523809,0.141705,-0.0053397619047619,-0.0006921428571428,1,0.1528542857142857,0.1235842857142857,0.02927,-0.0041778571428571,0.6263051779096881,0.4566689535493765,0.7888446215139442,0.1507012455483778,0.1352735147090766,0.0071236281480662,1.1140484216180868,1.19,-0.3018209575409785,0.9140145508794636,-0.6280855454239114,-0.0072580235341422,-0.0386470095316459,-0.0405030899681541,1,15.649999618530272,16.59000015258789,1.410285332815988,1.0999999999999999,2.1750000000000003,real_post_mid,0.10999999999999999,2.6,-121.10000000000005,-0.04403636363636366,fold_3,xgb,0.7407407164573669
PPL,2024-03-31,2024-05-01,1.0,27.5,26.57,1.82,5.38,0.5,0.53,0.47,11.0,0.5,0.51,0.49,0.5,1.0,0.0,2.0,0.0,2061970000.0,2388160000.0,1873000000.0,3.0,-5.6,-24.8,64.0,82.75,5.19,306.85,7.98,42.86,-6.98,9.92,18.63,2.87,2.22,27.0,28.0,27.0,2024-05-17,0.75,0.25,1.0,3.7037037037037033,1.05,0.1,1.15,29.59,2.59,0.19048,0.20024,0.19536,0.166095,14.98003685503686,-0.0292699999999999,4756.0,0.0,0.0157480314960629,17.0,3.703703703703698,1,5.3290705182007506e-15,2024-04-30,505.0,490.0535888671875,0.1423971428571428,0.1370573809523809,0.141705,-0.0053397619047619,-0.0006921428571428,1,0.1528542857142857,0.1235842857142857,0.02927,-0.0041778571428571,0.6263051779096881,0.4566689535493765,0.7888446215139442,0.1507012455483778,0.1352735147090766,0.0071236281480662,1.1140484216180868,1.19,-0.3018209575409785,0.9140145508794636,-0.6280855454239114,-0.0072580235341422,-0.0386470095316459,-0.0405030899681541,1,15.649999618530272,16.59000015258789,1.410285332815988,1.0,1.15,real_post_mid,0.1,2.6,-27.599999999999994,-0.01022222222222222,fold_3,xgb,0.7407407164573669
MAA,2024-03-31,2024-05-01,0.0,128.7,127.92,1.49,2.11,1.03,1.06,0.97,10.0,1.02,1.03,1.04,1.05,0.0,0.0,0.0,1.0,540700000.0,546510000.0,536200000.0,17.0,16130.4,15788.64,38.4,249.42,6.37,296.37,6.92,-39.04,4.59,-4.44,9.54,0.74,0.93,130.0,130.0,130.0,2024-05-17,4.05,2.725,6.775,5.211538461538462,3.4000000000000004,1.1,4.5,137.74,7.740000000000009,0.34658,0.25877,0.302675,0.20024,33.8432311885686,-0.048775,79.0,5.0,0.2285714285714285,17.0,0.0,1,5.211538461538462,2024-04-30,505.0,490.0535888671875,0.1423971428571428,0.1370573809523809,0.141705,-0.0053397619047619,-0.0006921428571428,1,0.1528542857142857,0.1235842857142857,0.02927,-0.0041778571428571,0.6263051779096881,0.4566689535493765,0.7888446215139442,0.1507012455483778,0.1352735147090766,0.0071236281480662,1.1140484216180868,1.19,-0.3018209575409785,0.9140145508794636,-0.6280855454239114,-0.0072580235341422,-0.0386470095316459,-0.0405030899681541,1,15.649999618530272,16.59000015258789,1.410285332815988,6.775,4.5,real_post_mid,0.6775000000000001,2.6,157.15,0.01208846153846154,fold_3,xgb,0.7407407164573669
JCI,2024-03-31,2024-05-01,1.0,65.13,54.03,-7.15,11.92,0.75,0.77,0.74,16.0,0.75,0.75,0.75,0.75,0.0,0.0,4.0,0.0,6712730000.0,6794440000.0,6639850000.0,16.0,14040.8,12629.6,549.87,668.02,-14.16,0.0,-2.46,40.7,137.25,11.49,-12.04,-0.07,0.21,65.0,60.0,65.0,2024-05-17,2.125,1.9,4.025,6.1923076923076925,0.05,4.15,4.2,69.02,4.019999999999996,0.35633,0.35633,0.35633,0.20024,43.80489995229141,-0.097555,3661.0,2310.0,0.7659464755324086,17.0,7.692307692307687,0,-1.499999999999995,2024-04-30,505.0,490.0535888671875,0.1423971428571428,0.1370573809523809,0.141705,-0.0053397619047619,-0.0006921428571428,1,0.1528542857142857,0.1235842857142857,0.02927,-0.0041778571428571,0.6263051779096881,0.4566689535493765,0.7888446215139442,0.1507012455483778,0.1352735147090766,0.0071236281480662,1.1140484216180868,1.19,-0.3018209575409785,0.9140145508794636,-0.6280855454239114,-0.0072580235341422,-0.0386470095316459,-0.0405030899681541,1,15.649999618530272,16.59000015258789,1.410285332815988,4.025,4.2,real_post_mid,0.4025000000000001,2.6,-60.349999999999994,-0.009284615384615384,fold_3,xgb,0.7407407164573669
WEC,2024-03-31,2024-05-01,1.0,81.56,81.78,1.26,0.99,1.92,1.98,1.9,12.0,1.92,1.81,1.73,1.62,1.0,0.0,3.0,0.0,2916470000.0,3107000000.0,2611740000.0,6.0,6989.6,6582.24,199.47,119.48,-7.34,354.33,-6.42,37.5,10.0,4.68,-0.84,6.11,1.41,82.5,82.5,82.5,2024-05-17,1.4,1.675,3.075,3.727272727272727,1.325,1.225,2.55,85.5,3.0,0.17097,0.25877,0.21487,0.185605,13.61986317308139,-0.03902,409.0,9.0,0.5853658536585366,17.0,0.0,1,3.727272727272727,2024-04-30,505.0,490.0535888671875,0.1423971428571428,0.1370573809523809,0.141705,-0.0053397619047619,-0.0006921428571428,1,0.1528542857142857,0.1235842857142857,0.02927,-0.0041778571428571,0.6263051779096881,0.4566689535493765,0.7888446215139442,0.1507012455483778,0.1352735147090766,0.0071236281480662,1.1140484216180868,1.19,-0.3018209575409785,0.9140145508794636,-0.6280855454239114,-0.0072580235341422,-0.0386470095316459,-0.0405030899681541,1,15.649999618530272,16.59000015258789,1.410285332815988,3.075,2.55,real_post_mid,0.30750000000000005,2.6,19.15000000000003,0.002321212121212125,fold_3,xgb,0.7407407164573669
EXC,2024-03-31,2024-05-02,0.0,37.58,34.35,0.82,10.31,0.7,0.72,0.68,14.0,0.69,0.7,0.69,0.67,0.0,0.0,2.0,1.0,5567960000.0,5762790000.0,5216590000.0,5.0,3309.6,3270.24,-13.87,47.65,13.89,263.33,13.73,39.53,-10.45,10.62,21.36,-1.01,1.14,38.0,37.0,38.0,2024-05-17,0.6000000000000001,0.95,1.55,4.078947368421053,0.175,1.075,1.25,38.58,0.5799999999999983,0.20024,0.28804,0.24414,0.17585,27.97165560743836,-0.0439,4392.0,56.0,1.0959752321981424,16.0,2.631578947368418,1,1.447368421052635,2024-05-01,504.0,488.4623718261719,0.136825,0.136825,0.1412983333333333,0.0,0.0044733333333333,0,0.15146,0.13195,0.01951,0.00488,0.5384372782464718,0.3937043464223738,0.7410358565737052,0.1508508749867372,0.1343934593394126,0.0024315406605873,1.1224569687261423,1.31,0.6571287406727474,1.241740125585166,-0.1250148314916217,-0.0100115049673736,-0.0356372815007053,-0.0436186019626153,1,15.390000343322754,16.56999969482422,1.707500343322753,1.55,1.25,real_post_mid,0.15500000000000003,2.6,11.900000000000002,0.0031315789473684214,fold_3,xgb,0.7857142686843872
D,2024-03-31,2024-05-02,0.0,48.72,45.64,5.01,12.09,0.55,0.91,0.46,14.0,0.55,0.62,0.92,0.93,0.0,0.0,0.0,5.0,4380020000.0,5402540000.0,3707000000.0,4.0,3080.8,3316.96,-121.6,171.93,3.26,277.77,-2.03,-72.64,-62.34,7.05,138.24,2.59,13.44,52.5,52.5,52.5,2024-05-17,0.575,1.825,2.4,4.571428571428571,0.4,1.375,1.775,53.5,1.0,0.24902,0.25877,0.253895,0.19536,23.054806120640414,-0.0048749999999999,4959.0,474.0,0.665988470668023,16.0,0.0,1,4.571428571428571,2024-05-01,504.0,488.4623718261719,0.136825,0.136825,0.1412983333333333,0.0,0.0044733333333333,0,0.15146,0.13195,0.01951,0.00488,0.5384372782464718,0.3937043464223738,0.7410358565737052,0.1508508749867372,0.1343934593394126,0.0024315406605873,1.1224569687261423,1.31,0.6571287406727474,1.241740125585166,-0.1250148314916217,-0.0100115049673736,-0.0356372815007053,-0.0436186019626153,1,15.390000343322754,16.56999969482422,1.707500343322753,2.4,1.775,real_post_mid,0.24,2.6,35.9,0.006838095238095238,fold_3,xgb,0.7407407164573669
COIN,2024-03-31,2024-05-02,1.0,245.84,129.22,-6.91,77.1,0.67,1.6,-0.16,12.0,0.61,0.46,-0.08,-0.15,3.0,0.0,8.0,0.0,1209490000.0,1517200000.0,955000000.0,15.0,-11464.8,-13624.8,2442.67,3451.89,-2.69,0.0,33.65,,,25.65,95.76,6.19,79.93,210.0,222.5,210.0,2024-05-03,12.125,12.25,24.375,11.607142857142858,13.475,0.02,13.495,223.25,13.25,1.94654,1.98556,1.96605,0.731935,62.77129269347168,-1.06339,839.0,1606.0,0.4758524399885612,2.0,5.952380952380953,1,5.654761904761904,2024-05-01,504.0,488.4623718261719,0.136825,0.136825,0.1412983333333333,0.0,0.0044733333333333,0,0.15146,0.13195,0.01951,0.00488,0.5384372782464718,0.3937043464223738,0.7410358565737052,0.1508508749867372,0.1343934593394126,0.0024315406605873,1.1224569687261423,1.31,0.6571287406727474,1.241740125585166,-0.1250148314916217,-0.0100115049673736,-0.0356372815007053,-0.0436186019626153,1,15.390000343322754,16.56999969482422,1.707500343322753,24.375,13.495,real_post_mid,2.4375,2.6,841.6500000000001,0.040078571428571436,fold_3,xgb,0.7407407164573669
DLR,2024-03-31,2024-05-02,1.0,139.8,144.49,0.25,-3.0,0.24,0.51,0.08,12.0,0.24,0.28,0.25,0.24,0.0,0.0,0.0,0.0,1361990000.0,1377000000.0,1346000000.0,14.0,17359.2,18152.8,234.67,993.55,16.74,290.54,17.59,500.0,0.0,37.99,-11.1,-4.44,-2.99,138.0,147.0,138.0,2024-05-03,3.25,3.2,6.45,4.673913043478261,8.8,0.23,9.03,147.0,9.0,0.79535,0.78559,0.79047,0.253895,67.88050147380672,-0.482915,78.0,67.0,1.7356076759061834,2.0,6.521739130434789,0,-1.8478260869565288,2024-05-01,504.0,488.4623718261719,0.136825,0.136825,0.1412983333333333,0.0,0.0044733333333333,0,0.15146,0.13195,0.01951,0.00488,0.5384372782464718,0.3937043464223738,0.7410358565737052,0.1508508749867372,0.1343934593394126,0.0024315406605873,1.1224569687261423,1.31,0.6571287406727474,1.241740125585166,-0.1250148314916217,-0.0100115049673736,-0.0356372815007053,-0.0436186019626153,1,15.390000343322754,16.56999969482422,1.707500343322753,6.45,9.03,real_post_mid,0.645,2.6,-325.09999999999997,-0.02355797101449275,fold_3,xgb,0.7407407164573669
ED,2024-03-31,2024-05-02,1.0,90.6,91.1,5.13,4.56,1.88,1.98,1.77,12.0,1.86,1.83,1.84,1.74,0.0,0.0,4.0,1.0,4399230000.0,4544200000.0,4227700000.0,6.0,3554.4,3501.28,302.93,372.81,-6.5,278.25,-5.44,23.46,-38.27,17.37,-11.66,0.19,-0.92,95.0,95.0,95.0,2024-05-17,1.175,1.775,2.95,3.105263157894737,1.325,1.125,2.45,97.1,2.0999999999999943,0.15146,0.22951,0.190485,0.161215,15.366039320681429,-0.02927,1844.0,52.0,0.6410891089108911,16.0,0.0,1,3.105263157894737,2024-05-01,504.0,488.4623718261719,0.136825,0.136825,0.1412983333333333,0.0,0.0044733333333333,0,0.15146,0.13195,0.01951,0.00488,0.5384372782464718,0.3937043464223738,0.7410358565737052,0.1508508749867372,0.1343934593394126,0.0024315406605873,1.1224569687261423,1.31,0.6571287406727474,1.241740125585166,-0.1250148314916217,-0.0100115049673736,-0.0356372815007053,-0.0436186019626153,1,15.390000343322754,16.56999969482422,1.707500343322753,2.95,2.45,real_post_mid,0.29500000000000004,2.6,17.899999999999995,0.001884210526315789,fold_3,xgb,0.7407407164573669
BDX,2024-03-31,2024-05-02,1.0,241.02,237.19,-0.28,1.33,2.97,3.02,2.92,13.0,2.97,2.96,2.96,2.96,0.0,0.0,1.0,0.0,5037840000.0,5071000000.0,5015000000.0,12.0,18690.4,14767.84,1708.8,1336.27,2.62,0.0,2.95,9.09,38.81,-10.35,-24.96,-3.44,-3.43,235.0,235.0,235.0,2024-05-17,5.25,6.05,11.3,4.808510638297872,3.65,3.5999999999999996,7.25,236.3,1.3000000000000114,0.28804,0.28804,0.28804,0.19536,32.176086654631305,-0.06341,584.0,210.0,0.8915502328675982,16.0,0.0,1,4.808510638297872,2024-05-01,504.0,488.4623718261719,0.136825,0.136825,0.1412983333333333,0.0,0.0044733333333333,0,0.15146,0.13195,0.01951,0.00488,0.5384372782464718,0.3937043464223738,0.7410358565737052,0.1508508749867372,0.1343934593394126,0.0024315406605873,1.1224569687261423,1.31,0.6571287406727474,1.241740125585166,-0.1250148314916217,-0.0100115049673736,-0.0356372815007053,-0.0436186019626153,1,15.390000343322754,16.56999969482422,1.707500343322753,11.3,7.25,real_post_mid,1.1300000000000001,2.6,289.40000000000003,0.012314893617021278,fold_3,xgb,0.7407407164573669
PNW,2024-03-31,2024-05-02,1.0,74.04,68.7,1.35,9.23,0.0,0.07,-0.1,9.0,0.0,0.04,0.01,0.02,0.0,0.0,1.0,0.0,981820000.0,1005310000.0,959800000.0,3.0,7760.8,7278.72,540.27,592.9,8.59,186.73,9.96,100.0,-100.0,8.01,12.67,-0.22,0.63,75.0,75.0,75.0,2024-05-17,1.525,1.4,2.925,3.9,1.65,0.675,2.325,78.44,3.4399999999999977,0.22951,0.22951,0.22951,0.185605,19.129885408043208,-0.01951,688.0,26.0,0.5428571428571428,16.0,0.0,1,3.9,2024-05-01,504.0,488.4623718261719,0.136825,0.136825,0.1412983333333333,0.0,0.0044733333333333,0,0.15146,0.13195,0.01951,0.00488,0.5384372782464718,0.3937043464223738,0.7410358565737052,0.1508508749867372,0.1343934593394126,0.0024315406605873,1.1224569687261423,1.31,0.6571287406727474,1.241740125585166,-0.1250148314916217,-0.0100115049673736,-0.0356372815007053,-0.0436186019626153,1,15.390000343322754,16.56999969482422,1.707500343322753,2.925,2.325,real_post_mid,0.2925,2.6,28.149999999999963,0.0037533333333333286,fold_3,xgb,0.7407407164573669
FRT,2024-03-31,2024-05-02,0.0,99.8,101.97,5.12,2.88,0.67,0.7,0.63,8.0,0.67,0.68,0.69,0.68,0.0,0.0,0.0,1.0,290170000.0,306890000.0,283700000.0,12.0,29397.6,28959.84,115.2,172.53,5.38,295.02,5.55,-45.71,13.43,-11.77,-22.78,1.14,-13.1,105.0,100.0,105.0,2024-05-17,2.25,2.425,4.675,4.4523809523809526,0.9,3.375,4.275,102.33,2.6700000000000017,0.28804,0.24902,0.26853,0.136825,49.04666145309648,-0.0146299999999999,124.0,36.0,0.3561643835616438,16.0,4.761904761904767,0,-0.3095238095238146,2024-05-01,504.0,488.4623718261719,0.136825,0.136825,0.1412983333333333,0.0,0.0044733333333333,0,0.15146,0.13195,0.01951,0.00488,0.5384372782464718,0.3937043464223738,0.7410358565737052,0.1508508749867372,0.1343934593394126,0.0024315406605873,1.1224569687261423,1.31,0.6571287406727474,1.241740125585166,-0.1250148314916217,-0.0100115049673736,-0.0356372815007053,-0.0436186019626153,1,15.390000343322754,16.56999969482422,1.707500343322753,4.675,4.275,real_post_mid,0.4675,2.6,-9.350000000000056,-0.0008904761904761959,fold_3,xgb,0.7407407164573669
ZTS,2024-03-31,2024-05-02,1.0,165.01,189.04,1.35,-11.54,1.34,1.38,1.26,10.0,1.34,1.35,1.36,1.4,0.0,0.0,0.0,2.0,2132420000.0,2165520000.0,2090000000.0,9.0,12624.8,12692.64,-29.87,195.49,5.74,297.21,5.35,7.83,-8.82,9.74,4.82,0.51,-0.32,160.0,165.0,160.0,2024-05-17,4.8,5.85,10.65,6.65625,7.3,0.825,8.125,174.06,14.060000000000002,0.40511,0.39536,0.400235,0.253895,36.56351893262709,-0.102435,1505.0,393.0,1.3226008781099727,16.0,3.125,1,3.53125,2024-05-01,504.0,488.4623718261719,0.136825,0.136825,0.1412983333333333,0.0,0.0044733333333333,0,0.15146,0.13195,0.01951,0.00488,0.5384372782464718,0.3937043464223738,0.7410358565737052,0.1508508749867372,0.1343934593394126,0.0024315406605873,1.1224569687261423,1.31,0.6571287406727474,1.241740125585166,-0.1250148314916217,-0.0100115049673736,-0.0356372815007053,-0.0436186019626153,1,15.390000343322754,16.56999969482422,1.707500343322753,10.649999999999999,8.125,real_post_mid,1.065,2.6,143.39999999999986,0.008962499999999991,fold_3,xgb,0.7407407164573669
REG,2024-03-31,2024-05-02,1.0,59.67,62.6,0.59,-4.12,0.47,0.53,0.42,10.0,0.47,0.47,0.47,0.52,0.0,0.0,0.0,0.0,358530000.0,375460000.0,344690000.0,9.0,7804.0,7794.4,123.73,162.73,7.77,299.19,6.31,-16.07,-6.0,2.63,3.79,-1.6,-2.46,60.0,60.0,60.0,2024-05-17,0.975,1.65,2.625,4.375,1.1,1.9,3.0,60.89,0.8900000000000006,0.26853,0.24902,0.258775,0.31731,-22.620036711428853,-0.0390249999999999,118.0,0.0,,16.0,0.0,1,4.375,2024-05-01,504.0,488.4623718261719,0.136825,0.136825,0.1412983333333333,0.0,0.0044733333333333,0,0.15146,0.13195,0.01951,0.00488,0.5384372782464718,0.3937043464223738,0.7410358565737052,0.1508508749867372,0.1343934593394126,0.0024315406605873,1.1224569687261423,1.31,0.6571287406727474,1.241740125585166,-0.1250148314916217,-0.0100115049673736,-0.0356372815007053,-0.0436186019626153,1,15.390000343322754,16.56999969482422,1.707500343322753,2.625,3.0,real_post_mid,0.2625,2.6,-66.35,-0.011058333333333333,fold_3,xgb,0.7407407164573669
PWR,2024-03-31,2024-05-02,1.0,256.1,204.5,-0.43,24.69,1.29,1.41,1.04,15.0,1.29,1.32,1.34,1.56,0.0,0.0,0.0,2.0,4937220000.0,5150000000.0,4860600000.0,14.0,15135.2,14671.52,301.87,137.2,22.3,271.52,21.02,21.43,-8.93,20.22,18.75,-0.06,-0.16,260.0,260.0,260.0,2024-05-17,8.45,11.9,20.35,7.826923076923076,4.1,7.199999999999999,11.3,264.4,4.399999999999977,0.46365,0.4734,0.4685249999999999,0.27341,41.64452270423136,-0.11707,959.0,209.0,0.1295019157088122,16.0,0.0,1,7.826923076923076,2024-05-01,504.0,488.4623718261719,0.136825,0.136825,0.1412983333333333,0.0,0.0044733333333333,0,0.15146,0.13195,0.01951,0.00488,0.5384372782464718,0.3937043464223738,0.7410358565737052,0.1508508749867372,0.1343934593394126,0.0024315406605873,1.1224569687261423,1.31,0.6571287406727474,1.241740125585166,-0.1250148314916217,-0.0100115049673736,-0.0356372815007053,-0.0436186019626153,1,15.390000343322754,16.56999969482422,1.707500343322753,20.35,11.3,real_post_mid,2.035,2.6,698.9,0.02688076923076923,fold_3,xgb,0.7407407164573669
AME,2024-03-31,2024-05-02,1.0,180.37,167.44,-9.44,-2.45,1.59,1.62,1.58,12.0,1.59,1.59,1.59,1.61,0.0,0.0,1.0,0.0,1779350000.0,1800700000.0,1759000000.0,12.0,5943.2,5609.6,162.67,23.58,7.26,306.51,7.38,10.53,2.44,11.49,13.78,65.12,1.48,175.0,165.0,175.0,2024-05-17,3.1,3.8,6.9,3.942857142857143,0.15,8.2,8.35,166.8,8.199999999999989,0.22951,0.23926,0.234385,0.17585,24.973867781641317,-0.0438999999999999,52.0,53.0,0.0881261595547309,16.0,5.714285714285716,0,-1.7714285714285731,2024-05-01,504.0,488.4623718261719,0.136825,0.136825,0.1412983333333333,0.0,0.0044733333333333,0,0.15146,0.13195,0.01951,0.00488,0.5384372782464718,0.3937043464223738,0.7410358565737052,0.1508508749867372,0.1343934593394126,0.0024315406605873,1.1224569687261423,1.31,0.6571287406727474,1.241740125585166,-0.1250148314916217,-0.0100115049673736,-0.0356372815007053,-0.0436186019626153,1,15.390000343322754,16.56999969482422,1.707500343322753,6.9,8.35,real_post_mid,0.6900000000000001,2.6,-216.5999999999999,-0.012377142857142852,fold_3,xgb,0.7407407164573669
MSI,2024-03-31,2024-05-02,1.0,352.07,327.62,-4.5,2.63,2.53,2.55,2.5,10.0,2.53,2.53,2.53,2.37,0.0,0.0,0.0,0.0,2345020000.0,2356000000.0,2339000000.0,9.0,14959.2,13536.48,791.47,154.82,9.5,290.38,10.25,8.33,22.26,4.51,38.11,3.4,4.76,340.0,350.0,340.0,2024-05-17,7.25,10.5,17.75,5.220588235294118,15.1,0.5750000000000001,15.675,367.8,27.80000000000001,0.30755,0.30755,0.30755,0.166095,45.99414729312307,-0.087795,187.0,35.0,0.3974358974358974,16.0,2.941176470588225,1,2.279411764705893,2024-05-01,504.0,488.4623718261719,0.136825,0.136825,0.1412983333333333,0.0,0.0044733333333333,0,0.15146,0.13195,0.01951,0.00488,0.5384372782464718,0.3937043464223738,0.7410358565737052,0.1508508749867372,0.1343934593394126,0.0024315406605873,1.1224569687261423,1.31,0.6571287406727474,1.241740125585166,-0.1250148314916217,-0.0100115049673736,-0.0356372815007053,-0.0436186019626153,1,15.390000343322754,16.56999969482422,1.707500343322753,17.75,15.675,real_post_mid,1.7750000000000001,2.6,27.399999999999913,0.000805882352941174,fold_3,xgb,0.7407407164573669
WMB,2024-03-31,2024-05-06,1.0,39.23,34.3,-0.43,13.88,0.48,0.53,0.45,10.0,0.49,0.48,0.49,0.5,0.0,0.0,4.0,1.0,2687210000.0,2873130000.0,2171590000.0,6.0,2079.2,1783.84,210.13,105.73,-0.53,326.22,0.16,-12.73,0.0,35.35,42.84,12.2,12.01,38.5,39.0,38.5,2024-05-10,0.675,0.475,1.15,2.9870129870129873,0.7,0.85,1.5499999999999998,39.64,1.1400000000000006,0.26853,0.26853,0.26853,0.16122,39.962015417271814,0.0,34.0,38.0,0.8170580964153276,7.0,1.298701298701288,1,1.6883116883116993,2024-05-03,515.0,499.1423950195313,0.1187078571428571,0.12707,0.1319449999999999,0.0083621428571428,0.0132371428571428,0,0.13195,0.11244,0.01951,0.0034871428571428,0.2527455198747481,0.1889826062391541,0.50199203187251,0.1791471058451636,0.1411846178881877,-0.0224767607453306,1.2688854389721165,1.34,1.109057469650139,2.7392464254783166,2.834391405803527,0.0059615092468956,-0.0034692962015895,-0.02270772714016,1,13.489999771118164,15.270000457763672,1.6192140568324491,1.15,1.5499999999999998,real_post_mid,0.11499999999999999,2.6,-54.099999999999994,-0.01405194805194805,fold_3,xgb,0.7857142686843872
O,2024-03-31,2024-05-06,0.0,53.01,53.75,4.6,3.16,0.39,0.44,0.34,5.0,0.39,0.39,0.36,0.4,0.0,0.0,0.0,0.0,1203450000.0,1265040000.0,1104020000.0,10.0,-2215.2,-2096.16,-307.2,358.56,21.99,292.55,22.13,-16.67,-9.09,20.96,31.62,-1.0,3.09,55.0,55.0,55.0,2024-05-17,1.0,0.6499999999999999,1.65,3.0,0.6499999999999999,0.55,1.2,55.13,0.1300000000000025,0.19048,0.19048,0.19048,0.16122,15.36119277614448,-0.01463,5831.0,644.0,0.4792196776929601,14.0,0.0,1,3.0,2024-05-03,515.0,499.1423950195313,0.1187078571428571,0.12707,0.1319449999999999,0.0083621428571428,0.0132371428571428,0,0.13195,0.11244,0.01951,0.0034871428571428,0.2527455198747481,0.1889826062391541,0.50199203187251,0.1791471058451636,0.1411846178881877,-0.0224767607453306,1.2688854389721165,1.34,1.109057469650139,2.7392464254783166,2.834391405803527,0.0059615092468956,-0.0034692962015895,-0.02270772714016,1,13.489999771118164,15.270000457763672,1.6192140568324491,1.65,1.2,real_post_mid,0.165,2.6,25.89999999999999,0.0047090909090909076,fold_3,xgb,0.7407407164573669
DUK,2024-03-31,2024-05-07,1.0,95.91,95.5,6.62,7.08,1.38,1.47,1.33,16.0,1.39,1.34,1.34,1.39,0.0,0.0,6.0,1.0,7236270000.0,7788650000.0,6583370000.0,6.0,3103.2,3297.6,5.87,128.62,1.02,263.52,0.7,36.04,-22.16,12.18,17.6,2.23,3.43,100.0,100.0,100.0,2024-05-17,1.425,1.425,2.85,2.85,2.725,0.4,3.125,103.89,3.890000000000001,0.16122,0.24902,0.20512,0.18073,11.89060062402496,-0.039025,18965.0,286.0,0.5554035567715458,11.0,0.0,1,2.85,2024-05-06,519.0,504.296875,0.12219,0.122195,0.1282887499999999,5.000000000018878e-06,0.0060987499999999,0,0.13195,0.11244,0.01951,5.000000000005e-06,0.3076559173697075,0.2283304410993179,0.5697211155378487,0.1907209346343613,0.1410731270965352,-0.0188831270965351,1.3519295882897142,1.88,3.4429805149808304,3.004887957290374,2.5620589124365565,0.0127630526819055,-0.0035877906461055,-0.0126155500264012,1,13.489999771118164,15.020000457763672,1.2709997711181646,2.85,3.125,real_post_mid,0.28500000000000003,2.6,-58.599999999999994,-0.00586,fold_3,xgb,0.7407407164573669
KVUE,2024-03-31,2024-05-07,1.0,20.25,20.52,-0.84,-2.14,0.25,0.27,0.25,10.0,0.25,0.26,0.26,0.28,0.0,0.0,1.0,0.0,3789790000.0,3827000000.0,3754810000.0,11.0,1500.0,1500.0,48.0,48.0,,,,,,,,,,19.0,20.5,19.0,2024-05-10,0.455,0.4649999999999999,0.92,4.842105263157894,1.4,0.015,1.4149999999999998,20.54,1.5399999999999991,0.52218,0.63925,0.580715,0.209995,63.83854386402968,-0.20975,251.0,279.0,0.1467625899280575,4.0,7.8947368421052655,0,-3.0526315789473717,2024-05-06,519.0,504.296875,0.12219,0.122195,0.1282887499999999,5.000000000018878e-06,0.0060987499999999,0,0.13195,0.11244,0.01951,5.000000000005e-06,0.3076559173697075,0.2283304410993179,0.5697211155378487,0.1907209346343613,0.1410731270965352,-0.0188831270965351,1.3519295882897142,1.88,3.4429805149808304,3.004887957290374,2.5620589124365565,0.0127630526819055,-0.0035877906461055,-0.0126155500264012,1,13.489999771118164,15.020000457763672,1.2709997711181646,0.9199999999999999,1.4149999999999998,real_post_mid,0.092,2.6,-61.29999999999999,-0.032263157894736834,fold_3,xgb,0.7407407164573669
NRG,2024-03-31,2024-05-07,1.0,72.77,52.99,0.87,38.52,1.01,1.71,0.41,3.0,0.88,0.41,1.12,0.41,1.0,0.0,1.0,0.0,7512200000.0,7641880000.0,7382530000.0,2.0,-12295.2,16356.0,-4080.0,14220.5,,,-74.04,,,,,,,80.0,75.0,80.0,2024-05-17,1.7999999999999998,3.8,5.6,6.999999999999999,0.45,4.550000000000001,5.000000000000001,82.3,2.299999999999997,0.49292,0.49292,0.49292,0.36609,25.73034163758825,-0.11708,1489.0,476.0,0.9373251970505976,11.0,6.25,1,0.7499999999999991,2024-05-06,519.0,504.296875,0.12219,0.122195,0.1282887499999999,5.000000000018878e-06,0.0060987499999999,0,0.13195,0.11244,0.01951,5.000000000005e-06,0.3076559173697075,0.2283304410993179,0.5697211155378487,0.1907209346343613,0.1410731270965352,-0.0188831270965351,1.3519295882897142,1.88,3.4429805149808304,3.004887957290374,2.5620589124365565,0.0127630526819055,-0.0035877906461055,-0.0126155500264012,1,13.489999771118164,15.020000457763672,1.2709997711181646,5.6,5.000000000000001,real_post_mid,0.5599999999999999,2.6,1.3999999999998813,0.00017499999999998517,fold_3,xgb,0.7407407164573669
SRE,2024-03-31,2024-05-07,1.0,70.52,70.05,4.92,5.62,1.33,1.39,1.28,13.0,1.33,1.47,1.42,1.41,0.0,0.0,1.0,2.0,5576690000.0,6217460000.0,4344100000.0,4.0,20842.4,20472.32,105.07,163.32,1.59,386.07,6.44,-51.91,4.63,38.47,-12.93,-3.04,-3.24,75.0,75.0,75.0,2024-05-17,0.3249999999999999,2.55,2.875,3.833333333333333,0.9,0.575,1.475,78.17,3.1700000000000017,0.21,0.22951,0.2197549999999999,0.15146,31.077791176537495,-0.0390249999999999,513.0,82.0,0.2591549295774648,11.0,0.0,1,3.833333333333333,2024-05-06,519.0,504.296875,0.12219,0.122195,0.1282887499999999,5.000000000018878e-06,0.0060987499999999,0,0.13195,0.11244,0.01951,5.000000000005e-06,0.3076559173697075,0.2283304410993179,0.5697211155378487,0.1907209346343613,0.1410731270965352,-0.0188831270965351,1.3519295882897142,1.88,3.4429805149808304,3.004887957290374,2.5620589124365565,0.0127630526819055,-0.0035877906461055,-0.0126155500264012,1,13.489999771118164,15.020000457763672,1.2709997711181646,2.8749999999999996,1.475,real_post_mid,0.2875,2.6,108.64999999999995,0.01448666666666666,fold_3,xgb,0.7407407164573669
ROK,2024-03-31,2024-05-07,1.0,279.24,269.02,-2.58,1.12,2.16,2.33,2.0,17.0,2.16,2.21,2.23,2.34,0.0,0.0,0.0,0.0,2055770000.0,2118000000.0,1956280000.0,17.0,13687.2,12140.96,824.53,1787.93,3.58,0.0,11.32,49.26,99.02,-34.0,-17.85,-2.1,-3.45,280.0,270.0,280.0,2024-05-17,9.7,13.65,23.35,8.339285714285714,1.4,9.15,10.55,269.76,10.240000000000007,0.56121,0.64901,0.60511,0.229505,62.072185222521526,-0.26341,210.0,162.0,1.120756816917084,11.0,3.57142857142857,1,4.767857142857144,2024-05-06,519.0,504.296875,0.12219,0.122195,0.1282887499999999,5.000000000018878e-06,0.0060987499999999,0,0.13195,0.11244,0.01951,5.000000000005e-06,0.3076559173697075,0.2283304410993179,0.5697211155378487,0.1907209346343613,0.1410731270965352,-0.0188831270965351,1.3519295882897142,1.88,3.4429805149808304,3.004887957290374,2.5620589124365565,0.0127630526819055,-0.0035877906461055,-0.0126155500264012,1,13.489999771118164,15.020000457763672,1.2709997711181646,23.35,10.55,real_post_mid,2.3350000000000004,2.6,1043.9,0.03728214285714286,fold_3,xgb,0.7407407164573669
OXY,2024-03-31,2024-05-07,1.0,69.25,57.62,-6.04,12.93,0.6,0.78,0.44,19.0,0.6,0.59,0.57,0.85,0.0,0.0,4.0,1.0,6696780000.0,6939210000.0,6369000000.0,9.0,-4826.4,-1405.44,293.33,4460.53,-21.85,289.59,-23.17,-54.04,-37.29,-34.39,-51.16,-12.64,-13.74,65.0,64.0,65.0,2024-05-10,1.135,1.035,2.17,3.338461538461538,0.07,1.3199999999999998,1.39,63.57,1.4299999999999995,0.40511,0.39536,0.400235,0.2197549999999999,45.09350756430598,-0.156095,795.0,970.0,1.0387615504620185,4.0,1.538461538461533,1,1.8000000000000052,2024-05-06,519.0,504.296875,0.12219,0.122195,0.1282887499999999,5.000000000018878e-06,0.0060987499999999,0,0.13195,0.11244,0.01951,5.000000000005e-06,0.3076559173697075,0.2283304410993179,0.5697211155378487,0.1907209346343613,0.1410731270965352,-0.0188831270965351,1.3519295882897142,1.88,3.4429805149808304,3.004887957290374,2.5620589124365565,0.0127630526819055,-0.0035877906461055,-0.0126155500264012,1,13.489999771118164,15.020000457763672,1.2709997711181646,2.17,1.39,real_post_mid,0.217,2.6,53.7,0.008261538461538463,fold_3,xgb,0.7407407164573669
APP,2024-03-31,2024-05-08,1.0,78.05,46.55,-5.19,58.97,0.57,0.77,0.41,12.0,0.57,0.57,0.56,0.34,0.0,0.0,4.0,0.0,1058110000.0,992000000.0,961920000.0,15.0,5588.0,4102.24,830.93,268.59,16.54,279.87,13.81,322.73,-19.67,122.91,1456.34,12.33,21.44,77.0,85.0,77.0,2024-05-10,5.25,5.050000000000001,10.3,13.376623376623378,8.25,0.05,8.3,86.43,9.430000000000009,1.86849,1.83922,1.853855,0.54169,70.78034689875962,-1.185335,207.0,147.0,0.89734375,3.0,10.389610389610391,1,2.987012987012985,2024-05-07,520.0,504.8533935546875,0.117315,0.122195,0.1237184375,0.0048799999999999,0.0064034374999999,0,0.12219,0.11244,0.0097499999999999,0.0,0.2307813608767643,0.1732434722950886,0.4820717131474104,0.106111671573116,0.1411211613569878,-0.0238061613569878,0.7519189223839372,1.29,0.1749637661297705,1.5832507979288175,0.3177654808593679,0.0302003801700776,-0.0030458771459657,-0.0115259185131776,1,13.229999542236328,14.949999809265137,1.4984995422363276,10.3,8.3,real_post_mid,1.03,2.6,94.4,0.01225974025974026,fold_3,xgb,0.7407407164573669
ABNB,2024-03-31,2024-05-08,1.0,160.27,150.54,-1.48,4.89,0.24,0.6,0.11,28.0,0.24,0.22,0.22,0.22,2.0,0.0,4.0,0.0,2060670000.0,2100100000.0,2035800000.0,33.0,15925.6,8060.96,3718.4,4337.49,18.07,191.93,18.26,58.33,-88.54,-20.79,-15.76,0.68,-6.14,160.0,147.0,160.0,2024-05-10,6.225,6.275,12.5,7.8125,0.02,12.775,12.795,146.32,13.680000000000009,1.08802,1.07827,1.083145,0.45389,58.095176546076466,-0.648765,932.0,542.0,1.425200906655677,3.0,8.125000000000004,0,-0.3125000000000035,2024-05-07,520.0,504.8533935546875,0.117315,0.122195,0.1237184375,0.0048799999999999,0.0064034374999999,0,0.12219,0.11244,0.0097499999999999,0.0,0.2307813608767643,0.1732434722950886,0.4820717131474104,0.106111671573116,0.1411211613569878,-0.0238061613569878,0.7519189223839372,1.29,0.1749637661297705,1.5832507979288175,0.3177654808593679,0.0302003801700776,-0.0030458771459657,-0.0115259185131776,1,13.229999542236328,14.949999809265137,1.4984995422363276,12.5,12.795,real_post_mid,1.25,2.6,-157.1,-0.00981875,fold_3,xgb,0.7407407164573669
CPAY,2024-03-31,2024-05-08,0.0,306.86,265.12,-0.77,14.85,4.11,4.5,4.03,17.0,4.13,4.1,4.42,4.41,0.0,0.0,0.0,1.0,940400000.0,966880000.0,930200000.0,14.0,1500.0,1500.0,-27.2,0.0,,,,,,,,,,310.0,280.0,310.0,2024-05-17,6.949999999999999,12.0,18.95,6.112903225806451,0.8,27.05,27.85,279.53,30.470000000000027,0.45389,0.46365,0.45877,0.24414,46.783791442334945,-0.175605,218.0,0.0,2.3333333333333335,10.0,9.677419354838712,0,-3.5645161290322607,2024-05-07,520.0,504.8533935546875,0.117315,0.122195,0.1237184375,0.0048799999999999,0.0064034374999999,0,0.12219,0.11244,0.0097499999999999,0.0,0.2307813608767643,0.1732434722950886,0.4820717131474104,0.106111671573116,0.1411211613569878,-0.0238061613569878,0.7519189223839372,1.29,0.1749637661297705,1.5832507979288175,0.3177654808593679,0.0302003801700776,-0.0030458771459657,-0.0115259185131776,1,13.229999542236328,14.949999809265137,1.4984995422363276,18.95,27.85,real_post_mid,1.895,2.6,-1082.1000000000001,-0.03490645161290323,fold_3,xgb,0.7857142686843872
TKO,2024-03-31,2024-05-08,0.0,95.87,85.93,2.5,14.36,0.73,1.14,0.28,4.0,0.7,0.7,0.59,0.68,1.0,0.0,1.0,0.0,652920000.0,697000000.0,636000000.0,4.0,1500.0,1500.0,-9552.0,0.0,,,,,,,,,,101.14,101.14,100.0,2024-05-17,2.525,4.1,6.625,6.550326280403401,0.85,2.625,3.475,105.35,5.349999999999994,0.46365,0.54169,0.50267,0.27341,45.60845087234169,-0.1853599999999999,2100.0,312.0,0.0288275862068965,10.0,0.0,1,6.550326280403401,2024-05-07,520.0,504.8533935546875,0.117315,0.122195,0.1237184375,0.0048799999999999,0.0064034374999999,0,0.12219,0.11244,0.0097499999999999,0.0,0.2307813608767643,0.1732434722950886,0.4820717131474104,0.106111671573116,0.1411211613569878,-0.0238061613569878,0.7519189223839372,1.29,0.1749637661297705,1.5832507979288175,0.3177654808593679,0.0302003801700776,-0.0030458771459657,-0.0115259185131776,1,13.229999542236328,14.949999809265137,1.4984995422363276,6.625,3.475,real_post_mid,0.6625000000000001,2.6,246.14999999999998,0.024337551908245995,fold_3,xgb,0.7407407164573669
NI,2024-03-31,2024-05-08,1.0,27.45,25.06,4.63,14.6,0.83,0.84,0.81,8.0,0.83,0.83,0.84,0.79,0.0,0.0,2.0,0.0,2496940000.0,3070150000.0,1923740000.0,2.0,2193.76,2115.04,66.13,71.89,-5.9,435.86,-4.08,6.0,178.95,3.44,2.35,6.53,1.89,30.0,30.0,30.0,2024-05-17,0.1,2.975,3.075,10.25,0.1,2.62,2.72,29.23,0.7699999999999996,0.11244,1.28314,0.69779,0.07829,88.7802920649479,-0.35609,33.0,37.0,0.1490196078431372,10.0,0.0,1,10.25,2024-05-07,520.0,504.8533935546875,0.117315,0.122195,0.1237184375,0.0048799999999999,0.0064034374999999,0,0.12219,0.11244,0.0097499999999999,0.0,0.2307813608767643,0.1732434722950886,0.4820717131474104,0.106111671573116,0.1411211613569878,-0.0238061613569878,0.7519189223839372,1.29,0.1749637661297705,1.5832507979288175,0.3177654808593679,0.0302003801700776,-0.0030458771459657,-0.0115259185131776,1,13.229999542236328,14.949999809265137,1.4984995422363276,3.075,2.72,real_post_mid,0.30750000000000005,2.6,2.149999999999993,0.0007166666666666643,fold_3,xgb,0.7407407164573669
EMR,2024-03-31,2024-05-08,1.0,114.67,102.38,-1.76,10.03,1.25,1.29,1.24,17.0,1.25,1.25,1.25,1.25,0.0,0.0,0.0,0.0,4289630000.0,4337000000.0,4259200000.0,17.0,8532.0,8365.6,121.07,382.05,22.06,0.0,18.03,-52.78,-30.33,-9.2,-22.67,-1.49,-5.12,107.0,116.0,107.0,2024-05-10,2.95,2.5,5.45,5.093457943925234,8.65,0.03,8.68,115.55,8.549999999999997,0.69779,0.69779,0.69779,0.1514599999999999,78.29432923945599,-0.482915,60.0,363.0,0.3622477319014997,3.0,8.411214953271017,0,-3.317757009345783,2024-05-07,520.0,504.8533935546875,0.117315,0.122195,0.1237184375,0.0048799999999999,0.0064034374999999,0,0.12219,0.11244,0.0097499999999999,0.0,0.2307813608767643,0.1732434722950886,0.4820717131474104,0.106111671573116,0.1411211613569878,-0.0238061613569878,0.7519189223839372,1.29,0.1749637661297705,1.5832507979288175,0.3177654808593679,0.0302003801700776,-0.0030458771459657,-0.0115259185131776,1,13.229999542236328,14.949999809265137,1.4984995422363276,5.45,8.68,real_post_mid,0.545,2.6,-380.09999999999997,-0.035523364485981306,fold_3,xgb,0.7407407164573669
WBD,2024-03-31,2024-05-09,0.0,8.69,9.64,-7.48,-16.6,-0.24,-0.03,-0.47,13.0,-0.22,-0.22,-0.22,-0.26,0.0,0.0,2.0,1.0,10230800000.0,10553000000.0,9760360000.0,21.0,1386.4,1956.96,-181.33,134.77,22.19,314.08,27.78,81.4,5.88,57.84,79.0,1.1,18.04,8.0,8.0,8.0,2024-05-10,0.25,0.455,0.7050000000000001,8.8125,0.22,0.01,0.23,8.15,0.1500000000000003,1.45875,1.50752,1.483135,0.400235,73.01425696244779,-0.91705,9554.0,9004.0,0.6886539856083004,2.0,0.0,1,8.8125,2024-05-08,520.0,504.9021606445313,0.11244,0.122195,0.122195,0.009755,0.009755,0,0.13195,0.10268,0.02927,0.004875,0.1539068043838209,0.1181565034908592,0.3266932270916334,0.0891158121369645,0.141045761532028,-0.028605761532028,0.6318219786897216,1.4,0.7149896372499245,0.6102956135190661,-1.0892484605218868,0.0336562031521432,-0.0041016030255756,-0.0114304353393384,1,13.0,14.899999618530272,1.7560000000000002,0.7050000000000001,0.23,real_post_mid,0.07050000000000001,2.6,37.85000000000001,0.04731250000000001,fold_3,xgb,0.7407407164573669
MTD,2024-03-31,2024-05-09,1.0,1336.6,1174.51,-3.46,9.87,7.64,7.92,7.53,10.0,7.64,7.65,7.62,8.02,0.0,0.0,1.0,0.0,879720000.0,886900000.0,874770000.0,10.0,25029.6,26696.8,618.67,2229.58,-3.35,301.96,-2.07,-22.31,-4.08,-7.36,2.28,1.97,1.68,1250.0,1480.0,1250.0,2024-05-17,34.8,32.8,67.6,5.4079999999999995,262.1,0.8,262.90000000000003,1522.75,272.75,0.41487,0.44414,0.429505,0.38072,11.358424232546774,-0.14634,3.0,1.0,0.9520958083832336,9.0,18.399999999999995,0,-12.991999999999996,2024-05-08,520.0,504.9021606445313,0.11244,0.122195,0.122195,0.009755,0.009755,0,0.13195,0.10268,0.02927,0.004875,0.1539068043838209,0.1181565034908592,0.3266932270916334,0.0891158121369645,0.141045761532028,-0.028605761532028,0.6318219786897216,1.4,0.7149896372499245,0.6102956135190661,-1.0892484605218868,0.0336562031521432,-0.0041016030255756,-0.0114304353393384,1,13.0,14.899999618530272,1.7560000000000002,67.6,262.90000000000003,real_post_mid,6.76,2.6,-20208.600000000002,-0.16166880000000003,fold_3,xgb,0.7123562693595886
WMT,2024-04-30,2024-05-16,1.0,59.84,170.36,6.97,-62.43,0.52,0.55,0.51,29.0,0.52,0.52,0.52,1.6,3.0,0.0,7.0,0.0,159502000000.0,161142000000.0,157591000000.0,27.0,-44866.24,-40619.2,-1538.13,2315.5,,,6.15,-64.86,-139.87,,,,,60.0,65.0,60.0,2024-05-17,1.05,1.1749999999999998,2.2249999999999996,3.708333333333333,4.3,0.01,4.31,64.65,4.650000000000006,0.63925,0.61974,0.6294949999999999,0.136825,78.26432298906266,-0.4243749999999999,25273.0,12174.0,0.9331212253687602,2.0,8.333333333333325,0,-4.624999999999992,2024-05-15,531.0,517.1930541992188,0.1075599999999999,0.1075549999999999,0.1164,-5.000000000005e-06,0.00884,0,0.12219,0.09292,0.0292699999999999,-4.999999999991123e-06,0.0,0.0630130352314459,0.1513944223107569,0.0758850507950678,0.1204028449103075,-0.0128428449103075,0.6302596159716771,1.44,0.903341703920456,5.784256529042648,3.5645359611975973,0.0243431193461276,0.05213184286234,0.0,1,12.449999809265137,14.079999923706056,1.6939998092651385,2.2249999999999996,4.31,real_post_mid,0.22249999999999998,2.6,-233.35,-0.038891666666666665,fold_3,xgb,0.7407407164573669
AMAT,2024-04-30,2024-05-16,1.0,209.48,199.57,2.17,7.25,1.84,1.96,1.8,25.0,1.85,1.99,1.99,1.81,1.0,0.0,1.0,0.0,6044270000.0,6285230000.0,6010240000.0,24.0,4984.8,3833.44,619.73,162.59,-0.47,,1.32,4.93,0.47,14.63,-0.15,1.1,0.1,217.5,212.5,217.5,2024-05-17,5.449999999999999,5.300000000000001,10.75,4.942528735632184,0.03,4.9,4.930000000000001,212.08,5.4199999999999875,0.84413,0.83437,0.83925,0.31731,62.19124218051832,-0.473165,785.0,966.0,0.8029936436333812,2.0,2.298850574712641,1,2.643678160919543,2024-05-15,531.0,517.1930541992188,0.1075599999999999,0.1075549999999999,0.1164,-5.000000000005e-06,0.00884,0,0.12219,0.09292,0.0292699999999999,-4.999999999991123e-06,0.0,0.0630130352314459,0.1513944223107569,0.0758850507950678,0.1204028449103075,-0.0128428449103075,0.6302596159716771,1.44,0.903341703920456,5.784256529042648,3.5645359611975973,0.0243431193461276,0.05213184286234,0.0,1,12.449999809265137,14.079999923706056,1.6939998092651385,10.75,4.930000000000001,real_post_mid,1.075,2.6,471.8999999999999,0.021696551724137928,fold_3,xgb,0.7407407164573669
KEYS,2024-04-30,2024-05-20,1.0,145.12,154.43,10.08,3.44,1.38,1.41,1.37,9.0,1.38,1.39,1.38,1.61,1.0,0.0,1.0,0.0,1202970000.0,1209550000.0,1196100000.0,7.0,5295.2,5839.2,-324.27,647.69,-8.83,,-1.87,-19.31,-18.09,-21.34,-31.37,0.64,-5.77,155.0,145.0,155.0,2024-06-21,7.45,5.15,12.6,8.129032258064516,0.7,9.05,9.75,137.0,18.0,0.2978,0.34658,0.32219,0.19536,39.3649709798566,-0.0341449999999999,852.0,481.0,2.811926605504587,35.0,6.451612903225811,1,1.6774193548387046,2024-05-17,531.0,516.8709106445312,0.10268,0.1068585714285714,0.112435,0.0041785714285714,0.009755,0,0.1152257142857142,0.09292,0.0223057142857142,0.0013928571428571,0.0,0.0078695669720327,0.0318725099601593,0.0887322663832249,0.1166047306232767,-0.0139247306232767,0.7609662653387425,1.36,0.4191830091040515,3.2148371576680184,1.2596361142601202,0.0165309667610704,0.0599175274686798,-0.0006228690661483,1,11.989999771118164,13.989999771118164,1.7219997711181652,12.600000000000001,9.75,real_post_mid,1.2600000000000002,2.6,156.40000000000012,0.01009032258064517,fold_3,xgb,0.7407407164573669
NDSN,2024-04-30,2024-05-20,1.0,259.59,264.11,3.4,1.63,2.31,2.35,2.27,6.0,2.31,2.31,2.32,2.45,0.0,0.0,0.0,0.0,661410000.0,673400000.0,647560000.0,7.0,3311.2,2924.0,138.67,355.69,3.72,,1.26,13.33,-10.16,15.26,10.55,1.16,1.56,270.0,250.0,270.0,2024-06-21,7.7,5.5,13.2,4.888888888888888,1.075,26.2,27.275,231.32,38.68000000000001,0.18073,0.21,0.195365,0.161215,17.480101348757458,0.0097499999999999,25.0,393.0,0.1172962226640159,35.0,7.4074074074074066,0,-2.518518518518518,2024-05-17,531.0,516.8709106445312,0.10268,0.1068585714285714,0.112435,0.0041785714285714,0.009755,0,0.1152257142857142,0.09292,0.0223057142857142,0.0013928571428571,0.0,0.0078695669720327,0.0318725099601593,0.0887322663832249,0.1166047306232767,-0.0139247306232767,0.7609662653387425,1.36,0.4191830091040515,3.2148371576680184,1.2596361142601202,0.0165309667610704,0.0599175274686798,-0.0006228690661483,1,11.989999771118164,13.989999771118164,1.7219997711181652,13.2,27.275,real_post_mid,1.32,2.6,-1542.1,-0.05711481481481481,fold_3,xgb,0.7407407164573669
WSM,2024-04-30,2024-05-22,1.0,280.22,225.5,-0.1,24.14,2.7,3.02,2.24,20.0,2.69,2.68,2.67,2.51,2.0,0.0,5.0,0.0,1656410000.0,1763770000.0,1608900000.0,19.0,15844.0,16168.8,821.33,1561.54,,,-12.05,95.29,103.83,,,,,320.0,290.0,320.0,2024-06-21,14.75,18.95,33.7,10.53125,1.75,36.3,38.05,303.36,16.639999999999986,0.45389,0.45389,0.45389,0.31731,30.090991209323853,-0.06829,335.0,107.0,1.6633099824868651,31.0,9.375,1,1.15625,2024-05-21,533.0,518.7355346679688,0.10268,0.1034929166666666,0.1134807142857142,0.0008129166666666,0.0108007142857142,0,0.1207971428571428,0.09292,0.0278771428571428,0.0041785714285714,0.0,0.0078695669720327,0.0358565737051792,0.086354512169092,0.1069212091653512,-0.0042412091653512,0.8076462363565935,1.13,-0.9284166476979776,0.5405521839872385,-0.9195479796798068,0.015402367335084,0.0633154630750243,0.0,1,11.859999656677246,13.949999809265137,1.5919996566772472,33.7,38.05,real_post_mid,3.3700000000000006,2.6,-774.5999999999996,-0.024206249999999988,fold_3,xgb,0.7407407164573669
NVDA,2024-04-30,2024-05-22,0.0,795.18,785.38,19.41,20.9,5.59,6.12,5.32,36.0,5.57,5.53,5.51,4.63,4.0,0.0,6.0,0.0,24645600000.0,26871000000.0,23660000000.0,37.0,-74481.28,-73433.86,-3946.88,5964.34,,,85.53,-325.0,-211.94,,,,,955.0,1040.0,955.0,2024-05-24,39.0,39.575,78.575,8.227748691099476,83.45,0.455,83.905,1064.69,109.69000000000004,1.1368,1.1368,1.1368,0.45389,60.07301196340605,-0.6341300000000001,2302.0,4520.0,0.7101415503014442,3.0,8.900523560209429,0,-0.6727748691099524,2024-05-21,533.0,518.7355346679688,0.10268,0.1034929166666666,0.1134807142857142,0.0008129166666666,0.0108007142857142,0,0.1207971428571428,0.09292,0.0278771428571428,0.0041785714285714,0.0,0.0078695669720327,0.0358565737051792,0.086354512169092,0.1069212091653512,-0.0042412091653512,0.8076462363565935,1.13,-0.9284166476979776,0.5405521839872385,-0.9195479796798068,0.015402367335084,0.0633154630750243,0.0,1,11.859999656677246,13.949999809265137,1.5919996566772472,78.575,83.905,real_post_mid,7.857500000000001,2.6,-1321.35,-0.01383612565445026,fold_3,xgb,0.7407407164573669
A,2024-04-30,2024-05-29,1.0,139.59,137.36,4.22,5.91,1.19,1.2,1.17,15.0,1.19,1.19,1.19,1.2,0.0,0.0,0.0,0.0,1582000000.0,1590900000.0,1570000000.0,14.0,5612.0,5573.92,-9.07,201.26,-5.58,,-0.67,-5.84,-6.52,-2.99,-9.86,-0.37,-1.1,150.0,130.0,150.0,2024-06-21,3.95,5.300000000000001,9.25,6.166666666666667,0.175,18.7,18.875,133.25,16.75,0.2978,0.30755,0.302675,0.253895,16.116296357479158,-0.039025,248.0,47.0,0.7959183673469388,24.0,13.33333333333333,0,-7.166666666666663,2024-05-28,531.0,517.2224731445312,0.1082521428571428,0.1108083333333333,0.1208007142857142,0.0025561904761904,0.0125485714285714,0,0.13195,0.0845628571428571,0.0473871428571428,4.285714285734432e-06,0.1074715367404745,0.0780892127812925,0.1952191235059761,0.0839981193982399,0.1045745634315754,0.0036775794255673,0.8032366250632359,1.24,-0.3819582993020662,0.9654155128024344,-0.5945727168986984,-0.0004716818672704,0.0423997338084762,-0.002916826441061,1,12.920000076293944,14.720000267028809,2.0947857905796603,9.25,18.875,real_post_mid,0.925,2.6,-1057.6,-0.07050666666666666,fold_3,xgb,0.7407407164573669
CRM,2024-04-30,2024-05-29,1.0,275.74,308.82,-1.49,-12.05,2.37,2.42,2.29,35.0,2.38,2.38,2.38,2.2,0.0,0.0,0.0,1.0,9147290000.0,9203000000.0,9089540000.0,34.0,3807.2,3592.16,67.2,202.45,,,11.33,-154.47,-131.75,,,,,270.0,220.0,270.0,2024-05-31,9.05,9.0,18.05,6.685185185185186,0.01,52.0,52.01,234.44,35.56,0.93193,0.92217,0.92705,0.6343749999999999,31.570573323984696,-0.5707150000000001,243.0,1197.0,0.7596220396617616,3.0,18.518518518518523,0,-11.833333333333336,2024-05-28,531.0,517.2224731445312,0.1082521428571428,0.1108083333333333,0.1208007142857142,0.0025561904761904,0.0125485714285714,0,0.13195,0.0845628571428571,0.0473871428571428,4.285714285734432e-06,0.1074715367404745,0.0780892127812925,0.1952191235059761,0.0839981193982399,0.1045745634315754,0.0036775794255673,0.8032366250632359,1.24,-0.3819582993020662,0.9654155128024344,-0.5945727168986984,-0.0004716818672704,0.0423997338084762,-0.002916826441061,1,12.920000076293944,14.720000267028809,2.0947857905796603,18.05,52.01,real_post_mid,1.8050000000000002,2.6,-3579.0999999999995,-0.13255925925925924,fold_3,xgb,0.7407407164573669
DELL,2024-04-30,2024-05-30,1.0,124.64,124.59,36.33,36.38,1.26,1.6,1.15,16.0,1.26,1.21,1.21,1.41,1.0,0.0,6.0,0.0,21667300000.0,22158000000.0,21421000000.0,15.0,26946.4,28606.56,-750.4,2072.48,,,-14.44,1.89,43.09,,,,,180.0,140.0,180.0,2024-05-31,10.6,10.75,21.35,11.861111111111112,0.01,40.7,40.71,139.56,40.44,2.07336,1.95629,2.014825,0.522185,74.0828607943618,-1.351185,2341.0,3702.0,0.4782632214789303,2.0,22.22222222222222,0,-10.361111111111107,2024-05-29,526.0,513.6005249023438,0.117315,0.117315,0.122195,0.0,0.0048799999999999,0,0.15146,0.09292,0.05854,0.004875,0.2473134871212707,0.179698886842316,0.5338645418326693,0.0924373374068001,0.1089035953348926,0.0084114046651073,0.848799684918972,1.25,-0.3454709461295596,1.37439458584675,-0.2882737520539311,-0.0098990900419262,0.0314472709336672,-0.0098990900419262,1,14.279999732971191,15.449999809265137,2.548499732971191,21.35,40.71,real_post_mid,2.1350000000000002,2.6,-2152.1,-0.1195611111111111,fold_3,xgb,0.7407407164573669
COO,2024-04-30,2024-05-30,1.0,89.06,102.19,1.31,-11.7,0.83,0.88,0.78,15.0,0.83,0.83,0.83,0.82,0.0,0.0,0.0,0.0,948060000.0,957600000.0,939540000.0,13.0,2196.0,2525.92,-163.2,363.05,8.51,,8.2,-70.69,-75.5,3.7,2.41,1.9,-0.98,92.5,95.0,90.0,2024-06-21,3.85,2.5,6.35,6.864864864864864,4.800000000000001,0.55,5.3500000000000005,91.51,1.5100000000000051,0.34658,0.34658,0.34658,0.2197549999999999,36.59328293611865,-0.07805,1020.0,157.0,0.6054313099041534,23.0,2.7027027027026973,1,4.162162162162167,2024-05-29,526.0,513.6005249023438,0.117315,0.117315,0.122195,0.0,0.0048799999999999,0,0.15146,0.09292,0.05854,0.004875,0.2473134871212707,0.179698886842316,0.5338645418326693,0.0924373374068001,0.1089035953348926,0.0084114046651073,0.848799684918972,1.25,-0.3454709461295596,1.37439458584675,-0.2882737520539311,-0.0098990900419262,0.0314472709336672,-0.0098990900419262,1,14.279999732971191,15.449999809265137,2.548499732971191,6.35,5.3500000000000005,real_post_mid,0.635,2.6,33.899999999999906,0.0036648648648648545,fold_3,xgb,0.7407407164573669
DLTR,2024-04-30,2024-06-05,1.0,120.18,150.02,-4.83,-23.76,1.42,1.5,1.35,23.0,1.42,1.43,1.42,1.69,1.0,0.0,2.0,0.0,7631370000.0,7735000000.0,7458050000.0,21.0,2026.4,2216.8,-74.67,138.54,,,6.56,504.76,273.53,,,,,120.0,112.0,120.0,2024-06-07,5.9,5.675,11.575,9.645833333333332,0.015,8.075,8.09,111.29,8.709999999999994,1.32216,1.34167,1.331915,0.351455,73.61280562198037,-0.941435,354.0,457.0,0.8945198254782567,3.0,6.666666666666665,1,2.979166666666667,2024-06-04,529.0,515.8361206054688,0.117315,0.1142649999999999,0.1228914285714285,-0.00305,0.0055764285714285,0,0.1417,0.09292,0.0487799999999999,-5.000000000005e-06,0.3898773325920006,0.179698886842316,0.5418326693227091,0.1054096814852312,0.0839864964519904,0.0333285035480095,1.2550789226633237,1.12,-0.9662324215056766,1.3999300703225803,-0.2754886785279363,-0.0026803795485411,0.0334448160535116,-0.005589387787663,1,13.15999984741211,14.880000114440918,1.428499847412109,11.575,8.09,real_post_mid,1.1575,2.6,230.14999999999998,0.019179166666666664,fold_3,xgb,0.7407407164573669
MU,2024-05-31,2024-06-26,1.0,129.49,117.89,9.94,20.76,0.51,0.77,0.4,24.0,0.51,0.49,0.47,0.43,1.0,0.0,8.0,0.0,6669920000.0,6932000000.0,6517000000.0,25.0,4719.2,2221.6,1120.0,710.3,57.7,,-12.9,121.99,362.5,1446.75,108.29,51.19,65.64,141.0,132.0,141.0,2024-06-28,9.1,8.975000000000001,18.075000000000003,12.819148936170215,0.225,8.975,9.2,131.53,9.47,1.77093,1.78069,1.77581,0.585595,67.02378069725927,-1.10729,2271.0,1865.0,0.428865859338612,3.0,6.382978723404253,1,6.436170212765962,2024-06-25,551.0,533.6014404296875,0.1068628571428571,0.1180114285714285,0.1207274999999999,0.0111485714285714,0.0138646428571428,0,0.12219,0.10268,0.01951,0.0055721428571428,0.3823724520564464,0.097737870438167,0.0756972111553784,0.0507223330941956,0.0780009608380994,0.0288618963047576,0.6502783113079348,1.02,-1.124061783442715,0.6371551865215426,-0.8274422824749679,-0.0009362659228344,0.0392191894268958,-0.0034683870450021,1,12.84000015258789,14.859999656677246,2.1537144383021776,18.075000000000003,9.2,real_post_mid,1.8075000000000003,2.6,704.1500000000003,0.04993971631205676,fold_3,xgb,0.7407407164573669
MKC,2024-05-31,2024-06-27,1.0,71.31,76.81,-1.0,-8.08,0.59,0.63,0.55,12.0,0.59,0.6,0.6,0.6,1.0,0.0,1.0,3.0,1631520000.0,1657000000.0,1613000000.0,11.0,-18007.2,-18075.04,123.73,162.32,2.38,,5.29,6.78,-25.88,10.55,18.79,1.43,2.04,70.0,70.0,70.0,2024-07-19,1.2,3.7,4.9,7.000000000000001,1.725,1.0,2.725,73.59,3.5900000000000034,0.2978,0.36609,0.331945,0.190485,42.615493530554765,-0.06829,2852.0,1292.0,1.6438579341805148,23.0,0.0,1,7.000000000000001,2024-06-26,551.0,534.2674560546875,0.1075599999999999,0.1155739285714285,0.117315,0.0080139285714285,0.009755,0,0.12219,0.09292,0.0292699999999999,-4.999999999991123e-06,0.4118019539259434,0.1052603183166979,0.2031872509960159,0.0470491622454574,0.0760622970504504,0.0314977029495495,0.6185608911370475,0.92,-1.5134631478250686,0.6530551713492537,-0.805190984162309,-0.0022245642687742,0.0336769579274496,-0.0022245642687742,1,12.550000190734863,14.710000038146973,1.7940001907348648,4.9,2.725,real_post_mid,0.49000000000000005,2.6,165.90000000000003,0.023700000000000006,fold_3,xgb,0.7407407164573669
STZ,2024-05-31,2024-07-03,1.0,250.32,264.31,0.02,-5.27,3.46,3.54,3.31,14.0,3.46,3.48,3.47,3.37,0.0,0.0,1.0,5.0,2670600000.0,2737400000.0,2624200000.0,13.0,7575.2,7953.28,-145.6,890.69,,,4.91,-45.45,-73.67,,,,,260.0,260.0,260.0,2024-07-05,4.9,5.5,10.4,4.0,0.02,1.2999999999999998,1.3199999999999998,259.14,0.8600000000000136,0.57096,0.53194,0.55145,0.17585,68.1113428234654,-0.32682,255.0,348.0,1.6219099394809724,3.0,0.0,1,4.0,2024-07-02,555.0,537.6953735351562,0.0978,0.1077923809523809,0.112435,0.0099923809523809,0.0146349999999999,0,0.117315,0.088045,0.02927,0.0048799999999999,0.0,0.0,0.0079681274900398,0.0599855865270398,0.0627419903650625,0.0350580096349374,0.9560676379250214,1.16,-0.2255167120705675,0.6509789558153388,-0.7041039639674599,0.0076722677175911,0.0443923607715102,0.0,1,12.029999732971191,14.010000228881836,2.249999732971192,10.4,1.3199999999999998,real_post_mid,1.04,2.6,801.3999999999999,0.03082307692307692,fold_3,xgb,0.7407407164573669
WFC,2024-06-30,2024-07-12,1.0,57.3,56.47,-1.33,0.12,1.29,1.39,1.16,20.0,1.28,1.27,1.27,1.21,4.0,0.0,10.0,2.0,20291300000.0,20663000000.0,19704000000.0,18.0,2621.6,2061.76,155.2,230.72,17.67,-59.23,10.74,2.44,46.51,0.11,-4.43,-9.68,-4.11,60.0,58.0,60.0,2024-07-12,1.37,1.205,2.575,4.291666666666667,,,,56.54,3.460000000000001,1.01973,1.02949,1.02461,0.253895,75.22032773445505,-0.765835,3423.0,13983.0,0.5781077535039674,1.0,3.3333333333333326,1,0.9583333333333344,2024-07-11,563.0,545.0112915039062,0.1033771428571428,0.1147614285714285,0.117315,0.0113842857142857,0.0139378571428571,0,0.12219,0.10268,0.01951,0.0090578571428571,0.2353863314340843,0.0601763363955854,0.0876494023904382,0.1096558475951091,0.070587364273002,0.0327897785841408,1.5534770100071558,1.04,-0.8702271965788143,1.6087282030926693,-0.1464020075439816,0.0091029249464962,0.0422192967784624,-0.0086226134184806,1,12.920000076293944,14.670000076293944,2.5822857905796592,2.575,2.0,intrinsic_fallback,0.2575,2.6,29.150000000000016,0.004858333333333336,fold_3,xgb,0.7407407164573669
JPM,2024-06-30,2024-07-12,1.0,191.53,182.79,7.0,12.12,3.83,4.24,3.63,13.0,3.8,4.28,3.79,4.12,5.0,0.0,12.0,0.0,45663900000.0,46620500000.0,43827000000.0,8.0,22397.6,21428.8,2559.47,3162.47,21.27,-71.95,49.06,8.29,46.05,9.54,8.3,-5.58,-3.12,207.5,210.0,207.5,2024-07-12,2.965,2.925,5.89,2.83855421686747,,,,204.94,2.5600000000000023,0.68803,0.66852,0.678275,0.20024,70.47805093804136,-0.468275,2190.0,4329.0,0.8303719118510218,1.0,1.2048192771084263,1,1.6337349397590435,2024-07-11,563.0,545.0112915039062,0.1033771428571428,0.1147614285714285,0.117315,0.0113842857142857,0.0139378571428571,0,0.12219,0.10268,0.01951,0.0090578571428571,0.2353863314340843,0.0601763363955854,0.0876494023904382,0.1096558475951091,0.070587364273002,0.0327897785841408,1.5534770100071558,1.04,-0.8702271965788143,1.6087282030926693,-0.1464020075439816,0.0091029249464962,0.0422192967784624,-0.0086226134184806,1,12.920000076293944,14.670000076293944,2.5822857905796592,5.89,2.5,intrinsic_fallback,0.589,2.6,277.49999999999994,0.013373493975903612,fold_3,xgb,0.7407407164573669
C,2024-06-30,2024-07-12,1.0,60.01,59.68,7.52,8.11,1.39,1.49,1.29,17.0,1.41,1.32,1.32,1.49,1.0,0.0,5.0,3.0,20068600000.0,20270000000.0,19622000000.0,15.0,17984.8,15631.52,943.47,522.97,19.94,-71.86,50.17,-3.76,113.1,-22.48,-26.51,-7.86,-6.57,66.0,65.0,66.0,2024-07-12,0.875,1.18,2.0549999999999997,3.1136363636363633,,,,64.52,1.480000000000004,0.73681,0.75632,0.7465649999999999,0.258775,65.33791431422583,-0.4975449999999999,7778.0,5877.0,0.483108191641048,1.0,1.5151515151515138,1,1.5984848484848495,2024-07-11,563.0,545.0112915039062,0.1033771428571428,0.1147614285714285,0.117315,0.0113842857142857,0.0139378571428571,0,0.12219,0.10268,0.01951,0.0090578571428571,0.2353863314340843,0.0601763363955854,0.0876494023904382,0.1096558475951091,0.070587364273002,0.0327897785841408,1.5534770100071558,1.04,-0.8702271965788143,1.6087282030926693,-0.1464020075439816,0.0091029249464962,0.0422192967784624,-0.0086226134184806,1,12.920000076293944,14.670000076293944,2.5822857905796592,2.0549999999999997,1.0,intrinsic_fallback,0.2055,2.6,82.34999999999998,0.012477272727272724,fold_3,xgb,0.7407407164573669
PLD,2024-06-30,2024-07-17,1.0,111.28,104.69,10.72,17.69,0.59,0.64,0.54,5.0,0.59,0.61,0.61,0.64,0.0,0.0,0.0,1.0,1874950000.0,1980060000.0,1855210000.0,10.0,31989.6,31172.64,611.2,420.29,10.63,-75.61,33.51,26.0,-7.35,17.73,24.4,0.14,4.08,120.0,125.0,120.0,2024-07-19,3.4,1.875,5.275,4.395833333333334,2.825,0.15,2.975,123.75,3.75,0.58072,0.59047,0.5855950000000001,0.375845,35.8182703062697,-0.3219450000000001,2460.0,459.0,2.104525175270873,3.0,4.166666666666674,1,0.2291666666666598,2024-07-16,571.0,553.2185668945312,0.1075599999999999,0.1159221428571428,0.1200261111111111,0.0083621428571428,0.0124661111111111,0,0.12219,0.10268,0.01951,0.004875,0.5001281065846779,0.1053085886922743,0.2270916334661354,0.1127904625867153,0.0702097273143107,0.0373502726856892,1.6064791432928045,1.08,-0.4407264652589989,0.7311172140540899,-0.7636795458994962,0.0162640449312223,0.0446719263321049,0.0,1,13.1899995803833,14.90999984741211,2.4339995803833023,5.275,2.975,real_post_mid,0.5275000000000001,2.6,174.65000000000003,0.01455416666666667,fold_3,xgb,0.7407407164573669
SNA,2024-06-30,2024-07-18,1.0,269.31,268.8,0.46,0.65,4.94,5.16,4.8,9.0,4.92,4.93,4.93,4.93,0.0,0.0,0.0,2.0,1196990000.0,1202700000.0,1179000000.0,9.0,24815.2,24220.0,379.73,111.68,-0.06,-76.86,4.56,3.26,0.0,4.26,4.02,0.63,1.12,280.0,270.0,280.0,2024-07-19,4.5,8.45,12.95,4.625,0.2,8.4,8.6,270.9,9.100000000000025,0.77583,0.74657,0.7612,0.2148749999999999,71.77154492905937,-0.531695,141.0,25.0,1.7835820895522387,2.0,3.57142857142857,1,1.0535714285714302,2024-07-17,563.0,545.4619140625,0.12219,0.12219,0.12707,0.0,0.00488,0,0.1417,0.11244,0.0292599999999999,0.0048799999999999,1.0,0.2631635735865342,0.6454183266932271,0.1472439771073784,0.0898842641587704,0.0323057358412295,1.638150776283695,0.95,-1.7013008142098562,1.093087052411151,-0.2338670692660436,-0.0078029294569968,0.0293981863301151,-0.0140209553623135,1,14.479999542236328,15.789999961853027,2.2609995422363287,12.95,8.6,real_post_mid,1.295,2.6,302.9,0.010817857142857141,fold_3,xgb,0.7407407164573669
ISRG,2024-06-30,2024-07-18,1.0,435.0,366.34,-4.34,13.59,1.54,1.61,1.48,23.0,1.54,1.54,1.54,1.56,2.0,0.0,2.0,0.0,1971840000.0,2025770000.0,1912000000.0,24.0,-67639.2,-68053.6,336.0,158.79,11.46,-73.46,13.79,21.95,-6.25,20.49,21.1,0.25,1.98,427.5,455.0,427.5,2024-07-19,10.5,11.45,21.95,5.1345029239766085,27.85,0.02,27.87,455.01,27.50999999999999,0.87339,0.86364,0.8685149999999999,0.25877,70.20546565114016,-0.551205,26.0,156.0,0.5882352941176471,2.0,6.432748538011701,0,-1.2982456140350926,2024-07-17,563.0,545.4619140625,0.12219,0.12219,0.12707,0.0,0.00488,0,0.1417,0.11244,0.0292599999999999,0.0048799999999999,1.0,0.2631635735865342,0.6454183266932271,0.1472439771073784,0.0898842641587704,0.0323057358412295,1.638150776283695,0.95,-1.7013008142098562,1.093087052411151,-0.2338670692660436,-0.0078029294569968,0.0293981863301151,-0.0140209553623135,1,14.479999542236328,15.789999961853027,2.2609995422363287,21.95,27.87,real_post_mid,2.195,2.6,-814.1000000000003,-0.019043274853801175,fold_3,xgb,0.7407407164573669
NXPI,2024-06-30,2024-07-22,0.0,271.03,225.61,4.72,25.8,3.21,3.26,3.2,22.0,3.21,3.21,3.21,3.12,1.0,0.0,1.0,0.0,3124810000.0,3132100000.0,3100000000.0,22.0,7213.6,6828.32,112.0,100.8,0.16,-76.45,0.23,1.57,-12.67,0.36,3.76,0.39,0.95,270.0,262.5,270.0,2024-07-26,9.45,9.85,19.299999999999997,7.148148148148146,1.05,8.4,9.45,253.62,16.379999999999995,0.64901,0.64901,0.64901,0.38072,41.33834609636215,-0.25853,100.0,109.0,0.8051643192488263,7.0,2.777777777777779,1,4.370370370370367,2024-07-19,570.0,537.67578125,0.13195,0.12707,0.12707,-0.00488,-0.00488,1,0.16122,0.1194042857142857,0.0418157142857142,0.0083621428571428,1.0,0.3684721622788089,0.7848605577689243,0.1297131377731952,0.0949152875814372,0.0370347124185627,1.3666200785821936,0.96,-1.4476025508874568,1.2627899175817945,0.0417915488448593,-0.0196431276096066,0.0041406805507016,-0.0280951988502121,1,16.520000457763672,17.15999984741211,3.3250004577636716,19.299999999999997,9.45,real_post_mid,1.9299999999999997,2.6,789.3999999999997,0.029237037037037027,fold_3,xgb,0.7407407164573669
BRO,2024-06-30,2024-07-22,1.0,93.02,82.93,0.15,12.34,0.88,0.9,0.84,13.0,0.87,0.88,0.88,0.87,1.0,0.0,3.0,2.0,1144490000.0,1173600000.0,1122350000.0,9.0,3528.8,3042.4,202.67,64.0,11.64,-70.94,17.83,35.71,96.55,18.78,20.31,0.52,2.28,90.0,100.0,90.0,2024-08-16,3.9,2.375,6.275,6.972222222222222,8.55,0.275,8.825000000000001,101.87,11.870000000000005,0.21975,0.35633,0.2880399999999999,0.161215,44.03034300791556,-0.1512099999999999,13.0,0.0,0.0050293378038558,28.0,11.111111111111116,0,-4.138888888888894,2024-07-19,570.0,537.67578125,0.13195,0.12707,0.12707,-0.00488,-0.00488,1,0.16122,0.1194042857142857,0.0418157142857142,0.0083621428571428,1.0,0.3684721622788089,0.7848605577689243,0.1297131377731952,0.0949152875814372,0.0370347124185627,1.3666200785821936,0.96,-1.4476025508874568,1.2627899175817945,0.0417915488448593,-0.0196431276096066,0.0041406805507016,-0.0280951988502121,1,16.520000457763672,17.15999984741211,3.3250004577636716,6.275,8.825000000000001,real_post_mid,0.6275000000000001,2.6,-320.3500000000001,-0.035594444444444456,fold_3,xgb,1.0
ARE,2024-06-30,2024-07-22,1.0,116.56,119.49,7.96,5.31,0.8,0.91,0.61,4.0,0.8,0.8,0.87,0.81,0.0,0.0,0.0,0.0,780100000.0,811000000.0,751910000.0,8.0,-141.6,-79.2,304.0,704.64,9.83,-73.42,9.37,7.23,8.54,36.64,20.96,1.19,2.47,125.0,120.0,125.0,2024-08-16,4.15,3.95,8.100000000000001,6.480000000000001,1.825,5.0,6.825,114.69,10.310000000000002,0.27829,0.30755,0.2929199999999999,0.26365,9.992489416905627,-0.0341499999999999,136.0,25.0,0.0247879973907371,28.0,4.0000000000000036,1,2.4799999999999978,2024-07-19,570.0,537.67578125,0.13195,0.12707,0.12707,-0.00488,-0.00488,1,0.16122,0.1194042857142857,0.0418157142857142,0.0083621428571428,1.0,0.3684721622788089,0.7848605577689243,0.1297131377731952,0.0949152875814372,0.0370347124185627,1.3666200785821936,0.96,-1.4476025508874568,1.2627899175817945,0.0417915488448593,-0.0196431276096066,0.0041406805507016,-0.0280951988502121,1,16.520000457763672,17.15999984741211,3.3250004577636716,8.100000000000001,6.825,real_post_mid,0.8100000000000002,2.6,43.900000000000105,0.0035120000000000086,fold_3,xgb,0.7407407164573669
WRB,2024-06-30,2024-07-22,1.0,80.49,79.08,-35.62,-34.47,0.92,0.97,0.82,13.0,0.92,1.44,1.44,1.44,1.0,0.0,2.0,3.0,3349070000.0,3378400000.0,3279470000.0,6.0,-5469.6,-6189.6,330.67,113.14,12.5,-73.18,11.02,56.0,7.59,25.71,52.65,3.65,4.64,50.0,52.5,50.0,2024-08-16,2.575,0.875,3.45,6.9,2.825,0.425,3.25,57.56,7.560000000000002,0.27829,0.28804,0.283165,0.141705,49.95673900376106,-0.0536599999999999,5.0,54.0,3.303030303030303,28.0,5.000000000000004,1,1.899999999999996,2024-07-19,570.0,537.67578125,0.13195,0.12707,0.12707,-0.00488,-0.00488,1,0.16122,0.1194042857142857,0.0418157142857142,0.0083621428571428,1.0,0.3684721622788089,0.7848605577689243,0.1297131377731952,0.0949152875814372,0.0370347124185627,1.3666200785821936,0.96,-1.4476025508874568,1.2627899175817945,0.0417915488448593,-0.0196431276096066,0.0041406805507016,-0.0280951988502121,1,16.520000457763672,17.15999984741211,3.3250004577636716,3.45,3.25,real_post_mid,0.34500000000000003,2.6,-17.099999999999987,-0.0034199999999999973,fold_3,xgb,0.7407407164573669
DHR,2024-06-30,2024-07-23,1.0,254.96,250.41,3.62,5.5,1.57,1.64,1.55,20.0,1.57,1.58,1.58,1.63,0.0,0.0,1.0,2.0,5585980000.0,5651000000.0,5540000000.0,19.0,14754.4,13423.2,542.93,153.61,-2.57,-75.74,-11.54,-18.64,-8.13,-9.51,-13.51,-1.4,-2.86,252.5,265.0,252.5,2024-07-26,5.5,6.949999999999999,12.45,4.930693069306931,13.35,,,273.91,21.410000000000025,0.59047,0.59047,0.59047,0.24414,58.653276203702134,-0.3316950000000001,150.0,86.0,0.644911594557158,4.0,4.950495049504955,0,-0.0198019801980242,2024-07-22,577.0,543.2191162109375,0.1249821428571428,0.122195,0.12707,-0.0027871428571428,0.0020878571428571,0,0.1417,0.11244,0.0292599999999999,0.0020878571428571,0.7959631876176535,0.29329027683581,0.6772908366533864,0.1613148535451474,0.1003786592930581,0.0246034835640846,1.607063241143562,1.13,0.3855352771820794,0.7624540898689419,-0.8528506279066228,-0.0122521502691305,0.0172567049878495,-0.0180750453473123,1,14.90999984741211,16.09000015258789,2.4117855616978225,12.45,12.5,intrinsic_fallback,1.245,2.6,-132.10000000000008,-0.005231683168316834,fold_3,xgb,0.7407407164573669
GE,2024-06-30,2024-07-23,1.0,164.24,159.19,4.72,8.05,0.98,1.13,0.84,14.0,0.99,0.98,0.97,0.95,2.0,0.0,5.0,2.0,8461900000.0,8785000000.0,8317830000.0,13.0,39525.6,38426.72,561.07,158.06,-38.18,-74.67,-47.88,203.7,-20.39,-65.05,157.72,9.9,10.92,162.5,162.5,162.5,2024-07-26,5.275,4.925,10.2,6.276923076923077,1.945,1.94,3.885,169.81,7.310000000000002,0.74657,0.74657,0.74657,0.4051099999999999,45.73717133021686,-0.4097499999999999,648.0,1775.0,0.6330403325611652,4.0,0.0,1,6.276923076923077,2024-07-22,577.0,543.2191162109375,0.1249821428571428,0.122195,0.12707,-0.0027871428571428,0.0020878571428571,0,0.1417,0.11244,0.0292599999999999,0.0020878571428571,0.7959631876176535,0.29329027683581,0.6772908366533864,0.1613148535451474,0.1003786592930581,0.0246034835640846,1.607063241143562,1.13,0.3855352771820794,0.7624540898689419,-0.8528506279066228,-0.0122521502691305,0.0172567049878495,-0.0180750453473123,1,14.90999984741211,16.09000015258789,2.4117855616978225,10.2,3.885,real_post_mid,1.02,2.6,526.9,0.032424615384615385,fold_3,xgb,0.7407407164573669
DGX,2024-06-30,2024-07-23,1.0,138.96,137.55,1.44,2.48,2.34,2.39,2.26,15.0,2.33,2.33,2.34,2.35,2.0,0.0,2.0,0.0,2390020000.0,2409070000.0,2378800000.0,13.0,11226.4,10652.48,217.6,194.6,1.5,-74.43,-5.26,0.0,-5.12,2.38,-1.64,-0.49,-0.4,150.0,145.0,150.0,2024-08-16,3.3,5.2,8.5,5.666666666666666,0.825,5.85,6.675,151.38,1.3799999999999957,0.27829,0.25877,0.26853,0.19048,29.065653744460572,-0.0438999999999999,2943.0,268.0,1.1486880466472302,25.0,3.3333333333333326,1,2.3333333333333335,2024-07-22,577.0,543.2191162109375,0.1249821428571428,0.122195,0.12707,-0.0027871428571428,0.0020878571428571,0,0.1417,0.11244,0.0292599999999999,0.0020878571428571,0.7959631876176535,0.29329027683581,0.6772908366533864,0.1613148535451474,0.1003786592930581,0.0246034835640846,1.607063241143562,1.13,0.3855352771820794,0.7624540898689419,-0.8528506279066228,-0.0122521502691305,0.0172567049878495,-0.0180750453473123,1,14.90999984741211,16.09000015258789,2.4117855616978225,8.5,6.675,real_post_mid,0.8500000000000001,2.6,94.90000000000002,0.006326666666666668,fold_3,xgb,0.7407407164573669
AOS,2024-06-30,2024-07-23,0.0,84.14,87.0,-4.36,-7.51,1.06,1.1,1.03,12.0,1.06,1.05,1.06,1.06,1.0,0.0,4.0,0.0,997750000.0,1013200000.0,986710000.0,12.0,5148.0,4940.0,32.0,126.74,1.28,-74.6,2.58,6.38,3.09,9.67,3.0,0.53,0.33,90.0,80.0,90.0,2024-08-16,2.0,3.3,5.3,5.888888888888888,0.15,9.5,9.65,79.65,10.349999999999994,0.25877,0.30755,0.2831599999999999,0.239265,15.501836417573092,-0.0682899999999999,1941.0,251.0,0.4907651715039577,25.0,11.111111111111116,0,-5.222222222222228,2024-07-22,577.0,543.2191162109375,0.1249821428571428,0.122195,0.12707,-0.0027871428571428,0.0020878571428571,0,0.1417,0.11244,0.0292599999999999,0.0020878571428571,0.7959631876176535,0.29329027683581,0.6772908366533864,0.1613148535451474,0.1003786592930581,0.0246034835640846,1.607063241143562,1.13,0.3855352771820794,0.7624540898689419,-0.8528506279066228,-0.0122521502691305,0.0172567049878495,-0.0180750453473123,1,14.90999984741211,16.09000015258789,2.4117855616978225,5.3,9.65,real_post_mid,0.53,2.6,-490.6000000000001,-0.05451111111111112,fold_3,xgb,0.7407407164573669
HCA,2024-06-30,2024-07-23,1.0,338.92,319.02,0.37,6.63,4.88,5.44,4.15,16.0,4.88,4.84,4.84,4.88,0.0,0.0,3.0,0.0,17046400000.0,17629500000.0,16639000000.0,19.0,21869.6,19481.44,1650.13,941.16,11.21,-73.31,8.3,8.72,-9.15,12.58,5.18,-0.85,-0.85,330.0,345.0,330.0,2024-08-16,11.95,14.1,26.049999999999997,7.893939393939394,18.1,3.0,21.1,373.77,43.76999999999998,0.39536,0.35633,0.375845,0.234385,37.63785603107663,-0.0829249999999999,153.0,89.0,1.9255698005698003,25.0,4.545454545454541,1,3.348484848484852,2024-07-22,577.0,543.2191162109375,0.1249821428571428,0.122195,0.12707,-0.0027871428571428,0.0020878571428571,0,0.1417,0.11244,0.0292599999999999,0.0020878571428571,0.7959631876176535,0.29329027683581,0.6772908366533864,0.1613148535451474,0.1003786592930581,0.0246034835640846,1.607063241143562,1.13,0.3855352771820794,0.7624540898689419,-0.8528506279066228,-0.0122521502691305,0.0172567049878495,-0.0180750453473123,1,14.90999984741211,16.09000015258789,2.4117855616978225,26.049999999999997,21.1,real_post_mid,2.605,2.6,231.89999999999958,0.0070272727272727145,fold_3,xgb,0.7407407164573669
CB,2024-06-30,2024-07-23,1.0,264.6,243.01,-0.51,8.33,5.15,5.45,4.26,20.0,5.16,5.34,5.4,5.43,0.0,0.0,0.0,3.0,11641800000.0,11832000000.0,11471000000.0,6.0,16509.6,15031.2,634.67,392.48,15.77,-74.19,16.46,22.68,-2.35,15.39,-19.95,-70.46,-6.3,265.0,260.0,265.0,2024-08-16,4.949999999999999,7.1,12.05,4.547169811320755,2.975,7.1,10.075,273.41,8.410000000000025,0.21975,0.21975,0.21975,0.19048,13.319681456200222,-0.0243899999999999,867.0,119.0,0.566017316017316,25.0,1.8867924528301885,1,2.6603773584905666,2024-07-22,577.0,543.2191162109375,0.1249821428571428,0.122195,0.12707,-0.0027871428571428,0.0020878571428571,0,0.1417,0.11244,0.0292599999999999,0.0020878571428571,0.7959631876176535,0.29329027683581,0.6772908366533864,0.1613148535451474,0.1003786592930581,0.0246034835640846,1.607063241143562,1.13,0.3855352771820794,0.7624540898689419,-0.8528506279066228,-0.0122521502691305,0.0172567049878495,-0.0180750453473123,1,14.90999984741211,16.09000015258789,2.4117855616978225,12.049999999999999,10.075,real_post_mid,1.205,2.6,74.39999999999996,0.002807547169811319,fold_3,xgb,0.7407407164573669
CMG,2024-06-30,2024-07-24,1.0,3193.74,3111.97,-98.38,-98.34,0.32,0.33,0.3,28.0,0.32,15.6,15.58,15.4,1.0,0.0,13.0,0.0,2938530000.0,3004000000.0,2883000000.0,28.0,-243238.37,-210995.9,-8495.27,12226.97,14.07,-72.63,13.76,27.33,27.33,17.11,20.04,1.83,0.81,52.8,50.8,52.8,2024-07-26,2.025,2.2249999999999996,4.25,8.049242424242424,0.125,2.2,2.325,49.83,2.969999999999999,1.11729,1.10753,1.11241,0.55145,50.42745031058692,-0.6585199999999999,102.0,158.0,0.6384675476856976,3.0,3.787878787878785,1,4.261363636363639,2024-07-23,575.0,542.3670043945312,0.1277671428571428,0.126582,0.12707,-0.0011851428571428,-0.0006971428571428,1,0.1417,0.11244,0.0292599999999999,-0.0006971428571428,0.8775151641915914,0.3233399099821197,0.7250996015936255,0.1447253450513592,0.1004435059134833,0.0273236369436594,1.44086313729449,1.0,-0.9285427098328984,0.4780604697776863,-1.291654274789159,-0.019615325929704,0.017024649237358,-0.019615325929704,1,14.720000267028809,16.010000228881836,1.9432859813145225,4.25,2.325,real_post_mid,0.42500000000000004,2.6,147.39999999999998,0.027916666666666663,fold_3,xgb,0.7407407164573669
AMP,2024-06-30,2024-07-24,0.0,440.35,410.91,-3.66,3.25,8.53,8.65,8.29,11.0,8.52,8.54,8.55,8.55,1.0,0.0,7.0,1.0,4216210000.0,4396000000.0,4154000000.0,8.0,14671.2,15327.2,-437.33,993.68,10.8,-73.31,10.06,15.72,16.53,136.21,145.77,0.0,16.15,420.0,440.0,420.0,2024-08-16,12.9,11.35,24.25,5.773809523809524,25.05,2.925,27.975,431.39,11.389999999999986,0.26853,0.2978,0.283165,0.22463,20.671693182420142,-0.0536599999999999,18.0,3.0,0.3461538461538461,24.0,4.761904761904767,1,1.0119047619047563,2024-07-23,575.0,542.3670043945312,0.1277671428571428,0.126582,0.12707,-0.0011851428571428,-0.0006971428571428,1,0.1417,0.11244,0.0292599999999999,-0.0006971428571428,0.8775151641915914,0.3233399099821197,0.7250996015936255,0.1447253450513592,0.1004435059134833,0.0273236369436594,1.44086313729449,1.0,-0.9285427098328984,0.4780604697776863,-1.291654274789159,-0.019615325929704,0.017024649237358,-0.019615325929704,1,14.720000267028809,16.010000228881836,1.9432859813145225,24.25,27.975,real_post_mid,2.4250000000000003,2.6,-617.6000000000003,-0.014704761904761911,fold_3,xgb,0.7407407164573669
APH,2024-06-30,2024-07-24,1.0,67.27,119.01,-7.85,-47.91,0.41,0.42,0.4,15.0,0.41,0.41,0.81,0.81,1.0,0.0,2.0,0.0,3389620000.0,3436400000.0,3304980000.0,15.0,-9077.6,-9442.4,155.2,51.79,9.49,-74.06,0.16,15.94,-2.44,16.25,14.69,1.72,0.95,67.5,62.5,65.0,2024-08-16,3.35,1.8,5.15,7.629629629629631,0.6000000000000001,3.75,4.35,65.8,0.7999999999999972,0.37584,0.36609,0.370965,0.28804,22.35386087636299,-0.0731649999999999,1304.0,547.0,0.4585925618692105,24.0,7.4074074074074066,1,0.2222222222222241,2024-07-23,575.0,542.3670043945312,0.1277671428571428,0.126582,0.12707,-0.0011851428571428,-0.0006971428571428,1,0.1417,0.11244,0.0292599999999999,-0.0006971428571428,0.8775151641915914,0.3233399099821197,0.7250996015936255,0.1447253450513592,0.1004435059134833,0.0273236369436594,1.44086313729449,1.0,-0.9285427098328984,0.4780604697776863,-1.291654274789159,-0.019615325929704,0.017024649237358,-0.019615325929704,1,14.720000267028809,16.010000228881836,1.9432859813145225,5.15,4.35,real_post_mid,0.515,2.6,25.90000000000007,0.003837037037037047,fold_3,xgb,0.7407407164573669
CME,2024-06-30,2024-07-24,1.0,195.08,212.54,1.11,-7.19,2.53,2.57,2.5,13.0,2.54,2.51,2.52,2.51,0.0,0.0,6.0,1.0,1534110000.0,1582400000.0,1513000000.0,12.0,4626.4,4272.64,166.93,61.07,3.21,-73.33,9.4,3.31,5.49,-3.65,5.02,0.34,1.11,200.0,200.0,200.0,2024-08-16,3.55,5.6,9.15,4.574999999999999,3.85,3.85,7.7,207.88,7.8799999999999955,0.21975,0.22951,0.22463,0.20024,10.857855139562837,-0.0341449999999999,560.0,592.0,0.4501178318931657,24.0,0.0,1,4.574999999999999,2024-07-23,575.0,542.3670043945312,0.1277671428571428,0.126582,0.12707,-0.0011851428571428,-0.0006971428571428,1,0.1417,0.11244,0.0292599999999999,-0.0006971428571428,0.8775151641915914,0.3233399099821197,0.7250996015936255,0.1447253450513592,0.1004435059134833,0.0273236369436594,1.44086313729449,1.0,-0.9285427098328984,0.4780604697776863,-1.291654274789159,-0.019615325929704,0.017024649237358,-0.019615325929704,1,14.720000267028809,16.010000228881836,1.9432859813145225,9.149999999999999,7.7,real_post_mid,0.9149999999999999,2.6,50.89999999999985,0.0025449999999999926,fold_3,xgb,0.7857142686843872
EW,2024-06-30,2024-07-24,1.0,90.17,88.01,-3.57,-1.2,0.69,0.71,0.67,26.0,0.69,0.69,0.69,0.7,0.0,0.0,2.0,1.0,1652510000.0,1672300000.0,1600000000.0,25.0,-12096.8,-12137.12,22.4,18.57,-8.89,-77.85,3.55,6.45,3.13,-7.01,-11.74,2.87,-0.87,87.5,60.0,87.5,2024-08-16,3.25,3.45,6.7,7.657142857142857,0.05,27.85,27.9,68.92,18.58,0.37584,0.37584,0.37584,0.419745,-11.681832694763736,-0.08292,487.0,150.0,2.262106072252114,24.0,31.428571428571427,0,-23.771428571428572,2024-07-23,575.0,542.3670043945312,0.1277671428571428,0.126582,0.12707,-0.0011851428571428,-0.0006971428571428,1,0.1417,0.11244,0.0292599999999999,-0.0006971428571428,0.8775151641915914,0.3233399099821197,0.7250996015936255,0.1447253450513592,0.1004435059134833,0.0273236369436594,1.44086313729449,1.0,-0.9285427098328984,0.4780604697776863,-1.291654274789159,-0.019615325929704,0.017024649237358,-0.019615325929704,1,14.720000267028809,16.010000228881836,1.9432859813145225,6.7,27.9,real_post_mid,0.67,2.6,-2189.6,-0.25023999999999996,fold_3,xgb,0.7407407164573669
ALGN,2024-06-30,2024-07-24,1.0,237.08,310.5,3.26,-21.16,2.3,2.4,2.24,10.0,2.31,2.31,2.31,2.36,0.0,0.0,1.0,2.0,1036380000.0,1048200000.0,1002200000.0,10.0,12877.6,12016.8,554.67,445.35,5.76,-74.17,4.35,17.58,-11.57,10.48,15.44,-0.09,1.29,250.0,225.0,250.0,2024-07-26,15.0,14.4,29.4,11.76,0.35,22.35,22.700000000000003,220.45,29.55000000000001,1.61484,1.63435,1.624595,0.7612,53.14524543039958,-1.048755,50.0,69.0,0.9236868186323092,3.0,9.999999999999998,1,1.7600000000000016,2024-07-23,575.0,542.3670043945312,0.1277671428571428,0.126582,0.12707,-0.0011851428571428,-0.0006971428571428,1,0.1417,0.11244,0.0292599999999999,-0.0006971428571428,0.8775151641915914,0.3233399099821197,0.7250996015936255,0.1447253450513592,0.1004435059134833,0.0273236369436594,1.44086313729449,1.0,-0.9285427098328984,0.4780604697776863,-1.291654274789159,-0.019615325929704,0.017024649237358,-0.019615325929704,1,14.720000267028809,16.010000228881836,1.9432859813145225,29.4,22.700000000000003,real_post_mid,2.94,2.6,373.3999999999996,0.014935999999999984,fold_3,xgb,0.7407407164573669
GEV,2024-06-30,2024-07-24,1.0,178.14,148.31,-8.56,9.84,0.69,0.89,0.49,5.0,0.69,0.82,0.0,0.0,0.0,0.0,2.0,0.0,8291490000.0,8585000000.0,8118000000.0,7.0,1500.0,1500.0,1267.2,0.0,,,,,,,,,,170.0,160.0,170.0,2024-08-16,11.3,9.85,21.15,12.441176470588236,4.05,13.5,17.55,184.06,14.060000000000002,0.61974,0.60023,0.609985,0.5124299999999999,15.99301622171038,-0.102435,1769.0,1661.0,0.4421891058581706,24.0,5.882352941176472,1,6.558823529411764,2024-07-23,575.0,542.3670043945312,0.1277671428571428,0.126582,0.12707,-0.0011851428571428,-0.0006971428571428,1,0.1417,0.11244,0.0292599999999999,-0.0006971428571428,0.8775151641915914,0.3233399099821197,0.7250996015936255,0.1447253450513592,0.1004435059134833,0.0273236369436594,1.44086313729449,1.0,-0.9285427098328984,0.4780604697776863,-1.291654274789159,-0.019615325929704,0.017024649237358,-0.019615325929704,1,14.720000267028809,16.010000228881836,1.9432859813145225,21.15,17.55,real_post_mid,2.1149999999999998,2.6,145.8999999999998,0.00858235294117646,fold_3,xgb,0.7407407164573669
GL,2024-06-30,2024-07-24,1.0,83.69,75.54,5.48,16.87,2.9,2.95,2.86,8.0,2.9,2.89,2.89,2.9,0.0,0.0,1.0,0.0,1449970000.0,1458190000.0,1439000000.0,4.0,2472.8,2211.68,166.4,133.02,29.51,-74.0,7.68,9.88,-0.71,14.86,15.42,-6.58,-3.02,90.0,89.0,90.0,2024-07-26,2.8,3.15,5.949999999999999,6.611111111111111,0.425,1.2999999999999998,1.725,90.69,0.6899999999999977,0.92217,0.90266,0.912415,0.424625,53.461418323898656,-0.54145,180.0,24.0,0.519774011299435,3.0,1.1111111111111072,1,5.5000000000000036,2024-07-23,575.0,542.3670043945312,0.1277671428571428,0.126582,0.12707,-0.0011851428571428,-0.0006971428571428,1,0.1417,0.11244,0.0292599999999999,-0.0006971428571428,0.8775151641915914,0.3233399099821197,0.7250996015936255,0.1447253450513592,0.1004435059134833,0.0273236369436594,1.44086313729449,1.0,-0.9285427098328984,0.4780604697776863,-1.291654274789159,-0.019615325929704,0.017024649237358,-0.019615325929704,1,14.720000267028809,16.010000228881836,1.9432859813145225,5.949999999999999,1.725,real_post_mid,0.595,2.6,360.4,0.040044444444444445,fold_3,xgb,0.7407407164573669
INVH,2024-06-30,2024-07-24,0.0,35.85,34.48,0.33,4.32,0.18,0.24,0.16,11.0,0.18,0.18,0.19,0.18,0.0,0.0,1.0,0.0,642580000.0,659400000.0,603300000.0,13.0,4661.6,4388.96,21.33,144.43,9.52,-73.44,8.66,15.0,9.52,12.29,5.67,-1.16,-1.04,37.5,32.5,37.5,2024-08-16,0.45,0.95,1.4,3.733333333333333,0.06,4.5,4.56,35.28,2.219999999999999,0.21975,0.09292,0.156335,0.17585,-12.482809351712673,0.068295,196.0,68.0,0.3773584905660377,24.0,13.33333333333333,0,-9.599999999999998,2024-07-23,575.0,542.3670043945312,0.1277671428571428,0.126582,0.12707,-0.0011851428571428,-0.0006971428571428,1,0.1417,0.11244,0.0292599999999999,-0.0006971428571428,0.8775151641915914,0.3233399099821197,0.7250996015936255,0.1447253450513592,0.1004435059134833,0.0273236369436594,1.44086313729449,1.0,-0.9285427098328984,0.4780604697776863,-1.291654274789159,-0.019615325929704,0.017024649237358,-0.019615325929704,1,14.720000267028809,16.010000228881836,1.9432859813145225,1.4,4.56,real_post_mid,0.13999999999999999,2.6,-332.6,-0.08869333333333335,fold_3,xgb,0.7407407164573669
IPG,2024-06-30,2024-07-24,1.0,29.51,31.16,0.2,-5.1,0.59,0.62,0.56,9.0,0.59,0.6,0.6,0.61,0.0,0.0,0.0,1.0,2329400000.0,2340000000.0,2318000000.0,6.0,6351.2,6228.32,102.4,109.88,-1.0,-77.08,-0.49,-5.26,-69.49,2.27,-2.18,0.86,-0.09,30.0,30.0,30.0,2024-08-16,1.025,0.975,2.0,6.666666666666667,0.8999999999999999,0.55,1.45,31.22,1.2199999999999989,0.32707,0.32707,0.32707,0.23926,26.84746384565996,-0.048785,319.0,22.0,18.153153153153152,24.0,0.0,1,6.666666666666667,2024-07-23,575.0,542.3670043945312,0.1277671428571428,0.126582,0.12707,-0.0011851428571428,-0.0006971428571428,1,0.1417,0.11244,0.0292599999999999,-0.0006971428571428,0.8775151641915914,0.3233399099821197,0.7250996015936255,0.1447253450513592,0.1004435059134833,0.0273236369436594,1.44086313729449,1.0,-0.9285427098328984,0.4780604697776863,-1.291654274789159,-0.019615325929704,0.017024649237358,-0.019615325929704,1,14.720000267028809,16.010000228881836,1.9432859813145225,2.0,1.45,real_post_mid,0.2,2.6,32.4,0.010799999999999999,fold_3,xgb,0.7407407164573669
BSX,2024-06-30,2024-07-24,1.0,76.71,73.26,1.37,6.14,0.58,0.59,0.57,27.0,0.58,0.58,0.58,0.57,0.0,0.0,1.0,0.0,4017460000.0,4076630000.0,3969000000.0,23.0,2802.4,2620.96,97.07,24.41,13.78,-72.92,12.17,19.15,1.82,23.62,25.05,0.54,1.5,80.0,74.5,80.0,2024-08-16,2.0,3.15,5.15,6.4375,0.175,5.3,5.475,78.25,1.75,0.30755,0.31731,0.31243,0.146585,53.082290433057,-0.0682899999999999,26238.0,4145.0,2.555488934917693,24.0,6.874999999999998,0,-0.4374999999999982,2024-07-23,575.0,542.3670043945312,0.1277671428571428,0.126582,0.12707,-0.0011851428571428,-0.0006971428571428,1,0.1417,0.11244,0.0292599999999999,-0.0006971428571428,0.8775151641915914,0.3233399099821197,0.7250996015936255,0.1447253450513592,0.1004435059134833,0.0273236369436594,1.44086313729449,1.0,-0.9285427098328984,0.4780604697776863,-1.291654274789159,-0.019615325929704,0.017024649237358,-0.019615325929704,1,14.720000267028809,16.010000228881836,1.9432859813145225,5.15,5.475,real_post_mid,0.515,2.6,-86.59999999999992,-0.010824999999999991,fold_3,xgb,0.7407407164573669
MOH,2024-06-30,2024-07-24,1.0,308.98,352.3,-6.56,-18.05,5.55,6.03,4.7,14.0,5.65,5.67,5.67,5.64,0.0,0.0,0.0,1.0,9745640000.0,9904500000.0,9563190000.0,11.0,20296.8,19669.28,489.6,324.57,21.87,-70.85,8.51,-1.38,30.82,-5.61,-6.37,-1.29,-1.29,290.0,320.0,290.0,2024-08-16,11.55,13.7,25.25,8.706896551724137,37.400000000000006,2.125,39.525000000000006,349.97,59.97000000000003,0.42462,0.42462,0.42462,0.331945,21.825396825396815,-0.073165,137.0,409.0,0.1091370558375634,24.0,10.344827586206897,0,-1.637931034482758,2024-07-23,575.0,542.3670043945312,0.1277671428571428,0.126582,0.12707,-0.0011851428571428,-0.0006971428571428,1,0.1417,0.11244,0.0292599999999999,-0.0006971428571428,0.8775151641915914,0.3233399099821197,0.7250996015936255,0.1447253450513592,0.1004435059134833,0.0273236369436594,1.44086313729449,1.0,-0.9285427098328984,0.4780604697776863,-1.291654274789159,-0.019615325929704,0.017024649237358,-0.019615325929704,1,14.720000267028809,16.010000228881836,1.9432859813145225,25.25,39.525000000000006,real_post_mid,2.5250000000000004,2.6,-1682.6000000000004,-0.058020689655172424,fold_3,xgb,0.7407407164573669
RSG,2024-06-30,2024-07-24,1.0,194.66,193.56,2.57,3.16,1.53,1.6,1.35,18.0,1.52,1.52,1.52,1.53,2.0,0.0,4.0,0.0,4035170000.0,4059800000.0,3992360000.0,17.0,13437.6,12874.08,252.8,38.49,7.84,-74.19,9.44,16.94,2.84,12.83,13.72,1.12,0.99,200.0,190.0,200.0,2024-08-16,3.8,4.15,7.95,3.975,0.45,10.5,10.95,203.27,3.2700000000000102,0.19048,0.20024,0.19536,0.17585,9.986691236691236,-0.029265,577.0,36.0,3.9571428571428577,24.0,5.000000000000004,0,-1.0250000000000044,2024-07-23,575.0,542.3670043945312,0.1277671428571428,0.126582,0.12707,-0.0011851428571428,-0.0006971428571428,1,0.1417,0.11244,0.0292599999999999,-0.0006971428571428,0.8775151641915914,0.3233399099821197,0.7250996015936255,0.1447253450513592,0.1004435059134833,0.0273236369436594,1.44086313729449,1.0,-0.9285427098328984,0.4780604697776863,-1.291654274789159,-0.019615325929704,0.017024649237358,-0.019615325929704,1,14.720000267028809,16.010000228881836,1.9432859813145225,7.95,10.95,real_post_mid,0.795,2.6,-382.0999999999999,-0.019104999999999997,fold_3,xgb,0.7407407164573669
WAB,2024-06-30,2024-07-24,1.0,162.01,163.18,-2.92,-3.62,1.88,2.02,1.77,9.0,1.88,1.89,1.85,1.78,1.0,0.0,1.0,0.0,2642780000.0,2734000000.0,2598100000.0,7.0,11404.0,10034.4,486.4,524.14,13.81,-74.2,16.66,47.66,22.73,33.16,49.28,2.33,3.92,170.0,160.0,170.0,2024-08-16,4.3,5.35,9.65,5.6764705882352935,1.1,11.35,12.45,159.31,10.689999999999998,0.28804,0.26853,0.278285,0.22951,17.526995705841138,-0.048775,38.0,43.0,0.68125,24.0,5.882352941176472,0,-0.2058823529411784,2024-07-23,575.0,542.3670043945312,0.1277671428571428,0.126582,0.12707,-0.0011851428571428,-0.0006971428571428,1,0.1417,0.11244,0.0292599999999999,-0.0006971428571428,0.8775151641915914,0.3233399099821197,0.7250996015936255,0.1447253450513592,0.1004435059134833,0.0273236369436594,1.44086313729449,1.0,-0.9285427098328984,0.4780604697776863,-1.291654274789159,-0.019615325929704,0.017024649237358,-0.019615325929704,1,14.720000267028809,16.010000228881836,1.9432859813145225,9.649999999999999,12.45,real_post_mid,0.9649999999999999,2.6,-379.1000000000001,-0.022300000000000004,fold_3,xgb,0.7407407164573669
ODFL,2024-06-30,2024-07-24,1.0,176.07,196.66,10.54,-1.04,1.45,1.47,1.42,19.0,1.45,1.46,1.48,1.5,0.0,0.0,2.0,1.0,1499260000.0,1511000000.0,1486000000.0,14.0,-4888.8,-5214.88,94.4,174.74,1.24,-75.11,-6.55,-48.06,-54.42,3.73,0.88,0.47,-0.09,195.0,205.0,195.0,2024-08-16,8.05,8.4,16.450000000000003,8.435897435897436,14.45,3.05,17.5,200.17,5.1699999999999875,0.41487,0.41487,0.41487,0.36609,11.757900065080625,-0.0536599999999999,200.0,80.0,0.7396199859254047,24.0,5.128205128205132,1,3.307692307692304,2024-07-23,575.0,542.3670043945312,0.1277671428571428,0.126582,0.12707,-0.0011851428571428,-0.0006971428571428,1,0.1417,0.11244,0.0292599999999999,-0.0006971428571428,0.8775151641915914,0.3233399099821197,0.7250996015936255,0.1447253450513592,0.1004435059134833,0.0273236369436594,1.44086313729449,1.0,-0.9285427098328984,0.4780604697776863,-1.291654274789159,-0.019615325929704,0.017024649237358,-0.019615325929704,1,14.720000267028809,16.010000228881836,1.9432859813145225,16.450000000000003,17.5,real_post_mid,1.6450000000000005,2.6,-272.0999999999998,-0.013953846153846143,fold_3,xgb,0.7407407164573669
ORLY,2024-06-30,2024-07-24,0.0,1083.52,1054.13,-3.03,-0.32,10.99,11.25,10.61,23.0,11.05,11.13,11.13,11.19,0.0,0.0,0.0,4.0,4317530000.0,4394600000.0,4264200000.0,20.0,-276901.6,-250823.52,-14134.4,9348.83,7.24,-74.85,9.67,10.91,-1.61,6.31,5.0,0.18,-0.41,1050.0,1100.0,1050.0,2024-08-16,37.2,34.3,71.5,6.80952380952381,56.849999999999994,9.15,66.0,1119.52,69.51999999999998,0.33682,0.33682,0.33682,0.23926,28.965025829820085,-0.06829,89.0,4.0,2.121739130434783,24.0,4.761904761904767,1,2.047619047619043,2024-07-23,575.0,542.3670043945312,0.1277671428571428,0.126582,0.12707,-0.0011851428571428,-0.0006971428571428,1,0.1417,0.11244,0.0292599999999999,-0.0006971428571428,0.8775151641915914,0.3233399099821197,0.7250996015936255,0.1447253450513592,0.1004435059134833,0.0273236369436594,1.44086313729449,1.0,-0.9285427098328984,0.4780604697776863,-1.291654274789159,-0.019615325929704,0.017024649237358,-0.019615325929704,1,14.720000267028809,16.010000228881836,1.9432859813145225,71.5,66.0,real_post_mid,7.15,2.6,-167.60000000000002,-0.0015961904761904763,fold_3,xgb,0.7407407164573669
OTIS,2024-06-30,2024-07-24,1.0,96.87,93.02,-5.62,-1.71,1.03,1.04,0.99,9.0,1.03,1.02,1.02,1.0,0.0,0.0,2.0,0.0,3727050000.0,3752000000.0,3708000000.0,9.0,4408.8,4228.96,61.87,111.16,2.72,-75.81,4.3,10.0,1.15,5.0,10.22,0.29,1.11,97.5,92.5,97.5,2024-08-16,2.975,1.925,4.9,5.025641025641026,0.55,4.075,4.625,92.12,5.3799999999999955,0.22951,0.24902,0.239265,0.2148749999999999,10.19371826217793,-0.03415,1300.0,58.0,1.2100371747211895,24.0,5.128205128205132,0,-0.1025641025641057,2024-07-23,575.0,542.3670043945312,0.1277671428571428,0.126582,0.12707,-0.0011851428571428,-0.0006971428571428,1,0.1417,0.11244,0.0292599999999999,-0.0006971428571428,0.8775151641915914,0.3233399099821197,0.7250996015936255,0.1447253450513592,0.1004435059134833,0.0273236369436594,1.44086313729449,1.0,-0.9285427098328984,0.4780604697776863,-1.291654274789159,-0.019615325929704,0.017024649237358,-0.019615325929704,1,14.720000267028809,16.010000228881836,1.9432859813145225,4.9,4.625,real_post_mid,0.49000000000000005,2.6,-24.09999999999997,-0.0024717948717948687,fold_3,xgb,0.7857142686843872
RJF,2024-06-30,2024-07-24,1.0,122.38,121.95,-8.3,-7.98,2.32,2.42,2.2,11.0,2.32,2.34,2.33,2.35,1.0,0.0,5.0,0.0,3243620000.0,3289180000.0,3192000000.0,8.0,-26973.6,-26615.2,-181.33,457.82,14.44,2.64,19.21,13.79,14.36,904.61,-27.59,77.13,-9.78,110.0,120.0,110.0,2024-08-16,5.25,3.05,8.3,7.545454545454546,9.4,0.65,10.05,115.95,5.950000000000003,0.35633,0.35633,0.35633,0.258775,27.37771167176494,-0.0585299999999999,1617.0,119.0,21.14023591087811,24.0,9.090909090909085,0,-1.545454545454537,2024-07-23,575.0,542.3670043945312,0.1277671428571428,0.126582,0.12707,-0.0011851428571428,-0.0006971428571428,1,0.1417,0.11244,0.0292599999999999,-0.0006971428571428,0.8775151641915914,0.3233399099821197,0.7250996015936255,0.1447253450513592,0.1004435059134833,0.0273236369436594,1.44086313729449,1.0,-0.9285427098328984,0.4780604697776863,-1.291654274789159,-0.019615325929704,0.017024649237358,-0.019615325929704,1,14.720000267028809,16.010000228881836,1.9432859813145225,8.3,10.05,real_post_mid,0.8300000000000001,2.6,-260.6,-0.023690909090909092,fold_3,xgb,0.7407407164573669
ROL,2024-06-30,2024-07-24,0.0,49.92,44.27,0.06,12.83,0.27,0.27,0.26,8.0,0.27,0.26,0.26,0.26,0.0,0.0,1.0,0.0,895020000.0,903640000.0,884000000.0,7.0,-2868.0,-2914.08,0.0,49.88,13.73,-75.65,14.28,11.11,-4.76,18.55,17.98,0.82,0.64,50.0,47.5,50.0,2024-08-16,1.7999999999999998,1.775,3.5749999999999997,7.1499999999999995,0.125,3.45,3.575,48.18,1.8200000000000005,0.33682,0.35633,0.3465749999999999,0.205115,40.816562071701654,-0.0780449999999999,520.0,10.0,3.3174603174603177,24.0,5.000000000000004,1,2.149999999999995,2024-07-23,575.0,542.3670043945312,0.1277671428571428,0.126582,0.12707,-0.0011851428571428,-0.0006971428571428,1,0.1417,0.11244,0.0292599999999999,-0.0006971428571428,0.8775151641915914,0.3233399099821197,0.7250996015936255,0.1447253450513592,0.1004435059134833,0.0273236369436594,1.44086313729449,1.0,-0.9285427098328984,0.4780604697776863,-1.291654274789159,-0.019615325929704,0.017024649237358,-0.019615325929704,1,14.720000267028809,16.010000228881836,1.9432859813145225,3.5749999999999997,3.575,real_post_mid,0.3575,2.6,-38.350000000000044,-0.007670000000000008,fold_3,xgb,0.7407407164573669
NOW,2024-06-30,2024-07-24,1.0,739.59,716.25,-1.18,2.04,2.84,3.13,2.68,28.0,2.84,2.65,2.84,2.87,0.0,0.0,0.0,1.0,2606750000.0,2654690000.0,2527350000.0,29.0,10997.6,9613.28,664.53,78.2,24.19,-70.98,23.89,43.88,9.65,75.31,130.56,0.92,5.88,765.0,830.0,765.0,2024-07-26,26.450000000000003,24.95,51.400000000000006,6.718954248366014,64.5,0.15,64.65,827.61,62.610000000000014,0.94168,0.91242,0.92705,0.47828,48.4083922118548,-0.55121,105.0,100.0,0.9430018999366688,3.0,8.496732026143782,0,-1.777777777777768,2024-07-23,575.0,542.3670043945312,0.1277671428571428,0.126582,0.12707,-0.0011851428571428,-0.0006971428571428,1,0.1417,0.11244,0.0292599999999999,-0.0006971428571428,0.8775151641915914,0.3233399099821197,0.7250996015936255,0.1447253450513592,0.1004435059134833,0.0273236369436594,1.44086313729449,1.0,-0.9285427098328984,0.4780604697776863,-1.291654274789159,-0.019615325929704,0.017024649237358,-0.019615325929704,1,14.720000267028809,16.010000228881836,1.9432859813145225,51.400000000000006,64.65,real_post_mid,5.140000000000001,2.6,-1841.6,-0.024073202614379084,fold_3,xgb,0.7857142686843872
TDY,2024-06-30,2024-07-24,1.0,391.23,376.98,6.59,10.62,4.49,4.57,4.43,8.0,4.49,4.49,4.5,5.0,0.0,0.0,0.0,0.0,1360890000.0,1374450000.0,1351200000.0,7.0,42396.0,41151.84,524.8,708.32,-2.4,-76.04,2.63,0.44,-16.36,-3.79,-3.38,0.11,-0.18,400.0,420.0,400.0,2024-08-16,14.95,11.3,26.25,6.5625,21.0,4.925,25.925,416.58,16.579999999999984,0.31731,0.31731,0.31731,0.205115,35.358167092118116,-0.0780449999999999,2.0,0.0,0.176,24.0,5.000000000000004,1,1.5624999999999956,2024-07-23,575.0,542.3670043945312,0.1277671428571428,0.126582,0.12707,-0.0011851428571428,-0.0006971428571428,1,0.1417,0.11244,0.0292599999999999,-0.0006971428571428,0.8775151641915914,0.3233399099821197,0.7250996015936255,0.1447253450513592,0.1004435059134833,0.0273236369436594,1.44086313729449,1.0,-0.9285427098328984,0.4780604697776863,-1.291654274789159,-0.019615325929704,0.017024649237358,-0.019615325929704,1,14.720000267028809,16.010000228881836,1.9432859813145225,26.25,25.925,real_post_mid,2.625,2.6,-232.60000000000005,-0.005815000000000002,fold_3,xgb,0.7857142686843872
TEL,2024-06-30,2024-07-24,1.0,151.1,140.48,3.81,11.65,1.86,1.91,1.81,18.0,1.86,1.86,1.86,1.86,0.0,0.0,1.0,1.0,4012450000.0,4097730000.0,3938000000.0,18.0,9501.6,9824.32,-183.47,427.3,-4.64,3.55,-1.96,12.73,26.53,19.41,9.21,3.28,2.35,150.0,155.0,150.0,2024-08-16,4.949999999999999,3.05,7.999999999999999,5.333333333333333,6.55,1.325,7.875,149.43,0.5699999999999932,0.25877,0.25877,0.25877,0.21,18.84685241720447,-0.043895,38.0,265.0,0.6727969348659004,24.0,3.3333333333333437,1,1.9999999999999891,2024-07-23,575.0,542.3670043945312,0.1277671428571428,0.126582,0.12707,-0.0011851428571428,-0.0006971428571428,1,0.1417,0.11244,0.0292599999999999,-0.0006971428571428,0.8775151641915914,0.3233399099821197,0.7250996015936255,0.1447253450513592,0.1004435059134833,0.0273236369436594,1.44086313729449,1.0,-0.9285427098328984,0.4780604697776863,-1.291654274789159,-0.019615325929704,0.017024649237358,-0.019615325929704,1,14.720000267028809,16.010000228881836,1.9432859813145225,7.999999999999999,7.875,real_post_mid,0.7999999999999999,2.6,-70.10000000000008,-0.004673333333333338,fold_3,xgb,0.7407407164573669
TER,2024-06-30,2024-07-24,1.0,145.53,108.91,-1.37,31.8,0.77,0.84,0.73,15.0,0.77,0.77,0.77,0.6,1.0,0.0,3.0,0.0,701200000.0,724000000.0,685450000.0,14.0,9370.4,8720.32,308.27,123.72,-2.87,-77.59,-14.27,-7.27,-35.44,-19.09,-16.25,-1.16,-2.07,155.0,125.0,155.0,2024-08-16,6.449999999999999,8.65,15.1,9.741935483870968,0.2249999999999999,30.75,30.975,133.12,21.879999999999995,0.4734,0.48316,0.47828,0.40999,14.278247051936097,-0.0682899999999999,359.0,59.0,0.4157303370786517,24.0,19.354838709677423,0,-9.612903225806456,2024-07-23,575.0,542.3670043945312,0.1277671428571428,0.126582,0.12707,-0.0011851428571428,-0.0006971428571428,1,0.1417,0.11244,0.0292599999999999,-0.0006971428571428,0.8775151641915914,0.3233399099821197,0.7250996015936255,0.1447253450513592,0.1004435059134833,0.0273236369436594,1.44086313729449,1.0,-0.9285427098328984,0.4780604697776863,-1.291654274789159,-0.019615325929704,0.017024649237358,-0.019615325929704,1,14.720000267028809,16.010000228881836,1.9432859813145225,15.1,30.975,real_post_mid,1.51,2.6,-1741.1000000000001,-0.11232903225806452,fold_3,xgb,0.7407407164573669
UHS,2024-06-30,2024-07-24,1.0,191.01,165.1,-2.64,12.64,3.28,3.53,3.14,13.0,3.28,3.28,3.3,3.26,0.0,0.0,2.0,0.0,3864120000.0,3889000000.0,3779660000.0,14.0,19687.2,17328.8,1941.33,1062.62,10.85,-73.09,7.27,58.12,18.21,30.46,39.49,0.46,2.07,185.0,210.0,185.0,2024-08-16,7.25,6.25,13.5,7.297297297297297,21.55,1.05,22.6,226.44,41.44,0.35633,0.35633,0.35633,0.283165,20.5329329554065,-0.0536549999999999,49.0,4.0,4.642857142857143,24.0,13.513513513513509,0,-6.216216216216211,2024-07-23,575.0,542.3670043945312,0.1277671428571428,0.126582,0.12707,-0.0011851428571428,-0.0006971428571428,1,0.1417,0.11244,0.0292599999999999,-0.0006971428571428,0.8775151641915914,0.3233399099821197,0.7250996015936255,0.1447253450513592,0.1004435059134833,0.0273236369436594,1.44086313729449,1.0,-0.9285427098328984,0.4780604697776863,-1.291654274789159,-0.019615325929704,0.017024649237358,-0.019615325929704,1,14.720000267028809,16.010000228881836,1.9432859813145225,13.5,22.6,real_post_mid,1.35,2.6,-1047.6,-0.05662702702702702,fold_3,xgb,0.7407407164573669
NEE,2024-06-30,2024-07-24,0.0,73.85,66.9,2.11,12.72,0.98,1.2,0.91,15.0,0.98,0.96,0.98,0.95,4.0,0.0,8.0,0.0,7363970000.0,8000000000.0,6624240000.0,8.0,-50781.6,-51318.72,158.4,184.32,-14.67,-79.62,22.22,8.33,75.0,-18.18,-31.58,-4.4,-8.69,72.5,73.0,72.0,2024-07-26,1.54,1.37,2.91,4.0137931034482754,1.59,0.175,1.765,74.26,2.260000000000005,0.56121,0.55145,0.55633,0.39048,29.811442848668943,-0.26341,317.0,157.0,0.8729424138837759,3.0,0.6896551724137945,1,3.324137931034481,2024-07-23,575.0,542.3670043945312,0.1277671428571428,0.126582,0.12707,-0.0011851428571428,-0.0006971428571428,1,0.1417,0.11244,0.0292599999999999,-0.0006971428571428,0.8775151641915914,0.3233399099821197,0.7250996015936255,0.1447253450513592,0.1004435059134833,0.0273236369436594,1.44086313729449,1.0,-0.9285427098328984,0.4780604697776863,-1.291654274789159,-0.019615325929704,0.017024649237358,-0.019615325929704,1,14.720000267028809,16.010000228881836,1.9432859813145225,2.91,1.765,real_post_mid,0.29100000000000004,2.6,82.80000000000003,0.011420689655172418,fold_3,xgb,0.7407407164573669
KDP,2024-06-30,2024-07-25,0.0,34.41,33.72,-3.49,-1.51,0.45,0.48,0.42,16.0,0.45,0.45,0.45,0.46,0.0,0.0,0.0,1.0,3914840000.0,3982000000.0,3874000000.0,12.0,8320.8,8217.44,36.27,29.64,3.43,-76.59,5.25,11.76,-30.91,19.24,30.99,3.93,4.64,33.0,34.0,33.0,2024-08-16,0.8,0.9,1.7000000000000002,5.151515151515152,1.1,0.25,1.35,35.39,2.390000000000001,0.25877,0.25877,0.25877,0.17097,33.92974456080689,-0.05365,2645.0,238.0,0.2131394182547643,23.0,3.0303030303030276,1,2.1212121212121247,2024-07-24,563.0,530.0756225585938,0.136825,0.136825,0.1383265384615384,0.0,0.0015015384615384,0,0.17097,0.1417,0.02927,0.01951,1.0,0.42107250755287,0.8207171314741036,0.1900482262422357,0.1293933487691008,0.0074316512308991,1.4687634878464428,1.0,-0.9092552876381292,6.307802101590033,3.8179801807995455,-0.0282078200278218,-0.0027821828687577,-0.0418332748046571,1,18.040000915527344,18.43000030517578,4.357500915527343,1.7000000000000002,1.35,real_post_mid,0.17000000000000004,2.6,15.400000000000004,0.004666666666666668,fold_3,xgb,0.7407407164573669
DOC,2024-06-30,2024-07-25,1.0,19.19,18.8,8.18,10.43,0.09,0.13,0.01,6.0,0.09,0.09,0.09,0.1,0.0,0.0,0.0,0.0,668710000.0,700900000.0,601080000.0,10.0,1647.2,1900.64,76.8,262.38,15.39,-72.19,7.28,-75.0,-80.0,-15.98,21.75,2.26,1.04,20.0,22.5,20.0,2024-08-16,1.4,0.275,1.6749999999999998,8.375,1.525,0.075,1.6,21.48,1.4800000000000004,0.45389,0.2978,0.375845,0.229505,38.93626361931115,-0.16585,399.0,19.0,0.3692307692307692,23.0,12.5,0,-4.125,2024-07-24,563.0,530.0756225585938,0.136825,0.136825,0.1383265384615384,0.0,0.0015015384615384,0,0.17097,0.1417,0.02927,0.01951,1.0,0.42107250755287,0.8207171314741036,0.1900482262422357,0.1293933487691008,0.0074316512308991,1.4687634878464428,1.0,-0.9092552876381292,6.307802101590033,3.8179801807995455,-0.0282078200278218,-0.0027821828687577,-0.0418332748046571,1,18.040000915527344,18.43000030517578,4.357500915527343,1.6749999999999998,1.6,real_post_mid,0.16749999999999998,2.6,-11.850000000000025,-0.005925000000000012,fold_3,xgb,0.7407407164573669
HIG,2024-06-30,2024-07-25,1.0,103.54,95.3,-1.17,7.38,2.24,2.45,2.05,19.0,2.24,2.32,2.35,2.46,1.0,0.0,1.0,0.0,6571720000.0,6590530000.0,6551000000.0,3.0,17284.0,16035.52,698.13,704.84,8.77,-73.7,10.76,39.29,-23.53,32.74,39.51,3.21,3.13,100.0,110.0,100.0,2024-08-16,3.8,1.525,5.324999999999999,5.324999999999999,10.45,0.3,10.75,110.46,10.459999999999994,0.24902,0.24902,0.24902,0.185605,25.465826038069224,-0.034145,53.0,7.0,0.850253807106599,23.0,10.000000000000009,0,-4.67500000000001,2024-07-24,563.0,530.0756225585938,0.136825,0.136825,0.1383265384615384,0.0,0.0015015384615384,0,0.17097,0.1417,0.02927,0.01951,1.0,0.42107250755287,0.8207171314741036,0.1900482262422357,0.1293933487691008,0.0074316512308991,1.4687634878464428,1.0,-0.9092552876381292,6.307802101590033,3.8179801807995455,-0.0282078200278218,-0.0027821828687577,-0.0418332748046571,1,18.040000915527344,18.43000030517578,4.357500915527343,5.324999999999999,10.75,real_post_mid,0.5325,2.6,-598.35,-0.059835,fold_3,xgb,0.7407407164573669
ERIE,2024-06-30,2024-07-25,1.0,365.82,381.74,5.93,1.51,2.57,2.6,2.55,2.0,2.57,2.57,2.57,2.58,0.0,0.0,0.0,0.0,933960000.0,933960000.0,933960000.0,1.0,8316.0,6741.6,1184.0,1022.19,17.76,-73.06,15.66,44.24,12.26,27.25,27.25,1.59,1.2,390.0,420.0,390.0,2024-08-16,8.2,13.25,21.45,5.5,33.4,,,474.17,84.17000000000002,0.27829,0.26853,0.27341,0.2148749999999999,21.409238872023703,-0.0243899999999999,17.0,0.0,11.0,23.0,7.692307692307687,0,-2.192307692307687,2024-07-24,563.0,530.0756225585938,0.136825,0.136825,0.1383265384615384,0.0,0.0015015384615384,0,0.17097,0.1417,0.02927,0.01951,1.0,0.42107250755287,0.8207171314741036,0.1900482262422357,0.1293933487691008,0.0074316512308991,1.4687634878464428,1.0,-0.9092552876381292,6.307802101590033,3.8179801807995455,-0.0282078200278218,-0.0027821828687577,-0.0418332748046571,1,18.040000915527344,18.43000030517578,4.357500915527343,21.45,30.0,intrinsic_fallback,2.145,2.6,-1072.1,-0.027489743589743588,fold_3,xgb,0.7407407164573669
EME,2024-06-30,2024-07-25,1.0,378.53,354.02,-8.44,-2.1,3.76,3.92,3.5,3.0,3.76,3.76,3.76,3.41,0.0,0.0,0.0,0.0,3521570000.0,3544700000.0,3505000000.0,3.0,36645.6,26133.6,6000.0,1302.65,18.75,-72.72,14.2,79.74,-6.71,58.1,67.81,2.08,2.21,360.0,370.0,360.0,2024-08-16,17.549999999999997,19.5,37.05,10.291666666666666,16.55,10.8,27.35,366.59,6.589999999999975,0.52218,0.51243,0.517305,0.39536,23.57313383787128,-0.107315,222.0,1.0,0.7690288713910761,23.0,2.777777777777768,1,7.513888888888898,2024-07-24,563.0,530.0756225585938,0.136825,0.136825,0.1383265384615384,0.0,0.0015015384615384,0,0.17097,0.1417,0.02927,0.01951,1.0,0.42107250755287,0.8207171314741036,0.1900482262422357,0.1293933487691008,0.0074316512308991,1.4687634878464428,1.0,-0.9092552876381292,6.307802101590033,3.8179801807995455,-0.0282078200278218,-0.0027821828687577,-0.0418332748046571,1,18.040000915527344,18.43000030517578,4.357500915527343,37.05,27.35,real_post_mid,3.705,2.6,596.8999999999995,0.016580555555555543,fold_3,xgb,0.7407407164573669
EIX,2024-06-30,2024-07-25,1.0,71.86,70.14,6.36,8.97,1.07,1.13,1.03,12.0,1.05,1.04,1.04,1.08,4.0,0.0,6.0,0.0,4122060000.0,4334470000.0,3827750000.0,4.0,3858.4,3827.68,268.8,357.51,2.82,-75.04,-4.4,3.67,-11.72,-22.97,-60.48,3.55,-9.62,77.5,77.5,77.5,2024-08-16,1.075,2.2750000000000004,3.3500000000000005,4.322580645161291,1.525,0.875,2.4,83.41,5.909999999999997,0.21,0.21,0.21,0.14658,30.200000000000003,-0.0097599999999999,399.0,16.0,1.988095238095238,23.0,0.0,1,4.322580645161291,2024-07-24,563.0,530.0756225585938,0.136825,0.136825,0.1383265384615384,0.0,0.0015015384615384,0,0.17097,0.1417,0.02927,0.01951,1.0,0.42107250755287,0.8207171314741036,0.1900482262422357,0.1293933487691008,0.0074316512308991,1.4687634878464428,1.0,-0.9092552876381292,6.307802101590033,3.8179801807995455,-0.0282078200278218,-0.0027821828687577,-0.0418332748046571,1,18.040000915527344,18.43000030517578,4.357500915527343,3.3500000000000005,2.4,real_post_mid,0.3350000000000001,2.6,58.900000000000055,0.007600000000000007,fold_3,xgb,0.7407407164573669
DOV,2024-06-30,2024-07-25,1.0,180.06,180.17,3.48,3.41,2.21,2.3,2.09,15.0,2.21,2.21,2.21,2.22,1.0,0.0,3.0,0.0,2147530000.0,2209000000.0,2107660000.0,15.0,8714.4,8424.16,239.47,148.84,-9.39,-77.68,0.98,0.52,-20.41,120.34,-19.2,1.08,-1.64,175.0,185.0,175.0,2024-08-16,6.25,4.25,10.5,6.0,12.45,0.95,13.4,179.83,4.8300000000000125,0.2978,0.2978,0.2978,0.22951,22.93149764942915,-0.048785,18.0,0.0,0.6835338034010784,23.0,5.714285714285716,1,0.2857142857142838,2024-07-24,563.0,530.0756225585938,0.136825,0.136825,0.1383265384615384,0.0,0.0015015384615384,0,0.17097,0.1417,0.02927,0.01951,1.0,0.42107250755287,0.8207171314741036,0.1900482262422357,0.1293933487691008,0.0074316512308991,1.4687634878464428,1.0,-0.9092552876381292,6.307802101590033,3.8179801807995455,-0.0282078200278218,-0.0027821828687577,-0.0418332748046571,1,18.040000915527344,18.43000030517578,4.357500915527343,10.5,13.4,real_post_mid,1.05,2.6,-397.6,-0.02272,fold_3,xgb,1.0
BKR,2024-06-30,2024-07-25,1.0,34.85,32.84,2.09,8.34,0.49,0.51,0.48,20.0,0.49,0.49,0.49,0.48,1.0,0.0,2.0,1.0,6805020000.0,6912330000.0,6670300000.0,19.0,562.4,433.12,104.53,50.62,12.28,-74.84,20.36,53.57,-15.69,-11.71,50.68,-0.19,2.62,35.0,38.0,35.0,2024-08-16,0.95,1.1,2.05,5.857142857142857,2.225,0.125,2.35,34.94,0.0600000000000022,0.26853,0.31731,0.2929199999999999,0.229505,21.64925576949336,-0.0243899999999999,475.0,16.0,0.6979362101313321,23.0,8.571428571428562,0,-2.7142857142857055,2024-07-24,563.0,530.0756225585938,0.136825,0.136825,0.1383265384615384,0.0,0.0015015384615384,0,0.17097,0.1417,0.02927,0.01951,1.0,0.42107250755287,0.8207171314741036,0.1900482262422357,0.1293933487691008,0.0074316512308991,1.4687634878464428,1.0,-0.9092552876381292,6.307802101590033,3.8179801807995455,-0.0282078200278218,-0.0027821828687577,-0.0418332748046571,1,18.040000915527344,18.43000030517578,4.357500915527343,2.05,2.35,real_post_mid,0.205,2.6,-53.10000000000002,-0.015171428571428579,fold_3,xgb,0.7857142686843872
CINF,2024-06-30,2024-07-25,1.0,115.82,110.88,3.87,8.5,0.96,1.14,0.85,10.0,0.96,1.04,1.08,1.11,0.0,0.0,2.0,2.0,2448740000.0,2475000000.0,2431700000.0,5.0,18376.8,16620.0,806.4,666.08,30.97,-70.69,57.37,93.26,-24.56,210.56,242.55,0.0,20.33,120.0,125.0,120.0,2024-08-16,3.75,3.4000000000000004,7.15,5.958333333333334,5.800000000000001,1.15,6.950000000000001,131.12,11.120000000000005,0.2978,0.2978,0.2978,0.21975,26.20886501007388,-0.048785,957.0,7.0,1.5172413793103448,23.0,4.166666666666674,1,1.79166666666666,2024-07-24,563.0,530.0756225585938,0.136825,0.136825,0.1383265384615384,0.0,0.0015015384615384,0,0.17097,0.1417,0.02927,0.01951,1.0,0.42107250755287,0.8207171314741036,0.1900482262422357,0.1293933487691008,0.0074316512308991,1.4687634878464428,1.0,-0.9092552876381292,6.307802101590033,3.8179801807995455,-0.0282078200278218,-0.0027821828687577,-0.0418332748046571,1,18.040000915527344,18.43000030517578,4.357500915527343,7.15,6.950000000000001,real_post_mid,0.7150000000000001,2.6,-54.10000000000008,-0.00450833333333334,fold_3,xgb,0.7407407164573669
CARR,2024-06-30,2024-07-25,1.0,63.93,60.5,1.41,7.16,0.84,0.88,0.8,18.0,0.85,0.85,0.84,0.85,0.0,0.0,2.0,1.0,7000310000.0,7190210000.0,6221220000.0,17.0,4237.6,3828.16,141.87,112.37,2.79,-75.47,15.72,19.23,16.98,35.36,-30.63,1.62,-3.43,65.0,67.5,65.0,2024-08-16,3.1,1.975,5.075,7.807692307692308,3.1,1.125,4.225,67.38,2.3799999999999955,0.37584,0.3856,0.38072,0.30755,19.21884849758353,-0.06341,187.0,115.0,0.9515895953757224,23.0,3.8461538461538542,1,3.9615384615384537,2024-07-24,563.0,530.0756225585938,0.136825,0.136825,0.1383265384615384,0.0,0.0015015384615384,0,0.17097,0.1417,0.02927,0.01951,1.0,0.42107250755287,0.8207171314741036,0.1900482262422357,0.1293933487691008,0.0074316512308991,1.4687634878464428,1.0,-0.9092552876381292,6.307802101590033,3.8179801807995455,-0.0282078200278218,-0.0027821828687577,-0.0418332748046571,1,18.040000915527344,18.43000030517578,4.357500915527343,5.075,4.225,real_post_mid,0.5075000000000001,2.6,31.65000000000005,0.004869230769230777,fold_3,xgb,0.7407407164573669
AJG,2024-06-30,2024-07-25,1.0,259.9,234.11,5.41,17.03,2.24,2.26,2.22,16.0,2.24,2.24,2.25,2.26,0.0,0.0,1.0,1.0,2775400000.0,2801320000.0,2742300000.0,5.0,5629.6,5379.36,90.67,82.45,20.35,-67.67,19.03,11.15,88.65,28.75,18.63,-0.65,-0.38,270.0,280.0,270.0,2024-08-16,9.4,3.975,13.375,4.953703703703704,15.9,0.8250000000000001,16.724999999999998,285.08,15.079999999999984,0.23926,0.22951,0.234385,0.185605,20.81191202508692,-0.029265,180.0,10.0,1.0416666666666667,23.0,3.703703703703698,1,1.2500000000000062,2024-07-24,563.0,530.0756225585938,0.136825,0.136825,0.1383265384615384,0.0,0.0015015384615384,0,0.17097,0.1417,0.02927,0.01951,1.0,0.42107250755287,0.8207171314741036,0.1900482262422357,0.1293933487691008,0.0074316512308991,1.4687634878464428,1.0,-0.9092552876381292,6.307802101590033,3.8179801807995455,-0.0282078200278218,-0.0027821828687577,-0.0418332748046571,1,18.040000915527344,18.43000030517578,4.357500915527343,13.375,16.724999999999998,real_post_mid,1.3375000000000001,2.6,-471.34999999999985,-0.0174574074074074,fold_3,xgb,0.7407407164573669
DECK,2024-06-30,2024-07-25,1.0,975.32,833.46,-13.72,0.96,3.48,4.49,2.58,18.0,3.42,3.34,3.01,2.93,3.0,0.0,6.0,2.0,807940000.0,825450000.0,794870000.0,17.0,-138359.2,-107674.88,-10653.33,22251.05,15.95,0.0,16.91,-1472.22,-132.69,36.24,34.53,5.79,4.32,850.0,900.0,850.0,2024-08-16,51.15,52.2,103.35,12.158823529411764,57.9,9.8,67.7,950.53,100.52999999999996,0.60999,0.60999,0.60999,0.31243,48.78112755946819,-0.1561,2.0,5.0,0.9198813056379822,23.0,5.882352941176472,1,6.276470588235292,2024-07-24,563.0,530.0756225585938,0.136825,0.136825,0.1383265384615384,0.0,0.0015015384615384,0,0.17097,0.1417,0.02927,0.01951,1.0,0.42107250755287,0.8207171314741036,0.1900482262422357,0.1293933487691008,0.0074316512308991,1.4687634878464428,1.0,-0.9092552876381292,6.307802101590033,3.8179801807995455,-0.0282078200278218,-0.0027821828687577,-0.0418332748046571,1,18.040000915527344,18.43000030517578,4.357500915527343,103.35,67.7,real_post_mid,10.335,2.6,2528.899999999999,0.029751764705882342,fold_3,xgb,0.7407407164573669
LHX,2024-06-30,2024-07-25,1.0,224.51,214.54,8.36,13.39,3.18,3.28,3.09,22.0,3.18,3.16,3.16,3.11,5.0,0.0,8.0,0.0,5297900000.0,5402000000.0,5155000000.0,20.0,9436.0,8893.92,200.53,118.75,16.55,-73.17,11.76,6.99,-8.66,8.41,-3.46,-3.99,-1.66,240.0,230.0,240.0,2024-08-16,4.6,6.55,11.15,4.645833333333333,0.975,11.85,12.825,228.5,11.5,0.22951,0.22951,0.22951,0.18073,21.253975861618223,-0.0292699999999999,1552.0,104.0,0.2815533980582524,23.0,4.1666666666666625,1,0.4791666666666705,2024-07-24,563.0,530.0756225585938,0.136825,0.136825,0.1383265384615384,0.0,0.0015015384615384,0,0.17097,0.1417,0.02927,0.01951,1.0,0.42107250755287,0.8207171314741036,0.1900482262422357,0.1293933487691008,0.0074316512308991,1.4687634878464428,1.0,-0.9092552876381292,6.307802101590033,3.8179801807995455,-0.0282078200278218,-0.0027821828687577,-0.0418332748046571,1,18.040000915527344,18.43000030517578,4.357500915527343,11.149999999999999,12.825,real_post_mid,1.115,2.6,-281.60000000000014,-0.011733333333333339,fold_3,xgb,0.7857142686843872
HAS,2024-06-30,2024-07-25,1.0,59.4,64.47,3.57,-4.58,0.78,0.99,0.67,11.0,0.78,0.77,0.76,0.75,0.0,0.0,2.0,1.0,943560000.0,956200000.0,924310000.0,10.0,6877.6,6633.12,533.33,948.45,-24.35,-84.86,-14.17,6000.0,60.53,-14.84,549.16,1.7,13.55,60.0,65.0,60.0,2024-08-16,2.325,4.0,6.325,10.541666666666668,4.3,0.35,4.6499999999999995,66.34,6.340000000000003,0.42462,0.63925,0.531935,0.23926,55.02082021299594,-0.151215,1356.0,555.0,0.9996055226824456,23.0,8.333333333333325,1,2.208333333333343,2024-07-24,563.0,530.0756225585938,0.136825,0.136825,0.1383265384615384,0.0,0.0015015384615384,0,0.17097,0.1417,0.02927,0.01951,1.0,0.42107250755287,0.8207171314741036,0.1900482262422357,0.1293933487691008,0.0074316512308991,1.4687634878464428,1.0,-0.9092552876381292,6.307802101590033,3.8179801807995455,-0.0282078200278218,-0.0027821828687577,-0.0418332748046571,1,18.040000915527344,18.43000030517578,4.357500915527343,6.325,4.6499999999999995,real_post_mid,0.6325000000000001,2.6,101.65000000000008,0.016941666666666678,fold_3,xgb,1.0
MHK,2024-06-30,2024-07-25,1.0,106.33,115.45,26.49,16.5,2.75,2.82,2.72,16.0,2.75,2.75,2.75,2.68,2.0,0.0,5.0,0.0,2830410000.0,2911410000.0,2715000000.0,16.0,16748.0,16051.68,480.53,199.3,-4.52,-75.94,-5.25,6.29,-5.1,1.92,16.63,1.31,0.99,130.0,160.0,130.0,2024-08-16,4.8,7.1,11.9,9.153846153846152,31.75,0.475,32.225,146.42,16.419999999999987,0.46365,0.45389,0.45877,0.33682,26.58194738104061,-0.07317,191.0,147.0,0.3007246376811594,23.0,23.076923076923084,0,-13.92307692307693,2024-07-24,563.0,530.0756225585938,0.136825,0.136825,0.1383265384615384,0.0,0.0015015384615384,0,0.17097,0.1417,0.02927,0.01951,1.0,0.42107250755287,0.8207171314741036,0.1900482262422357,0.1293933487691008,0.0074316512308991,1.4687634878464428,1.0,-0.9092552876381292,6.307802101590033,3.8179801807995455,-0.0282078200278218,-0.0027821828687577,-0.0418332748046571,1,18.040000915527344,18.43000030517578,4.357500915527343,11.899999999999999,32.225,real_post_mid,1.19,2.6,-2154.1000000000004,-0.16570000000000004,fold_3,xgb,0.7407407164573669
PFG,2024-06-30,2024-07-25,0.0,80.11,79.12,5.38,6.7,1.84,1.93,1.78,13.0,1.85,1.89,1.89,1.89,0.0,0.0,2.0,1.0,3795450000.0,3829000000.0,3752000000.0,4.0,11797.6,11589.6,-149.33,448.29,43.79,-70.34,-18.23,11.49,-9.84,395.11,395.11,11.97,23.01,85.0,80.0,85.0,2024-08-16,1.7000000000000002,2.675,4.375,5.147058823529411,0.475,3.7,4.175,77.54,7.459999999999994,0.25877,0.25877,0.25877,0.22463,13.193183135603045,-0.0243849999999999,284.0,0.0,0.8083333333333333,23.0,5.882352941176472,0,-0.7352941176470607,2024-07-24,563.0,530.0756225585938,0.136825,0.136825,0.1383265384615384,0.0,0.0015015384615384,0,0.17097,0.1417,0.02927,0.01951,1.0,0.42107250755287,0.8207171314741036,0.1900482262422357,0.1293933487691008,0.0074316512308991,1.4687634878464428,1.0,-0.9092552876381292,6.307802101590033,3.8179801807995455,-0.0282078200278218,-0.0027821828687577,-0.0418332748046571,1,18.040000915527344,18.43000030517578,4.357500915527343,4.375,4.175,real_post_mid,0.4375,2.6,-26.349999999999984,-0.003099999999999998,fold_3,xgb,0.7407407164573669
POOL,2024-06-30,2024-07-25,1.0,310.74,371.17,15.83,-3.03,4.9,4.94,4.85,9.0,4.9,5.19,5.86,6.18,0.0,0.0,1.0,1.0,1744320000.0,1753000000.0,1734780000.0,11.0,29605.6,29017.44,343.47,131.74,-7.12,-79.77,-9.62,-20.93,54.55,-23.19,-25.42,-0.43,-2.38,330.0,370.0,330.0,2024-08-16,10.95,14.25,25.2,7.636363636363636,43.5,1.5,45.0,345.28,15.279999999999973,0.35633,0.40511,0.38072,0.307555,19.21753519646984,-0.048775,110.0,21.0,4.461538461538462,23.0,12.12121212121211,0,-4.484848484848475,2024-07-24,563.0,530.0756225585938,0.136825,0.136825,0.1383265384615384,0.0,0.0015015384615384,0,0.17097,0.1417,0.02927,0.01951,1.0,0.42107250755287,0.8207171314741036,0.1900482262422357,0.1293933487691008,0.0074316512308991,1.4687634878464428,1.0,-0.9092552876381292,6.307802101590033,3.8179801807995455,-0.0282078200278218,-0.0027821828687577,-0.0418332748046571,1,18.040000915527344,18.43000030517578,4.357500915527343,25.2,45.0,real_post_mid,2.52,2.6,-2234.6,-0.0677151515151515,fold_3,xgb,1.0
WTW,2024-06-30,2024-07-25,1.0,263.07,250.95,5.52,10.62,2.33,2.45,2.22,17.0,2.33,2.33,2.34,2.4,0.0,0.0,1.0,0.0,2273430000.0,2310850000.0,2250700000.0,11.0,2093.6,1095.36,571.2,356.98,4.32,-75.31,6.99,15.85,-55.78,22.9,-1.75,1.18,-0.74,270.0,280.0,270.0,2024-08-16,6.85,8.8,15.65,5.796296296296297,14.9,1.225,16.125,280.42,10.420000000000016,0.28804,0.28804,0.28804,0.185605,35.5627690598528,-0.06341,335.0,11.0,0.2731517509727626,23.0,3.703703703703698,1,2.0925925925925988,2024-07-24,563.0,530.0756225585938,0.136825,0.136825,0.1383265384615384,0.0,0.0015015384615384,0,0.17097,0.1417,0.02927,0.01951,1.0,0.42107250755287,0.8207171314741036,0.1900482262422357,0.1293933487691008,0.0074316512308991,1.4687634878464428,1.0,-0.9092552876381292,6.307802101590033,3.8179801807995455,-0.0282078200278218,-0.0027821828687577,-0.0418332748046571,1,18.040000915527344,18.43000030517578,4.357500915527343,15.65,16.125,real_post_mid,1.5650000000000002,2.6,-206.6,-0.0076518518518518515,fold_3,xgb,0.7857142686843872
NDAQ,2024-06-30,2024-07-25,1.0,59.91,60.12,12.27,11.88,0.64,0.66,0.63,13.0,0.64,0.64,0.64,0.67,1.0,0.0,7.0,0.0,1130640000.0,1144000000.0,1105200000.0,10.0,-40336.8,-40336.64,41.07,83.13,9.2,-72.39,-2.26,-8.7,-12.5,14.0,-0.49,3.07,-2.39,62.5,67.5,62.5,2024-08-16,2.2,1.025,3.225,5.16,5.1,0.175,5.2749999999999995,69.83,7.329999999999998,0.31731,0.20024,0.258775,0.20024,22.62003671142884,-0.0487799999999999,575.0,10.0,0.214233841684822,23.0,8.000000000000007,0,-2.840000000000007,2024-07-24,563.0,530.0756225585938,0.136825,0.136825,0.1383265384615384,0.0,0.0015015384615384,0,0.17097,0.1417,0.02927,0.01951,1.0,0.42107250755287,0.8207171314741036,0.1900482262422357,0.1293933487691008,0.0074316512308991,1.4687634878464428,1.0,-0.9092552876381292,6.307802101590033,3.8179801807995455,-0.0282078200278218,-0.0027821828687577,-0.0418332748046571,1,18.040000915527344,18.43000030517578,4.357500915527343,3.225,5.2749999999999995,real_post_mid,0.3225,2.6,-239.84999999999997,-0.03837599999999999,fold_3,xgb,0.7407407164573669
VRSN,2024-06-30,2024-07-25,1.0,177.92,175.48,-0.66,0.72,1.93,1.94,1.93,2.0,1.94,1.94,1.94,1.94,0.0,0.0,0.0,1.0,385800000.0,386400000.0,385210000.0,2.0,10092.0,9592.8,320.0,104.61,5.46,-74.26,5.11,12.94,0.0,6.96,7.29,0.91,1.15,175.0,185.0,175.0,2024-08-16,6.85,6.4,13.25,7.571428571428572,12.5,2.8,15.3,179.86,4.860000000000014,0.37584,0.3856,0.38072,0.356335,6.40496953141416,-0.102435,177.0,288.0,0.3276157804459691,23.0,5.714285714285716,1,1.857142857142856,2024-07-24,563.0,530.0756225585938,0.136825,0.136825,0.1383265384615384,0.0,0.0015015384615384,0,0.17097,0.1417,0.02927,0.01951,1.0,0.42107250755287,0.8207171314741036,0.1900482262422357,0.1293933487691008,0.0074316512308991,1.4687634878464428,1.0,-0.9092552876381292,6.307802101590033,3.8179801807995455,-0.0282078200278218,-0.0027821828687577,-0.0418332748046571,1,18.040000915527344,18.43000030517578,4.357500915527343,13.25,15.3,real_post_mid,1.3250000000000002,2.6,-340.10000000000014,-0.019434285714285723,fold_3,xgb,0.7407407164573669
WST,2024-06-30,2024-07-25,0.0,323.6,360.43,-14.35,-23.1,1.74,1.94,1.54,9.0,1.74,1.73,1.74,1.9,0.0,0.0,0.0,0.0,729350000.0,745200000.0,705260000.0,9.0,21784.8,20152.8,166.4,825.1,-2.88,-76.44,1.75,-21.21,-14.75,-14.19,-24.18,-4.53,-5.13,330.0,290.0,330.0,2024-08-16,13.05,17.9,30.95,9.37878787878788,2.0,45.3,47.3,300.41,29.589999999999975,0.4734,0.46365,0.4685249999999999,0.32219,31.233125233445385,-0.1024349999999999,109.0,9.0,1.2616279069767442,23.0,12.12121212121212,0,-2.742424242424242,2024-07-24,563.0,530.0756225585938,0.136825,0.136825,0.1383265384615384,0.0,0.0015015384615384,0,0.17097,0.1417,0.02927,0.01951,1.0,0.42107250755287,0.8207171314741036,0.1900482262422357,0.1293933487691008,0.0074316512308991,1.4687634878464428,1.0,-0.9092552876381292,6.307802101590033,3.8179801807995455,-0.0282078200278218,-0.0027821828687577,-0.0418332748046571,1,18.040000915527344,18.43000030517578,4.357500915527343,30.95,47.3,real_post_mid,3.095,2.6,-1947.0999999999997,-0.05900303030303029,fold_3,xgb,0.7407407164573669
LKQ,2024-06-30,2024-07-25,0.0,41.49,43.64,-6.12,-10.75,1.03,1.09,0.99,8.0,1.03,1.03,1.03,1.03,0.0,0.0,0.0,1.0,3867520000.0,3927500000.0,3825180000.0,7.0,7320.8,7744.48,-145.07,287.79,10.57,-73.29,8.84,-21.15,-2.38,-14.5,-20.82,-1.76,-3.1,45.0,40.0,45.0,2024-08-16,1.225,3.0,4.225,9.388888888888888,0.15,5.1,5.25,40.29,4.710000000000001,0.31731,0.6295,0.4734049999999999,0.26365,44.30772805525924,-0.2243899999999999,486.0,46.0,3.381756756756757,23.0,11.111111111111116,0,-1.7222222222222283,2024-07-24,563.0,530.0756225585938,0.136825,0.136825,0.1383265384615384,0.0,0.0015015384615384,0,0.17097,0.1417,0.02927,0.01951,1.0,0.42107250755287,0.8207171314741036,0.1900482262422357,0.1293933487691008,0.0074316512308991,1.4687634878464428,1.0,-0.9092552876381292,6.307802101590033,3.8179801807995455,-0.0282078200278218,-0.0027821828687577,-0.0418332748046571,1,18.040000915527344,18.43000030517578,4.357500915527343,4.225,5.25,real_post_mid,0.4225,2.6,-147.35000000000002,-0.03274444444444445,fold_3,xgb,0.7407407164573669
WY,2024-06-30,2024-07-25,0.0,28.28,31.05,7.18,-2.38,0.21,0.28,0.17,9.0,0.22,0.28,0.28,0.34,0.0,0.0,0.0,1.0,1942670000.0,1989000000.0,1860030000.0,8.0,3772.0,3683.68,38.4,31.84,-4.52,-76.6,-22.09,-23.81,0.0,-10.68,-16.95,0.15,-1.64,30.0,32.0,30.0,2024-08-16,0.7749999999999999,0.825,1.6,5.333333333333333,1.85,0.15,2.0,29.91,0.0899999999999998,0.25877,0.26853,0.26365,0.21975,16.650862886402425,-0.0243899999999999,638.0,2.0,1.528,23.0,6.666666666666665,0,-1.333333333333332,2024-07-24,563.0,530.0756225585938,0.136825,0.136825,0.1383265384615384,0.0,0.0015015384615384,0,0.17097,0.1417,0.02927,0.01951,1.0,0.42107250755287,0.8207171314741036,0.1900482262422357,0.1293933487691008,0.0074316512308991,1.4687634878464428,1.0,-0.9092552876381292,6.307802101590033,3.8179801807995455,-0.0282078200278218,-0.0027821828687577,-0.0418332748046571,1,18.040000915527344,18.43000030517578,4.357500915527343,1.5999999999999999,2.0,real_post_mid,0.16,2.6,-58.600000000000016,-0.01953333333333334,fold_3,xgb,0.7407407164573669
VLTO,2024-06-30,2024-07-25,1.0,98.95,94.12,0.67,5.83,0.81,0.85,0.78,10.0,0.8,0.8,0.8,0.8,1.0,0.0,2.0,0.0,1278740000.0,1289000000.0,1257600000.0,10.0,2028.0,1697.33,218.67,67.04,,-0.72,,,12.0,,,,,100.0,105.0,100.0,2024-08-16,2.5250000000000004,2.925,5.45,5.45,5.85,0.6,6.449999999999999,108.72,8.719999999999999,0.26853,0.27829,0.27341,0.22463,17.841337185911264,-0.058535,161.0,67.0,0.0916030534351145,23.0,5.000000000000004,1,0.4499999999999957,2024-07-24,563.0,530.0756225585938,0.136825,0.136825,0.1383265384615384,0.0,0.0015015384615384,0,0.17097,0.1417,0.02927,0.01951,1.0,0.42107250755287,0.8207171314741036,0.1900482262422357,0.1293933487691008,0.0074316512308991,1.4687634878464428,1.0,-0.9092552876381292,6.307802101590033,3.8179801807995455,-0.0282078200278218,-0.0027821828687577,-0.0418332748046571,1,18.040000915527344,18.43000030517578,4.357500915527343,5.45,6.449999999999999,real_post_mid,0.545,2.6,-157.0999999999999,-0.01570999999999999,fold_3,xgb,0.7857142686843872
AON,2024-06-30,2024-07-26,0.0,288.77,285.03,11.85,13.32,3.08,3.2,2.99,17.0,3.08,3.1,3.11,3.17,0.0,0.0,3.0,0.0,3732680000.0,3868000000.0,3668430000.0,11.0,5887.2,6703.2,-516.8,367.7,5.14,-69.57,7.02,9.48,45.5,7.39,-0.54,0.02,-2.05,300.0,320.0,300.0,2024-08-16,8.5,9.85,18.35,6.116666666666667,20.85,0.75,21.6,332.05,32.05000000000001,0.28804,0.33682,0.31243,0.17585,43.71539224786352,-0.0780449999999999,195.0,101.0,1.5993788819875776,22.0,6.666666666666665,0,-0.549999999999998,2024-07-25,560.0,527.313720703125,0.14658,0.141705,0.141705,-0.0048749999999999,-0.0048749999999999,1,0.18073,0.1417,0.03903,0.014635,1.0,0.5263271471730685,0.8804780876494024,0.1892243658830038,0.1296947240530761,0.0168852759469238,1.4589981764066655,1.01,-0.913239393224624,0.8437136982894557,-0.528292374772572,-0.025784465767398,-0.0117835508867802,-0.0468256991749608,1,18.459999084472656,18.690000534057617,3.8019990844726568,18.35,21.6,real_post_mid,1.8350000000000002,2.6,-511.1,-0.01703666666666667,fold_3,xgb,0.7407407164573669
EQR,2024-06-30,2024-07-29,1.0,69.34,64.4,2.81,10.7,0.38,0.49,0.35,9.0,0.38,0.38,0.38,0.38,0.0,0.0,0.0,0.0,734370000.0,746400000.0,727700000.0,13.0,28578.4,26186.08,1083.73,595.33,3.65,-74.57,4.64,37.5,-6.1,5.54,5.54,0.92,1.07,70.0,70.0,70.0,2024-08-16,2.025,1.025,3.05,4.357142857142857,1.1749999999999998,1.425,2.5999999999999996,71.41,1.4099999999999966,0.21975,0.21975,0.21975,0.21975,0.0,-0.0243899999999999,699.0,36.0,0.2871287128712871,21.0,0.0,1,4.357142857142857,2024-07-26,565.0,533.2195434570312,0.136825,0.1319449999999999,0.136825,-0.00488,0.0,0,0.16122,0.13195,0.0292699999999999,0.00976,0.8000205002050023,0.42107250755287,0.8167330677290837,0.2203396876797261,0.1358163518382245,0.0010086481617755,1.622335489780938,1.14,0.545287359237499,1.1387468475138418,-0.315429469794595,-0.0082879645101529,-0.0019614007661903,-0.0361503113493888,1,16.389999389648438,17.239999771118164,2.7074993896484365,3.05,2.5999999999999996,real_post_mid,0.305,2.6,11.900000000000018,0.0017000000000000025,fold_3,xgb,0.7407407164573669
L,2024-06-30,2024-07-29,1.0,74.74,75.15,5.51,4.94,0.0,0.0,0.0,0.0,0.0,0.0,0.0,0.0,0.0,0.0,0.0,0.0,0.0,0.0,0.0,0.0,40884.48,32917.44,4856.32,3682.98,11.2,-73.07,0.73,21.97,5.23,16.0,20.35,42.77,1.12,80.0,80.0,80.0,2024-08-16,1.825,1.475,3.3,4.124999999999999,1.625,0.95,2.575,78.97,1.0300000000000011,0.21975,0.21,0.2148749999999999,0.18073,15.89063408958696,-0.0341449999999999,237.0,149.0,0.9733924611973392,21.0,0.0,1,4.124999999999999,2024-07-26,565.0,533.2195434570312,0.136825,0.1319449999999999,0.136825,-0.00488,0.0,0,0.16122,0.13195,0.0292699999999999,0.00976,0.8000205002050023,0.42107250755287,0.8167330677290837,0.2203396876797261,0.1358163518382245,0.0010086481617755,1.622335489780938,1.14,0.545287359237499,1.1387468475138418,-0.315429469794595,-0.0082879645101529,-0.0019614007661903,-0.0361503113493888,1,16.389999389648438,17.239999771118164,2.7074993896484365,3.3,2.575,real_post_mid,0.33,2.6,36.89999999999996,0.004612499999999995,fold_3,xgb,0.7407407164573669
ECL,2024-06-30,2024-07-30,1.0,238.0,224.98,-3.84,1.72,1.67,1.7,1.63,21.0,1.67,1.67,1.67,1.58,0.0,0.0,2.0,0.0,4028320000.0,4162000000.0,3948180000.0,18.0,1674.4,1616.8,22.4,13.86,5.05,-75.51,7.49,52.27,-13.55,29.9,35.1,5.12,3.24,250.0,230.0,250.0,2024-08-16,5.5,6.949999999999999,12.45,4.9799999999999995,0.15,19.299999999999997,19.449999999999996,240.66,9.340000000000003,0.27829,0.27829,0.27829,0.18073,35.056954975026045,-0.0731699999999999,206.0,418.0,0.3992805755395683,18.0,7.9999999999999964,0,-3.019999999999997,2024-07-29,565.0,533.532958984375,0.141705,0.133409,0.136825,-0.008296,-0.00488,1,0.1640057142857142,0.13195,0.0320557142857142,0.0062728571428571,0.9000615006150069,0.4737268018990075,0.8326693227091634,0.1968179537398394,0.1357065126798033,0.0059984873201966,1.4503206209729018,1.17,0.9386506109131963,0.4479512240600576,-0.8004425226024264,-0.0178310315994131,-0.0029465383449768,-0.0355837802419766,1,16.600000381469727,17.15999984741211,2.429500381469724,12.45,19.449999999999996,real_post_mid,1.245,2.6,-827.0999999999998,-0.03308399999999999,fold_3,xgb,0.7407407164573669
FE,2024-06-30,2024-07-30,0.0,38.27,38.7,9.22,8.01,0.56,0.58,0.52,13.0,0.55,0.55,0.56,0.55,2.0,0.0,3.0,1.0,3379860000.0,4163180000.0,2971000000.0,6.0,3119.2,3060.16,16.53,48.96,1.73,-74.46,3.03,-8.33,-11.29,2.58,11.07,4.19,1.57,41.0,42.0,41.0,2024-08-16,0.95,0.6499999999999999,1.6,3.902439024390244,2.05,0.35,2.4,42.57,1.5700000000000005,0.16122,0.25877,0.209995,0.170975,18.58139479511417,-0.0975549999999999,372.0,29.0,0.1403180542563143,18.0,2.4390243902439046,1,1.4634146341463392,2024-07-29,565.0,533.532958984375,0.141705,0.133409,0.136825,-0.008296,-0.00488,1,0.1640057142857142,0.13195,0.0320557142857142,0.0062728571428571,0.9000615006150069,0.4737268018990075,0.8326693227091634,0.1968179537398394,0.1357065126798033,0.0059984873201966,1.4503206209729018,1.17,0.9386506109131963,0.4479512240600576,-0.8004425226024264,-0.0178310315994131,-0.0029465383449768,-0.0355837802419766,1,16.600000381469727,17.15999984741211,2.429500381469724,1.5999999999999999,2.4,real_post_mid,0.16,2.6,-98.60000000000001,-0.02404878048780488,fold_3,xgb,0.7407407164573669
HUBB,2024-06-30,2024-07-30,1.0,365.48,373.3,3.92,1.74,4.24,4.38,4.15,9.0,4.24,4.26,4.25,4.38,0.0,0.0,1.0,0.0,1479160000.0,1506200000.0,1428200000.0,9.0,17007.2,16741.6,347.73,334.96,8.85,-73.96,8.04,-0.28,-2.44,0.75,-8.16,-2.88,-3.03,370.0,400.0,370.0,2024-08-16,13.15,16.8,29.95,8.094594594594593,27.5,1.9,29.4,373.83,3.829999999999984,0.43438,0.48316,0.45877,0.263655,42.53002593892365,-0.14634,305.0,306.0,0.4251207729468599,18.0,8.108108108108114,0,-0.0135135135135211,2024-07-29,565.0,533.532958984375,0.141705,0.133409,0.136825,-0.008296,-0.00488,1,0.1640057142857142,0.13195,0.0320557142857142,0.0062728571428571,0.9000615006150069,0.4737268018990075,0.8326693227091634,0.1968179537398394,0.1357065126798033,0.0059984873201966,1.4503206209729018,1.17,0.9386506109131963,0.4479512240600576,-0.8004425226024264,-0.0178310315994131,-0.0029465383449768,-0.0355837802419766,1,16.600000381469727,17.15999984741211,2.429500381469724,29.950000000000003,29.4,real_post_mid,2.9950000000000006,2.6,-247.09999999999962,-0.006678378378378368,fold_3,xgb,0.7407407164573669
FSLR,2024-06-30,2024-07-30,1.0,225.46,177.58,-6.46,18.76,2.69,3.39,2.06,26.0,2.7,2.66,2.71,3.22,1.0,0.0,5.0,1.0,941540000.0,1068800000.0,796300000.0,23.0,4696.8,3691.04,664.53,393.56,44.83,-76.07,29.59,450.0,-32.31,237.51,1250.63,23.13,27.34,220.0,215.0,220.0,2024-08-02,9.55,8.975,18.525,8.420454545454545,2.655,6.75,9.405,213.045,6.9550000000000125,1.00998,1.00022,1.0051,0.6734,33.00169137399264,-0.4292600000000001,155.0,324.0,0.6365116279069768,4.0,2.2727272727272707,1,6.147727272727274,2024-07-29,565.0,533.532958984375,0.141705,0.133409,0.136825,-0.008296,-0.00488,1,0.1640057142857142,0.13195,0.0320557142857142,0.0062728571428571,0.9000615006150069,0.4737268018990075,0.8326693227091634,0.1968179537398394,0.1357065126798033,0.0059984873201966,1.4503206209729018,1.17,0.9386506109131963,0.4479512240600576,-0.8004425226024264,-0.0178310315994131,-0.0029465383449768,-0.0355837802419766,1,16.600000381469727,17.15999984741211,2.429500381469724,18.525,9.405,real_post_mid,1.8525,2.6,724.1499999999999,0.032915909090909086,fold_3,xgb,0.7407407164573669
CNP,2024-06-30,2024-07-30,1.0,30.98,29.32,-7.97,-2.76,0.32,0.34,0.29,13.0,0.32,0.33,0.33,0.33,3.0,0.0,4.0,3.0,1886950000.0,2158340000.0,1639170000.0,5.0,4988.0,4866.4,64.0,61.45,-5.72,-69.87,-5.62,10.0,71.88,14.11,13.86,6.95,4.04,29.0,28.0,29.0,2024-08-16,0.675,0.55,1.225,4.224137931034483,0.1,1.45,1.55,25.79,3.210000000000001,0.21,0.25877,0.234385,0.180725,22.893956524521624,-0.029265,538.0,27.0,2.4672131147540983,18.0,3.4482758620689613,1,0.7758620689655218,2024-07-29,565.0,533.532958984375,0.141705,0.133409,0.136825,-0.008296,-0.00488,1,0.1640057142857142,0.13195,0.0320557142857142,0.0062728571428571,0.9000615006150069,0.4737268018990075,0.8326693227091634,0.1968179537398394,0.1357065126798033,0.0059984873201966,1.4503206209729018,1.17,0.9386506109131963,0.4479512240600576,-0.8004425226024264,-0.0178310315994131,-0.0029465383449768,-0.0355837802419766,1,16.600000381469727,17.15999984741211,2.429500381469724,1.225,1.55,real_post_mid,0.12250000000000001,2.6,-47.349999999999994,-0.01632758620689655,fold_3,xgb,0.7407407164573669
ZBRA,2024-06-30,2024-07-30,1.0,308.93,309.05,12.69,12.64,2.8,3.0,2.69,14.0,2.8,2.8,2.79,2.77,0.0,0.0,2.0,0.0,1181750000.0,1197000000.0,1171850000.0,13.0,19279.2,17967.2,874.67,528.24,-16.37,-74.37,-20.96,-27.92,66.08,-24.06,-29.33,0.44,-2.48,340.0,350.0,340.0,2024-08-16,13.6,17.55,31.15,9.161764705882351,15.55,4.15,19.7,344.14,4.139999999999986,0.52218,0.52218,0.52218,0.28804,44.83894442529395,-0.1365799999999999,153.0,14.0,0.7331081081081081,18.0,2.941176470588225,1,6.220588235294128,2024-07-29,565.0,533.532958984375,0.141705,0.133409,0.136825,-0.008296,-0.00488,1,0.1640057142857142,0.13195,0.0320557142857142,0.0062728571428571,0.9000615006150069,0.4737268018990075,0.8326693227091634,0.1968179537398394,0.1357065126798033,0.0059984873201966,1.4503206209729018,1.17,0.9386506109131963,0.4479512240600576,-0.8004425226024264,-0.0178310315994131,-0.0029465383449768,-0.0355837802419766,1,16.600000381469727,17.15999984741211,2.429500381469724,31.15,19.7,real_post_mid,3.115,2.6,830.8999999999999,0.024438235294117643,fold_3,xgb,0.7407407164573669
AEP,2024-06-30,2024-07-30,1.0,87.74,88.15,11.85,11.33,1.23,1.27,1.2,14.0,1.23,1.25,1.26,1.22,3.0,0.0,5.0,4.0,4739050000.0,5201000000.0,4521630000.0,6.0,2736.8,2658.08,17.07,91.72,5.21,-73.71,0.36,14.41,3.25,28.46,28.2,4.27,4.37,97.5,97.5,97.5,2024-08-16,1.325,2.2249999999999996,3.55,3.641025641025641,1.625,1.5,3.125,96.94,0.5600000000000023,0.16122,0.24902,0.20512,0.185605,9.513943057722312,-0.0195149999999999,3060.0,423.0,0.582995951417004,18.0,0.0,1,3.641025641025641,2024-07-29,565.0,533.532958984375,0.141705,0.133409,0.136825,-0.008296,-0.00488,1,0.1640057142857142,0.13195,0.0320557142857142,0.0062728571428571,0.9000615006150069,0.4737268018990075,0.8326693227091634,0.1968179537398394,0.1357065126798033,0.0059984873201966,1.4503206209729018,1.17,0.9386506109131963,0.4479512240600576,-0.8004425226024264,-0.0178310315994131,-0.0029465383449768,-0.0355837802419766,1,16.600000381469727,17.15999984741211,2.429500381469724,3.55,3.125,real_post_mid,0.355,2.6,4.399999999999984,0.0004512820512820497,fold_3,xgb,0.7407407164573669
ACGL,2024-06-30,2024-07-30,1.0,100.89,95.8,-2.67,2.51,2.21,2.4,2.04,15.0,2.21,2.18,2.2,2.19,0.0,0.0,6.0,0.0,3947520000.0,4009190000.0,3900700000.0,4.0,13684.0,11042.56,1060.8,537.36,22.41,-70.83,33.99,41.62,-1.61,46.4,31.57,-47.33,1.91,95.0,95.0,95.0,2024-08-16,3.8,1.575,5.375,5.657894736842105,2.4,1.4,3.8,102.55,7.549999999999997,0.2978,0.2978,0.2978,0.22951,22.93149764942915,-0.043905,32.0,55.0,0.6985138004246284,18.0,0.0,1,5.657894736842105,2024-07-29,565.0,533.532958984375,0.141705,0.133409,0.136825,-0.008296,-0.00488,1,0.1640057142857142,0.13195,0.0320557142857142,0.0062728571428571,0.9000615006150069,0.4737268018990075,0.8326693227091634,0.1968179537398394,0.1357065126798033,0.0059984873201966,1.4503206209729018,1.17,0.9386506109131963,0.4479512240600576,-0.8004425226024264,-0.0178310315994131,-0.0029465383449768,-0.0355837802419766,1,16.600000381469727,17.15999984741211,2.429500381469724,5.375,3.8,real_post_mid,0.5375,2.6,101.15000000000002,0.010647368421052635,fold_3,xgb,0.7407407164573669
LYV,2024-06-30,2024-07-30,0.0,93.74,89.28,0.94,5.98,1.07,1.42,0.78,16.0,1.07,1.1,1.11,1.11,1.0,0.0,3.0,1.0,6018350000.0,6190900000.0,5649000000.0,17.0,4111.2,4859.04,-568.53,896.89,21.49,-83.28,32.62,-112.0,57.6,-22.33,-128.99,-2.13,-5.66,95.0,97.5,95.0,2024-08-16,4.25,3.5,7.75,8.157894736842106,3.075,1.6,4.675000000000001,95.18,0.1800000000000068,0.46365,0.45389,0.45877,0.27829,39.33997427905051,-0.12195,639.0,107.0,0.5856432125088842,18.0,2.6315789473684292,1,5.526315789473677,2024-07-29,565.0,533.532958984375,0.141705,0.133409,0.136825,-0.008296,-0.00488,1,0.1640057142857142,0.13195,0.0320557142857142,0.0062728571428571,0.9000615006150069,0.4737268018990075,0.8326693227091634,0.1968179537398394,0.1357065126798033,0.0059984873201966,1.4503206209729018,1.17,0.9386506109131963,0.4479512240600576,-0.8004425226024264,-0.0178310315994131,-0.0029465383449768,-0.0355837802419766,1,16.600000381469727,17.15999984741211,2.429500381469724,7.75,4.675000000000001,real_post_mid,0.775,2.6,227.39999999999995,0.023936842105263152,fold_3,xgb,0.7407407164573669
PSA,2024-06-30,2024-07-30,1.0,287.65,260.15,5.81,17.0,2.61,2.96,2.43,9.0,2.61,2.64,2.64,2.66,0.0,0.0,0.0,1.0,1179830000.0,1202100000.0,1158190000.0,9.0,21948.0,22312.8,-435.2,1264.58,5.76,-74.38,7.33,-1.89,17.65,10.87,-7.25,-1.69,-6.38,300.0,300.0,300.0,2024-08-16,10.15,6.449999999999999,16.599999999999998,5.533333333333332,4.65,7.6,12.25,319.41,19.410000000000025,0.30755,0.30755,0.30755,0.239265,22.202893838400257,-0.048775,71.0,0.0,0.75,18.0,0.0,1,5.533333333333332,2024-07-29,565.0,533.532958984375,0.141705,0.133409,0.136825,-0.008296,-0.00488,1,0.1640057142857142,0.13195,0.0320557142857142,0.0062728571428571,0.9000615006150069,0.4737268018990075,0.8326693227091634,0.1968179537398394,0.1357065126798033,0.0059984873201966,1.4503206209729018,1.17,0.9386506109131963,0.4479512240600576,-0.8004425226024264,-0.0178310315994131,-0.0029465383449768,-0.0355837802419766,1,16.600000381469727,17.15999984741211,2.429500381469724,16.6,12.25,real_post_mid,1.6600000000000001,2.6,266.4000000000001,0.008880000000000002,fold_3,xgb,0.7407407164573669
IT,2024-06-30,2024-07-30,1.0,449.06,422.39,11.07,18.08,3.02,3.16,2.95,10.0,3.02,3.0,3.0,2.98,1.0,0.0,1.0,1.0,1584660000.0,1592060000.0,1569000000.0,8.0,45468.0,43077.6,864.0,523.56,4.55,-75.06,7.28,1.74,-3.62,-27.94,-32.86,-0.3,-10.37,470.0,500.0,470.0,2024-08-16,20.45,18.45,38.9,8.27659574468085,33.3,2.25,35.55,482.7,12.699999999999989,0.46365,0.46365,0.46365,0.22463,51.55181710341853,-0.1317049999999999,78.0,126.0,1.530674846625767,18.0,6.382978723404253,1,1.8936170212765973,2024-07-29,565.0,533.532958984375,0.141705,0.133409,0.136825,-0.008296,-0.00488,1,0.1640057142857142,0.13195,0.0320557142857142,0.0062728571428571,0.9000615006150069,0.4737268018990075,0.8326693227091634,0.1968179537398394,0.1357065126798033,0.0059984873201966,1.4503206209729018,1.17,0.9386506109131963,0.4479512240600576,-0.8004425226024264,-0.0178310315994131,-0.0029465383449768,-0.0355837802419766,1,16.600000381469727,17.15999984741211,2.429500381469724,38.9,35.55,real_post_mid,3.89,2.6,-56.59999999999987,-0.0012042553191489334,fold_3,xgb,0.7407407164573669
ALB,2024-06-30,2024-07-31,0.0,97.41,125.3,-3.84,-25.24,0.41,1.12,-0.08,19.0,0.42,0.61,0.61,0.52,0.0,0.0,0.0,2.0,1337950000.0,1493000000.0,1095000000.0,16.0,25968.8,25986.72,217.07,1669.07,-47.26,-85.85,16.23,-97.48,-85.95,-100.46,-116.29,-46.61,-55.89,93.0,93.0,93.0,2024-08-02,3.0,3.425,6.425,6.908602150537633,1.685,1.465,3.1500000000000004,86.99,6.010000000000005,0.9612,0.95144,0.95632,0.814855,14.792642630081987,-0.409745,456.0,173.0,1.326730518067044,3.0,0.0,1,6.908602150537633,2024-07-30,559.0,530.8297729492188,0.1570321428571428,0.143656,0.14658,-0.0133761428571428,-0.0104521428571428,1,0.19048,0.12219,0.06829,-0.0006971428571428,1.0,0.6391038288427154,0.9243027888446216,0.1961149333937061,0.136164116147735,0.0208680267094078,1.4402835265417926,1.14,0.6317672786273588,1.5936494861501016,0.0907194698993351,-0.0212720009732008,-0.0040791334950314,-0.0404700696706386,1,17.690000534057617,18.010000228881836,1.9867862483433305,6.425,3.1500000000000004,real_post_mid,0.6425000000000001,2.6,260.6499999999999,0.028026881720430098,fold_3,xgb,0.7407407164573669
CTVA,2024-06-30,2024-07-31,1.0,53.07,56.98,5.71,-1.54,1.72,1.86,1.58,16.0,1.72,1.77,1.82,1.82,0.0,0.0,0.0,1.0,6155740000.0,6227000000.0,6009400000.0,16.0,7663.2,7410.56,212.27,118.84,-8.03,-73.92,-3.24,-23.28,493.33,-24.13,-20.8,-0.03,-2.5,55.0,55.0,55.0,2024-08-16,2.2,1.425,3.625,6.59090909090909,0.375,2.15,2.525,53.8,1.2000000000000028,0.3856,0.36609,0.375845,0.22951,38.93493328366747,-0.102435,2783.0,52.0,1.151685393258427,17.0,0.0,1,6.59090909090909,2024-07-30,559.0,530.8297729492188,0.1570321428571428,0.143656,0.14658,-0.0133761428571428,-0.0104521428571428,1,0.19048,0.12219,0.06829,-0.0006971428571428,1.0,0.6391038288427154,0.9243027888446216,0.1961149333937061,0.136164116147735,0.0208680267094078,1.4402835265417926,1.14,0.6317672786273588,1.5936494861501016,0.0907194698993351,-0.0212720009732008,-0.0040791334950314,-0.0404700696706386,1,17.690000534057617,18.010000228881836,1.9867862483433305,3.625,2.525,real_post_mid,0.36250000000000004,2.6,71.15,0.012936363636363638,fold_3,xgb,0.7407407164573669
AWK,2024-06-30,2024-07-31,0.0,127.76,125.95,11.43,13.03,1.45,1.5,1.4,8.0,1.48,1.52,1.52,1.51,0.0,0.0,0.0,1.0,1114500000.0,1152000000.0,1033000000.0,4.0,2991.2,2829.92,-12.8,243.43,7.78,-76.12,11.26,2.2,1.09,4.39,10.51,0.75,0.8,145.0,145.0,145.0,2024-08-16,2.075,3.75,5.825,4.017241379310345,2.175,3.0999999999999996,5.2749999999999995,140.98,4.02000000000001,0.20024,0.25877,0.229505,0.224625,2.1263153308206775,-0.02439,328.0,58.0,0.0708041958041958,17.0,0.0,1,4.017241379310345,2024-07-30,559.0,530.8297729492188,0.1570321428571428,0.143656,0.14658,-0.0133761428571428,-0.0104521428571428,1,0.19048,0.12219,0.06829,-0.0006971428571428,1.0,0.6391038288427154,0.9243027888446216,0.1961149333937061,0.136164116147735,0.0208680267094078,1.4402835265417926,1.14,0.6317672786273588,1.5936494861501016,0.0907194698993351,-0.0212720009732008,-0.0040791334950314,-0.0404700696706386,1,17.690000534057617,18.010000228881836,1.9867862483433305,5.825,5.2749999999999995,real_post_mid,0.5825,2.6,-5.84999999999993,-0.00040344827586206414,fold_3,xgb,0.7407407164573669
CDW,2024-06-30,2024-07-31,0.0,219.19,218.41,-0.49,-0.14,2.53,2.62,2.32,11.0,2.53,2.53,2.53,2.53,0.0,0.0,0.0,1.0,5425110000.0,5508170000.0,5213000000.0,9.0,11036.0,11522.4,-266.67,405.01,-4.51,-77.2,-9.0,-5.42,-25.29,-6.95,-7.68,0.47,-0.23,230.0,210.0,230.0,2024-08-16,9.95,6.3,16.25,7.065217391304348,0.45,17.15,17.599999999999998,222.76,7.240000000000009,0.41487,0.3856,0.400235,0.253895,36.56351893262709,-0.107315,186.0,8.0,1.5543175487465182,17.0,8.695652173913048,0,-1.630434782608701,2024-07-30,559.0,530.8297729492188,0.1570321428571428,0.143656,0.14658,-0.0133761428571428,-0.0104521428571428,1,0.19048,0.12219,0.06829,-0.0006971428571428,1.0,0.6391038288427154,0.9243027888446216,0.1961149333937061,0.136164116147735,0.0208680267094078,1.4402835265417926,1.14,0.6317672786273588,1.5936494861501016,0.0907194698993351,-0.0212720009732008,-0.0040791334950314,-0.0404700696706386,1,17.690000534057617,18.010000228881836,1.9867862483433305,16.25,17.599999999999998,real_post_mid,1.625,2.6,-300.0999999999998,-0.013047826086956513,fold_3,xgb,0.7407407164573669
HST,2024-06-30,2024-07-31,0.0,17.63,18.45,-0.68,-5.09,0.34,0.52,0.28,8.0,0.34,0.34,0.34,0.33,0.0,0.0,1.0,0.0,1467380000.0,1524000000.0,1419000000.0,15.0,10251.87,9990.11,66.13,114.97,6.52,-72.3,5.99,-5.0,100.0,-1.39,17.34,-0.8,1.82,18.0,17.0,18.0,2024-08-16,0.4,0.575,0.975,5.416666666666667,0.075,1.075,1.15,16.45,1.5500000000000007,0.30755,0.31731,0.31243,0.283165,9.36689818519348,-0.0438999999999999,951.0,115.0,0.5376884422110553,17.0,5.555555555555558,0,-0.138888888888891,2024-07-30,559.0,530.8297729492188,0.1570321428571428,0.143656,0.14658,-0.0133761428571428,-0.0104521428571428,1,0.19048,0.12219,0.06829,-0.0006971428571428,1.0,0.6391038288427154,0.9243027888446216,0.1961149333937061,0.136164116147735,0.0208680267094078,1.4402835265417926,1.14,0.6317672786273588,1.5936494861501016,0.0907194698993351,-0.0212720009732008,-0.0040791334950314,-0.0404700696706386,1,17.690000534057617,18.010000228881836,1.9867862483433305,0.975,1.15,real_post_mid,0.0975,2.6,-29.849999999999998,-0.016583333333333332,fold_3,xgb,0.7407407164573669
AVB,2024-06-30,2024-07-31,1.0,204.32,192.45,0.29,6.48,1.26,1.62,1.16,10.0,1.26,1.26,1.22,1.21,0.0,0.0,0.0,0.0,718000000.0,725000000.0,709780000.0,13.0,37320.8,36434.4,992.0,735.65,5.65,-74.25,6.36,16.19,-28.24,6.96,6.81,-0.4,0.34,210.0,210.0,210.0,2024-08-16,2.75,6.199999999999999,8.95,4.261904761904762,5.7,2.5,8.2,215.21,5.210000000000008,0.23926,0.23926,0.23926,0.229505,4.077154559892997,-0.03414,99.0,12.0,0.2222222222222222,17.0,0.0,1,4.261904761904762,2024-07-30,559.0,530.8297729492188,0.1570321428571428,0.143656,0.14658,-0.0133761428571428,-0.0104521428571428,1,0.19048,0.12219,0.06829,-0.0006971428571428,1.0,0.6391038288427154,0.9243027888446216,0.1961149333937061,0.136164116147735,0.0208680267094078,1.4402835265417926,1.14,0.6317672786273588,1.5936494861501016,0.0907194698993351,-0.0212720009732008,-0.0040791334950314,-0.0404700696706386,1,17.690000534057617,18.010000228881836,1.9867862483433305,8.95,8.2,real_post_mid,0.895,2.6,-17.1,-0.0008142857142857143,fold_3,xgb,0.7407407164573669
GRMN,2024-06-30,2024-07-31,1.0,161.1,165.33,6.3,3.58,1.41,1.53,1.27,5.0,1.4,1.4,1.4,1.4,1.0,0.0,1.0,0.0,1423560000.0,1464000000.0,1402100000.0,4.0,22501.6,19513.12,1347.2,660.71,20.41,-73.57,9.77,39.22,-17.44,42.78,51.49,1.17,4.43,180.0,170.0,180.0,2024-08-16,6.15,6.3,12.45,6.916666666666667,0.825,10.3,11.125,172.06,7.939999999999998,0.40511,0.40511,0.40511,0.23926,40.93949791414678,-0.117065,339.0,362.0,1.6267605633802815,17.0,5.555555555555558,1,1.361111111111109,2024-07-30,559.0,530.8297729492188,0.1570321428571428,0.143656,0.14658,-0.0133761428571428,-0.0104521428571428,1,0.19048,0.12219,0.06829,-0.0006971428571428,1.0,0.6391038288427154,0.9243027888446216,0.1961149333937061,0.136164116147735,0.0208680267094078,1.4402835265417926,1.14,0.6317672786273588,1.5936494861501016,0.0907194698993351,-0.0212720009732008,-0.0040791334950314,-0.0404700696706386,1,17.690000534057617,18.010000228881836,1.9867862483433305,12.45,11.125,real_post_mid,1.245,2.6,5.399999999999919,0.0002999999999999955,fold_3,xgb,0.7407407164573669
COR,2024-06-30,2024-07-31,1.0,223.53,224.74,6.42,5.85,3.22,3.32,3.11,14.0,3.22,3.21,3.21,3.24,2.0,0.0,3.0,1.0,73476900000.0,74557000000.0,72180100000.0,11.0,3112.8,2191.2,998.4,614.4,,,,,,,,,,230.0,240.0,230.0,2024-08-16,6.4,5.15,11.55,5.021739130434783,15.05,0.35,15.4,238.11,8.110000000000014,0.27829,0.2978,0.288045,0.190485,33.86970785814716,-0.0585399999999999,1230.0,701.0,0.6223234624145786,17.0,4.347826086956519,1,0.6739130434782643,2024-07-30,559.0,530.8297729492188,0.1570321428571428,0.143656,0.14658,-0.0133761428571428,-0.0104521428571428,1,0.19048,0.12219,0.06829,-0.0006971428571428,1.0,0.6391038288427154,0.9243027888446216,0.1961149333937061,0.136164116147735,0.0208680267094078,1.4402835265417926,1.14,0.6317672786273588,1.5936494861501016,0.0907194698993351,-0.0212720009732008,-0.0040791334950314,-0.0404700696706386,1,17.690000534057617,18.010000228881836,1.9867862483433305,11.55,15.4,real_post_mid,1.155,2.6,-503.1,-0.02187391304347826,fold_3,xgb,0.7407407164573669
HUM,2024-06-30,2024-07-31,1.0,373.49,320.98,-3.18,12.66,5.85,6.74,4.96,21.0,5.85,5.85,5.88,5.87,0.0,0.0,0.0,0.0,28514700000.0,28837000000.0,28169000000.0,16.0,27087.2,26002.56,736.53,2510.51,10.73,-72.16,13.9,-22.92,6672.73,-27.25,-37.17,0.0,-2.62,405.0,360.0,405.0,2024-08-02,12.7,13.35,26.049999999999997,6.432098765432098,0.02,45.05,45.07,363.62,41.379999999999995,0.87339,0.90266,0.8880250000000001,0.3856,56.57779904845022,-0.5463250000000001,62.0,298.0,0.5151843817787418,3.0,11.111111111111116,0,-4.679012345679018,2024-07-30,559.0,530.8297729492188,0.1570321428571428,0.143656,0.14658,-0.0133761428571428,-0.0104521428571428,1,0.19048,0.12219,0.06829,-0.0006971428571428,1.0,0.6391038288427154,0.9243027888446216,0.1961149333937061,0.136164116147735,0.0208680267094078,1.4402835265417926,1.14,0.6317672786273588,1.5936494861501016,0.0907194698993351,-0.0212720009732008,-0.0040791334950314,-0.0404700696706386,1,17.690000534057617,18.010000228881836,1.9867862483433305,26.049999999999997,45.07,real_post_mid,2.605,2.6,-2165.1000000000004,-0.05345925925925927,fold_3,xgb,0.7407407164573669
IEX,2024-06-30,2024-07-31,1.0,195.89,220.63,6.43,-5.51,2.04,2.08,2.02,11.0,2.04,2.05,2.05,2.05,1.0,0.0,1.0,0.0,827780000.0,836500000.0,819200000.0,11.0,7880.8,7128.8,202.67,258.49,-5.31,-75.55,1.18,-10.05,2.73,-10.73,-15.15,-0.59,-2.37,210.0,195.0,210.0,2024-08-16,4.300000000000001,4.85,9.15,4.357142857142858,2.0,13.65,15.65,196.58,13.419999999999987,0.27829,0.22951,0.2539,0.258775,-1.9200472627018363,-0.039025,8.0,4.0,0.4,17.0,7.14285714285714,0,-2.785714285714282,2024-07-30,559.0,530.8297729492188,0.1570321428571428,0.143656,0.14658,-0.0133761428571428,-0.0104521428571428,1,0.19048,0.12219,0.06829,-0.0006971428571428,1.0,0.6391038288427154,0.9243027888446216,0.1961149333937061,0.136164116147735,0.0208680267094078,1.4402835265417926,1.14,0.6317672786273588,1.5936494861501016,0.0907194698993351,-0.0212720009732008,-0.0040791334950314,-0.0404700696706386,1,17.690000534057617,18.010000228881836,1.9867862483433305,9.15,15.65,real_post_mid,0.915,2.6,-744.1,-0.03543333333333334,fold_3,xgb,0.7407407164573669
WEC,2024-06-30,2024-07-31,1.0,77.69,83.08,10.77,3.59,0.63,0.65,0.62,13.0,0.64,0.73,0.73,0.81,0.0,0.0,0.0,3.0,1866320000.0,1989200000.0,1789560000.0,6.0,7149.6,6813.92,114.13,122.97,-7.2,-69.86,-7.56,22.36,79.09,16.64,21.53,9.44,7.18,85.0,87.5,85.0,2024-08-16,1.875,1.525,3.4,4.0,4.05,0.4,4.45,89.53,4.530000000000001,0.20024,0.25877,0.229505,0.195365,14.875492908651228,-0.048775,126.0,17.0,0.1625,17.0,2.941176470588225,1,1.0588235294117752,2024-07-30,559.0,530.8297729492188,0.1570321428571428,0.143656,0.14658,-0.0133761428571428,-0.0104521428571428,1,0.19048,0.12219,0.06829,-0.0006971428571428,1.0,0.6391038288427154,0.9243027888446216,0.1961149333937061,0.136164116147735,0.0208680267094078,1.4402835265417926,1.14,0.6317672786273588,1.5936494861501016,0.0907194698993351,-0.0212720009732008,-0.0040791334950314,-0.0404700696706386,1,17.690000534057617,18.010000228881836,1.9867862483433305,3.4,4.45,real_post_mid,0.34,2.6,-141.60000000000002,-0.016658823529411768,fold_3,xgb,0.7407407164573669
WAT,2024-06-30,2024-07-31,1.0,282.7,315.58,18.95,6.56,2.56,2.6,2.5,17.0,2.56,2.56,2.56,2.77,0.0,0.0,1.0,0.0,700080000.0,706790000.0,693500000.0,16.0,14832.8,14125.6,226.67,235.85,-6.99,-78.46,-0.67,-11.24,-38.95,-10.38,-23.15,0.43,-4.42,330.0,350.0,330.0,2024-08-16,12.6,13.9,26.5,8.030303030303031,26.7,4.0,30.7,339.98,9.980000000000018,0.4734,0.46365,0.4685249999999999,0.33682,28.110559735339624,-0.1121949999999999,19.0,87.0,2.306122448979592,17.0,6.060606060606055,1,1.969696969696976,2024-07-30,559.0,530.8297729492188,0.1570321428571428,0.143656,0.14658,-0.0133761428571428,-0.0104521428571428,1,0.19048,0.12219,0.06829,-0.0006971428571428,1.0,0.6391038288427154,0.9243027888446216,0.1961149333937061,0.136164116147735,0.0208680267094078,1.4402835265417926,1.14,0.6317672786273588,1.5936494861501016,0.0907194698993351,-0.0212720009732008,-0.0040791334950314,-0.0404700696706386,1,17.690000534057617,18.010000228881836,1.9867862483433305,26.5,30.7,real_post_mid,2.6500000000000004,2.6,-687.6,-0.020836363636363636,fold_3,xgb,0.7407407164573669
VRSK,2024-06-30,2024-07-31,1.0,268.11,233.76,-2.37,11.97,1.64,1.66,1.62,14.0,1.64,1.64,1.64,1.65,0.0,0.0,0.0,0.0,722400000.0,729130000.0,717000000.0,12.0,4178.4,3912.16,177.07,175.96,8.04,-73.75,8.38,26.36,16.43,6.95,4.52,0.82,-1.48,290.0,260.0,290.0,2024-08-16,5.15,9.2,14.35,4.948275862068965,0.475,28.75,29.225,266.63,23.370000000000005,0.26853,0.2978,0.283165,0.20024,29.285045821340915,-0.058535,138.0,16.0,0.3703703703703703,17.0,10.344827586206897,0,-5.39655172413793,2024-07-30,559.0,530.8297729492188,0.1570321428571428,0.143656,0.14658,-0.0133761428571428,-0.0104521428571428,1,0.19048,0.12219,0.06829,-0.0006971428571428,1.0,0.6391038288427154,0.9243027888446216,0.1961149333937061,0.136164116147735,0.0208680267094078,1.4402835265417926,1.14,0.6317672786273588,1.5936494861501016,0.0907194698993351,-0.0212720009732008,-0.0040791334950314,-0.0404700696706386,1,17.690000534057617,18.010000228881836,1.9867862483433305,14.35,29.225,real_post_mid,1.435,2.6,-1633.6000000000001,-0.05633103448275863,fold_3,xgb,0.7407407164573669
TT,2024-06-30,2024-07-31,1.0,321.36,316.79,4.02,5.52,3.08,3.14,3.04,18.0,3.08,3.07,3.07,3.04,0.0,0.0,6.0,0.0,5131840000.0,5193610000.0,5050000000.0,18.0,7951.2,7012.64,501.33,271.26,15.0,-76.15,11.56,37.59,-10.6,32.83,38.75,3.44,2.57,330.0,330.0,330.0,2024-08-16,12.2,12.3,24.5,7.424242424242425,10.35,6.0,16.35,341.3,11.300000000000011,0.43438,0.42462,0.4295,0.302675,29.52852153667054,-0.0975549999999999,231.0,694.0,0.31525076765609,17.0,0.0,1,7.424242424242425,2024-07-30,559.0,530.8297729492188,0.1570321428571428,0.143656,0.14658,-0.0133761428571428,-0.0104521428571428,1,0.19048,0.12219,0.06829,-0.0006971428571428,1.0,0.6391038288427154,0.9243027888446216,0.1961149333937061,0.136164116147735,0.0208680267094078,1.4402835265417926,1.14,0.6317672786273588,1.5936494861501016,0.0907194698993351,-0.0212720009732008,-0.0040791334950314,-0.0404700696706386,1,17.690000534057617,18.010000228881836,1.9867862483433305,24.5,16.35,real_post_mid,2.45,2.6,567.3999999999999,0.01719393939393939,fold_3,xgb,0.7407407164573669
MAA,2024-06-30,2024-07-31,1.0,141.18,131.68,-1.0,6.14,1.01,1.05,0.95,9.0,1.01,1.0,1.0,1.03,0.0,0.0,0.0,0.0,545410000.0,548800000.0,539230000.0,14.0,16130.4,16015.2,102.4,125.54,2.76,-74.7,5.74,-8.85,-9.65,5.18,-4.67,-2.25,-2.38,140.0,145.0,140.0,2024-08-16,3.65,2.625,6.275,4.482142857142858,7.55,0.8,8.35,152.84,12.840000000000003,0.22951,0.27829,0.2539,0.141705,44.188656951555735,-0.039025,45.0,3.0,2.2857142857142856,17.0,3.571428571428581,1,0.9107142857142768,2024-07-30,559.0,530.8297729492188,0.1570321428571428,0.143656,0.14658,-0.0133761428571428,-0.0104521428571428,1,0.19048,0.12219,0.06829,-0.0006971428571428,1.0,0.6391038288427154,0.9243027888446216,0.1961149333937061,0.136164116147735,0.0208680267094078,1.4402835265417926,1.14,0.6317672786273588,1.5936494861501016,0.0907194698993351,-0.0212720009732008,-0.0040791334950314,-0.0404700696706386,1,17.690000534057617,18.010000228881836,1.9867862483433305,6.275,8.35,real_post_mid,0.6275000000000001,2.6,-272.84999999999997,-0.019489285714285712,fold_3,xgb,0.7407407164573669
BG,2024-06-30,2024-07-31,0.0,107.32,101.36,-1.95,3.82,1.79,1.93,1.63,8.0,1.74,1.69,1.73,1.73,1.0,0.0,3.0,0.0,14273300000.0,16320800000.0,12507700000.0,5.0,42748.0,38658.4,1416.53,1098.31,-12.47,-77.47,-12.81,-6.75,-17.84,-44.22,-47.22,-1.17,-2.14,115.0,105.0,115.0,2024-08-16,3.075,3.25,6.325,5.5,0.15,12.25,12.4,96.51,18.489999999999995,0.31731,0.31731,0.31731,0.25877,18.44883552362043,-0.0682899999999999,3666.0,244.0,0.4950773558368495,17.0,8.695652173913048,0,-3.1956521739130483,2024-07-30,559.0,530.8297729492188,0.1570321428571428,0.143656,0.14658,-0.0133761428571428,-0.0104521428571428,1,0.19048,0.12219,0.06829,-0.0006971428571428,1.0,0.6391038288427154,0.9243027888446216,0.1961149333937061,0.136164116147735,0.0208680267094078,1.4402835265417926,1.14,0.6317672786273588,1.5936494861501016,0.0907194698993351,-0.0212720009732008,-0.0040791334950314,-0.0404700696706386,1,17.690000534057617,18.010000228881836,1.9867862483433305,6.325,12.4,real_post_mid,0.6325000000000001,2.6,-673.35,-0.05855217391304348,fold_3,xgb,0.7407407164573669
COIN,2024-06-30,2024-08-01,0.0,227.51,223.25,-6.54,-4.75,0.93,1.83,0.3,15.0,0.94,1.07,1.02,0.87,0.0,0.0,2.0,1.0,1395950000.0,1733200000.0,1228000000.0,17.0,-6728.8,-13525.6,2526.4,3571.45,111.98,-47.32,59.58,732.35,,1368.77,217797.13,-11.37,46.39,225.0,205.0,225.0,2024-08-02,8.85,9.55,18.4,8.177777777777777,0.01,20.675,20.685,204.44,20.56,1.3807,1.40021,1.390455,0.795345,42.79965910439389,-0.668275,2224.0,1198.0,0.3673845537413603,2.0,8.888888888888891,0,-0.7111111111111139,2024-07-31,572.0,539.4581909179688,0.13195,0.12707,0.1319449999999999,-0.0048799999999999,-5.000000000032756e-06,1,0.16122,0.13195,0.0292699999999999,0.014635,0.5765450708471511,0.3684721622788089,0.7649402390438247,0.1538870269139442,0.147354712344309,-0.015404712344309,1.044330544070907,1.33,2.394631506869598,1.9077244069615125,0.2931176391296535,0.0177004335986754,0.010030386105813,-0.0248733083088764,1,16.360000610351562,16.969999313354492,3.165000610351562,18.4,20.685,real_post_mid,1.8399999999999999,2.6,-415.1,-0.01844888888888889,fold_3,xgb,0.7407407164573669
AES,2024-06-30,2024-08-01,1.0,17.53,18.67,2.17,-4.07,0.37,0.44,0.34,9.0,0.37,0.35,0.42,0.36,0.0,0.0,2.0,0.0,3185800000.0,3344000000.0,3094880000.0,3.0,3522.4,2758.24,281.6,214.45,-4.75,-75.66,-1.47,127.27,-31.51,8.61,0.93,1.73,1.0,18.0,17.0,18.0,2024-08-16,0.55,0.8500000000000001,1.4,7.777777777777778,0.2249999999999999,1.25,1.475,17.26,0.7399999999999984,0.42462,0.51243,0.468525,0.449015,4.1641321167493786,-0.068295,6058.0,109.0,0.7120646766169154,16.0,5.555555555555558,1,2.2222222222222197,2024-07-31,572.0,539.4581909179688,0.13195,0.12707,0.1319449999999999,-0.0048799999999999,-5.000000000032756e-06,1,0.16122,0.13195,0.0292699999999999,0.014635,0.5765450708471511,0.3684721622788089,0.7649402390438247,0.1538870269139442,0.147354712344309,-0.015404712344309,1.044330544070907,1.33,2.394631506869598,1.9077244069615125,0.2931176391296535,0.0177004335986754,0.010030386105813,-0.0248733083088764,1,16.360000610351562,16.969999313354492,3.165000610351562,1.4000000000000001,1.475,real_post_mid,0.14,2.6,-24.099999999999998,-0.013388888888888888,fold_3,xgb,0.7407407164573669
EXC,2024-06-30,2024-08-01,1.0,34.53,37.41,10.8,2.27,0.4,0.48,0.37,15.0,0.4,0.42,0.42,0.46,0.0,0.0,2.0,0.0,4897400000.0,5157550000.0,4444420000.0,5.0,3245.6,3277.92,60.27,98.48,8.63,-72.19,14.36,-2.86,13.33,-0.29,0.72,-2.63,-1.45,37.0,39.0,37.0,2024-08-16,0.675,0.675,1.35,3.6486486486486487,2.05,0.15,2.1999999999999997,37.61,0.6099999999999994,0.17097,0.25877,0.21487,0.209995,2.268813701307776,-0.0292649999999999,4331.0,207.0,1.046692607003891,16.0,5.405405405405395,0,-1.756756756756746,2024-07-31,572.0,539.4581909179688,0.13195,0.12707,0.1319449999999999,-0.0048799999999999,-5.000000000032756e-06,1,0.16122,0.13195,0.0292699999999999,0.014635,0.5765450708471511,0.3684721622788089,0.7649402390438247,0.1538870269139442,0.147354712344309,-0.015404712344309,1.044330544070907,1.33,2.394631506869598,1.9077244069615125,0.2931176391296535,0.0177004335986754,0.010030386105813,-0.0248733083088764,1,16.360000610351562,16.969999313354492,3.165000610351562,1.35,2.1999999999999997,real_post_mid,0.135,2.6,-101.09999999999997,-0.027324324324324314,fold_3,xgb,0.7407407164573669
GDDY,2024-06-30,2024-08-01,0.0,142.94,123.64,-1.07,14.37,1.07,1.22,0.84,12.0,1.07,1.07,1.07,1.09,0.0,0.0,0.0,0.0,1114000000.0,1120300000.0,1108000000.0,15.0,17008.8,-3660.0,9120.0,8850.6,7.0,-73.94,4.24,820.0,-64.84,56.24,148.45,-0.12,9.04,146.0,149.0,146.0,2024-08-02,5.25,5.7,10.95,7.5,4.65,0.05,4.7,151.25,5.25,1.28314,1.26363,1.273385,0.36121,71.63387349466186,-0.917055,69.0,0.0,5.04179104477612,2.0,2.0547945205479534,1,5.445205479452047,2024-07-31,572.0,539.4581909179688,0.13195,0.12707,0.1319449999999999,-0.0048799999999999,-5.000000000032756e-06,1,0.16122,0.13195,0.0292699999999999,0.014635,0.5765450708471511,0.3684721622788089,0.7649402390438247,0.1538870269139442,0.147354712344309,-0.015404712344309,1.044330544070907,1.33,2.394631506869598,1.9077244069615125,0.2931176391296535,0.0177004335986754,0.010030386105813,-0.0248733083088764,1,16.360000610351562,16.969999313354492,3.165000610351562,10.95,4.7,real_post_mid,1.095,2.6,512.8999999999999,0.03513013698630136,fold_3,xgb,0.7407407164573669
DASH,2024-06-30,2024-08-01,0.0,107.45,113.81,0.7,-4.93,-0.09,0.06,-0.24,26.0,-0.09,-0.08,-0.08,-0.07,0.0,0.0,0.0,1.0,2540620000.0,2593400000.0,2434680000.0,32.0,-3005.6,-2792.8,-253.87,356.43,23.49,-70.9,29.5,85.37,84.62,276.09,64.33,-0.39,5.97,111.0,117.0,111.0,2024-08-02,6.075,6.300000000000001,12.375,11.14864864864865,6.375,0.4,6.775,117.23,6.230000000000004,1.89776,1.888,1.89288,0.497795,73.70171379062592,-1.326795,107.0,4.0,0.5355862068965517,2.0,5.405405405405395,1,5.7432432432432545,2024-07-31,572.0,539.4581909179688,0.13195,0.12707,0.1319449999999999,-0.0048799999999999,-5.000000000032756e-06,1,0.16122,0.13195,0.0292699999999999,0.014635,0.5765450708471511,0.3684721622788089,0.7649402390438247,0.1538870269139442,0.147354712344309,-0.015404712344309,1.044330544070907,1.33,2.394631506869598,1.9077244069615125,0.2931176391296535,0.0177004335986754,0.010030386105813,-0.0248733083088764,1,16.360000610351562,16.969999313354492,3.165000610351562,12.375,6.775,real_post_mid,1.2375,2.6,433.65,0.03906756756756757,fold_3,xgb,0.7407407164573669
MRNA,2024-06-30,2024-08-01,1.0,117.07,125.0,-19.56,-24.66,-3.39,-2.93,-4.2,16.0,-3.13,-3.39,-3.36,-3.23,0.0,0.0,0.0,1.0,132180000.0,210000000.0,78000000.0,15.0,-1168.8,5106.56,1651.73,11498.49,-90.91,-97.56,-67.75,-1715.79,-658.18,-415.14,-245.9,-14.4,-738.17,119.0,86.0,119.0,2024-08-02,5.0,4.75,9.75,8.193277310924369,0.01,32.175,32.184999999999995,86.58,32.42,1.39045,1.39045,1.39045,0.73681,47.00924161242763,-0.7950999999999999,130.0,160.0,0.9086962919364332,2.0,27.73109243697479,0,-19.537815126050425,2024-07-31,572.0,539.4581909179688,0.13195,0.12707,0.1319449999999999,-0.0048799999999999,-5.000000000032756e-06,1,0.16122,0.13195,0.0292699999999999,0.014635,0.5765450708471511,0.3684721622788089,0.7649402390438247,0.1538870269139442,0.147354712344309,-0.015404712344309,1.044330544070907,1.33,2.394631506869598,1.9077244069615125,0.2931176391296535,0.0177004335986754,0.010030386105813,-0.0248733083088764,1,16.360000610351562,16.969999313354492,3.165000610351562,9.75,32.184999999999995,real_post_mid,0.9750000000000001,2.6,-2343.5999999999995,-0.1969411764705882,fold_3,xgb,0.7407407164573669
ICE,2024-06-30,2024-08-01,1.0,140.82,130.5,7.23,15.71,1.49,1.52,1.46,13.0,1.49,1.47,1.47,1.46,1.0,0.0,9.0,0.0,2311920000.0,2319900000.0,2302200000.0,9.0,4218.4,4052.64,68.27,79.47,13.31,-71.72,3.32,4.96,11.28,23.42,9.7,2.44,-1.25,150.0,150.0,150.0,2024-08-16,4.0,1.95,5.95,3.966666666666667,2.55,3.2,5.75,156.54,6.539999999999992,0.22951,0.21975,0.22463,0.244145,-8.687619641187732,-0.0487799999999999,990.0,244.0,0.5950840879689522,16.0,0.0,1,3.966666666666667,2024-07-31,572.0,539.4581909179688,0.13195,0.12707,0.1319449999999999,-0.0048799999999999,-5.000000000032756e-06,1,0.16122,0.13195,0.0292699999999999,0.014635,0.5765450708471511,0.3684721622788089,0.7649402390438247,0.1538870269139442,0.147354712344309,-0.015404712344309,1.044330544070907,1.33,2.394631506869598,1.9077244069615125,0.2931176391296535,0.0177004335986754,0.010030386105813,-0.0248733083088764,1,16.360000610351562,16.969999313354492,3.165000610351562,5.95,5.75,real_post_mid,0.5950000000000001,2.6,-42.099999999999994,-0.002806666666666666,fold_3,xgb,0.7407407164573669
HII,2024-06-30,2024-08-01,1.0,247.48,246.23,7.89,8.44,3.61,3.87,3.47,12.0,3.61,3.61,3.61,3.79,0.0,0.0,1.0,0.0,2844850000.0,2903090000.0,2806500000.0,11.0,29741.6,22522.4,3978.67,3042.9,4.9,-75.51,6.57,19.81,-43.91,4.01,10.0,0.28,0.24,280.0,260.0,280.0,2024-08-16,8.4,7.7,16.1,5.75,0.85,17.15,18.0,270.57,9.430000000000009,0.34658,0.34658,0.34658,0.253895,26.74274337815223,-0.09756,36.0,6.0,0.208955223880597,16.0,7.14285714285714,0,-1.3928571428571397,2024-07-31,572.0,539.4581909179688,0.13195,0.12707,0.1319449999999999,-0.0048799999999999,-5.000000000032756e-06,1,0.16122,0.13195,0.0292699999999999,0.014635,0.5765450708471511,0.3684721622788089,0.7649402390438247,0.1538870269139442,0.147354712344309,-0.015404712344309,1.044330544070907,1.33,2.394631506869598,1.9077244069615125,0.2931176391296535,0.0177004335986754,0.010030386105813,-0.0248733083088764,1,16.360000610351562,16.969999313354492,3.165000610351562,16.1,18.0,real_post_mid,1.6100000000000003,2.6,-353.5999999999999,-0.012628571428571425,fold_3,xgb,0.7407407164573669
MSI,2024-06-30,2024-08-01,1.0,386.76,353.7,3.06,12.69,3.01,3.06,2.98,10.0,3.0,3.0,3.0,2.91,1.0,0.0,1.0,0.0,2585980000.0,2595000000.0,2578000000.0,9.0,15855.2,14198.24,832.0,111.63,10.04,-76.06,9.69,26.58,-27.95,-89.6,30.08,1.72,3.34,400.0,410.0,400.0,2024-08-16,9.8,9.8,19.6,4.9,13.75,2.95,16.7,421.37,21.370000000000005,0.2978,0.28804,0.29292,0.20512,29.974054349310396,-0.06829,319.0,14.0,1.3728813559322033,16.0,2.499999999999991,1,2.4000000000000092,2024-07-31,572.0,539.4581909179688,0.13195,0.12707,0.1319449999999999,-0.0048799999999999,-5.000000000032756e-06,1,0.16122,0.13195,0.0292699999999999,0.014635,0.5765450708471511,0.3684721622788089,0.7649402390438247,0.1538870269139442,0.147354712344309,-0.015404712344309,1.044330544070907,1.33,2.394631506869598,1.9077244069615125,0.2931176391296535,0.0177004335986754,0.010030386105813,-0.0248733083088764,1,16.360000610351562,16.969999313354492,3.165000610351562,19.6,16.7,real_post_mid,1.9600000000000002,2.6,91.4000000000002,0.002285000000000005,fold_3,xgb,0.7407407164573669
PPL,2024-06-30,2024-08-02,1.0,27.53,28.09,11.3,9.08,0.33,0.41,0.3,11.0,0.33,0.33,0.33,0.33,0.0,0.0,2.0,0.0,1641530000.0,1918030000.0,1365030000.0,2.0,122.4,-37.6,117.33,61.45,-4.6,-72.28,2.37,12.5,35.0,5.71,9.44,3.05,3.03,30.0,30.0,30.0,2024-08-16,0.625,0.275,0.9,3.0000000000000004,0.4499999999999999,0.8250000000000001,1.275,31.17,1.1700000000000017,0.17097,0.18073,0.17585,0.30755,-74.89337503554164,0.0048799999999999,21803.0,133.0,0.2118933697881066,15.0,0.0,1,3.0000000000000004,2024-08-01,561.0,531.8189086914062,0.1598214285714286,0.14658,0.15146,-0.0132414285714285,-0.0083614285714285,1,0.19048,0.1403071428571428,0.0501728571428571,0.0055721428571428,1.0,0.6691997040508048,0.9243027888446216,0.1942777160600553,0.1539378438603243,0.0058835847111042,1.2620529896230934,1.06,-0.3577078700362205,2.2635956989151578,0.5283298780930681,0.0085436578101438,-0.0109289853195394,-0.0386821041152886,1,18.59000015258789,19.13999938964844,2.607857295445031,0.9,1.275,real_post_mid,0.09000000000000001,2.6,-49.099999999999994,-0.016366666666666665,fold_3,xgb,0.7407407164573669
WMB,2024-06-30,2024-08-05,1.0,42.48,39.11,-2.92,5.45,0.38,0.41,0.34,12.0,0.38,0.38,0.38,0.4,1.0,0.0,2.0,0.0,2428410000.0,2685000000.0,2003700000.0,5.0,2431.2,1986.72,188.8,107.77,-10.06,-74.59,-4.28,-22.37,22.92,-14.16,-25.59,-2.82,-7.62,42.0,43.0,42.0,2024-08-09,0.95,0.675,1.625,3.869047619047619,1.3,0.15,1.4500000000000002,43.26,1.259999999999998,0.35633,0.34658,0.3514549999999999,0.31243,11.103839751888572,-0.0341499999999999,30.0,101.0,2.474714518760196,7.0,2.3809523809523725,1,1.4880952380952466,2024-08-02,550.0,521.9172973632812,0.17585,0.1663661111111111,0.170975,-0.0094838888888889,-0.004875,1,0.22951,0.16122,0.0682899999999999,0.019515,1.0,0.8421450151057401,0.9760956175298804,0.2175082672720075,0.1651263721957701,0.0107236278042298,1.3172230721216025,1.41,2.66596756322438,7.128976528608274,2.9902928786559713,-0.0211962337698163,-0.0336562204130359,-0.0565802946689919,1,23.38999938964844,23.34000015258789,5.804999389648437,1.625,1.4500000000000002,real_post_mid,0.1625,2.6,-1.3500000000000183,-0.0003214285714285758,fold_3,xgb,0.7407407164573669
TSN,2024-06-30,2024-08-05,1.0,56.02,58.89,11.59,6.15,0.65,0.77,0.59,8.0,0.65,0.62,0.62,0.61,1.0,0.0,4.0,0.0,13236500000.0,13477000000.0,12891300000.0,8.0,25536.8,23989.28,729.6,222.88,-0.46,-1.85,-0.56,1650.0,16.98,140.22,736.73,2.61,2.76,61.0,62.5,60.0,2024-08-16,2.825,1.5,4.325,7.09016393442623,1.575,0.325,1.9,62.52,2.520000000000003,0.44414,0.44414,0.44414,0.20512,53.81636420948349,-0.1365849999999999,1404.0,405.0,0.8514435695538057,14.0,2.4590163934426146,1,4.631147540983616,2024-08-02,550.0,521.9172973632812,0.17585,0.1663661111111111,0.170975,-0.0094838888888889,-0.004875,1,0.22951,0.16122,0.0682899999999999,0.019515,1.0,0.8421450151057401,0.9760956175298804,0.2175082672720075,0.1651263721957701,0.0107236278042298,1.3172230721216025,1.41,2.66596756322438,7.128976528608274,2.9902928786559713,-0.0211962337698163,-0.0336562204130359,-0.0565802946689919,1,23.38999938964844,23.34000015258789,5.804999389648437,4.325,1.9,real_post_mid,0.43250000000000005,2.6,196.65000000000003,0.032237704918032795,fold_3,xgb,0.7407407164573669
SPG,2024-06-30,2024-08-05,0.0,146.09,147.95,1.34,0.07,1.51,1.6,1.34,5.0,1.51,1.51,1.48,1.5,0.0,0.0,2.0,0.0,1302350000.0,1319500000.0,1279000000.0,8.0,-967.2,3031.2,-1328.0,933.46,6.79,-74.51,6.97,-39.13,-45.81,40.53,10.93,0.04,1.9,150.0,155.0,150.0,2024-08-16,5.0,3.5,8.5,5.666666666666666,6.95,1.125,8.075,156.7,6.699999999999989,0.36609,0.35633,0.36121,0.283165,21.60654466930595,-0.06829,635.0,73.0,1.4991482112436116,14.0,3.3333333333333437,1,2.3333333333333224,2024-08-02,550.0,521.9172973632812,0.17585,0.1663661111111111,0.170975,-0.0094838888888889,-0.004875,1,0.22951,0.16122,0.0682899999999999,0.019515,1.0,0.8421450151057401,0.9760956175298804,0.2175082672720075,0.1651263721957701,0.0107236278042298,1.3172230721216025,1.41,2.66596756322438,7.128976528608274,2.9902928786559713,-0.0211962337698163,-0.0336562204130359,-0.0565802946689919,1,23.38999938964844,23.34000015258789,5.804999389648437,8.5,8.075,real_post_mid,0.8500000000000001,2.6,-45.09999999999994,-0.0030066666666666627,fold_3,xgb,0.7407407164573669
O,2024-06-30,2024-08-05,0.0,53.09,55.02,11.47,7.56,0.36,0.4,0.28,6.0,0.36,0.36,0.35,0.38,0.0,0.0,0.0,0.0,1247330000.0,1320000000.0,1161360000.0,11.0,-3098.4,-2265.12,-409.6,355.46,33.47,-69.1,24.63,-52.94,-46.67,13.21,41.06,0.26,2.34,60.0,60.0,60.0,2024-08-16,0.6499999999999999,1.225,1.875,3.125,1.125,0.6000000000000001,1.725,60.05,0.0499999999999971,0.19048,0.20024,0.19536,0.21,-7.493857493857487,-0.0048749999999999,2091.0,1284.0,0.3943414105861649,14.0,0.0,1,3.125,2024-08-02,550.0,521.9172973632812,0.17585,0.1663661111111111,0.170975,-0.0094838888888889,-0.004875,1,0.22951,0.16122,0.0682899999999999,0.019515,1.0,0.8421450151057401,0.9760956175298804,0.2175082672720075,0.1651263721957701,0.0107236278042298,1.3172230721216025,1.41,2.66596756322438,7.128976528608274,2.9902928786559713,-0.0211962337698163,-0.0336562204130359,-0.0565802946689919,1,23.38999938964844,23.34000015258789,5.804999389648437,1.875,1.725,real_post_mid,0.1875,2.6,-6.3500000000000085,-0.0010583333333333347,fold_3,xgb,0.7407407164573669
HSIC,2024-06-30,2024-08-06,1.0,64.96,72.76,-1.6,-12.15,1.22,1.26,1.19,12.0,1.22,1.23,1.27,1.26,0.0,0.0,3.0,1.0,3266500000.0,3309000000.0,3222800000.0,11.0,4558.24,4366.24,74.67,141.99,3.66,-74.29,-0.14,-9.09,66.67,-3.41,-14.29,-1.59,-0.99,70.0,65.0,70.0,2024-08-16,2.7,3.025,5.725,8.178571428571429,0.1,4.699999999999999,4.799999999999999,69.79,0.2099999999999937,0.59047,0.59047,0.59047,0.205115,65.26241807373788,-0.219505,142.0,20.0,11.238805970149254,11.0,7.14285714285714,1,1.0357142857142891,2024-08-05,535.0,506.7171936035156,0.2504092857142856,0.22951,0.230481,-0.0208992857142856,-0.0199282857142856,1,0.3619042857142857,0.2322957142857142,0.1296085714285714,0.0466907142857143,1.0,1.0,1.0,0.2731289992965821,0.1888350081986665,0.0615742775156191,1.4463896387752049,1.74,3.3025103685558603,13.46181835325362,3.517616352155413,-0.0502607475870009,-0.067178703768935,-0.0840560604320442,1,38.56999969482422,33.709999084472656,13.529071123395653,5.725,4.799999999999999,real_post_mid,0.5725,2.6,32.65000000000007,0.004664285714285724,fold_3,xgb,0.7407407164573669
AMGN,2024-06-30,2024-08-06,0.0,310.88,307.31,5.81,7.04,5.01,5.43,4.8,21.0,5.0,4.58,4.97,4.97,2.0,0.0,11.0,0.0,8333470000.0,8603000000.0,8205500000.0,21.0,17005.6,16047.2,112.0,635.01,21.98,-73.58,8.43,-0.5,-15.92,-55.89,-48.41,-14.8,-18.16,325.0,312.5,325.0,2024-08-09,9.7,9.05,18.75,5.769230769230769,0.6,12.7,13.3,322.49,2.509999999999991,0.69779,0.67828,0.688035,0.414865,39.70292208971926,-0.3316999999999999,40.0,33.0,1.3323281061519905,4.0,3.846153846153843,1,1.9230769230769256,2024-08-05,535.0,506.7171936035156,0.2504092857142856,0.22951,0.230481,-0.0208992857142856,-0.0199282857142856,1,0.3619042857142857,0.2322957142857142,0.1296085714285714,0.0466907142857143,1.0,1.0,1.0,0.2731289992965821,0.1888350081986665,0.0615742775156191,1.4463896387752049,1.74,3.3025103685558603,13.46181835325362,3.517616352155413,-0.0502607475870009,-0.067178703768935,-0.0840560604320442,1,38.56999969482422,33.709999084472656,13.529071123395653,18.75,13.3,real_post_mid,1.875,2.6,354.8999999999999,0.010919999999999997,fold_3,xgb,0.7857142686843872
AXON,2024-06-30,2024-08-06,1.0,298.38,311.86,-1.13,-5.41,1.02,1.17,0.93,14.0,1.02,1.02,1.02,1.02,0.0,0.0,0.0,0.0,477960000.0,495880000.0,467400000.0,12.0,19586.4,18044.0,704.0,117.58,34.06,-70.53,31.83,30.68,2.68,250.24,-0.92,-3.26,-1.26,290.0,350.0,290.0,2024-08-16,14.0,17.1,31.1,10.724137931034484,59.9,0.2249999999999999,60.125,373.69,83.69,0.78559,0.76608,0.775835,0.47828,38.35287142240297,-0.2731650000000001,79.0,56.0,1.6007944389275075,11.0,20.68965517241379,0,-9.965517241379306,2024-08-05,535.0,506.7171936035156,0.2504092857142856,0.22951,0.230481,-0.0208992857142856,-0.0199282857142856,1,0.3619042857142857,0.2322957142857142,0.1296085714285714,0.0466907142857143,1.0,1.0,1.0,0.2731289992965821,0.1888350081986665,0.0615742775156191,1.4463896387752049,1.74,3.3025103685558603,13.46181835325362,3.517616352155413,-0.0502607475870009,-0.067178703768935,-0.0840560604320442,1,38.56999969482422,33.709999084472656,13.529071123395653,31.1,60.125,real_post_mid,3.1100000000000003,2.6,-3216.1,-0.1109,fold_3,xgb,1.0
BAX,2024-06-30,2024-08-06,1.0,34.91,35.75,5.76,3.27,0.66,0.68,0.6,14.0,0.66,0.66,0.66,0.66,0.0,0.0,0.0,0.0,3754780000.0,3778000000.0,3736000000.0,12.0,8506.4,8346.4,85.33,45.25,-29.12,-75.97,-7.78,10.17,-26.14,-7.49,-10.85,2.3,0.95,35.0,36.5,35.0,2024-08-09,0.76,1.1,1.86,5.314285714285714,1.625,0.04,1.665,37.15,2.1499999999999986,0.06366,0.6295,0.34658,0.331945,4.222690287956607,-0.11707,128.0,190.0,1.65238558909445,4.0,4.285714285714293,1,1.0285714285714214,2024-08-05,535.0,506.7171936035156,0.2504092857142856,0.22951,0.230481,-0.0208992857142856,-0.0199282857142856,1,0.3619042857142857,0.2322957142857142,0.1296085714285714,0.0466907142857143,1.0,1.0,1.0,0.2731289992965821,0.1888350081986665,0.0615742775156191,1.4463896387752049,1.74,3.3025103685558603,13.46181835325362,3.517616352155413,-0.0502607475870009,-0.067178703768935,-0.0840560604320442,1,38.56999969482422,33.709999084472656,13.529071123395653,1.86,1.665,real_post_mid,0.18600000000000003,2.6,-1.6999999999999966,-0.00048571428571428474,fold_3,xgb,0.7407407164573669
BLDR,2024-06-30,2024-08-06,1.0,132.6,163.46,17.44,-4.73,3.02,3.3,2.58,15.0,3.03,3.04,3.04,3.61,0.0,0.0,1.0,1.0,4483130000.0,4574500000.0,4393000000.0,15.0,60199.2,56414.4,1829.87,870.65,0.21,-77.24,-23.53,-10.47,-25.35,-14.87,-20.03,-1.92,-2.43,150.0,155.0,150.0,2024-08-16,9.35,10.1,19.450000000000003,12.966666666666669,7.25,4.0,11.25,161.13,11.129999999999995,0.91242,0.97095,0.941685,0.561205,40.40416912237107,-0.287795,443.0,73.0,0.3959372772630078,11.0,3.3333333333333437,1,9.633333333333326,2024-08-05,535.0,506.7171936035156,0.2504092857142856,0.22951,0.230481,-0.0208992857142856,-0.0199282857142856,1,0.3619042857142857,0.2322957142857142,0.1296085714285714,0.0466907142857143,1.0,1.0,1.0,0.2731289992965821,0.1888350081986665,0.0615742775156191,1.4463896387752049,1.74,3.3025103685558603,13.46181835325362,3.517616352155413,-0.0502607475870009,-0.067178703768935,-0.0840560604320442,1,38.56999969482422,33.709999084472656,13.529071123395653,19.45,11.25,real_post_mid,1.945,2.6,622.8999999999999,0.041526666666666656,fold_3,xgb,0.7407407164573669
DVA,2024-06-30,2024-08-06,0.0,136.45,135.85,0.4,0.84,2.54,2.75,2.42,4.0,2.54,2.48,2.48,2.48,0.0,0.0,1.0,0.0,3151910000.0,3182400000.0,3101810000.0,5.0,12386.4,9814.56,470.4,1220.15,6.89,-74.71,4.79,80.8,39.51,33.4,55.26,3.94,4.91,135.0,135.0,135.0,2024-08-16,7.1,6.3,13.4,9.925925925925926,2.8,3.5,6.3,150.3,15.300000000000011,0.72706,0.70754,0.7173,0.370965,48.283145127561696,-0.26341,26.0,1.0,1.326530612244898,11.0,0.0,1,9.925925925925926,2024-08-05,535.0,506.7171936035156,0.2504092857142856,0.22951,0.230481,-0.0208992857142856,-0.0199282857142856,1,0.3619042857142857,0.2322957142857142,0.1296085714285714,0.0466907142857143,1.0,1.0,1.0,0.2731289992965821,0.1888350081986665,0.0615742775156191,1.4463896387752049,1.74,3.3025103685558603,13.46181835325362,3.517616352155413,-0.0502607475870009,-0.067178703768935,-0.0840560604320442,1,38.56999969482422,33.709999084472656,13.529071123395653,13.399999999999999,6.3,real_post_mid,1.3399999999999999,2.6,573.3999999999999,0.04247407407407407,fold_3,xgb,0.7407407164573669
CEG,2024-06-30,2024-08-06,1.0,211.29,208.0,-14.32,-12.96,1.72,1.88,1.31,9.0,1.71,1.86,1.87,1.71,1.0,0.0,2.0,0.0,5550190000.0,6309010000.0,4983560000.0,3.0,-4826.4,-5916.96,294.4,5295.71,-18.56,-75.27,-2.03,858.62,2627.27,132.61,2522.58,14.78,12.79,170.0,180.0,170.0,2024-08-16,10.0,10.0,20.0,11.76470588235294,11.9,2.7,14.6,189.98,19.97999999999999,0.84413,0.86364,0.853885,0.580715,31.991427417040946,-0.229265,680.0,349.0,0.8884057971014493,11.0,5.882352941176472,1,5.882352941176468,2024-08-05,535.0,506.7171936035156,0.2504092857142856,0.22951,0.230481,-0.0208992857142856,-0.0199282857142856,1,0.3619042857142857,0.2322957142857142,0.1296085714285714,0.0466907142857143,1.0,1.0,1.0,0.2731289992965821,0.1888350081986665,0.0615742775156191,1.4463896387752049,1.74,3.3025103685558603,13.46181835325362,3.517616352155413,-0.0502607475870009,-0.067178703768935,-0.0840560604320442,1,38.56999969482422,33.709999084472656,13.529071123395653,20.0,14.6,real_post_mid,2.0,2.6,337.40000000000003,0.019847058823529412,fold_3,xgb,0.7407407164573669
DUK,2024-06-30,2024-08-06,1.0,100.56,102.38,12.29,10.29,1.02,1.09,0.99,16.0,1.02,1.05,1.05,1.05,0.0,0.0,3.0,1.0,6605960000.0,7103670000.0,5184020000.0,7.0,3266.4,3202.24,172.27,209.48,5.43,-73.6,1.2,20.0,-4.64,15.49,17.26,3.32,2.58,110.0,115.0,110.0,2024-08-16,2.35,1.95,4.3,3.9090909090909087,3.65,0.625,4.275,112.3,2.299999999999997,0.21975,0.32707,0.27341,0.278285,-1.7830364653816475,-0.034145,1804.0,226.0,1.0145735105015,11.0,4.545454545454541,0,-0.6363636363636327,2024-08-05,535.0,506.7171936035156,0.2504092857142856,0.22951,0.230481,-0.0208992857142856,-0.0199282857142856,1,0.3619042857142857,0.2322957142857142,0.1296085714285714,0.0466907142857143,1.0,1.0,1.0,0.2731289992965821,0.1888350081986665,0.0615742775156191,1.4463896387752049,1.74,3.3025103685558603,13.46181835325362,3.517616352155413,-0.0502607475870009,-0.067178703768935,-0.0840560604320442,1,38.56999969482422,33.709999084472656,13.529071123395653,4.3,4.275,real_post_mid,0.43,2.6,-43.10000000000005,-0.003918181818181823,fold_3,xgb,0.7407407164573669
EXPD,2024-06-30,2024-08-06,0.0,123.45,116.83,-5.95,-0.62,1.26,1.42,1.17,14.0,1.25,1.22,1.22,1.19,1.0,0.0,7.0,0.0,2278840000.0,2508280000.0,2096300000.0,9.0,12128.8,12179.68,-52.27,237.83,-14.89,-76.27,-44.33,-19.31,7.34,-21.05,-22.17,-0.67,-0.91,120.0,115.0,120.0,2024-08-16,5.6,3.0250000000000004,8.625,7.187499999999999,1.1,3.525,4.625,120.06,0.0600000000000022,0.58072,0.44414,0.5124299999999999,0.33682,34.270046640516746,-0.1268299999999999,1050.0,49.0,0.109008327024981,11.0,4.1666666666666625,1,3.0208333333333366,2024-08-05,535.0,506.7171936035156,0.2504092857142856,0.22951,0.230481,-0.0208992857142856,-0.0199282857142856,1,0.3619042857142857,0.2322957142857142,0.1296085714285714,0.0466907142857143,1.0,1.0,1.0,0.2731289992965821,0.1888350081986665,0.0615742775156191,1.4463896387752049,1.74,3.3025103685558603,13.46181835325362,3.517616352155413,-0.0502607475870009,-0.067178703768935,-0.0840560604320442,1,38.56999969482422,33.709999084472656,13.529071123395653,8.625,4.625,real_post_mid,0.8625,2.6,311.15,0.025929166666666666,fold_3,xgb,0.7407407164573669
CAT,2024-06-30,2024-08-06,1.0,328.35,344.5,-0.58,-5.24,5.54,5.96,5.24,19.0,5.54,5.58,5.57,5.56,0.0,0.0,2.0,0.0,16677800000.0,17182900000.0,15777700000.0,15.0,24274.4,21714.72,1183.47,234.48,-0.4,-76.44,11.92,14.05,7.07,27.44,28.85,2.02,5.05,317.5,325.0,317.5,2024-08-09,10.875,11.425,22.3,7.023622047244095,9.825,1.38,11.204999999999998,338.26,20.75999999999999,0.84413,0.84413,0.84413,0.40999,51.43046687121652,-0.41463,154.0,244.0,1.762271214642263,4.0,2.3622047244094446,1,4.661417322834651,2024-08-05,535.0,506.7171936035156,0.2504092857142856,0.22951,0.230481,-0.0208992857142856,-0.0199282857142856,1,0.3619042857142857,0.2322957142857142,0.1296085714285714,0.0466907142857143,1.0,1.0,1.0,0.2731289992965821,0.1888350081986665,0.0615742775156191,1.4463896387752049,1.74,3.3025103685558603,13.46181835325362,3.517616352155413,-0.0502607475870009,-0.067178703768935,-0.0840560604320442,1,38.56999969482422,33.709999084472656,13.529071123395653,22.3,11.204999999999998,real_post_mid,2.23,2.6,883.9000000000002,0.027839370078740162,fold_3,xgb,1.0
AIZ,2024-06-30,2024-08-06,1.0,161.28,176.54,5.51,-3.61,3.62,3.92,3.37,7.0,3.62,3.92,3.97,4.03,0.0,0.0,0.0,1.0,2893070000.0,2932350000.0,2852720000.0,5.0,38997.6,30703.2,2867.2,1924.1,8.98,-74.13,9.08,73.82,4.37,66.65,99.12,2.8,4.6,170.0,170.0,170.0,2024-08-16,4.275,4.75,9.025,5.308823529411765,3.95,2.5500000000000003,6.5,187.27,17.27000000000001,0.3856,0.3856,0.3856,0.302675,21.50544605809128,-0.0877999999999999,18.0,6.0,4.909090909090909,11.0,0.0,1,5.308823529411765,2024-08-05,535.0,506.7171936035156,0.2504092857142856,0.22951,0.230481,-0.0208992857142856,-0.0199282857142856,1,0.3619042857142857,0.2322957142857142,0.1296085714285714,0.0466907142857143,1.0,1.0,1.0,0.2731289992965821,0.1888350081986665,0.0615742775156191,1.4463896387752049,1.74,3.3025103685558603,13.46181835325362,3.517616352155413,-0.0502607475870009,-0.067178703768935,-0.0840560604320442,1,38.56999969482422,33.709999084472656,13.529071123395653,9.025,6.5,real_post_mid,0.9025000000000001,2.6,159.65000000000003,0.009391176470588238,fold_3,xgb,0.7857142686843872
STE,2024-06-30,2024-08-06,1.0,220.05,210.09,8.69,13.85,1.98,2.02,1.92,7.0,1.98,2.01,2.01,2.13,0.0,0.0,0.0,1.0,1272490000.0,1295000000.0,1260030000.0,6.0,136.8,697.44,0.0,516.98,6.72,0.0,4.76,-2.0,-11.71,-38.48,18.69,0.26,1.76,240.0,230.0,240.0,2024-08-16,7.75,10.1,17.85,7.437500000000001,2.825,8.2,11.025,232.34,7.659999999999997,0.52218,0.56121,0.541695,0.31731,41.42275634812949,-0.16097,100.0,1.0,23.333333333333332,11.0,4.1666666666666625,1,3.2708333333333384,2024-08-05,535.0,506.7171936035156,0.2504092857142856,0.22951,0.230481,-0.0208992857142856,-0.0199282857142856,1,0.3619042857142857,0.2322957142857142,0.1296085714285714,0.0466907142857143,1.0,1.0,1.0,0.2731289992965821,0.1888350081986665,0.0615742775156191,1.4463896387752049,1.74,3.3025103685558603,13.46181835325362,3.517616352155413,-0.0502607475870009,-0.067178703768935,-0.0840560604320442,1,38.56999969482422,33.709999084472656,13.529071123395653,17.85,11.025,real_post_mid,1.7850000000000001,2.6,501.4000000000001,0.02089166666666667,fold_3,xgb,1.0
FTNT,2024-06-30,2024-08-06,1.0,61.09,59.63,-8.64,-6.41,0.41,0.49,0.39,34.0,0.41,0.41,0.41,0.41,0.0,0.0,1.0,1.0,1434300000.0,1420000000.0,1379710000.0,33.0,-11536.8,-11807.84,216.53,100.8,7.21,-74.49,18.15,26.47,-15.69,17.15,17.44,1.86,2.06,55.0,70.0,55.0,2024-08-09,3.325,2.885,6.21,11.290909090909093,15.1,0.03,15.13,69.69,14.689999999999998,1.35143,1.34167,1.34655,0.6392549999999999,52.52645649994431,-0.839,31.0,3.0,1.7158360128617365,4.0,27.27272727272727,0,-15.98181818181818,2024-08-05,535.0,506.7171936035156,0.2504092857142856,0.22951,0.230481,-0.0208992857142856,-0.0199282857142856,1,0.3619042857142857,0.2322957142857142,0.1296085714285714,0.0466907142857143,1.0,1.0,1.0,0.2731289992965821,0.1888350081986665,0.0615742775156191,1.4463896387752049,1.74,3.3025103685558603,13.46181835325362,3.517616352155413,-0.0502607475870009,-0.067178703768935,-0.0840560604320442,1,38.56999969482422,33.709999084472656,13.529071123395653,6.21,15.13,real_post_mid,0.621,2.6,-956.7000000000003,-0.1739454545454546,fold_3,xgb,0.7407407164573669
TAP,2024-06-30,2024-08-06,1.0,49.98,58.21,7.84,-7.4,1.68,1.78,1.59,16.0,1.68,1.71,1.71,1.72,0.0,0.0,2.0,0.0,3181390000.0,3225600000.0,3112900000.0,10.0,10093.6,8983.36,460.27,377.43,10.66,-77.81,10.36,75.93,-20.17,46.06,98.67,4.26,5.37,52.5,52.5,52.5,2024-08-16,1.15,2.4,3.55,6.761904761904762,0.8,1.1,1.9,53.63,1.1300000000000026,0.48316,0.4734,0.47828,0.283165,40.795140921635856,-0.16097,636.0,36.0,0.8191881918819188,11.0,0.0,1,6.761904761904762,2024-08-05,535.0,506.7171936035156,0.2504092857142856,0.22951,0.230481,-0.0208992857142856,-0.0199282857142856,1,0.3619042857142857,0.2322957142857142,0.1296085714285714,0.0466907142857143,1.0,1.0,1.0,0.2731289992965821,0.1888350081986665,0.0615742775156191,1.4463896387752049,1.74,3.3025103685558603,13.46181835325362,3.517616352155413,-0.0502607475870009,-0.067178703768935,-0.0840560604320442,1,38.56999969482422,33.709999084472656,13.529071123395653,3.55,1.9,real_post_mid,0.355,2.6,126.9,0.024171428571428573,fold_3,xgb,0.7407407164573669
SRE,2024-06-30,2024-08-06,0.0,76.13,75.23,1.21,2.42,0.94,1.09,0.89,13.0,0.94,1.02,1.01,1.02,0.0,0.0,1.0,0.0,3403900000.0,3573590000.0,3299870000.0,4.0,20874.4,20724.16,-33.6,147.38,-41.78,-77.48,-10.88,-54.11,18.58,-28.91,-29.52,6.16,4.13,80.0,75.0,80.0,2024-08-16,1.025,2.25,3.275,4.09375,0.25,2.75,3.0,79.99,0.0100000000000051,0.27829,0.28804,0.283165,0.209995,25.840057916762305,-0.009755,2377.0,63.0,1.0086455331412103,11.0,6.25,0,-2.15625,2024-08-05,535.0,506.7171936035156,0.2504092857142856,0.22951,0.230481,-0.0208992857142856,-0.0199282857142856,1,0.3619042857142857,0.2322957142857142,0.1296085714285714,0.0466907142857143,1.0,1.0,1.0,0.2731289992965821,0.1888350081986665,0.0615742775156191,1.4463896387752049,1.74,3.3025103685558603,13.46181835325362,3.517616352155413,-0.0502607475870009,-0.067178703768935,-0.0840560604320442,1,38.56999969482422,33.709999084472656,13.529071123395653,3.275,3.0,real_post_mid,0.3275,2.6,-7.85000000000001,-0.0009812500000000012,fold_3,xgb,0.7407407164573669
J,2024-06-30,2024-08-06,0.0,136.74,138.51,2.89,1.57,1.96,2.03,1.91,13.0,1.96,1.96,1.96,2.0,0.0,0.0,1.0,0.0,3994310000.0,4419630000.0,3474000000.0,11.0,7343.2,6327.2,154.67,647.3,-30.19,1.31,-18.37,5.52,18.63,-28.47,-36.78,3.18,-0.67,140.0,140.0,140.0,2024-08-16,4.75,4.3,9.05,6.464285714285715,2.375,2.7,5.075,146.91,6.909999999999997,0.4734,0.46365,0.4685249999999999,0.29292,37.480390587481985,-0.1560949999999999,25.0,6.0,0.0333225493367842,11.0,0.0,1,6.464285714285715,2024-08-05,535.0,506.7171936035156,0.2504092857142856,0.22951,0.230481,-0.0208992857142856,-0.0199282857142856,1,0.3619042857142857,0.2322957142857142,0.1296085714285714,0.0466907142857143,1.0,1.0,1.0,0.2731289992965821,0.1888350081986665,0.0615742775156191,1.4463896387752049,1.74,3.3025103685558603,13.46181835325362,3.517616352155413,-0.0502607475870009,-0.067178703768935,-0.0840560604320442,1,38.56999969482422,33.709999084472656,13.529071123395653,9.05,5.075,real_post_mid,0.9050000000000001,2.6,304.4,0.02174285714285714,fold_3,xgb,0.7407407164573669
MPC,2024-06-30,2024-08-06,1.0,170.74,180.93,0.09,-5.55,3.09,3.55,2.7,16.0,3.22,4.89,5.5,6.42,0.0,0.0,0.0,1.0,35082800000.0,40000000000.0,24073000000.0,8.0,39474.4,35340.0,2674.67,1706.61,-6.19,-77.96,-17.17,-57.64,-35.18,-44.98,-56.07,-6.69,-6.2,162.5,170.0,162.5,2024-08-09,4.875,5.199999999999999,10.075,6.199999999999999,6.875,0.305,7.18,175.83,13.330000000000013,0.74657,0.73681,0.74169,0.419745,43.40694899486308,-0.32682,23.0,30.0,0.9032170856988376,4.0,4.615384615384621,1,1.584615384615378,2024-08-05,535.0,506.7171936035156,0.2504092857142856,0.22951,0.230481,-0.0208992857142856,-0.0199282857142856,1,0.3619042857142857,0.2322957142857142,0.1296085714285714,0.0466907142857143,1.0,1.0,1.0,0.2731289992965821,0.1888350081986665,0.0615742775156191,1.4463896387752049,1.74,3.3025103685558603,13.46181835325362,3.517616352155413,-0.0502607475870009,-0.067178703768935,-0.0840560604320442,1,38.56999969482422,33.709999084472656,13.529071123395653,10.075,7.18,real_post_mid,1.0075,2.6,186.14999999999995,0.011455384615384612,fold_3,xgb,1.0
IDXX,2024-06-30,2024-08-06,1.0,486.0,487.07,-3.42,-3.63,2.88,2.97,2.84,9.0,2.88,2.87,2.87,2.89,0.0,0.0,1.0,0.0,1006530000.0,1028690000.0,1001120000.0,8.0,17666.4,16488.8,571.73,45.71,7.1,-73.67,8.62,10.2,21.12,8.22,6.62,1.2,-0.14,460.0,470.0,460.0,2024-08-16,16.35,21.3,37.650000000000006,8.184782608695654,14.6,7.45,22.05,492.26,32.25999999999999,0.58072,0.60023,0.5904750000000001,0.36121,38.827215377450365,-0.1609750000000001,14.0,20.0,1.6888888888888889,11.0,2.1739130434782705,1,6.010869565217384,2024-08-05,535.0,506.7171936035156,0.2504092857142856,0.22951,0.230481,-0.0208992857142856,-0.0199282857142856,1,0.3619042857142857,0.2322957142857142,0.1296085714285714,0.0466907142857143,1.0,1.0,1.0,0.2731289992965821,0.1888350081986665,0.0615742775156191,1.4463896387752049,1.74,3.3025103685558603,13.46181835325362,3.517616352155413,-0.0502607475870009,-0.067178703768935,-0.0840560604320442,1,38.56999969482422,33.709999084472656,13.529071123395653,37.650000000000006,22.05,real_post_mid,3.7650000000000006,2.6,1180.9000000000005,0.025671739130434794,fold_3,xgb,1.0
WYNN,2024-06-30,2024-08-06,0.0,86.83,95.75,-12.14,-20.32,1.14,1.46,0.56,13.0,1.14,1.21,1.2,1.13,0.0,0.0,1.0,0.0,1752400000.0,1803000000.0,1656970000.0,14.0,-24335.2,-27266.4,1130.67,898.71,30.85,-71.48,67.11,448.28,-16.75,54.4,114.11,2.02,7.57,74.0,75.0,74.0,2024-08-09,2.69,3.01,5.699999999999999,7.702702702702702,1.535,0.6200000000000001,2.155,74.63,0.6299999999999955,0.94168,0.91242,0.92705,0.449015,51.565179871635834,-0.4975449999999999,3.0,141.0,0.6842726263187118,4.0,1.3513513513513598,1,6.351351351351342,2024-08-05,535.0,506.7171936035156,0.2504092857142856,0.22951,0.230481,-0.0208992857142856,-0.0199282857142856,1,0.3619042857142857,0.2322957142857142,0.1296085714285714,0.0466907142857143,1.0,1.0,1.0,0.2731289992965821,0.1888350081986665,0.0615742775156191,1.4463896387752049,1.74,3.3025103685558603,13.46181835325362,3.517616352155413,-0.0502607475870009,-0.067178703768935,-0.0840560604320442,1,38.56999969482422,33.709999084472656,13.529071123395653,5.699999999999999,2.155,real_post_mid,0.57,2.6,294.8999999999999,0.039851351351351344,fold_3,xgb,0.7407407164573669
ZTS,2024-06-30,2024-08-06,1.0,174.96,164.92,5.9,12.35,1.49,1.53,1.46,11.0,1.49,1.5,1.5,1.5,0.0,0.0,0.0,0.0,2310730000.0,2335000000.0,2291310000.0,10.0,12752.8,12789.92,44.8,165.37,9.5,-74.37,6.59,5.34,11.29,5.65,10.03,0.2,0.18,175.0,185.0,175.0,2024-08-16,8.25,8.75,17.0,9.714285714285714,11.45,0.7,12.15,183.71,8.710000000000008,0.67828,0.72706,0.70267,0.28804,59.007784593052214,-0.29756,318.0,77.0,0.6282904252241828,11.0,5.714285714285716,1,3.999999999999998,2024-08-05,535.0,506.7171936035156,0.2504092857142856,0.22951,0.230481,-0.0208992857142856,-0.0199282857142856,1,0.3619042857142857,0.2322957142857142,0.1296085714285714,0.0466907142857143,1.0,1.0,1.0,0.2731289992965821,0.1888350081986665,0.0615742775156191,1.4463896387752049,1.74,3.3025103685558603,13.46181835325362,3.517616352155413,-0.0502607475870009,-0.067178703768935,-0.0840560604320442,1,38.56999969482422,33.709999084472656,13.529071123395653,17.0,12.15,real_post_mid,1.7000000000000002,2.6,312.3999999999999,0.017851428571428567,fold_3,xgb,0.7407407164573669
TRMB,2024-06-30,2024-08-06,1.0,55.89,56.54,-7.8,-8.86,0.58,0.61,0.56,11.0,0.58,0.58,0.58,0.59,0.0,0.0,0.0,0.0,862500000.0,877000000.0,855300000.0,11.0,8671.2,8443.36,102.4,57.84,4.14,-74.9,4.44,-11.11,1.59,-18.33,-20.29,1.01,-3.52,50.0,50.0,50.0,2024-08-16,1.625,2.225,3.85,7.7,1.325,0.675,2.0,54.37,4.369999999999997,0.48316,0.6295,0.55633,0.30755,44.71806302014991,-0.1951149999999999,59.0,102.0,0.3065902578796561,11.0,0.0,1,7.7,2024-08-05,535.0,506.7171936035156,0.2504092857142856,0.22951,0.230481,-0.0208992857142856,-0.0199282857142856,1,0.3619042857142857,0.2322957142857142,0.1296085714285714,0.0466907142857143,1.0,1.0,1.0,0.2731289992965821,0.1888350081986665,0.0615742775156191,1.4463896387752049,1.74,3.3025103685558603,13.46181835325362,3.517616352155413,-0.0502607475870009,-0.067178703768935,-0.0840560604320442,1,38.56999969482422,33.709999084472656,13.529071123395653,3.85,2.0,real_post_mid,0.385,2.6,143.9,0.02878,fold_3,xgb,0.7857142686843872
UBER,2024-06-30,2024-08-06,1.0,71.06,66.4,-8.71,-2.3,0.31,0.47,0.02,31.0,0.31,0.3,0.3,0.3,1.0,0.0,3.0,0.0,10567200000.0,11038000000.0,10182700000.0,37.0,-4164.0,-3834.72,82.13,834.31,14.82,-72.83,15.44,-287.5,-146.97,-231.65,165.65,-1.27,4.67,59.0,66.0,59.0,2024-08-09,2.7,3.15,5.85,9.915254237288137,6.725,0.03,6.755,68.54,9.540000000000006,1.19534,1.18558,1.19046,0.541695,54.49700115921576,-0.6731550000000001,364.0,1850.0,0.7233367259481466,4.0,11.864406779661008,0,-1.9491525423728715,2024-08-05,535.0,506.7171936035156,0.2504092857142856,0.22951,0.230481,-0.0208992857142856,-0.0199282857142856,1,0.3619042857142857,0.2322957142857142,0.1296085714285714,0.0466907142857143,1.0,1.0,1.0,0.2731289992965821,0.1888350081986665,0.0615742775156191,1.4463896387752049,1.74,3.3025103685558603,13.46181835325362,3.517616352155413,-0.0502607475870009,-0.067178703768935,-0.0840560604320442,1,38.56999969482422,33.709999084472656,13.529071123395653,5.85,6.755,real_post_mid,0.585,2.6,-151.60000000000002,-0.025694915254237293,fold_3,xgb,0.7407407164573669
VMC,2024-06-30,2024-08-06,0.0,244.21,267.93,0.79,-8.13,2.47,2.8,2.22,18.0,2.47,2.66,2.76,2.75,0.0,0.0,0.0,0.0,2030470000.0,2154980000.0,1906000000.0,16.0,12456.8,12178.4,-2.13,200.09,-6.26,-80.14,4.76,-15.79,-45.21,-4.01,-7.64,1.42,-0.16,260.0,240.0,260.0,2024-08-16,8.55,9.85,18.4,7.076923076923077,0.7,18.8,19.5,244.43,15.569999999999991,0.53194,0.48316,0.50755,0.3417,32.676583587823856,-0.1512149999999999,272.0,39.0,1.6712328767123288,11.0,7.692307692307687,0,-0.6153846153846105,2024-08-05,535.0,506.7171936035156,0.2504092857142856,0.22951,0.230481,-0.0208992857142856,-0.0199282857142856,1,0.3619042857142857,0.2322957142857142,0.1296085714285714,0.0466907142857143,1.0,1.0,1.0,0.2731289992965821,0.1888350081986665,0.0615742775156191,1.4463896387752049,1.74,3.3025103685558603,13.46181835325362,3.517616352155413,-0.0502607475870009,-0.067178703768935,-0.0840560604320442,1,38.56999969482422,33.709999084472656,13.529071123395653,18.4,19.5,real_post_mid,1.8399999999999999,2.6,-296.60000000000014,-0.011407692307692313,fold_3,xgb,1.0
YUM,2024-06-30,2024-08-06,1.0,129.12,136.96,5.99,-0.08,1.33,1.4,1.27,24.0,1.33,1.34,1.34,1.34,0.0,0.0,1.0,1.0,1805400000.0,1880000000.0,1701000000.0,21.0,3565.6,3742.56,-126.93,245.57,-2.86,-77.42,2.6,8.49,-8.73,0.94,-0.57,0.76,0.75,135.0,135.0,135.0,2024-08-16,2.9,4.3,7.199999999999999,5.333333333333333,2.925,1.175,4.1,137.4,2.4000000000000057,0.3856,0.37584,0.38072,0.229505,39.71816558100441,-0.11219,577.0,798.0,4.919612314709236,11.0,0.0,1,5.333333333333333,2024-08-05,535.0,506.7171936035156,0.2504092857142856,0.22951,0.230481,-0.0208992857142856,-0.0199282857142856,1,0.3619042857142857,0.2322957142857142,0.1296085714285714,0.0466907142857143,1.0,1.0,1.0,0.2731289992965821,0.1888350081986665,0.0615742775156191,1.4463896387752049,1.74,3.3025103685558603,13.46181835325362,3.517616352155413,-0.0502607475870009,-0.067178703768935,-0.0840560604320442,1,38.56999969482422,33.709999084472656,13.529071123395653,7.199999999999999,4.1,real_post_mid,0.72,2.6,235.4,0.01743703703703704,fold_3,xgb,0.7407407164573669
IFF,2024-06-30,2024-08-06,1.0,95.29,97.23,1.25,-0.77,1.01,1.1,0.95,13.0,1.01,1.0,1.0,1.0,0.0,0.0,5.0,0.0,2889000000.0,2907100000.0,2797500000.0,14.0,7188.0,6315.2,420.8,336.73,-4.23,-74.75,-7.83,29.89,56.94,22.05,51.91,3.47,2.53,95.0,95.0,95.0,2024-08-16,3.9,4.2,8.1,8.526315789473683,1.6,1.65,3.25,98.58,3.5799999999999983,0.60999,0.61974,0.614865,0.27341,55.53332845421352,-0.20975,776.0,9.0,3.941818181818182,11.0,0.0,1,8.526315789473683,2024-08-05,535.0,506.7171936035156,0.2504092857142856,0.22951,0.230481,-0.0208992857142856,-0.0199282857142856,1,0.3619042857142857,0.2322957142857142,0.1296085714285714,0.0466907142857143,1.0,1.0,1.0,0.2731289992965821,0.1888350081986665,0.0615742775156191,1.4463896387752049,1.74,3.3025103685558603,13.46181835325362,3.517616352155413,-0.0502607475870009,-0.067178703768935,-0.0840560604320442,1,38.56999969482422,33.709999084472656,13.529071123395653,8.1,3.25,real_post_mid,0.81,2.6,401.39999999999986,0.042252631578947354,fold_3,xgb,0.7857142686843872
TDG,2024-06-30,2024-08-06,1.0,1274.55,1315.0,-2.92,-5.9,8.55,9.13,7.9,22.0,8.56,8.52,8.46,8.24,0.0,0.0,5.0,0.0,2004800000.0,2042820000.0,1961080000.0,21.0,65792.8,65476.96,44.8,1522.32,20.38,7.21,25.14,33.61,46.61,23.69,23.89,1.36,1.3,1210.0,1225.0,1210.0,2024-08-16,46.5,43.95,90.45,7.475206611570248,23.4,27.75,51.15,1280.08,70.07999999999993,0.55145,0.53194,0.541695,0.331945,38.72105151422849,-0.151215,5.0,7.0,2.1785714285714284,11.0,1.2396694214876105,1,6.2355371900826375,2024-08-05,535.0,506.7171936035156,0.2504092857142856,0.22951,0.230481,-0.0208992857142856,-0.0199282857142856,1,0.3619042857142857,0.2322957142857142,0.1296085714285714,0.0466907142857143,1.0,1.0,1.0,0.2731289992965821,0.1888350081986665,0.0615742775156191,1.4463896387752049,1.74,3.3025103685558603,13.46181835325362,3.517616352155413,-0.0502607475870009,-0.067178703768935,-0.0840560604320442,1,38.56999969482422,33.709999084472656,13.529071123395653,90.45,51.15,real_post_mid,9.045,2.6,3022.9000000000005,0.02498264462809918,fold_3,xgb,0.7407407164573669
GPN,2024-06-30,2024-08-07,1.0,95.52,111.57,4.12,-10.85,2.9,2.94,2.58,29.0,2.9,2.92,2.92,2.92,0.0,0.0,1.0,0.0,2316650000.0,2335620000.0,2289680000.0,26.0,4053.6,3961.76,44.8,25.04,5.57,-74.93,7.38,7.92,-2.26,99.8,697.13,3.23,16.22,95.0,105.0,95.0,2024-08-16,4.0,5.3,9.3,9.789473684210527,9.85,0.2,10.05,108.83,13.829999999999998,0.78559,0.69779,0.74169,0.331945,55.24477881594736,-0.278045,903.0,837.0,0.1692813294475104,10.0,10.526315789473696,0,-0.7368421052631682,2024-08-06,523.0,511.3889770507813,0.2211442857142857,0.2072852777777777,0.2028413333333333,-0.0138590079365079,-0.0183029523809523,1,0.2699242857142857,0.1821228571428571,0.0878014285714285,0.0048792857142857,0.8082357841921248,0.8082357841921248,0.99601593625498,0.3069953430379926,0.1932204260486605,0.0279238596656251,1.5888348313685998,1.35,1.0765287867782936,1.498243272303813,-0.3302848556645957,-0.0366234090270164,-0.0596634580258537,-0.0756113267827554,1,27.709999084472656,26.760000228881836,5.595570513044084,9.3,10.05,real_post_mid,0.9300000000000002,2.6,-170.60000000000002,-0.017957894736842107,fold_3,xgb,0.7407407164573669
APP,2024-06-30,2024-08-07,1.0,85.18,84.69,-21.12,-20.66,0.75,0.9,0.66,10.0,0.75,0.75,0.74,0.61,1.0,0.0,2.0,0.0,1081870000.0,1100000000.0,1070000000.0,15.0,6708.0,5016.48,970.67,330.32,47.9,-67.77,18.6,9300.0,87.76,128.12,456.23,8.82,23.56,69.0,77.0,69.0,2024-08-09,5.199999999999999,5.199999999999999,10.4,15.07246376811594,8.45,0.05,8.5,77.38,8.379999999999995,2.08312,2.09288,2.088,1.07339,48.59243295019157,-1.2731400000000002,365.0,14.0,0.4920382165605095,3.0,11.594202898550732,1,3.478260869565208,2024-08-06,523.0,511.3889770507813,0.2211442857142857,0.2072852777777777,0.2028413333333333,-0.0138590079365079,-0.0183029523809523,1,0.2699242857142857,0.1821228571428571,0.0878014285714285,0.0048792857142857,0.8082357841921248,0.8082357841921248,0.99601593625498,0.3069953430379926,0.1932204260486605,0.0279238596656251,1.5888348313685998,1.35,1.0765287867782936,1.498243272303813,-0.3302848556645957,-0.0366234090270164,-0.0596634580258537,-0.0756113267827554,1,27.709999084472656,26.760000228881836,5.595570513044084,10.399999999999999,8.5,real_post_mid,1.0399999999999998,2.6,83.39999999999988,0.012086956521739113,fold_3,xgb,0.7407407164573669
CPAY,2024-06-30,2024-08-07,1.0,271.56,283.22,-0.47,-4.57,4.52,4.76,4.48,17.0,4.76,4.75,4.76,4.75,0.0,0.0,0.0,9.0,980960000.0,1026400000.0,967960000.0,14.0,1472.8,1488.34,27.2,54.4,,,,,,,,,,270.0,290.0,270.0,2024-08-16,9.55,9.0,18.55,6.870370370370371,17.5,3.0,20.5,293.09,23.089999999999975,0.49292,0.54169,0.517305,0.253895,50.91967021389703,-0.199995,67.0,2.0,2.7,10.0,7.407407407407418,0,-0.537037037037047,2024-08-06,523.0,511.3889770507813,0.2211442857142857,0.2072852777777777,0.2028413333333333,-0.0138590079365079,-0.0183029523809523,1,0.2699242857142857,0.1821228571428571,0.0878014285714285,0.0048792857142857,0.8082357841921248,0.8082357841921248,0.99601593625498,0.3069953430379926,0.1932204260486605,0.0279238596656251,1.5888348313685998,1.35,1.0765287867782936,1.498243272303813,-0.3302848556645957,-0.0366234090270164,-0.0596634580258537,-0.0756113267827554,1,27.709999084472656,26.760000228881836,5.595570513044084,18.55,20.5,real_post_mid,1.8550000000000002,2.6,-383.1,-0.01418888888888889,fold_3,xgb,0.7407407164573669
CRL,2024-06-30,2024-08-07,1.0,202.46,230.09,-1.23,-13.09,2.39,2.43,2.36,16.0,2.39,2.39,2.4,2.62,0.0,0.0,1.0,0.0,1024330000.0,1051500000.0,1005000000.0,14.0,14996.0,13857.76,639.47,395.71,-1.73,-75.5,3.73,-18.35,-7.72,-9.53,-24.97,-2.6,-3.86,230.0,200.0,230.0,2024-08-16,9.3,10.05,19.35,8.413043478260871,0.7,28.15,28.85,201.87,28.129999999999995,0.63925,0.63925,0.63925,0.3417,46.54673445443879,-0.2292599999999999,290.0,295.0,0.2576489533011272,10.0,13.043478260869568,0,-4.630434782608697,2024-08-06,523.0,511.3889770507813,0.2211442857142857,0.2072852777777777,0.2028413333333333,-0.0138590079365079,-0.0183029523809523,1,0.2699242857142857,0.1821228571428571,0.0878014285714285,0.0048792857142857,0.8082357841921248,0.8082357841921248,0.99601593625498,0.3069953430379926,0.1932204260486605,0.0279238596656251,1.5888348313685998,1.35,1.0765287867782936,1.498243272303813,-0.3302848556645957,-0.0366234090270164,-0.0596634580258537,-0.0756113267827554,1,27.709999084472656,26.760000228881836,5.595570513044084,19.35,28.85,real_post_mid,1.9350000000000003,2.6,-1146.1,-0.04983043478260869,fold_3,xgb,0.7407407164573669
HLT,2024-06-30,2024-08-07,1.0,214.57,203.48,-5.15,0.02,1.86,1.89,1.81,19.0,1.86,1.85,1.86,1.86,1.0,0.0,5.0,0.0,2931680000.0,3022000000.0,2873000000.0,12.0,5204.0,4762.24,227.2,114.66,12.21,-74.86,15.74,23.39,-8.93,16.92,7.03,-1.17,-1.0,210.0,210.0,210.0,2024-08-16,4.7,7.15,11.85,5.642857142857143,1.2000000000000002,5.75,6.95,212.46,2.460000000000008,0.42462,0.41487,0.419745,0.234385,44.16014484984932,-0.102435,31.0,593.0,2.7561307901907357,10.0,0.0,1,5.642857142857143,2024-08-06,523.0,511.3889770507813,0.2211442857142857,0.2072852777777777,0.2028413333333333,-0.0138590079365079,-0.0183029523809523,1,0.2699242857142857,0.1821228571428571,0.0878014285714285,0.0048792857142857,0.8082357841921248,0.8082357841921248,0.99601593625498,0.3069953430379926,0.1932204260486605,0.0279238596656251,1.5888348313685998,1.35,1.0765287867782936,1.498243272303813,-0.3302848556645957,-0.0366234090270164,-0.0596634580258537,-0.0756113267827554,1,27.709999084472656,26.760000228881836,5.595570513044084,11.850000000000001,6.95,real_post_mid,1.1850000000000003,2.6,368.90000000000003,0.017566666666666668,fold_3,xgb,0.7407407164573669
EQIX,2024-06-30,2024-08-07,1.0,756.92,772.43,3.09,1.02,2.67,3.27,2.34,19.0,2.67,2.69,2.7,2.84,0.0,0.0,1.0,0.0,2159010000.0,2166900000.0,2153800000.0,17.0,370.4,-391.2,462.4,981.09,6.45,-74.02,11.42,-12.27,1.25,4.49,-5.21,-0.93,-2.11,790.0,810.0,790.0,2024-08-16,23.299999999999997,27.4,50.7,6.417721518987342,25.45,4.675000000000001,30.125,828.66,38.65999999999997,0.49292,0.48316,0.48804,0.253895,47.976600278665686,-0.15122,85.0,1.0,4.206611570247934,10.0,2.5316455696202445,1,3.8860759493670978,2024-08-06,523.0,511.3889770507813,0.2211442857142857,0.2072852777777777,0.2028413333333333,-0.0138590079365079,-0.0183029523809523,1,0.2699242857142857,0.1821228571428571,0.0878014285714285,0.0048792857142857,0.8082357841921248,0.8082357841921248,0.99601593625498,0.3069953430379926,0.1932204260486605,0.0279238596656251,1.5888348313685998,1.35,1.0765287867782936,1.498243272303813,-0.3302848556645957,-0.0366234090270164,-0.0596634580258537,-0.0756113267827554,1,27.709999084472656,26.760000228881836,5.595570513044084,50.699999999999996,30.125,real_post_mid,5.07,2.6,1547.8999999999996,0.019593670886075946,fold_3,xgb,0.7407407164573669
HOOD,2024-06-30,2024-08-07,1.0,22.09,17.3,-22.5,-1.04,0.15,0.2,0.12,11.0,0.15,0.14,0.14,0.1,1.0,0.0,7.0,0.0,643340000.0,674000000.0,613180000.0,11.0,-9588.0,-10036.64,245.33,162.88,40.14,-66.86,38.66,131.58,500.0,136.8,131.94,7.08,139.5,17.0,17.5,17.0,2024-08-09,1.205,0.97,2.175,12.794117647058822,0.7949999999999999,0.065,0.8599999999999999,17.92,0.9200000000000016,1.78069,1.74167,1.76118,0.7612,56.77897773083955,-0.819495,3546.0,5757.0,0.2920196253814585,3.0,2.941176470588225,1,9.852941176470598,2024-08-06,523.0,511.3889770507813,0.2211442857142857,0.2072852777777777,0.2028413333333333,-0.0138590079365079,-0.0183029523809523,1,0.2699242857142857,0.1821228571428571,0.0878014285714285,0.0048792857142857,0.8082357841921248,0.8082357841921248,0.99601593625498,0.3069953430379926,0.1932204260486605,0.0279238596656251,1.5888348313685998,1.35,1.0765287867782936,1.498243272303813,-0.3302848556645957,-0.0366234090270164,-0.0596634580258537,-0.0756113267827554,1,27.709999084472656,26.760000228881836,5.595570513044084,2.175,0.8599999999999999,real_post_mid,0.2175,2.6,107.14999999999999,0.06302941176470588,fold_3,xgb,0.7407407164573669
ZBH,2024-06-30,2024-08-07,1.0,106.39,121.44,-0.55,-12.87,1.99,2.03,1.94,26.0,1.99,1.99,1.99,2.0,0.0,0.0,0.0,0.0,1941030000.0,1958700000.0,1924000000.0,24.0,8701.6,8437.28,104.53,39.99,3.18,-74.45,5.6,2.65,-11.82,-11.01,-18.76,0.23,-3.81,110.0,110.0,110.0,2024-08-16,3.625,3.4000000000000004,7.025,6.386363636363638,1.0,2.25,3.25,110.65,0.6500000000000057,0.52218,0.45389,0.488035,0.24414,49.974899341235776,-0.170725,343.0,244.0,2.6553480475382005,10.0,0.0,1,6.386363636363638,2024-08-06,523.0,511.3889770507813,0.2211442857142857,0.2072852777777777,0.2028413333333333,-0.0138590079365079,-0.0183029523809523,1,0.2699242857142857,0.1821228571428571,0.0878014285714285,0.0048792857142857,0.8082357841921248,0.8082357841921248,0.99601593625498,0.3069953430379926,0.1932204260486605,0.0279238596656251,1.5888348313685998,1.35,1.0765287867782936,1.498243272303813,-0.3302848556645957,-0.0366234090270164,-0.0596634580258537,-0.0756113267827554,1,27.709999084472656,26.760000228881836,5.595570513044084,7.025,3.25,real_post_mid,0.7025000000000001,2.6,304.65,0.027695454545454544,fold_3,xgb,1.0
ROK,2024-06-30,2024-08-07,1.0,265.11,270.5,-6.02,-7.89,2.08,2.33,1.98,18.0,2.08,2.09,2.1,2.51,0.0,0.0,3.0,0.0,2061540000.0,2301000000.0,1987160000.0,18.0,14612.0,12205.92,1939.73,1745.67,-6.54,3.62,3.19,-16.94,-38.42,-4.21,-22.83,-1.7,-3.24,250.0,260.0,250.0,2024-08-16,11.2,10.9,22.1,8.84,10.4,2.425,12.825,262.69,12.689999999999998,0.63925,0.69779,0.66852,0.3417,48.887093879016334,-0.2390149999999999,46.0,5.0,0.205,10.0,4.0000000000000036,1,4.839999999999996,2024-08-06,523.0,511.3889770507813,0.2211442857142857,0.2072852777777777,0.2028413333333333,-0.0138590079365079,-0.0183029523809523,1,0.2699242857142857,0.1821228571428571,0.0878014285714285,0.0048792857142857,0.8082357841921248,0.8082357841921248,0.99601593625498,0.3069953430379926,0.1932204260486605,0.0279238596656251,1.5888348313685998,1.35,1.0765287867782936,1.498243272303813,-0.3302848556645957,-0.0366234090270164,-0.0596634580258537,-0.0756113267827554,1,27.709999084472656,26.760000228881836,5.595570513044084,22.1,12.825,real_post_mid,2.2100000000000004,2.6,703.9000000000001,0.028156000000000004,fold_3,xgb,0.7407407164573669
NI,2024-06-30,2024-08-07,1.0,28.57,28.9,8.86,7.61,0.16,0.19,0.11,8.0,0.16,0.13,0.13,0.15,0.0,0.0,3.0,0.0,1164000000.0,1164000000.0,1164000000.0,1.0,2270.56,2162.4,78.93,85.55,-13.21,-69.01,-7.53,10.39,60.38,12.89,9.87,11.73,7.18,30.0,30.0,30.0,2024-08-16,1.2000000000000002,0.2,1.4,4.666666666666667,1.225,0.15,1.375,31.9,1.8999999999999984,0.28804,0.27829,0.283165,0.28804,-1.7216110748150435,-0.14146,224.0,0.0,0.1555555555555555,10.0,0.0,1,4.666666666666667,2024-08-06,523.0,511.3889770507813,0.2211442857142857,0.2072852777777777,0.2028413333333333,-0.0138590079365079,-0.0183029523809523,1,0.2699242857142857,0.1821228571428571,0.0878014285714285,0.0048792857142857,0.8082357841921248,0.8082357841921248,0.99601593625498,0.3069953430379926,0.1932204260486605,0.0279238596656251,1.5888348313685998,1.35,1.0765287867782936,1.498243272303813,-0.3302848556645957,-0.0366234090270164,-0.0596634580258537,-0.0756113267827554,1,27.709999084472656,26.760000228881836,5.595570513044084,1.4000000000000001,1.375,real_post_mid,0.14,2.6,-14.099999999999987,-0.004699999999999996,fold_3,xgb,0.7407407164573669
RL,2024-06-30,2024-08-07,1.0,177.07,168.04,-9.98,-5.15,2.47,2.56,2.39,15.0,2.47,2.45,2.45,2.64,2.0,0.0,4.0,0.0,1489550000.0,1502000000.0,1482000000.0,13.0,-16922.4,-9074.4,-2656.53,4905.73,5.55,0.0,3.9,-128.41,-106.0,14.1,12.62,1.51,1.03,165.0,160.0,165.0,2024-08-16,7.949999999999999,7.8,15.75,9.545454545454549,1.875,5.0,6.875,163.28,1.7199999999999989,0.7173,0.72706,0.72218,0.3514549999999999,51.33415491982609,-0.25853,1013.0,119.0,0.2549199084668192,10.0,3.0303030303030276,1,6.515151515151519,2024-08-06,523.0,511.3889770507813,0.2211442857142857,0.2072852777777777,0.2028413333333333,-0.0138590079365079,-0.0183029523809523,1,0.2699242857142857,0.1821228571428571,0.0878014285714285,0.0048792857142857,0.8082357841921248,0.8082357841921248,0.99601593625498,0.3069953430379926,0.1932204260486605,0.0279238596656251,1.5888348313685998,1.35,1.0765287867782936,1.498243272303813,-0.3302848556645957,-0.0366234090270164,-0.0596634580258537,-0.0756113267827554,1,27.709999084472656,26.760000228881836,5.595570513044084,15.75,6.875,real_post_mid,1.5750000000000002,2.6,727.4,0.044084848484848484,fold_3,xgb,0.7407407164573669
TTD,2024-06-30,2024-08-08,1.0,101.52,87.26,-13.05,1.16,0.35,0.41,0.3,17.0,0.35,0.35,0.35,0.34,1.0,0.0,1.0,0.0,577800000.0,587000000.0,575000000.0,26.0,-7751.2,-7885.76,66.67,71.31,28.33,-74.76,24.25,13.04,-36.59,1355.27,222.95,1.07,11.92,85.0,99.0,85.0,2024-08-09,5.225,5.199999999999999,10.425,12.26470588235294,14.25,0.01,14.26,99.3,14.299999999999995,2.09288,2.06361,2.078245,0.424625,79.56809712040688,-1.448745,227.0,52.0,0.5069641475367552,2.0,16.470588235294127,0,-4.205882352941186,2024-08-07,520.0,507.9707336425781,0.22463,0.206745,0.206745,-0.0178849999999999,-0.0178849999999999,1,0.26853,0.19048,0.0780499999999999,0.004875,0.8310765587190446,0.8310765587190446,0.99601593625498,0.2294939416324082,0.1930977607717018,0.0315322392282982,1.1884857738134902,1.38,1.142756720249506,1.2889992659367,-0.3799582376708712,-0.0583686702797301,-0.0668563505087412,-0.0817901566571597,1,27.850000381469727,27.010000228881836,5.387000381469726,10.424999999999999,14.26,real_post_mid,1.0425,2.6,-490.35000000000014,-0.057688235294117665,fold_3,xgb,0.7407407164573669
EPAM,2024-06-30,2024-08-08,1.0,182.59,183.4,4.69,4.23,2.26,2.29,2.21,19.0,2.26,2.26,2.26,2.38,2.0,0.0,4.0,0.0,1140100000.0,1145000000.0,1135020000.0,17.0,16288.8,15249.76,534.93,98.78,-3.76,-75.15,-3.3,-0.4,-10.55,-7.24,-8.17,-0.91,-0.46,210.0,195.0,210.0,2024-08-16,8.75,11.5,20.25,9.642857142857144,0.3,16.9,17.2,201.35,8.650000000000006,0.72706,0.81486,0.7709600000000001,0.400235,48.08615232956315,-0.2682850000000001,126.0,7.0,1.3752808988764045,9.0,7.14285714285714,1,2.5000000000000044,2024-08-07,520.0,507.9707336425781,0.22463,0.206745,0.206745,-0.0178849999999999,-0.0178849999999999,1,0.26853,0.19048,0.0780499999999999,0.004875,0.8310765587190446,0.8310765587190446,0.99601593625498,0.2294939416324082,0.1930977607717018,0.0315322392282982,1.1884857738134902,1.38,1.142756720249506,1.2889992659367,-0.3799582376708712,-0.0583686702797301,-0.0668563505087412,-0.0817901566571597,1,27.850000381469727,27.010000228881836,5.387000381469726,20.25,17.2,real_post_mid,2.025,2.6,99.90000000000009,0.004757142857142862,fold_3,xgb,0.7407407164573669
DDOG,2024-06-30,2024-08-08,1.0,126.63,118.97,-9.93,-4.13,0.37,0.54,0.34,36.0,0.37,0.37,0.36,0.36,0.0,0.0,0.0,0.0,624880000.0,649560000.0,621500000.0,36.0,4637.6,4357.6,112.0,93.03,26.89,-71.28,26.58,57.14,0.0,1007.35,134.3,2.73,9.22,108.0,112.0,108.0,2024-08-09,6.199999999999999,6.125,12.325,11.412037037037036,3.925,0.02,3.945,112.28,4.280000000000001,1.93678,1.92703,1.931905,0.39536,79.53522559339098,-1.346305,104.0,370.0,0.8205522197532031,2.0,3.703703703703698,1,7.708333333333338,2024-08-07,520.0,507.9707336425781,0.22463,0.206745,0.206745,-0.0178849999999999,-0.0178849999999999,1,0.26853,0.19048,0.0780499999999999,0.004875,0.8310765587190446,0.8310765587190446,0.99601593625498,0.2294939416324082,0.1930977607717018,0.0315322392282982,1.1884857738134902,1.38,1.142756720249506,1.2889992659367,-0.3799582376708712,-0.0583686702797301,-0.0668563505087412,-0.0817901566571597,1,27.850000381469727,27.010000228881836,5.387000381469726,12.325,3.945,real_post_mid,1.2325,2.6,712.1499999999999,0.0659398148148148,fold_3,xgb,0.7857142686843872
MLM,2024-06-30,2024-08-08,0.0,530.67,610.43,1.57,-11.7,5.36,5.85,4.86,18.0,5.4,6.03,6.48,6.45,0.0,0.0,0.0,2.0,1832330000.0,1962190000.0,1745770000.0,15.0,17869.6,15427.04,126.93,1562.05,-7.61,-81.54,7.97,-10.65,-58.32,370.03,625.0,-0.64,99.11,540.0,530.0,540.0,2024-08-16,15.85,15.75,31.6,5.851851851851852,6.199999999999999,12.05,18.25,534.93,5.07000000000005,0.48316,0.45389,0.4685249999999999,0.31731,32.274691852089006,-0.11707,15.0,13.0,0.4308943089430894,9.0,1.851851851851849,1,4.0000000000000036,2024-08-07,520.0,507.9707336425781,0.22463,0.206745,0.206745,-0.0178849999999999,-0.0178849999999999,1,0.26853,0.19048,0.0780499999999999,0.004875,0.8310765587190446,0.8310765587190446,0.99601593625498,0.2294939416324082,0.1930977607717018,0.0315322392282982,1.1884857738134902,1.38,1.142756720249506,1.2889992659367,-0.3799582376708712,-0.0583686702797301,-0.0668563505087412,-0.0817901566571597,1,27.850000381469727,27.010000228881836,5.387000381469726,31.6,18.25,real_post_mid,3.16,2.6,1016.4000000000001,0.018822222222222223,fold_3,xgb,0.7407407164573669
WMT,2024-07-31,2024-08-15,1.0,69.99,64.65,4.56,13.19,0.65,0.66,0.62,30.0,0.64,0.64,0.64,0.64,3.0,0.0,4.0,1.0,168533000000.0,169427000000.0,167259000000.0,27.0,-44687.04,-41405.44,-1620.27,2277.82,6.05,,5.67,-59.18,198.36,75.52,9.63,0.5,0.14,69.0,73.0,69.0,2024-08-16,1.745,2.24,3.985,5.77536231884058,4.5,0.01,4.51,73.45,4.450000000000003,0.94168,1.01973,0.980705,0.166095,83.06371436874494,-0.712175,2967.0,9160.0,0.7668097281831188,2.0,5.797101449275366,0,-0.0217391304347858,2024-08-14,545.0,532.543701171875,0.141705,0.136825,0.148533,-0.00488,0.0068279999999999,0,0.15146,0.12219,0.02927,-0.00488,0.2811276281170143,0.2876954688209389,0.7928286852589641,0.1530071129185833,0.2153952577744443,-0.0736902577744443,0.7103550676998095,1.08,-0.6936003526501364,0.9924088544953577,-0.5030387284388246,0.0483747702413641,-0.0373719664520909,-0.0373719664520909,1,16.190000534057617,18.450000762939453,2.019500534057615,3.9850000000000003,4.51,real_post_mid,0.3985000000000001,2.6,-94.94999999999995,-0.013760869565217384,fold_3,xgb,0.7407407164573669
MDT,2024-07-31,2024-08-20,1.0,79.48,85.76,7.42,-0.44,1.2,1.21,1.18,28.0,1.2,1.2,1.2,1.24,1.0,0.0,1.0,0.0,7892250000.0,7945000000.0,7832000000.0,26.0,1061.6,1184.8,-74.67,212.73,4.68,,4.81,0.0,-16.13,3.96,6.54,0.41,0.32,84.0,87.5,84.0,2024-08-23,1.175,1.205,2.38,2.833333333333333,3.88,0.03,3.91,88.35,4.349999999999994,0.19048,0.45389,0.322185,0.205115,36.33626643077735,-0.097555,477.0,766.0,1.189945148752225,4.0,4.166666666666674,0,-1.333333333333341,2024-08-19,577.0,548.0767211914062,0.1207971428571428,0.12219,0.136825,0.0013928571428571,0.0160278571428571,0,0.1486714285714286,0.10268,0.0459914285714286,0.0048785714285714,0.1428618665003944,0.1506929460386702,0.5418326693227091,0.1109831587761383,0.2192424999882649,-0.098445357131122,0.5062118831069652,1.07,-0.9565142277998774,1.513728224456828,-0.4282659159489904,0.0493930663567772,0.0193442596897817,-0.009294419983025,1,14.649999618530272,17.59000015258789,2.5702853328159883,2.38,3.91,real_post_mid,0.238,2.6,-179.4,-0.02135714285714286,fold_3,xgb,0.7407407164573669
KEYS,2024-07-31,2024-08-20,1.0,137.4,147.48,0.85,-6.04,1.35,1.37,1.33,10.0,1.35,1.35,1.35,1.36,0.0,0.0,0.0,0.0,1194140000.0,1199200000.0,1190000000.0,8.0,5410.4,5703.52,315.73,704.6,-12.52,-3.42,-6.99,-33.49,-13.5,-39.22,-50.0,-2.65,-10.91,140.0,160.0,140.0,2024-09-20,5.7,6.6,12.3,8.785714285714285,18.3,0.45,18.75,152.42,12.419999999999987,0.37584,0.37584,0.37584,0.234385,37.6370263942103,-0.06829,89.0,94.0,0.983490566037736,32.0,14.28571428571428,0,-5.499999999999995,2024-08-19,577.0,548.0767211914062,0.1207971428571428,0.12219,0.136825,0.0013928571428571,0.0160278571428571,0,0.1486714285714286,0.10268,0.0459914285714286,0.0048785714285714,0.1428618665003944,0.1506929460386702,0.5418326693227091,0.1109831587761383,0.2192424999882649,-0.098445357131122,0.5062118831069652,1.07,-0.9565142277998774,1.513728224456828,-0.4282659159489904,0.0493930663567772,0.0193442596897817,-0.009294419983025,1,14.649999618530272,17.59000015258789,2.5702853328159883,12.3,18.75,real_post_mid,1.2300000000000002,2.6,-770.6,-0.05504285714285714,fold_3,xgb,0.7407407164573669
A,2024-07-31,2024-08-21,1.0,133.42,150.55,4.92,-7.01,1.26,1.27,1.22,16.0,1.26,1.26,1.27,1.45,0.0,0.0,0.0,0.0,1557570000.0,1572000000.0,1545000000.0,14.0,5693.6,5606.56,145.07,196.5,-8.39,-5.13,-5.55,-3.94,-5.43,-7.63,-5.22,0.61,0.77,140.0,140.0,140.0,2024-09-20,5.35,4.9,10.25,7.321428571428572,4.25,3.125,7.375,140.09,0.0900000000000034,0.31731,0.31731,0.31731,0.229505,27.671677539314853,-0.0341449999999999,1879.0,104.0,0.7523510971786834,31.0,0.0,1,7.321428571428572,2024-08-20,577.0,547.1856079101562,0.1214978571428571,0.12257,0.1319449999999999,0.0010721428571428,0.0104471428571428,0,0.1598257142857142,0.11244,0.0473857142857142,0.014635,0.1474957605301817,0.155284503376971,0.5617529880478087,0.1160235338057631,0.2167107017319323,-0.0952128445890752,0.5353844220821284,1.03,-1.1696169732629476,1.35700149003286,-0.4883922910598224,0.03073585876633,0.007301826428506,-0.0109051997626196,1,15.880000114440918,18.280000686645508,3.730214400155205,10.25,7.375,real_post_mid,1.0250000000000001,2.6,182.4,0.01302857142857143,fold_3,xgb,0.7407407164573669
NDSN,2024-07-31,2024-08-21,1.0,240.57,237.9,3.0,4.15,2.33,2.38,2.3,7.0,2.33,2.33,2.33,2.39,0.0,0.0,1.0,0.0,656230000.0,658900000.0,652700000.0,7.0,3426.4,3006.56,358.4,362.95,0.07,2.76,0.51,3.54,5.88,1.74,-2.26,2.07,-0.61,240.0,260.0,240.0,2024-09-20,7.5,7.75,15.25,6.354166666666666,17.1,1.0,18.1,255.58,15.580000000000013,0.25877,0.28804,0.273405,0.185605,32.11353120828075,-0.03902,514.0,4.0,0.7333333333333333,31.0,8.333333333333325,0,-1.979166666666659,2024-08-20,577.0,547.1856079101562,0.1214978571428571,0.12257,0.1319449999999999,0.0010721428571428,0.0104471428571428,0,0.1598257142857142,0.11244,0.0473857142857142,0.014635,0.1474957605301817,0.155284503376971,0.5617529880478087,0.1160235338057631,0.2167107017319323,-0.0952128445890752,0.5353844220821284,1.03,-1.1696169732629476,1.35700149003286,-0.4883922910598224,0.03073585876633,0.007301826428506,-0.0109051997626196,1,15.880000114440918,18.280000686645508,3.730214400155205,15.25,18.1,real_post_mid,1.5250000000000001,2.6,-440.1000000000002,-0.018337500000000007,fold_3,xgb,0.7407407164573669
SNPS,2024-07-31,2024-08-21,1.0,587.71,586.3,-3.92,-3.69,3.28,3.3,3.26,10.0,2.98,3.28,3.28,3.22,0.0,0.0,0.0,0.0,1518870000.0,1522000000.0,1508300000.0,10.0,6437.6,6460.64,288.0,483.54,14.78,-3.87,11.56,18.11,-15.73,13.65,13.94,-0.49,-0.17,560.0,550.0,560.0,2024-09-20,25.450000000000003,25.8,51.25,9.151785714285714,16.9,25.85,42.75,506.65,53.35000000000002,0.39536,0.39536,0.39536,0.3417,13.57244030756778,-0.0292699999999999,353.0,46.0,1.0710900473933649,31.0,1.7857142857142905,1,7.366071428571424,2024-08-20,577.0,547.1856079101562,0.1214978571428571,0.12257,0.1319449999999999,0.0010721428571428,0.0104471428571428,0,0.1598257142857142,0.11244,0.0473857142857142,0.014635,0.1474957605301817,0.155284503376971,0.5617529880478087,0.1160235338057631,0.2167107017319323,-0.0952128445890752,0.5353844220821284,1.03,-1.1696169732629476,1.35700149003286,-0.4883922910598224,0.03073585876633,0.007301826428506,-0.0109051997626196,1,15.880000114440918,18.280000686645508,3.730214400155205,51.25,42.75,real_post_mid,5.125,2.6,334.9,0.005980357142857142,fold_3,xgb,0.7407407164573669
WSM,2024-07-31,2024-08-22,1.0,156.04,287.81,-16.37,-54.66,1.6,1.78,1.5,16.0,1.59,1.59,3.17,3.21,3.0,0.0,4.0,0.0,1809820000.0,1860400000.0,1774700000.0,18.0,18912.8,16796.0,701.87,1572.58,-5.42,,-11.65,73.19,-45.44,46.66,58.97,9.43,7.74,145.0,140.0,145.0,2024-09-20,8.899999999999999,9.5,18.4,12.689655172413792,3.7,8.65,12.35,148.81,3.8100000000000023,0.55145,0.56121,0.55633,0.37584,32.44297449355598,-0.0877999999999999,266.0,297.0,1.4712019126276896,30.0,3.4482758620689613,1,9.241379310344833,2024-08-21,578.0,549.0660400390625,0.122195,0.122945,0.136825,0.00075,0.01463,0,0.16122,0.11244,0.04878,0.014635,0.1521060363437112,0.1598526582823551,0.6254980079681275,0.1155969987539695,0.2168458235459621,-0.0946508235459621,0.533083814406358,0.92,-1.6402696107472634,0.7901087910863653,-0.5788348505119437,0.0310253202334938,0.0123514808058975,-0.0075061234455285,1,16.270000457763672,18.579999923706055,4.050500457763672,18.4,12.35,real_post_mid,1.8399999999999999,2.6,418.39999999999986,0.028855172413793095,fold_3,xgb,0.7407407164573669
NVDA,2024-07-31,2024-08-28,1.0,111.59,1105.0,12.56,-88.63,0.64,0.71,0.6,39.0,0.57,0.63,0.63,5.86,3.0,0.0,8.0,0.0,25675700000.0,27245700000.0,23992800000.0,40.0,-85632.0,-76919.74,-1909.97,6214.91,262.12,,190.87,461.47,236.0,567.66,690.14,13.72,35.16,128.0,118.0,128.0,2024-08-30,7.075,6.625,13.7,10.703125,0.065,10.4,10.465,119.37,8.629999999999995,1.48801,1.4685,1.478255,0.65389,55.76608907123601,-0.8146099999999998,25508.0,32386.0,0.603872986423706,3.0,7.8125,1,2.890625,2024-08-27,579.0,549.9866943359375,0.1131321428571428,0.117315,0.1319449999999999,0.0041828571428571,0.0188128571428571,0,0.15146,0.1040742857142857,0.0473857142857143,0.0146349999999999,0.0,0.1004666445123636,0.398406374501992,0.1088089785034242,0.2007788244808471,-0.0876466816237042,0.5419345331101084,1.05,-0.9250729343537496,0.7198845304752605,-0.6065221581934207,0.005119079130168,0.0308392107263317,-0.0058419452129665,1,15.43000030517578,17.729999542236328,4.116786019461493,13.7,10.465,real_post_mid,1.37,2.6,183.89999999999995,0.014367187499999996,fold_3,xgb,0.7407407164573669
COO,2024-07-31,2024-08-28,1.0,92.61,90.23,2.08,4.78,0.91,0.94,0.89,15.0,0.91,0.91,0.91,0.92,0.0,0.0,0.0,1.0,997300000.0,1007000000.0,988500000.0,13.0,2250.4,2361.92,126.93,376.1,7.43,1.18,8.73,-72.4,0.0,40.93,67.91,0.53,6.17,95.0,107.5,95.0,2024-09-20,3.0250000000000004,3.4,6.425000000000001,6.763157894736843,11.15,0.15,11.3,110.49,15.489999999999997,0.32707,0.33682,0.331945,0.21975,33.79927397611051,-0.058535,1564.0,305.0,2.888544891640867,24.0,13.157894736842104,0,-6.394736842105259,2024-08-27,579.0,549.9866943359375,0.1131321428571428,0.117315,0.1319449999999999,0.0041828571428571,0.0188128571428571,0,0.15146,0.1040742857142857,0.0473857142857143,0.0146349999999999,0.0,0.1004666445123636,0.398406374501992,0.1088089785034242,0.2007788244808471,-0.0876466816237042,0.5419345331101084,1.05,-0.9250729343537496,0.7198845304752605,-0.6065221581934207,0.005119079130168,0.0308392107263317,-0.0058419452129665,1,15.43000030517578,17.729999542236328,4.116786019461493,6.425000000000001,11.3,real_post_mid,0.6425000000000001,2.6,-554.35,-0.05835263157894737,fold_3,xgb,0.7407407164573669
LULU,2024-07-31,2024-08-29,1.0,256.0,311.99,1.18,-16.98,2.93,3.0,2.79,25.0,2.94,2.95,2.96,3.02,0.0,0.0,1.0,5.0,2408200000.0,2439600000.0,2362200000.0,24.0,3359.2,3675.04,-126.93,740.73,10.4,,15.65,11.4,-1.93,8.83,7.78,0.2,-0.47,260.0,260.0,260.0,2024-08-30,13.275,14.325,27.6,10.615384615384617,0.17,1.005,1.1749999999999998,259.47,0.5299999999999727,1.80996,1.8002,1.80508,0.34658,80.79974294768098,-1.243875,510.0,386.0,0.6659627104326313,2.0,0.0,1,10.615384615384617,2024-08-28,575.0,546.7938842773438,0.12707,0.12707,0.136825,-2.7755575615628914e-17,0.0097549999999999,0,0.17097,0.10268,0.06829,0.0097549999999999,0.1015307927654172,0.1917969792139592,0.6932270916334662,0.1155218579101378,0.2010992155408263,-0.0740292155408262,0.5744520564113543,1.06,-0.8060882958596807,1.154454658272326,-0.4687446284909329,-0.0041382194417944,0.0300738808213987,-0.0116132809013482,1,17.110000610351562,18.899999618530273,4.403000610351562,27.6,1.1749999999999998,real_post_mid,2.7600000000000002,2.6,2363.9,0.09091923076923077,fold_3,xgb,0.7407407164573669
DLTR,2024-07-31,2024-09-04,0.0,96.5,112.37,-34.13,-43.44,1.04,1.09,0.95,22.0,1.05,1.06,1.06,1.14,0.0,0.0,1.0,1.0,7487840000.0,7565000000.0,7235930000.0,21.0,2048.8,2207.84,-358.4,347.52,-43.08,,-10.57,-2.72,-62.47,-18.7,-9.01,4.99,3.43,82.0,68.0,82.0,2024-09-06,5.0,5.300000000000001,10.3,12.560975609756095,0.055,13.5,13.555,66.5,15.5,1.74167,1.74167,1.74167,0.683155,60.77586454379992,-1.16583,6.0,130.0,0.902835813887976,3.0,17.07317073170732,0,-4.512195121951224,2024-09-03,569.0,540.7019653320312,0.13560625,0.1387763333333333,0.1514599999999999,0.0031700833333333,0.0158537499999999,0,0.1978,0.1197524999999999,0.0780475,0.0231699999999999,0.1776342943491995,0.24773230425035,0.7649402390438247,0.1791476559420936,0.1910857613453688,-0.0554795113453688,0.9375248824442852,1.03,-0.8500860755191916,2.2482036230235636,0.1912710300615919,-0.0155318156349647,0.0359916562713094,-0.0226250569151382,1,20.719999313354492,21.700000762939453,7.1593743133544905,10.3,13.555,real_post_mid,1.03,2.6,-431.09999999999997,-0.052573170731707315,fold_3,xgb,0.7407407164573669
GIS,2024-08-31,2024-09-18,1.0,69.82,66.69,7.43,12.48,1.06,1.1,1.0,17.0,1.05,1.05,1.05,1.14,3.0,0.0,5.0,1.0,4801160000.0,4866150000.0,4731000000.0,15.0,2962.4,2769.28,18.13,247.06,-0.52,,0.53,20.62,18.18,24.32,24.72,1.0,3.61,75.0,75.0,75.0,2024-09-20,1.225,1.7,2.925,3.9,0.175,0.275,0.45,74.51,0.4899999999999949,0.54169,0.54169,0.54169,0.141705,73.84020380660526,-0.32682,3409.0,3041.0,1.1324257425742574,3.0,0.0,1,3.9,2024-09-17,564.0,551.4655151367188,0.1375221428571428,0.1605182142857142,0.1554064285714285,0.0229960714285714,0.0178842857142856,0,0.18073,0.11244,0.0682899999999999,0.0090628571428571,0.2346988082861452,0.260286539388635,0.7649402390438247,0.0673672630510731,0.1363860834918123,0.0011360593653305,0.4939452862514188,1.14,0.0400739059342215,2.7478932809498415,1.2351511631556262,0.0260208015607417,0.0158035554879993,-0.0031688230705148,1,17.610000610351562,20.1299991607666,3.857786324637276,2.925,0.45,real_post_mid,0.2925,2.6,215.64999999999998,0.02875333333333333,fold_3,xgb,0.7407407164573669
ARE,2024-09-30,2024-10-21,0.0,121.25,121.41,-1.43,-1.56,0.88,0.91,0.87,4.0,0.88,0.88,0.88,0.84,0.0,0.0,0.0,0.0,765520000.0,774290000.0,746860000.0,6.0,242.4,-444.0,256.0,199.36,7.22,-0.05,9.04,72.55,-1.12,1.47,17.04,1.31,2.25,120.0,120.0,120.0,2024-11-15,5.0,2.85,7.85,6.541666666666666,2.425,4.05,6.475,105.58,14.420000000000002,0.28804,0.28804,0.28804,0.25877,10.161783085682549,-0.029265,339.0,28.0,0.1067323481116584,28.0,0.0,1,6.541666666666666,2024-10-18,600.0,574.2981567382812,0.12707,0.1312485714285714,0.1319449999999999,0.0041785714285713,0.0048749999999999,0,0.17097,0.12219,0.04878,0.0195099999999999,0.0921350739022552,0.1917969792139592,0.6693227091633466,0.0958807900229148,0.087439418122468,0.0396305818775319,1.0965396623365415,1.26,-0.2144723743509695,0.507356934510485,-1.0146373374692372,0.0086442192888969,0.0269764516779325,0.0,1,18.030000686645508,19.190000534057617,5.323000686645507,7.85,6.475,real_post_mid,0.785,2.6,56.4,0.0047,fold_4,xgb,0.7647058963775635
PKG,2024-09-30,2024-10-22,1.0,212.9,193.28,1.77,12.1,2.5,2.58,2.45,6.0,2.49,2.48,2.48,2.43,1.0,0.0,3.0,0.0,2094470000.0,2124400000.0,2045000000.0,6.0,15354.4,14578.72,320.0,393.83,6.31,4.84,-5.09,-4.76,27.91,-1.15,-2.95,-1.69,-1.27,220.0,230.0,220.0,2024-11-15,6.5,6.6,13.1,5.954545454545455,10.9,2.1,12.999999999999998,235.81,15.810000000000002,0.28804,0.28804,0.28804,0.22463,22.01430356894876,-0.0439,9.0,1.0,2.0,25.0,4.545454545454541,1,1.4090909090909136,2024-10-21,600.0,573.3550415039062,0.13195,0.136825,0.1319449999999999,0.0048749999999999,-5.000000000032756e-06,1,0.18073,0.13195,0.0487799999999999,0.0243899999999999,0.1842701478045099,0.2237740635516469,0.7410358565737052,0.0780997820209745,0.0874024789789387,0.0445475210210612,0.8935648385876346,1.2,-0.6520389056516837,0.562325017014662,-1.0803796736704707,-0.0011808668941,0.0270654800301761,-0.0016422048779181,1,18.3700008392334,19.239999771118164,5.175000839233398,13.1,12.999999999999998,real_post_mid,1.31,2.6,-123.59999999999985,-0.005618181818181811,fold_4,xgb,0.7857142686843872
PCAR,2024-09-30,2024-10-22,1.0,98.91,98.9,5.94,5.96,1.82,1.89,1.77,14.0,1.82,1.82,1.82,1.84,1.0,0.0,4.0,0.0,7649970000.0,8047000000.0,7302530000.0,11.0,-11487.2,-12141.76,97.6,530.57,-1.35,0.42,15.17,-8.58,-6.17,-5.3,-16.3,-2.3,-2.62,110.0,105.0,110.0,2024-11-15,4.75,5.3,10.05,9.136363636363637,0.7,6.35,7.05,112.26,2.260000000000005,0.41487,0.46365,0.43926,0.263655,39.97746209534217,-0.1170749999999999,657.0,453.0,3.487958115183246,25.0,4.545454545454541,1,4.590909090909095,2024-10-21,600.0,573.3550415039062,0.13195,0.136825,0.1319449999999999,0.0048749999999999,-5.000000000032756e-06,1,0.18073,0.13195,0.0487799999999999,0.0243899999999999,0.1842701478045099,0.2237740635516469,0.7410358565737052,0.0780997820209745,0.0874024789789387,0.0445475210210612,0.8935648385876346,1.2,-0.6520389056516837,0.562325017014662,-1.0803796736704707,-0.0011808668941,0.0270654800301761,-0.0016422048779181,1,18.3700008392334,19.239999771118164,5.175000839233398,10.05,7.05,real_post_mid,1.0050000000000001,2.6,196.9000000000001,0.01790000000000001,fold_4,xgb,1.0
PNR,2024-09-30,2024-10-22,1.0,94.8,83.8,3.71,17.33,1.07,1.09,1.06,16.0,1.07,1.07,1.07,1.07,0.0,0.0,2.0,0.0,988790000.0,1006000000.0,982000000.0,16.0,5639.2,5356.32,126.93,72.92,1.55,8.07,-0.8,18.45,29.79,14.14,18.94,2.92,3.3,100.0,97.5,100.0,2024-11-15,2.375,3.5999999999999996,5.975,5.975,1.125,2.75,3.875,105.92,5.920000000000002,0.28804,0.27829,0.283165,0.2197549999999999,22.39330425723519,-0.02927,1764.0,41.0,2.7083333333333335,25.0,2.500000000000002,1,3.4749999999999974,2024-10-21,600.0,573.3550415039062,0.13195,0.136825,0.1319449999999999,0.0048749999999999,-5.000000000032756e-06,1,0.18073,0.13195,0.0487799999999999,0.0243899999999999,0.1842701478045099,0.2237740635516469,0.7410358565737052,0.0780997820209745,0.0874024789789387,0.0445475210210612,0.8935648385876346,1.2,-0.6520389056516837,0.562325017014662,-1.0803796736704707,-0.0011808668941,0.0270654800301761,-0.0016422048779181,1,18.3700008392334,19.239999771118164,5.175000839233398,5.975,3.875,real_post_mid,0.5975,2.6,147.64999999999995,0.014764999999999995,fold_4,xgb,0.7647058963775635
BKR,2024-09-30,2024-10-22,1.0,36.04,34.9,-0.17,3.09,0.61,0.63,0.56,19.0,0.61,0.61,0.61,0.55,1.0,0.0,3.0,3.0,7216390000.0,7378000000.0,7113830000.0,19.0,741.6,506.4,136.53,52.31,13.05,11.23,18.54,46.15,32.56,21.73,64.79,0.11,3.72,36.0,37.0,36.0,2024-11-15,1.45,1.0750000000000002,2.5250000000000004,7.01388888888889,1.65,0.7,2.3499999999999996,42.94,6.939999999999998,0.30755,0.35633,0.33194,0.30268,8.81484605651624,-0.03902,749.0,14.0,1.1869918699186992,25.0,2.777777777777768,1,4.236111111111122,2024-10-21,600.0,573.3550415039062,0.13195,0.136825,0.1319449999999999,0.0048749999999999,-5.000000000032756e-06,1,0.18073,0.13195,0.0487799999999999,0.0243899999999999,0.1842701478045099,0.2237740635516469,0.7410358565737052,0.0780997820209745,0.0874024789789387,0.0445475210210612,0.8935648385876346,1.2,-0.6520389056516837,0.562325017014662,-1.0803796736704707,-0.0011808668941,0.0270654800301761,-0.0016422048779181,1,18.3700008392334,19.239999771118164,5.175000839233398,2.5250000000000004,2.3499999999999996,real_post_mid,0.25250000000000006,2.6,-10.349999999999934,-0.0028749999999999817,fold_4,xgb,1.0
IPG,2024-09-30,2024-10-22,0.0,31.11,29.57,-4.28,0.71,0.7,0.72,0.65,9.0,0.7,0.7,0.7,0.7,0.0,0.0,0.0,0.0,2301940000.0,2324120000.0,2285100000.0,6.0,6428.0,6255.2,38.4,71.84,1.63,8.58,0.11,7.02,69.44,4.42,2.41,0.57,0.09,32.0,30.0,32.0,2024-11-15,0.8,1.1,1.9,5.9375,0.125,2.0,2.125,27.09,4.91,0.27829,0.28804,0.283165,0.22463,20.671693182420142,-0.02927,91.0,112.0,0.8718801996672213,25.0,6.25,0,-0.3125,2024-10-21,600.0,573.3550415039062,0.13195,0.136825,0.1319449999999999,0.0048749999999999,-5.000000000032756e-06,1,0.18073,0.13195,0.0487799999999999,0.0243899999999999,0.1842701478045099,0.2237740635516469,0.7410358565737052,0.0780997820209745,0.0874024789789387,0.0445475210210612,0.8935648385876346,1.2,-0.6520389056516837,0.562325017014662,-1.0803796736704707,-0.0011808668941,0.0270654800301761,-0.0016422048779181,1,18.3700008392334,19.239999771118164,5.175000839233398,1.9000000000000001,2.125,real_post_mid,0.19000000000000003,2.6,-44.099999999999994,-0.013781249999999998,fold_4,xgb,0.8881751894950867
IVZ,2024-09-30,2024-10-22,1.0,17.17,16.58,5.07,8.81,0.43,0.47,0.37,15.0,0.43,0.42,0.42,0.43,1.0,0.0,6.0,0.0,1106660000.0,1128580000.0,1083100000.0,9.0,4511.2,4505.44,-33.6,153.6,2.81,0.54,-2.3,38.71,30.3,9.1,1.47,1.14,-0.19,18.0,17.0,18.0,2024-11-15,0.7749999999999999,0.8500000000000001,1.625,9.027777777777777,0.375,1.0,1.375,17.67,0.3299999999999983,0.3856,0.4734,0.4295,0.375845,12.492433061699652,-0.078045,1082.0,2767.0,1.1447839831401476,25.0,5.555555555555558,1,3.4722222222222188,2024-10-21,600.0,573.3550415039062,0.13195,0.136825,0.1319449999999999,0.0048749999999999,-5.000000000032756e-06,1,0.18073,0.13195,0.0487799999999999,0.0243899999999999,0.1842701478045099,0.2237740635516469,0.7410358565737052,0.0780997820209745,0.0874024789789387,0.0445475210210612,0.8935648385876346,1.2,-0.6520389056516837,0.562325017014662,-1.0803796736704707,-0.0011808668941,0.0270654800301761,-0.0016422048779181,1,18.3700008392334,19.239999771118164,5.175000839233398,1.625,1.375,real_post_mid,0.1625,2.6,6.15,0.003416666666666667,fold_4,xgb,1.0
ROP,2024-09-30,2024-10-23,1.0,557.75,540.89,-2.66,0.38,4.53,4.56,4.5,13.0,4.53,4.53,4.53,4.56,1.0,0.0,3.0,1.0,1727360000.0,1771300000.0,1693000000.0,13.0,13306.4,13059.36,192.0,94.56,12.12,2.15,14.56,8.74,1.59,1.7,13.53,-0.18,0.36,550.0,550.0,550.0,2024-11-15,16.5,13.55,30.05,5.463636363636364,7.75,12.85,20.6,548.23,1.7699999999999818,0.25877,0.27829,0.26853,0.185605,30.88109336014597,-0.053655,33.0,2.0,0.2884615384615384,24.0,0.0,1,5.463636363636364,2024-10-22,600.0,573.050537109375,0.136825,0.1319449999999999,0.1319449999999999,-0.00488,-0.00488,1,0.18073,0.13195,0.0487799999999999,0.019515,0.2763108210162909,0.2557183844832509,0.7888446215139442,0.0428390099858035,0.08749731154241,0.0493276884575899,0.4896037287390187,1.06,-1.5921159639028604,0.4920121044505344,-1.174754773892288,0.0061057351561024,0.0239614254488473,-0.0021724249229565,1,18.200000762939453,19.170000076293945,4.517500762939452,30.05,20.6,real_post_mid,3.0050000000000003,2.6,641.8999999999999,0.011670909090909088,fold_4,xgb,0.7647058963775635
TDY,2024-09-30,2024-10-23,1.0,432.74,415.7,8.63,13.08,4.97,4.99,4.93,8.0,4.97,4.97,4.97,5.0,1.0,0.0,1.0,0.0,1416900000.0,1438640000.0,1381240000.0,7.0,42741.6,42031.2,179.2,660.94,-3.55,1.78,1.37,-1.93,0.66,-3.36,-3.55,-0.28,0.0,440.0,470.0,440.0,2024-11-15,14.55,11.6,26.15,5.943181818181819,36.2,1.25,37.45,470.15,30.149999999999977,0.26853,0.30755,0.2880399999999999,0.190485,33.86855992223301,-0.0536549999999999,1.0,1.0,0.4705882352941176,24.0,6.818181818181812,0,-0.8749999999999929,2024-10-22,600.0,573.050537109375,0.136825,0.1319449999999999,0.1319449999999999,-0.00488,-0.00488,1,0.18073,0.13195,0.0487799999999999,0.019515,0.2763108210162909,0.2557183844832509,0.7888446215139442,0.0428390099858035,0.08749731154241,0.0493276884575899,0.4896037287390187,1.06,-1.5921159639028604,0.4920121044505344,-1.174754773892288,0.0061057351561024,0.0239614254488473,-0.0021724249229565,1,18.200000762939453,19.170000076293945,4.517500762939452,26.15,37.45,real_post_mid,2.615,2.6,-1394.1000000000004,-0.03168409090909092,fold_4,xgb,0.7857142686843872
CME,2024-09-30,2024-10-23,1.0,215.86,199.38,5.23,13.92,2.65,2.73,2.61,15.0,2.63,2.48,2.44,2.41,0.0,0.0,11.0,1.0,1579190000.0,1646000000.0,1456000000.0,14.0,4722.4,4426.08,112.53,64.43,12.67,3.0,9.81,11.3,2.4,11.6,19.32,1.76,3.64,230.0,230.0,230.0,2024-11-15,3.3,6.449999999999999,9.75,4.239130434782608,4.3,3.95,8.25,225.28,4.719999999999999,0.20024,0.20024,0.20024,0.18073,9.743308030363565,-0.0146349999999999,1258.0,717.0,0.575249500998004,24.0,0.0,1,4.239130434782608,2024-10-22,600.0,573.050537109375,0.136825,0.1319449999999999,0.1319449999999999,-0.00488,-0.00488,1,0.18073,0.13195,0.0487799999999999,0.019515,0.2763108210162909,0.2557183844832509,0.7888446215139442,0.0428390099858035,0.08749731154241,0.0493276884575899,0.4896037287390187,1.06,-1.5921159639028604,0.4920121044505344,-1.174754773892288,0.0061057351561024,0.0239614254488473,-0.0021724249229565,1,18.200000762939453,19.170000076293945,4.517500762939452,9.75,8.25,real_post_mid,0.9750000000000001,2.6,49.89999999999999,0.0021695652173913038,fold_4,xgb,0.7647058963775635
HLT,2024-09-30,2024-10-23,1.0,224.66,213.18,3.93,9.53,1.85,1.91,1.8,19.0,1.85,1.85,1.84,1.9,1.0,0.0,2.0,2.0,2905150000.0,2963000000.0,2825530000.0,11.0,5340.0,4909.6,208.53,61.0,10.94,14.69,14.53,17.18,24.84,6.98,7.57,-1.34,-0.77,240.0,240.0,240.0,2024-11-15,6.15,7.35,13.5,5.625,3.35,7.449999999999999,10.8,248.41,8.409999999999997,0.27829,0.27829,0.27829,0.21975,21.035610334543097,-0.0390299999999999,760.0,113.0,8.02359108781127,24.0,0.0,1,5.625,2024-10-22,600.0,573.050537109375,0.136825,0.1319449999999999,0.1319449999999999,-0.00488,-0.00488,1,0.18073,0.13195,0.0487799999999999,0.019515,0.2763108210162909,0.2557183844832509,0.7888446215139442,0.0428390099858035,0.08749731154241,0.0493276884575899,0.4896037287390187,1.06,-1.5921159639028604,0.4920121044505344,-1.174754773892288,0.0061057351561024,0.0239614254488473,-0.0021724249229565,1,18.200000762939453,19.170000076293945,4.517500762939452,13.5,10.8,real_post_mid,1.35,2.6,132.39999999999992,0.005516666666666664,fold_4,xgb,0.7857142686843872
DOC,2024-09-30,2024-10-24,0.0,22.77,21.9,1.01,5.02,0.07,0.15,0.03,8.0,0.07,0.06,0.06,0.12,0.0,0.0,1.0,1.0,680250000.0,694440000.0,658560000.0,10.0,2108.0,1854.56,51.2,257.6,27.51,14.66,10.58,320.0,2000.0,70.55,11.37,1.3,-2.32,22.5,22.5,22.5,2024-11-15,0.8,0.375,1.175,5.222222222222222,0.35,0.75,1.1,20.86,1.6400000000000006,0.15146,0.2978,0.22463,0.258775,-15.200552018875475,-0.0097599999999999,385.0,45.0,0.0974025974025974,23.0,0.0,1,5.222222222222222,2024-10-23,595.0,567.8143920898438,0.1417,0.136825,0.1382192857142857,-0.0048749999999999,-0.0034807142857142,1,0.19048,0.1417,0.04878,0.02439,0.3683514942280719,0.287662705414855,0.8087649402390438,0.0756964190949694,0.0941789284329969,0.047521071567003,0.8037511187953609,0.97,-1.9136062937420149,1.7362974115286185,1.8022453233950777,-0.0074016987886722,0.0117102143889258,-0.0112898928411366,1,19.239999771118164,20.040000915527344,5.069999771118164,1.175,1.1,real_post_mid,0.11750000000000001,2.6,-6.850000000000005,-0.003044444444444447,fold_4,xgb,0.7857142686843872
KDP,2024-09-30,2024-10-24,0.0,37.83,33.74,-7.64,3.56,0.51,0.51,0.5,15.0,0.51,0.51,0.51,0.52,1.0,0.0,2.0,0.0,3926270000.0,3963000000.0,3883600000.0,12.0,8320.8,8252.8,27.2,33.31,3.51,13.09,4.79,7.14,18.42,12.6,11.96,1.51,1.65,37.0,35.0,37.0,2024-11-15,0.8,1.0,1.8,4.864864864864865,0.1,2.425,2.525,31.66,5.34,0.23926,0.24902,0.24414,0.19048,21.9791922667322,-0.0487799999999999,708.0,231.0,0.2438936781609195,23.0,5.405405405405405,0,-0.5405405405405403,2024-10-23,595.0,567.8143920898438,0.1417,0.136825,0.1382192857142857,-0.0048749999999999,-0.0034807142857142,1,0.19048,0.1417,0.04878,0.02439,0.3683514942280719,0.287662705414855,0.8087649402390438,0.0756964190949694,0.0941789284329969,0.047521071567003,0.8037511187953609,0.97,-1.9136062937420149,1.7362974115286185,1.8022453233950777,-0.0074016987886722,0.0117102143889258,-0.0112898928411366,1,19.239999771118164,20.040000915527344,5.069999771118164,1.8,2.525,real_post_mid,0.18000000000000002,2.6,-93.09999999999998,-0.025162162162162157,fold_4,xgb,0.7647058963775635
DTE,2024-09-30,2024-10-24,1.0,125.29,118.19,3.58,9.8,1.88,2.1,1.77,14.0,1.83,1.77,1.78,1.83,5.0,0.0,7.0,1.0,2982140000.0,3330530000.0,2521440000.0,5.0,9085.6,8604.32,522.67,509.11,7.12,-11.27,-29.71,44.44,-14.37,21.66,26.45,2.72,2.67,130.0,125.0,130.0,2024-11-15,2.45,2.6,5.050000000000001,3.884615384615385,1.125,4.3,5.425,120.09,9.909999999999997,0.17097,0.21,0.190485,0.21,-10.244901173320722,0.0146299999999999,515.0,27.0,2.3981481481481484,23.0,3.846153846153843,1,0.0384615384615414,2024-10-23,595.0,567.8143920898438,0.1417,0.136825,0.1382192857142857,-0.0048749999999999,-0.0034807142857142,1,0.19048,0.1417,0.04878,0.02439,0.3683514942280719,0.287662705414855,0.8087649402390438,0.0756964190949694,0.0941789284329969,0.047521071567003,0.8037511187953609,0.97,-1.9136062937420149,1.7362974115286185,1.8022453233950777,-0.0074016987886722,0.0117102143889258,-0.0112898928411366,1,19.239999771118164,20.040000915527344,5.069999771118164,5.050000000000001,5.425,real_post_mid,0.5050000000000001,2.6,-90.59999999999992,-0.006969230769230763,fold_4,xgb,0.8333333134651184
DOV,2024-09-30,2024-10-24,0.0,192.63,185.23,-4.08,-0.24,2.29,2.46,2.13,15.0,2.34,2.43,2.43,2.46,0.0,0.0,1.0,3.0,2045220000.0,2231000000.0,1952000000.0,15.0,9122.4,8554.24,203.2,178.67,-7.2,3.45,0.33,15.12,21.03,2.39,-0.32,2.49,1.15,190.0,185.0,190.0,2024-11-15,6.9,4.7,11.6,6.105263157894738,3.075,5.65,8.725000000000001,201.18,11.180000000000009,0.2978,0.2978,0.2978,0.24414,18.018804566823377,-0.043905,124.0,25.0,0.4301840490797546,23.0,2.631578947368418,1,3.47368421052632,2024-10-23,595.0,567.8143920898438,0.1417,0.136825,0.1382192857142857,-0.0048749999999999,-0.0034807142857142,1,0.19048,0.1417,0.04878,0.02439,0.3683514942280719,0.287662705414855,0.8087649402390438,0.0756964190949694,0.0941789284329969,0.047521071567003,0.8037511187953609,0.97,-1.9136062937420149,1.7362974115286185,1.8022453233950777,-0.0074016987886722,0.0117102143889258,-0.0112898928411366,1,19.239999771118164,20.040000915527344,5.069999771118164,11.600000000000001,8.725000000000001,real_post_mid,1.1600000000000001,2.6,168.9,0.008889473684210527,fold_4,xgb,0.7857142686843872
LH,2024-09-30,2024-10-24,1.0,220.6,210.9,4.29,9.09,3.48,3.65,3.31,15.0,3.49,3.53,3.53,3.74,0.0,0.0,1.0,1.0,3259980000.0,3320340000.0,3207000000.0,13.0,42362.4,41546.4,344.53,208.48,6.17,1.39,3.91,3.68,7.07,14.83,10.7,1.0,0.37,220.0,230.0,220.0,2024-11-15,7.949999999999999,7.800000000000001,15.75,7.159090909090909,11.3,2.0,13.3,235.21,15.210000000000008,0.34658,0.36609,0.356335,0.22951,35.591507991075815,-0.06829,1182.0,411.0,0.9584775086505192,23.0,4.545454545454541,1,2.613636363636368,2024-10-23,595.0,567.8143920898438,0.1417,0.136825,0.1382192857142857,-0.0048749999999999,-0.0034807142857142,1,0.19048,0.1417,0.04878,0.02439,0.3683514942280719,0.287662705414855,0.8087649402390438,0.0756964190949694,0.0941789284329969,0.047521071567003,0.8037511187953609,0.97,-1.9136062937420149,1.7362974115286185,1.8022453233950777,-0.0074016987886722,0.0117102143889258,-0.0112898928411366,1,19.239999771118164,20.040000915527344,5.069999771118164,15.75,13.3,real_post_mid,1.5750000000000002,2.6,84.89999999999992,0.0038590909090909053,fold_4,xgb,0.9696354269981384
AJG,2024-09-30,2024-10-24,0.0,279.33,283.58,2.94,1.4,2.27,2.36,2.23,18.0,2.27,2.29,2.32,2.32,0.0,0.0,0.0,1.0,2777300000.0,2824000000.0,2734280000.0,6.0,5684.0,5482.72,81.6,94.96,13.66,-14.78,18.12,18.95,-35.24,21.89,24.47,-0.49,1.5,290.0,280.0,290.0,2024-11-15,7.25,7.4,14.65,5.051724137931035,3.75,9.75,13.5,294.58,4.579999999999984,0.24902,0.24902,0.24902,0.24414,1.9596819532567649,-0.01951,204.0,6.0,1.565217391304348,23.0,3.4482758620689613,1,1.6034482758620734,2024-10-23,595.0,567.8143920898438,0.1417,0.136825,0.1382192857142857,-0.0048749999999999,-0.0034807142857142,1,0.19048,0.1417,0.04878,0.02439,0.3683514942280719,0.287662705414855,0.8087649402390438,0.0756964190949694,0.0941789284329969,0.047521071567003,0.8037511187953609,0.97,-1.9136062937420149,1.7362974115286185,1.8022453233950777,-0.0074016987886722,0.0117102143889258,-0.0112898928411366,1,19.239999771118164,20.040000915527344,5.069999771118164,14.65,13.5,real_post_mid,1.465,2.6,-34.09999999999997,-0.0011758620689655164,fold_4,xgb,0.7857142686843872
LHX,2024-09-30,2024-10-24,1.0,234.74,229.41,4.02,6.43,3.26,3.35,3.08,21.0,3.26,3.25,3.25,3.24,1.0,0.0,7.0,0.0,5279120000.0,5384000000.0,5154000000.0,19.0,9570.4,9155.04,224.0,97.53,12.91,1.69,98.96,9.09,5.88,19.22,-2.11,-0.74,-1.48,250.0,250.0,250.0,2024-11-15,5.0,8.65,13.65,5.46,6.9,3.55,10.45,247.0,3.0,0.26853,0.27829,0.27341,0.21,23.19227533740536,-0.0438999999999999,1961.0,6.0,2.0,23.0,0.0,1,5.46,2024-10-23,595.0,567.8143920898438,0.1417,0.136825,0.1382192857142857,-0.0048749999999999,-0.0034807142857142,1,0.19048,0.1417,0.04878,0.02439,0.3683514942280719,0.287662705414855,0.8087649402390438,0.0756964190949694,0.0941789284329969,0.047521071567003,0.8037511187953609,0.97,-1.9136062937420149,1.7362974115286185,1.8022453233950777,-0.0074016987886722,0.0117102143889258,-0.0112898928411366,1,19.239999771118164,20.040000915527344,5.069999771118164,13.65,10.45,real_post_mid,1.3650000000000002,2.6,180.9000000000001,0.007236000000000004,fold_4,xgb,0.7647058963775635
WY,2024-09-30,2024-10-24,1.0,33.78,31.6,-4.88,1.68,0.01,0.06,-0.02,10.0,0.03,0.06,0.06,0.17,0.0,0.0,0.0,4.0,1675180000.0,1771300000.0,1451390000.0,9.0,3772.0,3714.4,55.47,47.36,-2.9,7.96,-17.79,-34.38,31.25,-11.53,-15.36,-2.65,-2.05,32.0,32.0,32.0,2024-11-15,0.7749999999999999,0.8500000000000001,1.625,5.078125,0.675,0.8,1.475,30.93,1.0700000000000005,0.24902,0.25877,0.253895,0.23926,5.76419385966639,-0.0146349999999999,186.0,79.0,0.9392523364485982,23.0,0.0,1,5.078125,2024-10-23,595.0,567.8143920898438,0.1417,0.136825,0.1382192857142857,-0.0048749999999999,-0.0034807142857142,1,0.19048,0.1417,0.04878,0.02439,0.3683514942280719,0.287662705414855,0.8087649402390438,0.0756964190949694,0.0941789284329969,0.047521071567003,0.8037511187953609,0.97,-1.9136062937420149,1.7362974115286185,1.8022453233950777,-0.0074016987886722,0.0117102143889258,-0.0112898928411366,1,19.239999771118164,20.040000915527344,5.069999771118164,1.625,1.475,real_post_mid,0.1625,2.6,-3.8500000000000094,-0.001203125000000003,fold_4,xgb,0.7857142686843872
POOL,2024-09-30,2024-10-24,1.0,371.91,371.82,1.46,1.48,3.14,3.25,2.92,9.0,3.17,3.17,3.17,3.15,0.0,0.0,2.0,2.0,1402970000.0,1430200000.0,1356450000.0,11.0,29951.2,29241.44,420.27,85.19,-4.72,57.9,-8.77,-15.57,144.61,-16.11,-16.98,-0.61,-2.27,350.0,370.0,350.0,2024-11-15,15.3,15.5,30.8,8.8,20.85,5.0,25.85,359.42,9.420000000000016,0.41487,0.46365,0.43926,0.32219,26.65164139689478,-0.068295,1.0,2.0,13.590909090909092,23.0,5.714285714285716,1,3.0857142857142845,2024-10-23,595.0,567.8143920898438,0.1417,0.136825,0.1382192857142857,-0.0048749999999999,-0.0034807142857142,1,0.19048,0.1417,0.04878,0.02439,0.3683514942280719,0.287662705414855,0.8087649402390438,0.0756964190949694,0.0941789284329969,0.047521071567003,0.8037511187953609,0.97,-1.9136062937420149,1.7362974115286185,1.8022453233950777,-0.0074016987886722,0.0117102143889258,-0.0112898928411366,1,19.239999771118164,20.040000915527344,5.069999771118164,30.8,25.85,real_post_mid,3.08,2.6,184.39999999999992,0.005268571428571426,fold_4,xgb,1.0
NDAQ,2024-09-30,2024-10-24,1.0,73.67,66.96,2.13,12.37,0.69,0.73,0.67,15.0,0.69,0.68,0.68,0.69,2.0,0.0,10.0,1.0,1169360000.0,1189000000.0,1155000000.0,13.0,-40176.8,-40286.88,77.33,89.63,25.05,7.05,2.16,-2.82,9.52,36.01,10.73,-0.28,-3.06,75.0,75.0,75.0,2024-11-15,1.7000000000000002,2.575,4.275,5.7,1.25,1.65,2.9,78.76,3.760000000000005,0.27829,0.28804,0.283165,0.20024,29.285045821340915,-0.068295,472.0,168.0,0.6839622641509434,23.0,0.0,1,5.7,2024-10-23,595.0,567.8143920898438,0.1417,0.136825,0.1382192857142857,-0.0048749999999999,-0.0034807142857142,1,0.19048,0.1417,0.04878,0.02439,0.3683514942280719,0.287662705414855,0.8087649402390438,0.0756964190949694,0.0941789284329969,0.047521071567003,0.8037511187953609,0.97,-1.9136062937420149,1.7362974115286185,1.8022453233950777,-0.0074016987886722,0.0117102143889258,-0.0112898928411366,1,19.239999771118164,20.040000915527344,5.069999771118164,4.275,2.9,real_post_mid,0.42750000000000005,2.6,92.15000000000005,0.012286666666666673,fold_4,xgb,0.7857142686843872
SBAC,2024-09-30,2024-10-28,1.0,238.64,217.94,0.54,10.09,2.27,2.35,2.16,12.0,2.27,2.26,2.27,2.14,0.0,0.0,3.0,0.0,669810000.0,679200000.0,660090000.0,12.0,-3623.2,-2020.0,-234.67,1037.04,-2.66,0.4,1.06,-19.25,6.34,-0.82,46.94,1.08,18.12,240.0,230.0,240.0,2024-11-15,8.05,6.1,14.15,5.895833333333334,2.35,11.05,13.4,221.09,18.909999999999997,0.2978,0.31731,0.307555,0.283165,7.930288891417803,-0.03415,148.0,2.0,2.25,21.0,4.1666666666666625,1,1.7291666666666714,2024-10-25,595.0,568.8458251953125,0.1451871428571428,0.1399304545454545,0.141705,-0.0052566883116882,-0.0034821428571428,1,0.1974514285714285,0.13195,0.0655014285714285,0.0195135714285714,0.4341892329269606,0.3105128409149416,0.8406374501992032,0.0682003889466289,0.0931146834517239,0.0520724594054188,0.7324343102340886,1.17,-0.4529624625967163,0.8687081821842678,-0.0892305198026933,-0.0094939039573715,0.0117769259186926,-0.0094939039573715,1,20.329999923706055,20.940000534057617,5.8112856379917694,14.15,13.4,real_post_mid,1.415,2.6,-69.1,-0.0028791666666666666,fold_4,xgb,1.0
CNP,2024-09-30,2024-10-28,0.0,29.1,28.51,2.23,4.35,0.32,0.44,0.28,14.0,0.39,0.44,0.45,0.45,0.0,0.0,0.0,0.0,1932990000.0,2137920000.0,1759720000.0,6.0,5116.0,4956.0,53.33,61.45,1.6,-27.29,-5.02,28.57,-34.55,17.87,22.89,6.37,4.24,29.0,30.0,29.0,2024-11-15,1.0,0.6000000000000001,1.6,5.517241379310345,0.8999999999999999,0.4,1.2999999999999998,30.86,1.8599999999999992,0.28804,0.27829,0.283165,0.22463,20.671693182420142,-0.053655,678.0,94.0,0.5274151436031331,21.0,3.4482758620689724,1,2.068965517241373,2024-10-25,595.0,568.8458251953125,0.1451871428571428,0.1399304545454545,0.141705,-0.0052566883116882,-0.0034821428571428,1,0.1974514285714285,0.13195,0.0655014285714285,0.0195135714285714,0.4341892329269606,0.3105128409149416,0.8406374501992032,0.0682003889466289,0.0931146834517239,0.0520724594054188,0.7324343102340886,1.17,-0.4529624625967163,0.8687081821842678,-0.0892305198026933,-0.0094939039573715,0.0117769259186926,-0.0094939039573715,1,20.329999923706055,20.940000534057617,5.8112856379917694,1.6,1.2999999999999998,real_post_mid,0.16000000000000003,2.6,11.400000000000023,0.003931034482758629,fold_4,xgb,1.0
OKE,2024-09-30,2024-10-29,0.0,90.24,83.33,5.88,14.66,1.23,1.33,1.04,10.0,1.23,1.28,1.29,1.3,0.0,0.0,0.0,1.0,6169370000.0,6510680000.0,5828050000.0,2.0,3792.8,3578.4,21.33,244.75,34.56,2.36,-14.83,27.88,22.02,65.41,110.09,8.18,9.03,95.0,95.0,95.0,2024-11-15,2.6,2.175,4.775,5.026315789473684,2.175,1.775,3.95,109.81,14.810000000000002,0.22951,0.32707,0.27829,0.234385,15.776707750907336,-0.034145,926.0,100.0,0.2330049261083744,18.0,0.0,1,5.026315789473684,2024-10-28,595.0,570.6043701171875,0.1430942857142857,0.1385995454545454,0.141705,-0.0044947402597402,-0.0013892857142856,1,0.1932685714285714,0.1347357142857143,0.0585328571428571,0.0209078571428571,0.3946758010572874,0.2967990152256228,0.8406374501992032,0.0770487587295865,0.0932079697936959,0.0498863159205898,0.8266327321593236,1.56,1.641024061400327,1.0619021742669976,0.3541870264417513,-0.0047975010030499,0.0163789885026579,-0.0064318274014191,1,19.799999237060547,20.170000076293945,5.490570665631976,4.775,3.95,real_post_mid,0.47750000000000004,2.6,32.15000000000001,0.0033842105263157908,fold_4,xgb,0.7647058963775635
IEX,2024-09-30,2024-10-29,1.0,214.98,208.48,-5.16,-2.21,1.88,1.94,1.86,10.0,1.88,1.89,1.89,2.19,1.0,0.0,1.0,1.0,791570000.0,819570000.0,781100000.0,10.0,7944.8,7554.4,170.67,130.72,-4.61,0.84,-0.39,-5.5,9.57,-0.83,-9.55,0.77,-1.27,210.0,220.0,210.0,2024-11-15,3.075,7.75,10.825,5.154761904761904,10.35,1.675,12.025000000000002,227.83,17.830000000000013,0.27829,0.27829,0.27829,0.2148749999999999,22.787380071148803,-0.0487849999999999,8.0,5.0,0.5555555555555556,18.0,4.761904761904767,1,0.392857142857137,2024-10-28,595.0,570.6043701171875,0.1430942857142857,0.1385995454545454,0.141705,-0.0044947402597402,-0.0013892857142856,1,0.1932685714285714,0.1347357142857143,0.0585328571428571,0.0209078571428571,0.3946758010572874,0.2967990152256228,0.8406374501992032,0.0770487587295865,0.0932079697936959,0.0498863159205898,0.8266327321593236,1.56,1.641024061400327,1.0619021742669976,0.3541870264417513,-0.0047975010030499,0.0163789885026579,-0.0064318274014191,1,19.799999237060547,20.170000076293945,5.490570665631976,10.825,12.025000000000002,real_post_mid,1.0825,2.6,-230.85000000000028,-0.010992857142857157,fold_4,xgb,0.7857142686843872
ZBRA,2024-09-30,2024-10-29,1.0,368.6,351.19,4.36,9.54,3.23,3.36,3.13,14.0,3.23,3.24,3.24,3.17,0.0,0.0,1.0,0.0,1216860000.0,1248000000.0,1203000000.0,13.0,20495.2,18463.2,1098.67,438.18,0.25,3.57,-18.88,-3.34,11.97,-12.99,-13.92,0.54,-2.26,370.0,380.0,370.0,2024-11-15,14.35,19.2,33.55,9.067567567567568,19.5,4.625,24.125,385.91,15.910000000000023,0.52218,0.50267,0.5124249999999999,0.31731,38.07679172561838,-0.1560949999999999,45.0,15.0,1.1812297734627832,18.0,2.7027027027026973,1,6.364864864864869,2024-10-28,595.0,570.6043701171875,0.1430942857142857,0.1385995454545454,0.141705,-0.0044947402597402,-0.0013892857142856,1,0.1932685714285714,0.1347357142857143,0.0585328571428571,0.0209078571428571,0.3946758010572874,0.2967990152256228,0.8406374501992032,0.0770487587295865,0.0932079697936959,0.0498863159205898,0.8266327321593236,1.56,1.641024061400327,1.0619021742669976,0.3541870264417513,-0.0047975010030499,0.0163789885026579,-0.0064318274014191,1,19.799999237060547,20.170000076293945,5.490570665631976,33.55,24.125,real_post_mid,3.355,2.6,604.3999999999996,0.016335135135135126,fold_4,xgb,0.7647058963775635
FE,2024-09-30,2024-10-29,0.0,44.05,41.91,-2.77,2.2,0.9,0.93,0.87,14.0,0.89,0.9,0.9,0.9,0.0,0.0,2.0,0.0,3906900000.0,5165300000.0,3429000000.0,6.0,3119.2,3108.96,-64.0,86.94,9.12,-0.21,3.4,19.15,1.82,-4.83,-12.06,3.76,-3.1,43.0,42.0,43.0,2024-11-15,1.175,0.6499999999999999,1.825,4.2441860465116275,0.3,1.425,1.725,41.51,1.490000000000002,0.19048,0.25877,0.224625,0.21975,2.1702838063439147,-0.03902,389.0,70.0,0.5175438596491229,18.0,2.3255813953488413,1,1.918604651162786,2024-10-28,595.0,570.6043701171875,0.1430942857142857,0.1385995454545454,0.141705,-0.0044947402597402,-0.0013892857142856,1,0.1932685714285714,0.1347357142857143,0.0585328571428571,0.0209078571428571,0.3946758010572874,0.2967990152256228,0.8406374501992032,0.0770487587295865,0.0932079697936959,0.0498863159205898,0.8266327321593236,1.56,1.641024061400327,1.0619021742669976,0.3541870264417513,-0.0047975010030499,0.0163789885026579,-0.0064318274014191,1,19.799999237060547,20.170000076293945,5.490570665631976,1.825,1.725,real_post_mid,0.1825,2.6,-10.850000000000012,-0.0025232558139534913,fold_4,xgb,1.0
MAA,2024-09-30,2024-10-30,1.0,158.9,146.41,-4.25,3.92,1.01,1.4,0.9,10.0,1.01,1.01,1.02,1.08,0.0,0.0,0.0,0.0,548860000.0,553000000.0,535510000.0,16.0,16207.2,16045.92,78.93,86.62,2.11,0.52,4.88,-16.94,0.0,-11.09,-3.56,-2.06,-1.79,150.0,150.0,150.0,2024-11-15,3.8,3.2249999999999996,7.0249999999999995,4.683333333333333,4.05,2.275,6.324999999999999,158.09,8.090000000000003,0.23926,0.2978,0.26853,0.253895,5.45004282575504,-0.0438999999999999,20.0,4.0,0.25,17.0,0.0,1,4.683333333333333,2024-10-29,600.0,571.5277709960938,0.1437914285714285,0.136825,0.136825,-0.0069664285714285,-0.0069664285714285,1,0.19048,0.1347371428571428,0.0557428571428571,0.0188171428571428,0.4078379544718954,0.3013671701310069,0.8446215139442231,0.0792820510060303,0.0925320337142016,0.0512593948572269,0.856806533085658,1.15,-0.605538662589658,0.4456640672295623,-1.0182773641011695,-0.0026572981171303,0.0139604976120157,-0.0048239502594294,1,19.34000015258789,19.959999084472656,4.9608572954450345,7.0249999999999995,6.324999999999999,real_post_mid,0.7025,2.6,-2.8499999999999837,-0.0001899999999999989,fold_4,xgb,0.7647058963775635
EQR,2024-09-30,2024-10-30,0.0,74.46,70.67,-0.68,4.64,0.42,0.53,0.35,12.0,0.41,0.41,0.4,0.4,0.0,0.0,0.0,0.0,743930000.0,763300000.0,736580000.0,15.0,28924.0,27028.32,541.87,693.27,2.35,0.46,4.33,27.03,-38.96,2.28,2.28,-0.13,-0.04,75.0,70.0,75.0,2024-11-15,1.4,1.975,3.375,4.5,0.2,4.949999999999999,5.1499999999999995,73.59,1.4099999999999966,0.25877,0.25877,0.25877,0.234385,9.42342620860223,-0.043895,597.0,5.0,2.0,17.0,6.666666666666665,0,-2.166666666666665,2024-10-29,600.0,571.5277709960938,0.1437914285714285,0.136825,0.136825,-0.0069664285714285,-0.0069664285714285,1,0.19048,0.1347371428571428,0.0557428571428571,0.0188171428571428,0.4078379544718954,0.3013671701310069,0.8446215139442231,0.0792820510060303,0.0925320337142016,0.0512593948572269,0.856806533085658,1.15,-0.605538662589658,0.4456640672295623,-1.0182773641011695,-0.0026572981171303,0.0139604976120157,-0.0048239502594294,1,19.34000015258789,19.959999084472656,4.9608572954450345,3.375,5.1499999999999995,real_post_mid,0.3375,2.6,-213.84999999999994,-0.028513333333333325,fold_4,xgb,0.8333333134651184
NI,2024-09-30,2024-10-30,1.0,34.65,31.76,1.39,10.61,0.16,0.2,0.12,12.0,0.15,0.17,0.17,0.18,0.0,0.0,3.0,0.0,1152210000.0,1263300000.0,1091000000.0,3.0,2462.56,2248.8,132.27,82.01,-0.49,-36.43,-6.73,90.91,-75.29,24.63,40.32,8.85,6.35,35.0,35.0,35.0,2024-11-15,0.375,1.15,1.525,4.357142857142857,0.7749999999999999,0.5,1.275,36.57,1.5700000000000005,0.20024,0.2978,0.24902,0.2197549999999999,11.752068106979374,-0.14146,1253.0,6.0,2.363636363636364,17.0,0.0,1,4.357142857142857,2024-10-29,600.0,571.5277709960938,0.1437914285714285,0.136825,0.136825,-0.0069664285714285,-0.0069664285714285,1,0.19048,0.1347371428571428,0.0557428571428571,0.0188171428571428,0.4078379544718954,0.3013671701310069,0.8446215139442231,0.0792820510060303,0.0925320337142016,0.0512593948572269,0.856806533085658,1.15,-0.605538662589658,0.4456640672295623,-1.0182773641011695,-0.0026572981171303,0.0139604976120157,-0.0048239502594294,1,19.34000015258789,19.959999084472656,4.9608572954450345,1.525,1.275,real_post_mid,0.1525,2.6,7.15,0.002042857142857143,fold_4,xgb,1.0
EXC,2024-09-30,2024-10-30,1.0,40.55,38.26,-2.1,3.76,0.67,0.7,0.65,15.0,0.67,0.68,0.67,0.72,1.0,0.0,3.0,4.0,5854150000.0,6121800000.0,5500880000.0,7.0,3436.0,3287.68,78.4,92.44,11.27,-11.29,14.01,14.63,-30.88,9.42,29.69,0.98,2.42,39.0,39.0,39.0,2024-11-15,1.1,0.625,1.725,4.423076923076923,0.8,0.7250000000000001,1.525,39.11,0.1099999999999994,0.21975,0.26853,0.24414,0.23926,1.9988531170639663,-0.0438999999999999,125.0,12.0,0.3855555555555555,17.0,0.0,1,4.423076923076923,2024-10-29,600.0,571.5277709960938,0.1437914285714285,0.136825,0.136825,-0.0069664285714285,-0.0069664285714285,1,0.19048,0.1347371428571428,0.0557428571428571,0.0188171428571428,0.4078379544718954,0.3013671701310069,0.8446215139442231,0.0792820510060303,0.0925320337142016,0.0512593948572269,0.856806533085658,1.15,-0.605538662589658,0.4456640672295623,-1.0182773641011695,-0.0026572981171303,0.0139604976120157,-0.0048239502594294,1,19.34000015258789,19.959999084472656,4.9608572954450345,1.725,1.525,real_post_mid,0.17250000000000001,2.6,0.15000000000001634,3.846153846154265e-05,fold_4,xgb,1.0
WEC,2024-09-30,2024-10-31,1.0,96.75,90.16,-1.26,5.96,0.7,0.74,0.68,14.0,0.7,0.75,0.76,1.02,0.0,0.0,0.0,0.0,1933560000.0,2122230000.0,1742510000.0,5.0,7277.6,7028.64,160.0,51.02,-3.17,-33.89,-6.23,-27.17,-65.99,-5.09,-14.23,-0.38,-2.65,95.0,95.0,95.0,2024-11-15,2.575,1.7999999999999998,4.375,4.605263157894736,1.95,1.7000000000000002,3.65,97.98,2.980000000000004,0.23926,0.2978,0.26853,0.244145,9.08092205712583,-0.063415,44.0,8.0,1.7659574468085106,16.0,0.0,1,4.605263157894736,2024-10-30,595.0,569.798828125,0.156335,0.1474713636363636,0.146585,-0.0088636363636363,-0.0097499999999999,1,0.20024,0.13195,0.0682899999999999,0.0097599999999999,0.6446623152443628,0.3835611950218346,0.896414342629482,0.0386186816576626,0.0868148732370444,0.0695201267629555,0.444839463765798,1.13,-0.6380048146073912,1.1369981019124642,0.5618548549147033,0.0034948674475343,0.020031019677664,-0.007834482072579,1,20.350000381469727,20.760000228881836,4.716500381469727,4.375,3.65,real_post_mid,0.4375,2.6,26.150000000000006,0.002752631578947369,fold_4,xgb,1.0
XEL,2024-09-30,2024-10-31,0.0,65.32,59.75,2.28,11.82,1.26,1.33,1.19,13.0,1.26,1.33,1.33,1.31,0.0,0.0,1.0,0.0,3925270000.0,4197800000.0,3717280000.0,5.0,4252.0,4114.4,64.0,160.8,0.2,-17.02,-7.36,3.85,-38.64,19.51,7.42,6.82,1.0,65.0,65.0,65.0,2024-11-15,0.475,2.3,2.775,4.269230769230769,2.325,0.475,2.8000000000000003,69.46,4.459999999999994,0.21975,0.21975,0.21975,0.234385,-6.659840728100118,-0.01951,1026.0,135.0,0.1370716510903426,16.0,0.0,1,4.269230769230769,2024-10-30,595.0,569.798828125,0.156335,0.1474713636363636,0.146585,-0.0088636363636363,-0.0097499999999999,1,0.20024,0.13195,0.0682899999999999,0.0097599999999999,0.6446623152443628,0.3835611950218346,0.896414342629482,0.0386186816576626,0.0868148732370444,0.0695201267629555,0.444839463765798,1.13,-0.6380048146073912,1.1369981019124642,0.5618548549147033,0.0034948674475343,0.020031019677664,-0.007834482072579,1,20.350000381469727,20.760000228881836,4.716500381469727,2.775,2.8000000000000003,real_post_mid,0.2775,2.6,-32.85000000000004,-0.00505384615384616,fold_4,xgb,1.0
VICI,2024-09-30,2024-10-31,1.0,32.77,31.5,-3.08,0.83,0.67,0.67,0.66,9.0,0.67,0.67,0.67,0.66,0.0,0.0,0.0,0.0,952860000.0,962220000.0,932020000.0,13.0,-730.4,-722.08,-19.2,195.41,6.55,0.58,25.29,2.9,24.56,6.03,6.51,0.02,-0.04,32.5,32.5,32.5,2024-11-15,0.6499999999999999,0.6499999999999999,1.2999999999999998,4.0,0.125,1.15,1.275,31.67,0.8299999999999983,0.23926,0.23926,0.23926,0.190485,20.38577279946501,-0.029265,1295.0,107.0,0.4271186440677966,16.0,0.0,1,4.0,2024-10-30,595.0,569.798828125,0.156335,0.1474713636363636,0.146585,-0.0088636363636363,-0.0097499999999999,1,0.20024,0.13195,0.0682899999999999,0.0097599999999999,0.6446623152443628,0.3835611950218346,0.896414342629482,0.0386186816576626,0.0868148732370444,0.0695201267629555,0.444839463765798,1.13,-0.6380048146073912,1.1369981019124642,0.5618548549147033,0.0034948674475343,0.020031019677664,-0.007834482072579,1,20.350000381469727,20.760000228881836,4.716500381469727,1.2999999999999998,1.275,real_post_mid,0.12999999999999998,2.6,-13.100000000000007,-0.004030769230769233,fold_4,xgb,1.0
SPG,2024-09-30,2024-11-01,0.0,168.54,151.07,-0.5,11.01,1.57,1.69,1.39,5.0,1.57,1.58,1.58,1.58,0.0,0.0,0.0,0.0,1325390000.0,1351790000.0,1284880000.0,8.0,-967.2,1404.0,-1004.8,997.55,6.47,1.09,6.89,1.34,79.76,0.28,14.62,1.17,3.67,170.0,175.0,170.0,2024-11-15,4.6,5.0,9.6,5.647058823529411,4.9,2.55,7.45,180.27,10.27000000000001,0.35633,0.34658,0.3514549999999999,0.273405,22.207679503777143,-0.0634099999999999,1018.0,75.0,0.7189901207464325,15.0,2.941176470588225,1,2.7058823529411864,2024-10-31,585.0,558.6290283203125,0.1653985714285714,0.1567836363636363,0.15634,-0.008614935064935,-0.0090585714285714,1,0.21975,0.1598257142857143,0.0599242857142857,0.0243892857142857,0.8157837954471892,0.4429518892784095,0.9482071713147412,0.1474639762886978,0.1127345479037353,0.052664023524836,1.308063757124552,1.02,-1.1540848053547654,3.125548914478739,3.219086474569925,-0.0182997450443463,-0.0003866267341683,-0.0272839608383237,1,23.15999984741211,22.63999938964844,6.620142704554969,9.6,7.45,real_post_mid,0.96,2.6,116.39999999999995,0.006847058823529408,fold_4,xgb,0.7647058963775635
PPL,2024-09-30,2024-11-01,0.0,33.06,30.64,-4.54,3.0,0.42,0.46,0.36,13.0,0.42,0.46,0.45,0.45,0.0,0.0,0.0,0.0,1914400000.0,2105410000.0,1547790000.0,3.0,282.4,23.2,96.0,61.45,3.18,-18.36,1.86,31.03,-29.63,18.45,27.87,3.86,4.0,33.0,32.0,33.0,2024-11-15,0.6000000000000001,0.975,1.5750000000000002,4.772727272727273,0.2249999999999999,1.475,1.7000000000000002,33.7,0.7000000000000028,0.28804,0.2978,0.29292,0.26365,9.992489416905643,-0.05366,233.0,87.0,0.0272665303340149,15.0,3.0303030303030276,1,1.7424242424242458,2024-10-31,585.0,558.6290283203125,0.1653985714285714,0.1567836363636363,0.15634,-0.008614935064935,-0.0090585714285714,1,0.21975,0.1598257142857143,0.0599242857142857,0.0243892857142857,0.8157837954471892,0.4429518892784095,0.9482071713147412,0.1474639762886978,0.1127345479037353,0.052664023524836,1.308063757124552,1.02,-1.1540848053547654,3.125548914478739,3.219086474569925,-0.0182997450443463,-0.0003866267341683,-0.0272839608383237,1,23.15999984741211,22.63999938964844,6.620142704554969,1.5750000000000002,1.7000000000000002,real_post_mid,0.15750000000000003,2.6,-30.850000000000005,-0.00934848484848485,fold_4,xgb,1.0
CHD,2024-09-30,2024-11-01,1.0,103.26,98.53,1.44,6.31,0.68,0.73,0.67,19.0,0.68,0.68,0.69,0.83,0.0,0.0,1.0,0.0,1495370000.0,1502200000.0,1490880000.0,16.0,5144.8,4753.12,262.93,116.0,3.92,0.53,7.95,1.09,-3.12,14.22,14.75,3.19,2.1,100.0,105.0,100.0,2024-11-15,2.4749999999999996,2.45,4.925,4.925,4.25,0.825,5.075,109.02,9.019999999999996,0.2978,0.30755,0.302675,0.24902,17.726934831089462,-0.058535,159.0,20.0,2.558651026392962,15.0,5.000000000000004,0,-0.0750000000000046,2024-10-31,585.0,558.6290283203125,0.1653985714285714,0.1567836363636363,0.15634,-0.008614935064935,-0.0090585714285714,1,0.21975,0.1598257142857143,0.0599242857142857,0.0243892857142857,0.8157837954471892,0.4429518892784095,0.9482071713147412,0.1474639762886978,0.1127345479037353,0.052664023524836,1.308063757124552,1.02,-1.1540848053547654,3.125548914478739,3.219086474569925,-0.0182997450443463,-0.0003866267341683,-0.0272839608383237,1,23.15999984741211,22.63999938964844,6.620142704554969,4.925,5.075,real_post_mid,0.4925,2.6,-66.85000000000002,-0.006685000000000003,fold_4,xgb,0.7857142686843872
D,2024-09-30,2024-11-01,1.0,58.36,56.08,1.08,5.19,0.93,0.96,0.84,16.0,0.93,0.92,0.92,0.95,0.0,0.0,1.0,0.0,4178550000.0,4363700000.0,4028000000.0,4.0,3368.8,3224.8,141.33,211.99,10.11,-4.02,1.49,22.64,18.18,4.92,35.52,4.06,4.33,60.0,57.5,60.0,2024-11-15,1.325,1.65,2.9749999999999996,4.958333333333333,0.35,2.925,3.275,57.63,2.3699999999999974,0.30755,0.30755,0.30755,0.28804,6.343683953828637,0.0097599999999999,1672.0,940.0,0.27422934648582,15.0,4.1666666666666625,1,0.7916666666666705,2024-10-31,585.0,558.6290283203125,0.1653985714285714,0.1567836363636363,0.15634,-0.008614935064935,-0.0090585714285714,1,0.21975,0.1598257142857143,0.0599242857142857,0.0243892857142857,0.8157837954471892,0.4429518892784095,0.9482071713147412,0.1474639762886978,0.1127345479037353,0.052664023524836,1.308063757124552,1.02,-1.1540848053547654,3.125548914478739,3.219086474569925,-0.0182997450443463,-0.0003866267341683,-0.0272839608383237,1,23.15999984741211,22.63999938964844,6.620142704554969,2.9749999999999996,3.275,real_post_mid,0.2975,2.6,-62.35000000000003,-0.010391666666666672,fold_4,xgb,0.7857142686843872
O,2024-09-30,2024-11-04,0.0,62.01,60.44,-4.39,-1.9,0.36,0.5,0.28,9.0,0.36,0.38,0.38,0.38,0.0,0.0,0.0,1.0,1282140000.0,1334220000.0,1214210000.0,12.0,-3367.2,-2476.32,-460.8,307.8,31.42,6.26,25.61,0.0,81.25,30.63,39.55,1.84,2.52,60.0,60.0,60.0,2024-11-15,0.625,1.825,2.45,4.083333333333334,0.425,1.65,2.075,56.54,3.460000000000001,0.22951,0.26853,0.24902,0.23926,3.9193639065135297,-0.043905,1046.0,364.0,0.3200241984271022,14.0,0.0,1,4.083333333333334,2024-11-01,585.0,560.9866333007812,0.16122,0.1514599999999999,0.15634,-0.00976,-0.0048799999999999,1,0.21,0.15146,0.0585399999999999,0.01951,0.7368917898370912,0.4155710427656061,0.9362549800796812,0.1572092598430486,0.1134516568850936,0.0477683431149063,1.385693820252212,1.33,0.5824900660587969,0.6549653744364257,-0.4960346259775041,-0.0138160315966682,0.0056705159430945,-0.0231787674769889,1,21.8799991607666,21.90999984741211,5.757999160766602,2.45,2.075,real_post_mid,0.24500000000000002,2.6,10.399999999999999,0.001733333333333333,fold_4,xgb,0.7647058963775635
IT,2024-09-30,2024-11-05,1.0,513.71,467.26,-0.04,9.89,2.38,2.71,2.19,9.0,2.38,2.39,2.39,2.37,0.0,0.0,1.0,0.0,1475130000.0,1486000000.0,1464000000.0,8.0,46108.0,44367.2,793.6,309.04,6.11,8.29,6.83,12.98,9.9,10.3,12.6,0.25,1.16,510.0,540.0,510.0,2024-11-15,17.8,22.2,40.0,7.84313725490196,27.1,2.95,30.05,522.86,12.860000000000014,0.56121,0.57096,0.566085,0.22463,60.31868005688191,-0.2243849999999999,12.0,2.0,0.6335877862595419,11.0,5.882352941176472,1,1.9607843137254888,2024-11-04,585.0,559.7782592773438,0.16122,0.1514599999999999,0.1514599999999999,-0.00976,-0.00976,1,0.21,0.1542485714285714,0.0557514285714285,0.0209042857142857,0.7368917898370912,0.4155710427656061,0.9362549800796812,0.1490736305731886,0.1090846914565401,0.0521353085434598,1.366586168807932,1.29,0.3350796888784531,1.4134921496132669,0.6000399061640126,-0.0189730598060795,-0.0055327054729165,-0.025282855761549,1,21.979999542236328,21.56999969482422,5.857999542236328,40.0,30.05,real_post_mid,4.0,2.6,592.3999999999999,0.011615686274509802,fold_4,xgb,0.7647058963775635
BR,2024-09-30,2024-11-05,1.0,215.33,211.91,1.38,3.02,0.97,1.05,0.91,6.0,0.97,0.95,0.95,1.17,0.0,0.0,1.0,0.0,1483690000.0,1500050000.0,1457000000.0,5.0,38287.2,32738.4,2662.4,3398.17,4.91,22.88,8.21,8.78,-24.41,7.85,5.61,0.36,0.11,210.0,220.0,210.0,2024-11-15,5.9,5.75,11.65,5.5476190476190474,10.0,,,227.78,17.78,0.40511,0.39536,0.400235,0.209995,47.53207490599273,-0.14146,31.0,0.0,7.772727272727272,11.0,4.761904761904767,1,0.7857142857142803,2024-11-04,585.0,559.7782592773438,0.16122,0.1514599999999999,0.1514599999999999,-0.00976,-0.00976,1,0.21,0.1542485714285714,0.0557514285714285,0.0209042857142857,0.7368917898370912,0.4155710427656061,0.9362549800796812,0.1490736305731886,0.1090846914565401,0.0521353085434598,1.366586168807932,1.29,0.3350796888784531,1.4134921496132669,0.6000399061640126,-0.0189730598060795,-0.0055327054729165,-0.025282855761549,1,21.979999542236328,21.56999969482422,5.857999542236328,11.65,10.0,intrinsic_fallback,1.165,2.6,45.90000000000003,0.002185714285714287,fold_4,xgb,0.7647058963775635
AIZ,2024-09-30,2024-11-05,1.0,197.53,170.19,-2.25,13.46,2.52,2.69,2.4,7.0,2.52,3.26,3.29,3.28,0.0,0.0,0.0,0.0,2939390000.0,2996000000.0,2914400000.0,5.0,40764.0,35391.84,2368.0,808.68,7.08,1.56,8.81,4.88,-14.64,11.27,14.0,-0.65,0.48,190.0,210.0,190.0,2024-11-15,5.85,4.75,10.6,5.578947368421053,16.7,0.05,16.75,218.82,28.819999999999993,0.3856,0.41487,0.400235,0.24902,37.781553337414266,-0.11707,26.0,0.0,0.4571428571428571,11.0,10.526315789473696,0,-4.9473684210526425,2024-11-04,585.0,559.7782592773438,0.16122,0.1514599999999999,0.1514599999999999,-0.00976,-0.00976,1,0.21,0.1542485714285714,0.0557514285714285,0.0209042857142857,0.7368917898370912,0.4155710427656061,0.9362549800796812,0.1490736305731886,0.1090846914565401,0.0521353085434598,1.366586168807932,1.29,0.3350796888784531,1.4134921496132669,0.6000399061640126,-0.0189730598060795,-0.0055327054729165,-0.025282855761549,1,21.979999542236328,21.56999969482422,5.857999542236328,10.6,16.75,real_post_mid,1.06,2.6,-723.6000000000001,-0.0380842105263158,fold_4,xgb,0.7857142686843872
AEP,2024-09-30,2024-11-06,1.0,98.06,98.04,-1.85,-1.83,1.8,1.85,1.67,17.0,1.8,1.81,1.81,1.8,0.0,0.0,2.0,0.0,5434230000.0,6009000000.0,4940970000.0,6.0,2800.8,2732.0,84.8,72.98,2.9,-9.19,0.81,10.62,-1.57,-6.65,-12.25,-2.78,-3.26,100.0,95.0,100.0,2024-11-15,2.075,2.375,4.45,4.45,0.125,4.675000000000001,4.800000000000001,96.31,3.6899999999999977,0.26853,0.39536,0.331945,0.141705,57.31069906159153,-0.0975599999999999,5042.0,400.0,0.5054592164418754,10.0,5.000000000000004,0,-0.5500000000000043,2024-11-05,595.0,566.547119140625,0.1423971428571428,0.1379732352941176,0.141705,-0.0044239075630252,-0.0006921428571428,1,0.19048,0.1430942857142857,0.0473857142857143,0.0243899999999999,0.3815136476426799,0.292230860320239,0.8286852589641435,0.1865951067891331,0.1120442879072859,0.0303528549498569,1.6653692060012582,1.45,1.2516185083477538,1.3942123725450006,0.5174036856234693,-0.0087146278942633,0.015674593122682,-0.0134965392222015,1,20.489999771118164,20.190000534057617,6.250285485403879,4.45,4.800000000000001,real_post_mid,0.44500000000000006,2.6,-82.10000000000005,-0.008210000000000005,fold_4,xgb,1.0
FITB,2024-12-31,2025-01-21,0.0,42.93,43.87,4.5,2.26,0.88,3.3547,3.1095,17.0,3.1706,3.1708,3.1719,3.2205,2.0,0.0,3.0,5.0,2205227390.0,8652000000.0,8479000000.0,12.0,3538.4,3701.92,-94.4,42.37,4.32,1.6,27.05,-14.29,-3.7,-11.45,-13.95,-4.4,-4.66,44.0,44.0,44.0,2025-02-21,1.6,1.1,2.7,6.136363636363637,1.15,1.05,2.2,42.88,1.1199999999999974,0.23926,0.24902,0.24414,0.21975,9.990169574834107,0.0195149999999999,790.0,85.0,1.5965362411802435,35.0,0.0,1,6.136363636363637,2025-01-17,610.0,589.0353393554688,0.117315,0.1256764285714285,0.1319449999999999,0.0083614285714285,0.0146299999999999,0,0.15146,0.11244,0.03902,0.014635,0.2403178386968613,0.1396461288416076,0.446215139442231,0.1290557718273382,0.1766812902964613,-0.0593662902964612,0.7304439061475605,1.19,0.7925757898527013,1.9873964268360695,-0.290093655836163,0.0294407693854399,-0.01186356961496,-0.0135217696668693,1,15.970000267028809,18.190000534057617,4.238500267028808,2.7,2.2,real_post_mid,0.27,2.6,20.4,0.004636363636363636,fold_4,xgb,1.0
STLD,2024-12-31,2025-01-22,1.0,115.75,130.34,6.16,-5.72,1.28,10.42,9.9491,10.0,10.1443,10.1443,10.1445,10.1299,0.0,0.0,0.0,7.0,4335412480.0,18325420000.0,17421700000.0,13.0,46301.6,45691.04,234.67,166.49,-5.35,-6.28,-11.84,-40.92,-24.63,-37.97,-46.09,-6.81,-6.88,125.0,125.0,125.0,2025-02-21,5.449999999999999,5.35,10.8,8.639999999999999,3.55,5.7,9.25,130.71,5.710000000000008,0.37584,0.37584,0.37584,0.32707,12.976266496381433,-0.03414,2893.0,107.0,0.7181164159581426,31.0,0.0,1,8.639999999999999,2025-01-21,615.0,594.4270629882812,0.1131364285714285,0.117315,0.123695,0.0041785714285714,0.0105585714285714,0,0.1417,0.11244,0.0292599999999999,0.0139335714285714,0.19383392928089,0.1126348256501183,0.350597609561753,0.1244367390132565,0.1792541755586322,-0.0661177469872036,0.6941915781066677,1.44,2.211709956437777,2.4710730984947253,0.0041048400576211,0.0372554221612686,0.0013068579868649,-0.0044920601870236,1,15.0600004196167,17.5,3.7463575624738414,10.799999999999999,9.25,real_post_mid,1.0799999999999998,2.6,44.399999999999906,0.0035519999999999927,fold_4,xgb,0.7857142686843872
BRO,2024-12-31,2025-01-27,1.0,102.89,105.04,4.81,2.67,0.77,3.8568,3.71,14.0,3.7636,3.7632,3.7642,3.6886,1.0,0.0,2.0,3.0,1212358160.0,4774600000.0,4708576600.0,10.0,3816.8,3474.4,192.0,72.88,11.26,2.77,15.49,28.17,-2.15,24.34,13.65,-1.27,0.64,105.0,105.0,105.0,2025-02-21,3.35,2.2,5.550000000000001,5.2857142857142865,2.175,1.875,4.05,111.71,6.709999999999994,0.22951,0.23926,0.234385,0.19048,18.732000767967232,-0.0048799999999999,1221.0,70.0,0.087248322147651,28.0,0.0,1,5.2857142857142865,2025-01-24,620.0,599.2767333984375,0.1124349999999999,0.117315,0.122195,0.00488,0.00976,0,0.1417,0.10268,0.03902,0.009755,0.1393211225004198,0.1081006205673758,0.2749003984063745,0.0810060677695694,0.1385842570780233,-0.0261492570780234,0.5845257569477229,1.11,-0.0878911767162844,0.8418342916550178,-0.6742860190502143,0.0276012381179142,0.0284529699236779,-0.0029191770004679,1,14.850000381469728,17.549999237060547,3.606500381469729,5.550000000000001,4.05,real_post_mid,0.555,2.6,91.90000000000009,0.008752380952380961,fold_4,xgb,0.7647058963775635
WRB,2024-12-31,2025-01-27,1.0,58.97,57.62,0.39,2.74,0.95,4.56,3.85,15.0,4.0152,4.0257,4.024,4.0312,1.0,0.0,2.0,7.0,1446167250.0,11540500000.0,11351000000.0,8.0,-5117.6,-5511.2,280.53,200.08,12.2,2.61,10.09,-32.59,-12.5,10.26,12.98,0.43,0.09,59.5,60.0,60.0,2025-02-21,0.65,3.0250000000000004,3.675,6.176470588235294,1.45,1.5,2.95,60.97,0.9699999999999988,0.23926,0.24902,0.24414,0.239265,1.9968051118210823,-0.11707,154.0,20.0,0.3206751054852321,28.0,0.8403361344537785,1,5.336134453781516,2025-01-24,620.0,599.2767333984375,0.1124349999999999,0.117315,0.122195,0.00488,0.00976,0,0.1417,0.10268,0.03902,0.009755,0.1393211225004198,0.1081006205673758,0.2749003984063745,0.0810060677695694,0.1385842570780233,-0.0261492570780234,0.5845257569477229,1.11,-0.0878911767162844,0.8418342916550178,-0.6742860190502143,0.0276012381179142,0.0284529699236779,-0.0029191770004679,1,14.850000381469728,17.549999237060547,3.606500381469729,3.6750000000000003,2.95,real_post_mid,0.36750000000000005,2.6,33.150000000000006,0.005571428571428573,fold_4,xgb,0.7857142686843872
CB,2024-12-31,2025-01-28,1.0,277.68,283.64,-1.95,-4.01,5.45,23.1085,21.2209,20.0,22.0374,21.9674,21.9674,21.3786,1.0,0.0,8.0,3.0,10649597180.0,45611000000.0,43486703110.0,6.0,18637.6,16726.88,1134.93,553.32,8.48,8.4,15.11,15.15,5.95,20.51,-10.56,-73.08,-3.09,275.0,275.0,275.0,2025-02-21,8.05,5.8,13.85,5.036363636363637,6.0,4.45,10.45,267.25,7.75,0.23926,0.23926,0.23926,0.19048,20.38786257627685,-0.024385,678.0,167.0,2.1053283767038415,25.0,0.0,1,5.036363636363637,2025-01-27,610.0,590.7996826171875,0.1305557142857143,0.128534,0.136825,-0.0020217142857142,0.0062692857142856,0,0.1681842857142857,0.12219,0.0459942857142857,0.0146314285714285,0.3524701730801547,0.2252373300827425,0.649402390438247,0.1492958185161508,0.1474760710495584,-0.0169203567638441,1.0123392727622973,1.19,0.3445328658870044,2.395205753161411,-0.0680416198618472,0.0029953096933867,0.0078696754015297,-0.0170233534160036,1,17.899999618530273,18.969999313354492,4.844428189958844,13.850000000000001,10.45,real_post_mid,1.3850000000000002,2.6,198.9000000000002,0.00723272727272728,fold_4,xgb,0.7857142686843872
PCAR,2024-12-31,2025-01-28,0.0,104.57,104.9,2.56,2.24,1.69,8.56,7.85,13.0,8.0136,8.0136,8.0252,8.1322,1.0,0.0,1.0,0.0,8052983020.0,34248830000.0,31320000000.0,16.0,-11391.2,-11548.16,-9.07,122.13,-5.26,-5.94,10.87,-20.94,-13.15,-21.14,-17.08,-1.5,-2.07,110.0,110.0,110.0,2025-02-21,3.7,3.7,7.4,6.7272727272727275,2.85,2.375,5.225,104.46,5.540000000000006,0.31731,0.33682,0.327065,0.234385,28.33687493311727,-0.0341449999999999,77.0,2039.0,0.9865051903114188,25.0,0.0,1,6.7272727272727275,2025-01-27,610.0,590.7996826171875,0.1305557142857143,0.128534,0.136825,-0.0020217142857142,0.0062692857142856,0,0.1681842857142857,0.12219,0.0459942857142857,0.0146314285714285,0.3524701730801547,0.2252373300827425,0.649402390438247,0.1492958185161508,0.1474760710495584,-0.0169203567638441,1.0123392727622973,1.19,0.3445328658870044,2.395205753161411,-0.0680416198618472,0.0029953096933867,0.0078696754015297,-0.0170233534160036,1,17.899999618530273,18.969999313354492,4.844428189958844,7.4,5.225,real_post_mid,0.7400000000000001,2.6,140.90000000000006,0.012809090909090914,fold_4,xgb,0.959330677986145
SYF,2024-12-31,2025-01-28,0.0,65.92,56.31,1.12,18.38,1.92,6.97,6.25,15.0,6.5831,6.5598,6.5256,5.943,3.0,0.0,5.0,3.0,2537940740.0,16228687000.0,15002657740.0,13.0,17792.8,17229.76,308.27,394.81,32.17,3.6,38.29,31.08,25.16,103.77,90.02,8.55,10.01,70.0,70.0,70.0,2025-02-21,2.65,2.8,5.449999999999999,7.785714285714285,1.5,2.8,4.3,61.41,8.590000000000003,0.35633,0.3856,0.370965,0.307555,17.09325677624573,-0.03902,1725.0,1309.0,1.4169316977131607,25.0,0.0,1,7.785714285714285,2025-01-27,610.0,590.7996826171875,0.1305557142857143,0.128534,0.136825,-0.0020217142857142,0.0062692857142856,0,0.1681842857142857,0.12219,0.0459942857142857,0.0146314285714285,0.3524701730801547,0.2252373300827425,0.649402390438247,0.1492958185161508,0.1474760710495584,-0.0169203567638441,1.0123392727622973,1.19,0.3445328658870044,2.395205753161411,-0.0680416198618472,0.0029953096933867,0.0078696754015297,-0.0170233534160036,1,17.899999618530273,18.969999313354492,4.844428189958844,5.449999999999999,4.3,real_post_mid,0.5449999999999999,2.6,57.899999999999956,0.008271428571428565,fold_4,xgb,1.0
OTIS,2024-12-31,2025-01-29,0.0,92.57,98.2,2.25,-3.62,0.96,3.88,3.6,13.0,3.8249,3.8401,3.8582,3.8683,1.0,0.0,2.0,1.0,3471733760.0,14350000000.0,14142000000.0,13.0,4492.0,4424.8,-4.27,78.77,0.71,-1.47,2.15,1.05,-9.43,-9.24,-37.59,0.49,-6.35,95.0,95.0,95.0,2025-02-21,2.85,3.0999999999999996,5.949999999999999,6.263157894736842,2.25,1.8,4.05,98.37,3.3700000000000045,0.22951,0.37584,0.302675,0.2148749999999999,29.008011893945664,-0.082925,70.0,12.0,0.6475,24.0,0.0,1,6.263157894736842,2025-01-28,615.0,595.8760986328125,0.1221907142857142,0.12317,0.1311949999999999,0.0009792857142857,0.0090042857142857,0,0.1598257142857142,0.11244,0.0473857142857142,0.0139421428571428,0.2540749453873297,0.17116393321513,0.5338645418326693,0.1473373289585885,0.1454363758869884,-0.0232456616012741,1.0130706851020357,1.04,-0.7913124584331845,0.9081567343733477,-0.6796769399833723,0.0024377013342002,0.0053551544661831,-0.0085771769224769,1,16.40999984741211,18.1299991607666,4.190928418840681,5.949999999999999,4.05,real_post_mid,0.595,2.6,127.89999999999995,0.013463157894736837,fold_4,xgb,1.0
MSCI,2024-12-31,2025-01-29,1.0,599.65,571.2,-1.1,3.83,3.95,15.14,14.7684,18.0,15.0049,15.0036,14.9968,14.982,1.0,0.0,3.0,4.0,764010870.0,2876315050.0,2852000000.0,15.0,12077.6,11527.2,400.53,157.6,15.87,2.37,13.56,11.88,6.04,13.72,13.59,-0.57,-1.11,630.0,590.0,630.0,2025-02-21,22.05,22.75,44.8,7.111111111111111,2.2750000000000004,42.75,45.025,578.34,51.65999999999997,0.34658,0.35633,0.3514549999999999,0.22463,36.085700872088886,-0.0829249999999999,372.0,89.0,1.2483026188166828,24.0,6.349206349206349,1,0.7619047619047619,2025-01-28,615.0,595.8760986328125,0.1221907142857142,0.12317,0.1311949999999999,0.0009792857142857,0.0090042857142857,0,0.1598257142857142,0.11244,0.0473857142857142,0.0139421428571428,0.2540749453873297,0.17116393321513,0.5338645418326693,0.1473373289585885,0.1454363758869884,-0.0232456616012741,1.0130706851020357,1.04,-0.7913124584331845,0.9081567343733477,-0.6796769399833723,0.0024377013342002,0.0053551544661831,-0.0085771769224769,1,16.40999984741211,18.1299991607666,4.190928418840681,44.8,45.025,real_post_mid,4.4799999999999995,2.6,-473.10000000000014,-0.007509523809523811,fold_4,xgb,0.7647058963775635
LII,2024-12-31,2025-01-29,1.0,613.99,602.57,-1.57,0.29,4.24,21.48,20.89,20.0,21.1816,21.103,21.0951,21.0676,4.0,0.0,8.0,0.0,1289550660.0,5266830000.0,5193200000.0,17.0,21663.2,19166.24,1867.73,938.57,9.65,3.24,5.06,24.39,-2.2,55.46,62.37,1.24,6.58,660.0,610.0,660.0,2025-02-21,24.05,19.75,43.8,6.636363636363636,3.175,54.55,57.724999999999994,613.96,46.03999999999997,0.31731,0.32707,0.32219,0.24902,22.710202054688224,-0.0390249999999999,3.0,0.0,1.3707865168539326,24.0,7.57575757575758,0,-0.939393939393944,2025-01-28,615.0,595.8760986328125,0.1221907142857142,0.12317,0.1311949999999999,0.0009792857142857,0.0090042857142857,0,0.1598257142857142,0.11244,0.0473857142857142,0.0139421428571428,0.2540749453873297,0.17116393321513,0.5338645418326693,0.1473373289585885,0.1454363758869884,-0.0232456616012741,1.0130706851020357,1.04,-0.7913124584331845,0.9081567343733477,-0.6796769399833723,0.0024377013342002,0.0053551544661831,-0.0085771769224769,1,16.40999984741211,18.1299991607666,4.190928418840681,43.8,57.724999999999994,real_post_mid,4.38,2.6,-1833.0999999999995,-0.027774242424242417,fold_4,xgb,0.7857142686843872
WY,2024-12-31,2025-01-30,1.0,28.15,31.18,9.98,-0.71,0.07,0.51,0.46,11.0,0.4837,0.474,0.4662,0.4611,1.0,0.0,4.0,0.0,1650246500.0,7192000000.0,7008000000.0,10.0,3900.0,3769.44,85.33,56.07,-16.86,-13.31,-18.61,-84.85,-76.19,-57.49,-77.9,-9.96,-12.82,30.0,31.0,30.0,2025-02-21,0.975,0.6,1.575,5.25,1.0499999999999998,0.3,1.35,29.71,0.2899999999999991,0.20024,0.28804,0.24414,0.21975,9.99016957483412,-0.01951,505.0,67.0,0.5962264150943396,23.0,3.3333333333333437,1,1.9166666666666563,2025-01-29,610.0,593.204833984375,0.12707,0.1275575,0.1319449999999999,0.0004874999999999,0.0048749999999999,0,0.16122,0.11244,0.04878,0.0097599999999999,0.3114686607292893,0.202704824172577,0.6135458167330677,0.1426006936966544,0.146365258187726,-0.019295258187726,0.9742796580439652,0.98,-1.240682268427307,0.9097832712533814,-0.6335762270286003,-0.0076346961319874,0.000781549420181,-0.0130216457390942,1,16.559999465942383,18.149999618530273,3.852999465942382,1.575,1.35,real_post_mid,0.1575,2.6,4.149999999999986,0.0013833333333333286,fold_4,xgb,0.7857142686843872
TSN,2024-12-31,2025-02-03,0.0,58.18,59.26,-0.76,-2.56,0.88,3.01,2.69,9.0,2.86,2.85,2.83,2.83,1.0,0.0,1.0,0.0,13297425170.0,53511000000.0,52874000000.0,10.0,27389.6,25537.76,92.8,1078.33,2.28,2.02,0.97,115.09,31.03,48.04,151.08,1.86,2.53,57.5,57.5,57.5,2025-02-21,1.5,2.4000000000000004,3.9,6.782608695652175,0.75,1.15,1.9,60.45,2.950000000000003,0.34658,0.35633,0.3514549999999999,0.19048,45.802449815765875,-0.1024349999999999,569.0,420.0,0.7554462403373156,21.0,0.0,1,6.782608695652175,2025-01-31,610.0,593.2146606445312,0.1235842857142857,0.1273567647058823,0.1322499999999999,0.0037724789915966,0.0086657142857142,0,0.16122,0.11244,0.04878,0.0132457142857142,0.2053211059553555,0.1801723182624114,0.549800796812749,0.1447981776527558,0.1369624123783848,-0.013378126664099,1.0572110635195535,1.29,0.9536376511732496,2.455226364097319,0.0388431336648775,-0.0101156484409612,0.0231205694812399,-0.0130052960731554,1,16.43000030517578,18.43000030517578,4.071571733747209,3.9000000000000004,1.9,real_post_mid,0.39000000000000007,2.6,158.40000000000003,0.027547826086956526,fold_4,xgb,0.7647058963775635
EG,2024-12-31,2025-02-03,1.0,365.14,354.61,-5.44,-2.63,-17.03,43.48,28.0,8.0,44.9191,57.0668,59.202,61.2339,0.0,0.0,1.0,8.0,4067725710.0,17029000000.0,15516000000.0,7.0,96172.0,95509.6,4089.6,4919.7,6.49,2.86,17.51,-16.55,-29.97,-18.97,-15.29,14.31,-3.72,350.0,340.0,350.0,2025-02-21,8.85,9.55,18.4,5.257142857142857,3.2,10.9,14.099999999999998,337.14,12.860000000000014,0.28804,0.25877,0.273405,0.24414,10.703900806495865,-0.024385,341.0,8.0,0.4844192634560906,21.0,2.857142857142858,1,2.399999999999999,2025-01-31,610.0,593.2146606445312,0.1235842857142857,0.1273567647058823,0.1322499999999999,0.0037724789915966,0.0086657142857142,0,0.16122,0.11244,0.04878,0.0132457142857142,0.2053211059553555,0.1801723182624114,0.549800796812749,0.1447981776527558,0.1369624123783848,-0.013378126664099,1.0572110635195535,1.29,0.9536376511732496,2.455226364097319,0.0388431336648775,-0.0101156484409612,0.0231205694812399,-0.0130052960731554,1,16.43000030517578,18.43000030517578,4.071571733747209,18.4,14.099999999999998,real_post_mid,1.8399999999999999,2.6,243.4000000000001,0.006954285714285717,fold_4,xgb,0.7857142686843872
WEC,2024-12-31,2025-02-04,0.0,93.79,96.01,5.79,3.34,1.43,4.9,4.8526,9.0,4.8714,4.8702,4.8702,4.8701,1.0,0.0,1.0,1.0,2265397500.0,9304000000.0,8535000000.0,12.0,7469.6,7143.2,106.67,72.88,-4.8,5.16,-6.54,-24.0,13.43,-7.27,-18.71,-1.96,-3.52,100.0,100.0,100.0,2025-02-21,2.025,1.525,3.55,3.55,1.825,1.25,3.075,104.05,4.049999999999997,0.19048,0.21,0.20024,0.17585,12.180383539752295,-0.01463,435.0,36.0,0.0062451209992193,18.0,0.0,1,3.55,2025-02-03,610.0,589.2225341796875,0.1403071428571428,0.1342414705882352,0.136825,-0.0060656722689075,-0.0034821428571428,1,0.18073,0.13195,0.0487799999999999,0.0160328571428571,0.4195930918975316,0.2882729388297873,0.7569721115537849,0.1107466973650752,0.1387273172674096,0.0015798255897331,0.7983049016337624,1.31,1.0230980248968429,2.7903966032774745,0.1630087455334954,-0.0026695146999967,0.0199459420796526,-0.0196474240238132,1,18.6200008392334,19.549999237060547,4.589286553519113,3.55,3.075,real_post_mid,0.355,2.6,9.399999999999967,0.0009399999999999966,fold_4,xgb,1.0
ALL,2024-12-31,2025-02-05,1.0,185.91,190.55,3.82,1.29,6.28,17.5444,15.8,19.0,16.8458,16.4308,16.2872,15.6536,6.0,0.0,13.0,1.0,21210603130.0,64660276630.0,60683000000.0,5.0,38157.6,30878.88,3726.4,315.16,14.75,5.77,11.24,382.72,142.86,972.26,7347.62,-64.5,9.29,190.0,190.0,190.0,2025-02-21,5.8,4.5,10.3,5.421052631578948,4.6,3.125,7.725,185.66,4.340000000000003,0.31731,0.30755,0.31243,0.24414,21.85769612393176,-0.058535,280.0,19.0,1.460698689956332,17.0,0.0,1,5.421052631578948,2025-02-04,610.0,593.17529296875,0.1319449999999999,0.1285038235294117,0.1349949999999999,-0.0034411764705882,0.0030499999999999,0,0.17097,0.11244,0.05853,0.00976,0.3332877742089794,0.2342180112293143,0.649402390438247,0.1014863417749096,0.1395181811831516,-0.0075731811831517,0.7274058543071462,1.08,-0.7802894186569614,1.689147191822205,-0.2768125381423662,-0.0045324953799276,0.0293172566986066,-0.0130707962876306,1,17.209999084472656,18.63999938964844,4.015499084472658,10.3,7.725,real_post_mid,1.03,2.6,151.90000000000012,0.00799473684210527,fold_4,xgb,0.7290468215942383
SNA,2024-12-31,2025-02-06,1.0,335.66,359.27,1.25,-5.41,4.7943,19.55,19.18,10.0,19.4533,19.44,19.44,19.44,2.0,0.0,2.0,0.0,1163145290.0,4798000000.0,4691000000.0,11.0,25736.8,24866.4,334.61,157.09,7.6,-2.54,5.27,4.21,-7.3,3.39,3.02,3.0,-1.16,360.0,340.0,360.0,2025-02-21,8.7,11.5,20.2,5.611111111111111,0.85,22.35,23.200000000000003,335.88,24.120000000000005,0.34658,0.32707,0.336825,0.180725,46.344540933719294,-0.107315,48.0,20.0,1.9205607476635511,16.0,5.555555555555558,1,0.0555555555555526,2025-02-05,615.0,595.5803833007812,0.117315,0.1239155882352941,0.128898125,0.0066005882352941,0.011583125,0,0.15146,0.11244,0.03902,0.014635,0.1771933466538653,0.1396461288416076,0.4223107569721115,0.1005882050320559,0.1340692506357601,-0.0167542506357601,0.7502705098675785,1.04,-0.9986669207361863,1.0127224999376057,-0.8379848686845625,0.0040046020873605,0.0207280839244874,-0.0090691901614412,1,15.770000457763672,17.959999084472656,4.038500457763671,20.2,23.200000000000003,real_post_mid,2.02,2.6,-504.60000000000036,-0.014016666666666677,fold_4,xgb,0.7857142686843872
CMS,2024-12-31,2025-02-06,0.0,65.71,67.25,3.99,1.61,0.87,3.3666,3.32,16.0,3.3393,3.3375,3.335,3.3352,1.0,0.0,5.0,1.0,1771484070.0,7913000000.0,7457632990.0,11.0,4693.6,4392.8,106.67,69.28,4.18,8.46,-7.94,37.7,27.27,18.69,35.42,5.1,4.86,70.0,70.0,70.0,2025-02-21,2.16,3.6,5.76,8.228571428571428,2.16,2.5,4.66,71.49,1.4899999999999949,0.09292,0.33682,0.21487,0.19536,9.079908782054265,-0.0292649999999999,783.0,0.0,0.0048780487804878,16.0,0.0,1,8.228571428571428,2025-02-05,615.0,595.5803833007812,0.117315,0.1239155882352941,0.128898125,0.0066005882352941,0.011583125,0,0.15146,0.11244,0.03902,0.014635,0.1771933466538653,0.1396461288416076,0.4223107569721115,0.1005882050320559,0.1340692506357601,-0.0167542506357601,0.7502705098675785,1.04,-0.9986669207361863,1.0127224999376057,-0.8379848686845625,0.0040046020873605,0.0207280839244874,-0.0090691901614412,1,15.770000457763672,17.959999084472656,4.038500457763671,5.76,4.66,real_post_mid,0.576,2.6,49.79999999999997,0.00711428571428571,fold_4,xgb,0.9938461184501648
SMCI,2024-12-31,2025-02-11,1.0,32.6,20.33,18.44,89.92,0.5811,24.4,23.3,13.0,23.86,23.86,23.86,23.6,0.0,0.0,2.0,0.0,-619020000.0,15193300000.0,14713700000.0,15.0,-20052.96,-21236.54,14253.44,18104.91,6.04,-4.37,116.91,-48.45,-19.59,26.16,27.78,1.6,1.1,43.0,39.5,43.0,2025-02-14,4.5,4.825,9.325,21.686046511627904,0.35,3.7,4.05,47.91,4.909999999999997,2.61969,2.61969,2.61969,1.1368,56.60555256537987,-1.2146,1495.0,7260.0,0.4932895410927863,4.0,8.139534883720934,1,13.54651162790697,2025-02-10,615.0,596.2012939453125,0.1159207142857143,0.1236270588235294,0.1304215624999999,0.0077063445378151,0.0145008482142856,0,0.15146,0.10268,0.04878,0.0111492857142857,0.1518670368736542,0.1306331264775414,0.3386454183266932,0.10522660810623,0.1324894145639045,-0.0165687002781902,0.794226530871078,1.45,1.9494934076095911,3.759122466339592,1.866920658015901,0.0118440136973729,0.0260563357350229,-0.0080361146856964,1,15.8100004196167,18.229999542236328,4.2179289910452695,9.325,4.05,real_post_mid,0.9325,2.6,431.6499999999999,0.10038372093023254,fold_4,xgb,0.7857142686843872
IPG,2024-12-31,2025-02-12,0.0,26.82,29.2,-0.15,-8.29,1.17,2.8383,2.754,9.0,2.8123,2.8127,2.8223,2.8238,0.0,0.0,1.0,4.0,2472278640.0,9315278000.0,9253000000.0,7.0,6428.0,6358.88,-51.2,119.52,-1.86,-3.0,-0.37,0.0,14.75,-50.52,-64.73,0.04,-9.01,27.0,27.0,27.0,2025-02-21,1.0,0.7,1.7,6.296296296296296,0.35,0.35,0.7,27.07,0.0700000000000002,0.01488,0.44414,0.22951,0.117315,48.884580192584195,-0.087805,3.0,17.0,0.217391304347826,10.0,0.0,1,6.296296296296296,2025-02-11,615.0,596.65478515625,0.11244,0.1242008823529411,0.1319449999999999,0.0117608823529411,0.0195049999999999,0,0.15146,0.10268,0.04878,0.01463,0.0886420842307396,0.1081329417848701,0.298804780876494,0.0980233713880602,0.1179977388887747,-0.0055577388887746,0.8307224554570287,1.35,1.1745039874355343,0.6701749866772739,-0.9893732529339244,0.0058658751110243,0.0427570640512737,-0.0072815928352311,1,16.020000457763672,18.280000686645508,4.77600045776367,1.7,0.7,real_post_mid,0.17,2.6,80.4,0.02977777777777778,fold_4,xgb,1.0
PPL,2024-12-31,2025-02-13,0.0,31.98,33.7,7.6,2.11,0.3732,1.83,1.6981,15.0,1.7198,1.7078,1.7081,1.7096,2.0,0.0,3.0,1.0,2776800020.0,9850800420.0,7285000000.0,11.0,282.4,119.2,23.23,100.46,1.13,9.84,2.68,-2.33,10.53,0.89,-2.06,-0.99,-0.67,34.0,34.0,34.0,2025-02-21,0.8,0.25,1.05,3.088235294117647,0.2,0.45,0.65,34.72,0.7199999999999989,0.21975,0.21975,0.21975,0.166095,24.416382252559732,-0.11707,3035.0,63.0,0.1320388349514563,9.0,0.0,1,3.088235294117647,2025-02-12,615.0,594.732666015625,0.11244,0.1210467647058823,0.130116875,0.0086067647058823,0.0176768749999999,0,0.15146,0.11244,0.03902,0.01951,0.0886420842307394,0.10813294178487,0.2828685258964143,0.0981755544206336,0.1193761984420434,-0.0069361984420434,0.8224047649523479,1.14,-0.291820054023809,0.99444160733812,-0.6977793343789799,-0.0014233465522455,0.0377886892631189,-0.0104796281131388,1,15.890000343322754,18.309999465942383,4.646000343322754,1.05,0.65,real_post_mid,0.10500000000000001,2.6,26.900000000000002,0.007911764705882354,fold_4,xgb,0.7857142686843872
O,2024-12-31,2025-02-24,0.0,54.34,57.75,5.47,-0.76,0.3909,1.4776,1.0208,3.0,1.3717,1.374,1.374,1.326,0.0,0.0,0.0,2.0,1323712740.0,5284515520.0,4742064790.0,8.0,-3597.6,-2848.8,-439.84,302.2,28.08,-0.64,26.21,-9.09,3.45,22.11,36.04,-0.09,2.61,57.5,55.0,57.5,2025-03-21,0.95,1.4500000000000002,2.4000000000000004,4.173913043478262,0.5,1.9,2.4,55.8,1.7000000000000028,0.17097,0.21,0.190485,0.18073,5.121138147360691,-0.00976,4454.0,4298.0,0.1694210882381366,28.0,4.347826086956519,0,-0.1739130434782572,2025-02-21,610.0,591.361572265625,0.12707,0.128945,0.136825,0.0018749999999999,0.0097549999999999,0,0.18073,0.11244,0.06829,0.0195149999999999,0.3780310984450782,0.202704824172577,0.6095617529880478,0.1320411839120223,0.1169569018937248,0.0101130981062751,1.1289729958134846,1.17,0.3056451373638179,3.9634821692831497,2.34350212546125,-0.0160562032616521,-0.0107182667147649,-0.0211933864947698,1,18.209999084472656,19.479999542236328,5.5029990844726555,2.4000000000000004,2.4,real_post_mid,0.24000000000000005,2.6,-26.599999999999962,-0.004626086956521732,fold_4,xgb,1.0
HSIC,2024-12-31,2025-02-25,0.0,74.97,77.66,1.13,-2.37,1.2089,4.79,4.7356,15.0,4.7581,4.7744,4.7722,4.7701,0.0,0.0,1.0,6.0,3013795110.0,12832095500.0,12683150000.0,10.0,4750.24,4468.64,46.86,128.73,0.38,1.21,-0.67,-7.58,-0.81,-15.71,-21.5,-0.18,-1.38,80.0,75.0,80.0,2025-03-21,2.2,4.5,6.7,8.375,0.3,7.5,7.8,69.39,10.61,0.3856,0.40511,0.395355,0.190485,51.81925105285123,-0.102435,125.0,952.0,0.03125,25.0,6.25,1,2.125,2025-02-24,605.0,588.6705932617188,0.1347357142857143,0.136825,0.14658,0.0020892857142857,0.0118442857142856,0,0.1835157142857142,0.12219,0.0613257142857142,0.0181171428571428,0.5121743912804362,0.2522578679078015,0.6932270916334662,0.1290287165618729,0.1156645397790124,0.0190711745067018,1.1155425578867466,1.36,1.4589344875570407,1.739346763919637,0.0938730291005615,-0.0204854745686507,-0.0205657471858264,-0.0256474264076711,1,18.979999542236328,19.86000061035156,5.506428113664899,6.7,7.8,real_post_mid,0.67,2.6,-179.59999999999994,-0.02244999999999999,fold_4,xgb,1.0
PEG,2024-12-31,2025-02-25,1.0,88.05,94.2,-5.47,-11.65,0.8279,3.69,3.657,19.0,3.6675,3.6655,3.6677,3.6667,1.0,0.0,2.0,2.0,2903739110.0,11391000000.0,9791000000.0,13.0,5276.0,5202.56,38.17,33.4,7.57,9.04,3.42,5.88,42.86,94.5,16.33,1.47,1.83,85.0,82.5,85.0,2025-03-21,1.875,2.95,4.825,5.676470588235294,1.1749999999999998,3.55,4.725,82.98,2.019999999999996,0.22951,0.30755,0.26853,0.27341,-1.8173016050348176,-0.0048799999999999,2786.0,21.0,0.7006451612903226,25.0,2.941176470588236,1,2.7352941176470584,2025-02-24,605.0,588.6705932617188,0.1347357142857143,0.136825,0.14658,0.0020892857142857,0.0118442857142856,0,0.1835157142857142,0.12219,0.0613257142857142,0.0181171428571428,0.5121743912804362,0.2522578679078015,0.6932270916334662,0.1290287165618729,0.1156645397790124,0.0190711745067018,1.1155425578867466,1.36,1.4589344875570407,1.739346763919637,0.0938730291005615,-0.0204854745686507,-0.0205657471858264,-0.0256474264076711,1,18.979999542236328,19.86000061035156,5.506428113664899,4.825,4.725,real_post_mid,0.48250000000000004,2.6,-40.84999999999995,-0.004805882352941171,fold_4,xgb,0.7857142686843872
FE,2024-12-31,2025-02-26,0.0,40.88,42.62,5.31,1.01,0.6893,2.7,2.62,16.0,2.6647,2.6637,2.6737,2.6733,3.0,0.0,2.0,6.0,3296811750.0,14114445600.0,13384000000.0,10.0,2959.2,3116.0,-70.83,60.07,6.94,13.69,4.43,-3.41,51.79,27.19,9.16,5.03,0.4,43.0,39.0,43.0,2025-03-21,1.275,1.075,2.3499999999999996,5.4651162790697665,0.125,4.4,4.525,39.56,3.4399999999999977,0.21,0.30755,0.258775,0.22951,11.309052265481592,-0.0682899999999999,83.0,1971.0,0.013356418501113,24.0,9.302325581395356,0,-3.837209302325588,2025-02-25,605.0,585.7431030273438,0.1417042857142857,0.1402034615384615,0.14658,-0.0015008241758241,0.0048757142857142,0,0.19048,0.1235842857142857,0.0668957142857143,0.0153278571428571,0.6341182940852961,0.2973044104609931,0.7729083665338645,0.1129318119225596,0.1163176688769004,0.0253866168373853,0.9708912928961456,1.17,0.2116517503756931,3.3330443418293316,1.5619103763059845,-0.028209701341627,-0.0225832734976142,-0.0304929336857313,1,19.43000030517578,20.030000686645508,5.259571733747208,2.3499999999999996,4.525,real_post_mid,0.235,2.6,-243.60000000000005,-0.056651162790697686,fold_4,xgb,1.0
VRSK,2024-12-31,2025-02-26,1.0,285.46,294.56,0.9,-2.22,1.5973,6.86,6.33,17.0,6.6301,6.626,6.6169,6.6175,0.0,0.0,3.0,2.0,736160420.0,2886002000.0,2874300000.0,14.0,4722.4,4168.8,192.85,116.54,7.04,1.19,7.25,9.87,-4.02,13.55,10.81,1.25,1.47,300.0,290.0,300.0,2025-03-21,8.8,9.0,17.8,5.933333333333334,3.2249999999999996,11.7,14.925,285.16,14.839999999999977,0.27829,0.30755,0.2929199999999999,0.239265,18.31728799672264,-0.0487799999999999,395.0,4.0,0.675,24.0,3.3333333333333326,1,2.600000000000001,2025-02-25,605.0,585.7431030273438,0.1417042857142857,0.1402034615384615,0.14658,-0.0015008241758241,0.0048757142857142,0,0.19048,0.1235842857142857,0.0668957142857143,0.0153278571428571,0.6341182940852961,0.2973044104609931,0.7729083665338645,0.1129318119225596,0.1163176688769004,0.0253866168373853,0.9708912928961456,1.17,0.2116517503756931,3.3330443418293316,1.5619103763059845,-0.028209701341627,-0.0225832734976142,-0.0304929336857313,1,19.43000030517578,20.030000686645508,5.259571733747208,17.8,14.925,real_post_mid,1.7800000000000002,2.6,106.89999999999998,0.0035633333333333324,fold_4,xgb,1.0
INVH,2024-12-31,2025-02-26,0.0,31.05,34.61,1.67,-8.78,0.18,0.4941,0.4941,1.0,0.4941,0.4941,0.6464,0.6547,0.0,0.0,0.0,1.0,680376740.0,2634400000.0,2550700000.0,14.0,4405.6,4533.6,-149.33,143.78,6.9,1.05,8.55,-28.57,25.0,-5.78,5.9,-0.95,-0.26,32.5,32.5,32.5,2025-03-21,0.7749999999999999,1.0499999999999998,1.8249999999999995,5.615384615384614,1.375,0.45,1.825,33.87,1.3699999999999974,0.27829,0.26853,0.27341,0.26365,3.5697304414615383,-0.0292649999999999,269.0,31.0,0.9736842105263158,24.0,0.0,1,5.615384615384614,2025-02-25,605.0,585.7431030273438,0.1417042857142857,0.1402034615384615,0.14658,-0.0015008241758241,0.0048757142857142,0,0.19048,0.1235842857142857,0.0668957142857143,0.0153278571428571,0.6341182940852961,0.2973044104609931,0.7729083665338645,0.1129318119225596,0.1163176688769004,0.0253866168373853,0.9708912928961456,1.17,0.2116517503756931,3.3330443418293316,1.5619103763059845,-0.028209701341627,-0.0225832734976142,-0.0304929336857313,1,19.43000030517578,20.030000686645508,5.259571733747208,1.8249999999999997,1.825,real_post_mid,0.1825,2.6,-20.850000000000023,-0.006415384615384622,fold_4,xgb,0.7647058963775635
NOC,2025-03-31,2025-04-22,0.0,490.72,502.41,-5.43,-7.63,6.2631,6.53,6.05,18.0,6.3054,6.3414,6.3642,6.5997,0.0,0.0,2.0,9.0,9948173960.0,10404000000.0,9722255000.0,19.0,36663.2,34739.04,-1944.14,3982.21,4.44,310.49,5.06,1.91,-8.71,169.57,72.25,-79.62,4.19,535.0,475.0,535.0,2025-05-16,16.45,18.299999999999997,34.75,6.4953271028037385,0.55,62.1,62.65,473.17,61.829999999999984,0.31731,0.30755,0.31243,0.27829,10.927247703485582,-0.0341449999999999,78.0,17.0,1.0459770114942528,25.0,11.21495327102804,0,-4.7196261682243,2025-04-21,515.0,508.055908203125,0.3005857142857143,0.278285,0.26853,-0.0223007142857142,-0.0320557142857143,1,0.3396085714285714,0.2615585714285714,0.07805,-2.1428571428949716e-06,0.5534131790158779,0.6150710341500027,0.9800796812749004,0.2375204075038245,0.5081948090829292,-0.2076090947972149,0.4673806250253631,1.19,-0.6918386311625854,5.878730905128022,0.036582853219496,-0.0375695288801243,-0.0885322873996306,-0.1590788000065464,0,33.81999969482422,31.829999923706055,3.761428266252789,34.75,62.65,real_post_mid,3.475,2.6,-3140.1,-0.058693457943925234,fold_5,xgb,0.8888888955116272
SYF,2025-03-31,2025-04-22,1.0,54.02,70.49,-10.11,-31.11,1.6465,1.84,1.308,16.0,1.6534,1.6336,1.6302,1.6541,2.0,0.0,5.0,5.0,3718589340.0,3851000000.0,3492000000.0,11.0,17765.6,17286.88,347.71,260.8,39.38,309.32,41.96,61.86,-1.55,134.6,117.31,8.77,11.81,47.5,50.0,47.0,2025-05-16,3.0,2.6500000000000004,5.65,11.894736842105264,4.1,1.45,5.55,60.8,13.799999999999995,0.57096,0.58072,0.57584,0.48316,16.094748541261467,-0.078045,106.0,95.0,0.4133768815677364,25.0,5.263157894736836,1,6.6315789473684275,2025-04-21,515.0,508.055908203125,0.3005857142857143,0.278285,0.26853,-0.0223007142857142,-0.0320557142857143,1,0.3396085714285714,0.2615585714285714,0.07805,-2.1428571428949716e-06,0.5534131790158779,0.6150710341500027,0.9800796812749004,0.2375204075038245,0.5081948090829292,-0.2076090947972149,0.4673806250253631,1.19,-0.6918386311625854,5.878730905128022,0.036582853219496,-0.0375695288801243,-0.0885322873996306,-0.1590788000065464,0,33.81999969482422,31.829999923706055,3.761428266252789,5.65,5.55,real_post_mid,0.5650000000000001,2.6,-49.09999999999995,-0.010336842105263148,fold_5,xgb,0.8666666746139526
PKG,2025-03-31,2025-04-22,1.0,194.41,239.8,-4.11,-22.26,2.214,2.25,2.18,5.0,2.22,2.222,2.222,2.408,0.0,0.0,0.0,1.0,2115191200.0,2200200000.0,1989105020.0,6.0,15623.2,15404.32,212.48,326.67,7.45,284.13,6.98,15.02,-7.55,2.92,2.44,-0.5,-0.64,180.0,185.0,180.0,2025-05-16,9.75,7.35,17.1,9.5,9.15,3.475,12.625,194.22,14.22,0.44414,0.45389,0.449015,0.322185,28.24627239624511,-0.0975599999999999,1.0,0.0,0.2941176470588235,25.0,2.777777777777768,1,6.722222222222232,2025-04-21,515.0,508.055908203125,0.3005857142857143,0.278285,0.26853,-0.0223007142857142,-0.0320557142857143,1,0.3396085714285714,0.2615585714285714,0.07805,-2.1428571428949716e-06,0.5534131790158779,0.6150710341500027,0.9800796812749004,0.2375204075038245,0.5081948090829292,-0.2076090947972149,0.4673806250253631,1.19,-0.6918386311625854,5.878730905128022,0.036582853219496,-0.0375695288801243,-0.0885322873996306,-0.1590788000065464,0,33.81999969482422,31.829999923706055,3.761428266252789,17.1,12.625,real_post_mid,1.7100000000000002,2.6,273.90000000000015,0.015216666666666675,fold_5,xgb,0.8666666746139526
MCO,2025-03-31,2025-04-22,1.0,459.49,484.63,-6.45,-11.3,3.5388,3.65,3.34,20.0,3.5457,3.5928,3.6246,3.5713,1.0,0.0,0.0,11.0,1877437280.0,1921200000.0,1820300000.0,18.0,19923.97,18892.64,565.15,315.05,19.81,290.95,20.79,19.63,-18.38,32.56,33.77,1.26,4.38,410.0,430.0,410.0,2025-05-16,20.05,15.2,35.25,8.597560975609756,27.85,5.25,33.1,488.9,78.89999999999998,0.41487,0.40511,0.40999,0.32707,20.224883533744723,-0.053655,5.0,0.0,1.2920489296636086,25.0,4.878048780487809,1,3.719512195121947,2025-04-21,515.0,508.055908203125,0.3005857142857143,0.278285,0.26853,-0.0223007142857142,-0.0320557142857143,1,0.3396085714285714,0.2615585714285714,0.07805,-2.1428571428949716e-06,0.5534131790158779,0.6150710341500027,0.9800796812749004,0.2375204075038245,0.5081948090829292,-0.2076090947972149,0.4673806250253631,1.19,-0.6918386311625854,5.878730905128022,0.036582853219496,-0.0375695288801243,-0.0885322873996306,-0.1590788000065464,0,33.81999969482422,31.829999923706055,3.761428266252789,35.25,33.1,real_post_mid,3.5250000000000004,2.6,-140.10000000000016,-0.0034170731707317114,fold_5,xgb,0.8666666746139526
DGX,2025-03-31,2025-04-22,1.0,167.11,151.51,3.43,14.08,2.1502,2.24,2.08,14.0,2.1551,2.2043,2.2147,2.199,0.0,0.0,0.0,9.0,2629718700.0,2682400000.0,2577000000.0,12.0,11498.4,11288.96,145.39,59.2,6.7,296.78,5.59,3.72,-3.04,50.08,6.66,-0.14,-0.01,160.0,175.0,160.0,2025-05-16,7.0,4.8,11.8,7.375000000000001,14.95,0.75,15.7,177.97,17.97,0.34658,0.34658,0.34658,0.2197549999999999,36.59328293611865,-0.0439049999999999,79.0,23.0,11.529166666666669,25.0,9.375,0,-1.9999999999999991,2025-04-21,515.0,508.055908203125,0.3005857142857143,0.278285,0.26853,-0.0223007142857142,-0.0320557142857143,1,0.3396085714285714,0.2615585714285714,0.07805,-2.1428571428949716e-06,0.5534131790158779,0.6150710341500027,0.9800796812749004,0.2375204075038245,0.5081948090829292,-0.2076090947972149,0.4673806250253631,1.19,-0.6918386311625854,5.878730905128022,0.036582853219496,-0.0375695288801243,-0.0885322873996306,-0.1590788000065464,0,33.81999969482422,31.829999923706055,3.761428266252789,11.8,15.7,real_post_mid,1.1800000000000002,2.6,-510.59999999999985,-0.03191249999999999,fold_5,xgb,0.8364402651786804
URI,2025-03-31,2025-04-23,1.0,647.08,788.57,-8.94,-25.28,8.813,9.39,7.9538,18.0,8.9284,9.048,9.048,9.1983,0.0,0.0,1.0,7.0,3606902060.0,3703867000.0,3478000000.0,13.0,32836.0,34037.28,-603.79,889.01,7.07,284.39,6.65,2.93,-1.78,5.36,5.53,-0.32,-0.39,575.0,650.0,575.0,2025-04-25,16.9,18.9,35.8,6.226086956521739,73.65,1.57,75.22,633.6,58.60000000000002,0.81486,0.91242,0.86364,0.45389,47.44453707563336,-0.3755999999999999,0.0,0.0,1.6950819672131148,3.0,13.043478260869556,0,-6.817391304347817,2025-04-22,529.0,521.2743530273438,0.2699242857142857,0.253407,0.249015,-0.0165172857142857,-0.0209092857142857,1,0.3089442857142856,0.2309028571428571,0.0780414285714285,-7.14285714353835e-07,0.4466166760378364,0.5230193534552083,0.9721115537848606,0.3230123296922461,0.5186596281646245,-0.2487353424503388,0.6227828659718254,1.13,-1.0118517328217234,1.2256406035581848,-0.3086871195429971,-0.0220172562577638,-0.0651263277566405,-0.1371999667833626,0,30.56999969482422,29.450000762939453,3.5775711233956464,35.8,75.22,real_post_mid,3.58,2.6,-4302.6,-0.07482782608695653,fold_5,xgb,0.8786166310310364
CME,2025-03-31,2025-04-23,0.0,262.94,233.38,-0.56,12.04,2.8087,2.86,2.7782,15.0,2.7918,2.623,2.598,2.5624,7.0,0.0,12.0,1.0,1661935160.0,1679145560.0,1649676900.0,11.0,5006.91,4728.77,86.95,80.27,9.88,286.9,10.46,6.33,-5.97,8.01,14.43,0.98,2.55,270.0,260.0,270.0,2025-05-16,4.15,8.2,12.35,4.574074074074074,2.425,8.4,10.825,276.29,6.2900000000000205,0.21,0.22951,0.2197549999999999,0.2148749999999999,2.2206548201406093,-0.0048799999999999,848.0,336.0,0.3300237427153032,24.0,3.703703703703709,1,0.8703703703703654,2025-04-22,529.0,521.2743530273438,0.2699242857142857,0.253407,0.249015,-0.0165172857142857,-0.0209092857142857,1,0.3089442857142856,0.2309028571428571,0.0780414285714285,-7.14285714353835e-07,0.4466166760378364,0.5230193534552083,0.9721115537848606,0.3230123296922461,0.5186596281646245,-0.2487353424503388,0.6227828659718254,1.13,-1.0118517328217234,1.2256406035581848,-0.3086871195429971,-0.0220172562577638,-0.0651263277566405,-0.1371999667833626,0,30.56999969482422,29.450000762939453,3.5775711233956464,12.35,10.825,real_post_mid,1.235,2.6,26.400000000000023,0.0009777777777777786,fold_5,xgb,0.8888888955116272
TDY,2025-03-31,2025-04-23,1.0,507.7,515.08,-11.66,-12.92,4.9226,4.97,4.83,10.0,4.9144,4.9216,4.9216,5.0294,0.0,0.0,0.0,1.0,1439443650.0,1502000000.0,1408141060.0,7.0,44168.8,42845.92,504.96,305.03,0.61,292.8,-0.08,1.47,8.24,-3.47,-4.38,-0.35,-0.92,460.0,460.0,460.0,2025-05-16,19.5,15.7,35.2,7.652173913043479,14.5,14.75,29.25,499.17,39.170000000000016,0.3856,0.35633,0.370965,0.32219,13.1481406601701,-0.0243849999999999,0.0,2.0,0.441588785046729,24.0,0.0,1,7.652173913043479,2025-04-22,529.0,521.2743530273438,0.2699242857142857,0.253407,0.249015,-0.0165172857142857,-0.0209092857142857,1,0.3089442857142856,0.2309028571428571,0.0780414285714285,-7.14285714353835e-07,0.4466166760378364,0.5230193534552083,0.9721115537848606,0.3230123296922461,0.5186596281646245,-0.2487353424503388,0.6227828659718254,1.13,-1.0118517328217234,1.2256406035581848,-0.3086871195429971,-0.0220172562577638,-0.0651263277566405,-0.1371999667833626,0,30.56999969482422,29.450000762939453,3.5775711233956464,35.2,29.25,real_post_mid,3.5200000000000005,2.6,240.40000000000023,0.005226086956521744,fold_5,xgb,0.8666666746139526
XEL,2025-03-31,2025-04-24,0.0,67.93,66.61,3.47,5.52,0.9194,0.94,0.8927,12.0,0.9138,0.9074,0.9074,0.9011,0.0,0.0,2.0,0.0,3932432260.0,4000576360.0,3853400000.0,4.0,4029.6,4261.76,-158.83,85.32,-5.39,268.85,-4.84,-2.41,-35.2,7.6,-3.83,3.65,0.29,70.0,70.0,70.0,2025-05-16,2.5999999999999996,1.0750000000000002,3.675,5.25,0.975,1.825,2.8,72.38,2.3799999999999955,0.21975,0.25877,0.23926,0.20512,14.268996071219595,-0.01463,713.0,14.0,0.4361702127659574,23.0,0.0,1,5.25,2025-04-23,537.0,529.3517456054688,0.253895,0.243165,0.239265,-0.0107299999999999,-0.0146299999999999,1,0.28804,0.21975,0.06829,0.0,0.3907852376711067,0.4748962633356564,0.9482071713147412,0.3532314397387412,0.5175151220240025,-0.2636201220240025,0.6825528853287465,1.29,-0.0884432855214151,4.115880749277401,-0.0986997085105785,-0.0040735508228689,-0.0673426656072123,-0.1238304723046184,0,28.450000762939453,28.020000457763672,3.060500762939455,3.675,2.8,real_post_mid,0.3675,2.6,48.150000000000006,0.006878571428571429,fold_5,xgb,0.8888888955116272
AMP,2025-03-31,2025-04-24,0.0,510.57,563.58,-7.15,-15.88,9.0836,9.29,8.71,11.0,9.1218,9.0772,9.0469,9.1893,0.0,0.0,5.0,3.0,4409433170.0,4548000000.0,4321599000.0,6.0,17775.2,14456.8,-2435.84,5803.99,11.13,292.63,10.89,46.94,30.62,30.35,31.94,-0.04,3.9,470.0,470.0,470.0,2025-05-16,18.5,16.65,35.15,7.47872340425532,9.9,14.15,24.049999999999997,524.11,54.110000000000014,0.35633,0.3856,0.370965,0.263655,28.92725728842344,-0.0341399999999999,12.0,11.0,0.6470588235294118,23.0,0.0,1,7.47872340425532,2025-04-23,537.0,529.3517456054688,0.253895,0.243165,0.239265,-0.0107299999999999,-0.0146299999999999,1,0.28804,0.21975,0.06829,0.0,0.3907852376711067,0.4748962633356564,0.9482071713147412,0.3532314397387412,0.5175151220240025,-0.2636201220240025,0.6825528853287465,1.29,-0.0884432855214151,4.115880749277401,-0.0986997085105785,-0.0040735508228689,-0.0673426656072123,-0.1238304723046184,0,28.450000762939453,28.020000457763672,3.060500762939455,35.15,24.049999999999997,real_post_mid,3.515,2.6,755.9000000000001,0.016082978723404258,fold_5,xgb,0.8666666746139526
CNP,2025-03-31,2025-04-24,0.0,35.23,32.36,7.58,17.12,0.5343,0.583,0.5,11.0,0.5269,0.547,0.5461,0.5578,0.0,0.0,1.0,3.0,2668446570.0,2770369810.0,2514675770.0,5.0,5080.46,5054.85,-16.43,63.37,-0.61,365.68,-1.22,25.0,29.03,9.47,13.07,3.61,2.78,37.0,38.0,37.0,2025-05-16,1.0,0.725,1.725,4.662162162162162,1.55,0.375,1.925,37.52,0.5200000000000031,0.20024,0.24902,0.22463,0.21975,2.1724613809375395,-0.014635,333.0,43.0,0.3908794788273615,23.0,2.7027027027026973,1,1.959459459459465,2025-04-23,537.0,529.3517456054688,0.253895,0.243165,0.239265,-0.0107299999999999,-0.0146299999999999,1,0.28804,0.21975,0.06829,0.0,0.3907852376711067,0.4748962633356564,0.9482071713147412,0.3532314397387412,0.5175151220240025,-0.2636201220240025,0.6825528853287465,1.29,-0.0884432855214151,4.115880749277401,-0.0986997085105785,-0.0040735508228689,-0.0673426656072123,-0.1238304723046184,0,28.450000762939453,28.020000457763672,3.060500762939455,1.725,1.925,real_post_mid,0.17250000000000001,2.6,-39.849999999999994,-0.010770270270270268,fold_5,xgb,1.0
WM,2025-03-31,2025-04-28,1.0,227.92,213.65,0.51,7.22,1.5871,1.75,1.2783,18.0,1.6094,1.6793,1.6883,1.8093,0.0,0.0,2.0,10.0,6104779110.0,6210102000.0,5976916000.0,17.0,4802.4,4924.8,47.96,199.01,8.01,293.35,7.29,-2.3,-13.27,12.83,8.53,0.92,0.09,230.0,230.0,230.0,2025-05-16,4.35,6.050000000000001,10.4,4.521739130434783,3.5,4.5,8.0,229.87,0.1299999999999954,0.21975,0.24902,0.234385,0.20512,12.485867269663164,-0.02439,439.0,133.0,0.796875,21.0,0.0,1,4.521739130434783,2025-04-25,552.0,544.3992309570312,0.21975,0.2129229999999999,0.2126226923076923,-0.006827,-0.0071273076923077,1,0.2559842857142857,0.18073,0.0752542857142857,-0.0013928571428571,0.2718551432793786,0.3723862113332976,0.9163346613545816,0.3132186538329339,0.5237853095418359,-0.3040353095418359,0.5979905280407953,1.13,-1.2048642414746715,1.4184534227263816,-0.310259894181944,0.0460287568172073,-0.0315693573112496,-0.0989242577829269,0,24.84000015258789,25.3700008392334,2.865000152587889,10.4,8.0,real_post_mid,1.04,2.6,133.40000000000003,0.005800000000000001,fold_5,xgb,1.0
SBAC,2025-03-31,2025-04-28,0.0,216.84,201.67,2.97,10.72,2.3167,2.45,2.15,3.0,2.3167,2.3167,2.44,2.4033,0.0,0.0,0.0,0.0,662324030.0,669000000.0,654898740.0,12.0,-2983.04,-2759.18,-1188.37,1867.1,-1.18,301.39,-1.74,130.69,-2.92,0.17,55.44,0.71,19.52,220.0,240.0,220.0,2025-05-16,7.9,5.550000000000001,13.45,6.113636363636364,19.85,1.025,20.875,233.08,13.080000000000013,0.30755,0.31731,0.31243,0.24414,21.85769612393176,-0.03902,29.0,2.0,1.1111111111111112,21.0,9.090909090909085,0,-2.977272727272718,2025-04-25,552.0,544.3992309570312,0.21975,0.2129229999999999,0.2126226923076923,-0.006827,-0.0071273076923077,1,0.2559842857142857,0.18073,0.0752542857142857,-0.0013928571428571,0.2718551432793786,0.3723862113332976,0.9163346613545816,0.3132186538329339,0.5237853095418359,-0.3040353095418359,0.5979905280407953,1.13,-1.2048642414746715,1.4184534227263816,-0.310259894181944,0.0460287568172073,-0.0315693573112496,-0.0989242577829269,0,24.84000015258789,25.3700008392334,2.865000152587889,13.450000000000001,20.875,real_post_mid,1.3450000000000002,2.6,-879.6,-0.03998181818181818,fold_5,xgb,0.8888888955116272
CINF,2025-03-31,2025-04-28,1.0,145.55,139.42,-6.65,-2.55,-0.6101,-0.38,-0.93,8.0,-0.6101,-0.4604,-0.5067,1.5154,0.0,0.0,0.0,2.0,2705740000.0,2747000000.0,2664000000.0,5.0,24117.6,19448.16,2035.33,1853.72,13.22,241.48,20.79,37.72,121.13,33.61,27.9,-50.35,2.95,135.0,140.0,135.0,2025-05-16,4.15,5.0,9.15,6.777777777777779,5.75,1.575,7.325,150.86,15.860000000000014,0.35633,0.34658,0.3514549999999999,0.278285,20.819166038326376,-0.0195099999999999,747.0,0.0,0.25,21.0,3.703703703703698,1,3.0740740740740806,2025-04-25,552.0,544.3992309570312,0.21975,0.2129229999999999,0.2126226923076923,-0.006827,-0.0071273076923077,1,0.2559842857142857,0.18073,0.0752542857142857,-0.0013928571428571,0.2718551432793786,0.3723862113332976,0.9163346613545816,0.3132186538329339,0.5237853095418359,-0.3040353095418359,0.5979905280407953,1.13,-1.2048642414746715,1.4184534227263816,-0.310259894181944,0.0460287568172073,-0.0315693573112496,-0.0989242577829269,0,24.84000015258789,25.3700008392334,2.865000152587889,9.15,7.325,real_post_mid,0.915,2.6,88.40000000000002,0.006548148148148149,fold_5,xgb,0.8888888955116272
ESS,2025-03-31,2025-04-29,1.0,306.0,276.62,-10.08,-0.53,1.4067,1.49,1.34,3.0,1.4067,1.4067,1.3867,1.4167,0.0,0.0,1.0,1.0,458425950.0,467389330.0,453861000.0,12.0,46639.2,49645.6,-1114.72,1538.28,6.29,293.71,6.08,-36.27,-51.49,36.49,20.32,-0.07,4.62,280.0,280.0,280.0,2025-05-16,5.95,7.65,13.6,4.857142857142858,5.550000000000001,6.25,11.8,288.71,8.70999999999998,0.27829,0.26853,0.27341,0.253895,7.137632127573975,-0.0146399999999999,334.0,0.0,,18.0,0.0,1,4.857142857142858,2025-04-28,551.0,544.6068115234375,0.22463,0.2163389999999999,0.2163765384615384,-0.008291,-0.0082534615384615,1,0.2615585714285714,0.18073,0.0808285714285714,-0.0034857142857142,0.2888526205273398,0.3870369377580014,0.9282868525896414,0.1620361072968415,0.5238084340701601,-0.2991784340701601,0.3093423029441676,1.13,-1.2319261118105729,0.9663638379186664,-0.3400728908996714,0.0719426793983846,-0.0286204548834291,-0.0985806757161125,0,25.149999618530273,25.729999542236328,2.6869996185302725,13.600000000000001,11.8,real_post_mid,1.3600000000000003,2.6,41.40000000000004,0.00147857142857143,fold_5,xgb,0.881950318813324
EQR,2025-03-31,2025-04-29,0.0,71.38,68.48,-2.59,1.53,0.28,0.35,0.2335,5.0,0.2949,0.2949,0.3009,0.3467,0.0,0.0,0.0,2.0,769444610.0,790647000.0,759281360.0,14.0,28124.0,28680.16,-292.27,361.51,3.69,298.22,3.45,-68.29,-31.58,58.41,57.15,-12.56,20.82,70.0,70.0,70.0,2025-05-16,1.3,1.625,2.925,4.178571428571428,1.425,1.35,2.7750000000000004,71.56,1.5600000000000025,0.24902,0.21975,0.234385,0.234385,0.0,0.0,103.0,2.0,4.6,18.0,0.0,1,4.178571428571428,2025-04-28,551.0,544.6068115234375,0.22463,0.2163389999999999,0.2163765384615384,-0.008291,-0.0082534615384615,1,0.2615585714285714,0.18073,0.0808285714285714,-0.0034857142857142,0.2888526205273398,0.3870369377580014,0.9282868525896414,0.1620361072968415,0.5238084340701601,-0.2991784340701601,0.3093423029441676,1.13,-1.2319261118105729,0.9663638379186664,-0.3400728908996714,0.0719426793983846,-0.0286204548834291,-0.0985806757161125,0,25.149999618530273,25.729999542236328,2.6869996185302725,2.925,2.7750000000000004,real_post_mid,0.2925,2.6,-16.85000000000005,-0.0024071428571428646,fold_5,xgb,0.8754636645317078
LH,2025-03-31,2025-04-29,1.0,230.02,246.22,4.52,-2.36,3.7348,3.89,3.5194,15.0,3.7518,3.7703,3.8046,3.8595,1.0,0.0,0.0,6.0,3398806650.0,3421000000.0,3335357640.0,13.0,42580.0,42220.96,167.91,141.83,6.97,296.37,6.57,4.55,-1.43,34.23,49.77,0.19,2.38,230.0,240.0,230.0,2025-05-16,6.7,6.75,13.45,5.8478260869565215,12.65,1.525,14.175,249.52,19.52000000000001,0.32707,0.33682,0.331945,0.26853,19.104068445073747,-0.053655,86.0,10.0,1.9733333333333336,18.0,4.347826086956519,1,1.5000000000000029,2025-04-28,551.0,544.6068115234375,0.22463,0.2163389999999999,0.2163765384615384,-0.008291,-0.0082534615384615,1,0.2615585714285714,0.18073,0.0808285714285714,-0.0034857142857142,0.2888526205273398,0.3870369377580014,0.9282868525896414,0.1620361072968415,0.5238084340701601,-0.2991784340701601,0.3093423029441676,1.13,-1.2319261118105729,0.9663638379186664,-0.3400728908996714,0.0719426793983846,-0.0286204548834291,-0.0985806757161125,0,25.149999618530273,25.729999542236328,2.6869996185302725,13.45,14.175,real_post_mid,1.345,2.6,-209.6000000000001,-0.009113043478260875,fold_5,xgb,0.8945419192314148
ZBRA,2025-03-31,2025-04-29,1.0,280.79,399.59,-8.81,-35.92,3.6174,3.7,3.5,16.0,3.6168,3.6168,3.6168,3.5681,1.0,0.0,1.0,0.0,1291096560.0,1309000000.0,1269130000.0,16.0,21486.86,20274.37,695.58,408.82,8.66,296.89,5.75,133.92,14.61,23.13,54.26,2.13,4.41,240.0,250.0,240.0,2025-05-16,15.65,12.35,28.0,11.666666666666666,15.8,4.375,20.175,300.62,60.620000000000005,0.6295,0.66852,0.64901,0.419745,35.3253416742423,-0.14146,22.0,205.0,0.9785714285714284,18.0,4.166666666666674,1,7.499999999999992,2025-04-28,551.0,544.6068115234375,0.22463,0.2163389999999999,0.2163765384615384,-0.008291,-0.0082534615384615,1,0.2615585714285714,0.18073,0.0808285714285714,-0.0034857142857142,0.2888526205273398,0.3870369377580014,0.9282868525896414,0.1620361072968415,0.5238084340701601,-0.2991784340701601,0.3093423029441676,1.13,-1.2319261118105729,0.9663638379186664,-0.3400728908996714,0.0719426793983846,-0.0286204548834291,-0.0985806757161125,0,25.149999618530273,25.729999542236328,2.6869996185302725,28.0,20.175,real_post_mid,2.8000000000000003,2.6,499.89999999999986,0.020829166666666662,fold_5,xgb,1.0
AWK,2025-03-31,2025-04-30,0.0,147.52,123.66,-0.35,18.88,1.066,1.14,0.95,7.0,1.087,1.1102,1.1255,0.85,0.0,0.0,2.0,1.0,1069341720.0,1112000000.0,999000000.0,4.0,3042.4,2846.56,60.59,306.19,10.63,254.04,9.83,32.61,-31.07,13.14,14.23,0.95,1.16,145.0,145.0,145.0,2025-05-16,3.175,2.475,5.65,3.896551724137931,3.45,2.175,5.625,142.56,2.4399999999999977,0.20024,0.23926,0.21975,0.22951,-4.441410693970417,-0.004875,123.0,3.0,0.5147058823529411,17.0,0.0,1,3.896551724137931,2025-04-29,555.0,548.0375366210938,0.21,0.210971,0.209995,0.0009709999999999,-5.000000000005e-06,1,0.24902,0.1723642857142857,0.0766557142857142,0.0006921428571428,0.2378950196794562,0.3431147804642684,0.904382470119522,0.1280862745322614,0.5197689874151381,-0.3097689874151381,0.2464292361290099,1.12,-1.1727468271726054,0.9166719779852924,-0.3367301576114782,0.051341838397229,-0.0024115760092516,-0.0929022269088302,0,24.170000076293945,25.219999313354492,3.1700000762939453,5.65,5.625,real_post_mid,0.5650000000000001,2.6,-56.59999999999997,-0.003903448275862067,fold_5,xgb,0.8666666746139526
GNRC,2025-03-31,2025-04-30,1.0,126.65,152.25,-9.69,-24.87,0.9663,1.19,0.7301,21.0,0.9728,0.9649,0.9704,1.5696,2.0,0.0,2.0,3.0,918824760.0,932600000.0,904000000.0,21.0,-3281764.0,-3282931.04,644.9,117.07,6.79,266.05,5.37,35.27,24.44,20.99,38.98,4.83,2.89,115.0,115.0,115.0,2025-05-16,5.2,6.85,12.05,10.478260869565217,2.875,5.050000000000001,7.925000000000001,129.44,14.439999999999998,0.60023,0.61974,0.609985,0.419745,31.187652155380864,-0.1268249999999999,221.0,112.0,1.360959651035987,17.0,0.0,1,10.478260869565217,2025-04-29,555.0,548.0375366210938,0.21,0.210971,0.209995,0.0009709999999999,-5.000000000005e-06,1,0.24902,0.1723642857142857,0.0766557142857142,0.0006921428571428,0.2378950196794562,0.3431147804642684,0.904382470119522,0.1280862745322614,0.5197689874151381,-0.3097689874151381,0.2464292361290099,1.12,-1.1727468271726054,0.9166719779852924,-0.3367301576114782,0.051341838397229,-0.0024115760092516,-0.0929022269088302,0,24.170000076293945,25.219999313354492,3.1700000762939453,12.05,7.925000000000001,real_post_mid,1.205,2.6,289.4,0.025165217391304347,fold_5,xgb,0.8666666746139526
ICE,2025-03-31,2025-05-01,1.0,171.49,159.83,-0.38,6.89,1.7032,1.7266,1.6881,15.0,1.7034,1.6679,1.656,1.6192,1.0,0.0,11.0,1.0,2465958980.0,2485000000.0,2444000000.0,10.0,4396.0,4284.16,42.43,37.07,18.76,287.77,19.56,14.29,-1.94,23.55,16.65,-1.69,-0.66,165.0,175.0,165.0,2025-05-16,5.0,2.625,7.625,4.621212121212121,9.3,0.65,9.95,176.25,11.25,0.21975,0.28804,0.253895,0.2148749999999999,15.368557868410171,-0.0097549999999999,790.0,29.0,0.2669934640522876,16.0,6.060606060606055,0,-1.439393939393934,2025-04-30,557.0,548.2550048828125,0.2148749999999999,0.2153629999999999,0.21975,0.0004879999999999,0.004875,0,0.24902,0.19048,0.0585399999999999,0.004875,0.2548750814794174,0.357750495898783,0.9083665338645418,0.1326382010787808,0.5191876331074377,-0.3043126331074376,0.255472574115288,1.29,-0.1027111425436425,1.0859882632762927,-0.3238595640431784,0.0357102048576836,-0.0086702902593295,-0.0925422789805563,0,24.700000762939453,25.540000915527344,3.212500762939456,7.625,9.95,real_post_mid,0.7625000000000001,2.6,-311.34999999999997,-0.018869696969696967,fold_5,xgb,1.0
MPWR,2025-03-31,2025-05-01,1.0,581.48,637.37,3.47,-5.61,4.0043,4.14,3.92,15.0,4.0043,4.016,3.9427,3.656,12.0,0.0,13.0,0.0,633427200.0,638508000.0,620000000.0,15.0,12583.2,11984.32,228.1,89.63,21.2,255.92,18.96,42.01,0.74,10.32,11.96,-0.75,-2.01,590.0,640.0,590.0,2025-05-16,39.25,36.35,75.6,12.813559322033896,56.35,8.25,64.6,715.4,125.39999999999998,0.75632,0.77583,0.7660750000000001,0.497795,35.02006983650426,-0.160965,53.0,80.0,0.5808080808080808,16.0,8.47457627118644,1,4.338983050847457,2025-04-30,557.0,548.2550048828125,0.2148749999999999,0.2153629999999999,0.21975,0.0004879999999999,0.004875,0,0.24902,0.19048,0.0585399999999999,0.004875,0.2548750814794174,0.357750495898783,0.9083665338645418,0.1326382010787808,0.5191876331074377,-0.3043126331074376,0.255472574115288,1.29,-0.1027111425436425,1.0859882632762927,-0.3238595640431784,0.0357102048576836,-0.0086702902593295,-0.0925422789805563,0,24.700000762939453,25.540000915527344,3.212500762939456,75.6,64.6,real_post_mid,7.56,2.6,341.40000000000003,0.005786440677966102,fold_5,xgb,0.831275999546051
MTD,2025-03-31,2025-05-01,1.0,1156.38,1364.44,-8.63,-22.56,7.8929,8.03,7.8,12.0,7.8996,7.8896,7.8896,8.0048,0.0,0.0,2.0,2.0,875841560.0,888000000.0,865100000.0,10.0,33861.6,30632.8,1266.24,664.27,2.22,305.68,0.87,32.02,21.55,6.23,-2.16,-0.99,-1.3,1070.0,1100.0,1060.0,2025-05-16,52.4,41.25,93.65,8.752336448598133,57.5,14.5,72.0,1157.44,97.44000000000004,0.51243,0.53194,0.522185,0.336825,35.49699819029654,-0.1121949999999999,2.0,0.0,1.0,16.0,2.8037383177569986,1,5.948598130841134,2025-04-30,557.0,548.2550048828125,0.2148749999999999,0.2153629999999999,0.21975,0.0004879999999999,0.004875,0,0.24902,0.19048,0.0585399999999999,0.004875,0.2548750814794174,0.357750495898783,0.9083665338645418,0.1326382010787808,0.5191876331074377,-0.3043126331074376,0.255472574115288,1.29,-0.1027111425436425,1.0859882632762927,-0.3238595640431784,0.0357102048576836,-0.0086702902593295,-0.0925422789805563,0,24.700000762939453,25.540000915527344,3.212500762939456,93.65,72.0,real_post_mid,9.365,2.6,1225.9000000000005,0.011457009345794397,fold_5,xgb,0.9397726058959961
PH,2025-03-31,2025-05-01,1.0,609.86,707.05,0.04,-13.71,6.7207,6.8437,6.65,17.0,6.7195,6.7155,6.7092,6.937,3.0,0.0,3.0,2.0,4987915810.0,5048996840.0,4950000000.0,16.0,16584.99,16102.94,414.36,387.97,-1.63,0.0,-0.45,77.23,-5.82,21.84,3.18,0.65,0.95,600.0,620.0,600.0,2025-05-16,24.549999999999997,21.05,45.599999999999994,7.599999999999999,26.35,7.199999999999999,33.55,680.4,80.39999999999998,0.42462,0.4734,0.44901,0.2880399999999999,35.849981069463944,-0.08292,59.0,1.0,1.3319327731092436,16.0,3.3333333333333437,1,4.266666666666655,2025-04-30,557.0,548.2550048828125,0.2148749999999999,0.2153629999999999,0.21975,0.0004879999999999,0.004875,0,0.24902,0.19048,0.0585399999999999,0.004875,0.2548750814794174,0.357750495898783,0.9083665338645418,0.1326382010787808,0.5191876331074377,-0.3043126331074376,0.255472574115288,1.29,-0.1027111425436425,1.0859882632762927,-0.3238595640431784,0.0357102048576836,-0.0086702902593295,-0.0925422789805563,0,24.700000762939453,25.540000915527344,3.212500762939456,45.599999999999994,33.55,real_post_mid,4.56,2.6,746.3999999999997,0.012439999999999996,fold_5,xgb,0.8888888955116272
EXC,2025-03-31,2025-05-01,1.0,45.92,40.0,1.48,16.5,0.8473,0.89,0.68,12.0,0.7947,0.7156,0.7121,0.7005,4.0,0.0,6.0,0.0,6446232000.0,6567500000.0,6308196000.0,3.0,3672.91,3405.29,156.52,49.34,5.99,274.2,6.56,6.67,-9.86,3.0,7.36,-0.25,0.24,47.0,46.0,47.0,2025-05-16,0.95,1.075,2.025,4.308510638297872,0.4,1.15,1.5499999999999998,44.09,2.9099999999999966,0.23926,0.26853,0.253895,0.20024,21.13275172807656,-0.0536549999999999,2021.0,31.0,3.392857142857143,16.0,2.127659574468088,1,2.180851063829784,2025-04-30,557.0,548.2550048828125,0.2148749999999999,0.2153629999999999,0.21975,0.0004879999999999,0.004875,0,0.24902,0.19048,0.0585399999999999,0.004875,0.2548750814794174,0.357750495898783,0.9083665338645418,0.1326382010787808,0.5191876331074377,-0.3043126331074376,0.255472574115288,1.29,-0.1027111425436425,1.0859882632762927,-0.3238595640431784,0.0357102048576836,-0.0086702902593295,-0.0925422789805563,0,24.700000762939453,25.540000915527344,3.212500762939456,2.025,1.5499999999999998,real_post_mid,0.2025,2.6,24.650000000000006,0.005244680851063831,fold_5,xgb,0.8666666746139526
ED,2025-03-31,2025-05-01,1.0,110.06,93.74,2.27,20.08,2.1933,2.28,2.066,10.0,2.118,2.0503,2.025,2.0232,3.0,0.0,2.0,0.0,4452310220.0,4558925420.0,4291000000.0,4.0,4730.43,4520.0,153.82,71.81,4.16,272.83,3.88,-2.0,-41.67,-9.6,18.27,2.82,2.14,110.0,110.0,110.0,2025-05-16,3.425,1.075,4.5,4.090909090909091,1.5,1.9,3.4,104.29,5.709999999999994,0.16122,0.23926,0.20024,0.195365,2.4345785057930436,0.01951,3245.0,5.0,3.606635071090047,16.0,0.0,1,4.090909090909091,2025-04-30,557.0,548.2550048828125,0.2148749999999999,0.2153629999999999,0.21975,0.0004879999999999,0.004875,0,0.24902,0.19048,0.0585399999999999,0.004875,0.2548750814794174,0.357750495898783,0.9083665338645418,0.1326382010787808,0.5191876331074377,-0.3043126331074376,0.255472574115288,1.29,-0.1027111425436425,1.0859882632762927,-0.3238595640431784,0.0357102048576836,-0.0086702902593295,-0.0925422789805563,0,24.700000762939453,25.540000915527344,3.212500762939456,4.5,3.4,real_post_mid,0.45,2.6,62.40000000000001,0.005672727272727274,fold_5,xgb,0.8666666746139526
CPRT,2025-04-30,2025-05-22,1.0,60.41,56.59,0.41,7.19,0.4167,0.4305,0.41,6.0,0.4167,0.4167,0.4167,0.4202,0.0,0.0,0.0,3.0,1228817830.0,1269000000.0,1199990000.0,6.0,-21065.44,-21092.54,4.33,76.19,14.03,,12.25,21.21,33.33,13.04,12.19,0.08,-0.6,62.5,55.0,62.5,2025-06-20,1.475,2.575,4.050000000000001,6.480000000000001,0.1,9.1,9.2,47.97,14.53,0.28804,0.26853,0.278285,0.24414,12.269795353684176,-0.02927,2042.0,144.0,2.431761786600496,30.0,12.0,0,-5.519999999999999,2025-05-21,585.0,576.2540893554688,0.170975,0.17585,0.180725,0.004875,0.00975,0,0.21975,0.1417,0.07805,0.00975,0.141441158503967,0.2259540020372057,0.7928286852589641,0.1488927811079401,0.1660429890178854,0.0049320109821145,0.8967122429475297,1.09,-0.2427297135137092,1.4152428822971703,-0.2505792385182425,-0.0080498299794126,0.1054717846923134,-0.0201562669294708,1,20.8700008392334,22.65999984741211,3.7725008392333983,4.050000000000001,9.2,real_post_mid,0.4050000000000001,2.6,-558.0999999999999,-0.08929599999999999,fold_5,xgb,0.8666666746139526
NXPI,2025-06-30,2025-07-21,1.0,209.0,174.66,9.22,30.69,2.6643,2.7127,2.6555,22.0,2.6647,2.6792,2.6705,2.677,0.0,0.0,12.0,10.0,2898025420.0,2930000000.0,2800000000.0,24.0,7406.69,7253.07,98.49,28.43,-9.31,-77.52,-5.66,-18.52,-16.98,-15.99,-15.54,-2.01,-1.88,230.0,230.0,230.0,2025-08-15,9.25,12.1,21.35,9.282608695652174,7.45,9.1,16.55,228.78,1.2199999999999989,0.43438,0.41487,0.424625,0.3514549999999999,17.231675007359453,-0.02927,331.0,356.0,0.9723653395784544,28.0,0.0,1,9.282608695652174,2025-07-18,630.0,622.301513671875,0.13195,0.1458828571428571,0.1508861764705882,0.0139328571428571,0.0189361764705882,0,0.1640057142857142,0.12219,0.0418157142857142,0.0111478571428571,0.0952721829954769,0.1087932236101431,0.3545816733067729,0.0629294736645928,0.0767719034969805,0.0551780965030195,0.8196940651219874,1.17,0.0767479022590774,0.9353493467391604,-0.3588839823528439,0.0063500269902057,0.0533952090184737,-0.0007324129021104,1,16.40999984741211,19.579999923706055,3.214999847412109,21.35,16.55,real_post_mid,2.1350000000000002,2.6,263.90000000000003,0.011473913043478263,fold_5,xgb,1.0
STLD,2025-06-30,2025-07-21,0.0,125.9,117.39,6.85,14.6,2.0775,2.18,2.02,4.0,2.642,2.725,2.74,2.5457,0.0,0.0,0.0,3.0,4761716210.0,4972246010.0,4563000000.0,6.0,46734.88,46293.73,36.43,241.93,-6.92,-75.09,-6.86,-60.76,5.88,-52.24,-63.36,-9.75,-9.7,130.0,130.0,130.0,2025-08-15,6.050000000000001,3.95,10.0,7.6923076923076925,5.7,3.2,8.9,126.42,3.5799999999999983,0.34658,0.33682,0.3417,0.32219,5.709686859818562,-0.0146299999999999,148.0,9.0,0.547683923705722,28.0,0.0,1,7.6923076923076925,2025-07-18,630.0,622.301513671875,0.13195,0.1458828571428571,0.1508861764705882,0.0139328571428571,0.0189361764705882,0,0.1640057142857142,0.12219,0.0418157142857142,0.0111478571428571,0.0952721829954769,0.1087932236101431,0.3545816733067729,0.0629294736645928,0.0767719034969805,0.0551780965030195,0.8196940651219874,1.17,0.0767479022590774,0.9353493467391604,-0.3588839823528439,0.0063500269902057,0.0533952090184737,-0.0007324129021104,1,16.40999984741211,19.579999923706055,3.214999847412109,10.0,8.9,real_post_mid,1.0,2.6,7.399999999999965,0.0005692307692307665,fold_5,xgb,0.8888888955116272
URI,2025-06-30,2025-07-23,0.0,716.57,647.36,12.1,24.08,10.5358,11.54,9.8467,17.0,10.5308,10.6083,10.6365,10.7066,1.0,0.0,1.0,3.0,3888902050.0,3968900000.0,3762000000.0,13.0,32963.84,33651.34,-46.91,788.52,6.71,-75.76,6.74,-3.17,-23.55,5.32,-5.63,-2.24,-2.83,792.5,875.0,792.5,2025-07-25,21.2,19.8,41.0,5.173501577287067,82.45,,,890.0,97.5,0.75632,0.66852,0.71242,0.32219,54.77527301311025,-0.36584,0.0,1.0,0.7316239316239316,3.0,10.410094637223978,0,-5.236593059936911,2025-07-22,631.0,623.5707397460938,0.13195,0.1461368181818181,0.1476257142857142,0.0141868181818181,0.0156757142857142,0,0.1612199999999999,0.12219,0.0390299999999999,0.0097549999999999,0.0952721829954769,0.1087932236101431,0.350597609561753,0.0430547123045092,0.0746574482322903,0.0572925517677096,0.5766968108868138,1.16,-0.1085445660077069,0.7215265824372862,-0.4078325905075765,0.0108013834208153,0.0581878986298098,0.0,1,16.5,19.530000686645508,3.3049999999999997,41.0,82.5,intrinsic_fallback,4.1000000000000005,2.6,-4562.6,-0.05757223974763408,fold_5,xgb,0.8666666746139526
CNP,2025-06-30,2025-07-24,0.0,36.48,38.19,3.73,-0.92,0.3084,0.3739,0.28,12.0,0.3537,0.3723,0.3978,0.4145,1.0,0.0,1.0,4.0,2000642180.0,2785391660.0,1476689020.0,5.0,5066.7,5094.36,-25.39,21.02,11.45,-66.22,1.81,-3.64,32.5,-1.61,5.36,-2.93,-1.28,37.0,38.0,37.0,2025-08-15,0.96,0.71,1.67,4.513513513513513,1.725,0.2249999999999999,1.95,38.12,1.1199999999999974,0.01488,0.01488,0.01488,0.19048,-1180.1075268817203,0.0,902.0,47.0,0.049970605526161,23.0,2.7027027027026973,1,1.810810810810816,2025-07-23,636.0,628.875732421875,0.12707,0.136825,0.1430978571428571,0.0097549999999999,0.0160278571428571,0,0.1417,0.11244,0.0292599999999999,-2.7755575615628914e-17,0.0,0.0941424971854393,0.2828685258964143,0.0628580914312915,0.0731557864391267,0.0539142135608733,0.8592360835816605,1.29,1.0396189489872232,1.2512765953985816,-0.2531674439327256,0.0160040231925215,0.0567525394983505,0.0,1,15.369999885559082,18.559999465942383,2.6629998855590813,1.67,1.95,real_post_mid,0.167,2.6,-47.300000000000004,-0.012783783783783784,fold_5,xgb,1.0
FE,2025-06-30,2025-07-30,1.0,40.26,42.75,3.8,-2.25,0.4865,0.53,0.46,11.0,0.5168,0.5066,0.5074,0.5049,0.0,0.0,1.0,6.0,3389257270.0,3532516000.0,3237413080.0,4.0,3165.58,3033.34,104.53,158.88,14.54,-72.05,7.05,21.82,0.0,26.02,23.2,1.85,1.41,42.0,42.0,42.0,2025-08-15,0.6000000000000001,1.1,1.7000000000000002,4.0476190476190474,0.95,0.475,1.425,43.47,1.4699999999999989,0.18073,0.28804,0.234385,0.185605,20.81191202508692,-0.05366,3507.0,174.0,0.0757180156657963,17.0,0.0,1,4.0476190476190474,2025-07-29,636.0,629.9169311523438,0.1305557142857143,0.133275909090909,0.141705,0.0027201948051947,0.0111492857142857,0,0.1598257142857142,0.1110457142857142,0.0487799999999999,0.0048799999999999,0.1690677599099234,0.1046073017745135,0.3227091633466135,0.0692758776564769,0.065255519222654,0.0653001950630602,1.0616094773547855,1.07,-0.7458691642352533,0.8163731231144595,-0.3130547314493115,0.0101771795912586,0.0330942630437853,-0.0028879900982092,1,15.979999542236328,18.770000457763672,2.924428113664898,1.7000000000000002,1.425,real_post_mid,0.17000000000000004,2.6,7.900000000000009,0.001880952380952383,fold_5,xgb,0.8584173917770386
WEC,2025-06-30,2025-07-30,1.0,104.2,108.79,3.99,-0.4,0.7063,0.82,0.67,8.0,0.718,0.7114,0.6796,0.7936,2.0,0.0,2.0,1.0,1753786930.0,1915945000.0,1241681980.0,5.0,7830.94,7428.93,189.18,128.18,17.51,-63.38,0.16,15.23,58.74,10.8,15.26,-1.92,-0.58,110.0,110.0,110.0,2025-08-15,1.375,4.225,5.6,5.09090909090909,1.0,2.4,3.4,107.36,2.640000000000001,0.20024,0.3856,0.29292,0.190485,34.970299057763214,-0.107315,5999.0,284.0,0.1931668856767411,17.0,0.0,1,5.09090909090909,2025-07-29,636.0,629.9169311523438,0.1305557142857143,0.133275909090909,0.141705,0.0027201948051947,0.0111492857142857,0,0.1598257142857142,0.1110457142857142,0.0487799999999999,0.0048799999999999,0.1690677599099234,0.1046073017745135,0.3227091633466135,0.0692758776564769,0.065255519222654,0.0653001950630602,1.0616094773547855,1.07,-0.7458691642352533,0.8163731231144595,-0.3130547314493115,0.0101771795912586,0.0330942630437853,-0.0028879900982092,1,15.979999542236328,18.770000457763672,2.924428113664898,5.6,3.4,real_post_mid,0.5599999999999999,2.6,161.39999999999998,0.014672727272727271,fold_5,xgb,0.8651388883590698
ES,2025-06-30,2025-07-31,1.0,64.55,58.83,2.4,12.36,0.9509,0.97,0.9008,14.0,0.9541,0.9712,0.9719,0.9803,0.0,0.0,1.0,7.0,2929211270.0,3186000000.0,2800200000.0,5.0,3601.44,3543.9,14.19,59.92,23.58,-65.39,4.61,0.67,48.51,45.44,9.51,6.6,-2.89,65.0,65.0,65.0,2025-08-15,2.0,0.75,2.75,4.230769230769231,1.95,0.875,2.825,65.53,0.5300000000000011,0.24902,0.21975,0.234385,0.27341,-16.64995626853253,-0.02439,1866.0,0.0,1.457142857142857,16.0,0.0,1,4.230769230769231,2025-07-30,639.0,629.1236572265625,0.12707,0.1310586363636363,0.1406592857142857,0.0039886363636363,0.0135892857142857,0,0.1417,0.12219,0.01951,0.0048749999999999,0.0986228599474555,0.0941424971854393,0.2948207171314741,0.0408396912650332,0.0648491300796026,0.0622208699203974,0.6297646740195635,1.29,0.7565332011284679,1.0574451677843406,-0.2587041109526384,0.0003942349687,0.0268836165054346,-0.004143684173762,1,15.479999542236328,18.350000381469727,2.7729995422363274,2.75,2.825,real_post_mid,0.275,2.6,-37.60000000000002,-0.005784615384615388,fold_5,xgb,0.8639242649078369
SPG,2025-06-30,2025-08-04,0.0,166.74,160.17,-1.68,2.35,1.557,1.63,1.3595,5.0,1.561,1.5662,1.5435,1.5386,0.0,0.0,0.0,2.0,1388059040.0,1422527000.0,1354693230.0,6.0,-1322.4,-1271.52,-229.76,403.37,2.11,-75.3,5.0,72.62,-18.99,-27.09,-1.03,-0.53,-1.56,160.0,170.0,160.0,2025-08-15,4.25,3.25,7.5,4.6875,9.9,0.35,10.249999999999998,173.28,13.28,0.2978,0.2978,0.2978,0.22951,22.93149764942915,-0.043905,102.0,23.0,0.5607985480943739,14.0,6.25,0,-1.5625,2025-08-01,623.0,616.4907836914062,0.1647021428571428,0.15634,0.1608667857142857,-0.0083621428571428,-0.0038353571428571,1,0.2002399999999999,0.13195,0.0682899999999999,0.0013928571428571,1.0,0.2071216426312121,0.7529880478087649,0.1054295544840798,0.0893604329481314,0.0753417099090114,1.1798236759358105,1.26,0.3889387001905448,5.497443798379857,0.589742560640128,-0.0241405905887579,0.0020468349405993,-0.0241405905887579,1,20.3799991607666,21.239999771118164,3.909784875052317,7.5,10.249999999999998,real_post_mid,0.75,2.6,-352.59999999999985,-0.02203749999999999,fold_5,xgb,0.8396729230880737
OKE,2025-06-30,2025-08-04,1.0,82.14,79.29,-2.81,0.68,1.3274,1.58,1.11,9.0,1.3671,1.2884,1.2949,1.2874,2.0,0.0,2.0,3.0,8328518020.0,8567369000.0,7939000000.0,3.0,3325.73,3749.29,-86.23,412.31,68.23,-62.83,30.89,-4.59,-33.76,22.06,18.61,-7.11,-6.56,80.0,75.0,80.0,2025-08-15,1.75,2.625,4.375,5.46875,0.3,4.449999999999999,4.749999999999999,73.93,6.069999999999993,0.34658,0.34658,0.34658,0.27341,21.11200877142363,-0.03903,2622.0,213.0,1.089629282027217,14.0,6.25,0,-0.78125,2025-08-01,623.0,616.4907836914062,0.1647021428571428,0.15634,0.1608667857142857,-0.0083621428571428,-0.0038353571428571,1,0.2002399999999999,0.13195,0.0682899999999999,0.0013928571428571,1.0,0.2071216426312121,0.7529880478087649,0.1054295544840798,0.0893604329481314,0.0753417099090114,1.1798236759358105,1.26,0.3889387001905448,5.497443798379857,0.589742560640128,-0.0241405905887579,0.0020468349405993,-0.0241405905887579,1,20.3799991607666,21.239999771118164,3.909784875052317,4.375,4.749999999999999,real_post_mid,0.4375,2.6,-83.84999999999991,-0.010481249999999989,fold_5,xgb,1.0
AXON,2025-06-30,2025-08-04,1.0,795.48,601.67,-6.36,23.8,1.4619,1.88,1.23,15.0,1.4593,1.461,1.4287,1.3847,1.0,0.0,2.0,0.0,640966630.0,662000000.0,626000000.0,14.0,23340.03,21248.23,1389.22,581.02,31.26,-71.01,32.94,22.61,-32.21,-22.48,-147.96,4.35,-4.89,750.0,870.0,750.0,2025-08-15,42.95,47.2,90.15,12.02,120.1,1.6,121.7,754.24,4.240000000000009,0.79535,0.75632,0.775835,0.419745,45.897645762307704,-0.25853,122.0,23.0,1.2931354359925789,14.0,15.999999999999991,0,-3.9799999999999938,2025-08-01,623.0,616.4907836914062,0.1647021428571428,0.15634,0.1608667857142857,-0.0083621428571428,-0.0038353571428571,1,0.2002399999999999,0.13195,0.0682899999999999,0.0013928571428571,1.0,0.2071216426312121,0.7529880478087649,0.1054295544840798,0.0893604329481314,0.0753417099090114,1.1798236759358105,1.26,0.3889387001905448,5.497443798379857,0.589742560640128,-0.0241405905887579,0.0020468349405993,-0.0241405905887579,1,20.3799991607666,21.239999771118164,3.909784875052317,90.15,121.7,real_post_mid,9.015,2.6,-4059.1,-0.054121333333333334,fold_5,xgb,0.8666666746139526
TRV,2025-09-30,2025-10-16,1.0,271.95,265.97,-3.82,-1.65,6.3023,7.92,5.21,20.0,5.826,5.571,5.5447,5.1904,11.0,0.0,11.0,0.0,11145142860.0,11367000000.0,11081000000.0,7.0,32503.52,20370.58,5249.06,2052.93,7.38,2.59,10.39,159.36,240.84,129.06,186.74,9.31,9.71,270.0,260.0,270.0,2025-10-17,6.300000000000001,6.65,12.95,4.796296296296297,0.03,7.4,7.430000000000001,262.01,7.990000000000009,0.82461,0.8051,0.814855,0.22463,72.43313227506735,-0.521935,254.0,375.0,0.7482915717539863,2.0,3.703703703703709,1,1.0925925925925877,2025-10-15,666.0,661.4039916992188,0.166095,0.1686485714285714,0.166095,0.0025535714285714,0.0,0,0.21,0.13195,0.0780499999999999,0.0048799999999999,0.83530901416943,0.211303275612502,0.796812749003984,0.2489820028222339,0.1263813308649005,0.0397136691350994,1.970085305466449,1.13,-0.7181305716029607,1.441081853276747,-0.2538320821261305,-0.0117959527786175,0.0106274755210775,-0.0117959527786175,1,20.63999938964844,21.940000534057617,4.030499389648437,12.950000000000001,7.430000000000001,real_post_mid,1.2950000000000002,2.6,419.90000000000003,0.015551851851851853,fold_6,xgb,0.8222222328186035
STLD,2025-09-30,2025-10-20,1.0,139.27,132.24,5.03,10.62,2.6307,2.69,2.6,10.0,2.6349,2.5788,2.6178,3.105,0.0,0.0,5.0,4.0,4762032360.0,4912768790.0,4562000000.0,8.0,46410.88,46475.98,67.68,260.57,-1.46,4.48,-5.79,-26.1,39.58,-22.56,-31.53,-3.18,-3.68,145.0,155.0,145.0,2025-11-21,6.05,7.65,13.7,9.448275862068964,12.9,3.25,16.15,158.16,13.159999999999997,0.3856,0.3856,0.3856,0.400235,-3.795383817427388,-0.0438999999999999,272.0,65.0,0.6777163904235728,35.0,6.896551724137923,1,2.551724137931042,2025-10-17,666.0,660.62841796875,0.166095,0.1702735714285714,0.166095,0.0041785714285714,0.0,0,0.2002399999999999,0.1417,0.0585399999999999,0.0048749999999999,0.5916751373098373,0.211303275612502,0.7928286852589641,0.1309378925294387,0.1292928364681499,0.03680216353185,1.0127234896087534,1.26,-0.3159114950438394,0.767803389493788,-0.3668648226399914,0.0174114706353449,0.0059976544737594,-0.0129547378917808,1,20.780000686645508,22.09000015258789,4.170500686645507,13.7,16.15,real_post_mid,1.37,2.6,-384.59999999999997,-0.026524137931034482,fold_6,xgb,0.8222222328186035
NOC,2025-09-30,2025-10-21,1.0,573.03,568.5,4.59,5.43,6.4554,6.67,6.3,18.0,6.4943,6.4977,6.4977,7.3804,2.0,0.0,5.0,4.0,10714199690.0,10883000000.0,10650321490.0,17.0,32654.46,34625.44,-235.01,4766.64,1.3,9.33,2.06,28.14,145.48,23.18,30.73,-0.09,3.1,605.0,600.0,605.0,2025-11-21,20.25,20.6,40.85,6.752066115702479,12.35,18.950000000000003,31.300000000000004,566.7,38.299999999999955,0.28804,0.28804,0.28804,0.229505,20.321830301347035,-0.053655,28.0,148.0,1.7441176470588236,32.0,0.8264462809917328,1,5.925619834710746,2025-10-20,673.0,667.499267578125,0.14658,0.15146,0.1521571428571428,0.00488,0.0055771428571428,0,0.1779414285714285,0.12219,0.0557514285714285,0.0034857142857143,0.3583039352187986,0.152715380903876,0.6414342629482072,0.1053748296670679,0.1330475191523701,0.0135324808476298,0.7920089779831928,1.79,3.3000160813684625,1.4345563050969712,-0.2410923127045109,0.012457805416941,0.0114509185900202,-0.002688997924911,1,18.229999542236328,20.309999465942383,3.5719995422363287,40.85,31.300000000000004,real_post_mid,4.085,2.6,543.8999999999997,0.008990082644628096,fold_6,xgb,0.8571428656578064
GPC,2025-09-30,2025-10-21,0.0,137.33,134.68,-2.05,-0.13,1.9911,2.0345,1.8568,10.0,1.9911,2.0073,2.0073,2.0441,1.0,0.0,1.0,1.0,6124728410.0,6190000000.0,6051604070.0,10.0,7667.68,7311.33,110.19,98.45,3.39,5.09,2.03,-13.93,20.0,-1.09,-1.27,1.14,-0.33,130.0,135.0,130.0,2025-11-21,6.35,3.9,10.25,7.884615384615384,6.45,2.525,8.975,128.56,1.4399999999999975,0.33682,0.31731,0.327065,0.2148749999999999,34.302050051213065,-0.06341,291.0,27.0,0.2938728323699422,32.0,3.8461538461538542,1,4.038461538461529,2025-10-20,673.0,667.499267578125,0.14658,0.15146,0.1521571428571428,0.00488,0.0055771428571428,0,0.1779414285714285,0.12219,0.0557514285714285,0.0034857142857143,0.3583039352187986,0.152715380903876,0.6414342629482072,0.1053748296670679,0.1330475191523701,0.0135324808476298,0.7920089779831928,1.79,3.3000160813684625,1.4345563050969712,-0.2410923127045109,0.012457805416941,0.0114509185900202,-0.002688997924911,1,18.229999542236328,20.309999465942383,3.5719995422363287,10.25,8.975,real_post_mid,1.0250000000000001,2.6,22.40000000000002,0.0017230769230769246,fold_6,xgb,0.8222222328186035
CB,2025-09-30,2025-10-21,1.0,273.89,270.15,-1.69,-0.33,6.1505,6.83,4.88,21.0,6.1505,5.4752,5.4597,5.5367,7.0,0.0,13.0,1.0,12944166670.0,13132000000.0,12809000000.0,6.0,21616.03,19819.62,1567.37,926.0,6.93,10.52,9.78,14.13,66.85,33.79,95.99,1.22,11.33,270.0,275.0,270.0,2025-11-21,6.3,7.2,13.5,5.0,10.65,3.45,14.099999999999998,298.29,28.29000000000002,0.21,0.21,0.21,0.18073,13.938095238095231,-0.0243949999999999,491.0,14.0,1.2387387387387387,32.0,1.85185185185186,1,3.14814814814814,2025-10-20,673.0,667.499267578125,0.14658,0.15146,0.1521571428571428,0.00488,0.0055771428571428,0,0.1779414285714285,0.12219,0.0557514285714285,0.0034857142857143,0.3583039352187986,0.152715380903876,0.6414342629482072,0.1053748296670679,0.1330475191523701,0.0135324808476298,0.7920089779831928,1.79,3.3000160813684625,1.4345563050969712,-0.2410923127045109,0.012457805416941,0.0114509185900202,-0.002688997924911,1,18.229999542236328,20.309999465942383,3.5719995422363287,13.5,14.099999999999998,real_post_mid,1.35,2.6,-197.5999999999998,-0.007318518518518511,fold_6,xgb,1.0
MCO,2025-09-30,2025-10-22,1.0,488.29,513.09,-3.17,-7.85,3.6837,4.1,3.36,21.0,3.5863,3.4665,3.4545,3.4655,7.0,0.0,14.0,1.0,1947728250.0,2010600000.0,1881000000.0,20.0,20958.85,20121.45,521.4,209.34,4.46,-1.35,15.76,8.54,-7.05,6.83,6.57,-0.43,0.89,490.0,480.0,490.0,2025-11-21,15.15,17.5,32.65,6.663265306122448,8.15,17.4,25.549999999999997,479.65,10.350000000000025,0.2978,0.27829,0.288045,0.234385,18.629033657935388,-0.0487849999999999,25.0,65.0,1.381188118811881,31.0,2.0408163265306145,1,4.622448979591834,2025-10-21,672.0,667.4892578125,0.1417,0.1510533333333333,0.1525057142857142,0.0093533333333333,0.0108057142857142,0,0.18073,0.12219,0.05854,0.0097599999999999,0.2940608984021704,0.1380646544791722,0.5816733067729084,0.1030274440244827,0.1321824346400119,0.009517565359988,0.7794336993797212,1.41,0.6360321929123965,0.7293976527674388,-0.3711155429452148,0.0136809909324202,0.0066731721542181,-0.0027039535209257,1,17.8700008392334,19.989999771118164,3.7000008392333985,32.65,25.549999999999997,real_post_mid,3.265,2.6,380.9000000000001,0.007773469387755104,fold_6,xgb,1.0
TDY,2025-09-30,2025-10-22,1.0,567.92,549.93,-4.26,-1.13,5.4715,5.69,5.4,11.0,5.4724,5.4669,5.4669,5.536,0.0,0.0,0.0,1.0,1527185960.0,1562753650.0,1515800000.0,9.0,44834.02,43881.66,326.81,312.75,10.16,4.4,3.23,13.54,5.05,12.28,12.63,-0.55,0.4,580.0,540.0,580.0,2025-11-21,18.0,18.5,36.5,6.293103448275862,5.25,43.4,48.65,494.87,85.13,0.2978,0.23926,0.26853,0.24414,9.082784046475252,-0.0487799999999999,10.0,6.0,0.4590163934426229,31.0,6.896551724137934,0,-0.6034482758620721,2025-10-21,672.0,667.4892578125,0.1417,0.1510533333333333,0.1525057142857142,0.0093533333333333,0.0108057142857142,0,0.18073,0.12219,0.05854,0.0097599999999999,0.2940608984021704,0.1380646544791722,0.5816733067729084,0.1030274440244827,0.1321824346400119,0.009517565359988,0.7794336993797212,1.41,0.6360321929123965,0.7293976527674388,-0.3711155429452148,0.0136809909324202,0.0066731721542181,-0.0027039535209257,1,17.8700008392334,19.989999771118164,3.7000008392333985,36.5,48.65,real_post_mid,3.6500000000000004,2.6,-1582.6,-0.027286206896551722,fold_6,xgb,0.8222222328186035
FE,2025-09-30,2025-10-22,1.0,43.33,41.4,9.14,14.23,0.7683,0.8,0.7327,8.0,0.7526,0.7884,0.8002,0.83,2.0,0.0,2.0,3.0,3943693340.0,3969667000.0,3912000000.0,5.0,3272.78,3016.09,201.0,124.13,3.05,-10.23,6.2,-7.14,-22.39,18.98,52.72,-2.53,6.21,47.0,46.0,47.0,2025-11-21,1.0499999999999998,1.25,2.3,4.8936170212765955,0.6499999999999999,1.35,2.0,46.89,0.1099999999999994,0.17097,0.24902,0.209995,0.20512,2.3214838448534443,-0.0243849999999999,717.0,2.0,0.7323232323232324,31.0,2.127659574468088,1,2.7659574468085073,2025-10-21,672.0,667.4892578125,0.1417,0.1510533333333333,0.1525057142857142,0.0093533333333333,0.0108057142857142,0,0.18073,0.12219,0.05854,0.0097599999999999,0.2940608984021704,0.1380646544791722,0.5816733067729084,0.1030274440244827,0.1321824346400119,0.009517565359988,0.7794336993797212,1.41,0.6360321929123965,0.7293976527674388,-0.3711155429452148,0.0136809909324202,0.0066731721542181,-0.0027039535209257,1,17.8700008392334,19.989999771118164,3.7000008392333985,2.3,2.0,real_post_mid,0.22999999999999998,2.6,4.399999999999984,0.0009361702127659541,fold_6,xgb,1.0
CNP,2025-09-30,2025-10-23,1.0,38.8,38.36,2.06,3.23,0.4379,0.5,0.4,10.0,0.4358,0.4304,0.4247,0.4172,2.0,0.0,4.0,1.0,2054862630.0,2249907610.0,1873458650.0,6.0,5007.82,5071.86,42.03,99.25,2.05,-33.42,1.87,-19.44,-45.28,-5.32,-10.71,-4.49,-3.06,40.0,39.0,40.0,2025-11-21,1.05,1.05,2.1,5.250000000000001,0.65,1.2000000000000002,1.85,39.56,0.4399999999999977,0.21,0.01488,0.11244,0.209995,-86.76182853077195,0.11219,1258.0,121.0,0.3644314868804664,30.0,2.500000000000002,1,2.7499999999999987,2025-10-22,669.0,664.0191040039062,0.15146,0.15146,0.15634,0.0,0.0048799999999999,0,0.18073,0.12219,0.05854,-2.7755575615628914e-17,0.4117576123002713,0.1673661073285799,0.7091633466135459,0.1149796111641498,0.1320497102687697,0.0194102897312302,0.8707297496535512,1.23,-0.577578217917606,0.9752875992119088,-0.32515223918686,0.0039538804384426,0.0069208117015546,-0.0078887121271189,1,18.600000381469727,20.309999465942383,3.4540003814697258,2.1,1.85,real_post_mid,0.21000000000000002,2.6,1.3999999999999981,0.0003499999999999995,fold_6,xgb,1.0
EG,2025-09-30,2025-10-27,0.0,349.11,332.28,-1.47,3.52,14.5182,18.91,9.553,15.0,13.8748,9.309,9.302,9.4051,7.0,0.0,10.0,0.0,3827500000.0,3921000000.0,3706000000.0,4.0,106978.72,101327.55,-6654.26,12561.52,6.56,3.92,12.37,3.03,254.29,-1.84,-1.84,-0.21,-1.66,350.0,310.0,350.0,2025-11-21,10.85,11.45,22.299999999999997,6.371428571428571,1.375,44.5,45.875,311.34,38.660000000000025,0.27829,0.2978,0.288045,0.27341,5.0808033466993034,-0.0487849999999999,174.0,3.0,0.0,28.0,11.428571428571432,0,-5.057142857142861,2025-10-24,677.0,673.4155883789062,0.13195,0.144955,0.1486714285714285,0.0130049999999999,0.0167214285714285,0,0.16122,0.11244,0.04878,0.0048799999999999,0.1250480461242795,0.1087932236101431,0.4382470119521912,0.1010009035733064,0.1335934369054825,-0.0016434369054825,0.756031927262749,1.29,-0.1666463649835814,4.862218791866703,0.3897016006457903,0.0193560707689102,0.0291771361442043,0.0,1,16.3700008392334,19.200000762939453,3.175000839233398,22.299999999999997,45.875,real_post_mid,2.23,2.6,-2583.1000000000004,-0.07380285714285716,fold_6,xgb,0.8222222328186035
SYY,2025-09-30,2025-10-28,1.0,81.94,80.11,-7.38,-5.27,1.1212,1.1593,1.1085,15.0,1.1197,1.1163,1.1157,1.1402,1.0,0.0,0.0,1.0,21079209060.0,21240000000.0,20774000000.0,12.0,2273.38,1644.19,339.82,503.43,1.13,-2.74,3.62,0.0,-27.82,-5.82,-5.68,-0.35,-0.26,77.5,75.0,77.5,2025-11-21,2.325,1.7000000000000002,4.025,5.193548387096775,0.36,3.5,3.86,76.63,0.8700000000000045,0.23926,0.24902,0.24414,0.185605,23.97599737855328,-0.029265,1174.0,110.0,1.5225375626043405,25.0,3.2258064516129004,1,1.9677419354838743,2025-10-27,686.0,681.3603515625,0.13195,0.13885625,0.14658,0.00690625,0.0146299999999999,0,0.15146,0.1152257142857142,0.0362342857142857,0.0013928571428571,0.1250480461242795,0.1087932236101431,0.4422310756972111,0.106917664401624,0.1376224413581826,-0.0056724413581826,0.7768912057253448,1.52,1.2822694085059183,11.506924388371155,1.460068247545338,0.0207656916758378,0.0353871889360914,0.0,1,15.789999961853027,18.989999771118164,2.594999961853027,4.025,3.86,real_post_mid,0.4025000000000001,2.6,-26.349999999999962,-0.003399999999999995,fold_6,xgb,0.8222222328186035
SHW,2025-09-30,2025-10-28,1.0,341.91,331.98,3.67,6.77,3.4394,3.55,3.31,22.0,3.4459,3.4646,3.4668,3.4649,0.0,0.0,0.0,9.0,6197356730.0,6280600000.0,6077000000.0,18.0,-85229.15,-84521.0,-145.0,516.96,0.69,19.01,0.18,-8.65,50.22,-12.29,-10.75,0.53,-2.23,340.0,350.0,340.0,2025-11-21,9.35,13.95,23.299999999999997,6.852941176470588,11.85,5.4,17.25,337.06,2.9399999999999977,0.30755,0.35633,0.33194,0.239265,27.919202265469668,-0.06829,149.0,60.0,0.3489631982066131,25.0,2.941176470588225,1,3.911764705882363,2025-10-27,686.0,681.3603515625,0.13195,0.13885625,0.14658,0.00690625,0.0146299999999999,0,0.15146,0.1152257142857142,0.0362342857142857,0.0013928571428571,0.1250480461242795,0.1087932236101431,0.4422310756972111,0.106917664401624,0.1376224413581826,-0.0056724413581826,0.7768912057253448,1.52,1.2822694085059183,11.506924388371155,1.460068247545338,0.0207656916758378,0.0353871889360914,0.0,1,15.789999961853027,18.989999771118164,2.594999961853027,23.299999999999997,17.25,real_post_mid,2.3299999999999996,2.6,369.39999999999975,0.010864705882352934,fold_6,xgb,0.8222222328186035
NI,2025-09-30,2025-10-29,0.0,43.21,42.45,-1.74,0.02,0.1963,0.215,0.18,10.0,0.2003,0.2032,0.1961,0.1923,1.0,0.0,1.0,3.0,972468970.0,1172000000.0,608406900.0,3.0,2861.66,2649.54,96.02,114.86,18.28,-41.23,7.23,4.76,-77.55,9.26,10.93,-3.13,-1.36,45.0,40.0,45.0,2025-11-21,0.675,1.5,2.175,4.833333333333333,0.15,3.0,3.15,42.78,2.219999999999999,0.28804,0.07341,0.180725,0.20512,-13.498409185226151,0.0829249999999999,3479.0,3218.0,0.0589864303517031,24.0,11.111111111111116,0,-6.277777777777783,2025-10-28,687.0,683.1700439453125,0.1417,0.14658,0.15634,0.0048799999999999,0.01464,0,0.1612199999999999,0.12219,0.0390299999999999,4.999999999977245e-06,0.2499679692504803,0.1380646544791722,0.5776892430278885,0.1019969727617197,0.1376072586588146,0.0040927413411853,0.7412179688472138,1.06,-1.6131966610729989,1.6868890148636602,-0.2763504612986595,0.0234921924949049,0.0352278067425693,0.0,1,16.420000076293945,19.549999237060547,2.2500000762939454,2.175,3.15,real_post_mid,0.2175,2.6,-121.85000000000001,-0.02707777777777778,fold_6,xgb,0.7482876181602478
AEP,2025-09-30,2025-10-29,0.0,109.78,113.14,11.23,7.93,1.805,1.9076,1.7486,14.0,1.793,1.8727,1.8975,1.8813,1.0,0.0,1.0,6.0,5569178040.0,5875600000.0,5294500000.0,5.0,3893.15,3117.62,315.63,247.93,9.93,-9.78,4.86,14.4,-7.14,46.38,59.71,7.24,8.57,115.0,120.0,115.0,2025-11-21,2.375,2.875,5.25,4.565217391304348,7.35,0.6,7.949999999999999,120.84,5.840000000000003,0.18073,0.25877,0.21975,0.20024,8.878270762229807,-0.01951,1072.0,627.0,0.4714747039827772,24.0,4.347826086956519,1,0.2173913043478288,2025-10-28,687.0,683.1700439453125,0.1417,0.14658,0.15634,0.0048799999999999,0.01464,0,0.1612199999999999,0.12219,0.0390299999999999,4.999999999977245e-06,0.2499679692504803,0.1380646544791722,0.5776892430278885,0.1019969727617197,0.1376072586588146,0.0040927413411853,0.7412179688472138,1.06,-1.6131966610729989,1.6868890148636602,-0.2763504612986595,0.0234921924949049,0.0352278067425693,0.0,1,16.420000076293945,19.549999237060547,2.2500000762939454,5.25,7.949999999999999,real_post_mid,0.525,2.6,-325.09999999999997,-0.028269565217391303,fold_6,xgb,0.8571428656578064
AVB,2025-09-30,2025-10-29,0.0,193.56,186.28,-8.92,-5.36,1.4916,2.08,1.19,3.0,1.4952,1.6478,1.2155,1.3798,0.0,0.0,0.0,1.0,768295830.0,775200000.0,764000000.0,6.0,45428.8,44585.3,-492.32,2042.91,4.7,1.92,5.09,-33.71,-6.35,9.25,-4.35,-0.53,-2.84,185.0,175.0,185.0,2025-11-21,4.5,4.300000000000001,8.8,4.756756756756757,0.75,10.65,11.4,180.68,4.319999999999993,0.24902,0.21975,0.234385,0.2197549999999999,6.241867013674097,0.0,205.0,4.0,5.173913043478261,24.0,5.405405405405405,0,-0.6486486486486482,2025-10-28,687.0,683.1700439453125,0.1417,0.14658,0.15634,0.0048799999999999,0.01464,0,0.1612199999999999,0.12219,0.0390299999999999,4.999999999977245e-06,0.2499679692504803,0.1380646544791722,0.5776892430278885,0.1019969727617197,0.1376072586588146,0.0040927413411853,0.7412179688472138,1.06,-1.6131966610729989,1.6868890148636602,-0.2763504612986595,0.0234921924949049,0.0352278067425693,0.0,1,16.420000076293945,19.549999237060547,2.2500000762939454,8.8,11.4,real_post_mid,0.8800000000000001,2.6,-350.59999999999997,-0.01895135135135135,fold_6,xgb,0.8222222328186035
WEC,2025-09-30,2025-10-30,1.0,114.59,110.24,-1.74,2.14,0.812,0.83,0.7947,7.0,0.799,0.7962,0.7862,0.8639,2.0,0.0,3.0,0.0,1897991270.0,2061356720.0,1435517540.0,7.0,8037.15,7598.62,212.22,138.32,13.4,-36.2,2.09,13.43,-66.52,8.04,10.99,-1.45,-0.44,115.0,110.0,115.0,2025-11-21,2.225,2.95,5.175000000000001,4.500000000000001,0.8,4.6,5.3999999999999995,111.14,3.859999999999999,0.20024,0.24902,0.22463,0.195365,13.028090637937936,-0.0243899999999999,384.0,522.0,0.9260450160771704,23.0,4.347826086956519,1,0.152173913043482,2025-10-29,687.0,683.4981689453125,0.14658,0.1526799999999999,0.1601703571428571,0.0060999999999999,0.0135903571428571,0,0.17097,0.12219,0.04878,0.0,0.3124919923126199,0.152715380903876,0.6414342629482072,0.0704764183530035,0.1374421677454058,0.0091378322545941,0.5127714405927601,1.4,0.5131756759690881,2.6924580658458623,-0.1085265131489235,0.0293350971740893,0.0318382271572281,0.0,1,16.920000076293945,19.829999923706055,2.262000076293946,5.175000000000001,5.3999999999999995,real_post_mid,0.5175000000000001,2.6,-76.84999999999988,-0.006682608695652164,fold_6,xgb,0.8571428656578064
WTW,2025-09-30,2025-10-30,1.0,345.45,314.77,-8.24,0.71,3.049,3.23,2.85,19.0,3.0552,3.0394,3.0172,2.9905,1.0,0.0,6.0,3.0,2284415400.0,2312000000.0,2241000000.0,10.0,4039.22,3469.4,177.98,293.7,-0.22,1.71,2.75,12.16,-8.63,15.71,73.58,-39.55,6.92,320.0,310.0,320.0,2025-11-21,9.15,11.4,20.55,6.421875000000001,4.225,10.65,14.875,315.05,4.949999999999989,0.30755,0.32707,0.31731,0.23926,24.59739686741672,-0.0780449999999999,106.0,412.0,1.0114503816793894,23.0,3.125,1,3.296875000000001,2025-10-29,687.0,683.4981689453125,0.14658,0.1526799999999999,0.1601703571428571,0.0060999999999999,0.0135903571428571,0,0.17097,0.12219,0.04878,0.0,0.3124919923126199,0.152715380903876,0.6414342629482072,0.0704764183530035,0.1374421677454058,0.0091378322545941,0.5127714405927601,1.4,0.5131756759690881,2.6924580658458623,-0.1085265131489235,0.0293350971740893,0.0318382271572281,0.0,1,16.920000076293945,19.829999923706055,2.262000076293946,20.55,14.875,real_post_mid,2.055,2.6,359.40000000000003,0.011231250000000002,fold_6,xgb,0.7797991633415222
XEL,2025-09-30,2025-10-30,0.0,80.65,73.47,1.17,11.05,1.3183,1.37,1.274,14.0,1.3214,1.3627,1.3705,1.3822,0.0,0.0,1.0,6.0,3947910000.0,4024883000.0,3868717000.0,6.0,4111.52,4063.14,-440.21,634.44,8.55,-15.85,-1.09,38.89,-10.71,16.16,28.51,1.46,2.72,80.0,80.0,80.0,2025-11-21,1.75,1.925,3.675,4.59375,2.475,1.05,3.5250000000000004,79.67,0.3299999999999983,0.22951,0.23926,0.234385,0.2148749999999999,8.323911513108785,0.0048749999999999,467.0,20.0,0.2184873949579832,23.0,0.0,1,4.59375,2025-10-29,687.0,683.4981689453125,0.14658,0.1526799999999999,0.1601703571428571,0.0060999999999999,0.0135903571428571,0,0.17097,0.12219,0.04878,0.0,0.3124919923126199,0.152715380903876,0.6414342629482072,0.0704764183530035,0.1374421677454058,0.0091378322545941,0.5127714405927601,1.4,0.5131756759690881,2.6924580658458623,-0.1085265131489235,0.0293350971740893,0.0318382271572281,0.0,1,16.920000076293945,19.829999923706055,2.262000076293946,3.675,3.5250000000000004,real_post_mid,0.3675,2.6,-24.350000000000055,-0.003043750000000007,fold_6,xgb,0.8222222328186035
AMP,2025-09-30,2025-10-30,1.0,491.25,501.52,-7.56,-9.45,9.7608,9.96,9.42,12.0,9.6017,9.55,9.55,9.476,6.0,0.0,8.0,1.0,4565549330.0,4626000000.0,4524000000.0,6.0,7952.48,12419.42,-3157.76,5877.32,3.67,0.48,9.21,6.8,56.26,29.35,28.54,-104.5,5.97,480.0,450.0,480.0,2025-11-21,13.7,15.8,29.5,6.145833333333333,1.775,29.799999999999997,31.574999999999996,447.56,32.44,0.28804,0.32707,0.307555,0.239265,22.20415860577783,-0.058535,5.0,54.0,1.1666666666666667,23.0,6.25,0,-0.1041666666666669,2025-10-29,687.0,683.4981689453125,0.14658,0.1526799999999999,0.1601703571428571,0.0060999999999999,0.0135903571428571,0,0.17097,0.12219,0.04878,0.0,0.3124919923126199,0.152715380903876,0.6414342629482072,0.0704764183530035,0.1374421677454058,0.0091378322545941,0.5127714405927601,1.4,0.5131756759690881,2.6924580658458623,-0.1085265131489235,0.0293350971740893,0.0318382271572281,0.0,1,16.920000076293945,19.829999923706055,2.262000076293946,29.5,31.574999999999996,real_post_mid,2.95,2.6,-505.0999999999996,-0.01052291666666666,fold_6,xgb,1.0
CMS,2025-09-30,2025-10-30,1.0,73.26,74.08,-0.07,-1.17,0.8588,0.92,0.8314,11.0,0.8659,0.8437,0.8438,0.864,1.0,0.0,3.0,3.0,1814317730.0,1872294110.0,1781600000.0,4.0,4773.6,4698.78,102.61,96.53,14.37,-24.89,4.84,7.58,-30.39,10.87,12.01,-2.1,-0.36,70.0,75.0,70.0,2025-11-21,2.975,0.675,3.65,5.214285714285715,3.1,0.375,3.475,74.04,4.040000000000006,0.20024,0.22951,0.2148749999999999,0.23926,-11.34845840605004,-0.0146349999999999,668.0,0.0,0.9791976225854384,23.0,7.14285714285714,0,-1.9285714285714244,2025-10-29,687.0,683.4981689453125,0.14658,0.1526799999999999,0.1601703571428571,0.0060999999999999,0.0135903571428571,0,0.17097,0.12219,0.04878,0.0,0.3124919923126199,0.152715380903876,0.6414342629482072,0.0704764183530035,0.1374421677454058,0.0091378322545941,0.5127714405927601,1.4,0.5131756759690881,2.6924580658458623,-0.1085265131489235,0.0293350971740893,0.0318382271572281,0.0,1,16.920000076293945,19.829999923706055,2.262000076293946,3.6500000000000004,3.475,real_post_mid,0.36500000000000005,2.6,-21.59999999999998,-0.0030857142857142828,fold_6,xgb,0.8222222328186035
O,2025-09-30,2025-11-03,0.0,60.4,57.2,-3.64,1.75,0.4008,0.4281,0.3735,2.0,0.4281,0.3987,0.2873,0.2873,0.0,0.0,1.0,0.0,1348638200.0,1423528590.0,1281543000.0,8.0,-5501.28,-4245.46,-430.4,305.95,5.3,2.16,21.7,-24.14,-21.26,2.16,4.31,-0.17,-0.41,57.5,57.5,57.5,2025-11-21,1.425,0.7749999999999999,2.2,3.82608695652174,0.45,1.6,2.0500000000000003,56.67,0.8299999999999983,0.20024,0.19048,0.19536,0.180725,7.491298116298106,-0.0243899999999999,1475.0,91.0,0.4493710691823899,21.0,0.0,1,3.82608695652174,2025-10-31,684.0,678.1983642578125,0.1444885714285714,0.15634,0.1653982142857142,0.0118514285714285,0.0209096428571428,0,0.1737585714285714,0.1249785714285714,0.0487799999999999,0.0048799999999999,0.2727035539238525,0.1464364981504316,0.6095617529880478,0.1298993109386806,0.1441411747619144,0.000347396666657,0.901195034335208,1.21,-0.5821028507327722,1.4413568616510084,-0.3252777478031036,0.0071022648739387,0.0191866558812945,-0.0077539413100081,1,17.440000534057617,20.489999771118164,2.991143391200474,2.2,2.0500000000000003,real_post_mid,0.22000000000000003,2.6,-9.600000000000012,-0.0016695652173913064,fold_6,xgb,0.8222222328186035
EXC,2025-09-30,2025-11-04,1.0,45.34,45.06,2.29,2.93,0.7785,0.8,0.75,12.0,0.768,0.7532,0.7532,0.7389,2.0,0.0,5.0,2.0,6481762150.0,6794213070.0,6352620000.0,7.0,3977.23,3698.63,188.37,76.72,1.23,-19.17,5.66,-17.02,-57.61,1.23,1.53,0.43,0.05,46.0,46.0,46.0,2025-11-21,1.0,0.975,1.975,4.293478260869565,0.8,0.8,1.6,45.75,0.25,0.21,0.26853,0.239265,0.209995,12.233297807869942,-0.0097599999999999,379.0,108.0,0.2988095238095238,18.0,0.0,1,4.293478260869565,2025-11-03,686.0,679.4711303710938,0.1451857142857142,0.1520699999999999,0.1616842857142857,0.0068842857142857,0.0164985714285714,0,0.17097,0.1291614285714286,0.0418085714285714,0.00488,0.2817980208352744,0.1485294590682463,0.6135458167330677,0.0946724485893877,0.1441378861606932,0.001047828125021,0.6568186277120884,1.27,-0.2045226232304332,4.420121853122671,0.1712725690893085,-0.0027727195852735,0.0211144294852627,-0.005891805943581,1,17.170000076293945,20.3799991607666,2.6514286477225166,1.975,1.6,real_post_mid,0.1975,2.6,15.15,0.0032934782608695654,fold_6,xgb,1.0
ES,2025-09-30,2025-11-04,1.0,72.53,65.43,1.78,12.82,1.1485,1.2,0.89,14.0,1.1443,1.1448,1.1518,1.1451,2.0,0.0,3.0,4.0,3200790010.0,3812300000.0,2936337930.0,5.0,3630.56,3608.38,43.52,58.71,12.02,-31.09,6.57,1.05,-36.0,30.77,10.05,21.45,-0.42,75.0,75.0,75.0,2025-11-21,1.175,2.0250000000000004,3.2,4.2666666666666675,0.45,2.4,2.85,64.55,10.450000000000005,0.21,0.26853,0.239265,0.19048,20.38952625749691,0.0292649999999999,662.0,5.0,0.0921985815602836,18.0,0.0,1,4.2666666666666675,2025-11-03,686.0,679.4711303710938,0.1451857142857142,0.1520699999999999,0.1616842857142857,0.0068842857142857,0.0164985714285714,0,0.17097,0.1291614285714286,0.0418085714285714,0.00488,0.2817980208352744,0.1485294590682463,0.6135458167330677,0.0946724485893877,0.1441378861606932,0.001047828125021,0.6568186277120884,1.27,-0.2045226232304332,4.420121853122671,0.1712725690893085,-0.0027727195852735,0.0211144294852627,-0.005891805943581,1,17.170000076293945,20.3799991607666,2.6514286477225166,3.2,2.85,real_post_mid,0.32000000000000006,2.6,0.4000000000000026,5.333333333333368e-05,fold_6,xgb,0.8222222328186035
PPL,2025-09-30,2025-11-05,1.0,37.15,36.37,-2.1,,0.4557,0.49,0.42,12.0,0.4621,0.47,0.4737,0.4598,0.0,0.0,0.0,5.0,2194042460.0,2409660000.0,2073000000.0,4.0,33.06,223.0,-27.09,117.09,7.66,-19.13,3.56,-15.79,-42.56,2.36,4.1,-1.6,-0.68,36.0,37.0,36.0,2025-11-21,0.8999999999999999,0.55,1.45,4.027777777777778,0.975,0.325,1.3,36.12,0.1199999999999974,0.23926,0.21975,0.229505,0.185605,19.128123570292583,-0.02439,65.0,22.0,0.0486257928118393,17.0,2.777777777777768,1,1.2500000000000098,2025-11-04,677.0,671.4169921875,0.15634,0.1581690625,0.1667914285714285,0.0018290625,0.0104514285714285,0,0.1890871428571428,0.13195,0.0571371428571428,0.0041785714285714,0.4273094914180286,0.1820168337532836,0.7250996015936255,0.1173898487501085,0.1505004106944104,0.0058395893055895,0.7799968665100018,1.17,-0.7737305757377133,1.876192882919801,-0.1723699025774819,-0.0172036989355366,0.0054049963450606,-0.0176755071289431,1,19.0,21.290000915527344,3.3659999999999997,1.45,1.3,real_post_mid,0.145,2.6,-2.100000000000008,-0.0005833333333333356,fold_6,xgb,0.8222222328186035
ALL,2025-09-30,2025-11-05,1.0,208.83,205.0,-6.74,-5.0,7.5432,9.18,4.6333,20.0,7.5052,5.913,4.9863,4.541,1.0,0.0,17.0,0.0,16942000000.0,16942000000.0,16942000000.0,1.0,51949.9,41969.27,6045.18,2284.02,5.21,1.74,10.67,268.94,68.27,343.94,411.93,7.62,12.98,195.0,200.0,195.0,2025-11-21,5.6,4.75,10.35,5.3076923076923075,6.45,2.875,9.325,214.32,19.319999999999993,0.31731,0.2978,0.307555,0.27341,11.102079302888926,-0.05854,108.0,30.0,1.35678391959799,17.0,2.564102564102555,1,2.7435897435897525,2025-11-04,677.0,671.4169921875,0.15634,0.1581690625,0.1667914285714285,0.0018290625,0.0104514285714285,0,0.1890871428571428,0.13195,0.0571371428571428,0.0041785714285714,0.4273094914180286,0.1820168337532836,0.7250996015936255,0.1173898487501085,0.1505004106944104,0.0058395893055895,0.7799968665100018,1.17,-0.7737305757377133,1.876192882919801,-0.1723699025774819,-0.0172036989355366,0.0054049963450606,-0.0176755071289431,1,19.0,21.290000915527344,3.3659999999999997,10.35,9.325,real_post_mid,1.035,2.6,-3.5999999999999566,-0.00018461538461538238,fold_6,xgb,0.8240060806274414
ED,2025-09-30,2025-11-06,1.0,100.04,104.48,-3.05,-7.17,1.7486,1.8318,1.7,9.0,1.7497,1.7683,1.7726,1.7647,0.0,0.0,1.0,4.0,4220420460.0,4334061650.0,4052000000.0,6.0,5006.59,4778.32,285.85,213.29,11.65,-25.07,6.62,15.25,-69.91,18.15,10.94,-13.49,-0.07,95.0,97.5,95.0,2025-11-21,2.6,1.975,4.575,4.815789473684211,4.05,0.6,4.6499999999999995,100.16,5.159999999999997,0.23926,0.31731,0.278285,0.195365,29.7967910595253,-0.048775,44.0,0.0,1.2608695652173914,16.0,2.6315789473684292,1,2.1842105263157814,2025-11-05,679.0,673.7437133789062,0.15146,0.1526799999999999,0.166095,0.0012199999999999,0.0146349999999999,0,0.18073,0.13195,0.0487799999999999,0.0048799999999999,0.3636482230380737,0.1673661073285799,0.7171314741035857,0.1253427026304716,0.1501667208936776,0.0012932791063223,0.8346902821379302,1.17,-0.6946781023085637,1.065096956710493,-0.4892707646516285,-0.014271370443403,0.0126434838272775,-0.014271370443403,1,18.010000228881836,20.600000381469727,2.864000228881835,4.575,4.6499999999999995,real_post_mid,0.4575,2.6,-55.84999999999993,-0.005878947368421045,fold_6,xgb,0.8222222328186035
DUK,2025-09-30,2025-11-06,1.0,125.56,125.32,-1.24,-1.05,1.7496,1.7835,1.68,17.0,1.7503,1.7272,1.7372,1.7425,1.0,0.0,6.0,1.0,8553308540.0,8803850930.0,8313675380.0,9.0,4330.4,3716.86,318.76,191.98,4.68,-8.98,4.57,5.93,-28.98,4.22,6.56,-19.69,0.43,125.0,125.0,125.0,2025-11-21,1.2999999999999998,3.2,4.5,3.5999999999999996,0.8,3.075,3.875,122.8,2.200000000000003,0.17097,0.25877,0.21487,0.190485,11.348722483362028,-0.0243849999999999,2244.0,149.0,0.354059985369422,16.0,0.0,1,3.5999999999999996,2025-11-05,679.0,673.7437133789062,0.15146,0.1526799999999999,0.166095,0.0012199999999999,0.0146349999999999,0,0.18073,0.13195,0.0487799999999999,0.0048799999999999,0.3636482230380737,0.1673661073285799,0.7171314741035857,0.1253427026304716,0.1501667208936776,0.0012932791063223,0.8346902821379302,1.17,-0.6946781023085637,1.065096956710493,-0.4892707646516285,-0.014271370443403,0.0126434838272775,-0.014271370443403,1,18.010000228881836,20.600000381469727,2.864000228881835,4.5,3.875,real_post_mid,0.45,2.6,14.9,0.0011920000000000001,fold_6,xgb,1.0
