ticker,fiscal_quarter_end,announcement_date,eps_beat,price_1m_before,price_3m_before,price_change_1m_pct,price_change_3m_pct,eps_estimate_average,eps_estimate_high,eps_estimate_low,eps_estimate_analyst_count,eps_estimate_average_7_days_ago,eps_estimate_average_30_days_ago,eps_estimate_average_60_days_ago,eps_estimate_average_90_days_ago,eps_estimate_revision_up_trailing_7_days,eps_estimate_revision_down_trailing_7_days,eps_estimate_revision_up_trailing_30_days,eps_estimate_revision_down_trailing_30_days,revenue_estimate_average,revenue_estimate_high,revenue_estimate_low,revenue_estimate_analyst_count,elo_before,elo_decay,elo_momentum,elo_vol_4q,total_revenue_yoy_growth_lag1,total_revenue_qoq_growth_lag1,total_revenue_ttm_yoy_growth_lag1,actual_eps_yoy_growth_lag1,actual_eps_qoq_growth_lag1,ebitda_yoy_growth_lag1,operating_income_yoy_growth_lag1,gross_margin_yoy_change_lag1,operating_margin_yoy_change_lag1,stock_price_pre,stock_price_post,atm_strike_pre,atm_expiration_pre,atm_call_mid_pre,atm_put_mid_pre,straddle_price_pre,straddle_pct_pre,atm_call_mid_post,atm_put_mid_post,exit_premium,expiry_close,exit_intrinsic_at_expiry,iv_call_pre,iv_put_pre,iv_avg_pre,iv_avg_post,iv_crush_pct,iv_term_slope,atm_open_interest_pre,atm_volume_pre,chain_pc_volume_ratio,dte_pre,actual_move_pct,crush_profitable,crush_pnl_pct,spy_join_date,spy_spot,spy_spy_close,spy_atm_iv_30d,spy_atm_iv_60d,spy_atm_iv_90d,spy_term_slope_30_60,spy_term_slope_30_90,spy_backwardation_flag,spy_iv_25d_put,spy_iv_25d_call,spy_risk_reversal_25d,spy_butterfly_25d,spy_iv_rank_30d,spy_iv_rank_252d,spy_iv_percentile_252d,spy_rv_5d,spy_rv_21d,spy_vrp_30d,spy_vol_expansion,spy_pc_ratio,spy_pc_ratio_z_20d,spy_voi_ratio,spy_voi_ratio_z_20d,spy_spy_ret_5d,spy_spy_ret_21d,spy_spy_dd_from_60d_high,spy_spy_above_200d_ma,spy_vix_close,spy_vix3m_close,spy_vix_minus_atm_iv_30d,entry_premium,exit_cost,exit_source,half_spread,commission,pnl_dollars,pnl_pct_notional,fold,model,proba
DOC,2023-03-31,2023-04-27,0.0,20.88,27.53,1.58,-22.96,0.09,0.11,0.06,7.0,0.09,0.09,0.09,0.11,0.0,0.0,0.0,0.0,522940000.0,532000000.0,514620000.0,6.0,2415.2,1969.76,166.4,332.0,8.7,296.07,8.73,-58.33,-82.14,43.27,4.78,-1.09,-0.65,15.0,15.0,15.0,2023-05-19,0.125,1.15,1.275,8.5,0.1,1.0,1.1,19.9,4.899999999999999,0.01488,1.85874,0.93681,0.995345,-6.2483321057631755,-0.40975,530.0,1.0,0.6607142857142857,23.0,0.0,1,8.5,2023-04-26,407.0,389.1180114746094,0.166095,0.1727160714285714,0.180725,0.0066210714285714,0.01463,0,0.20024,0.1417,0.05854,0.004875,0.2778157385263637,0.1428822444138577,0.0756972111553784,0.1098270649267062,0.1127638969431819,0.053331103056818,0.9739559194379784,1.23,-0.2648286770497453,0.9646341695367132,-0.3500923917591259,-0.0236151898191363,0.0198491400409648,-0.0260971151723647,1,18.84000015258789,21.540000915527344,2.23050015258789,1.275,1.1,real_post_mid,0.1275,2.6,2.149999999999982,0.0014333333333333214,fold_1,logreg,0.8888888888888888
APP,2023-06-30,2023-08-09,1.0,27.08,22.0,8.6,33.68,0.07,0.29,0.01,13.0,0.07,0.07,0.08,0.07,0.0,0.0,0.0,1.0,724270000.0,756000000.0,710080000.0,19.0,3127.2,3948.48,32.53,675.14,14.39,-74.6,,96.77,95.45,6510.28,147.7,8.43,28.99,30.0,37.5,30.0,2023-08-18,2.175,2.0999999999999996,4.2749999999999995,14.249999999999998,7.25,0.075,7.325,38.23,8.229999999999997,1.06851,1.08802,1.078265,0.59535,44.786300213769344,-0.409745,2018.0,416.0,0.127906976744186,10.0,25.0,0,-10.750000000000002,2023-08-08,455.0,433.43890380859375,0.1283109056865212,,,,,0,,,,,0.8756715301168859,0.125108145099435,0.1792828685258964,0.1282802486442215,0.0979468759479288,0.0303640297385923,1.3096920897448392,1.24,0.0836172989395821,1.074162648875988,-0.8579902419922858,-0.0169339086545982,0.0206751208586104,-0.0197469936070993,1,15.989999771118164,18.1299991607666,3.158909202466038,4.2749999999999995,7.325,real_post_mid,0.4275,2.6,-350.35000000000014,-0.11678333333333338,fold_1,logreg,0.7843137254901961
DIS,2023-06-30,2023-08-09,1.0,88.1,92.31,-0.69,-5.22,0.87,1.0,0.75,23.0,0.97,1.05,154.14,1.29,0.0,0.0,0.0,3.0,20449700000.0,20791300000.0,20052400000.0,21.0,7501.6,8231.84,-317.87,709.35,13.33,-7.22,13.06,-13.89,151.35,42.49,42.19,-1.57,2.12,88.0,92.0,88.0,2023-08-11,2.595,2.4000000000000004,4.995,5.676136363636363,3.8,0.05,3.85,89.02,1.019999999999996,0.78559,0.77583,0.78071,0.3417,56.232147660462914,-0.43413,6103.0,2236.0,0.7432773894148994,3.0,4.545454545454541,1,1.130681818181822,2023-08-08,455.0,433.43890380859375,0.1283109056865212,,,,,0,,,,,0.8756715301168859,0.125108145099435,0.1792828685258964,0.1282802486442215,0.0979468759479288,0.0303640297385923,1.3096920897448392,1.24,0.0836172989395821,1.074162648875988,-0.8579902419922858,-0.0169339086545982,0.0206751208586104,-0.0197469936070993,1,15.989999771118164,18.1299991607666,3.158909202466038,4.995000000000001,3.85,real_post_mid,0.4995000000000001,2.6,61.95000000000008,0.0070397727272727365,fold_1,logreg,1.0
CRWD,2023-07-31,2023-08-30,1.0,161.66,157.55,-7.72,-5.31,0.56,0.58,0.54,38.0,0.56,0.56,0.56,0.54,0.0,0.0,1.0,1.0,724130000.0,736000000.0,720000000.0,37.0,1741.6,1790.88,59.73,279.94,41.97,,50.02,83.87,246.15,17404.96,18.54,1.57,2.09,147.0,162.5,147.0,2023-09-01,5.975,6.175,12.15,8.26530612244898,16.325,0.01,16.335,161.23,14.22999999999999,1.14656,1.1368,1.14168,0.453895,60.24323803517624,-0.64876,680.0,304.0,0.8885966560210408,3.0,10.54421768707483,0,-2.278911564625851,2023-08-29,454.0,433.83489990234375,0.1180114285714285,0.1284628571428571,0.1354307142857143,0.0104514285714285,0.0174192857142857,0,0.15146,0.10268,0.04878,0.0090585714285714,0.2343557299591578,0.0748349127321158,0.1553784860557769,0.1756161459603316,0.1279199945835976,-0.009908566012169,1.3728592354306568,1.62,1.6516182460388305,5.717599801087983,3.3371171164785447,0.0251284393977688,-0.0188514201871607,-0.0188514201871607,1,14.449999809265137,16.559999465942383,2.64885695212228,12.149999999999999,16.335,real_post_mid,1.2149999999999999,2.6,-542.6000000000003,-0.03691156462585036,fold_1,logreg,0.8888888888888888
ARE,2023-09-30,2023-10-23,0.0,101.26,123.75,-6.8,-23.74,1.14,2.07,0.78,4.0,1.14,0.83,0.86,0.89,0.0,0.0,0.0,0.0,721980000.0,740100000.0,709340000.0,9.0,626.4,1802.4,-544.0,853.52,9.41,2.38,18.37,-34.62,-38.55,-1.71,6.69,0.41,-0.63,95.0,95.0,95.0,2023-11-17,4.1,3.7,7.8,8.210526315789474,3.75,2.9000000000000004,6.65,103.72,8.719999999999999,0.36609,0.37584,0.370965,0.3417,7.888884396102054,-0.02439,117.0,5.0,0.454608938547486,28.0,0.0,1,8.210526315789474,2023-10-20,424.0,408.2542114257813,0.18073,0.1842107142857143,0.180725,0.0034807142857143,-4.999999999977245e-06,1,0.2169642857142857,0.1584314285714285,0.0585328571428571,0.0069678571428571,1.0,0.4403757722797417,0.6573705179282868,0.1593975300160922,0.127727872908018,0.053002127091982,1.247946328291874,1.4,0.1433725242723427,2.2714529501722622,1.0554250554782718,-0.0238933783655995,-0.023644536644255,-0.0767039723332966,1,21.709999084472656,22.440000534057617,3.636999084472656,7.8,6.65,real_post_mid,0.78,2.6,34.39999999999994,0.003621052631578941,fold_2,logreg,1.0
BRO,2023-09-30,2023-10-23,1.0,72.27,72.47,-7.6,-7.85,0.62,0.65,0.58,12.0,0.61,0.61,0.61,0.6,1.0,0.0,3.0,0.0,1034190000.0,1062180000.0,1011740000.0,9.0,2792.8,2427.36,213.33,95.04,23.47,-6.5,19.47,33.33,-19.05,27.55,27.11,-2.05,0.81,70.0,70.0,70.0,2023-11-17,0.7250000000000001,3.5999999999999996,4.324999999999999,6.178571428571428,1.5,1.425,2.925,73.01,3.010000000000005,0.22951,0.27829,0.2539,0.20512,19.212288302481294,-0.00976,46.0,7.0,0.1524105754276827,28.0,0.0,1,6.178571428571428,2023-10-20,424.0,408.2542114257813,0.18073,0.1842107142857143,0.180725,0.0034807142857143,-4.999999999977245e-06,1,0.2169642857142857,0.1584314285714285,0.0585328571428571,0.0069678571428571,1.0,0.4403757722797417,0.6573705179282868,0.1593975300160922,0.127727872908018,0.053002127091982,1.247946328291874,1.4,0.1433725242723427,2.2714529501722622,1.0554250554782718,-0.0238933783655995,-0.023644536644255,-0.0767039723332966,1,21.709999084472656,22.440000534057617,3.636999084472656,4.324999999999999,2.925,real_post_mid,0.43249999999999994,2.6,94.14999999999996,0.013449999999999995,fold_2,logreg,1.0
CDNS,2023-09-30,2023-10-23,1.0,230.66,238.29,4.01,0.68,1.2,1.22,1.18,10.0,1.2,1.2,1.2,1.26,0.0,0.0,0.0,0.0,1001750000.0,1009300000.0,1000000000.0,10.0,6460.0,6204.0,149.33,27.71,13.88,-4.42,17.53,12.96,-5.43,9.84,5.81,0.88,-2.34,240.0,240.0,240.0,2023-11-17,9.2,9.55,18.75,7.8125,6.1,7.8,13.9,268.27,28.269999999999985,0.35633,0.35633,0.35633,0.283165,20.5329329554065,-0.03902,705.0,53.0,0.4800523217789404,28.0,0.0,1,7.8125,2023-10-20,424.0,408.2542114257813,0.18073,0.1842107142857143,0.180725,0.0034807142857143,-4.999999999977245e-06,1,0.2169642857142857,0.1584314285714285,0.0585328571428571,0.0069678571428571,1.0,0.4403757722797417,0.6573705179282868,0.1593975300160922,0.127727872908018,0.053002127091982,1.247946328291874,1.4,0.1433725242723427,2.2714529501722622,1.0554250554782718,-0.0238933783655995,-0.023644536644255,-0.0767039723332966,1,21.709999084472656,22.440000534057617,3.636999084472656,18.75,13.9,real_post_mid,1.875,2.6,294.8999999999999,0.012287499999999996,fold_2,logreg,1.0
PKG,2023-09-30,2023-10-23,1.0,149.06,152.65,-3.03,-5.31,1.93,1.95,1.91,6.0,1.92,1.91,1.91,1.94,2.0,0.0,2.0,0.0,1993520000.0,2114100000.0,1931000000.0,5.0,13357.6,12078.88,550.4,617.62,-12.75,-1.22,3.04,-28.48,5.0,-23.12,-33.98,-3.54,-4.69,140.0,150.0,140.0,2023-11-17,7.9,2.75,10.65,7.607142857142857,10.05,1.5,11.55,155.31,15.310000000000002,0.31731,0.30755,0.31243,0.239265,23.418045642223852,-0.0585299999999999,43.0,1.0,0.5483870967741935,28.0,7.14285714285714,1,0.4642857142857171,2023-10-20,424.0,408.2542114257813,0.18073,0.1842107142857143,0.180725,0.0034807142857143,-4.999999999977245e-06,1,0.2169642857142857,0.1584314285714285,0.0585328571428571,0.0069678571428571,1.0,0.4403757722797417,0.6573705179282868,0.1593975300160922,0.127727872908018,0.053002127091982,1.247946328291874,1.4,0.1433725242723427,2.2714529501722622,1.0554250554782718,-0.0238933783655995,-0.023644536644255,-0.0767039723332966,1,21.709999084472656,22.440000534057617,3.636999084472656,10.65,11.55,real_post_mid,1.0650000000000002,2.6,-199.10000000000005,-0.014221428571428576,fold_2,logreg,1.0
WRB,2023-09-30,2023-10-23,1.0,64.91,60.74,-3.11,3.54,1.18,1.22,1.07,12.0,1.19,1.17,1.17,1.16,0.0,0.0,3.0,2.0,3069710000.0,3094300000.0,3041800000.0,5.0,-6621.6,-6298.4,-21.33,470.85,19.22,3.49,14.29,1.79,14.0,82.17,105.42,6.91,6.4,65.0,65.0,64.5,2023-11-17,1.275,3.2,4.475,6.884615384615383,3.325,0.775,4.1000000000000005,70.21,5.709999999999994,0.23926,0.3856,0.31243,0.26365,15.61309733380277,-0.0877999999999999,82.0,5.0,0.4705882352941176,28.0,0.0,1,6.884615384615383,2023-10-20,424.0,408.2542114257813,0.18073,0.1842107142857143,0.180725,0.0034807142857143,-4.999999999977245e-06,1,0.2169642857142857,0.1584314285714285,0.0585328571428571,0.0069678571428571,1.0,0.4403757722797417,0.6573705179282868,0.1593975300160922,0.127727872908018,0.053002127091982,1.247946328291874,1.4,0.1433725242723427,2.2714529501722622,1.0554250554782718,-0.0238933783655995,-0.023644536644255,-0.0767039723332966,1,21.709999084472656,22.440000534057617,3.636999084472656,4.475,4.1000000000000005,real_post_mid,0.4475,2.6,-9.85000000000009,-0.0015153846153846294,fold_2,logreg,1.0
DGX,2023-09-30,2023-10-24,1.0,123.48,136.24,0.08,-9.29,2.19,2.25,2.09,15.0,2.19,2.19,2.19,2.25,0.0,0.0,0.0,1.0,2271360000.0,2328110000.0,2241000000.0,13.0,10519.2,10212.8,129.07,63.91,-4.69,0.3,-8.53,-2.54,12.75,0.43,-10.31,-0.45,-0.94,120.0,125.0,120.0,2023-11-17,4.65,2.7,7.35,6.125000000000001,7.15,0.875,8.025,134.89,14.889999999999986,0.28804,0.28804,0.28804,0.2148749999999999,25.400985974170265,-0.029265,34.0,25.0,0.6840909090909091,25.0,4.166666666666674,1,1.9583333333333268,2023-10-23,424.0,407.5466613769531,0.1772428571428571,0.17829,0.1761982142857143,0.0010471428571428,-0.0010446428571428,1,0.2030285714285714,0.16122,0.0418085714285714,0.0048814285714285,0.952345160818,0.4207005227119765,0.6254980079681275,0.0968716762749666,0.1276837668955311,0.0495590902473259,0.7586843545603214,1.4,0.2289309224627068,2.2293044072704755,0.8991994898310687,-0.0357306686566538,-0.0231402105284717,-0.0783041472517056,1,20.3700008392334,21.329999923706055,2.645715124947685,7.3500000000000005,8.025,real_post_mid,0.7350000000000001,2.6,-143.6,-0.011966666666666665,fold_2,logreg,0.7538461538461538
CB,2023-09-30,2023-10-24,1.0,213.08,205.89,-0.77,2.7,4.44,5.35,3.92,20.0,4.42,4.24,4.24,4.28,1.0,0.0,11.0,1.0,11619800000.0,11752000000.0,11421000000.0,6.0,13978.4,13223.52,716.8,725.32,19.28,6.11,9.81,17.14,11.56,43.53,47.54,0.0,3.53,205.0,215.0,200.0,2023-11-17,10.05,2.75,12.8,6.243902439024391,17.2,0.825,18.025,222.63,22.629999999999995,0.26853,0.26853,0.26853,0.22463,16.348266487915687,-0.0292649999999999,278.0,27.0,0.9022222222222224,25.0,4.878048780487809,1,1.365853658536582,2023-10-23,424.0,407.5466613769531,0.1772428571428571,0.17829,0.1761982142857143,0.0010471428571428,-0.0010446428571428,1,0.2030285714285714,0.16122,0.0418085714285714,0.0048814285714285,0.952345160818,0.4207005227119765,0.6254980079681275,0.0968716762749666,0.1276837668955311,0.0495590902473259,0.7586843545603214,1.4,0.2289309224627068,2.2293044072704755,0.8991994898310687,-0.0357306686566538,-0.0231402105284717,-0.0783041472517056,1,20.3700008392334,21.329999923706055,2.645715124947685,12.8,18.025,real_post_mid,1.2800000000000002,2.6,-653.0999999999998,-0.031858536585365846,fold_2,logreg,0.8
IVZ,2023-09-30,2023-10-24,0.0,14.49,16.44,-10.08,-20.74,0.36,0.38,0.33,13.0,0.36,0.38,0.39,0.44,0.0,0.0,1.0,1.0,1097950000.0,1125500000.0,1054900000.0,8.0,4480.8,4633.76,-74.67,134.39,-5.72,1.73,-12.27,-20.51,-18.42,-17.17,-40.88,-7.38,-8.39,12.0,12.0,12.0,2023-11-17,0.7749999999999999,0.35,1.125,9.375,0.75,0.25,1.0,13.84,1.84,0.33682,0.46365,0.400235,0.3417,14.625157719839596,-0.0390249999999999,16.0,0.0,1.531789638932496,25.0,0.0,1,9.375,2023-10-23,424.0,407.5466613769531,0.1772428571428571,0.17829,0.1761982142857143,0.0010471428571428,-0.0010446428571428,1,0.2030285714285714,0.16122,0.0418085714285714,0.0048814285714285,0.952345160818,0.4207005227119765,0.6254980079681275,0.0968716762749666,0.1276837668955311,0.0495590902473259,0.7586843545603214,1.4,0.2289309224627068,2.2293044072704755,0.8991994898310687,-0.0357306686566538,-0.0231402105284717,-0.0783041472517056,1,20.3700008392334,21.329999923706055,2.645715124947685,1.125,1.0,real_post_mid,0.1125,2.6,-1.3500000000000003,-0.0011250000000000003,fold_2,logreg,0.8
HCA,2023-09-30,2023-10-24,0.0,252.27,282.18,-8.78,-18.45,3.99,4.32,3.72,15.0,4.0,4.04,4.12,4.08,0.0,0.0,1.0,1.0,15822300000.0,15961000000.0,15385600000.0,18.0,18823.2,16882.24,897.6,1245.62,7.02,1.73,2.76,1.9,-12.98,4.33,0.17,-0.99,-0.99,240.0,225.0,240.0,2023-11-17,10.85,8.85,19.7,8.208333333333332,2.2,16.1,18.3,246.38,6.3799999999999955,0.39536,0.3856,0.39048,0.32219,17.488731817250567,-0.07317,78.0,56.0,0.4511331444759207,25.0,6.25,1,1.958333333333332,2023-10-23,424.0,407.5466613769531,0.1772428571428571,0.17829,0.1761982142857143,0.0010471428571428,-0.0010446428571428,1,0.2030285714285714,0.16122,0.0418085714285714,0.0048814285714285,0.952345160818,0.4207005227119765,0.6254980079681275,0.0968716762749666,0.1276837668955311,0.0495590902473259,0.7586843545603214,1.4,0.2289309224627068,2.2293044072704755,0.8991994898310687,-0.0357306686566538,-0.0231402105284717,-0.0783041472517056,1,20.3700008392334,21.329999923706055,2.645715124947685,19.7,18.3,real_post_mid,1.97,2.6,-59.60000000000014,-0.002483333333333339,fold_2,logreg,0.7538461538461538
PNR,2023-09-30,2023-10-24,1.0,64.98,66.92,-8.48,-11.13,0.87,0.9,0.82,16.0,0.87,0.87,0.87,0.89,0.0,0.0,2.0,0.0,992090000.0,1036200000.0,972370000.0,16.0,5095.2,4600.16,262.93,107.09,1.72,5.24,7.21,0.98,13.19,14.92,9.28,3.13,1.33,62.5,57.5,62.5,2023-11-17,2.7,2.625,5.325,8.52,0.325,5.35,5.675,62.94,0.4399999999999977,0.41487,0.40511,0.40999,0.32707,20.224883533744723,-0.0438999999999999,662.0,51.0,0.0142454602379461,25.0,7.9999999999999964,1,0.5200000000000031,2023-10-23,424.0,407.5466613769531,0.1772428571428571,0.17829,0.1761982142857143,0.0010471428571428,-0.0010446428571428,1,0.2030285714285714,0.16122,0.0418085714285714,0.0048814285714285,0.952345160818,0.4207005227119765,0.6254980079681275,0.0968716762749666,0.1276837668955311,0.0495590902473259,0.7586843545603214,1.4,0.2289309224627068,2.2293044072704755,0.8991994898310687,-0.0357306686566538,-0.0231402105284717,-0.0783041472517056,1,20.3700008392334,21.329999923706055,2.645715124947685,5.325,5.675,real_post_mid,0.5325000000000001,2.6,-90.84999999999997,-0.014535999999999995,fold_2,logreg,0.7538461538461538
SYF,2023-09-30,2023-10-24,1.0,31.38,34.86,-12.78,-21.49,1.43,1.56,1.3,18.0,1.43,1.5,1.48,1.47,2.0,0.0,7.0,0.0,4393110000.0,5321000000.0,4248000000.0,13.0,16652.0,16576.64,8.53,204.5,2.97,6.63,10.54,-17.5,-2.22,-28.05,-58.34,-52.63,-32.5,28.0,28.0,28.0,2023-11-17,1.65,1.125,2.775,9.910714285714285,0.8500000000000001,1.3,2.1500000000000004,29.88,1.879999999999999,0.42462,0.49292,0.45877,0.38072,17.01288227216252,-0.05366,248.0,70.0,3.273176291793313,25.0,0.0,1,9.910714285714285,2023-10-23,424.0,407.5466613769531,0.1772428571428571,0.17829,0.1761982142857143,0.0010471428571428,-0.0010446428571428,1,0.2030285714285714,0.16122,0.0418085714285714,0.0048814285714285,0.952345160818,0.4207005227119765,0.6254980079681275,0.0968716762749666,0.1276837668955311,0.0495590902473259,0.7586843545603214,1.4,0.2289309224627068,2.2293044072704755,0.8991994898310687,-0.0357306686566538,-0.0231402105284717,-0.0783041472517056,1,20.3700008392334,21.329999923706055,2.645715124947685,2.775,2.1500000000000004,real_post_mid,0.2775,2.6,32.14999999999995,0.011482142857142838,fold_2,logreg,0.8
PCAR,2023-09-30,2023-10-24,1.0,84.93,84.61,-0.12,0.26,2.12,2.29,1.96,13.0,2.12,2.12,2.12,1.89,1.0,0.0,1.0,0.0,8011610000.0,8480270000.0,7698000000.0,7.0,-13693.6,-15158.4,769.6,286.51,24.08,4.95,25.83,68.84,3.56,57.91,77.32,4.77,5.18,82.5,85.0,82.5,2023-11-17,2.425,3.4,5.824999999999999,7.0606060606060606,3.6,1.5,5.1,91.36,8.86,0.32707,0.34658,0.336825,0.273405,18.828768648407937,-0.04878,579.0,24.0,7.430485762144054,25.0,3.0303030303030276,1,4.030303030303033,2023-10-23,424.0,407.5466613769531,0.1772428571428571,0.17829,0.1761982142857143,0.0010471428571428,-0.0010446428571428,1,0.2030285714285714,0.16122,0.0418085714285714,0.0048814285714285,0.952345160818,0.4207005227119765,0.6254980079681275,0.0968716762749666,0.1276837668955311,0.0495590902473259,0.7586843545603214,1.4,0.2289309224627068,2.2293044072704755,0.8991994898310687,-0.0357306686566538,-0.0231402105284717,-0.0783041472517056,1,20.3700008392334,21.329999923706055,2.645715124947685,5.824999999999999,5.1,real_post_mid,0.5824999999999999,2.6,11.649999999999974,0.001412121212121209,fold_2,logreg,0.7538461538461538
EG,2023-09-30,2023-10-25,1.0,388.69,357.84,2.06,10.86,10.6,13.5,7.67,11.0,10.6,7.2,7.22,7.77,0.0,0.0,9.0,0.0,3595940000.0,3861780000.0,3435000000.0,4.0,92300.0,78729.44,7129.6,7328.38,28.73,11.14,10.21,55.36,34.48,447.55,515.57,15.88,16.26,400.0,390.0,400.0,2023-11-17,11.5,13.65,25.15,6.2875,4.3,20.1,24.4,396.3,3.6999999999999886,0.2978,0.31731,0.307555,0.27341,11.102079302888926,-0.039025,11.0,4.0,0.0476190476190476,24.0,2.500000000000002,1,3.7874999999999974,2023-10-24,426.0,410.6192932128906,0.166095,0.1709728571428571,0.170975,0.0048778571428571,0.0048799999999999,0,0.19048,0.1430942857142857,0.0473857142857143,0.0006921428571428,0.7999999999999998,0.3611126928990376,0.549800796812749,0.1383747779616575,0.1299177932278084,0.0361772067721916,1.065094892113969,1.13,-1.3677990649221217,0.6921363076866713,-1.5303177021346364,-0.0284160988696483,-0.0198968934590996,-0.0686901889451382,1,18.969999313354492,20.209999084472656,2.3604993133544916,25.15,24.4,real_post_mid,2.515,2.6,-179.1,-0.0044775,fold_2,logreg,1.0
HLT,2023-09-30,2023-10-25,0.0,147.81,152.64,1.99,-1.24,1.67,1.75,1.61,15.0,1.66,1.66,1.66,1.59,1.0,0.0,3.0,0.0,2623980000.0,2754000000.0,2527000000.0,8.0,4658.4,3902.4,153.07,384.37,18.75,16.01,39.97,26.36,31.45,9.82,12.71,-1.43,-1.36,150.0,150.0,150.0,2023-11-17,4.550000000000001,4.449999999999999,9.0,6.0,3.55,4.65,8.2,168.29,18.289999999999992,0.28804,0.2978,0.29292,0.27829,4.994537757749566,-0.01463,679.0,198.0,1.3265875785066297,24.0,0.0,1,6.0,2023-10-24,426.0,410.6192932128906,0.166095,0.1709728571428571,0.170975,0.0048778571428571,0.0048799999999999,0,0.19048,0.1430942857142857,0.0473857142857143,0.0006921428571428,0.7999999999999998,0.3611126928990376,0.549800796812749,0.1383747779616575,0.1299177932278084,0.0361772067721916,1.065094892113969,1.13,-1.3677990649221217,0.6921363076866713,-1.5303177021346364,-0.0284160988696483,-0.0198968934590996,-0.0686901889451382,1,18.969999313354492,20.209999084472656,2.3604993133544916,9.0,8.2,real_post_mid,0.9,2.6,-12.59999999999993,-0.0008399999999999954,fold_2,logreg,0.7538461538461538
GL,2023-09-30,2023-10-25,1.0,111.12,111.13,0.82,0.81,2.64,2.67,2.61,8.0,2.64,2.64,2.64,2.64,0.0,0.0,2.0,0.0,1385710000.0,1391000000.0,1382560000.0,4.0,1973.6,1593.44,204.8,49.88,2.68,21.3,-0.72,26.09,3.16,-2.67,-4.24,0.45,-1.6,110.0,115.0,110.0,2023-11-17,2.9749999999999996,2.625,5.6,5.09090909090909,4.9,1.075,5.9750000000000005,118.3,8.299999999999997,0.18073,0.2978,0.239265,0.20024,16.310367166112886,-0.039025,12.0,0.0,0.0,24.0,4.545454545454541,1,0.5454545454545485,2023-10-24,426.0,410.6192932128906,0.166095,0.1709728571428571,0.170975,0.0048778571428571,0.0048799999999999,0,0.19048,0.1430942857142857,0.0473857142857143,0.0006921428571428,0.7999999999999998,0.3611126928990376,0.549800796812749,0.1383747779616575,0.1299177932278084,0.0361772067721916,1.065094892113969,1.13,-1.3677990649221217,0.6921363076866713,-1.5303177021346364,-0.0284160988696483,-0.0198968934590996,-0.0686901889451382,1,18.969999313354492,20.209999084472656,2.3604993133544916,5.6,5.9750000000000005,real_post_mid,0.5599999999999999,2.6,-96.10000000000008,-0.008736363636363643,fold_2,logreg,0.8
FTV,2023-09-30,2023-10-25,0.0,74.82,76.35,-13.66,-15.39,0.85,0.88,0.84,15.0,0.85,0.85,0.85,0.85,0.0,0.0,3.0,0.0,1518960000.0,1536070000.0,1506000000.0,14.0,3880.8,3708.96,54.4,41.38,4.31,4.5,9.29,8.97,13.33,14.94,17.22,2.36,2.1,70.0,65.0,70.0,2023-11-17,2.4,1.9,4.3,6.142857142857142,0.2249999999999999,5.0,5.225,68.1,1.9000000000000057,0.2978,0.2978,0.2978,0.25877,13.106111484217598,-0.043905,61.0,0.0,2.857142857142857,24.0,7.14285714285714,0,-0.9999999999999972,2023-10-24,426.0,410.6192932128906,0.166095,0.1709728571428571,0.170975,0.0048778571428571,0.0048799999999999,0,0.19048,0.1430942857142857,0.0473857142857143,0.0006921428571428,0.7999999999999998,0.3611126928990376,0.549800796812749,0.1383747779616575,0.1299177932278084,0.0361772067721916,1.065094892113969,1.13,-1.3677990649221217,0.6921363076866713,-1.5303177021346364,-0.0284160988696483,-0.0198968934590996,-0.0686901889451382,1,18.969999313354492,20.209999084472656,2.3604993133544916,4.3,5.225,real_post_mid,0.43,2.6,-138.09999999999997,-0.019728571428571425,fold_2,logreg,0.7538461538461538
EQIX,2023-09-30,2023-10-25,1.0,733.35,796.07,-6.97,-14.3,2.16,2.47,1.63,17.0,2.16,2.16,2.16,2.09,1.0,0.0,1.0,0.0,2060170000.0,2077000000.0,2050240000.0,17.0,-1778.4,-2869.12,1360.0,1172.82,11.08,1.01,10.61,-6.75,-20.22,7.61,4.45,-1.35,-1.04,710.0,720.0,710.0,2023-11-17,21.15,25.75,46.9,6.605633802816902,25.4,17.3,42.7,774.64,64.63999999999999,0.31731,0.33682,0.327065,0.2978,8.947762677143682,-0.0438999999999999,26.0,3.0,0.5666666666666667,24.0,1.4084507042253502,1,5.197183098591552,2023-10-24,426.0,410.6192932128906,0.166095,0.1709728571428571,0.170975,0.0048778571428571,0.0048799999999999,0,0.19048,0.1430942857142857,0.0473857142857143,0.0006921428571428,0.7999999999999998,0.3611126928990376,0.549800796812749,0.1383747779616575,0.1299177932278084,0.0361772067721916,1.065094892113969,1.13,-1.3677990649221217,0.6921363076866713,-1.5303177021346364,-0.0284160988696483,-0.0198968934590996,-0.0686901889451382,1,18.969999313354492,20.209999084472656,2.3604993133544916,46.9,42.7,real_post_mid,4.69,2.6,-51.60000000000047,-0.0007267605633802883,fold_2,logreg,0.7538461538461538
AMP,2023-09-30,2023-10-25,1.0,335.67,348.5,-8.5,-11.87,7.57,7.72,7.3,10.0,7.57,7.68,7.68,7.63,0.0,0.0,1.0,2.0,3840620000.0,3926000000.0,3787060000.0,7.0,15631.2,14662.24,224.0,672.84,11.19,3.58,8.42,28.06,2.62,42.55,45.8,0.0,6.91,310.0,320.0,310.0,2023-11-17,12.0,8.85,20.85,6.725806451612904,12.6,6.5,19.1,347.83,37.829999999999984,0.2978,0.34658,0.32219,0.2880399999999999,10.599335795648535,-0.0439049999999999,34.0,5.0,0.2926829268292683,24.0,3.2258064516129004,1,3.5000000000000036,2023-10-24,426.0,410.6192932128906,0.166095,0.1709728571428571,0.170975,0.0048778571428571,0.0048799999999999,0,0.19048,0.1430942857142857,0.0473857142857143,0.0006921428571428,0.7999999999999998,0.3611126928990376,0.549800796812749,0.1383747779616575,0.1299177932278084,0.0361772067721916,1.065094892113969,1.13,-1.3677990649221217,0.6921363076866713,-1.5303177021346364,-0.0284160988696483,-0.0198968934590996,-0.0686901889451382,1,18.969999313354492,20.209999084472656,2.3604993133544916,20.85,19.1,real_post_mid,2.0850000000000004,2.6,-36.100000000000044,-0.0011645161290322595,fold_2,logreg,0.7600785380795764
BKR,2023-09-30,2023-10-25,1.0,35.9,34.66,-5.24,-1.85,0.4,0.45,0.36,19.0,0.4,0.4,0.4,0.4,0.0,0.0,0.0,0.0,6530170000.0,6640700000.0,6453000000.0,18.0,373.6,213.28,87.47,73.77,25.12,10.48,8.68,254.55,39.29,395.33,2156.0,1.54,8.64,34.0,35.0,34.0,2023-11-17,1.45,1.0,2.45,7.2058823529411775,1.7,0.725,2.425,33.71,0.2899999999999991,0.31731,0.36609,0.3417,0.331945,2.854843429909265,-0.02439,71.0,9.0,0.5006418485237484,24.0,2.941176470588225,1,4.264705882352953,2023-10-24,426.0,410.6192932128906,0.166095,0.1709728571428571,0.170975,0.0048778571428571,0.0048799999999999,0,0.19048,0.1430942857142857,0.0473857142857143,0.0006921428571428,0.7999999999999998,0.3611126928990376,0.549800796812749,0.1383747779616575,0.1299177932278084,0.0361772067721916,1.065094892113969,1.13,-1.3677990649221217,0.6921363076866713,-1.5303177021346364,-0.0284160988696483,-0.0198968934590996,-0.0686901889451382,1,18.969999313354492,20.209999084472656,2.3604993133544916,2.45,2.425,real_post_mid,0.24500000000000002,2.6,-24.59999999999997,-0.00723529411764705,fold_2,logreg,0.7538461538461538
AVY,2023-09-30,2023-10-25,0.0,185.05,183.48,-9.04,-8.26,2.1,2.16,2.05,9.0,2.1,2.1,2.1,2.47,0.0,0.0,0.0,0.0,2171130000.0,2258300000.0,2078700000.0,8.0,8316.0,8941.92,-46.93,512.77,-10.93,1.23,2.21,-27.27,12.94,-35.56,-24.77,-0.95,-2.06,175.0,170.0,175.0,2023-11-17,5.0,6.449999999999999,11.45,6.542857142857142,2.85,6.6,9.45,189.96,14.960000000000008,0.31731,0.32707,0.32219,0.27341,15.140134703125485,-0.058535,16.0,6.0,2.8783783783783785,24.0,2.857142857142858,1,3.685714285714284,2023-10-24,426.0,410.6192932128906,0.166095,0.1709728571428571,0.170975,0.0048778571428571,0.0048799999999999,0,0.19048,0.1430942857142857,0.0473857142857143,0.0006921428571428,0.7999999999999998,0.3611126928990376,0.549800796812749,0.1383747779616575,0.1299177932278084,0.0361772067721916,1.065094892113969,1.13,-1.3677990649221217,0.6921363076866713,-1.5303177021346364,-0.0284160988696483,-0.0198968934590996,-0.0686901889451382,1,18.969999313354492,20.209999084472656,2.3604993133544916,11.45,9.45,real_post_mid,1.145,2.6,82.9,0.004737142857142857,fold_2,logreg,0.7538461538461538
AVB,2023-09-30,2023-10-25,0.0,177.59,186.38,-6.99,-11.37,1.26,1.41,1.15,10.0,1.26,1.25,1.22,1.2,0.0,0.0,0.0,0.0,692450000.0,697590000.0,685640000.0,11.0,36168.8,36300.64,-219.73,376.28,7.18,2.39,11.86,29.29,21.9,56.3,15.81,-0.18,2.45,170.0,170.0,170.0,2023-11-17,4.4,4.5,8.9,5.235294117647059,3.4000000000000004,5.0,8.4,169.04,0.960000000000008,0.25877,0.25877,0.25877,0.24902,3.767824709201225,-0.01951,21.0,4.0,0.1685393258426966,24.0,0.0,1,5.235294117647059,2023-10-24,426.0,410.6192932128906,0.166095,0.1709728571428571,0.170975,0.0048778571428571,0.0048799999999999,0,0.19048,0.1430942857142857,0.0473857142857143,0.0006921428571428,0.7999999999999998,0.3611126928990376,0.549800796812749,0.1383747779616575,0.1299177932278084,0.0361772067721916,1.065094892113969,1.13,-1.3677990649221217,0.6921363076866713,-1.5303177021346364,-0.0284160988696483,-0.0198968934590996,-0.0686901889451382,1,18.969999313354492,20.209999084472656,2.3604993133544916,8.9,8.4,real_post_mid,0.8900000000000001,2.6,-41.600000000000016,-0.002447058823529413,fold_2,logreg,0.7538461538461538
APH,2023-09-30,2023-10-25,1.0,83.26,88.77,-4.32,-10.26,0.74,0.75,0.73,11.0,0.74,0.74,0.74,0.73,0.0,0.0,0.0,0.0,3097810000.0,3144890000.0,3071600000.0,11.0,-9589.6,-9782.24,106.67,28.29,-2.64,2.69,10.93,-4.0,4.35,-2.28,-3.84,0.46,-0.25,80.0,80.0,80.0,2023-11-17,2.0999999999999996,2.575,4.675,5.84375,2.075,1.65,3.725,89.7,9.700000000000005,0.28804,0.28804,0.28804,0.23926,16.935147896125542,-0.048775,61.0,1014.0,0.6762103071317023,24.0,0.0,1,5.84375,2023-10-24,426.0,410.6192932128906,0.166095,0.1709728571428571,0.170975,0.0048778571428571,0.0048799999999999,0,0.19048,0.1430942857142857,0.0473857142857143,0.0006921428571428,0.7999999999999998,0.3611126928990376,0.549800796812749,0.1383747779616575,0.1299177932278084,0.0361772067721916,1.065094892113969,1.13,-1.3677990649221217,0.6921363076866713,-1.5303177021346364,-0.0284160988696483,-0.0198968934590996,-0.0686901889451382,1,18.969999313354492,20.209999084472656,2.3604993133544916,4.675,3.725,real_post_mid,0.4675,2.6,45.64999999999997,0.005706249999999996,fold_2,logreg,0.7538461538461538
UHS,2023-09-30,2023-10-25,1.0,128.07,138.05,-4.58,-11.47,2.36,2.57,2.19,14.0,2.38,2.41,2.46,2.49,0.0,0.0,0.0,1.0,3536220000.0,3576600000.0,3453000000.0,14.0,16551.2,15900.8,445.33,151.41,6.76,2.33,5.96,15.0,8.12,10.06,20.0,-0.04,0.88,125.0,125.0,125.0,2023-11-17,4.8,4.8,9.6,7.68,3.85,4.2,8.05,135.96,10.960000000000008,0.37584,0.37584,0.37584,0.32707,12.976266496381433,-0.05365,103.0,0.0,0.1379310344827586,24.0,0.0,1,7.68,2023-10-24,426.0,410.6192932128906,0.166095,0.1709728571428571,0.170975,0.0048778571428571,0.0048799999999999,0,0.19048,0.1430942857142857,0.0473857142857143,0.0006921428571428,0.7999999999999998,0.3611126928990376,0.549800796812749,0.1383747779616575,0.1299177932278084,0.0361772067721916,1.065094892113969,1.13,-1.3677990649221217,0.6921363076866713,-1.5303177021346364,-0.0284160988696483,-0.0198968934590996,-0.0686901889451382,1,18.969999313354492,20.209999084472656,2.3604993133544916,9.6,8.05,real_post_mid,0.96,2.6,56.3999999999999,0.004511999999999992,fold_2,logreg,0.7538461538461538
IEX,2023-09-30,2023-10-25,1.0,207.74,218.82,-9.98,-14.54,1.89,1.94,1.87,11.0,1.88,1.88,1.88,2.16,2.0,0.0,2.0,1.0,794500000.0,812000000.0,780700000.0,10.0,6600.8,6209.76,394.67,249.13,6.29,0.09,13.41,7.92,4.31,6.2,7.9,-0.16,0.37,195.0,195.0,195.0,2023-11-17,4.65,6.550000000000001,11.2,5.7435897435897445,4.05,4.949999999999999,9.0,198.01,3.009999999999991,0.26853,0.28804,0.278285,0.234385,15.775194494852398,-0.029265,0.0,0.0,,24.0,0.0,1,5.7435897435897445,2023-10-24,426.0,410.6192932128906,0.166095,0.1709728571428571,0.170975,0.0048778571428571,0.0048799999999999,0,0.19048,0.1430942857142857,0.0473857142857143,0.0006921428571428,0.7999999999999998,0.3611126928990376,0.549800796812749,0.1383747779616575,0.1299177932278084,0.0361772067721916,1.065094892113969,1.13,-1.3677990649221217,0.6921363076866713,-1.5303177021346364,-0.0284160988696483,-0.0198968934590996,-0.0686901889451382,1,18.969999313354492,20.209999084472656,2.3604993133544916,11.200000000000001,9.0,real_post_mid,1.12,2.6,105.4000000000001,0.005405128205128211,fold_2,logreg,0.7538461538461538
INVH,2023-09-30,2023-10-25,1.0,32.5,34.89,-6.71,-13.1,0.17,0.2,0.15,9.0,0.17,0.17,0.18,0.16,0.0,0.0,0.0,0.0,611770000.0,620000000.0,603680000.0,11.0,4252.0,3974.24,157.87,56.52,7.73,1.78,11.16,22.22,10.0,10.94,6.32,-1.41,-0.4,30.0,30.0,30.0,2023-11-17,1.525,0.525,2.05,6.833333333333333,0.3249999999999999,1.475,1.8,33.53,3.530000000000001,0.24902,0.32707,0.288045,0.288045,0.0,-0.0341449999999999,38.0,23.0,0.725,24.0,0.0,1,6.833333333333333,2023-10-24,426.0,410.6192932128906,0.166095,0.1709728571428571,0.170975,0.0048778571428571,0.0048799999999999,0,0.19048,0.1430942857142857,0.0473857142857143,0.0006921428571428,0.7999999999999998,0.3611126928990376,0.549800796812749,0.1383747779616575,0.1299177932278084,0.0361772067721916,1.065094892113969,1.13,-1.3677990649221217,0.6921363076866713,-1.5303177021346364,-0.0284160988696483,-0.0198968934590996,-0.0686901889451382,1,18.969999313354492,20.209999084472656,2.3604993133544916,2.05,1.8,real_post_mid,0.205,2.6,1.8999999999999786,0.0006333333333333262,fold_2,logreg,0.7538461538461538
MOH,2023-09-30,2023-10-25,1.0,341.4,307.34,-1.45,9.47,4.88,5.06,4.67,14.0,4.88,4.87,4.88,4.9,0.0,0.0,0.0,0.0,8243450000.0,8458750000.0,7880500000.0,11.0,19276.0,16513.44,1305.6,664.98,3.39,2.18,11.34,24.18,-2.75,19.75,22.71,1.44,0.84,340.0,330.0,340.0,2023-11-17,10.25,15.1,25.35,7.4558823529411775,6.0,13.65,19.65,353.31,13.310000000000002,0.36609,0.35633,0.36121,0.29292,18.905899615182307,-0.058535,52.0,11.0,0.160919540229885,24.0,2.941176470588236,1,4.514705882352942,2023-10-24,426.0,410.6192932128906,0.166095,0.1709728571428571,0.170975,0.0048778571428571,0.0048799999999999,0,0.19048,0.1430942857142857,0.0473857142857143,0.0006921428571428,0.7999999999999998,0.3611126928990376,0.549800796812749,0.1383747779616575,0.1299177932278084,0.0361772067721916,1.065094892113969,1.13,-1.3677990649221217,0.6921363076866713,-1.5303177021346364,-0.0284160988696483,-0.0198968934590996,-0.0686901889451382,1,18.969999313354492,20.209999084472656,2.3604993133544916,25.35,19.65,real_post_mid,2.535,2.6,313.90000000000026,0.009232352941176478,fold_2,logreg,0.7844760605720984
ODFL,2023-09-30,2023-10-25,1.0,408.51,412.13,-9.18,-9.98,2.92,3.02,2.83,19.0,2.89,2.83,2.79,2.8,3.0,0.0,13.0,0.0,1520830000.0,1587000000.0,1466000000.0,13.0,-5552.8,-5585.44,45.33,384.37,-15.25,-2.01,9.14,-19.7,2.71,-18.27,-23.02,-1.68,-2.8,390.0,370.0,390.0,2023-11-17,15.35,17.8,33.15,8.5,5.65,23.950000000000003,29.6,399.9,9.899999999999975,0.42462,0.41487,0.419745,0.36609,12.782760962012652,-0.058535,22.0,33.0,3.873873873873874,24.0,5.128205128205132,1,3.371794871794868,2023-10-24,426.0,410.6192932128906,0.166095,0.1709728571428571,0.170975,0.0048778571428571,0.0048799999999999,0,0.19048,0.1430942857142857,0.0473857142857143,0.0006921428571428,0.7999999999999998,0.3611126928990376,0.549800796812749,0.1383747779616575,0.1299177932278084,0.0361772067721916,1.065094892113969,1.13,-1.3677990649221217,0.6921363076866713,-1.5303177021346364,-0.0284160988696483,-0.0198968934590996,-0.0686901889451382,1,18.969999313354492,20.209999084472656,2.3604993133544916,33.15,29.6,real_post_mid,3.315,2.6,20.89999999999972,0.0005358974358974287,fold_2,logreg,0.7538461538461538
ROL,2023-09-30,2023-10-25,1.0,37.26,40.82,-7.86,-15.9,0.25,0.26,0.23,7.0,0.25,0.25,0.25,0.25,0.0,0.0,0.0,0.0,826160000.0,837000000.0,816060000.0,7.0,-2983.2,-3010.08,51.2,47.03,14.94,24.73,11.99,15.0,27.78,15.22,14.93,0.35,0.0,32.5,35.0,32.5,2023-11-17,1.875,0.5499999999999999,2.425,7.461538461538461,3.35,0.175,3.525,39.44,6.939999999999998,0.33682,0.31731,0.327065,0.26853,17.89705410239555,-0.03902,22.0,0.0,2.843220338983051,24.0,7.692307692307687,0,-0.2307692307692264,2023-10-24,426.0,410.6192932128906,0.166095,0.1709728571428571,0.170975,0.0048778571428571,0.0048799999999999,0,0.19048,0.1430942857142857,0.0473857142857143,0.0006921428571428,0.7999999999999998,0.3611126928990376,0.549800796812749,0.1383747779616575,0.1299177932278084,0.0361772067721916,1.065094892113969,1.13,-1.3677990649221217,0.6921363076866713,-1.5303177021346364,-0.0284160988696483,-0.0198968934590996,-0.0686901889451382,1,18.969999313354492,20.209999084472656,2.3604993133544916,2.425,3.525,real_post_mid,0.2425,2.6,-136.85,-0.042107692307692304,fold_2,logreg,0.7538461538461538
OTIS,2023-09-30,2023-10-25,1.0,80.95,89.67,-6.77,-15.84,0.87,0.88,0.87,7.0,0.87,0.88,0.88,0.9,0.0,0.0,0.0,0.0,3520050000.0,3587480000.0,3480000000.0,7.0,4031.2,3716.32,230.4,113.59,6.65,11.18,-2.92,6.98,15.0,17.94,16.9,1.13,1.37,77.5,75.0,77.5,2023-11-17,2.125,2.2249999999999996,4.35,5.612903225806451,0.95,3.0,3.95,84.54,7.040000000000006,0.26853,0.28804,0.278285,0.253895,8.764396212515955,-0.03902,19.0,13.0,0.3219178082191781,24.0,3.2258064516129004,1,2.3870967741935507,2023-10-24,426.0,410.6192932128906,0.166095,0.1709728571428571,0.170975,0.0048778571428571,0.0048799999999999,0,0.19048,0.1430942857142857,0.0473857142857143,0.0006921428571428,0.7999999999999998,0.3611126928990376,0.549800796812749,0.1383747779616575,0.1299177932278084,0.0361772067721916,1.065094892113969,1.13,-1.3677990649221217,0.6921363076866713,-1.5303177021346364,-0.0284160988696483,-0.0198968934590996,-0.0686901889451382,1,18.969999313354492,20.209999084472656,2.3604993133544916,4.35,3.95,real_post_mid,0.435,2.6,-6.100000000000053,-0.0007870967741935552,fold_2,logreg,0.7538461538461538
TER,2023-09-30,2023-10-25,1.0,96.44,110.62,-8.84,-20.53,0.73,0.81,0.7,15.0,0.73,0.73,0.73,0.71,0.0,0.0,0.0,0.0,684580000.0,707250000.0,675300000.0,14.0,8500.0,7768.32,290.13,96.89,-18.59,10.83,-15.45,-34.71,43.64,-35.17,-43.58,-1.42,-9.06,90.0,85.0,90.0,2023-11-17,5.1,3.2,8.3,9.222222222222223,1.475,6.199999999999999,7.674999999999999,92.09,2.0900000000000034,0.43438,0.44414,0.43926,0.39048,11.10504029504166,-0.0780499999999999,41.0,6.0,2.316872427983539,24.0,5.555555555555558,1,3.666666666666665,2023-10-24,426.0,410.6192932128906,0.166095,0.1709728571428571,0.170975,0.0048778571428571,0.0048799999999999,0,0.19048,0.1430942857142857,0.0473857142857143,0.0006921428571428,0.7999999999999998,0.3611126928990376,0.549800796812749,0.1383747779616575,0.1299177932278084,0.0361772067721916,1.065094892113969,1.13,-1.3677990649221217,0.6921363076866713,-1.5303177021346364,-0.0284160988696483,-0.0198968934590996,-0.0686901889451382,1,18.969999313354492,20.209999084472656,2.3604993133544916,8.3,7.674999999999999,real_post_mid,0.8300000000000001,2.6,-23.09999999999983,-0.0025666666666666477,fold_2,logreg,0.7538461538461538
ROP,2023-09-30,2023-10-25,1.0,492.59,491.19,-2.31,-2.03,4.22,4.29,4.16,13.0,4.21,4.2,4.2,4.19,1.0,0.0,4.0,0.0,1548020000.0,1574000000.0,1508000000.0,14.0,12616.8,11938.4,298.67,120.53,16.81,4.18,12.32,4.3,5.64,33.21,19.95,0.15,0.74,480.0,480.0,480.0,2023-11-17,14.65,10.05,24.700000000000003,5.145833333333334,10.8,8.8,19.6,524.72,44.72000000000003,0.24902,0.24902,0.24902,0.21,15.669424142639146,-0.0292699999999999,1361.0,1.0,4.704819277108434,24.0,0.0,1,5.145833333333334,2023-10-24,426.0,410.6192932128906,0.166095,0.1709728571428571,0.170975,0.0048778571428571,0.0048799999999999,0,0.19048,0.1430942857142857,0.0473857142857143,0.0006921428571428,0.7999999999999998,0.3611126928990376,0.549800796812749,0.1383747779616575,0.1299177932278084,0.0361772067721916,1.065094892113969,1.13,-1.3677990649221217,0.6921363076866713,-1.5303177021346364,-0.0284160988696483,-0.0198968934590996,-0.0686901889451382,1,18.969999313354492,20.209999084472656,2.3604993133544916,24.700000000000003,19.6,real_post_mid,2.4700000000000006,2.6,260.40000000000003,0.005425000000000001,fold_2,logreg,0.7538461538461538
WAB,2023-09-30,2023-10-25,1.0,107.42,117.42,-3.13,-11.38,1.46,1.49,1.4,10.0,1.46,1.46,1.46,1.36,0.0,0.0,2.0,0.0,2402580000.0,2492400000.0,2340700000.0,8.0,9484.0,9026.4,437.33,259.35,17.53,9.71,9.78,14.63,10.16,12.5,18.18,-1.45,0.07,100.0,105.0,100.0,2023-11-17,3.3,3.1,6.4,6.4,5.75,1.075,6.825,115.51,15.510000000000003,0.30755,0.31731,0.31243,0.258775,17.173446852094873,-0.0536599999999999,3.0,31.0,2.747081712062257,24.0,5.000000000000004,1,1.399999999999996,2023-10-24,426.0,410.6192932128906,0.166095,0.1709728571428571,0.170975,0.0048778571428571,0.0048799999999999,0,0.19048,0.1430942857142857,0.0473857142857143,0.0006921428571428,0.7999999999999998,0.3611126928990376,0.549800796812749,0.1383747779616575,0.1299177932278084,0.0361772067721916,1.065094892113969,1.13,-1.3677990649221217,0.6921363076866713,-1.5303177021346364,-0.0284160988696483,-0.0198968934590996,-0.0686901889451382,1,18.969999313354492,20.209999084472656,2.3604993133544916,6.4,6.825,real_post_mid,0.6400000000000001,2.6,-109.1,-0.01091,fold_2,logreg,0.7538461538461538
TDY,2023-09-30,2023-10-25,1.0,414.88,378.77,-10.03,-1.45,4.76,4.81,4.7,7.0,4.76,4.76,4.76,4.77,0.0,0.0,0.0,0.0,1422920000.0,1431000000.0,1415900000.0,6.0,40053.6,39066.72,537.6,565.99,5.08,2.99,11.94,5.42,3.09,7.66,11.59,1.57,1.05,390.0,370.0,390.0,2023-11-17,10.2,12.85,23.05,5.910256410256411,4.775,21.4,26.174999999999997,390.49,0.4900000000000091,0.28804,0.28804,0.28804,0.278285,3.386682405221501,-0.01951,1.0,0.0,0.4444444444444444,24.0,5.128205128205132,1,0.7820512820512784,2023-10-24,426.0,410.6192932128906,0.166095,0.1709728571428571,0.170975,0.0048778571428571,0.0048799999999999,0,0.19048,0.1430942857142857,0.0473857142857143,0.0006921428571428,0.7999999999999998,0.3611126928990376,0.549800796812749,0.1383747779616575,0.1299177932278084,0.0361772067721916,1.065094892113969,1.13,-1.3677990649221217,0.6921363076866713,-1.5303177021346364,-0.0284160988696483,-0.0198968934590996,-0.0686901889451382,1,18.969999313354492,20.209999084472656,2.3604993133544916,23.049999999999997,26.174999999999997,real_post_mid,2.3049999999999997,2.6,-545.6,-0.01398974358974359,fold_2,logreg,0.8
WST,2023-09-30,2023-10-26,1.0,375.4,365.46,-12.81,-10.44,1.86,1.94,1.8,8.0,1.86,1.86,1.86,1.86,0.0,0.0,0.0,0.0,750310000.0,756260000.0,741000000.0,8.0,19288.8,17234.4,1011.2,288.0,-2.26,5.35,0.27,-14.57,6.57,-14.47,-16.35,-2.71,-4.19,360.0,320.0,360.0,2023-11-17,13.8,14.55,28.35,7.875,1.1,38.6,39.7,342.75,17.25,0.39536,0.39536,0.39536,0.297795,24.67750910562524,-0.08781,100.0,1.0,0.4256410256410256,23.0,11.111111111111116,0,-3.236111111111116,2023-10-25,420.0,404.7260437011719,0.18073,0.1824678571428571,0.180725,0.0017378571428571,-4.999999999977245e-06,1,0.20024,0.16122,0.03902,0.0,1.0,0.4776256406333666,0.6693227091633466,0.1421479323169905,0.1294602393787906,0.0512697606212093,1.0980045533600218,1.25,-0.5431273449216389,1.8708665932104989,0.4947679870701188,-0.0294274842260759,-0.0195594085624837,-0.0712939890275677,0,20.190000534057617,21.329999923706055,2.117000534057617,28.35,39.7,real_post_mid,2.8350000000000004,2.6,-1421.1000000000001,-0.039475,fold_2,logreg,0.7538461538461538
WTW,2023-09-30,2023-10-26,1.0,213.24,209.1,7.43,9.56,2.05,2.17,1.84,17.0,2.05,2.06,2.08,2.22,0.0,0.0,3.0,0.0,2087730000.0,2142000000.0,2057070000.0,10.0,461.6,2855.2,-952.0,1237.0,6.3,-3.79,,-11.64,-27.82,-9.82,-32.06,26.55,-3.71,210.0,230.0,210.0,2023-11-17,5.65,7.25,12.9,6.142857142857143,19.95,1.025,20.975,242.03,32.03,0.30755,0.30755,0.30755,0.2148749999999999,30.133311656641197,-0.058535,461.0,1.0,0.6724137931034483,23.0,9.523809523809534,0,-3.380952380952391,2023-10-25,420.0,404.7260437011719,0.18073,0.1824678571428571,0.180725,0.0017378571428571,-4.999999999977245e-06,1,0.20024,0.16122,0.03902,0.0,1.0,0.4776256406333666,0.6693227091633466,0.1421479323169905,0.1294602393787906,0.0512697606212093,1.0980045533600218,1.25,-0.5431273449216389,1.8708665932104989,0.4947679870701188,-0.0294274842260759,-0.0195594085624837,-0.0712939890275677,0,20.190000534057617,21.329999923706055,2.117000534057617,12.9,20.975,real_post_mid,1.29,2.6,-939.1000000000003,-0.04471904761904763,fold_2,logreg,0.7538461538461538
BG,2023-09-30,2023-10-26,1.0,108.96,108.36,-2.37,-1.83,2.5,2.64,2.08,11.0,2.47,2.44,2.44,2.76,3.0,0.0,4.0,1.0,15322700000.0,17432400000.0,13933500000.0,9.0,36700.0,33663.2,1642.67,1332.33,-16.08,-1.82,6.8,25.25,14.11,133.41,115.75,4.77,3.84,100.0,105.0,100.0,2023-11-17,4.75,2.55,7.3,7.3,7.050000000000001,1.1,8.15,106.8,6.799999999999997,0.32707,0.36609,0.34658,0.2880399999999999,16.89076115182643,-0.02927,85.0,50.0,0.7672253258845437,23.0,5.000000000000004,1,2.2999999999999954,2023-10-25,420.0,404.7260437011719,0.18073,0.1824678571428571,0.180725,0.0017378571428571,-4.999999999977245e-06,1,0.20024,0.16122,0.03902,0.0,1.0,0.4776256406333666,0.6693227091633466,0.1421479323169905,0.1294602393787906,0.0512697606212093,1.0980045533600218,1.25,-0.5431273449216389,1.8708665932104989,0.4947679870701188,-0.0294274842260759,-0.0195594085624837,-0.0712939890275677,0,20.190000534057617,21.329999923706055,2.117000534057617,7.3,8.15,real_post_mid,0.73,2.6,-160.60000000000005,-0.016060000000000005,fold_2,logreg,0.7538461538461538
KIM,2023-09-30,2023-10-26,1.0,17.44,20.18,-1.32,-14.72,0.16,0.17,0.14,7.0,0.16,0.16,0.16,0.16,0.0,0.0,0.0,0.0,436290000.0,446110000.0,421000000.0,9.0,15679.2,15295.2,396.8,693.6,3.66,-0.01,17.75,176.19,-65.22,10427.77,18.01,-0.49,4.32,17.5,17.5,17.5,2023-11-17,0.15,1.225,1.375,7.857142857142857,0.25,0.825,1.075,18.8,1.3000000000000007,0.30755,0.31731,0.31243,0.29292,6.24459879012898,-0.0390249999999999,331.0,1.0,25.0,23.0,0.0,1,7.857142857142857,2023-10-25,420.0,404.7260437011719,0.18073,0.1824678571428571,0.180725,0.0017378571428571,-4.999999999977245e-06,1,0.20024,0.16122,0.03902,0.0,1.0,0.4776256406333666,0.6693227091633466,0.1421479323169905,0.1294602393787906,0.0512697606212093,1.0980045533600218,1.25,-0.5431273449216389,1.8708665932104989,0.4947679870701188,-0.0294274842260759,-0.0195594085624837,-0.0712939890275677,0,20.190000534057617,21.329999923706055,2.117000534057617,1.375,1.075,real_post_mid,0.1375,2.6,13.650000000000004,0.007800000000000002,fold_2,logreg,1.0
HIG,2023-09-30,2023-10-26,1.0,72.08,72.24,-0.25,-0.47,1.98,2.16,1.86,18.0,1.98,1.98,1.98,2.0,1.0,0.0,6.0,0.0,6168920000.0,6187760000.0,6139010000.0,3.0,15053.6,14577.6,272.0,535.95,12.08,2.35,3.25,-12.56,11.9,-13.87,21.74,-30.88,0.89,70.0,70.0,70.0,2023-11-17,3.2,1.1,4.300000000000001,6.142857142857143,2.025,1.4,3.425,76.54,6.540000000000006,0.27829,0.27829,0.27829,0.24902,10.517805167271549,-0.0341499999999999,298.0,2.0,0.0846394984326018,23.0,0.0,1,6.142857142857143,2023-10-25,420.0,404.7260437011719,0.18073,0.1824678571428571,0.180725,0.0017378571428571,-4.999999999977245e-06,1,0.20024,0.16122,0.03902,0.0,1.0,0.4776256406333666,0.6693227091633466,0.1421479323169905,0.1294602393787906,0.0512697606212093,1.0980045533600218,1.25,-0.5431273449216389,1.8708665932104989,0.4947679870701188,-0.0294274842260759,-0.0195594085624837,-0.0712939890275677,0,20.190000534057617,21.329999923706055,2.117000534057617,4.300000000000001,3.425,real_post_mid,0.4300000000000001,2.6,41.90000000000008,0.0059857142857142965,fold_2,logreg,0.7538461538461538
HAS,2023-09-30,2023-10-26,0.0,65.27,62.7,-25.89,-22.85,1.71,1.91,1.43,9.0,1.79,1.82,1.81,1.96,0.0,0.0,0.0,2.0,1645410000.0,1779000000.0,1544080000.0,7.0,6954.4,7200.16,-192.0,166.0,-9.65,20.88,-10.55,-57.39,4800.0,-98.2,-186.08,-0.07,-31.95,55.0,45.0,55.0,2023-11-17,2.4749999999999996,3.15,5.625,10.227272727272728,0.1,9.85,9.95,45.15,9.85,0.45389,0.57096,0.512425,0.36609,28.5573498560765,-0.146335,348.0,436.0,3.7198096371207616,23.0,18.181818181818176,0,-7.954545454545448,2023-10-25,420.0,404.7260437011719,0.18073,0.1824678571428571,0.180725,0.0017378571428571,-4.999999999977245e-06,1,0.20024,0.16122,0.03902,0.0,1.0,0.4776256406333666,0.6693227091633466,0.1421479323169905,0.1294602393787906,0.0512697606212093,1.0980045533600218,1.25,-0.5431273449216389,1.8708665932104989,0.4947679870701188,-0.0294274842260759,-0.0195594085624837,-0.0712939890275677,0,20.190000534057617,21.329999923706055,2.117000534057617,5.625,9.95,real_post_mid,0.5625,2.6,-491.34999999999997,-0.08933636363636363,fold_2,logreg,0.7538461538461538
GWW,2023-09-30,2023-10-26,1.0,685.53,731.37,2.06,-4.33,8.93,9.29,8.61,13.0,8.94,8.94,8.95,8.98,1.0,0.0,3.0,1.0,4216670000.0,4272000000.0,4167100000.0,13.0,19885.6,17271.68,1666.67,1070.66,8.99,2.22,14.93,29.07,-3.43,21.89,23.78,1.75,1.89,680.0,710.0,680.0,2023-11-17,21.35,23.45,44.8,6.588235294117646,33.5,6.550000000000001,40.05,802.2,122.20000000000005,0.31731,0.34658,0.331945,0.22463,32.329150913554955,-0.063415,15.0,4.0,0.5271629778672032,23.0,4.4117647058823595,1,2.1764705882352864,2023-10-25,420.0,404.7260437011719,0.18073,0.1824678571428571,0.180725,0.0017378571428571,-4.999999999977245e-06,1,0.20024,0.16122,0.03902,0.0,1.0,0.4776256406333666,0.6693227091633466,0.1421479323169905,0.1294602393787906,0.0512697606212093,1.0980045533600218,1.25,-0.5431273449216389,1.8708665932104989,0.4947679870701188,-0.0294274842260759,-0.0195594085624837,-0.0712939890275677,0,20.190000534057617,21.329999923706055,2.117000534057617,44.8,40.05,real_post_mid,4.4799999999999995,2.6,24.400000000000045,0.0003588235294117654,fold_2,logreg,0.7538461538461538
DOC,2023-09-30,2023-10-30,0.0,18.36,21.69,-12.96,-26.33,0.08,0.11,0.07,9.0,0.08,0.08,0.08,0.1,0.0,0.0,0.0,0.0,541920000.0,563100000.0,528000000.0,10.0,1992.8,2319.2,-179.2,102.95,5.31,3.76,7.62,-28.57,25.0,3.68,2.53,0.85,-0.5,12.5,10.0,12.5,2023-11-17,0.05,1.05,1.1,8.8,0.1,1.975,2.075,16.47,3.969999999999999,0.01488,1.87825,0.946565,0.46365,51.01762689302901,-0.38048,28.0,2.0,0.2083333333333333,21.0,19.999999999999996,0,-11.199999999999996,2023-10-27,413.0,398.06695556640625,0.19048,0.1866507142857142,0.1866507142857142,-0.0038292857142857,-0.0038292857142857,1,0.2169642857142857,0.16122,0.0557442857142857,-0.0013878571428571,1.0,0.5869245510049468,0.7171314741035857,0.1389499604372281,0.1325699478141425,0.0579100521858574,1.048125632756755,1.33,-0.0103476773296548,2.0918342303092436,0.5089524881342319,-0.0249532168297718,-0.0416317242455559,-0.0865742885649957,0,21.270000457763672,22.270000457763672,2.22200045776367,1.1,2.075,real_post_mid,0.11000000000000001,2.6,-111.10000000000001,-0.08888,fold_2,logreg,1.0
GNRC,2023-09-30,2023-11-01,1.0,106.1,110.77,-9.4,-13.22,1.51,1.67,1.23,22.0,1.51,1.54,1.53,1.97,0.0,0.0,5.0,0.0,1044420000.0,1082000000.0,991500000.0,23.0,-3284048.8,-315996.0,-1099168.0,1428219.54,-22.53,12.67,6.11,-63.88,71.43,-49.43,-60.35,-2.56,-8.2,84.0,99.0,84.0,2023-11-03,4.9,4.699999999999999,9.6,11.428571428571429,15.35,0.1,15.45,104.92,20.92,1.59533,1.56606,1.580695,0.48316,69.4336984680789,-0.936565,35.0,561.0,0.3681653863533665,3.0,17.85714285714286,0,-6.428571428571432,2023-10-31,420.0,405.3560791015625,0.1619164285714285,0.1660949999999999,0.1678378571428571,0.0041785714285713,0.0059214285714285,0,0.19048,0.1417,0.04878,0.0041735714285714,0.5495415324306664,0.4047863097678596,0.50199203187251,0.181329973233047,0.1434515676972886,0.0184648608741399,1.2640501330434346,1.44,0.484047065029488,0.6005149763064461,-1.3307885251020437,-0.0128177467506364,-0.0213193933181531,-0.0698482761247919,0,18.13999938964844,19.489999771118164,1.9483565325055816,9.6,15.45,real_post_mid,0.96,2.6,-683.6,-0.08138095238095239,fold_2,logreg,1.0
BKNG,2023-09-30,2023-11-02,1.0,3010.79,3063.16,-5.72,-7.33,63.73,67.68,59.23,20.0,67.57,63.79,67.82,67.53,1.0,0.0,4.0,0.0,6851200000.0,7008180000.0,6722420000.0,25.0,85298.4,63716.0,13738.67,7884.17,27.2,44.57,43.14,97.17,224.31,47.48,67.3,0.0,7.34,2765.0,2860.0,2765.0,2023-11-03,60.15,59.65,119.8,4.3327305605786615,92.95,0.15,93.1,2858.75,93.75,0.72706,0.74657,0.736815,0.26365,64.21761229073783,-0.4341399999999999,1.0,5.0,3.205985037406484,2.0,3.435804701627476,1,0.8969258589511853,2023-11-01,425.0,409.6791076660156,0.15146,0.1519242857142856,0.1582521428571428,0.0004642857142856,0.0067921428571428,0,0.17097,0.13195,0.03902,0.0,0.272761159258224,0.3333333333333335,0.4422310756972111,0.164430470911142,0.1413602684365413,0.0100997315634586,1.163201461979094,1.45,0.5735403512313867,1.1651952964326773,-0.620803306789939,0.0122380658273151,0.0025380909681496,-0.0599284237310638,1,16.8700008392334,18.549999237060547,1.7240008392333976,119.8,93.1,real_post_mid,11.98,2.6,1469.4000000000003,0.005314285714285716,fold_2,logreg,1.0
NRG,2023-09-30,2023-11-02,0.0,37.85,37.52,19.23,20.28,4.04,6.14,1.93,2.0,4.43,4.43,3.57,3.48,0.0,0.0,0.0,1.0,10950700000.0,16138800000.0,5762520000.0,2.0,328.8,34672.8,-17152.0,10025.62,,,-9.99,,,,,,,44.0,45.0,44.0,2023-11-17,1.45,1.4,2.8499999999999996,6.477272727272726,1.55,0.45,2.0,48.08,4.079999999999998,0.40511,0.37584,0.390475,0.24902,36.226390934118704,-0.0585299999999999,238.0,248.0,0.3876458623273739,16.0,2.2727272727272707,1,4.204545454545455,2023-11-01,425.0,409.6791076660156,0.15146,0.1519242857142856,0.1582521428571428,0.0004642857142856,0.0067921428571428,0,0.17097,0.13195,0.03902,0.0,0.272761159258224,0.3333333333333335,0.4422310756972111,0.164430470911142,0.1413602684365413,0.0100997315634586,1.163201461979094,1.45,0.5735403512313867,1.1651952964326773,-0.620803306789939,0.0122380658273151,0.0025380909681496,-0.0599284237310638,1,16.8700008392334,18.549999237060547,1.7240008392333976,2.8499999999999996,2.0,real_post_mid,0.285,2.6,53.89999999999997,0.012249999999999994,fold_2,logreg,0.7538461538461538
AZO,2023-11-30,2023-12-05,1.0,2574.54,2568.89,3.75,3.98,31.49,32.82,29.0,21.0,31.33,31.18,30.96,31.72,0.0,0.0,4.0,2.0,4197370000.0,4260000000.0,4124440000.0,17.0,58130.4,54222.24,5016.53,9305.86,5.83,10.83,7.91,17.53,38.47,9.78,9.27,0.56,0.66,2670.0,2720.0,2670.0,2023-12-15,59.2,62.55,121.75,4.559925093632959,61.8,14.95,76.75,2628.05,41.94999999999982,0.32707,0.33682,0.331945,0.190485,42.615493530554765,-0.09756,10.0,28.0,0.935103244837758,11.0,1.8726591760299671,1,2.687265917602992,2023-12-04,456.0,442.6639099121094,0.112435,0.1227999999999999,0.1329209999999999,0.0103649999999999,0.0204859999999999,0,0.1417,0.09292,0.0487799999999999,0.0048749999999999,0.0743953577025711,0.0701684979050154,0.1235059760956175,0.0686026257410184,0.0987421363852297,0.0136928636147702,0.6947654593311019,1.09,-1.3257048326292875,1.2401264003109127,-0.3947240738337941,0.0048626191624687,0.0601958845117391,-0.005249435990464,1,13.079999923706056,15.68000030517578,1.8364999237060535,121.75,76.75,real_post_mid,12.175,2.6,3279.9000000000005,0.01228426966292135,fold_2,logreg,0.7584391252844672
FDS,2023-11-30,2023-12-19,1.0,457.34,423.77,-1.9,5.87,4.11,4.56,3.9,16.0,4.11,4.11,4.11,4.2,0.0,0.0,0.0,0.0,540360000.0,549000000.0,535100000.0,14.0,4605.6,5376.48,289.6,1711.9,8.4,2.86,15.25,0.8,-0.26,53.66,76.81,-0.07,12.56,460.0,450.0,460.0,2024-01-19,13.05,13.95,27.0,5.869565217391305,7.75,14.15,21.9,463.45,3.4499999999999886,0.23926,0.25877,0.249015,0.20024,19.58717346344597,-0.0438999999999999,4.0,118.0,0.5361050328227571,32.0,2.1739130434782594,1,3.695652173913045,2023-12-18,474.0,459.3294372558594,0.1061657142857142,0.12219,0.12707,0.0160242857142857,0.0209042857142857,0,0.12219,0.10268,0.01951,0.0062692857142857,0.1304706301809429,0.02993254314146,0.0358565737051792,0.0882317392133555,0.0708626633982167,0.0353030508874975,1.2451089894481149,1.16,0.0420301840863326,2.0250308583815415,-0.0706583450880673,0.0257442167361294,0.0525366693261015,0.0,1,12.5600004196167,15.470000267028809,1.9434289910452716,27.0,21.9,real_post_mid,2.7,2.6,237.40000000000012,0.005160869565217394,fold_2,logreg,1.0
CTAS,2023-11-30,2023-12-21,1.0,553.24,504.75,6.64,16.88,3.49,3.64,3.42,16.0,3.49,3.49,3.49,3.48,0.0,0.0,0.0,0.0,2339540000.0,2357410000.0,2328600000.0,13.0,7309.6,7818.56,242.67,982.99,8.12,6.96,10.88,9.14,17.83,12.7,13.73,1.28,1.05,560.0,600.0,560.0,2024-01-19,12.4,16.45,28.85,5.151785714285714,37.25,1.475,38.725,599.05,39.049999999999955,0.21975,0.22951,0.22463,0.15146,32.5735654186885,-0.0243899999999999,268.0,149.0,0.9195230998509688,30.0,7.14285714285714,0,-1.9910714285714253,2023-12-20,470.0,455.7187805175781,0.11244,0.1278207692307692,0.136825,0.0153807692307692,0.024385,0,0.13195,0.10268,0.02927,0.004875,0.326210000891345,0.0748390263104754,0.199203187250996,0.1318189056190618,0.0896700746446013,0.0227699253553986,1.4700434469527686,1.22,0.4851723380310682,1.841752609366373,-0.1508853597985567,-0.0007257840505374,0.0349986054924191,-0.0138572503384605,1,13.670000076293944,16.579999923706055,2.4260000762939455,28.85,38.725,real_post_mid,2.8850000000000002,2.6,-1278.6,-0.022832142857142856,fold_2,logreg,1.0
PAYX,2023-11-30,2023-12-21,1.0,118.36,112.95,0.46,5.27,1.07,1.1,1.05,17.0,1.07,1.07,1.07,1.09,0.0,0.0,0.0,0.0,1269180000.0,1274550000.0,1260300000.0,13.0,1570.4,1632.96,72.53,258.31,6.62,-6.88,7.42,10.68,-11.63,11.14,8.21,1.09,0.61,130.0,120.0,130.0,2024-01-19,2.85,4.25,7.1,5.461538461538462,0.125,10.05,10.175,122.09,7.909999999999997,0.23926,0.22951,0.234385,0.16122,31.2157347953154,-0.02439,1614.0,1043.0,0.9967469095640858,30.0,7.692307692307687,0,-2.2307692307692255,2023-12-20,470.0,455.7187805175781,0.11244,0.1278207692307692,0.136825,0.0153807692307692,0.024385,0,0.13195,0.10268,0.02927,0.004875,0.326210000891345,0.0748390263104754,0.199203187250996,0.1318189056190618,0.0896700746446013,0.0227699253553986,1.4700434469527686,1.22,0.4851723380310682,1.841752609366373,-0.1508853597985567,-0.0007257840505374,0.0349986054924191,-0.0138572503384605,1,13.670000076293944,16.579999923706055,2.4260000762939455,7.1,10.175,real_post_mid,0.71,2.6,-381.10000000000014,-0.029315384615384625,fold_2,logreg,1.0
BRO,2023-12-31,2024-01-22,1.0,70.48,69.7,6.82,8.02,0.53,2.8,2.73,12.0,2.76,2.76,2.76,2.65,1.0,0.0,2.0,0.0,1111810000.0,4253330000.0,4146000000.0,10.0,3080.8,2594.4,245.33,94.32,15.07,2.9,18.65,42.0,4.41,7.84,35.95,0.86,4.54,75.0,80.0,75.0,2024-02-16,1.925,2.05,3.975,5.3,4.35,0.475,4.824999999999999,82.69,7.689999999999998,0.21975,0.25877,0.23926,0.205115,14.271085848031436,-0.0048749999999999,146.0,942.0,0.0067243035542747,28.0,6.666666666666665,0,-1.3666666666666654,2024-01-19,486.0,469.5092468261719,0.11244,0.117315,0.1219731818181818,0.004875,0.0095331818181818,0,0.12219,0.10268,0.01951,-5.000000000005e-06,0.3489380973947035,0.0748390263104754,0.2350597609561753,0.1241806627942462,0.1096638182164532,0.0027761817835467,1.1323758812513691,1.13,-0.1930304296835263,9.76479764888341,1.8436072583604648,0.0127636876237,0.022162327829736,0.0,1,13.300000190734863,15.260000228881836,2.0560001907348635,3.9749999999999996,4.824999999999999,real_post_mid,0.39749999999999996,2.6,-127.34999999999995,-0.016979999999999995,fold_2,logreg,0.7538461538461538
PGR,2023-12-31,2024-01-24,1.0,157.76,153.86,13.06,15.92,2.39,5.69,5.38,17.0,5.57,5.51,5.48,5.39,2.0,0.0,6.0,0.0,14760600000.0,61694800000.0,60722700000.0,9.0,5536.8,5569.44,797.87,1374.14,21.75,1.34,13.11,326.53,164.56,436.97,889.61,5.27,7.95,170.0,180.0,170.0,2024-02-16,5.15,4.35,9.5,5.588235294117648,9.5,0.875,10.375,189.09,19.090000000000003,0.26853,0.27829,0.27341,0.19048,30.33173622032844,-0.0292699999999999,860.0,100.0,1.70130678282514,24.0,5.882352941176472,0,-0.2941176470588242,2024-01-23,488.0,471.8741455078125,0.1033771428571428,0.112436923076923,0.117315,0.0090597802197802,0.0139378571428571,0,0.11244,0.10268,0.00976,0.0041828571428571,0.0465044216146638,0.0099741061774531,0.0239043824701195,0.1094782066580253,0.0939831961338705,0.0093939467232723,1.1648700104014715,1.12,-0.2157814644729686,2.909175133716885,0.0158708522991921,0.020908174417523,0.0354502945256856,0.0,1,12.550000190734863,14.520000457763672,2.212285905020579,9.5,10.375,real_post_mid,0.9500000000000001,2.6,-185.10000000000002,-0.010888235294117648,fold_2,logreg,0.7538461538461538
TDY,2023-12-31,2024-01-24,1.0,433.45,372.24,-3.58,12.27,5.04,19.35,19.23,8.0,19.29,19.29,19.29,19.17,0.0,0.0,0.0,0.0,1463930000.0,5730300000.0,5642270000.0,9.0,41167.2,39930.72,921.6,565.99,2.85,-1.56,11.72,11.23,8.14,2.13,7.79,0.79,0.86,440.0,420.0,440.0,2024-02-16,11.9,9.35,21.25,4.829545454545454,5.0249999999999995,17.8,22.825,432.26,7.740000000000009,0.21975,0.24902,0.234385,0.19536,16.64995626853254,-0.029265,8.0,3.0,0.583732057416268,24.0,4.545454545454541,1,0.2840909090909127,2024-01-23,488.0,471.8741455078125,0.1033771428571428,0.112436923076923,0.117315,0.0090597802197802,0.0139378571428571,0,0.11244,0.10268,0.00976,0.0041828571428571,0.0465044216146638,0.0099741061774531,0.0239043824701195,0.1094782066580253,0.0939831961338705,0.0093939467232723,1.1648700104014715,1.12,-0.2157814644729686,2.909175133716885,0.0158708522991921,0.020908174417523,0.0354502945256856,0.0,1,12.550000190734863,14.520000457763672,2.212285905020579,21.25,22.825,real_post_mid,2.125,2.6,-372.59999999999997,-0.008468181818181817,fold_2,logreg,0.7538461538461538
LHX,2023-12-31,2024-01-25,1.0,209.72,170.93,-2.42,19.72,3.31,12.47,12.23,16.0,12.34,11.18,12.33,12.24,0.0,0.0,2.0,1.0,6367840000.0,19449000000.0,19309000000.0,13.0,8968.8,8159.04,182.93,401.14,15.76,4.73,-40.53,-2.15,7.41,5531.25,13.11,-5.29,-0.25,200.0,210.0,200.0,2024-02-16,8.0,3.1,11.1,5.55,10.6,0.925,11.525000000000002,211.98,11.97999999999999,0.25877,0.25877,0.25877,0.18073,30.15805541600649,-0.043895,927.0,18.0,0.388235294117647,23.0,5.000000000000004,1,0.5499999999999954,2024-01-24,488.0,472.3900146484375,0.1075599999999999,0.112435,0.1190895454545454,0.004875,0.0115295454545454,0,0.12219,0.10268,0.01951,0.004875,0.186089195051605,0.0399117616234633,0.1115537848605577,0.077889795932661,0.0896255625338759,0.017934437466124,0.8690578193383259,1.14,-0.0425070600586285,2.9438443271456003,0.0018449050353344,0.0277370521980724,0.0268457088180453,0.0,1,13.140000343322754,14.970000267028809,2.3840003433227555,11.1,11.525000000000002,real_post_mid,1.11,2.6,-156.10000000000025,-0.0078050000000000124,fold_2,logreg,0.8
AMCR,2023-12-31,2024-02-06,1.0,9.74,9.07,-5.75,1.21,0.15,0.73,0.71,10.0,0.73,0.73,0.73,0.73,0.0,0.0,0.0,0.0,4308560000.0,14989000000.0,14611000000.0,9.0,2700.0,2638.56,121.6,114.7,-10.74,-5.58,-3.88,-30.43,0.0,-43.34,-56.71,0.92,-7.91,9.0,9.0,9.0,2024-02-16,0.35,0.6,0.95,10.555555555555555,0.425,0.04,0.465,9.04,0.0399999999999991,0.33682,1.12705,0.731935,0.23926,67.31130496560486,-0.54145,6874.0,5.0,0.8070175438596491,11.0,0.0,1,10.555555555555555,2024-02-05,495.0,479.3582458496094,0.11244,0.1159840909090909,0.1236288235294117,0.0035440909090908,0.0111888235294117,0,0.12219,0.10268,0.01951,-5.000000000005e-06,0.3171841407929603,0.0748390263104754,0.2629482071713147,0.1881588705018075,0.11516872465448,-0.00272872465448,1.6337670757951572,1.04,-0.7991904066346329,0.8433276115826807,-0.6573555537605561,0.0026054472415284,0.0540790574844989,-0.0036411639088934,1,13.670000076293944,15.329999923706056,2.4260000762939455,0.95,0.465,real_post_mid,0.095,2.6,36.39999999999999,0.040444444444444436,fold_2,logreg,1.0
DOC,2023-12-31,2024-02-08,0.0,19.9,15.94,-9.6,12.86,0.05,0.54,0.47,8.0,0.52,0.52,0.52,0.51,0.0,0.0,1.0,0.0,570710000.0,2204500000.0,2143300000.0,9.0,1877.6,2219.36,-115.2,87.99,6.89,1.98,7.45,-82.14,0.0,-47.23,13.08,0.47,1.14,12.5,12.5,12.5,2024-02-16,0.05,0.7250000000000001,0.7750000000000001,6.200000000000001,0.1,1.35,1.4500000000000002,17.16,4.66,0.01488,2.75627,1.385575,1.99532,-44.0066398426646,-0.809735,63.0,0.0,16.0,9.0,0.0,1,6.200000000000001,2024-02-07,500.0,484.7596130371094,0.1075599999999999,0.1146531818181818,0.1193244117647058,0.0070931818181818,0.0117644117647058,0,0.12219,0.10268,0.01951,0.004875,0.1463926803659815,0.0399117616234633,0.1235059760956175,0.1055521490038762,0.1093001897138913,-0.0017401897138913,0.965708744698192,1.31,2.0711794930789114,3.3742828373166027,0.2542685912757725,0.0315191692676621,0.0495153707795592,0.0,1,12.829999923706056,14.850000381469728,2.073999923706056,0.7750000000000001,1.4500000000000002,real_post_mid,0.07750000000000001,2.6,-77.85,-0.062279999999999995,fold_2,logreg,1.0
KEYS,2024-01-31,2024-02-20,1.0,153.63,135.72,0.52,13.79,1.59,1.63,1.56,13.0,1.58,1.58,1.58,1.61,2.0,0.0,2.0,0.0,1247930000.0,1253000000.0,1238100000.0,11.0,5167.2,5708.0,-202.67,710.7,,,4.43,-7.01,-9.13,,,,,155.0,145.0,155.0,2024-03-15,7.1,6.4,13.5,8.709677419354838,0.575,11.05,11.625,149.8,5.199999999999989,0.3856,0.39536,0.39048,0.23926,38.726695349313665,-0.07805,38.0,8.0,0.5822906641000962,28.0,6.451612903225811,1,2.2580645161290267,2024-02-16,500.0,486.1318359375,0.117315,0.1257397727272727,0.12707,0.0084247727272727,0.0097549999999999,0,0.1444885714285714,0.10268,0.0418085714285714,0.0062692857142857,0.4878006099695016,0.1097305048656359,0.4063745019920319,0.1472772464860184,0.1217055702184642,-0.0043905702184642,1.2101109770214502,1.24,1.2109872858367203,0.7703957390576222,-0.8342788637284358,-0.0033719849464421,0.0483115605906292,-0.0049799822528089,1,14.239999771118164,15.859999656677246,2.5084997711181636,13.5,11.625,real_post_mid,1.35,2.6,49.89999999999999,0.003219354838709677,fold_2,logreg,0.7538461538461538
SNPS,2024-01-31,2024-02-21,1.0,541.71,541.03,0.34,0.47,3.43,3.44,3.42,8.0,3.43,3.43,3.43,3.05,0.0,0.0,0.0,0.0,1646390000.0,1662150000.0,1635000000.0,8.0,6053.6,6242.4,91.73,473.41,,,5.15,65.97,10.07,,,,,550.0,580.0,550.0,2024-03-15,24.5,24.55,49.05,8.918181818181818,38.25,5.85,44.1,550.03,0.0299999999999727,0.43438,0.43438,0.43438,0.30755,29.197937289930476,-0.0682899999999999,371.0,192.0,0.7109340416113324,24.0,5.454545454545445,1,3.4636363636363727,2024-02-20,497.0,483.45550537109375,0.1277664285714285,0.12707,0.1319449999999999,-0.0006964285714285,0.0041785714285714,0,0.15146,0.11244,0.03902,0.0041835714285714,0.853582320883955,0.1845337450442597,0.5219123505976095,0.1511310774714571,0.1186754157913955,0.009091012780033,1.2734826034830276,1.06,-0.7982005195421862,1.5561731829491268,-0.3580679128626952,-0.0084234623630647,0.0297039060235702,-0.0104579252526688,1,15.420000076293944,16.40999984741211,2.64335721915109,49.05,44.1,real_post_mid,4.905,2.6,1.8999999999995487,3.454545454544634e-05,fold_2,logreg,0.7538461538461538
DRI,2024-02-29,2024-03-21,0.0,165.31,161.84,-1.25,0.87,2.62,2.68,2.53,24.0,2.64,2.64,2.64,2.64,2.0,0.0,5.0,5.0,3024610000.0,3057000000.0,2989000000.0,21.0,3605.6,3820.64,-74.67,267.16,,,11.69,-17.48,10.33,,,,,175.0,165.0,175.0,2024-04-19,4.35,5.15,9.5,5.428571428571429,0.275,11.1,11.375,152.5,22.5,0.21,0.26853,0.239265,0.166095,30.58115478653377,-0.019515,2377.0,268.0,1.0616016427104722,30.0,5.714285714285716,0,-0.2857142857142873,2024-03-20,527.0,508.114013671875,0.1075599999999999,0.12219,0.1263728571428571,0.01463,0.0188128571428571,0,0.12219,0.11244,0.0097499999999999,0.009755,0.0002174183128335,0.0567538292659876,0.1314741035856573,0.1047311467950792,0.112416866843247,-0.004856866843247,0.9316319671238948,1.42,1.1691299702303362,2.2565243453277692,-0.1521297854127918,0.0118750008736221,0.051004710933747,0.0,1,13.039999961853027,15.279999732971191,2.283999961853029,9.5,11.375,real_post_mid,0.9500000000000001,2.6,-285.1,-0.01629142857142857,fold_2,logreg,1.0
FDS,2024-02-29,2024-03-21,1.0,456.86,469.13,-1.36,-3.94,3.88,4.02,3.64,15.0,3.88,3.86,3.86,3.86,1.0,0.0,2.0,0.0,546800000.0,558400000.0,543100000.0,13.0,2266.4,4181.28,-471.47,1272.96,,,11.4,17.15,-32.04,,,,,490.0,450.0,490.0,2024-04-19,14.05,14.85,28.9,5.8979591836734695,0.95,42.6,43.55,434.02,55.98000000000002,0.24902,0.26853,0.258775,0.18073,30.159404888416567,-0.0341449999999999,26.0,134.0,1.458041958041958,30.0,8.163265306122447,0,-2.265306122448978,2024-03-20,527.0,508.114013671875,0.1075599999999999,0.12219,0.1263728571428571,0.01463,0.0188128571428571,0,0.12219,0.11244,0.0097499999999999,0.009755,0.0002174183128335,0.0567538292659876,0.1314741035856573,0.1047311467950792,0.112416866843247,-0.004856866843247,0.9316319671238948,1.42,1.1691299702303362,2.2565243453277692,-0.1521297854127918,0.0118750008736221,0.051004710933747,0.0,1,13.039999961853027,15.279999732971191,2.283999961853029,28.9,43.55,real_post_mid,2.89,2.6,-1756.6,-0.035848979591836735,fold_2,logreg,1.0
MKC,2024-02-29,2024-03-26,1.0,68.08,68.21,13.54,13.33,0.58,0.63,0.54,12.0,0.58,0.58,0.59,0.64,1.0,0.0,2.0,1.0,1556630000.0,1615000000.0,1533170000.0,10.0,-18167.2,-18107.68,17.07,101.53,,,5.47,16.44,30.77,,,,,70.0,75.0,70.0,2024-04-19,2.5250000000000004,2.7,5.2250000000000005,7.464285714285715,5.6,0.125,5.725,73.92,3.9200000000000017,0.33682,0.3856,0.36121,0.17097,52.667423382519864,-0.09268,2495.0,1354.0,0.5377787558685446,25.0,7.14285714285714,1,0.3214285714285756,2024-03-25,526.0,507.4208679199219,0.1110457142857142,0.12219,0.12707,0.0111442857142857,0.0160242857142857,0,0.12219,0.10268,0.01951,0.0013892857142857,0.1517890421170329,0.1008128918448591,0.2071713147410358,0.080081566639862,0.0931820274795799,0.0178636868061343,0.8594100043316962,1.19,-0.2330426885730195,0.8208962808476362,-0.989328633688144,0.0134734477134141,0.0266513595661619,-0.0046535436540072,1,13.1899995803833,15.380000114440918,2.0854281518118736,5.2250000000000005,5.725,real_post_mid,0.5225000000000001,2.6,-104.84999999999991,-0.014978571428571416,fold_2,logreg,1.0
CTAS,2024-02-29,2024-03-27,1.0,633.94,601.09,8.16,14.07,3.58,3.79,3.44,16.0,3.58,3.57,3.57,3.57,0.0,0.0,2.0,0.0,2386310000.0,2457750000.0,2352000000.0,14.0,7309.6,7342.24,235.73,375.6,,,9.64,16.59,-29.92,,,,,640.0,690.0,640.0,2024-04-19,15.95,20.35,36.3,5.671875,50.3,0.825,51.125,661.29,21.289999999999964,0.27829,0.27829,0.27829,0.14658,47.328326565812645,-0.0780499999999999,171.0,197.0,1.0920195439739413,24.0,7.8125,0,-2.140625,2024-03-26,525.0,506.4837646484375,0.1075599999999999,0.1201007142857142,0.1242814285714285,0.0125407142857142,0.0167214285714285,0,0.12219,0.10268,0.01951,0.004875,0.0002174183128335,0.0630130352314459,0.1394422310756972,0.0806091811021704,0.0921784167723994,0.0153815832276005,0.8744908398807185,1.07,-0.7573572514080148,0.8448671193875396,-0.9547665953789968,0.0060112293588081,0.0285222331204106,-0.0064917463757947,1,13.239999771118164,15.289999961853027,2.4839997711181656,36.3,51.125,real_post_mid,3.63,2.6,-1848.1000000000001,-0.0288765625,fold_2,logreg,1.0
PAYX,2024-02-29,2024-04-02,1.0,122.23,116.84,-0.12,4.48,1.37,1.39,1.28,17.0,1.37,1.37,1.37,1.38,0.0,0.0,0.0,1.0,1457910000.0,1464000000.0,1452700000.0,13.0,1418.4,1538.88,-41.6,93.96,,,6.87,30.51,-28.7,,,,,120.0,120.0,120.0,2024-04-19,4.85,2.975,7.824999999999999,6.520833333333333,2.5,1.675,4.175,119.52,0.480000000000004,0.35633,0.36609,0.36121,0.205115,43.21447357492872,-0.14634,958.0,525.0,0.397045008113417,18.0,0.0,1,6.520833333333333,2024-04-01,528.0,509.7540588378906,0.1091866666666666,0.12219,0.12707,0.0130033333333333,0.0178833333333333,0,0.1254433333333333,0.1059333333333333,0.01951,0.0065016666666666,0.2334469473702198,0.0813941913179171,0.2071713147410358,0.0725346780213233,0.0954408726826753,0.0137457939839913,0.7599959638098535,0.93,-1.3509225251613757,1.6297292894482862,-0.1153656151428188,0.0018225018613664,0.030905207645955,-0.0019306960657645,1,13.649999618530272,15.520000457763672,2.7313329518636067,7.824999999999999,4.175,real_post_mid,0.7825,2.6,284.15,0.023679166666666664,fold_3,logreg,0.7394366197183099
GPC,2024-03-31,2024-04-18,1.0,155.07,142.09,3.33,12.77,2.16,2.22,2.06,10.0,2.16,2.17,2.22,2.27,0.0,0.0,0.0,0.0,5843660000.0,5985000000.0,5742810000.0,10.0,9484.0,9007.52,214.4,65.01,4.5,296.43,4.98,10.24,-9.24,8.18,8.23,0.87,0.26,145.0,165.0,145.0,2024-04-19,3.15,4.8,7.949999999999999,5.482758620689655,17.65,0.03,17.68,162.39,17.389999999999986,0.83437,1.01973,0.92705,0.185605,79.97896553583949,-0.6877899999999999,72.0,29.0,1.1216931216931216,2.0,13.793103448275868,0,-8.310344827586214,2024-04-17,505.0,488.6575622558594,0.16122,0.1551780952380952,0.1521571428571428,-0.0060419047619047,-0.0090628571428571,1,0.18073,0.1417,0.03903,-5.000000000005e-06,0.9231254435070568,0.669365188264256,0.9282868525896414,0.138418325350802,0.114302012159861,0.0469179878401389,1.210987652231461,1.46,1.116859883063909,1.2544839361607951,-0.5034972524630669,-0.0263945475816722,-0.0240025673346288,-0.0432364302605656,1,18.209999084472656,18.770000457763672,2.0879990844726564,7.949999999999999,17.68,real_post_mid,0.7949999999999999,2.6,-1055.1,-0.07276551724137931,fold_3,logreg,0.7394366197183099
CDNS,2024-03-31,2024-04-22,1.0,322.74,295.54,-11.69,-3.56,1.13,1.16,1.11,11.0,1.13,1.12,1.12,1.37,0.0,0.0,0.0,0.0,1002250000.0,1018090000.0,999950000.0,11.0,6812.0,6482.4,160.0,26.53,14.83,299.77,14.26,43.75,9.52,21.61,16.54,-0.21,0.44,280.0,285.0,280.0,2024-05-17,13.05,11.6,24.65,8.803571428571429,9.8,7.0,16.8,288.81,8.810000000000002,0.39536,0.39536,0.39536,0.28804,27.144880615135563,-0.03903,509.0,13.0,0.8398398398398398,28.0,1.7857142857142794,1,7.0178571428571495,2024-04-19,499.0,483.3956298828125,0.166095,0.1612157142857143,0.161215,-0.0048792857142856,-0.0048799999999999,1,0.19048,0.1417,0.04878,-4.999999999977245e-06,1.0,0.7244521570684853,0.9641434262948207,0.0727362390787105,0.1072086199235604,0.0588863800764395,0.678455138500723,1.33,0.5080490005626219,1.6578392471504395,0.187518762954124,-0.0307134663442056,-0.0486473175782647,-0.0535389930158062,1,18.709999084472656,19.25,2.1004990844726557,24.65,16.8,real_post_mid,2.465,2.6,535.8999999999997,0.019139285714285706,fold_3,logreg,0.7394366197183099
AMP,2024-03-31,2024-04-22,1.0,430.16,387.8,-2.04,8.66,8.2,8.6,7.91,12.0,8.18,8.22,8.22,8.18,0.0,0.0,6.0,0.0,4120680000.0,4453000000.0,3998370000.0,8.0,14063.2,15468.0,-320.0,1008.63,8.96,295.8,8.95,3.75,-6.25,-16.75,-17.73,-3.78,-6.75,420.0,410.0,420.0,2024-05-17,11.1,13.6,24.700000000000003,5.880952380952382,3.35,16.05,19.4,434.12,14.120000000000005,0.25877,0.27829,0.26853,0.20024,25.43105053439094,-0.0292649999999999,12.0,1.0,1.5636363636363635,28.0,2.3809523809523836,1,3.4999999999999987,2024-04-19,499.0,483.3956298828125,0.166095,0.1612157142857143,0.161215,-0.0048792857142856,-0.0048799999999999,1,0.19048,0.1417,0.04878,-4.999999999977245e-06,1.0,0.7244521570684853,0.9641434262948207,0.0727362390787105,0.1072086199235604,0.0588863800764395,0.678455138500723,1.33,0.5080490005626219,1.6578392471504395,0.187518762954124,-0.0307134663442056,-0.0486473175782647,-0.0535389930158062,1,18.709999084472656,19.25,2.1004990844726557,24.7,19.4,real_post_mid,2.47,2.6,280.40000000000003,0.006676190476190477,fold_3,logreg,0.7394366197183099
ARE,2024-03-31,2024-04-22,1.0,125.53,121.99,-5.54,-2.8,0.8,0.87,0.63,4.0,0.8,0.79,0.79,0.88,0.0,0.0,0.0,0.0,762900000.0,799400000.0,745640000.0,8.0,-573.6,477.6,-256.0,662.5,9.79,301.74,9.64,164.52,-5.75,-11.08,10.11,0.02,0.07,115.0,120.0,115.0,2024-05-17,4.35,3.5,7.85,6.826086956521739,6.3,1.625,7.925,124.17,9.170000000000002,0.2978,0.31731,0.307555,0.27829,9.515371234413369,-0.058535,9.0,1.0,0.4718853362734289,28.0,4.347826086956519,1,2.4782608695652204,2024-04-19,499.0,483.3956298828125,0.166095,0.1612157142857143,0.161215,-0.0048792857142856,-0.0048799999999999,1,0.19048,0.1417,0.04878,-4.999999999977245e-06,1.0,0.7244521570684853,0.9641434262948207,0.0727362390787105,0.1072086199235604,0.0588863800764395,0.678455138500723,1.33,0.5080490005626219,1.6578392471504395,0.187518762954124,-0.0307134663442056,-0.0486473175782647,-0.0535389930158062,1,18.709999084472656,19.25,2.1004990844726557,7.85,7.925,real_post_mid,0.785,2.6,-88.60000000000001,-0.007704347826086957,fold_3,logreg,0.7394366197183099
BRO,2024-03-31,2024-04-22,1.0,86.0,78.91,-4.07,4.55,1.05,1.1,0.93,13.0,1.05,1.05,1.03,0.94,0.0,0.0,1.0,1.0,1216930000.0,1245420000.0,1184100000.0,8.0,3240.8,2780.0,245.33,55.43,19.13,299.35,19.6,16.0,-18.31,-1.17,17.68,-15.78,-0.33,80.0,85.0,80.0,2024-05-17,3.075,3.075,6.15,7.6875,3.75,0.775,4.525,89.83,9.829999999999998,0.17097,0.4734,0.322185,0.15634,51.475084190759965,-0.073165,17.0,981.0,0.0075973409306742,28.0,6.25,1,1.4375,2024-04-19,499.0,483.3956298828125,0.166095,0.1612157142857143,0.161215,-0.0048792857142856,-0.0048799999999999,1,0.19048,0.1417,0.04878,-4.999999999977245e-06,1.0,0.7244521570684853,0.9641434262948207,0.0727362390787105,0.1072086199235604,0.0588863800764395,0.678455138500723,1.33,0.5080490005626219,1.6578392471504395,0.187518762954124,-0.0307134663442056,-0.0486473175782647,-0.0535389930158062,1,18.709999084472656,19.25,2.1004990844726557,6.15,4.525,real_post_mid,0.6150000000000001,2.6,98.39999999999998,0.012299999999999997,fold_3,logreg,0.7394366197183099
GL,2024-03-31,2024-04-22,0.0,115.47,122.29,-42.5,-45.71,2.79,2.82,2.75,9.0,2.79,2.79,2.79,2.76,1.0,0.0,2.0,0.0,1424980000.0,1430000000.0,1422000000.0,4.0,2511.2,2019.68,166.4,125.54,4.46,293.57,1.59,25.0,3.32,30.09,32.13,0.4,5.07,65.0,75.0,65.0,2024-05-17,6.7,4.7,11.4,17.53846153846154,12.35,1.3,13.65,86.07,21.069999999999993,0.77583,0.77583,0.77583,0.6343749999999999,18.232731397342217,-0.1219449999999999,1215.0,571.0,0.2957090909090909,28.0,15.384615384615374,1,2.1538461538461657,2024-04-19,499.0,483.3956298828125,0.166095,0.1612157142857143,0.161215,-0.0048792857142856,-0.0048799999999999,1,0.19048,0.1417,0.04878,-4.999999999977245e-06,1.0,0.7244521570684853,0.9641434262948207,0.0727362390787105,0.1072086199235604,0.0588863800764395,0.678455138500723,1.33,0.5080490005626219,1.6578392471504395,0.187518762954124,-0.0307134663442056,-0.0486473175782647,-0.0535389930158062,1,18.709999084472656,19.25,2.1004990844726557,11.4,13.65,real_post_mid,1.1400000000000001,2.6,-341.6,-0.05255384615384616,fold_3,logreg,0.7394366197183099
PKG,2024-03-31,2024-04-22,1.0,184.72,166.49,-2.94,7.69,1.68,1.86,1.58,6.0,1.68,1.62,1.62,1.8,0.0,0.0,3.0,1.0,1909350000.0,2000300000.0,1844800000.0,6.0,14970.4,13027.36,588.8,522.3,-7.97,303.02,-8.75,-9.36,3.9,-16.22,-24.33,-2.89,-2.98,180.0,170.0,180.0,2024-05-17,6.3,4.8,11.1,6.166666666666666,1.2999999999999998,9.25,10.55,183.13,3.1299999999999955,0.2978,0.25877,0.278285,0.2197549999999999,21.03239484700937,-0.02927,11.0,3.0,1.4166666666666667,28.0,5.555555555555558,1,0.611111111111108,2024-04-19,499.0,483.3956298828125,0.166095,0.1612157142857143,0.161215,-0.0048792857142856,-0.0048799999999999,1,0.19048,0.1417,0.04878,-4.999999999977245e-06,1.0,0.7244521570684853,0.9641434262948207,0.0727362390787105,0.1072086199235604,0.0588863800764395,0.678455138500723,1.33,0.5080490005626219,1.6578392471504395,0.187518762954124,-0.0307134663442056,-0.0486473175782647,-0.0535389930158062,1,18.709999084472656,19.25,2.1004990844726557,11.1,10.55,real_post_mid,1.11,2.6,-58.600000000000115,-0.003255555555555562,fold_3,logreg,0.7394366197183099
IVZ,2024-03-31,2024-04-23,0.0,15.71,15.82,-7.19,-7.84,0.4,0.42,0.37,13.0,0.4,0.38,0.38,0.39,4.0,0.0,8.0,0.0,1089140000.0,1123000000.0,1064000000.0,9.0,4639.2,4592.64,-21.87,178.28,-5.5,296.42,-5.96,20.51,34.29,-128.45,-133.0,59.7,-29.39,16.0,14.0,16.0,2024-05-17,0.35,0.8500000000000001,1.2000000000000002,7.500000000000001,0.05,1.95,2.0,16.0,0.0,0.30755,0.39536,0.3514549999999999,0.31243,11.103839751888572,-0.0438999999999999,356.0,81.0,0.5568513119533528,25.0,12.5,0,-4.999999999999999,2024-04-22,503.0,487.8472595214844,0.1500657142857143,0.14658,0.146585,-0.0034857142857143,-0.0034807142857142,1,0.17097,0.13195,0.03902,0.0013942857142857,0.7472319527826904,0.5433229750998831,0.848605577689243,0.1082338071617961,0.1128974327853514,0.0371682815003628,0.95869148209577,1.22,0.0904387253653976,1.0781228283726747,-0.5886391275643681,-0.0093767204153015,-0.0430487358682216,-0.0448229566884619,1,16.940000534057617,17.6299991607666,1.9334291054861872,1.2000000000000002,2.0,real_post_mid,0.12000000000000002,2.6,-94.59999999999998,-0.05912499999999999,fold_3,logreg,0.7394366197183099
IEX,2024-03-31,2024-04-23,1.0,243.87,205.69,-4.76,12.92,1.76,1.86,1.72,10.0,1.75,1.75,1.75,2.03,1.0,0.0,1.0,0.0,807020000.0,837000000.0,797900000.0,10.0,7496.8,6748.0,426.67,223.28,2.89,312.64,3.71,-8.96,-13.68,-19.49,-7.22,-5.92,-2.44,230.0,220.0,230.0,2024-05-17,5.9,5.4,11.3,4.91304347826087,2.1,7.65,9.75,222.33,7.6699999999999875,0.22951,0.23926,0.234385,0.1563399999999999,33.2977792947501,-0.03902,27.0,1.0,0.0,25.0,4.347826086956519,1,0.5652173913043512,2024-04-22,503.0,487.8472595214844,0.1500657142857143,0.14658,0.146585,-0.0034857142857143,-0.0034807142857142,1,0.17097,0.13195,0.03902,0.0013942857142857,0.7472319527826904,0.5433229750998831,0.848605577689243,0.1082338071617961,0.1128974327853514,0.0371682815003628,0.95869148209577,1.22,0.0904387253653976,1.0781228283726747,-0.5886391275643681,-0.0093767204153015,-0.0430487358682216,-0.0448229566884619,1,16.940000534057617,17.6299991607666,1.9334291054861872,11.3,9.75,real_post_mid,1.1300000000000001,2.6,39.400000000000055,0.001713043478260872,fold_3,logreg,0.7394366197183099
CSGP,2024-03-31,2024-04-23,1.0,95.72,83.76,-11.6,1.03,0.07,0.07,0.06,13.0,0.07,0.06,0.08,0.3,0.0,0.0,0.0,0.0,653330000.0,704400000.0,647410000.0,15.0,-60509.6,-60551.2,42.67,34.87,12.49,293.01,12.62,-13.16,10.0,-33.81,-37.41,-1.05,-9.17,85.0,90.0,85.0,2024-05-17,3.95,3.35,7.300000000000001,8.588235294117649,7.1,0.45,7.55,87.5,2.5,0.40511,0.41487,0.40999,0.27341,33.31300763433255,-0.07317,219.0,466.0,0.9444844989185291,25.0,5.882352941176472,1,2.7058823529411766,2024-04-22,503.0,487.8472595214844,0.1500657142857143,0.14658,0.146585,-0.0034857142857143,-0.0034807142857142,1,0.17097,0.13195,0.03902,0.0013942857142857,0.7472319527826904,0.5433229750998831,0.848605577689243,0.1082338071617961,0.1128974327853514,0.0371682815003628,0.95869148209577,1.22,0.0904387253653976,1.0781228283726747,-0.5886391275643681,-0.0093767204153015,-0.0430487358682216,-0.0448229566884619,1,16.940000534057617,17.6299991607666,1.9334291054861872,7.300000000000001,7.55,real_post_mid,0.7300000000000001,2.6,-100.59999999999991,-0.011835294117647048,fold_3,logreg,0.7394366197183099
EQR,2024-03-31,2024-04-23,1.0,62.17,58.76,1.48,7.37,0.33,0.42,0.3,11.0,0.33,0.33,0.35,0.33,0.0,0.0,0.0,1.0,726230000.0,735100000.0,709000000.0,15.0,27170.4,25688.16,1032.53,682.52,5.07,296.92,5.24,95.24,82.22,-31.97,-31.48,11.75,-21.55,62.5,65.0,62.5,2024-05-17,1.675,1.375,3.05,4.88,2.85,0.475,3.325,67.13,4.6299999999999955,0.23926,0.22951,0.234385,0.19536,16.64995626853254,-0.01951,541.0,19.0,0.1237384817902588,25.0,4.0000000000000036,1,0.8799999999999963,2024-04-22,503.0,487.8472595214844,0.1500657142857143,0.14658,0.146585,-0.0034857142857143,-0.0034807142857142,1,0.17097,0.13195,0.03902,0.0013942857142857,0.7472319527826904,0.5433229750998831,0.848605577689243,0.1082338071617961,0.1128974327853514,0.0371682815003628,0.95869148209577,1.22,0.0904387253653976,1.0781228283726747,-0.5886391275643681,-0.0093767204153015,-0.0430487358682216,-0.0448229566884619,1,16.940000534057617,17.6299991607666,1.9334291054861872,3.05,3.325,real_post_mid,0.305,2.6,-60.60000000000003,-0.009696000000000005,fold_3,logreg,0.7394366197183099
DGX,2024-03-31,2024-04-23,1.0,129.3,127.76,5.72,7.0,1.85,1.9,1.82,16.0,1.85,1.85,1.85,2.07,1.0,0.0,2.0,0.0,2286820000.0,2320230000.0,2259910000.0,14.0,10709.6,10521.92,235.73,184.85,-6.38,303.14,-6.98,8.59,-3.15,-30.66,-11.62,-1.74,-0.81,130.0,140.0,130.0,2024-05-17,3.8,3.3,7.1,5.461538461538462,8.9,0.5,9.4,144.34,14.340000000000003,0.25877,0.26853,0.26365,0.21,20.348947468234403,-0.0438999999999999,919.0,802.0,0.1606174384647476,25.0,7.692307692307687,0,-2.2307692307692255,2024-04-22,503.0,487.8472595214844,0.1500657142857143,0.14658,0.146585,-0.0034857142857143,-0.0034807142857142,1,0.17097,0.13195,0.03902,0.0013942857142857,0.7472319527826904,0.5433229750998831,0.848605577689243,0.1082338071617961,0.1128974327853514,0.0371682815003628,0.95869148209577,1.22,0.0904387253653976,1.0781228283726747,-0.5886391275643681,-0.0093767204153015,-0.0430487358682216,-0.0448229566884619,1,16.940000534057617,17.6299991607666,1.9334291054861872,7.1,9.4,real_post_mid,0.71,2.6,-303.6000000000001,-0.02335384615384616,fold_3,logreg,0.7394366197183099
CB,2024-03-31,2024-04-23,1.0,255.51,241.58,-2.2,3.44,5.3,5.57,4.57,20.0,5.29,5.33,5.34,5.24,1.0,0.0,4.0,0.0,10289500000.0,10477000000.0,10063000000.0,6.0,16263.2,13978.4,843.73,387.98,16.34,259.15,16.6,36.79,11.92,-98.76,45.69,74.8,3.81,250.0,245.0,250.0,2024-05-17,7.1,4.75,11.85,4.74,1.775,8.1,9.875,274.28,24.279999999999973,0.21975,0.22951,0.22463,0.17585,21.71571027912567,-0.01951,1472.0,71.0,1.850523168908819,25.0,2.0000000000000018,1,2.7399999999999984,2024-04-22,503.0,487.8472595214844,0.1500657142857143,0.14658,0.146585,-0.0034857142857143,-0.0034807142857142,1,0.17097,0.13195,0.03902,0.0013942857142857,0.7472319527826904,0.5433229750998831,0.848605577689243,0.1082338071617961,0.1128974327853514,0.0371682815003628,0.95869148209577,1.22,0.0904387253653976,1.0781228283726747,-0.5886391275643681,-0.0093767204153015,-0.0430487358682216,-0.0448229566884619,1,16.940000534057617,17.6299991607666,1.9334291054861872,11.85,9.875,real_post_mid,1.185,2.6,76.39999999999996,0.0030559999999999984,fold_3,logreg,0.7394366197183099
BKR,2024-03-31,2024-04-23,1.0,33.44,30.04,-1.32,9.85,0.4,0.42,0.35,21.0,0.4,0.41,0.41,0.4,0.0,0.0,1.0,5.0,6368150000.0,6544000000.0,6308000000.0,20.0,495.2,331.36,62.93,43.73,20.56,284.07,21.34,34.21,21.43,73.56,95.53,-0.21,3.48,33.0,33.0,33.0,2024-05-17,0.8500000000000001,1.25,2.1,6.363636363636364,0.6499999999999999,1.1,1.75,33.46,0.4600000000000008,0.30755,0.2978,0.302675,0.263655,12.891715536466524,-0.029265,265.0,340.0,1.0323574730354392,25.0,0.0,1,6.363636363636364,2024-04-22,503.0,487.8472595214844,0.1500657142857143,0.14658,0.146585,-0.0034857142857143,-0.0034807142857142,1,0.17097,0.13195,0.03902,0.0013942857142857,0.7472319527826904,0.5433229750998831,0.848605577689243,0.1082338071617961,0.1128974327853514,0.0371682815003628,0.95869148209577,1.22,0.0904387253653976,1.0781228283726747,-0.5886391275643681,-0.0093767204153015,-0.0430487358682216,-0.0448229566884619,1,16.940000534057617,17.6299991607666,1.9334291054861872,2.1,1.75,real_post_mid,0.21000000000000002,2.6,11.400000000000007,0.0034545454545454567,fold_3,logreg,0.7394366197183099
SHW,2024-03-31,2024-04-23,0.0,342.87,301.06,-11.81,0.43,2.21,2.47,1.88,21.0,2.22,2.21,2.19,2.18,2.0,0.0,5.0,0.0,5505340000.0,5613000000.0,5424000000.0,18.0,-84546.4,-85778.4,298.67,609.96,4.08,276.87,4.57,-4.23,-43.44,4.17,23.07,4.57,2.47,310.0,300.0,310.0,2024-05-17,9.65,9.55,19.200000000000003,6.193548387096775,3.5,9.2,12.7,312.4,2.3999999999999773,0.2978,0.2978,0.2978,0.20512,31.121558092679653,-0.058535,285.0,104.0,1.5312084993359891,25.0,3.2258064516129004,1,2.9677419354838745,2024-04-22,503.0,487.8472595214844,0.1500657142857143,0.14658,0.146585,-0.0034857142857143,-0.0034807142857142,1,0.17097,0.13195,0.03902,0.0013942857142857,0.7472319527826904,0.5433229750998831,0.848605577689243,0.1082338071617961,0.1128974327853514,0.0371682815003628,0.95869148209577,1.22,0.0904387253653976,1.0781228283726747,-0.5886391275643681,-0.0093767204153015,-0.0430487358682216,-0.0448229566884619,1,16.940000534057617,17.6299991607666,1.9334291054861872,19.200000000000003,12.7,real_post_mid,1.9200000000000004,2.6,455.4000000000003,0.014690322580645171,fold_3,logreg,0.7394366197183099
MSCI,2024-03-31,2024-04-23,1.0,553.11,558.46,-19.37,-20.14,3.45,3.72,3.26,13.0,3.45,3.52,3.51,3.5,0.0,0.0,0.0,2.0,684130000.0,693000000.0,676600000.0,11.0,11277.6,9839.68,566.93,312.23,12.47,304.34,11.39,29.58,6.67,26.29,14.65,0.32,1.04,520.0,470.0,520.0,2024-05-17,15.95,19.65,35.599999999999994,6.846153846153845,0.55,55.2,55.75,505.33,14.670000000000016,0.32707,0.33682,0.331945,0.234385,29.39041106207354,-0.05366,10.0,24.0,0.5,25.0,9.615384615384617,0,-2.76923076923077,2024-04-22,503.0,487.8472595214844,0.1500657142857143,0.14658,0.146585,-0.0034857142857143,-0.0034807142857142,1,0.17097,0.13195,0.03902,0.0013942857142857,0.7472319527826904,0.5433229750998831,0.848605577689243,0.1082338071617961,0.1128974327853514,0.0371682815003628,0.95869148209577,1.22,0.0904387253653976,1.0781228283726747,-0.5886391275643681,-0.0093767204153015,-0.0430487358682216,-0.0448229566884619,1,16.940000534057617,17.6299991607666,1.9334291054861872,35.599999999999994,55.75,real_post_mid,3.5599999999999996,2.6,-2373.6000000000004,-0.04564615384615385,fold_3,logreg,0.7394366197183099
STLD,2024-03-31,2024-04-23,1.0,144.01,116.54,-6.84,15.12,3.51,3.58,3.27,8.0,3.51,3.42,3.4,3.28,0.0,0.0,2.0,0.0,4736490000.0,5008170000.0,4611230000.0,8.0,45239.2,45246.88,204.8,290.55,-15.57,309.75,-15.97,-40.27,-24.78,-42.67,-38.11,-5.95,-6.1,140.0,130.0,140.0,2024-05-17,4.05,6.25,10.3,7.357142857142858,1.125,10.6,11.725,133.93,6.069999999999993,0.34658,0.35633,0.3514549999999999,0.302675,13.879444025550908,-0.0292649999999999,249.0,18.0,1.167587476979742,25.0,7.14285714285714,1,0.2142857142857179,2024-04-22,503.0,487.8472595214844,0.1500657142857143,0.14658,0.146585,-0.0034857142857143,-0.0034807142857142,1,0.17097,0.13195,0.03902,0.0013942857142857,0.7472319527826904,0.5433229750998831,0.848605577689243,0.1082338071617961,0.1128974327853514,0.0371682815003628,0.95869148209577,1.22,0.0904387253653976,1.0781228283726747,-0.5886391275643681,-0.0093767204153015,-0.0430487358682216,-0.0448229566884619,1,16.940000534057617,17.6299991607666,1.9334291054861872,10.3,11.725,real_post_mid,1.03,2.6,-248.0999999999999,-0.017721428571428565,fold_3,logreg,0.7394366197183099
WRB,2024-03-31,2024-04-23,1.0,86.23,77.69,-8.29,1.79,1.44,1.56,1.32,12.0,1.45,1.49,1.49,1.43,0.0,0.0,1.0,1.0,3249070000.0,3302760000.0,3187170000.0,5.0,-5853.6,-6487.2,384.0,158.39,8.74,300.67,9.03,25.0,7.41,-2.36,2.02,0.61,-0.95,84.5,79.5,85.0,2024-05-17,1.475,3.75,5.225,6.183431952662721,0.1,6.95,7.05,79.31,5.689999999999998,0.22951,0.34658,0.288045,0.22463,22.01565727577288,-0.07317,1022.0,149.0,0.2289719626168224,25.0,5.917159763313606,1,0.2662721893491149,2024-04-22,503.0,487.8472595214844,0.1500657142857143,0.14658,0.146585,-0.0034857142857143,-0.0034807142857142,1,0.17097,0.13195,0.03902,0.0013942857142857,0.7472319527826904,0.5433229750998831,0.848605577689243,0.1082338071617961,0.1128974327853514,0.0371682815003628,0.95869148209577,1.22,0.0904387253653976,1.0781228283726747,-0.5886391275643681,-0.0093767204153015,-0.0430487358682216,-0.0448229566884619,1,16.940000534057617,17.6299991607666,1.9334291054861872,5.225,7.05,real_post_mid,0.5225,2.6,-237.35,-0.028088757396449702,fold_3,logreg,0.7394366197183099
VLTO,2024-03-31,2024-04-23,1.0,89.46,76.26,4.76,22.9,0.78,0.8,0.75,4.0,0.77,0.77,0.78,0.79,0.0,0.0,0.0,0.0,1244070000.0,1256800000.0,1229400000.0,3.0,1740.0,1602.86,264.0,24.0,,,,,,,,,,90.0,90.0,90.0,2024-05-17,3.75,1.7999999999999998,5.55,6.166666666666666,3.85,1.2999999999999998,5.15,98.6,8.599999999999994,0.30755,0.26853,0.2880399999999999,0.258775,10.160047215664488,-0.0146349999999999,59.0,16.0,0.1111111111111111,25.0,0.0,1,6.166666666666666,2024-04-22,503.0,487.8472595214844,0.1500657142857143,0.14658,0.146585,-0.0034857142857143,-0.0034807142857142,1,0.17097,0.13195,0.03902,0.0013942857142857,0.7472319527826904,0.5433229750998831,0.848605577689243,0.1082338071617961,0.1128974327853514,0.0371682815003628,0.95869148209577,1.22,0.0904387253653976,1.0781228283726747,-0.5886391275643681,-0.0093767204153015,-0.0430487358682216,-0.0448229566884619,1,16.940000534057617,17.6299991607666,1.9334291054861872,5.55,5.15,real_post_mid,0.555,2.6,-18.10000000000006,-0.0020111111111111176,fold_3,logreg,0.7394366197183099
PNR,2024-03-31,2024-04-23,1.0,83.94,70.69,-6.52,11.01,0.9,0.91,0.87,16.0,0.9,0.9,0.91,1.0,1.0,0.0,1.0,0.0,1006000000.0,1016000000.0,988830000.0,17.0,5312.8,5068.0,108.8,74.49,-0.42,306.87,-0.23,6.1,-7.45,2.81,24.17,3.9,3.57,80.0,80.0,80.0,2024-05-17,2.45,2.825,5.275,6.593750000000001,1.475,2.2,3.675,83.95,3.950000000000003,0.32707,0.30755,0.31731,0.22951,27.670101793199077,-0.0487799999999999,1137.0,406.0,0.1079872204472843,25.0,0.0,1,6.593750000000001,2024-04-22,503.0,487.8472595214844,0.1500657142857143,0.14658,0.146585,-0.0034857142857143,-0.0034807142857142,1,0.17097,0.13195,0.03902,0.0013942857142857,0.7472319527826904,0.5433229750998831,0.848605577689243,0.1082338071617961,0.1128974327853514,0.0371682815003628,0.95869148209577,1.22,0.0904387253653976,1.0781228283726747,-0.5886391275643681,-0.0093767204153015,-0.0430487358682216,-0.0448229566884619,1,16.940000534057617,17.6299991607666,1.9334291054861872,5.275,3.675,real_post_mid,0.5275000000000001,2.6,104.65000000000005,0.013081250000000006,fold_3,logreg,0.7394366197183099
LKQ,2024-03-31,2024-04-23,0.0,52.78,47.46,-21.09,-12.24,0.95,0.98,0.89,8.0,0.95,0.95,0.96,1.0,0.0,0.0,0.0,1.0,3764770000.0,3850800000.0,3573200000.0,7.0,7820.0,7827.68,-209.07,313.19,8.38,288.62,7.28,7.69,-2.33,-4.95,-14.17,-0.61,-2.57,50.0,42.5,50.0,2024-05-17,0.925,2.075,3.0,6.0,0.05,7.25,7.3,44.67,5.329999999999998,0.25877,0.30755,0.2831599999999999,0.20512,27.560389885577052,-0.0438949999999999,802.0,30.0,0.9586206896551724,25.0,15.000000000000002,0,-9.000000000000002,2024-04-22,503.0,487.8472595214844,0.1500657142857143,0.14658,0.146585,-0.0034857142857143,-0.0034807142857142,1,0.17097,0.13195,0.03902,0.0013942857142857,0.7472319527826904,0.5433229750998831,0.848605577689243,0.1082338071617961,0.1128974327853514,0.0371682815003628,0.95869148209577,1.22,0.0904387253653976,1.0781228283726747,-0.5886391275643681,-0.0093767204153015,-0.0430487358682216,-0.0448229566884619,1,16.940000534057617,17.6299991607666,1.9334291054861872,3.0,7.3,real_post_mid,0.30000000000000004,2.6,-462.59999999999997,-0.09251999999999999,fold_3,logreg,0.7394366197183099
AVY,2024-03-31,2024-04-24,1.0,217.31,200.41,-2.25,5.99,2.15,2.21,2.08,9.0,2.15,2.15,2.15,2.18,1.0,0.0,1.0,0.0,2150610000.0,2180340000.0,2122900000.0,9.0,8316.0,8423.52,179.2,292.92,-7.47,298.62,-8.94,30.91,2.86,-19.07,-10.93,0.65,-0.44,210.0,220.0,210.0,2024-05-17,7.05,5.25,12.3,5.857142857142858,9.7,1.875,11.575,226.3,16.30000000000001,0.27829,0.28804,0.283165,0.20512,27.56166899157735,-0.0487799999999999,48.0,3.0,0.8333333333333334,24.0,4.761904761904767,1,1.0952380952380905,2024-04-23,509.0,493.6364135742187,0.1417,0.136825,0.141705,-0.0048749999999999,5.000000000032756e-06,0,0.15146,0.13195,0.01951,5.000000000032756e-06,0.615311834739415,0.4487913152266031,0.7689243027888446,0.145492163439729,0.1227377104023003,0.0189622895976996,1.1853908873063213,1.37,0.8929210004614385,1.1263777908079848,-0.5505160979005127,0.004210294977669,-0.0298535964888395,-0.0334881240263091,1,15.6899995803833,16.68000030517578,1.5199995803833009,12.3,11.575,real_post_mid,1.2300000000000002,2.6,-53.09999999999988,-0.002528571428571423,fold_3,logreg,0.7394366197183099
APH,2024-03-31,2024-04-24,1.0,114.22,100.81,1.83,15.38,0.73,0.77,0.72,13.0,0.73,0.73,0.73,0.73,0.0,0.0,2.0,1.0,3097490000.0,3167000000.0,3070080000.0,13.0,-9301.6,-9586.4,170.67,39.19,-0.54,292.43,-1.02,5.13,5.13,-14.36,-1.83,0.62,-0.27,115.0,120.0,115.0,2024-05-17,4.15,4.5,8.65,7.521739130434783,5.65,1.275,6.925000000000001,131.91,16.909999999999997,0.36609,0.36609,0.36609,0.24902,31.97847523832938,-0.07317,1605.0,1699.0,0.1907843518878941,24.0,4.347826086956519,1,3.1739130434782643,2024-04-23,509.0,493.6364135742187,0.1417,0.136825,0.141705,-0.0048749999999999,5.000000000032756e-06,0,0.15146,0.13195,0.01951,5.000000000032756e-06,0.615311834739415,0.4487913152266031,0.7689243027888446,0.145492163439729,0.1227377104023003,0.0189622895976996,1.1853908873063213,1.37,0.8929210004614385,1.1263777908079848,-0.5505160979005127,0.004210294977669,-0.0298535964888395,-0.0334881240263091,1,15.6899995803833,16.68000030517578,1.5199995803833009,8.65,6.925000000000001,real_post_mid,0.8650000000000001,2.6,83.39999999999996,0.007252173913043475,fold_3,logreg,0.7394366197183099
BG,2024-03-31,2024-04-24,1.0,99.94,88.45,5.85,19.6,2.53,2.82,2.2,11.0,2.53,2.52,2.57,2.8,0.0,0.0,1.0,0.0,13955800000.0,16505800000.0,12205000000.0,8.0,41116.0,36136.8,2016.0,753.19,-11.44,318.5,-11.6,14.2,23.75,39.66,35.32,2.66,1.82,110.0,105.0,110.0,2024-05-17,3.075,3.5,6.575,5.9772727272727275,1.725,7.05,8.775,103.09,6.909999999999997,0.27829,0.30755,0.2929199999999999,0.26365,9.992489416905627,-0.0438999999999999,758.0,92.0,0.3944856839872747,24.0,4.545454545454541,1,1.431818181818186,2024-04-23,509.0,493.6364135742187,0.1417,0.136825,0.141705,-0.0048749999999999,5.000000000032756e-06,0,0.15146,0.13195,0.01951,5.000000000032756e-06,0.615311834739415,0.4487913152266031,0.7689243027888446,0.145492163439729,0.1227377104023003,0.0189622895976996,1.1853908873063213,1.37,0.8929210004614385,1.1263777908079848,-0.5505160979005127,0.004210294977669,-0.0298535964888395,-0.0334881240263091,1,15.6899995803833,16.68000030517578,1.5199995803833009,6.575,8.775,real_post_mid,0.6575000000000001,2.6,-288.3500000000001,-0.02621363636363637,fold_3,logreg,0.7394366197183099
FTV,2024-03-31,2024-04-24,1.0,84.43,74.29,-9.93,2.37,0.79,0.82,0.76,15.0,0.79,0.79,0.79,0.82,0.0,0.0,3.0,1.0,1526500000.0,1549100000.0,1512280000.0,15.0,3989.6,3848.16,72.53,47.11,4.11,305.84,4.2,11.36,15.29,-21.13,12.77,1.53,1.43,80.0,75.0,80.0,2024-05-17,2.75,2.3,5.05,6.3125,0.275,3.5,3.775,77.16,2.8400000000000034,0.26853,0.33682,0.302675,0.19048,37.06781200958124,-0.063415,14.0,5.0,3.338317757009346,24.0,6.25,1,0.0625,2024-04-23,509.0,493.6364135742187,0.1417,0.136825,0.141705,-0.0048749999999999,5.000000000032756e-06,0,0.15146,0.13195,0.01951,5.000000000032756e-06,0.615311834739415,0.4487913152266031,0.7689243027888446,0.145492163439729,0.1227377104023003,0.0189622895976996,1.1853908873063213,1.37,0.8929210004614385,1.1263777908079848,-0.5505160979005127,0.004210294977669,-0.0298535964888395,-0.0334881240263091,1,15.6899995803833,16.68000030517578,1.5199995803833009,5.05,3.775,real_post_mid,0.505,2.6,74.39999999999999,0.0093,fold_3,logreg,0.7394366197183099
MAS,2024-03-31,2024-04-24,1.0,76.01,67.18,-8.25,3.81,0.88,0.92,0.85,18.0,0.88,0.88,0.88,0.89,0.0,0.0,2.0,0.0,1939390000.0,1971400000.0,1902000000.0,18.0,5890.4,5126.08,253.87,182.84,-7.74,304.65,-8.71,27.69,-17.0,-37.21,-29.99,2.79,-3.6,75.0,70.0,75.0,2024-05-17,1.9,3.5999999999999996,5.5,7.333333333333333,0.3,5.0,5.3,70.16,4.840000000000003,0.35633,0.34658,0.3514549999999999,0.24902,29.14597885931342,-0.0780499999999999,1426.0,3748.0,0.1432216363327096,24.0,6.666666666666665,1,0.6666666666666679,2024-04-23,509.0,493.6364135742187,0.1417,0.136825,0.141705,-0.0048749999999999,5.000000000032756e-06,0,0.15146,0.13195,0.01951,5.000000000032756e-06,0.615311834739415,0.4487913152266031,0.7689243027888446,0.145492163439729,0.1227377104023003,0.0189622895976996,1.1853908873063213,1.37,0.8929210004614385,1.1263777908079848,-0.5505160979005127,0.004210294977669,-0.0298535964888395,-0.0334881240263091,1,15.6899995803833,16.68000030517578,1.5199995803833009,5.5,5.3,real_post_mid,0.55,2.6,-37.59999999999999,-0.0050133333333333314,fold_3,logreg,0.7394366197183099
HLT,2024-03-31,2024-04-24,1.0,210.12,191.77,-2.58,6.74,1.42,1.45,1.37,18.0,1.42,1.42,1.42,1.41,0.0,0.0,1.0,3.0,2532860000.0,2640000000.0,2475590000.0,10.0,4904.8,4619.04,181.87,113.32,16.66,282.9,18.27,5.66,0.6,-0.35,6.26,-2.12,-2.13,200.0,200.0,200.0,2024-05-17,4.0,6.35,10.35,5.175,6.9,2.4,9.3,204.19,4.189999999999998,0.24902,0.24902,0.24902,0.2148749999999999,13.711750060236133,-0.0243899999999999,287.0,287.0,0.851129363449692,24.0,0.0,1,5.175,2024-04-23,509.0,493.6364135742187,0.1417,0.136825,0.141705,-0.0048749999999999,5.000000000032756e-06,0,0.15146,0.13195,0.01951,5.000000000032756e-06,0.615311834739415,0.4487913152266031,0.7689243027888446,0.145492163439729,0.1227377104023003,0.0189622895976996,1.1853908873063213,1.37,0.8929210004614385,1.1263777908079848,-0.5505160979005127,0.004210294977669,-0.0298535964888395,-0.0334881240263091,1,15.6899995803833,16.68000030517578,1.5199995803833009,10.35,9.3,real_post_mid,1.035,2.6,-1.1000000000000987,-5.5000000000004935e-05,fold_3,logreg,0.7394366197183099
ETR,2024-03-31,2024-04-24,0.0,103.09,99.08,3.27,7.45,1.51,2.07,1.35,12.0,1.58,1.48,1.58,1.58,2.0,0.0,4.0,0.0,3160370000.0,3431040000.0,2824430000.0,6.0,17412.0,16487.2,-128.0,894.43,-11.75,237.85,-11.07,1.96,-84.1,16.2,27.66,5.54,6.65,105.0,105.0,105.0,2024-05-17,3.05,1.475,4.525,4.309523809523809,3.05,1.2000000000000002,4.25,113.03,8.030000000000001,0.13195,0.23926,0.185605,0.166095,10.511570270197476,0.0048799999999999,434.0,9.0,0.7627627627627628,24.0,0.0,1,4.309523809523809,2024-04-23,509.0,493.6364135742187,0.1417,0.136825,0.141705,-0.0048749999999999,5.000000000032756e-06,0,0.15146,0.13195,0.01951,5.000000000032756e-06,0.615311834739415,0.4487913152266031,0.7689243027888446,0.145492163439729,0.1227377104023003,0.0189622895976996,1.1853908873063213,1.37,0.8929210004614385,1.1263777908079848,-0.5505160979005127,0.004210294977669,-0.0298535964888395,-0.0334881240263091,1,15.6899995803833,16.68000030517578,1.5199995803833009,4.525,4.25,real_post_mid,0.45250000000000007,2.6,-20.349999999999973,-0.0019380952380952355,fold_3,logreg,0.7394366197183099
IPG,2024-03-31,2024-04-24,1.0,32.41,32.92,-3.12,-4.62,0.35,0.39,0.33,8.0,0.35,0.35,0.35,0.37,0.0,0.0,1.0,0.0,2183730000.0,2205760000.0,2162500000.0,5.0,6312.8,6266.72,38.4,127.36,-0.35,306.54,-0.61,15.69,68.57,10.94,7.34,-0.22,0.98,31.0,31.0,31.0,2024-05-17,1.0,0.925,1.925,6.209677419354839,0.8,0.55,1.35,31.78,0.7800000000000011,0.2978,0.30755,0.302675,0.21975,27.39737342033535,-0.0439,49.0,43.0,1.0829694323144106,24.0,0.0,1,6.209677419354839,2024-04-23,509.0,493.6364135742187,0.1417,0.136825,0.141705,-0.0048749999999999,5.000000000032756e-06,0,0.15146,0.13195,0.01951,5.000000000032756e-06,0.615311834739415,0.4487913152266031,0.7689243027888446,0.145492163439729,0.1227377104023003,0.0189622895976996,1.1853908873063213,1.37,0.8929210004614385,1.1263777908079848,-0.5505160979005127,0.004210294977669,-0.0298535964888395,-0.0334881240263091,1,15.6899995803833,16.68000030517578,1.5199995803833009,1.925,1.35,real_post_mid,0.1925,2.6,35.64999999999999,0.011499999999999998,fold_3,logreg,0.7394366197183099
HAS,2024-03-31,2024-04-24,1.0,55.92,50.08,16.29,29.85,0.27,0.35,0.16,12.0,0.3,0.32,0.32,0.37,0.0,0.0,3.0,2.0,738610000.0,788210000.0,717260000.0,10.0,5789.6,6907.04,-25.6,727.38,-14.57,232.8,-13.13,-70.99,-76.83,-170.72,-477.43,-1.6,-37.72,57.5,65.0,57.5,2024-05-17,3.15,2.75,5.9,10.260869565217392,7.0,0.175,7.175,60.13,2.6300000000000026,0.46365,0.53194,0.497795,0.3026749999999999,39.196858144416886,-0.1365849999999999,1515.0,297.0,1.4509248773121932,24.0,13.043478260869556,0,-2.782608695652163,2024-04-23,509.0,493.6364135742187,0.1417,0.136825,0.141705,-0.0048749999999999,5.000000000032756e-06,0,0.15146,0.13195,0.01951,5.000000000032756e-06,0.615311834739415,0.4487913152266031,0.7689243027888446,0.145492163439729,0.1227377104023003,0.0189622895976996,1.1853908873063213,1.37,0.8929210004614385,1.1263777908079848,-0.5505160979005127,0.004210294977669,-0.0298535964888395,-0.0334881240263091,1,15.6899995803833,16.68000030517578,1.5199995803833009,5.9,7.175,real_post_mid,0.5900000000000001,2.6,-189.09999999999994,-0.03288695652173912,fold_3,logreg,0.7394366197183099
WAB,2024-03-31,2024-04-24,1.0,142.83,129.82,14.39,25.85,1.49,1.56,1.39,10.0,1.49,1.49,1.48,1.49,0.0,0.0,1.0,1.0,2397130000.0,2459000000.0,2336190000.0,7.0,10124.0,9599.2,640.0,530.66,15.73,279.49,16.72,18.46,-9.41,21.9,25.22,0.04,0.99,150.0,165.0,150.0,2024-05-17,3.3,4.4,7.7,5.133333333333334,13.35,0.2249999999999999,13.575,168.32,18.319999999999993,0.24902,0.25877,0.253895,0.19048,24.97686051320427,-0.0438999999999999,2546.0,157.0,0.145413870246085,24.0,10.000000000000009,0,-4.866666666666675,2024-04-23,509.0,493.6364135742187,0.1417,0.136825,0.141705,-0.0048749999999999,5.000000000032756e-06,0,0.15146,0.13195,0.01951,5.000000000032756e-06,0.615311834739415,0.4487913152266031,0.7689243027888446,0.145492163439729,0.1227377104023003,0.0189622895976996,1.1853908873063213,1.37,0.8929210004614385,1.1263777908079848,-0.5505160979005127,0.004210294977669,-0.0298535964888395,-0.0334881240263091,1,15.6899995803833,16.68000030517578,1.5199995803833009,7.7,13.575,real_post_mid,0.77,2.6,-667.1,-0.04447333333333334,fold_3,logreg,0.7394366197183099
ROL,2024-03-31,2024-04-24,0.0,45.9,43.01,-6.6,-0.33,0.2,0.21,0.19,7.0,0.2,0.2,0.2,0.2,0.0,0.0,0.0,0.0,739100000.0,746900000.0,726400000.0,7.0,-2868.0,-2948.64,38.4,49.88,14.0,265.68,14.0,23.53,-25.0,17.69,18.21,0.7,0.68,42.5,45.0,42.5,2024-05-17,1.5,1.225,2.725,6.411764705882353,2.125,0.325,2.45,46.13,3.6300000000000026,0.30755,0.31731,0.31243,0.2148749999999999,31.224594309125248,-0.0438999999999999,126.0,0.0,0.0784313725490196,24.0,5.882352941176472,1,0.5294117647058814,2024-04-23,509.0,493.6364135742187,0.1417,0.136825,0.141705,-0.0048749999999999,5.000000000032756e-06,0,0.15146,0.13195,0.01951,5.000000000032756e-06,0.615311834739415,0.4487913152266031,0.7689243027888446,0.145492163439729,0.1227377104023003,0.0189622895976996,1.1853908873063213,1.37,0.8929210004614385,1.1263777908079848,-0.5505160979005127,0.004210294977669,-0.0298535964888395,-0.0334881240263091,1,15.6899995803833,16.68000030517578,1.5199995803833009,2.725,2.45,real_post_mid,0.2725,2.6,-2.350000000000011,-0.0005529411764705909,fold_3,logreg,0.7394366197183099
TER,2024-03-31,2024-04-24,1.0,108.9,109.95,-7.53,-8.41,0.33,0.38,0.3,16.0,0.33,0.33,0.33,0.53,0.0,0.0,0.0,0.0,566310000.0,575000000.0,552200000.0,15.0,8880.8,8434.72,290.13,125.2,-15.17,280.3,-16.07,-14.13,-1.25,-35.93,-39.77,-1.76,-7.65,100.0,110.0,100.0,2024-05-17,4.6,4.35,8.95,8.95,9.2,0.85,10.05,131.91,31.909999999999997,0.44414,0.43438,0.43926,0.36121,17.768519783271856,-0.068295,72.0,4.0,1.225,24.0,10.000000000000009,0,-1.0500000000000096,2024-04-23,509.0,493.6364135742187,0.1417,0.136825,0.141705,-0.0048749999999999,5.000000000032756e-06,0,0.15146,0.13195,0.01951,5.000000000032756e-06,0.615311834739415,0.4487913152266031,0.7689243027888446,0.145492163439729,0.1227377104023003,0.0189622895976996,1.1853908873063213,1.37,0.8929210004614385,1.1263777908079848,-0.5505160979005127,0.004210294977669,-0.0298535964888395,-0.0334881240263091,1,15.6899995803833,16.68000030517578,1.5199995803833009,8.95,10.05,real_post_mid,0.895,2.6,-202.10000000000014,-0.020210000000000013,fold_3,logreg,0.7394366197183099
MOH,2024-03-31,2024-04-24,1.0,412.52,350.07,-10.94,4.95,5.59,6.36,5.21,15.0,5.59,5.62,5.55,6.41,0.0,0.0,1.0,2.0,9440840000.0,9763000000.0,8791450000.0,12.0,19916.0,18850.4,340.27,525.5,6.56,298.6,6.05,6.83,-13.27,29.28,34.1,0.44,0.95,360.0,350.0,360.0,2024-05-17,14.6,11.5,26.1,7.250000000000001,5.4,12.5,17.9,347.62,12.379999999999995,0.32707,0.36609,0.34658,0.24414,29.557389347336837,-0.0487799999999999,18.0,11.0,0.2258064516129032,24.0,2.777777777777779,1,4.472222222222221,2024-04-23,509.0,493.6364135742187,0.1417,0.136825,0.141705,-0.0048749999999999,5.000000000032756e-06,0,0.15146,0.13195,0.01951,5.000000000032756e-06,0.615311834739415,0.4487913152266031,0.7689243027888446,0.145492163439729,0.1227377104023003,0.0189622895976996,1.1853908873063213,1.37,0.8929210004614385,1.1263777908079848,-0.5505160979005127,0.004210294977669,-0.0298535964888395,-0.0334881240263091,1,15.6899995803833,16.68000030517578,1.5199995803833009,26.1,17.9,real_post_mid,2.6100000000000003,2.6,556.4000000000002,0.015455555555555561,fold_3,logreg,0.7394366197183099
ODFL,2024-03-31,2024-04-24,0.0,435.03,395.44,-55.16,-50.67,1.34,1.38,1.29,18.0,1.34,2.7,2.71,2.84,0.0,0.0,2.0,0.0,1473430000.0,1502100000.0,1420500000.0,13.0,-4888.8,-5393.92,221.33,189.89,-6.29,287.13,-7.18,0.68,-4.85,-6.9,-10.86,-0.72,-1.43,220.0,195.0,220.0,2024-05-17,9.0,8.95,17.95,8.159090909090908,0.75,22.700000000000003,23.450000000000003,183.07,36.93000000000001,0.40511,0.40511,0.40511,0.3514549999999999,13.244550862728657,-0.06341,151.0,82.0,1.5007564296520424,24.0,11.363636363636363,0,-3.204545454545457,2024-04-23,509.0,493.6364135742187,0.1417,0.136825,0.141705,-0.0048749999999999,5.000000000032756e-06,0,0.15146,0.13195,0.01951,5.000000000032756e-06,0.615311834739415,0.4487913152266031,0.7689243027888446,0.145492163439729,0.1227377104023003,0.0189622895976996,1.1853908873063213,1.37,0.8929210004614385,1.1263777908079848,-0.5505160979005127,0.004210294977669,-0.0298535964888395,-0.0334881240263091,1,15.6899995803833,16.68000030517578,1.5199995803833009,17.95,23.450000000000003,real_post_mid,1.795,2.6,-732.1000000000004,-0.033277272727272746,fold_3,logreg,0.7394366197183099
ORLY,2024-03-31,2024-04-24,0.0,1137.07,1024.04,-3.9,6.7,9.26,9.94,8.85,23.0,9.23,9.23,9.24,9.36,1.0,0.0,3.0,0.0,3981750000.0,4057500000.0,3911000000.0,21.0,-257525.6,-233967.52,-13664.0,9010.63,9.73,276.18,10.4,10.71,-12.68,-3.86,7.57,0.03,-0.41,1100.0,1060.0,1100.0,2024-05-17,28.65,33.8,62.45,5.677272727272727,8.7,50.5,59.2,1012.06,87.94000000000005,0.26853,0.28804,0.278285,0.21,24.53779398817759,-0.034145,51.0,3.0,3.3740458015267176,24.0,3.6363636363636376,1,2.0409090909090892,2024-04-23,509.0,493.6364135742187,0.1417,0.136825,0.141705,-0.0048749999999999,5.000000000032756e-06,0,0.15146,0.13195,0.01951,5.000000000032756e-06,0.615311834739415,0.4487913152266031,0.7689243027888446,0.145492163439729,0.1227377104023003,0.0189622895976996,1.1853908873063213,1.37,0.8929210004614385,1.1263777908079848,-0.5505160979005127,0.004210294977669,-0.0298535964888395,-0.0334881240263091,1,15.6899995803833,16.68000030517578,1.5199995803833009,62.449999999999996,59.2,real_post_mid,6.245,2.6,-302.10000000000076,-0.002746363636363643,fold_3,logreg,0.7394366197183099
OTIS,2024-03-31,2024-04-24,1.0,99.04,88.98,-5.72,4.93,0.87,0.88,0.86,7.0,0.87,0.87,0.87,0.88,1.0,0.0,1.0,0.0,3455470000.0,3473000000.0,3417000000.0,7.0,4370.4,4034.4,125.87,119.94,3.83,303.32,3.62,16.0,-8.42,-1.62,5.35,0.73,0.22,97.5,92.5,97.5,2024-05-17,2.25,2.0999999999999996,4.35,4.461538461538462,0.2,4.65,4.8500000000000005,96.79,0.7099999999999937,0.21,0.22951,0.2197549999999999,0.17585,19.97906759800686,-0.0390299999999999,667.0,128.0,1.7695035460992907,24.0,5.128205128205132,0,-0.6666666666666705,2024-04-23,509.0,493.6364135742187,0.1417,0.136825,0.141705,-0.0048749999999999,5.000000000032756e-06,0,0.15146,0.13195,0.01951,5.000000000032756e-06,0.615311834739415,0.4487913152266031,0.7689243027888446,0.145492163439729,0.1227377104023003,0.0189622895976996,1.1853908873063213,1.37,0.8929210004614385,1.1263777908079848,-0.5505160979005127,0.004210294977669,-0.0298535964888395,-0.0334881240263091,1,15.6899995803833,16.68000030517578,1.5199995803833009,4.35,4.8500000000000005,real_post_mid,0.435,2.6,-96.1000000000001,-0.009856410256410266,fold_3,logreg,0.7394366197183099
UHS,2024-03-31,2024-04-24,1.0,177.85,156.98,-6.72,5.68,3.16,3.45,2.89,14.0,3.16,3.13,2.77,2.77,2.0,0.0,3.0,0.0,3774720000.0,3807000000.0,3725000000.0,14.0,17959.2,16685.6,1045.33,527.27,6.59,300.87,6.46,3.64,22.75,8.61,17.12,0.27,0.74,165.0,165.0,165.0,2024-05-17,5.9,5.5,11.4,6.909090909090909,4.7,4.1,8.8,177.7,12.699999999999989,0.33682,0.33682,0.33682,0.26853,20.27492429190666,-0.0438999999999999,274.0,8.0,0.3373493975903614,24.0,0.0,1,6.909090909090909,2024-04-23,509.0,493.6364135742187,0.1417,0.136825,0.141705,-0.0048749999999999,5.000000000032756e-06,0,0.15146,0.13195,0.01951,5.000000000032756e-06,0.615311834739415,0.4487913152266031,0.7689243027888446,0.145492163439729,0.1227377104023003,0.0189622895976996,1.1853908873063213,1.37,0.8929210004614385,1.1263777908079848,-0.5505160979005127,0.004210294977669,-0.0298535964888395,-0.0334881240263091,1,15.6899995803833,16.68000030517578,1.5199995803833009,11.4,8.8,real_post_mid,1.1400000000000001,2.6,143.39999999999995,0.008690909090909088,fold_3,logreg,0.7394366197183099
SYF,2024-03-31,2024-04-24,0.0,41.32,38.46,8.95,17.06,1.35,1.69,1.03,17.0,1.35,1.52,1.6,1.64,0.0,0.0,5.0,1.0,4451990000.0,4553270000.0,4381000000.0,12.0,17303.2,16689.92,62.93,349.95,31.4,288.14,16.78,-6.35,-20.27,-14.8,-18.15,-18.71,-12.78,43.0,45.0,43.0,2024-05-17,1.625,1.825,3.45,8.02325581395349,2.175,0.6499999999999999,2.8249999999999997,43.94,0.9399999999999976,0.36609,0.41487,0.39048,0.2880399999999999,26.234378201188303,-0.06829,810.0,379.0,1.5694335682589402,24.0,4.651162790697683,1,3.3720930232558075,2024-04-23,509.0,493.6364135742187,0.1417,0.136825,0.141705,-0.0048749999999999,5.000000000032756e-06,0,0.15146,0.13195,0.01951,5.000000000032756e-06,0.615311834739415,0.4487913152266031,0.7689243027888446,0.145492163439729,0.1227377104023003,0.0189622895976996,1.1853908873063213,1.37,0.8929210004614385,1.1263777908079848,-0.5505160979005127,0.004210294977669,-0.0298535964888395,-0.0334881240263091,1,15.6899995803833,16.68000030517578,1.5199995803833009,3.45,2.8249999999999997,real_post_mid,0.34500000000000003,2.6,25.40000000000004,0.005906976744186056,fold_3,logreg,0.7394366197183099
TDY,2024-03-31,2024-04-24,0.0,422.01,424.91,-14.1,-14.69,4.63,4.75,4.55,6.0,4.63,4.64,4.64,4.81,0.0,0.0,0.0,0.0,1395960000.0,1405200000.0,1384500000.0,5.0,42703.2,40495.2,780.8,741.13,3.24,301.82,3.65,10.12,7.72,1.73,6.42,0.6,0.55,410.0,380.0,410.0,2024-05-17,10.05,10.95,21.0,5.121951219512195,2.875,33.55,36.425,406.43,3.569999999999993,0.25877,0.23926,0.249015,0.22463,9.79258277613798,-0.0243849999999999,0.0,6.0,0.9,24.0,7.317073170731703,0,-2.195121951219508,2024-04-23,509.0,493.6364135742187,0.1417,0.136825,0.141705,-0.0048749999999999,5.000000000032756e-06,0,0.15146,0.13195,0.01951,5.000000000032756e-06,0.615311834739415,0.4487913152266031,0.7689243027888446,0.145492163439729,0.1227377104023003,0.0189622895976996,1.1853908873063213,1.37,0.8929210004614385,1.1263777908079848,-0.5505160979005127,0.004210294977669,-0.0298535964888395,-0.0334881240263091,1,15.6899995803833,16.68000030517578,1.5199995803833009,21.0,36.425,real_post_mid,2.1,2.6,-1755.0999999999997,-0.042807317073170724,fold_3,logreg,0.7394366197183099
TEL,2024-03-31,2024-04-24,1.0,141.61,144.26,-1.14,-2.95,1.83,1.87,1.8,16.0,1.83,1.82,1.83,1.81,1.0,0.0,4.0,0.0,3956450000.0,3995000000.0,3917270000.0,16.0,9420.0,9744.0,-110.93,450.21,-0.26,0.0,0.22,-30.33,-20.11,31.46,23.27,4.51,3.64,145.0,140.0,145.0,2024-05-17,3.5,4.95,8.45,5.827586206896552,1.225,5.35,6.574999999999999,151.01,6.009999999999991,0.27829,0.28804,0.283165,0.20512,27.56166899157735,-0.053655,834.0,168.0,1.958057395143488,24.0,3.4482758620689613,1,2.3793103448275903,2024-04-23,509.0,493.6364135742187,0.1417,0.136825,0.141705,-0.0048749999999999,5.000000000032756e-06,0,0.15146,0.13195,0.01951,5.000000000032756e-06,0.615311834739415,0.4487913152266031,0.7689243027888446,0.145492163439729,0.1227377104023003,0.0189622895976996,1.1853908873063213,1.37,0.8929210004614385,1.1263777908079848,-0.5505160979005127,0.004210294977669,-0.0298535964888395,-0.0334881240263091,1,15.6899995803833,16.68000030517578,1.5199995803833009,8.45,6.574999999999999,real_post_mid,0.845,2.6,100.4,0.006924137931034483,fold_3,logreg,0.7394366197183099
RJF,2024-03-31,2024-04-24,0.0,126.46,113.85,0.85,12.02,2.31,2.44,2.18,11.0,2.31,2.31,2.3,2.31,0.0,0.0,6.0,0.0,3142630000.0,3182000000.0,3095000000.0,9.0,-26973.6,-26119.84,-106.67,639.78,27.91,0.0,19.91,5.76,-15.83,-2.9,43.71,-16.68,3.0,130.0,120.0,130.0,2024-05-17,2.175,3.85,6.0249999999999995,4.634615384615384,0.35,7.6,7.949999999999999,126.42,3.5799999999999983,0.24902,0.19048,0.21975,0.21975,0.0,0.0097599999999999,701.0,2.0,1.1,24.0,7.692307692307687,0,-3.057692307692303,2024-04-23,509.0,493.6364135742187,0.1417,0.136825,0.141705,-0.0048749999999999,5.000000000032756e-06,0,0.15146,0.13195,0.01951,5.000000000032756e-06,0.615311834739415,0.4487913152266031,0.7689243027888446,0.145492163439729,0.1227377104023003,0.0189622895976996,1.1853908873063213,1.37,0.8929210004614385,1.1263777908079848,-0.5505160979005127,0.004210294977669,-0.0298535964888395,-0.0334881240263091,1,15.6899995803833,16.68000030517578,1.5199995803833009,6.025,7.949999999999999,real_post_mid,0.6025,2.6,-255.34999999999988,-0.019642307692307685,fold_3,logreg,0.7394366197183099
AVB,2024-03-31,2024-04-25,1.0,180.67,177.5,5.89,7.79,1.17,1.26,1.1,10.0,1.17,1.17,1.19,1.26,0.0,0.0,0.0,0.0,704970000.0,713360000.0,692000000.0,11.0,37160.8,36312.8,384.0,544.24,6.73,296.76,6.95,-1.16,40.5,-10.68,12.86,-0.26,1.74,190.0,190.0,190.0,2024-05-17,5.4,3.3,8.7,4.578947368421052,4.8,2.675,7.475,198.89,8.889999999999986,0.22951,0.21975,0.22463,0.20024,10.857855139562837,-0.01951,153.0,4.0,0.59375,23.0,0.0,1,4.578947368421052,2024-04-24,507.0,493.4020690917969,0.136825,0.136825,0.141705,0.0,0.00488,0,0.17097,0.12219,0.04878,0.0097549999999999,0.5384372782464718,0.3937043464223738,0.7330677290836654,0.1341956863401745,0.1226830850850508,0.0141419149149491,1.0938401675108065,1.17,-0.2813869012510898,0.5635539110146777,-1.327794456995396,0.0097092671891432,-0.0276275567569628,-0.033946957125127,1,15.970000267028809,16.84000015258789,2.2875002670288076,8.7,7.475,real_post_mid,0.87,2.6,32.89999999999996,0.001731578947368419,fold_3,logreg,0.7394366197183099
KDP,2024-03-31,2024-04-25,1.0,30.73,31.98,10.12,5.82,0.35,0.35,0.34,17.0,0.35,0.35,0.35,0.36,0.0,0.0,1.0,0.0,3406890000.0,3439000000.0,3324000000.0,14.0,8239.2,8173.92,45.33,22.55,5.39,289.33,5.96,10.0,14.58,27.3,22.53,2.44,3.02,32.0,34.0,32.0,2024-05-17,1.0750000000000002,0.575,1.65,5.15625,1.225,0.075,1.3,33.75,1.75,0.25877,0.23926,0.249015,0.16122,35.25691223420275,-0.0438949999999999,2052.0,1187.0,0.2388291517323775,23.0,6.25,0,-1.09375,2024-04-24,507.0,493.4020690917969,0.136825,0.136825,0.141705,0.0,0.00488,0,0.17097,0.12219,0.04878,0.0097549999999999,0.5384372782464718,0.3937043464223738,0.7330677290836654,0.1341956863401745,0.1226830850850508,0.0141419149149491,1.0938401675108065,1.17,-0.2813869012510898,0.5635539110146777,-1.327794456995396,0.0097092671891432,-0.0276275567569628,-0.033946957125127,1,15.970000267028809,16.84000015258789,2.2875002670288076,1.6500000000000001,1.3,real_post_mid,0.16500000000000004,2.6,15.900000000000007,0.004968750000000003,fold_3,logreg,0.7394366197183099
CINF,2024-03-31,2024-04-25,1.0,120.28,112.21,-1.53,5.55,1.69,1.99,1.53,10.0,1.69,1.63,1.64,1.6,2.0,0.0,4.0,0.0,2477720000.0,2909000000.0,2343600000.0,5.0,18280.8,15047.52,1107.2,731.04,52.57,452.9,66.52,79.53,37.35,542.8,455.07,-0.25,32.5,120.0,110.0,120.0,2024-05-17,3.85,3.5,7.35,6.125,0.55,9.15,9.7,120.06,0.0600000000000022,0.30755,0.30755,0.30755,0.21975,28.548203544139163,-0.058535,870.0,12.0,1.162790697674419,23.0,8.333333333333337,0,-2.2083333333333375,2024-04-24,507.0,493.4020690917969,0.136825,0.136825,0.141705,0.0,0.00488,0,0.17097,0.12219,0.04878,0.0097549999999999,0.5384372782464718,0.3937043464223738,0.7330677290836654,0.1341956863401745,0.1226830850850508,0.0141419149149491,1.0938401675108065,1.17,-0.2813869012510898,0.5635539110146777,-1.327794456995396,0.0097092671891432,-0.0276275567569628,-0.033946957125127,1,15.970000267028809,16.84000015258789,2.2875002670288076,7.35,9.7,real_post_mid,0.735,2.6,-311.09999999999997,-0.025924999999999997,fold_3,logreg,0.7394366197183099
CMS,2024-03-31,2024-04-25,1.0,58.25,56.39,3.83,7.25,0.94,1.15,0.9,11.0,1.07,1.12,1.05,1.05,1.0,0.0,2.0,3.0,2344490000.0,2528000000.0,2033160000.0,6.0,4277.6,4348.0,-32.0,132.91,-13.19,346.03,-13.01,75.0,72.13,9.03,0.9,6.22,2.31,60.0,60.0,60.0,2024-05-17,1.2,2.675,3.875,6.458333333333334,0.7250000000000001,2.85,3.575,63.24,3.240000000000002,0.15146,0.48316,0.31731,0.31243,1.5379282090069637,-0.0731699999999999,38.0,2.0,0.0,23.0,0.0,1,6.458333333333334,2024-04-24,507.0,493.4020690917969,0.136825,0.136825,0.141705,0.0,0.00488,0,0.17097,0.12219,0.04878,0.0097549999999999,0.5384372782464718,0.3937043464223738,0.7330677290836654,0.1341956863401745,0.1226830850850508,0.0141419149149491,1.0938401675108065,1.17,-0.2813869012510898,0.5635539110146777,-1.327794456995396,0.0097092671891432,-0.0276275567569628,-0.033946957125127,1,15.970000267028809,16.84000015258789,2.2875002670288076,3.875,3.575,real_post_mid,0.3875,2.6,-11.35000000000002,-0.00189166666666667,fold_3,logreg,0.7394366197183099
DOV,2024-03-31,2024-04-25,1.0,174.78,149.94,2.48,19.45,1.87,1.98,1.8,14.0,1.91,1.94,1.94,2.1,1.0,0.0,1.0,0.0,2034800000.0,2107000000.0,1977700000.0,14.0,8458.4,8534.56,121.6,243.65,7.57,330.86,2.55,13.43,4.26,-14.73,6.78,-0.47,-0.12,170.0,180.0,170.0,2024-05-17,5.1,3.2,8.3,4.882352941176471,11.6,0.375,11.975,184.09,14.090000000000003,0.23926,0.23926,0.23926,0.185605,22.42539496781743,-0.029265,536.0,13.0,0.2987654320987654,23.0,5.882352941176472,0,-1.0000000000000009,2024-04-24,507.0,493.4020690917969,0.136825,0.136825,0.141705,0.0,0.00488,0,0.17097,0.12219,0.04878,0.0097549999999999,0.5384372782464718,0.3937043464223738,0.7330677290836654,0.1341956863401745,0.1226830850850508,0.0141419149149491,1.0938401675108065,1.17,-0.2813869012510898,0.5635539110146777,-1.327794456995396,0.0097092671891432,-0.0276275567569628,-0.033946957125127,1,15.970000267028809,16.84000015258789,2.2875002670288076,8.3,11.975,real_post_mid,0.8300000000000001,2.6,-453.0999999999999,-0.026652941176470584,fold_3,logreg,0.7394366197183099
DOC,2024-03-31,2024-04-25,0.0,17.56,19.42,4.44,-5.56,0.07,0.11,0.02,5.0,0.07,0.07,0.07,0.08,0.0,0.0,0.0,0.0,588280000.0,627100000.0,545400000.0,8.0,1877.6,2050.4,-115.2,95.52,5.81,292.1,5.85,0.0,0.0,-9.02,21.68,0.51,2.59,17.5,17.5,17.5,2024-05-17,0.7999999999999999,0.2,1.0,5.714285714285714,1.375,0.125,1.5,19.89,2.390000000000001,0.01488,0.34658,0.18073,0.263655,-45.88336192109775,0.26828,108.0,5.0,0.2708333333333333,23.0,0.0,1,5.714285714285714,2024-04-24,507.0,493.4020690917969,0.136825,0.136825,0.141705,0.0,0.00488,0,0.17097,0.12219,0.04878,0.0097549999999999,0.5384372782464718,0.3937043464223738,0.7330677290836654,0.1341956863401745,0.1226830850850508,0.0141419149149491,1.0938401675108065,1.17,-0.2813869012510898,0.5635539110146777,-1.327794456995396,0.0097092671891432,-0.0276275567569628,-0.033946957125127,1,15.970000267028809,16.84000015258789,2.2875002670288076,1.0,1.5,real_post_mid,0.1,2.6,-62.6,-0.03577142857142857,fold_3,logreg,0.7394366197183099
DTE,2024-03-31,2024-04-25,0.0,107.13,103.59,3.74,7.29,1.73,2.07,1.55,13.0,1.87,2.01,2.07,2.02,0.0,0.0,1.0,2.0,3370900000.0,4623000000.0,2408300000.0,6.0,8605.6,9445.12,-502.93,601.52,-33.72,341.31,-34.97,50.38,36.81,21.75,28.32,14.87,8.51,110.0,110.0,110.0,2024-05-17,3.35,1.325,4.675,4.25,1.825,1.95,3.775,116.6,6.599999999999994,0.20024,0.19048,0.19536,0.18073,7.48873873873874,0.0048799999999999,93.0,4.0,0.0517241379310344,23.0,0.0,1,4.25,2024-04-24,507.0,493.4020690917969,0.136825,0.136825,0.141705,0.0,0.00488,0,0.17097,0.12219,0.04878,0.0097549999999999,0.5384372782464718,0.3937043464223738,0.7330677290836654,0.1341956863401745,0.1226830850850508,0.0141419149149491,1.0938401675108065,1.17,-0.2813869012510898,0.5635539110146777,-1.327794456995396,0.0097092671891432,-0.0276275567569628,-0.033946957125127,1,15.970000267028809,16.84000015258789,2.2875002670288076,4.675,3.775,real_post_mid,0.4675,2.6,40.649999999999984,0.003695454545454544,fold_3,logreg,0.7394366197183099
GWW,2024-03-31,2024-04-25,0.0,1005.37,883.24,-5.72,7.31,9.62,10.14,9.42,12.0,9.6,9.57,9.53,9.82,1.0,0.0,3.0,0.0,4258690000.0,4310000000.0,4201000000.0,12.0,22165.6,20270.4,760.0,587.9,8.21,291.59,8.65,16.67,-11.66,15.85,15.8,1.01,1.02,960.0,930.0,960.0,2024-05-17,27.35,28.25,55.6,5.791666666666666,5.9,36.35,42.25,945.66,14.340000000000032,0.27829,0.2978,0.288045,0.195365,32.175528129285354,-0.0536599999999999,264.0,8.0,1.063013698630137,23.0,3.125,1,2.666666666666666,2024-04-24,507.0,493.4020690917969,0.136825,0.136825,0.141705,0.0,0.00488,0,0.17097,0.12219,0.04878,0.0097549999999999,0.5384372782464718,0.3937043464223738,0.7330677290836654,0.1341956863401745,0.1226830850850508,0.0141419149149491,1.0938401675108065,1.17,-0.2813869012510898,0.5635539110146777,-1.327794456995396,0.0097092671891432,-0.0276275567569628,-0.033946957125127,1,15.970000267028809,16.84000015258789,2.2875002670288076,55.6,42.25,real_post_mid,5.5600000000000005,2.6,776.4000000000001,0.008087500000000001,fold_3,logreg,0.7394366197183099
FE,2024-03-31,2024-04-25,0.0,37.79,36.38,2.06,6.02,0.56,0.81,0.52,11.0,0.6,0.65,0.63,0.68,0.0,0.0,0.0,3.0,3222100000.0,3420200000.0,3019930000.0,6.0,3151.2,2998.4,42.13,46.41,3.3,269.09,3.92,24.0,-29.55,4.86,18.64,0.76,2.28,38.0,38.0,38.0,2024-05-17,0.8500000000000001,0.75,1.6,4.2105263157894735,0.625,0.7749999999999999,1.4,40.04,2.039999999999999,0.16122,0.24902,0.20512,0.185605,9.513943057722296,-0.0292699999999999,921.0,202.0,2.2386706948640485,23.0,0.0,1,4.2105263157894735,2024-04-24,507.0,493.4020690917969,0.136825,0.136825,0.141705,0.0,0.00488,0,0.17097,0.12219,0.04878,0.0097549999999999,0.5384372782464718,0.3937043464223738,0.7330677290836654,0.1341956863401745,0.1226830850850508,0.0141419149149491,1.0938401675108065,1.17,-0.2813869012510898,0.5635539110146777,-1.327794456995396,0.0097092671891432,-0.0276275567569628,-0.033946957125127,1,15.970000267028809,16.84000015258789,2.2875002670288076,1.6,1.4,real_post_mid,0.16000000000000003,2.6,1.4000000000000141,0.00036842105263158265,fold_3,logreg,0.7394366197183099
AOS,2024-03-31,2024-04-25,1.0,87.88,80.92,-5.76,2.35,0.98,1.02,0.94,12.0,0.98,0.98,0.98,0.99,2.0,0.0,2.0,1.0,995970000.0,1015060000.0,970300000.0,13.0,5084.0,4703.2,138.67,136.47,2.63,310.97,2.22,12.79,7.78,165.74,14.98,3.12,2.11,85.0,85.0,85.0,2024-05-17,3.7,1.95,5.65,6.647058823529413,0.775,2.85,3.625,85.68,0.6800000000000068,0.27829,0.34658,0.312435,0.2148749999999999,31.225694944548476,-0.03903,1052.0,7.0,0.5681818181818182,23.0,0.0,1,6.647058823529413,2024-04-24,507.0,493.4020690917969,0.136825,0.136825,0.141705,0.0,0.00488,0,0.17097,0.12219,0.04878,0.0097549999999999,0.5384372782464718,0.3937043464223738,0.7330677290836654,0.1341956863401745,0.1226830850850508,0.0141419149149491,1.0938401675108065,1.17,-0.2813869012510898,0.5635539110146777,-1.327794456995396,0.0097092671891432,-0.0276275567569628,-0.033946957125127,1,15.970000267028809,16.84000015258789,2.2875002670288076,5.65,3.625,real_post_mid,0.5650000000000001,2.6,143.40000000000003,0.016870588235294123,fold_3,logreg,0.7394366197183099
ERIE,2024-03-31,2024-04-25,1.0,405.96,345.23,-6.33,10.15,2.29,2.33,2.25,2.0,2.29,2.29,2.29,2.29,0.0,0.0,0.0,0.0,835610000.0,835610000.0,835610000.0,1.0,7884.0,5277.6,1024.0,778.71,14.65,280.58,14.76,69.6,-15.54,32.04,38.2,3.57,2.72,380.0,380.0,380.0,2024-05-17,12.95,10.15,23.1,6.078947368421053,9.25,6.85,16.1,396.81,16.810000000000002,0.28804,0.31731,0.302675,0.2197549999999999,27.395721483439345,-0.034145,2.0,0.0,,23.0,0.0,1,6.078947368421053,2024-04-24,507.0,493.4020690917969,0.136825,0.136825,0.141705,0.0,0.00488,0,0.17097,0.12219,0.04878,0.0097549999999999,0.5384372782464718,0.3937043464223738,0.7330677290836654,0.1341956863401745,0.1226830850850508,0.0141419149149491,1.0938401675108065,1.17,-0.2813869012510898,0.5635539110146777,-1.327794456995396,0.0097092671891432,-0.0276275567569628,-0.033946957125127,1,15.970000267028809,16.84000015258789,2.2875002670288076,23.1,16.1,real_post_mid,2.31,2.6,466.3999999999999,0.012273684210526313,fold_3,logreg,0.7394366197183099
EME,2024-03-31,2024-04-25,1.0,351.18,224.21,-0.52,55.81,2.83,3.01,2.58,3.0,2.83,2.83,2.78,2.78,0.0,0.0,0.0,0.0,3223580000.0,3285740000.0,3160000000.0,3.0,30213.6,22250.4,4976.0,1292.66,13.6,292.28,13.14,69.96,25.21,48.26,55.03,2.12,1.86,340.0,360.0,340.0,2024-05-17,13.3,13.95,27.25,8.014705882352942,18.4,4.55,22.95,378.37,38.370000000000005,0.39536,0.41487,0.405115,0.23926,40.94022684916629,-0.0780449999999999,22.0,11.0,0.3855421686746988,23.0,5.882352941176472,1,2.13235294117647,2024-04-24,507.0,493.4020690917969,0.136825,0.136825,0.141705,0.0,0.00488,0,0.17097,0.12219,0.04878,0.0097549999999999,0.5384372782464718,0.3937043464223738,0.7330677290836654,0.1341956863401745,0.1226830850850508,0.0141419149149491,1.0938401675108065,1.17,-0.2813869012510898,0.5635539110146777,-1.327794456995396,0.0097092671891432,-0.0276275567569628,-0.033946957125127,1,15.970000267028809,16.84000015258789,2.2875002670288076,27.25,22.95,real_post_mid,2.725,2.6,154.90000000000006,0.004555882352941179,fold_3,logreg,0.7394366197183099
HIG,2024-03-31,2024-04-25,0.0,100.9,86.81,-1.79,14.15,2.45,2.57,2.3,19.0,2.44,2.42,2.41,2.34,1.0,0.0,11.0,0.0,6514040000.0,6576000000.0,6483160000.0,4.0,17583.2,15442.56,743.47,760.72,11.33,298.79,10.83,32.47,33.62,24.63,36.52,3.63,2.34,100.0,95.0,100.0,2024-05-17,2.6,2.35,4.95,4.95,0.25,4.9,5.15,103.17,3.1700000000000017,0.24902,0.24902,0.24902,0.19048,23.508151955666204,-0.039025,4603.0,59.0,0.2679324894514768,23.0,5.000000000000004,0,-0.0500000000000042,2024-04-24,507.0,493.4020690917969,0.136825,0.136825,0.141705,0.0,0.00488,0,0.17097,0.12219,0.04878,0.0097549999999999,0.5384372782464718,0.3937043464223738,0.7330677290836654,0.1341956863401745,0.1226830850850508,0.0141419149149491,1.0938401675108065,1.17,-0.2813869012510898,0.5635539110146777,-1.327794456995396,0.0097092671891432,-0.0276275567569628,-0.033946957125127,1,15.970000267028809,16.84000015258789,2.2875002670288076,4.95,5.15,real_post_mid,0.49500000000000005,2.6,-72.10000000000002,-0.007210000000000002,fold_3,logreg,0.7394366197183099
ALLE,2024-03-31,2024-04-25,1.0,133.34,124.87,-6.35,,1.45,1.51,1.41,8.0,1.46,1.46,1.44,1.51,0.0,0.0,1.0,1.0,884250000.0,913000000.0,862000000.0,8.0,10512.8,9625.12,492.8,242.48,11.58,297.73,12.7,5.0,-13.4,19.41,20.8,2.9,1.48,125.0,125.0,125.0,2024-05-17,4.1,3.375,7.475,5.9799999999999995,3.0,3.225,6.225,124.43,0.5699999999999932,0.23926,0.33682,0.28804,0.26365,8.467573948062777,-0.02439,2.0,0.0,1.0,23.0,0.0,1,5.9799999999999995,2024-04-24,507.0,493.4020690917969,0.136825,0.136825,0.141705,0.0,0.00488,0,0.17097,0.12219,0.04878,0.0097549999999999,0.5384372782464718,0.3937043464223738,0.7330677290836654,0.1341956863401745,0.1226830850850508,0.0141419149149491,1.0938401675108065,1.17,-0.2813869012510898,0.5635539110146777,-1.327794456995396,0.0097092671891432,-0.0276275567569628,-0.033946957125127,1,15.970000267028809,16.84000015258789,2.2875002670288076,7.475,6.225,real_post_mid,0.7475,2.6,47.64999999999999,0.0038119999999999994,fold_3,logreg,0.7394366197183099
EW,2024-03-31,2024-04-25,1.0,93.42,73.24,-5.79,20.17,0.64,0.66,0.63,25.0,0.64,0.64,0.64,0.66,0.0,0.0,0.0,1.0,1568990000.0,1610000000.0,1487300000.0,24.0,-12141.6,-12150.56,14.93,18.57,11.56,382.93,6.23,0.0,8.47,-21.75,-9.89,-1.29,-6.08,90.0,87.5,90.0,2024-05-17,2.875,3.85,6.725,7.472222222222221,0.825,4.5,5.325,89.14,0.8599999999999994,0.37584,0.36609,0.370965,0.23926,35.50334937258231,-0.063415,2011.0,161.0,0.4099616858237548,23.0,2.777777777777779,1,4.694444444444443,2024-04-24,507.0,493.4020690917969,0.136825,0.136825,0.141705,0.0,0.00488,0,0.17097,0.12219,0.04878,0.0097549999999999,0.5384372782464718,0.3937043464223738,0.7330677290836654,0.1341956863401745,0.1226830850850508,0.0141419149149491,1.0938401675108065,1.17,-0.2813869012510898,0.5635539110146777,-1.327794456995396,0.0097092671891432,-0.0276275567569628,-0.033946957125127,1,15.970000267028809,16.84000015258789,2.2875002670288076,6.725,5.325,real_post_mid,0.6725,2.6,70.14999999999995,0.007794444444444439,fold_3,logreg,0.7394366197183099
CARR,2024-03-31,2024-04-25,1.0,57.54,55.51,3.95,7.75,0.51,0.6,0.49,17.0,0.51,0.51,0.5,0.55,0.0,0.0,1.0,1.0,6275060000.0,6533670000.0,5479000000.0,17.0,3938.4,3685.92,205.33,118.44,27.82,347.78,17.46,32.5,-40.45,0.48,-42.37,3.99,-12.65,55.0,60.0,55.0,2024-05-17,1.875,2.0999999999999996,3.975,7.227272727272727,5.65,0.175,5.825,65.23,10.230000000000004,0.34658,0.37584,0.36121,0.258775,28.358849422773467,-0.058535,1773.0,80.0,0.1580920641533014,23.0,9.090909090909085,0,-1.863636363636356,2024-04-24,507.0,493.4020690917969,0.136825,0.136825,0.141705,0.0,0.00488,0,0.17097,0.12219,0.04878,0.0097549999999999,0.5384372782464718,0.3937043464223738,0.7330677290836654,0.1341956863401745,0.1226830850850508,0.0141419149149491,1.0938401675108065,1.17,-0.2813869012510898,0.5635539110146777,-1.327794456995396,0.0097092671891432,-0.0276275567569628,-0.033946957125127,1,15.970000267028809,16.84000015258789,2.2875002670288076,3.9749999999999996,5.825,real_post_mid,0.39749999999999996,2.6,-227.35000000000005,-0.04133636363636364,fold_3,logreg,0.7394366197183099
AJG,2024-03-31,2024-04-25,1.0,246.23,233.03,-3.77,1.68,3.41,3.46,3.37,16.0,3.41,3.44,3.46,3.47,0.0,0.0,1.0,3.0,3181210000.0,3232810000.0,3140100000.0,8.0,5412.0,5273.28,117.87,77.83,17.79,304.17,17.53,42.31,-7.5,-7.29,6.24,0.08,-2.01,240.0,240.0,240.0,2024-05-17,4.1,6.5,10.6,4.416666666666667,1.95,6.25,8.2,257.67,17.670000000000016,0.21975,0.21975,0.21975,0.15634,28.855517633674623,-0.0243899999999999,224.0,8.0,1.0,23.0,0.0,1,4.416666666666667,2024-04-24,507.0,493.4020690917969,0.136825,0.136825,0.141705,0.0,0.00488,0,0.17097,0.12219,0.04878,0.0097549999999999,0.5384372782464718,0.3937043464223738,0.7330677290836654,0.1341956863401745,0.1226830850850508,0.0141419149149491,1.0938401675108065,1.17,-0.2813869012510898,0.5635539110146777,-1.327794456995396,0.0097092671891432,-0.0276275567569628,-0.033946957125127,1,15.970000267028809,16.84000015258789,2.2875002670288076,10.6,8.2,real_post_mid,1.06,2.6,131.40000000000003,0.005475000000000002,fold_3,logreg,0.7394366197183099
PFG,2024-03-31,2024-04-25,0.0,84.49,80.51,-4.06,0.68,1.73,1.89,1.62,12.0,1.72,1.76,1.77,1.74,1.0,0.0,5.0,0.0,3675300000.0,3741000000.0,3610000000.0,4.0,12053.6,11596.0,160.0,355.89,-22.07,197.17,-22.81,7.65,6.4,-83.9,-87.66,-19.81,-28.73,80.0,80.0,80.0,2024-05-17,3.65,1.2,4.85,6.0625,1.325,1.925,3.25,85.13,5.1299999999999955,0.27829,0.26853,0.27341,0.21,23.19227533740536,-0.0390249999999999,48.0,0.0,0.131578947368421,23.0,0.0,1,6.0625,2024-04-24,507.0,493.4020690917969,0.136825,0.136825,0.141705,0.0,0.00488,0,0.17097,0.12219,0.04878,0.0097549999999999,0.5384372782464718,0.3937043464223738,0.7330677290836654,0.1341956863401745,0.1226830850850508,0.0141419149149491,1.0938401675108065,1.17,-0.2813869012510898,0.5635539110146777,-1.327794456995396,0.0097092671891432,-0.0276275567569628,-0.033946957125127,1,15.970000267028809,16.84000015258789,2.2875002670288076,4.85,3.25,real_post_mid,0.485,2.6,108.89999999999998,0.013612499999999998,fold_3,logreg,0.7394366197183099
NDAQ,2024-03-31,2024-04-25,0.0,62.23,58.62,-3.12,2.85,0.65,0.72,0.61,14.0,0.65,0.64,0.64,0.65,0.0,0.0,7.0,1.0,1113610000.0,1141000000.0,1092550000.0,11.0,-40272.8,-40428.48,19.73,83.13,-2.6,317.92,-3.58,12.5,1.41,7.72,0.9,4.42,0.9,62.5,60.0,62.5,2024-05-17,1.125,1.9,3.025,4.84,0.4,3.6,4.0,62.76,0.259999999999998,0.23926,0.23926,0.23926,0.209995,12.231463679679017,-0.01463,890.0,77.0,1.1351931330472105,23.0,4.0000000000000036,1,0.8399999999999963,2024-04-24,507.0,493.4020690917969,0.136825,0.136825,0.141705,0.0,0.00488,0,0.17097,0.12219,0.04878,0.0097549999999999,0.5384372782464718,0.3937043464223738,0.7330677290836654,0.1341956863401745,0.1226830850850508,0.0141419149149491,1.0938401675108065,1.17,-0.2813869012510898,0.5635539110146777,-1.327794456995396,0.0097092671891432,-0.0276275567569628,-0.033946957125127,1,15.970000267028809,16.84000015258789,2.2875002670288076,3.025,4.0,real_post_mid,0.3025,2.6,-130.35000000000002,-0.020856000000000003,fold_3,logreg,0.7394366197183099
MHK,2024-03-31,2024-04-25,1.0,125.1,100.97,-11.85,9.21,1.68,1.72,1.6,16.0,1.68,1.68,1.68,1.92,0.0,0.0,1.0,0.0,2653270000.0,2788000000.0,2367320000.0,15.0,16258.4,15779.68,308.27,117.58,-5.13,302.56,-5.6,48.48,-27.94,-134.62,-217.86,-0.75,-4.66,110.0,115.0,110.0,2024-05-17,5.85,4.05,9.9,8.999999999999998,7.25,1.35,8.6,120.36,10.36,0.44414,0.44414,0.44414,0.31731,28.556311073085062,-0.0780499999999999,1058.0,196.0,0.2788104089219331,23.0,4.545454545454541,1,4.454545454545457,2024-04-24,507.0,493.4020690917969,0.136825,0.136825,0.141705,0.0,0.00488,0,0.17097,0.12219,0.04878,0.0097549999999999,0.5384372782464718,0.3937043464223738,0.7330677290836654,0.1341956863401745,0.1226830850850508,0.0141419149149491,1.0938401675108065,1.17,-0.2813869012510898,0.5635539110146777,-1.327794456995396,0.0097092671891432,-0.0276275567569628,-0.033946957125127,1,15.970000267028809,16.84000015258789,2.2875002670288076,9.899999999999999,8.6,real_post_mid,0.9899999999999999,2.6,28.399999999999903,0.002581818181818173,fold_3,logreg,0.7394366197183099
POOL,2024-03-31,2024-04-25,1.0,402.56,377.39,-8.09,-1.96,1.91,2.17,1.69,10.0,1.9,1.9,2.34,2.58,1.0,0.0,1.0,0.0,1126800000.0,1146430000.0,1080060000.0,11.0,29189.6,29146.08,249.6,391.83,-10.33,275.85,-10.51,-27.47,-62.39,-26.12,-27.17,-1.33,-3.12,380.0,370.0,380.0,2024-05-17,12.2,14.65,26.85,7.0657894736842115,5.75,14.0,19.75,366.9,13.100000000000025,0.33682,0.36609,0.351455,0.26365,24.983283777439507,-0.0487799999999999,33.0,3.0,20.4375,23.0,2.631578947368418,1,4.434210526315793,2024-04-24,507.0,493.4020690917969,0.136825,0.136825,0.141705,0.0,0.00488,0,0.17097,0.12219,0.04878,0.0097549999999999,0.5384372782464718,0.3937043464223738,0.7330677290836654,0.1341956863401745,0.1226830850850508,0.0141419149149491,1.0938401675108065,1.17,-0.2813869012510898,0.5635539110146777,-1.327794456995396,0.0097092671891432,-0.0276275567569628,-0.033946957125127,1,15.970000267028809,16.84000015258789,2.2875002670288076,26.85,19.75,real_post_mid,2.6850000000000005,2.6,438.9000000000001,0.011550000000000003,fold_3,logreg,0.7394366197183099
WST,2024-03-31,2024-04-25,1.0,388.22,361.36,-5.16,1.89,1.26,1.34,1.2,8.0,1.26,1.3,1.3,2.09,0.0,0.0,0.0,0.0,670300000.0,676600000.0,657090000.0,8.0,20632.8,19377.12,832.0,396.63,2.27,294.8,2.08,3.39,-15.28,4.45,-6.89,-1.09,-2.37,390.0,360.0,390.0,2024-05-17,15.55,17.950000000000003,33.5,8.58974358974359,2.825,30.3,33.125,355.64,34.360000000000014,0.43438,0.42462,0.4295,0.27829,35.206053550640284,-0.0926799999999999,148.0,0.0,1.8819444444444444,23.0,7.692307692307687,1,0.8974358974359022,2024-04-24,507.0,493.4020690917969,0.136825,0.136825,0.141705,0.0,0.00488,0,0.17097,0.12219,0.04878,0.0097549999999999,0.5384372782464718,0.3937043464223738,0.7330677290836654,0.1341956863401745,0.1226830850850508,0.0141419149149491,1.0938401675108065,1.17,-0.2813869012510898,0.5635539110146777,-1.327794456995396,0.0097092671891432,-0.0276275567569628,-0.033946957125127,1,15.970000267028809,16.84000015258789,2.2875002670288076,33.5,33.125,real_post_mid,3.35,2.6,-300.1,-0.007694871794871796,fold_3,logreg,0.7394366197183099
LHX,2024-03-31,2024-04-25,1.0,211.13,209.21,-1.79,-0.88,2.9,2.99,2.81,21.0,2.91,2.91,2.91,3.0,2.0,0.0,4.0,2.0,5105860000.0,5222000000.0,4966000000.0,19.0,9077.6,8696.16,275.2,131.95,,295.1,10.22,,5.02,,,,,210.0,210.0,210.0,2024-05-17,4.550000000000001,6.15,10.7,5.095238095238096,6.35,2.05,8.399999999999999,223.57,13.569999999999991,0.25877,0.25877,0.25877,0.17585,32.04389998840669,-0.03902,717.0,1033.0,0.2424,23.0,0.0,1,5.095238095238096,2024-04-24,507.0,493.4020690917969,0.136825,0.136825,0.141705,0.0,0.00488,0,0.17097,0.12219,0.04878,0.0097549999999999,0.5384372782464718,0.3937043464223738,0.7330677290836654,0.1341956863401745,0.1226830850850508,0.0141419149149491,1.0938401675108065,1.17,-0.2813869012510898,0.5635539110146777,-1.327794456995396,0.0097092671891432,-0.0276275567569628,-0.033946957125127,1,15.970000267028809,16.84000015258789,2.2875002670288076,10.700000000000001,8.399999999999999,real_post_mid,1.07,2.6,120.40000000000025,0.0057333333333333455,fold_3,logreg,0.7394366197183099
VRSN,2024-03-31,2024-04-25,1.0,187.1,203.11,-2.36,-10.06,1.86,1.87,1.85,2.0,1.86,1.86,1.86,1.88,0.0,0.0,0.0,0.0,381850000.0,382900000.0,380800000.0,2.0,9804.0,9400.8,224.0,79.6,4.79,296.78,5.05,12.94,4.92,9.33,6.1,0.88,0.82,185.0,175.0,185.0,2024-05-17,5.55,4.4,9.95,5.378378378378378,0.875,9.45,10.325,170.75,14.25,0.26853,0.26853,0.26853,0.21,21.796447324321303,-0.03902,58.0,0.0,0.8387096774193549,23.0,5.405405405405405,0,-0.0270270270270271,2024-04-24,507.0,493.4020690917969,0.136825,0.136825,0.141705,0.0,0.00488,0,0.17097,0.12219,0.04878,0.0097549999999999,0.5384372782464718,0.3937043464223738,0.7330677290836654,0.1341956863401745,0.1226830850850508,0.0141419149149491,1.0938401675108065,1.17,-0.2813869012510898,0.5635539110146777,-1.327794456995396,0.0097092671891432,-0.0276275567569628,-0.033946957125127,1,15.970000267028809,16.84000015258789,2.2875002670288076,9.95,10.325,real_post_mid,0.995,2.6,-139.6,-0.007545945945945946,fold_3,logreg,0.7394366197183099
WTW,2024-03-31,2024-04-25,1.0,274.14,249.48,-6.28,2.98,3.27,3.4,3.07,17.0,3.27,3.29,3.29,3.29,0.0,0.0,0.0,1.0,2383620000.0,2425970000.0,2353070000.0,11.0,2039.2,1027.36,544.0,668.2,6.96,337.81,6.94,17.54,232.14,-27.32,15.87,40.03,1.1,270.0,250.0,270.0,2024-05-17,5.5,10.0,15.5,5.7407407407407405,0.23,18.8,19.03,257.4,12.600000000000025,0.28804,0.27829,0.283165,0.18073,36.175021630498115,-0.063415,855.0,109.0,21.125,23.0,7.4074074074074066,0,-1.666666666666666,2024-04-24,507.0,493.4020690917969,0.136825,0.136825,0.141705,0.0,0.00488,0,0.17097,0.12219,0.04878,0.0097549999999999,0.5384372782464718,0.3937043464223738,0.7330677290836654,0.1341956863401745,0.1226830850850508,0.0141419149149491,1.0938401675108065,1.17,-0.2813869012510898,0.5635539110146777,-1.327794456995396,0.0097092671891432,-0.0276275567569628,-0.033946957125127,1,15.970000267028809,16.84000015258789,2.2875002670288076,15.5,19.03,real_post_mid,1.55,2.6,-510.60000000000014,-0.018911111111111115,fold_3,logreg,0.7394366197183099
WY,2024-03-31,2024-04-25,1.0,35.45,33.11,-11.26,-4.98,0.15,0.18,0.13,9.0,0.16,0.19,0.19,0.3,0.0,0.0,1.0,3.0,1855150000.0,1920000000.0,1801000000.0,9.0,3733.6,3495.52,38.4,168.48,-24.65,279.53,-26.81,-33.33,-51.52,-43.8,-61.49,-13.63,-14.79,32.0,31.0,32.0,2024-05-17,0.6000000000000001,0.975,1.5750000000000002,4.921875000000001,0.275,1.15,1.4249999999999998,31.17,0.8299999999999983,0.23926,0.24902,0.24414,0.2148749999999999,11.986974686655204,-0.0243899999999999,45.0,76.0,0.25,23.0,3.125,1,1.7968750000000009,2024-04-24,507.0,493.4020690917969,0.136825,0.136825,0.141705,0.0,0.00488,0,0.17097,0.12219,0.04878,0.0097549999999999,0.5384372782464718,0.3937043464223738,0.7330677290836654,0.1341956863401745,0.1226830850850508,0.0141419149149491,1.0938401675108065,1.17,-0.2813869012510898,0.5635539110146777,-1.327794456995396,0.0097092671891432,-0.0276275567569628,-0.033946957125127,1,15.970000267028809,16.84000015258789,2.2875002670288076,1.5750000000000002,1.4249999999999998,real_post_mid,0.15750000000000003,2.6,-3.3499999999999677,-0.0010468749999999899,fold_3,logreg,0.7394366197183099
XEL,2024-03-31,2024-04-25,1.0,51.8,59.39,6.2,-7.37,0.78,0.8,0.72,12.0,0.81,0.8,0.8,0.82,0.0,0.0,1.0,3.0,4128320000.0,4403090000.0,3737000000.0,5.0,4028.0,4168.8,64.0,183.13,-7.21,287.93,-6.01,20.29,-32.52,2.28,2.18,3.81,1.6,55.0,55.0,55.0,2024-05-17,1.75,1.2,2.95,5.363636363636364,0.8,1.7000000000000002,2.5,55.52,0.5200000000000031,0.26853,0.25877,0.26365,0.22951,12.948985397307036,-0.03902,3705.0,92.0,0.3015015015015015,23.0,0.0,1,5.363636363636364,2024-04-24,507.0,493.4020690917969,0.136825,0.136825,0.141705,0.0,0.00488,0,0.17097,0.12219,0.04878,0.0097549999999999,0.5384372782464718,0.3937043464223738,0.7330677290836654,0.1341956863401745,0.1226830850850508,0.0141419149149491,1.0938401675108065,1.17,-0.2813869012510898,0.5635539110146777,-1.327794456995396,0.0097092671891432,-0.0276275567569628,-0.033946957125127,1,15.970000267028809,16.84000015258789,2.2875002670288076,2.95,2.5,real_post_mid,0.29500000000000004,2.6,12.900000000000015,0.002345454545454548,fold_3,logreg,0.7394366197183099
LH,2024-03-31,2024-04-25,1.0,213.52,224.92,-7.1,-11.81,3.48,3.59,3.3,15.0,3.48,3.51,3.51,3.62,0.0,0.0,0.0,2.0,3116750000.0,3156000000.0,3025000000.0,13.0,41383.2,40736.16,281.6,365.54,2.51,297.85,-1.22,-20.29,-2.37,-30.96,-49.49,-3.59,-6.14,210.0,200.0,210.0,2024-05-17,4.8,6.2,11.0,5.238095238095238,0.85,11.85,12.7,210.59,0.5900000000000034,0.25877,0.25877,0.25877,0.22951,11.307338563202848,-0.039015,248.0,11.0,2.806451612903226,23.0,4.761904761904767,1,0.4761904761904709,2024-04-24,507.0,493.4020690917969,0.136825,0.136825,0.141705,0.0,0.00488,0,0.17097,0.12219,0.04878,0.0097549999999999,0.5384372782464718,0.3937043464223738,0.7330677290836654,0.1341956863401745,0.1226830850850508,0.0141419149149491,1.0938401675108065,1.17,-0.2813869012510898,0.5635539110146777,-1.327794456995396,0.0097092671891432,-0.0276275567569628,-0.033946957125127,1,15.970000267028809,16.84000015258789,2.2875002670288076,11.0,12.7,real_post_mid,1.1,2.6,-282.59999999999997,-0.013457142857142855,fold_3,logreg,0.7394366197183099
RMD,2024-03-31,2024-04-25,1.0,194.18,190.15,-5.54,-3.54,1.91,1.99,1.81,10.0,1.9,1.9,1.9,1.85,0.0,0.0,1.0,0.0,1167130000.0,1186880000.0,1142000000.0,12.0,-1527.2,-215.84,-236.8,951.08,12.48,0.0,17.07,-3.85,-33.51,17.52,-1.82,-0.44,-3.44,185.0,220.0,185.0,2024-05-17,6.85,7.9,14.75,7.972972972972974,33.65,0.3,33.949999999999996,218.57,33.56999999999999,0.3856,0.41487,0.400235,0.288045,28.031031768835813,-0.07317,345.0,149.0,0.1501322751322751,23.0,18.918918918918926,0,-10.945945945945953,2024-04-24,507.0,493.4020690917969,0.136825,0.136825,0.141705,0.0,0.00488,0,0.17097,0.12219,0.04878,0.0097549999999999,0.5384372782464718,0.3937043464223738,0.7330677290836654,0.1341956863401745,0.1226830850850508,0.0141419149149491,1.0938401675108065,1.17,-0.2813869012510898,0.5635539110146777,-1.327794456995396,0.0097092671891432,-0.0276275567569628,-0.033946957125127,1,15.970000267028809,16.84000015258789,2.2875002670288076,14.75,33.949999999999996,real_post_mid,1.475,2.6,-2070.0999999999995,-0.11189729729729726,fold_3,logreg,0.7394366197183099
TXT,2024-03-31,2024-04-25,1.0,95.96,84.83,-11.53,0.08,1.13,1.28,0.97,9.0,1.13,1.15,1.17,1.12,1.0,0.0,1.0,1.0,3104090000.0,3255100000.0,3024200000.0,9.0,16124.0,15251.84,334.4,240.6,3.93,318.1,3.08,49.53,7.38,8.91,2.2,-1.09,-0.12,97.5,85.0,95.0,2024-05-17,2.2249999999999996,2.95,5.175,5.3076923076923075,0.1,8.45,8.549999999999999,89.17,5.829999999999998,0.26853,0.27829,0.27341,0.19048,30.33173622032844,-0.0487799999999999,760.0,1179.0,2.0866666666666664,23.0,12.82051282051282,0,-7.512820512820512,2024-04-24,507.0,493.4020690917969,0.136825,0.136825,0.141705,0.0,0.00488,0,0.17097,0.12219,0.04878,0.0097549999999999,0.5384372782464718,0.3937043464223738,0.7330677290836654,0.1341956863401745,0.1226830850850508,0.0141419149149491,1.0938401675108065,1.17,-0.2813869012510898,0.5635539110146777,-1.327794456995396,0.0097092671891432,-0.0276275567569628,-0.033946957125127,1,15.970000267028809,16.84000015258789,2.2875002670288076,5.175,8.549999999999999,real_post_mid,0.5175,2.6,-391.84999999999997,-0.04018974358974359,fold_3,logreg,0.7394366197183099
BALL,2024-03-31,2024-04-26,1.0,67.14,57.24,3.96,21.94,0.56,0.65,0.5,14.0,0.56,0.56,0.57,0.69,0.0,0.0,3.0,1.0,3226800000.0,3526500000.0,2962200000.0,12.0,1951.2,1743.2,202.67,126.74,,350.95,,,-6.02,,,,,65.0,70.0,65.0,2024-05-17,2.575,1.925,4.5,6.923076923076923,6.6,0.1,6.699999999999999,70.11,5.109999999999999,0.34658,0.35633,0.3514549999999999,0.21,40.248395953962806,-0.0682899999999999,1066.0,134.0,1.046029919447641,22.0,7.692307692307687,0,-0.7692307692307638,2024-04-25,511.0,491.5276794433594,0.1319457142857143,0.1368278571428571,0.1388583333333333,0.0048821428571428,0.006912619047619,0,0.13195,0.1500657142857143,-0.0181157142857142,0.0090621428571428,0.4614951397258426,0.3385689495137013,0.6772908366533864,0.1379876720058085,0.1229735897603485,0.0089721245253657,1.122091924572744,1.21,-0.0670061162955772,0.8534634576395738,-0.8443372946463515,0.0079476169946757,-0.0295292490085234,-0.0376169048955919,1,15.369999885559082,16.3700008392334,2.1754284569876514,4.5,6.699999999999999,real_post_mid,0.45,2.6,-267.59999999999997,-0.041169230769230764,fold_3,logreg,0.7394366197183099
WELL,2024-03-31,2024-04-29,0.0,93.44,86.93,2.5,10.18,0.25,0.29,0.2,8.0,0.25,0.25,0.24,0.28,0.0,0.0,0.0,0.0,1806150000.0,1927000000.0,1676600000.0,9.0,12178.4,12397.28,-128.0,261.15,12.16,298.28,11.91,1600.0,-37.5,17.73,26.03,0.67,1.6,95.0,95.0,95.0,2024-05-17,1.925,2.75,4.675,4.921052631578947,1.7999999999999998,1.825,3.625,101.29,6.290000000000006,0.22951,0.28804,0.258775,0.21975,15.080668534441108,-0.0341449999999999,1566.0,16.0,1.1787878787878787,21.0,0.0,1,4.921052631578947,2024-04-26,512.0,496.1843872070313,0.13195,0.1340364285714285,0.1343849999999999,0.0020864285714285,0.0024349999999999,0,0.1486714285714286,0.1194042857142857,0.0292671428571428,0.0020878571428571,0.4615627217535286,0.3386173776181445,0.7051792828685259,0.1095383433141714,0.1240880523663098,0.0078619476336901,0.8827468980721255,1.26,0.3991725218294317,1.7183549601573316,0.4236953388345699,0.0264560880025312,-0.0284993373240679,-0.0284993373240679,1,15.029999732971191,16.270000457763672,1.8349997329711911,4.675,3.625,real_post_mid,0.4675,2.6,55.64999999999998,0.005857894736842103,fold_3,logreg,0.7394366197183099
RVTY,2024-03-31,2024-04-29,1.0,105.0,111.18,0.02,-5.54,0.93,0.98,0.9,15.0,0.93,0.93,0.93,1.02,0.0,0.0,1.0,0.0,646840000.0,656820000.0,636170000.0,14.0,1549.6,1538.22,61.87,69.99,,-5.41,,,-2.48,,,,,100.0,100.0,100.0,2024-05-17,5.15,3.25,8.4,8.4,3.9,1.6,5.5,110.23,10.230000000000004,0.43438,0.42462,0.4295,0.2880399999999999,32.93597206053551,-0.10731,250.0,24.0,5.0508474576271185,21.0,0.0,1,8.4,2024-04-26,512.0,496.1843872070313,0.13195,0.1340364285714285,0.1343849999999999,0.0020864285714285,0.0024349999999999,0,0.1486714285714286,0.1194042857142857,0.0292671428571428,0.0020878571428571,0.4615627217535286,0.3386173776181445,0.7051792828685259,0.1095383433141714,0.1240880523663098,0.0078619476336901,0.8827468980721255,1.26,0.3991725218294317,1.7183549601573316,0.4236953388345699,0.0264560880025312,-0.0284993373240679,-0.0284993373240679,1,15.029999732971191,16.270000457763672,1.8349997329711911,8.4,5.5,real_post_mid,0.8400000000000001,2.6,203.40000000000006,0.020340000000000007,fold_3,logreg,0.7394366197183099
CNP,2024-03-31,2024-04-30,1.0,28.49,27.94,2.28,4.29,0.53,0.56,0.49,13.0,0.51,0.52,0.48,0.52,3.0,0.0,4.0,1.0,2680760000.0,3017700000.0,2361470000.0,5.0,4924.0,4799.2,74.67,59.87,-6.71,367.53,-4.53,14.29,-20.0,-1.24,12.39,5.95,3.44,29.0,29.0,29.0,2024-05-17,0.675,0.5,1.175,4.051724137931035,0.6000000000000001,0.325,0.925,30.08,1.0799999999999983,0.20024,0.24902,0.22463,0.18073,19.54324889818813,-0.03902,1049.0,45.0,2.433628318584071,18.0,0.0,1,4.051724137931035,2024-04-29,513.0,497.9416198730469,0.13195,0.1319449999999999,0.1319449999999999,-5.000000000032756e-06,-5.000000000032756e-06,1,0.1417,0.1152257142857142,0.0264742857142857,-0.0034871428571428,0.4615627217535286,0.3386173776181445,0.7091633466135459,0.1039141119982902,0.1252031035373971,0.0067468964626028,0.8299643464289364,1.16,-0.4252358756180824,0.9848042441124726,-0.5905529024858356,0.0206916409891566,-0.024872384871474,-0.0250587762271753,1,14.670000076293944,16.0,1.475000076293945,1.175,0.925,real_post_mid,0.11750000000000001,2.6,10.65,0.0036724137931034486,fold_3,logreg,0.7394366197183099
AMCR,2024-03-31,2024-04-30,1.0,9.51,9.43,-5.99,-5.2,0.16,0.17,0.16,7.0,0.16,0.16,0.16,0.17,0.0,0.0,0.0,0.0,3498240000.0,3650000000.0,3389910000.0,7.0,2988.0,2686.56,134.4,103.73,-10.74,0.0,-7.43,4.35,50.0,-43.34,-56.71,0.92,-7.91,9.0,10.0,9.0,2024-05-17,0.3,0.2,0.5,5.555555555555555,0.8500000000000001,0.05,0.9000000000000001,10.27,1.2699999999999996,0.32707,0.2978,0.312435,0.044145,85.87066109750829,-0.121955,8342.0,13.0,0.48,18.0,11.111111111111116,0,-5.555555555555561,2024-04-29,513.0,497.9416198730469,0.13195,0.1319449999999999,0.1319449999999999,-5.000000000032756e-06,-5.000000000032756e-06,1,0.1417,0.1152257142857142,0.0264742857142857,-0.0034871428571428,0.4615627217535286,0.3386173776181445,0.7091633466135459,0.1039141119982902,0.1252031035373971,0.0067468964626028,0.8299643464289364,1.16,-0.4252358756180824,0.9848042441124726,-0.5905529024858356,0.0206916409891566,-0.024872384871474,-0.0250587762271753,1,14.670000076293944,16.0,1.475000076293945,0.5,0.9000000000000001,real_post_mid,0.05,2.6,-47.600000000000016,-0.05288888888888891,fold_3,logreg,0.7394366197183099
BXP,2024-03-31,2024-04-30,0.0,65.31,66.5,-5.24,-6.93,0.5,0.67,0.43,8.0,0.5,0.5,0.48,0.56,0.0,0.0,0.0,0.0,808620000.0,824780000.0,783620000.0,7.0,1912.8,5723.04,-1923.2,2278.33,5.31,297.14,5.36,67.65,180.28,-5.65,-2.15,-0.75,-2.42,62.5,60.0,62.5,2024-05-17,2.4749999999999996,1.975,4.449999999999999,7.119999999999998,0.675,3.75,4.425,63.2,0.7000000000000028,0.39536,0.39536,0.39536,0.370965,6.170325779036827,-0.0341499999999999,368.0,40.0,2.6269113149847096,18.0,4.0000000000000036,1,3.1199999999999948,2024-04-29,513.0,497.9416198730469,0.13195,0.1319449999999999,0.1319449999999999,-5.000000000032756e-06,-5.000000000032756e-06,1,0.1417,0.1152257142857142,0.0264742857142857,-0.0034871428571428,0.4615627217535286,0.3386173776181445,0.7091633466135459,0.1039141119982902,0.1252031035373971,0.0067468964626028,0.8299643464289364,1.16,-0.4252358756180824,0.9848042441124726,-0.5905529024858356,0.0206916409891566,-0.024872384871474,-0.0250587762271753,1,14.670000076293944,16.0,1.475000076293945,4.449999999999999,4.425,real_post_mid,0.44499999999999995,2.6,-44.60000000000005,-0.007136000000000008,fold_3,logreg,0.7394366197183099
ECL,2024-03-31,2024-04-30,1.0,230.9,198.22,-2.06,14.09,1.33,1.37,1.29,21.0,1.33,1.33,1.33,1.12,0.0,0.0,3.0,0.0,3748200000.0,3900000000.0,3685000000.0,17.0,1652.0,1566.88,33.07,19.73,7.98,287.06,8.09,22.05,0.65,19.17,34.25,2.12,2.76,220.0,230.0,220.0,2024-05-17,6.6,4.35,10.95,4.977272727272727,6.7,1.35,8.05,233.66,13.659999999999997,0.27829,0.27829,0.27829,0.18073,35.056954975026045,-0.0585399999999999,520.0,85.0,0.2397200349956255,18.0,4.545454545454541,1,0.4318181818181852,2024-04-29,513.0,497.9416198730469,0.13195,0.1319449999999999,0.1319449999999999,-5.000000000032756e-06,-5.000000000032756e-06,1,0.1417,0.1152257142857142,0.0264742857142857,-0.0034871428571428,0.4615627217535286,0.3386173776181445,0.7091633466135459,0.1039141119982902,0.1252031035373971,0.0067468964626028,0.8299643464289364,1.16,-0.4252358756180824,0.9848042441124726,-0.5905529024858356,0.0206916409891566,-0.024872384871474,-0.0250587762271753,1,14.670000076293944,16.0,1.475000076293945,10.95,8.05,real_post_mid,1.095,2.6,177.89999999999986,0.00808636363636363,fold_3,logreg,0.7394366197183099
ETN,2024-03-31,2024-04-30,1.0,312.68,246.08,1.78,29.33,2.29,2.34,2.25,14.0,2.29,2.28,2.28,2.17,1.0,0.0,6.0,0.0,5905440000.0,5960530000.0,5828200000.0,13.0,4920.8,4403.2,294.93,71.57,11.78,294.49,11.92,23.79,3.24,-3.31,17.93,66.72,0.86,330.0,310.0,330.0,2024-05-17,8.85,12.1,20.950000000000003,6.3484848484848495,1.95,18.65,20.6,330.24,0.2400000000000091,0.34658,0.36609,0.356335,0.278285,21.903545820646304,-0.0585399999999999,874.0,586.0,0.2167937718462027,18.0,6.060606060606055,1,0.2878787878787943,2024-04-29,513.0,497.9416198730469,0.13195,0.1319449999999999,0.1319449999999999,-5.000000000032756e-06,-5.000000000032756e-06,1,0.1417,0.1152257142857142,0.0264742857142857,-0.0034871428571428,0.4615627217535286,0.3386173776181445,0.7091633466135459,0.1039141119982902,0.1252031035373971,0.0067468964626028,0.8299643464289364,1.16,-0.4252358756180824,0.9848042441124726,-0.5905529024858356,0.0206916409891566,-0.024872384871474,-0.0250587762271753,1,14.670000076293944,16.0,1.475000076293945,20.95,20.6,real_post_mid,2.095,2.6,-177.10000000000022,-0.005366666666666673,fold_3,logreg,0.7394366197183099
EIX,2024-03-31,2024-04-30,0.0,70.73,67.48,0.47,5.31,1.14,1.56,1.05,12.0,1.13,1.14,1.2,1.27,2.0,0.0,2.0,2.0,4155100000.0,4259300000.0,4095000000.0,3.0,3890.4,3828.32,-42.67,278.98,-5.12,247.47,-4.78,11.3,-7.25,31.0,77.14,5.54,7.47,72.5,72.5,72.5,2024-05-17,0.8999999999999999,1.925,2.825,3.896551724137931,0.7250000000000001,1.75,2.475,76.3,3.799999999999997,0.21,0.21975,0.2148749999999999,0.19536,9.082024432809762,-0.0195149999999999,453.0,6.0,2.0638297872340425,18.0,0.0,1,3.896551724137931,2024-04-29,513.0,497.9416198730469,0.13195,0.1319449999999999,0.1319449999999999,-5.000000000032756e-06,-5.000000000032756e-06,1,0.1417,0.1152257142857142,0.0264742857142857,-0.0034871428571428,0.4615627217535286,0.3386173776181445,0.7091633466135459,0.1039141119982902,0.1252031035373971,0.0067468964626028,0.8299643464289364,1.16,-0.4252358756180824,0.9848042441124726,-0.5905529024858356,0.0206916409891566,-0.024872384871474,-0.0250587762271753,1,14.670000076293944,16.0,1.475000076293945,2.825,2.475,real_post_mid,0.28250000000000003,2.6,4.150000000000006,0.000572413793103449,fold_3,logreg,0.7394366197183099
HUBB,2024-03-31,2024-04-30,1.0,415.05,335.57,-10.73,10.42,3.54,3.72,3.44,11.0,3.54,3.53,3.53,3.59,0.0,0.0,2.0,0.0,1392230000.0,1435600000.0,1319000000.0,11.0,16815.2,16229.6,53.33,622.31,8.59,290.53,8.34,41.92,-6.58,21.45,46.45,5.4,5.0,410.0,370.0,410.0,2024-05-17,13.25,16.05,29.3,7.146341463414635,2.475,37.05,39.525,392.74,17.25999999999999,0.3856,0.41487,0.400235,0.297795,25.594962959261423,-0.0975599999999999,208.0,10.0,0.3919694072657744,18.0,9.756097560975608,0,-2.6097560975609726,2024-04-29,513.0,497.9416198730469,0.13195,0.1319449999999999,0.1319449999999999,-5.000000000032756e-06,-5.000000000032756e-06,1,0.1417,0.1152257142857142,0.0264742857142857,-0.0034871428571428,0.4615627217535286,0.3386173776181445,0.7091633466135459,0.1039141119982902,0.1252031035373971,0.0067468964626028,0.8299643464289364,1.16,-0.4252358756180824,0.9848042441124726,-0.5905529024858356,0.0206916409891566,-0.024872384871474,-0.0250587762271753,1,14.670000076293944,16.0,1.475000076293945,29.3,39.525,real_post_mid,2.93,2.6,-1318.0999999999997,-0.03214878048780487,fold_3,logreg,0.7394366197183099
EXR,2024-03-31,2024-04-30,1.0,147.0,144.44,-8.65,-7.03,0.99,1.03,0.93,7.0,0.99,0.99,1.15,1.17,0.0,0.0,1.0,1.0,703920000.0,789130000.0,580210000.0,9.0,13538.4,14237.28,-230.4,319.41,33.04,242.7,29.37,-32.89,6.25,31.08,11.4,-1.17,-8.69,140.0,140.0,140.0,2024-05-17,3.9,6.1,10.0,7.142857142857142,3.15,4.0,7.15,151.89,11.889999999999986,0.40511,0.39536,0.400235,0.302675,24.37567928841805,-0.07317,57.0,3.0,0.8152173913043478,18.0,0.0,1,7.142857142857142,2024-04-29,513.0,497.9416198730469,0.13195,0.1319449999999999,0.1319449999999999,-5.000000000032756e-06,-5.000000000032756e-06,1,0.1417,0.1152257142857142,0.0264742857142857,-0.0034871428571428,0.4615627217535286,0.3386173776181445,0.7091633466135459,0.1039141119982902,0.1252031035373971,0.0067468964626028,0.8299643464289364,1.16,-0.4252358756180824,0.9848042441124726,-0.5905529024858356,0.0206916409891566,-0.024872384871474,-0.0250587762271753,1,14.670000076293944,16.0,1.475000076293945,10.0,7.15,real_post_mid,1.0,2.6,182.39999999999998,0.013028571428571428,fold_3,logreg,0.7394366197183099
AEP,2024-03-31,2024-04-30,1.0,86.1,78.14,-0.08,10.1,1.25,1.28,1.19,15.0,1.27,1.34,1.36,1.36,0.0,0.0,1.0,2.0,5020670000.0,5447000000.0,4715450000.0,6.0,2682.4,2597.6,59.73,92.77,0.35,262.1,0.81,17.14,-30.51,1.5,21.53,3.81,3.72,85.0,87.5,85.0,2024-05-17,2.5,1.225,3.725,4.382352941176471,3.45,0.5,3.95,92.67,7.670000000000002,0.18073,0.26853,0.22463,0.1904799999999999,15.202777901437928,-0.0390249999999999,6403.0,174.0,0.777490297542044,18.0,2.941176470588225,1,1.4411764705882462,2024-04-29,513.0,497.9416198730469,0.13195,0.1319449999999999,0.1319449999999999,-5.000000000032756e-06,-5.000000000032756e-06,1,0.1417,0.1152257142857142,0.0264742857142857,-0.0034871428571428,0.4615627217535286,0.3386173776181445,0.7091633466135459,0.1039141119982902,0.1252031035373971,0.0067468964626028,0.8299643464289364,1.16,-0.4252358756180824,0.9848042441124726,-0.5905529024858356,0.0206916409891566,-0.024872384871474,-0.0250587762271753,1,14.670000076293944,16.0,1.475000076293945,3.725,3.95,real_post_mid,0.37250000000000005,2.6,-62.350000000000016,-0.0073352941176470605,fold_3,logreg,0.7394366197183099
APD,2024-03-31,2024-04-30,1.0,242.27,255.71,-2.45,-7.57,2.69,2.78,2.62,17.0,2.7,2.7,2.69,3.16,0.0,0.0,2.0,0.0,3047140000.0,3217000000.0,2937000000.0,14.0,1040.8,1367.84,-40.53,342.31,-5.59,0.0,-2.05,7.22,5.32,7.09,2.32,2.65,1.72,240.0,240.0,240.0,2024-05-17,8.05,9.4,17.45,7.270833333333333,3.4000000000000004,4.074999999999999,7.475,262.7,22.69999999999999,0.40511,0.41487,0.40999,0.185605,54.729383643503496,-0.12195,1275.0,675.0,0.8134802882577363,18.0,0.0,1,7.270833333333333,2024-04-29,513.0,497.9416198730469,0.13195,0.1319449999999999,0.1319449999999999,-5.000000000032756e-06,-5.000000000032756e-06,1,0.1417,0.1152257142857142,0.0264742857142857,-0.0034871428571428,0.4615627217535286,0.3386173776181445,0.7091633466135459,0.1039141119982902,0.1252031035373971,0.0067468964626028,0.8299643464289364,1.16,-0.4252358756180824,0.9848042441124726,-0.5905529024858356,0.0206916409891566,-0.024872384871474,-0.0250587762271753,1,14.670000076293944,16.0,1.475000076293945,17.450000000000003,7.475,real_post_mid,1.7450000000000003,2.6,820.4000000000002,0.03418333333333334,fold_3,logreg,0.7394366197183099
IT,2024-03-31,2024-04-30,1.0,476.67,457.44,-13.44,-9.8,2.53,2.84,2.35,10.0,2.53,2.54,2.52,2.66,0.0,0.0,0.0,2.0,1473170000.0,1494000000.0,1446000000.0,7.0,44188.0,41804.0,1290.67,449.92,7.87,319.29,8.27,-17.84,18.75,9.34,12.43,-1.29,0.85,450.0,420.0,450.0,2024-05-17,17.35,18.049999999999997,35.4,7.866666666666666,1.875,27.7,29.575,450.26,0.2599999999999909,0.43438,0.45389,0.444135,0.21,52.71707926643926,-0.1414599999999999,6.0,2.0,5.934426229508197,18.0,6.666666666666665,1,1.200000000000001,2024-04-29,513.0,497.9416198730469,0.13195,0.1319449999999999,0.1319449999999999,-5.000000000032756e-06,-5.000000000032756e-06,1,0.1417,0.1152257142857142,0.0264742857142857,-0.0034871428571428,0.4615627217535286,0.3386173776181445,0.7091633466135459,0.1039141119982902,0.1252031035373971,0.0067468964626028,0.8299643464289364,1.16,-0.4252358756180824,0.9848042441124726,-0.5905529024858356,0.0206916409891566,-0.024872384871474,-0.0250587762271753,1,14.670000076293944,16.0,1.475000076293945,35.4,29.575,real_post_mid,3.54,2.6,225.89999999999992,0.005019999999999998,fold_3,logreg,0.7394366197183099
RSG,2024-03-31,2024-04-30,1.0,191.44,171.12,0.14,12.03,1.35,1.48,1.26,17.0,1.35,1.35,1.35,1.38,1.0,0.0,3.0,0.0,3892550000.0,3982500000.0,3836570000.0,16.0,13165.6,12597.28,289.07,29.86,10.76,291.14,11.09,24.78,-8.44,18.06,17.86,0.95,1.15,195.0,185.0,195.0,2024-05-17,2.95,4.0,6.95,3.5641025641025643,0.275,8.7,8.975,188.16,6.840000000000003,0.20024,0.20024,0.20024,0.16122,19.48661606072713,-0.0292699999999999,350.0,50.0,1.2520325203252032,18.0,5.128205128205132,0,-1.564102564102568,2024-04-29,513.0,497.9416198730469,0.13195,0.1319449999999999,0.1319449999999999,-5.000000000032756e-06,-5.000000000032756e-06,1,0.1417,0.1152257142857142,0.0264742857142857,-0.0034871428571428,0.4615627217535286,0.3386173776181445,0.7091633466135459,0.1039141119982902,0.1252031035373971,0.0067468964626028,0.8299643464289364,1.16,-0.4252358756180824,0.9848042441124726,-0.5905529024858356,0.0206916409891566,-0.024872384871474,-0.0250587762271753,1,14.670000076293944,16.0,1.475000076293945,6.95,8.975,real_post_mid,0.6950000000000001,2.6,-274.6,-0.014082051282051283,fold_3,logreg,0.7394366197183099
ZBRA,2024-03-31,2024-04-30,1.0,301.44,239.55,4.35,31.31,2.45,2.52,2.4,12.0,2.45,2.44,2.44,2.08,0.0,0.0,2.0,0.0,1147050000.0,1164000000.0,1136000000.0,11.0,18031.2,17740.0,533.33,488.66,-20.71,379.5,-18.89,-64.0,96.55,-33.25,-9.07,0.92,1.34,300.0,310.0,300.0,2024-05-17,14.95,14.2,29.15,9.716666666666669,14.3,4.3,18.6,317.89,17.889999999999986,0.55145,0.55145,0.55145,0.32707,40.68909239278266,-0.1414599999999999,240.0,100.0,0.1603163191948238,18.0,3.3333333333333437,1,6.383333333333323,2024-04-29,513.0,497.9416198730469,0.13195,0.1319449999999999,0.1319449999999999,-5.000000000032756e-06,-5.000000000032756e-06,1,0.1417,0.1152257142857142,0.0264742857142857,-0.0034871428571428,0.4615627217535286,0.3386173776181445,0.7091633466135459,0.1039141119982902,0.1252031035373971,0.0067468964626028,0.8299643464289364,1.16,-0.4252358756180824,0.9848042441124726,-0.5905529024858356,0.0206916409891566,-0.024872384871474,-0.0250587762271753,1,14.670000076293944,16.0,1.475000076293945,29.15,18.6,real_post_mid,2.915,2.6,760.8999999999996,0.02536333333333332,fold_3,logreg,0.7394366197183099
TT,2024-03-31,2024-04-30,1.0,300.2,252.05,5.71,25.9,1.64,1.78,1.59,18.0,1.64,1.63,1.63,1.63,1.0,0.0,4.0,0.0,3995830000.0,4062700000.0,3936000000.0,18.0,7135.2,6676.48,419.73,263.12,10.54,262.03,10.83,19.23,-22.22,16.0,19.64,2.08,1.24,300.0,320.0,300.0,2024-05-17,10.8,9.8,20.6,6.866666666666667,16.85,1.525,18.375,328.64,28.639999999999983,0.37584,0.39536,0.3856,0.23926,37.95124481327801,-0.09268,295.0,43.0,0.4891485809682804,18.0,6.666666666666665,1,0.2000000000000019,2024-04-29,513.0,497.9416198730469,0.13195,0.1319449999999999,0.1319449999999999,-5.000000000032756e-06,-5.000000000032756e-06,1,0.1417,0.1152257142857142,0.0264742857142857,-0.0034871428571428,0.4615627217535286,0.3386173776181445,0.7091633466135459,0.1039141119982902,0.1252031035373971,0.0067468964626028,0.8299643464289364,1.16,-0.4252358756180824,0.9848042441124726,-0.5905529024858356,0.0206916409891566,-0.024872384871474,-0.0250587762271753,1,14.670000076293944,16.0,1.475000076293945,20.6,18.375,real_post_mid,2.06,2.6,13.900000000000135,0.00046333333333333784,fold_3,logreg,0.7394366197183099
SYY,2024-03-31,2024-04-30,1.0,81.18,80.93,-8.45,-8.17,0.95,0.98,0.92,15.0,0.95,0.95,0.95,0.96,1.0,0.0,2.0,2.0,19739400000.0,20009000000.0,19573000000.0,14.0,1420.0,701.6,262.93,297.62,3.73,0.0,5.27,47.44,29.21,77.27,9.24,0.06,0.18,75.0,75.0,75.0,2024-05-17,3.3,0.8500000000000001,4.15,5.533333333333334,0.4,2.15,2.55,75.91,0.9099999999999966,0.27829,0.26853,0.27341,0.17097,37.4675395925533,-0.06341,2243.0,102.0,0.4610894941634241,18.0,0.0,1,5.533333333333334,2024-04-29,513.0,497.9416198730469,0.13195,0.1319449999999999,0.1319449999999999,-5.000000000032756e-06,-5.000000000032756e-06,1,0.1417,0.1152257142857142,0.0264742857142857,-0.0034871428571428,0.4615627217535286,0.3386173776181445,0.7091633466135459,0.1039141119982902,0.1252031035373971,0.0067468964626028,0.8299643464289364,1.16,-0.4252358756180824,0.9848042441124726,-0.5905529024858356,0.0206916409891566,-0.024872384871474,-0.0250587762271753,1,14.670000076293944,16.0,1.475000076293945,4.15,2.55,real_post_mid,0.41500000000000004,2.6,115.90000000000006,0.015453333333333341,fold_3,logreg,0.7394366197183099
TAP,2024-03-31,2024-04-30,1.0,67.25,61.79,-14.86,-7.33,0.74,0.87,0.56,17.0,0.74,0.72,0.72,0.68,1.0,0.0,8.0,0.0,2496250000.0,2543140000.0,2431400000.0,12.0,9522.4,8338.08,648.0,384.37,9.36,254.78,9.81,-8.46,-38.02,148.52,813.14,3.17,10.82,62.5,57.5,62.5,2024-05-17,2.55,1.4,3.95,6.319999999999999,0.05,5.85,5.8999999999999995,56.47,6.030000000000001,0.33682,0.34658,0.3417,0.19536,42.8270412642669,-0.09268,61.0,91.0,0.2185764113163674,18.0,7.9999999999999964,0,-1.679999999999997,2024-04-29,513.0,497.9416198730469,0.13195,0.1319449999999999,0.1319449999999999,-5.000000000032756e-06,-5.000000000032756e-06,1,0.1417,0.1152257142857142,0.0264742857142857,-0.0034871428571428,0.4615627217535286,0.3386173776181445,0.7091633466135459,0.1039141119982902,0.1252031035373971,0.0067468964626028,0.8299643464289364,1.16,-0.4252358756180824,0.9848042441124726,-0.5905529024858356,0.0206916409891566,-0.024872384871474,-0.0250587762271753,1,14.670000076293944,16.0,1.475000076293945,3.9499999999999997,5.8999999999999995,real_post_mid,0.395,2.6,-237.09999999999997,-0.037936,fold_3,logreg,0.7394366197183099
PSA,2024-03-31,2024-04-30,1.0,290.06,283.19,-10.55,-8.38,2.47,2.76,2.34,9.0,2.47,2.45,2.47,2.66,0.0,0.0,0.0,0.0,1154410000.0,1168530000.0,1135300000.0,8.0,21448.8,22086.24,-12.8,1270.98,8.02,294.97,8.24,7.28,-30.94,5.69,1.99,-0.23,-3.04,260.0,260.0,260.0,2024-05-17,8.75,4.9,13.65,5.25,6.15,5.3,11.45,288.67,28.670000000000016,0.2978,0.27829,0.288045,0.26365,8.46916280442292,-0.0341449999999999,49.0,20.0,0.314569536423841,18.0,0.0,1,5.25,2024-04-29,513.0,497.9416198730469,0.13195,0.1319449999999999,0.1319449999999999,-5.000000000032756e-06,-5.000000000032756e-06,1,0.1417,0.1152257142857142,0.0264742857142857,-0.0034871428571428,0.4615627217535286,0.3386173776181445,0.7091633466135459,0.1039141119982902,0.1252031035373971,0.0067468964626028,0.8299643464289364,1.16,-0.4252358756180824,0.9848042441124726,-0.5905529024858356,0.0206916409891566,-0.024872384871474,-0.0250587762271753,1,14.670000076293944,16.0,1.475000076293945,13.65,11.45,real_post_mid,1.3650000000000002,2.6,80.90000000000009,0.003111538461538465,fold_3,logreg,0.7394366197183099
PEG,2024-03-31,2024-04-30,0.0,66.78,57.99,3.44,19.12,1.31,1.44,1.22,15.0,1.3,1.28,1.38,1.4,3.0,0.0,4.0,1.0,3064530000.0,3346820000.0,2780080000.0,7.0,5194.4,4764.32,164.27,174.84,14.66,357.53,20.7,-15.62,-36.47,78.83,166.84,16.39,18.7,70.0,70.0,70.0,2024-05-17,0.75,1.9,2.65,3.785714285714285,1.025,1.075,2.0999999999999996,74.54,4.540000000000006,0.20024,0.20024,0.20024,0.18073,9.743308030363565,0.0,419.0,73.0,0.166383701188455,18.0,0.0,1,3.785714285714285,2024-04-29,513.0,497.9416198730469,0.13195,0.1319449999999999,0.1319449999999999,-5.000000000032756e-06,-5.000000000032756e-06,1,0.1417,0.1152257142857142,0.0264742857142857,-0.0034871428571428,0.4615627217535286,0.3386173776181445,0.7091633466135459,0.1039141119982902,0.1252031035373971,0.0067468964626028,0.8299643464289364,1.16,-0.4252358756180824,0.9848042441124726,-0.5905529024858356,0.0206916409891566,-0.024872384871474,-0.0250587762271753,1,14.670000076293944,16.0,1.475000076293945,2.65,2.0999999999999996,real_post_mid,0.265,2.6,25.900000000000023,0.003700000000000003,fold_3,logreg,0.7394366197183099
PCAR,2024-03-31,2024-04-30,1.0,123.89,100.39,-14.35,5.7,2.2,2.39,2.05,14.0,2.2,2.16,2.16,2.15,1.0,0.0,6.0,0.0,8237690000.0,8747000000.0,7873000000.0,10.0,-11684.0,-13515.04,744.53,409.98,21.81,303.32,23.53,53.41,15.38,16.31,47.24,1.83,2.66,115.0,106.8,115.0,2024-05-17,2.975,4.35,7.324999999999999,6.369565217391305,0.2249999999999999,8.850000000000001,9.075,106.0,9.0,0.34658,0.37584,0.36121,0.24414,32.41050912211734,-0.082925,711.0,241.0,13.035845588235292,18.0,7.130434782608697,0,-0.7608695652173925,2024-04-29,513.0,497.9416198730469,0.13195,0.1319449999999999,0.1319449999999999,-5.000000000032756e-06,-5.000000000032756e-06,1,0.1417,0.1152257142857142,0.0264742857142857,-0.0034871428571428,0.4615627217535286,0.3386173776181445,0.7091633466135459,0.1039141119982902,0.1252031035373971,0.0067468964626028,0.8299643464289364,1.16,-0.4252358756180824,0.9848042441124726,-0.5905529024858356,0.0206916409891566,-0.024872384871474,-0.0250587762271753,1,14.670000076293944,16.0,1.475000076293945,7.324999999999999,9.075,real_post_mid,0.7324999999999999,2.6,-250.85,-0.02181304347826087,fold_3,logreg,0.7394366197183099
OKE,2024-03-31,2024-04-30,0.0,80.17,68.25,-1.31,15.93,1.15,1.27,0.92,12.0,1.18,1.21,1.23,1.24,0.0,0.0,0.0,1.0,6151070000.0,6416970000.0,5844240000.0,3.0,3568.8,3802.4,-181.33,132.66,-22.71,325.13,-26.49,9.26,19.19,45.3,34.21,18.88,9.77,80.0,77.5,80.0,2024-05-17,1.8,1.25,3.05,3.8125,0.3,3.3,3.5999999999999996,82.63,2.6299999999999955,0.10268,0.27829,0.190485,0.19048,0.0026248785993528,2.7755575615628914e-17,4015.0,315.0,0.0471399291969442,18.0,3.125,1,0.6875,2024-04-29,513.0,497.9416198730469,0.13195,0.1319449999999999,0.1319449999999999,-5.000000000032756e-06,-5.000000000032756e-06,1,0.1417,0.1152257142857142,0.0264742857142857,-0.0034871428571428,0.4615627217535286,0.3386173776181445,0.7091633466135459,0.1039141119982902,0.1252031035373971,0.0067468964626028,0.8299643464289364,1.16,-0.4252358756180824,0.9848042441124726,-0.5905529024858356,0.0206916409891566,-0.024872384871474,-0.0250587762271753,1,14.670000076293944,16.0,1.475000076293945,3.05,3.5999999999999996,real_post_mid,0.305,2.6,-88.09999999999997,-0.011012499999999996,fold_3,logreg,0.7394366197183099
MLM,2024-03-31,2024-04-30,1.0,613.94,508.42,-4.38,15.47,1.83,2.62,1.56,18.0,1.82,1.85,1.87,2.47,2.0,0.0,5.0,1.0,1318400000.0,1418330000.0,1290020000.0,15.0,17597.6,13512.16,1486.93,817.25,10.0,239.87,10.15,52.3,-33.29,22.93,32.23,6.75,3.96,600.0,590.0,600.0,2024-05-17,19.8,15.4,35.2,5.866666666666667,9.5,16.950000000000003,26.450000000000003,580.75,19.25,0.32707,0.32707,0.32707,0.25877,20.88237991867185,-0.06342,583.0,24.0,1.420731707317073,18.0,1.6666666666666718,1,4.199999999999996,2024-04-29,513.0,497.9416198730469,0.13195,0.1319449999999999,0.1319449999999999,-5.000000000032756e-06,-5.000000000032756e-06,1,0.1417,0.1152257142857142,0.0264742857142857,-0.0034871428571428,0.4615627217535286,0.3386173776181445,0.7091633466135459,0.1039141119982902,0.1252031035373971,0.0067468964626028,0.8299643464289364,1.16,-0.4252358756180824,0.9848042441124726,-0.5905529024858356,0.0206916409891566,-0.024872384871474,-0.0250587762271753,1,14.670000076293944,16.0,1.475000076293945,35.2,26.450000000000003,real_post_mid,3.5200000000000005,2.6,520.4,0.008673333333333333,fold_3,logreg,0.7394366197183099
PRU,2024-03-31,2024-04-30,0.0,117.4,104.93,-5.89,5.29,3.13,3.36,2.79,12.0,3.13,3.27,3.29,3.28,0.0,0.0,1.0,2.0,14496100000.0,17962000000.0,13156000000.0,5.0,14346.4,14068.0,192.0,475.92,-4.73,542.8,-8.98,6.61,-25.0,269.13,428.51,11.52,7.73,110.0,115.0,110.0,2024-05-17,3.9,1.7000000000000002,5.6,5.09090909090909,3.8,1.025,4.824999999999999,121.31,11.310000000000002,0.26853,0.26853,0.26853,0.2148749999999999,19.98100770863591,-0.0438999999999999,465.0,16.0,5.28391959798995,18.0,4.545454545454541,1,0.5454545454545485,2024-04-29,513.0,497.9416198730469,0.13195,0.1319449999999999,0.1319449999999999,-5.000000000032756e-06,-5.000000000032756e-06,1,0.1417,0.1152257142857142,0.0264742857142857,-0.0034871428571428,0.4615627217535286,0.3386173776181445,0.7091633466135459,0.1039141119982902,0.1252031035373971,0.0067468964626028,0.8299643464289364,1.16,-0.4252358756180824,0.9848042441124726,-0.5905529024858356,0.0206916409891566,-0.024872384871474,-0.0250587762271753,1,14.670000076293944,16.0,1.475000076293945,5.6,4.824999999999999,real_post_mid,0.5599999999999999,2.6,18.90000000000004,0.0017181818181818218,fold_3,logreg,0.7394366197183099
LDOS,2024-03-31,2024-04-30,1.0,131.09,110.47,6.96,26.93,1.7,1.85,1.5,14.0,1.7,1.7,1.7,1.76,0.0,0.0,2.0,1.0,3818440000.0,3879420000.0,3710000000.0,13.0,11674.4,9961.6,1240.0,482.64,7.24,293.73,7.18,8.74,-1.97,-33.29,-42.92,0.06,-3.54,130.0,145.0,130.0,2024-05-17,4.35,2.55,6.8999999999999995,5.307692307692307,12.75,0.3,13.05,148.67,18.669999999999987,0.27829,0.2978,0.288045,0.20024,30.483084240309672,-0.0585399999999999,427.0,96.0,0.103956555469356,18.0,11.538461538461542,0,-6.230769230769235,2024-04-29,513.0,497.9416198730469,0.13195,0.1319449999999999,0.1319449999999999,-5.000000000032756e-06,-5.000000000032756e-06,1,0.1417,0.1152257142857142,0.0264742857142857,-0.0034871428571428,0.4615627217535286,0.3386173776181445,0.7091633466135459,0.1039141119982902,0.1252031035373971,0.0067468964626028,0.8299643464289364,1.16,-0.4252358756180824,0.9848042441124726,-0.5905529024858356,0.0206916409891566,-0.024872384871474,-0.0250587762271753,1,14.670000076293944,16.0,1.475000076293945,6.8999999999999995,13.05,real_post_mid,0.69,2.6,-686.6000000000001,-0.052815384615384625,fold_3,logreg,0.7394366197183099
ALL,2024-03-31,2024-05-01,1.0,172.57,156.19,-0.59,9.84,3.94,5.1,3.3,18.0,3.94,3.71,3.56,3.36,3.0,0.0,8.0,2.0,12875300000.0,13272800000.0,12303900000.0,5.0,27522.4,22827.68,3037.33,2281.02,10.07,290.36,10.85,527.94,618.52,148.84,81.27,-72.85,3.0,170.0,170.0,170.0,2024-05-17,4.65,4.25,8.9,5.235294117647059,2.875,3.4,6.275,169.51,0.4900000000000091,0.2978,0.30755,0.302675,0.22951,24.172792599322715,-0.048775,678.0,101.0,0.7378435517970402,17.0,0.0,1,5.235294117647059,2024-04-30,505.0,490.0535888671875,0.1423971428571428,0.1370573809523809,0.141705,-0.0053397619047619,-0.0006921428571428,1,0.1528542857142857,0.1235842857142857,0.02927,-0.0041778571428571,0.6263051779096881,0.4566689535493765,0.7888446215139442,0.1507012455483778,0.1352735147090766,0.0071236281480662,1.1140484216180868,1.19,-0.3018209575409785,0.9140145508794636,-0.6280855454239114,-0.0072580235341422,-0.0386470095316459,-0.0405030899681541,1,15.649999618530272,16.59000015258789,1.410285332815988,8.9,6.275,real_post_mid,0.8900000000000001,2.6,170.9,0.01005294117647059,fold_3,logreg,0.7394366197183099
AWK,2024-03-31,2024-05-01,0.0,120.3,125.24,4.01,-0.1,0.98,1.03,0.94,9.0,0.99,0.99,0.99,0.98,0.0,0.0,1.0,2.0,1011000000.0,1040000000.0,906000000.0,4.0,3183.2,2506.08,128.0,260.21,11.66,262.81,11.77,26.03,-45.88,18.06,18.15,1.28,1.95,120.0,125.0,120.0,2024-05-17,3.75,1.425,5.175,4.3125,6.65,0.45,7.1000000000000005,133.76,13.759999999999993,0.21,0.23926,0.22463,0.209995,6.515158260250193,-0.0048799999999999,1088.0,9.0,0.5764705882352941,17.0,4.166666666666674,1,0.1458333333333259,2024-04-30,505.0,490.0535888671875,0.1423971428571428,0.1370573809523809,0.141705,-0.0053397619047619,-0.0006921428571428,1,0.1528542857142857,0.1235842857142857,0.02927,-0.0041778571428571,0.6263051779096881,0.4566689535493765,0.7888446215139442,0.1507012455483778,0.1352735147090766,0.0071236281480662,1.1140484216180868,1.19,-0.3018209575409785,0.9140145508794636,-0.6280855454239114,-0.0072580235341422,-0.0386470095316459,-0.0405030899681541,1,15.649999618530272,16.59000015258789,1.410285332815988,5.175,7.1000000000000005,real_post_mid,0.5175,2.6,-246.85000000000008,-0.02057083333333334,fold_3,logreg,0.7394366197183099
CDW,2024-03-31,2024-05-01,0.0,253.06,230.08,-15.19,-6.72,2.15,2.31,2.06,11.0,2.15,2.15,2.15,2.33,0.0,0.0,1.0,0.0,5001520000.0,5070000000.0,4936600000.0,9.0,11772.0,11180.0,-106.67,545.12,-9.99,279.79,-10.28,2.8,-5.51,-16.54,-3.13,2.03,0.55,240.0,220.0,240.0,2024-05-17,8.1,5.6,13.7,5.708333333333333,0.45,21.75,22.2,223.64,16.360000000000014,0.32707,0.32707,0.32707,0.19048,41.76170238786804,-0.08293,34.0,0.0,0.8268330733229329,17.0,8.333333333333337,0,-2.6250000000000044,2024-04-30,505.0,490.0535888671875,0.1423971428571428,0.1370573809523809,0.141705,-0.0053397619047619,-0.0006921428571428,1,0.1528542857142857,0.1235842857142857,0.02927,-0.0041778571428571,0.6263051779096881,0.4566689535493765,0.7888446215139442,0.1507012455483778,0.1352735147090766,0.0071236281480662,1.1140484216180868,1.19,-0.3018209575409785,0.9140145508794636,-0.6280855454239114,-0.0072580235341422,-0.0386470095316459,-0.0405030899681541,1,15.649999618530272,16.59000015258789,1.410285332815988,13.7,22.2,real_post_mid,1.37,2.6,-989.6000000000001,-0.04123333333333334,fold_3,logreg,0.7394366197183099
CHRW,2024-03-31,2024-05-01,1.0,73.34,73.5,-1.7,-1.92,0.62,0.79,0.49,19.0,0.62,0.66,0.66,0.83,0.0,0.0,0.0,0.0,4268980000.0,4654120000.0,4031000000.0,15.0,4746.4,5277.28,1.07,481.8,-28.75,305.35,-30.13,-51.46,-40.48,-54.87,-59.38,-1.1,-2.21,70.0,80.0,70.0,2024-05-17,3.1,1.875,4.975,7.107142857142856,10.95,0.05,11.0,84.11,14.11,0.40511,0.39536,0.400235,0.24902,37.78155333741427,-0.087805,1118.0,47.0,2.1380208333333335,17.0,14.28571428571428,0,-7.1785714285714235,2024-04-30,505.0,490.0535888671875,0.1423971428571428,0.1370573809523809,0.141705,-0.0053397619047619,-0.0006921428571428,1,0.1528542857142857,0.1235842857142857,0.02927,-0.0041778571428571,0.6263051779096881,0.4566689535493765,0.7888446215139442,0.1507012455483778,0.1352735147090766,0.0071236281480662,1.1140484216180868,1.19,-0.3018209575409785,0.9140145508794636,-0.6280855454239114,-0.0072580235341422,-0.0386470095316459,-0.0405030899681541,1,15.649999618530272,16.59000015258789,1.410285332815988,4.975,11.0,real_post_mid,0.4975,2.6,-654.85,-0.09355000000000001,fold_3,logreg,0.7394366197183099
GRMN,2024-03-31,2024-05-01,1.0,147.36,121.01,10.9,35.05,0.97,1.02,0.9,3.0,0.97,0.97,0.97,0.97,0.0,0.0,0.0,0.0,1250730000.0,1256200000.0,1243000000.0,3.0,20341.6,18851.68,1283.2,775.42,7.57,309.25,6.65,27.41,21.99,6.55,6.26,-0.27,-0.26,145.0,165.0,145.0,2024-05-17,3.8,4.0,7.8,5.379310344827586,20.25,0.175,20.425,170.94,25.94,0.30755,0.31731,0.31243,0.20024,35.90884358096213,-0.063415,182.0,137.0,0.6746031746031746,17.0,13.793103448275868,0,-8.413793103448281,2024-04-30,505.0,490.0535888671875,0.1423971428571428,0.1370573809523809,0.141705,-0.0053397619047619,-0.0006921428571428,1,0.1528542857142857,0.1235842857142857,0.02927,-0.0041778571428571,0.6263051779096881,0.4566689535493765,0.7888446215139442,0.1507012455483778,0.1352735147090766,0.0071236281480662,1.1140484216180868,1.19,-0.3018209575409785,0.9140145508794636,-0.6280855454239114,-0.0072580235341422,-0.0386470095316459,-0.0405030899681541,1,15.649999618530272,16.59000015258789,1.410285332815988,7.8,20.425,real_post_mid,0.78,2.6,-1343.1,-0.09262758620689654,fold_3,logreg,0.7394366197183099
DAY,2024-03-31,2024-05-01,1.0,64.99,69.94,-11.23,-17.52,0.42,0.48,0.36,15.0,0.42,0.42,0.42,0.44,0.0,0.0,0.0,0.0,426050000.0,429000000.0,425000000.0,16.0,5503.2,4795.36,275.73,213.82,21.47,300.98,21.86,117.39,35.14,383.73,488.05,4.74,11.54,60.0,55.0,60.0,2024-05-17,4.3,2.725,7.025,11.708333333333334,0.875,3.05,3.925,63.33,3.3299999999999983,0.66852,0.65876,0.66364,0.20024,69.82701464649509,-0.23902,381.0,166.0,0.313893653516295,17.0,8.333333333333337,1,3.3749999999999964,2024-04-30,505.0,490.0535888671875,0.1423971428571428,0.1370573809523809,0.141705,-0.0053397619047619,-0.0006921428571428,1,0.1528542857142857,0.1235842857142857,0.02927,-0.0041778571428571,0.6263051779096881,0.4566689535493765,0.7888446215139442,0.1507012455483778,0.1352735147090766,0.0071236281480662,1.1140484216180868,1.19,-0.3018209575409785,0.9140145508794636,-0.6280855454239114,-0.0072580235341422,-0.0386470095316459,-0.0405030899681541,1,15.649999618530272,16.59000015258789,1.410285332815988,7.025,3.925,real_post_mid,0.7025000000000001,2.6,237.15000000000003,0.039525000000000005,fold_3,logreg,0.7394366197183099
ES,2024-03-31,2024-05-01,1.0,58.88,55.96,4.65,10.11,1.46,1.59,1.35,15.0,1.47,1.51,1.51,1.47,0.0,0.0,0.0,3.0,3332570000.0,4338000000.0,3038120000.0,5.0,3397.6,2372.48,359.47,433.66,-3.08,326.68,-1.96,47.83,40.21,-66.66,9.15,-3.33,2.25,60.0,60.0,60.0,2024-05-17,2.0,2.0999999999999996,4.1,6.833333333333333,1.625,0.85,2.475,60.96,0.9600000000000009,0.30755,0.4734,0.390475,0.24414,37.4761508419233,-0.121945,231.0,0.0,0.1359223300970873,17.0,0.0,1,6.833333333333333,2024-04-30,505.0,490.0535888671875,0.1423971428571428,0.1370573809523809,0.141705,-0.0053397619047619,-0.0006921428571428,1,0.1528542857142857,0.1235842857142857,0.02927,-0.0041778571428571,0.6263051779096881,0.4566689535493765,0.7888446215139442,0.1507012455483778,0.1352735147090766,0.0071236281480662,1.1140484216180868,1.19,-0.3018209575409785,0.9140145508794636,-0.6280855454239114,-0.0072580235341422,-0.0386470095316459,-0.0405030899681541,1,15.649999618530272,16.59000015258789,1.410285332815988,4.1,2.475,real_post_mid,0.41,2.6,118.89999999999996,0.01981666666666666,fold_3,logreg,0.7394366197183099
CTVA,2024-03-31,2024-05-01,1.0,57.68,54.06,-6.54,-0.28,0.84,1.09,0.69,19.0,0.84,0.92,0.98,1.05,0.0,0.0,1.0,0.0,4646080000.0,4933000000.0,4279000000.0,17.0,7527.2,7125.44,103.47,229.94,-1.31,565.1,-1.09,-6.25,165.22,-65.51,-51.19,59.79,-5.59,55.0,55.0,55.0,2024-05-17,1.525,2.3,3.825,6.954545454545453,2.65,0.35,3.0,56.45,1.4500000000000028,0.39536,0.40511,0.400235,0.26853,32.90691718615314,-0.107315,438.0,272.0,0.4494117647058823,17.0,0.0,1,6.954545454545453,2024-04-30,505.0,490.0535888671875,0.1423971428571428,0.1370573809523809,0.141705,-0.0053397619047619,-0.0006921428571428,1,0.1528542857142857,0.1235842857142857,0.02927,-0.0041778571428571,0.6263051779096881,0.4566689535493765,0.7888446215139442,0.1507012455483778,0.1352735147090766,0.0071236281480662,1.1140484216180868,1.19,-0.3018209575409785,0.9140145508794636,-0.6280855454239114,-0.0072580235341422,-0.0386470095316459,-0.0405030899681541,1,15.649999618530272,16.59000015258789,1.410285332815988,3.8249999999999997,3.0,real_post_mid,0.3825,2.6,41.64999999999997,0.0075727272727272674,fold_3,logreg,0.7394366197183099
CTSH,2024-03-31,2024-05-01,1.0,71.75,77.88,-8.89,-16.06,1.11,1.16,1.07,21.0,1.11,1.11,1.11,1.09,0.0,0.0,2.0,1.0,4717510000.0,4742700000.0,4682000000.0,18.0,3564.0,3009.76,184.53,116.08,-0.39,295.2,-0.2,16.83,1.72,-6.13,-9.4,-1.37,-1.39,65.0,67.5,65.0,2024-05-17,2.75,2.05,4.8,7.384615384615384,2.0,0.7749999999999999,2.775,68.76,3.760000000000005,0.41487,0.43438,0.424625,0.249015,41.35649102148955,-0.126825,153.0,4.0,2.8202416918429005,17.0,3.8461538461538542,1,3.5384615384615294,2024-04-30,505.0,490.0535888671875,0.1423971428571428,0.1370573809523809,0.141705,-0.0053397619047619,-0.0006921428571428,1,0.1528542857142857,0.1235842857142857,0.02927,-0.0041778571428571,0.6263051779096881,0.4566689535493765,0.7888446215139442,0.1507012455483778,0.1352735147090766,0.0071236281480662,1.1140484216180868,1.19,-0.3018209575409785,0.9140145508794636,-0.6280855454239114,-0.0072580235341422,-0.0386470095316459,-0.0405030899681541,1,15.649999618530272,16.59000015258789,1.410285332815988,4.8,2.775,real_post_mid,0.48,2.6,151.9,0.02336923076923077,fold_3,logreg,0.7394366197183099
GPN,2024-03-31,2024-05-01,1.0,130.15,135.31,-16.2,-19.4,2.57,2.64,2.48,29.0,2.57,2.57,2.57,2.62,1.0,0.0,4.0,0.0,2175980000.0,2219000000.0,2131430000.0,24.0,4008.8,3890.08,52.27,29.1,7.56,289.97,7.5,9.5,-3.64,54.0,11.92,3.49,0.89,125.0,110.0,125.0,2024-05-17,3.55,5.5,9.05,7.24,0.1,14.65,14.749999999999998,109.16,15.840000000000003,0.41487,0.42462,0.419745,0.26853,36.025444019583325,-0.11219,847.0,203.0,0.9211461572634384,17.0,12.0,0,-4.76,2024-04-30,505.0,490.0535888671875,0.1423971428571428,0.1370573809523809,0.141705,-0.0053397619047619,-0.0006921428571428,1,0.1528542857142857,0.1235842857142857,0.02927,-0.0041778571428571,0.6263051779096881,0.4566689535493765,0.7888446215139442,0.1507012455483778,0.1352735147090766,0.0071236281480662,1.1140484216180868,1.19,-0.3018209575409785,0.9140145508794636,-0.6280855454239114,-0.0072580235341422,-0.0386470095316459,-0.0405030899681541,1,15.649999618530272,16.59000015258789,1.410285332815988,9.05,14.749999999999998,real_post_mid,0.9050000000000001,2.6,-663.0999999999998,-0.053047999999999984,fold_3,logreg,0.7394366197183099
VRSK,2024-03-31,2024-05-01,1.0,232.78,246.62,0.01,-5.6,1.53,1.65,1.47,14.0,1.53,1.52,1.52,1.55,0.0,0.0,1.0,0.0,699060000.0,705510000.0,685400000.0,12.0,3858.4,3752.32,115.73,166.48,7.38,295.72,7.38,-2.1,-7.89,-18.21,-19.54,0.33,-14.12,220.0,230.0,220.0,2024-05-17,5.05,6.5,11.55,5.250000000000001,14.55,0.525,15.075,251.62,31.620000000000005,0.30755,0.30755,0.30755,0.18073,41.23557145179645,-0.08292,4.0,3.0,0.2394957983193277,17.0,4.545454545454541,1,0.7045454545454595,2024-04-30,505.0,490.0535888671875,0.1423971428571428,0.1370573809523809,0.141705,-0.0053397619047619,-0.0006921428571428,1,0.1528542857142857,0.1235842857142857,0.02927,-0.0041778571428571,0.6263051779096881,0.4566689535493765,0.7888446215139442,0.1507012455483778,0.1352735147090766,0.0071236281480662,1.1140484216180868,1.19,-0.3018209575409785,0.9140145508794636,-0.6280855454239114,-0.0072580235341422,-0.0386470095316459,-0.0405030899681541,1,15.649999618530272,16.59000015258789,1.410285332815988,11.55,15.075,real_post_mid,1.155,2.6,-470.5999999999999,-0.021390909090909085,fold_3,logreg,0.7394366197183099
IDXX,2024-03-31,2024-05-01,1.0,532.41,527.28,-12.09,-11.24,2.67,2.75,2.6,8.0,2.67,2.67,2.68,2.7,1.0,0.0,1.0,0.0,966130000.0,972000000.0,962000000.0,7.0,17128.8,15815.52,597.33,82.95,8.72,299.87,8.71,13.17,-8.3,8.56,22.07,0.3,3.28,490.0,480.0,490.0,2024-05-17,18.6,14.25,32.85,6.704081632653061,5.2,18.1,23.3,543.45,53.450000000000045,0.39536,0.3856,0.39048,0.26365,32.480536775250975,-0.0878049999999999,20.0,1.0,3.4878048780487805,17.0,2.0408163265306145,1,4.6632653061224465,2024-04-30,505.0,490.0535888671875,0.1423971428571428,0.1370573809523809,0.141705,-0.0053397619047619,-0.0006921428571428,1,0.1528542857142857,0.1235842857142857,0.02927,-0.0041778571428571,0.6263051779096881,0.4566689535493765,0.7888446215139442,0.1507012455483778,0.1352735147090766,0.0071236281480662,1.1140484216180868,1.19,-0.3018209575409785,0.9140145508794636,-0.6280855454239114,-0.0072580235341422,-0.0386470095316459,-0.0405030899681541,1,15.649999618530272,16.59000015258789,1.410285332815988,32.85,23.3,real_post_mid,3.285,2.6,623.9,0.012732653061224489,fold_3,logreg,0.7394366197183099
WEC,2024-03-31,2024-05-01,1.0,81.56,81.78,1.26,0.99,1.92,1.98,1.9,12.0,1.92,1.81,1.73,1.62,1.0,0.0,3.0,0.0,2916470000.0,3107000000.0,2611740000.0,6.0,6989.6,6582.24,199.47,119.48,-7.34,354.33,-6.42,37.5,10.0,4.68,-0.84,6.11,1.41,82.5,82.5,82.5,2024-05-17,1.4,1.675,3.075,3.727272727272727,1.325,1.225,2.55,85.5,3.0,0.17097,0.25877,0.21487,0.185605,13.61986317308139,-0.03902,409.0,9.0,0.5853658536585366,17.0,0.0,1,3.727272727272727,2024-04-30,505.0,490.0535888671875,0.1423971428571428,0.1370573809523809,0.141705,-0.0053397619047619,-0.0006921428571428,1,0.1528542857142857,0.1235842857142857,0.02927,-0.0041778571428571,0.6263051779096881,0.4566689535493765,0.7888446215139442,0.1507012455483778,0.1352735147090766,0.0071236281480662,1.1140484216180868,1.19,-0.3018209575409785,0.9140145508794636,-0.6280855454239114,-0.0072580235341422,-0.0386470095316459,-0.0405030899681541,1,15.649999618530272,16.59000015258789,1.410285332815988,3.075,2.55,real_post_mid,0.30750000000000005,2.6,19.15000000000003,0.002321212121212125,fold_3,logreg,0.7394366197183099
VTR,2024-03-31,2024-05-01,1.0,42.86,47.23,2.22,-7.24,-0.33,-0.16,-0.38,5.0,-0.33,-0.27,-0.24,-0.12,0.0,0.0,0.0,0.0,1162980000.0,1187990000.0,1142600000.0,8.0,2871.9,3394.14,51.2,725.04,8.93,291.17,8.66,-109.09,-27.78,12.99,4.11,-27.57,-1.83,45.0,45.0,45.0,2024-05-17,0.8999999999999999,1.55,2.45,5.444444444444445,1.7999999999999998,0.425,2.2249999999999996,48.91,3.9099999999999966,0.30755,0.31731,0.31243,0.258775,17.173446852094873,-0.0487799999999999,1081.0,2212.0,0.0158380994280686,17.0,0.0,1,5.444444444444445,2024-04-30,505.0,490.0535888671875,0.1423971428571428,0.1370573809523809,0.141705,-0.0053397619047619,-0.0006921428571428,1,0.1528542857142857,0.1235842857142857,0.02927,-0.0041778571428571,0.6263051779096881,0.4566689535493765,0.7888446215139442,0.1507012455483778,0.1352735147090766,0.0071236281480662,1.1140484216180868,1.19,-0.3018209575409785,0.9140145508794636,-0.6280855454239114,-0.0072580235341422,-0.0386470095316459,-0.0405030899681541,1,15.649999618530272,16.59000015258789,1.410285332815988,2.45,2.2249999999999996,real_post_mid,0.24500000000000002,2.6,-4.599999999999949,-0.0010222222222222108,fold_3,logreg,0.7394366197183099
HST,2024-03-31,2024-05-01,1.0,20.71,19.42,-9.03,-2.99,0.32,0.45,0.25,9.0,0.32,0.3,0.3,0.29,0.0,0.0,2.0,1.0,1426400000.0,1469000000.0,1364000000.0,14.0,10021.47,10130.91,130.13,306.01,8.23,337.48,8.75,-5.0,18.75,12.29,6.71,-1.57,-0.22,19.0,18.0,19.0,2024-05-17,0.55,0.6000000000000001,1.15,6.052631578947369,0.175,0.625,0.8,18.42,0.5799999999999983,0.36609,0.34658,0.356335,0.141705,60.23264624580802,-0.07317,3336.0,0.0,18.0,17.0,5.263157894736848,1,0.7894736842105212,2024-04-30,505.0,490.0535888671875,0.1423971428571428,0.1370573809523809,0.141705,-0.0053397619047619,-0.0006921428571428,1,0.1528542857142857,0.1235842857142857,0.02927,-0.0041778571428571,0.6263051779096881,0.4566689535493765,0.7888446215139442,0.1507012455483778,0.1352735147090766,0.0071236281480662,1.1140484216180868,1.19,-0.3018209575409785,0.9140145508794636,-0.6280855454239114,-0.0072580235341422,-0.0386470095316459,-0.0405030899681541,1,15.649999618530272,16.59000015258789,1.410285332815988,1.1500000000000001,0.8,real_post_mid,0.11500000000000002,2.6,20.900000000000006,0.011000000000000003,fold_3,logreg,0.7394366197183099
VICI,2024-03-31,2024-05-01,0.0,29.6,31.05,-2.36,-6.92,0.66,0.68,0.66,10.0,0.66,0.66,0.67,0.66,0.0,0.0,1.0,0.0,936670000.0,949580000.0,913000000.0,15.0,-557.6,-651.68,-123.73,272.55,38.89,299.42,41.99,14.29,30.91,100.37,104.9,0.12,29.83,27.5,30.0,27.5,2024-05-17,0.95,0.15,1.1,4.0,2.1,0.075,2.1750000000000003,30.38,2.879999999999999,0.01488,0.21975,0.117315,0.097805,16.63043941524954,0.087805,391.0,15.0,0.0651499482936918,17.0,9.090909090909085,0,-5.090909090909083,2024-04-30,505.0,490.0535888671875,0.1423971428571428,0.1370573809523809,0.141705,-0.0053397619047619,-0.0006921428571428,1,0.1528542857142857,0.1235842857142857,0.02927,-0.0041778571428571,0.6263051779096881,0.4566689535493765,0.7888446215139442,0.1507012455483778,0.1352735147090766,0.0071236281480662,1.1140484216180868,1.19,-0.3018209575409785,0.9140145508794636,-0.6280855454239114,-0.0072580235341422,-0.0386470095316459,-0.0405030899681541,1,15.649999618530272,16.59000015258789,1.410285332815988,1.0999999999999999,2.1750000000000003,real_post_mid,0.10999999999999999,2.6,-121.10000000000005,-0.04403636363636366,fold_3,logreg,0.7394366197183099
PTC,2024-03-31,2024-05-01,1.0,188.12,179.4,-7.0,-2.47,1.23,1.35,1.19,15.0,1.23,1.23,1.23,1.26,0.0,0.0,0.0,0.0,576500000.0,587800000.0,568700000.0,15.0,6680.8,6136.8,444.27,235.56,18.09,0.0,15.03,-12.2,-2.7,17.94,13.17,0.56,-0.94,180.0,170.0,180.0,2024-05-17,5.199999999999999,7.3,12.5,6.944444444444445,0.425,10.1,10.525,184.22,4.219999999999999,0.40511,0.40511,0.40511,0.24414,39.73488682086347,-0.11707,39.0,0.0,0.4285714285714285,17.0,5.555555555555558,1,1.3888888888888866,2024-04-30,505.0,490.0535888671875,0.1423971428571428,0.1370573809523809,0.141705,-0.0053397619047619,-0.0006921428571428,1,0.1528542857142857,0.1235842857142857,0.02927,-0.0041778571428571,0.6263051779096881,0.4566689535493765,0.7888446215139442,0.1507012455483778,0.1352735147090766,0.0071236281480662,1.1140484216180868,1.19,-0.3018209575409785,0.9140145508794636,-0.6280855454239114,-0.0072580235341422,-0.0386470095316459,-0.0405030899681541,1,15.649999618530272,16.59000015258789,1.410285332815988,12.5,10.525,real_post_mid,1.25,2.6,69.89999999999998,0.003883333333333332,fold_3,logreg,0.7394366197183099
PPL,2024-03-31,2024-05-01,1.0,27.5,26.57,1.82,5.38,0.5,0.53,0.47,11.0,0.5,0.51,0.49,0.5,1.0,0.0,2.0,0.0,2061970000.0,2388160000.0,1873000000.0,3.0,-5.6,-24.8,64.0,82.75,5.19,306.85,7.98,42.86,-6.98,9.92,18.63,2.87,2.22,27.0,28.0,27.0,2024-05-17,0.75,0.25,1.0,3.7037037037037033,1.05,0.1,1.15,29.59,2.59,0.19048,0.20024,0.19536,0.166095,14.98003685503686,-0.0292699999999999,4756.0,0.0,0.0157480314960629,17.0,3.703703703703698,1,5.3290705182007506e-15,2024-04-30,505.0,490.0535888671875,0.1423971428571428,0.1370573809523809,0.141705,-0.0053397619047619,-0.0006921428571428,1,0.1528542857142857,0.1235842857142857,0.02927,-0.0041778571428571,0.6263051779096881,0.4566689535493765,0.7888446215139442,0.1507012455483778,0.1352735147090766,0.0071236281480662,1.1140484216180868,1.19,-0.3018209575409785,0.9140145508794636,-0.6280855454239114,-0.0072580235341422,-0.0386470095316459,-0.0405030899681541,1,15.649999618530272,16.59000015258789,1.410285332815988,1.0,1.15,real_post_mid,0.1,2.6,-27.599999999999994,-0.01022222222222222,fold_3,logreg,0.7394366197183099
MPWR,2024-03-31,2024-05-01,1.0,668.48,614.13,-2.38,6.26,2.66,2.74,2.63,12.0,2.66,2.66,2.66,2.52,0.0,0.0,1.0,0.0,447720000.0,451000000.0,446900000.0,12.0,11196.0,11061.6,202.67,181.55,1.5,283.49,1.91,-9.15,-6.49,-7.45,-8.55,-2.37,-2.91,670.0,710.0,670.0,2024-05-17,34.95,33.9,68.85,10.276119402985074,49.65,6.45,56.1,730.05,60.049999999999955,0.60023,0.60023,0.60023,0.405115,32.50670576279093,-0.11707,54.0,19.0,0.9325581395348838,17.0,5.970149253731338,1,4.305970149253736,2024-04-30,505.0,490.0535888671875,0.1423971428571428,0.1370573809523809,0.141705,-0.0053397619047619,-0.0006921428571428,1,0.1528542857142857,0.1235842857142857,0.02927,-0.0041778571428571,0.6263051779096881,0.4566689535493765,0.7888446215139442,0.1507012455483778,0.1352735147090766,0.0071236281480662,1.1140484216180868,1.19,-0.3018209575409785,0.9140145508794636,-0.6280855454239114,-0.0072580235341422,-0.0386470095316459,-0.0405030899681541,1,15.649999618530272,16.59000015258789,1.410285332815988,68.85,56.1,real_post_mid,6.885,2.6,583.8999999999993,0.008714925373134319,fold_3,logreg,0.7394366197183099
JCI,2024-03-31,2024-05-01,1.0,65.13,54.03,-7.15,11.92,0.75,0.77,0.74,16.0,0.75,0.75,0.75,0.75,0.0,0.0,4.0,0.0,6712730000.0,6794440000.0,6639850000.0,16.0,14040.8,12629.6,549.87,668.02,-14.16,0.0,-2.46,40.7,137.25,11.49,-12.04,-0.07,0.21,65.0,60.0,65.0,2024-05-17,2.125,1.9,4.025,6.1923076923076925,0.05,4.15,4.2,69.02,4.019999999999996,0.35633,0.35633,0.35633,0.20024,43.80489995229141,-0.097555,3661.0,2310.0,0.7659464755324086,17.0,7.692307692307687,0,-1.499999999999995,2024-04-30,505.0,490.0535888671875,0.1423971428571428,0.1370573809523809,0.141705,-0.0053397619047619,-0.0006921428571428,1,0.1528542857142857,0.1235842857142857,0.02927,-0.0041778571428571,0.6263051779096881,0.4566689535493765,0.7888446215139442,0.1507012455483778,0.1352735147090766,0.0071236281480662,1.1140484216180868,1.19,-0.3018209575409785,0.9140145508794636,-0.6280855454239114,-0.0072580235341422,-0.0386470095316459,-0.0405030899681541,1,15.649999618530272,16.59000015258789,1.410285332815988,4.025,4.2,real_post_mid,0.4025000000000001,2.6,-60.349999999999994,-0.009284615384615384,fold_3,logreg,0.7394366197183099
TRMB,2024-03-31,2024-05-03,1.0,62.35,52.59,-10.3,6.35,0.62,0.82,0.58,11.0,0.62,0.6,0.6,0.68,0.0,0.0,1.0,0.0,912530000.0,930730000.0,840580000.0,11.0,8607.2,8282.72,134.4,58.83,3.33,296.81,2.6,5.0,-7.35,2.84,-12.16,4.14,-2.09,60.0,55.0,60.0,2024-05-17,2.125,1.75,3.875,6.458333333333334,0.075,3.875,3.95,57.09,2.9099999999999966,0.41487,0.3856,0.400235,0.23926,40.22012067910103,-0.07317,429.0,154.0,0.255050505050505,15.0,8.333333333333337,0,-1.8750000000000036,2024-05-02,508.0,493.0311279296875,0.13195,0.1319449999999999,0.1319449999999999,-5.000000000032756e-06,-5.000000000032756e-06,1,0.1430942857142857,0.12219,0.0209042857142857,0.0006921428571428,0.4615627217535286,0.3386173776181445,0.7051792828685259,0.1687065618903805,0.1394834981939271,-0.007533498193927,1.2095091109331368,1.1,-1.0686234269452517,0.6221197564415794,-1.436324226257026,0.0030587259867658,-0.0276851626216751,-0.034673238713372,1,14.68000030517578,16.049999237060547,1.485000305175781,3.875,3.95,real_post_mid,0.3875,2.6,-48.85000000000002,-0.00814166666666667,fold_3,logreg,0.7394366197183099
CBRE,2024-03-31,2024-05-03,1.0,95.43,85.0,-9.24,1.89,0.68,0.76,0.61,9.0,0.68,0.68,0.63,0.62,0.0,0.0,0.0,0.0,7942920000.0,8187000000.0,7623190000.0,6.0,14306.4,13388.64,448.0,227.79,3.64,306.06,2.78,3.76,91.67,-9.95,-26.12,-1.76,-1.4,87.5,87.5,87.5,2024-05-17,2.95,3.45,6.4,7.314285714285715,1.0,2.15,3.15,91.27,3.769999999999996,0.45389,0.45389,0.45389,0.249015,45.137588402476375,-0.16097,172.0,165.0,1.087936046511628,15.0,0.0,1,7.314285714285715,2024-05-02,508.0,493.0311279296875,0.13195,0.1319449999999999,0.1319449999999999,-5.000000000032756e-06,-5.000000000032756e-06,1,0.1430942857142857,0.12219,0.0209042857142857,0.0006921428571428,0.4615627217535286,0.3386173776181445,0.7051792828685259,0.1687065618903805,0.1394834981939271,-0.007533498193927,1.2095091109331368,1.1,-1.0686234269452517,0.6221197564415794,-1.436324226257026,0.0030587259867658,-0.0276851626216751,-0.034673238713372,1,14.68000030517578,16.049999237060547,1.485000305175781,6.4,3.15,real_post_mid,0.6400000000000001,2.6,258.40000000000003,0.029531428571428577,fold_3,logreg,0.7394366197183099
NI,2024-03-31,2024-05-08,1.0,27.45,25.06,4.63,14.6,0.83,0.84,0.81,8.0,0.83,0.83,0.84,0.79,0.0,0.0,2.0,0.0,2496940000.0,3070150000.0,1923740000.0,2.0,2193.76,2115.04,66.13,71.89,-5.9,435.86,-4.08,6.0,178.95,3.44,2.35,6.53,1.89,30.0,30.0,30.0,2024-05-17,0.1,2.975,3.075,10.25,0.1,2.62,2.72,29.23,0.7699999999999996,0.11244,1.28314,0.69779,0.07829,88.7802920649479,-0.35609,33.0,37.0,0.1490196078431372,10.0,0.0,1,10.25,2024-05-07,520.0,504.8533935546875,0.117315,0.122195,0.1237184375,0.0048799999999999,0.0064034374999999,0,0.12219,0.11244,0.0097499999999999,0.0,0.2307813608767643,0.1732434722950886,0.4820717131474104,0.106111671573116,0.1411211613569878,-0.0238061613569878,0.7519189223839372,1.29,0.1749637661297705,1.5832507979288175,0.3177654808593679,0.0302003801700776,-0.0030458771459657,-0.0115259185131776,1,13.229999542236328,14.949999809265137,1.4984995422363276,3.075,2.72,real_post_mid,0.30750000000000005,2.6,2.149999999999993,0.0007166666666666643,fold_3,logreg,0.7394366197183099
TPR,2024-03-31,2024-05-09,0.0,42.69,42.0,-5.43,-3.88,0.67,0.72,0.65,15.0,0.67,0.67,0.67,0.73,0.0,0.0,0.0,1.0,1498230000.0,1518730000.0,1482000000.0,14.0,-4544.8,-3052.16,-596.27,973.37,2.92,0.0,2.81,-30.77,-66.87,8.01,7.03,3.04,0.82,39.0,40.0,39.0,2024-05-10,1.1749999999999998,1.6749999999999998,2.8499999999999996,7.307692307692307,0.6749999999999999,0.05,0.725,40.07,1.0700000000000005,1.01973,1.44899,1.23436,0.24902,79.82598269548592,-0.8731500000000001,129.0,111.0,0.4678169833268709,2.0,2.564102564102555,1,4.743589743589752,2024-05-08,520.0,504.9021606445313,0.11244,0.122195,0.122195,0.009755,0.009755,0,0.13195,0.10268,0.02927,0.004875,0.1539068043838209,0.1181565034908592,0.3266932270916334,0.0891158121369645,0.141045761532028,-0.028605761532028,0.6318219786897216,1.4,0.7149896372499245,0.6102956135190661,-1.0892484605218868,0.0336562031521432,-0.0041016030255756,-0.0114304353393384,1,13.0,14.899999618530272,1.7560000000000002,2.8499999999999996,0.725,real_post_mid,0.285,2.6,181.39999999999998,0.046512820512820505,fold_3,logreg,0.7394366197183099
EVRG,2024-03-31,2024-05-09,0.0,52.97,49.08,5.19,13.53,0.63,0.9,0.54,7.0,0.64,0.74,0.59,0.65,0.0,0.0,0.0,1.0,1349510000.0,1349510000.0,1349510000.0,1.0,11532.0,11370.72,-76.8,227.99,-6.38,228.6,-6.06,-10.0,-85.64,10.14,-3.44,1.31,0.7,55.0,55.0,55.0,2024-05-17,0.45,1.9,2.35,4.272727272727273,0.625,0.525,1.15,55.11,0.1099999999999994,0.18073,0.50267,0.3417,0.17585,48.53672812408546,-0.16585,431.0,31.0,0.7166666666666667,9.0,0.0,1,4.272727272727273,2024-05-08,520.0,504.9021606445313,0.11244,0.122195,0.122195,0.009755,0.009755,0,0.13195,0.10268,0.02927,0.004875,0.1539068043838209,0.1181565034908592,0.3266932270916334,0.0891158121369645,0.141045761532028,-0.028605761532028,0.6318219786897216,1.4,0.7149896372499245,0.6102956135190661,-1.0892484605218868,0.0336562031521432,-0.0041016030255756,-0.0114304353393384,1,13.0,14.899999618530272,1.7560000000000002,2.35,1.15,real_post_mid,0.23500000000000001,2.6,93.90000000000002,0.017072727272727278,fold_3,logreg,0.7394366197183099
KEYS,2024-04-30,2024-05-20,1.0,145.12,154.43,10.08,3.44,1.38,1.41,1.37,9.0,1.38,1.39,1.38,1.61,1.0,0.0,1.0,0.0,1202970000.0,1209550000.0,1196100000.0,7.0,5295.2,5839.2,-324.27,647.69,-8.83,,-1.87,-19.31,-18.09,-21.34,-31.37,0.64,-5.77,155.0,145.0,155.0,2024-06-21,7.45,5.15,12.6,8.129032258064516,0.7,9.05,9.75,137.0,18.0,0.2978,0.34658,0.32219,0.19536,39.3649709798566,-0.0341449999999999,852.0,481.0,2.811926605504587,35.0,6.451612903225811,1,1.6774193548387046,2024-05-17,531.0,516.8709106445312,0.10268,0.1068585714285714,0.112435,0.0041785714285714,0.009755,0,0.1152257142857142,0.09292,0.0223057142857142,0.0013928571428571,0.0,0.0078695669720327,0.0318725099601593,0.0887322663832249,0.1166047306232767,-0.0139247306232767,0.7609662653387425,1.36,0.4191830091040515,3.2148371576680184,1.2596361142601202,0.0165309667610704,0.0599175274686798,-0.0006228690661483,1,11.989999771118164,13.989999771118164,1.7219997711181652,12.600000000000001,9.75,real_post_mid,1.2600000000000002,2.6,156.40000000000012,0.01009032258064517,fold_3,logreg,0.7394366197183099
NDSN,2024-04-30,2024-05-20,1.0,259.59,264.11,3.4,1.63,2.31,2.35,2.27,6.0,2.31,2.31,2.32,2.45,0.0,0.0,0.0,0.0,661410000.0,673400000.0,647560000.0,7.0,3311.2,2924.0,138.67,355.69,3.72,,1.26,13.33,-10.16,15.26,10.55,1.16,1.56,270.0,250.0,270.0,2024-06-21,7.7,5.5,13.2,4.888888888888888,1.075,26.2,27.275,231.32,38.68000000000001,0.18073,0.21,0.195365,0.161215,17.480101348757458,0.0097499999999999,25.0,393.0,0.1172962226640159,35.0,7.4074074074074066,0,-2.518518518518518,2024-05-17,531.0,516.8709106445312,0.10268,0.1068585714285714,0.112435,0.0041785714285714,0.009755,0,0.1152257142857142,0.09292,0.0223057142857142,0.0013928571428571,0.0,0.0078695669720327,0.0318725099601593,0.0887322663832249,0.1166047306232767,-0.0139247306232767,0.7609662653387425,1.36,0.4191830091040515,3.2148371576680184,1.2596361142601202,0.0165309667610704,0.0599175274686798,-0.0006228690661483,1,11.989999771118164,13.989999771118164,1.7219997711181652,13.2,27.275,real_post_mid,1.32,2.6,-1542.1,-0.05711481481481481,fold_3,logreg,0.7394366197183099
AZO,2024-05-31,2024-05-21,1.0,2985.54,2729.69,-5.52,3.34,35.96,38.45,33.66,22.0,36.05,36.07,36.06,35.69,1.0,0.0,3.0,2.0,4290900000.0,4365950000.0,4218640000.0,18.0,52732.0,57021.6,-2045.87,4552.19,4.56,,5.19,17.25,-30.15,10.79,10.94,1.6,1.11,2940.0,2780.0,2940.0,2024-06-21,87.0,86.85,173.85,5.913265306122449,14.1,174.9,189.0,2990.35,50.34999999999991,0.25877,0.24902,0.253895,0.19048,24.97686051320427,-0.0341449999999999,78.0,13.0,0.8294117647058824,32.0,5.442176870748295,1,0.4710884353741544,2024-05-20,531.0,517.466552734375,0.1075599999999999,0.107555,0.1138292857142857,-4.999999999991123e-06,0.0062692857142857,0,0.12219,0.0957085714285714,0.0264814285714285,0.0013892857142857,0.0769534021919103,0.0630130352314459,0.1593625498007968,0.0867319525700061,0.1090568813268093,-0.0014968813268093,0.7952909666479235,1.52,1.24333944629684,2.5255518060219355,0.6395288336329413,0.0175657352072342,0.0704824800750105,0.0,1,12.149999618530272,14.109999656677246,1.393999618530275,173.85,189.0,real_post_mid,17.385,2.6,-3256.100000000001,-0.011075170068027213,fold_3,logreg,0.7394366197183099
WSM,2024-04-30,2024-05-22,1.0,280.22,225.5,-0.1,24.14,2.7,3.02,2.24,20.0,2.69,2.68,2.67,2.51,2.0,0.0,5.0,0.0,1656410000.0,1763770000.0,1608900000.0,19.0,15844.0,16168.8,821.33,1561.54,,,-12.05,95.29,103.83,,,,,320.0,290.0,320.0,2024-06-21,14.75,18.95,33.7,10.53125,1.75,36.3,38.05,303.36,16.639999999999986,0.45389,0.45389,0.45389,0.31731,30.090991209323853,-0.06829,335.0,107.0,1.6633099824868651,31.0,9.375,1,1.15625,2024-05-21,533.0,518.7355346679688,0.10268,0.1034929166666666,0.1134807142857142,0.0008129166666666,0.0108007142857142,0,0.1207971428571428,0.09292,0.0278771428571428,0.0041785714285714,0.0,0.0078695669720327,0.0358565737051792,0.086354512169092,0.1069212091653512,-0.0042412091653512,0.8076462363565935,1.13,-0.9284166476979776,0.5405521839872385,-0.9195479796798068,0.015402367335084,0.0633154630750243,0.0,1,11.859999656677246,13.949999809265137,1.5919996566772472,33.7,38.05,real_post_mid,3.3700000000000006,2.6,-774.5999999999996,-0.024206249999999988,fold_3,logreg,0.7394366197183099
SNPS,2024-04-30,2024-05-22,0.0,515.49,580.9,11.18,-1.34,3.03,3.14,2.93,9.0,3.05,3.05,3.1,2.79,0.0,0.0,0.0,1.0,1518580000.0,1800000000.0,1439960000.0,10.0,6552.8,6394.72,-96.0,476.54,10.91,,6.43,35.88,12.3,44.63,23.29,1.94,2.49,570.0,590.0,570.0,2024-06-21,24.549999999999997,22.5,47.05,8.25438596491228,27.1,9.7,36.8,605.53,35.52999999999997,0.33682,0.36609,0.351455,0.25877,26.37179724289027,-0.0195099999999999,486.0,54.0,1.024340770791075,31.0,3.5087719298245723,1,4.7456140350877085,2024-05-21,533.0,518.7355346679688,0.10268,0.1034929166666666,0.1134807142857142,0.0008129166666666,0.0108007142857142,0,0.1207971428571428,0.09292,0.0278771428571428,0.0041785714285714,0.0,0.0078695669720327,0.0358565737051792,0.086354512169092,0.1069212091653512,-0.0042412091653512,0.8076462363565935,1.13,-0.9284166476979776,0.5405521839872385,-0.9195479796798068,0.015402367335084,0.0633154630750243,0.0,1,11.859999656677246,13.949999809265137,1.5919996566772472,47.05,36.8,real_post_mid,4.705,2.6,551.9,0.009682456140350877,fold_3,logreg,0.7394366197183099
A,2024-04-30,2024-05-29,1.0,139.59,137.36,4.22,5.91,1.19,1.2,1.17,15.0,1.19,1.19,1.19,1.2,0.0,0.0,0.0,0.0,1582000000.0,1590900000.0,1570000000.0,14.0,5612.0,5573.92,-9.07,201.26,-5.58,,-0.67,-5.84,-6.52,-2.99,-9.86,-0.37,-1.1,150.0,130.0,150.0,2024-06-21,3.95,5.300000000000001,9.25,6.166666666666667,0.175,18.7,18.875,133.25,16.75,0.2978,0.30755,0.302675,0.253895,16.116296357479158,-0.039025,248.0,47.0,0.7959183673469388,24.0,13.33333333333333,0,-7.166666666666663,2024-05-28,531.0,517.2224731445312,0.1082521428571428,0.1108083333333333,0.1208007142857142,0.0025561904761904,0.0125485714285714,0,0.13195,0.0845628571428571,0.0473871428571428,4.285714285734432e-06,0.1074715367404745,0.0780892127812925,0.1952191235059761,0.0839981193982399,0.1045745634315754,0.0036775794255673,0.8032366250632359,1.24,-0.3819582993020662,0.9654155128024344,-0.5945727168986984,-0.0004716818672704,0.0423997338084762,-0.002916826441061,1,12.920000076293944,14.720000267028809,2.0947857905796603,9.25,18.875,real_post_mid,0.925,2.6,-1057.6,-0.07050666666666666,fold_3,logreg,0.7394366197183099
COO,2024-04-30,2024-05-30,1.0,89.06,102.19,1.31,-11.7,0.83,0.88,0.78,15.0,0.83,0.83,0.83,0.82,0.0,0.0,0.0,0.0,948060000.0,957600000.0,939540000.0,13.0,2196.0,2525.92,-163.2,363.05,8.51,,8.2,-70.69,-75.5,3.7,2.41,1.9,-0.98,92.5,95.0,90.0,2024-06-21,3.85,2.5,6.35,6.864864864864864,4.800000000000001,0.55,5.3500000000000005,91.51,1.5100000000000051,0.34658,0.34658,0.34658,0.2197549999999999,36.59328293611865,-0.07805,1020.0,157.0,0.6054313099041534,23.0,2.7027027027026973,1,4.162162162162167,2024-05-29,526.0,513.6005249023438,0.117315,0.117315,0.122195,0.0,0.0048799999999999,0,0.15146,0.09292,0.05854,0.004875,0.2473134871212707,0.179698886842316,0.5338645418326693,0.0924373374068001,0.1089035953348926,0.0084114046651073,0.848799684918972,1.25,-0.3454709461295596,1.37439458584675,-0.2882737520539311,-0.0098990900419262,0.0314472709336672,-0.0098990900419262,1,14.279999732971191,15.449999809265137,2.548499732971191,6.35,5.3500000000000005,real_post_mid,0.635,2.6,33.899999999999906,0.0036648648648648545,fold_3,logreg,0.7394366197183099
ADBE,2024-05-31,2024-06-13,1.0,475.95,492.46,-3.62,-6.85,4.09,4.24,4.06,27.0,4.39,4.39,4.11,4.38,1.0,0.0,1.0,0.0,4927270000.0,4997050000.0,4902840000.0,26.0,492.0,527.84,201.6,484.17,11.32,,10.49,65.31,4.92,-32.87,-42.81,0.81,-16.57,460.0,525.0,460.0,2024-06-14,17.45,17.475,34.925,7.592391304347826,65.525,0.01,65.53500000000001,525.31,65.30999999999995,1.28314,1.28314,1.28314,0.26853,79.072431691008,-0.89266,655.0,159.0,1.3552153208049569,2.0,14.130434782608692,0,-6.538043478260866,2024-06-12,541.0,528.4979858398438,0.097805,0.1093865625,0.1175473809523809,0.0115815625,0.0197423809523809,0,0.12219,0.08317,0.03902,0.0048749999999999,0.0,0.0,0.0,0.0576557092040792,0.0885685084454502,0.0092364915545497,0.6509730175662791,1.2,-0.369955524508507,6.708263347340974,2.7018144337570473,0.0125125337570985,0.0392583610958834,0.0,1,12.039999961853027,14.119999885559082,2.2594999618530274,34.925,65.53500000000001,real_post_mid,3.4924999999999997,2.6,-3412.8500000000013,-0.07419239130434785,fold_3,logreg,0.7394366197183099
LEN,2024-05-31,2024-06-17,1.0,165.88,159.64,-5.65,-1.96,3.24,3.44,3.16,18.0,3.24,3.24,3.24,3.26,0.0,0.0,0.0,0.0,8518580000.0,8729000000.0,8145000000.0,14.0,3341.6,4595.52,-689.07,1954.9,12.67,,1.28,24.76,-46.68,11.15,10.6,-0.03,-0.24,155.0,149.0,155.0,2024-06-21,5.0,4.75,9.75,6.290322580645161,0.175,6.4,6.575,151.55,3.4499999999999886,0.57096,0.57096,0.57096,0.297795,47.8431063472047,-0.219505,923.0,443.0,0.6196128837138969,7.0,3.870967741935482,1,2.4193548387096784,2024-06-14,542.0,529.88427734375,0.1040728571428571,0.1162692857142857,0.122195,0.0121964285714285,0.0181221428571428,0,0.13195,0.08317,0.04878,0.0034871428571428,0.2570374058994108,0.067632664071833,0.0597609561752988,0.0459776493473856,0.0791494969658866,0.0249233601769705,0.5808962925841715,1.54,1.5786998954798257,6.696737033224044,2.5017040976089477,0.016423049801618,0.0245386573572248,0.0,1,12.65999984741211,14.84000015258789,2.252714133126396,9.75,6.575,real_post_mid,0.9750000000000001,2.6,217.39999999999998,0.014025806451612902,fold_3,logreg,0.7394366197183099
ACN,2024-05-31,2024-06-20,0.0,303.64,337.5,0.83,-9.29,3.15,3.26,3.06,20.0,3.16,3.15,3.15,3.21,2.0,0.0,2.0,2.0,16530800000.0,16721200000.0,16250000000.0,18.0,2053.6,2317.6,-231.47,490.29,-0.09,,1.82,15.9,9.92,6.6,5.24,0.31,0.65,285.0,310.0,285.0,2024-06-21,11.75,11.0,22.75,7.982456140350877,24.4,0.05,24.45,308.98,23.980000000000015,1.11729,1.08802,1.102655,0.20024,81.84019480254476,-0.72681,273.0,207.0,0.6401565995525728,3.0,8.771929824561408,0,-0.789473684210531,2024-06-18,547.0,535.4586181640625,0.107555,0.117315,0.1212654761904761,0.00976,0.0137104761904761,0,0.12219,0.0915271428571428,0.0306628571428571,-0.0006964285714285,0.4115908816789289,0.1052063663339627,0.1115537848605577,0.0562200118249563,0.0816199460254858,0.0259350539745141,0.6888023646499551,1.03,-1.2300856930717343,1.2998824521421548,-0.4763623797260292,0.0214919636117341,0.0359619919340259,0.0,1,12.300000190734863,14.6899995803833,1.5445001907348637,22.75,24.45,real_post_mid,2.275,2.6,-400.09999999999997,-0.014038596491228069,fold_3,logreg,0.7394366197183099
JBL,2024-05-31,2024-06-20,1.0,117.79,131.19,-5.09,-14.79,1.85,1.91,1.77,8.0,1.85,1.85,1.85,1.85,0.0,0.0,0.0,0.0,6526170000.0,6630980000.0,6495600000.0,8.0,4373.6,4381.28,25.6,115.2,-16.81,,-9.46,-10.64,-22.22,112.31,215.04,1.18,12.3,125.0,115.0,125.0,2024-06-21,6.25,5.2,11.45,9.16,0.05,11.3,11.35,113.19,11.810000000000002,1.23436,1.28314,1.25875,0.283165,77.50427010923535,-0.912175,1624.0,935.0,0.7381300500192381,3.0,7.9999999999999964,1,1.1600000000000037,2024-06-18,547.0,535.4586181640625,0.107555,0.117315,0.1212654761904761,0.00976,0.0137104761904761,0,0.12219,0.0915271428571428,0.0306628571428571,-0.0006964285714285,0.4115908816789289,0.1052063663339627,0.1115537848605577,0.0562200118249563,0.0816199460254858,0.0259350539745141,0.6888023646499551,1.03,-1.2300856930717343,1.2998824521421548,-0.4763623797260292,0.0214919636117341,0.0359619919340259,0.0,1,12.300000190734863,14.6899995803833,1.5445001907348637,11.45,11.35,real_post_mid,1.145,2.6,-107.10000000000004,-0.008568000000000003,fold_3,logreg,0.7394366197183099
KR,2024-04-30,2024-06-20,1.0,53.66,56.55,-6.3,-11.09,1.35,1.46,1.29,16.0,1.34,1.34,1.34,1.34,1.0,0.0,1.0,0.0,45061200000.0,45387000000.0,44564000000.0,14.0,2775.2,2785.76,56.53,140.46,,,-0.41,77.78,-15.79,,,,,52.0,50.0,52.0,2024-06-21,1.48,1.4449999999999998,2.925,5.624999999999999,0.01,2.265,2.275,50.21,1.7899999999999991,0.78559,0.76608,0.775835,0.18073,76.70509837787674,-0.46828,1285.0,1900.0,0.5382295547276921,3.0,3.846153846153843,1,1.7788461538461555,2024-06-18,547.0,535.4586181640625,0.107555,0.117315,0.1212654761904761,0.00976,0.0137104761904761,0,0.12219,0.0915271428571428,0.0306628571428571,-0.0006964285714285,0.4115908816789289,0.1052063663339627,0.1115537848605577,0.0562200118249563,0.0816199460254858,0.0259350539745141,0.6888023646499551,1.03,-1.2300856930717343,1.2998824521421548,-0.4763623797260292,0.0214919636117341,0.0359619919340259,0.0,1,12.300000190734863,14.6899995803833,1.5445001907348637,2.925,2.275,real_post_mid,0.2925,2.6,33.14999999999999,0.006374999999999999,fold_3,logreg,0.7394366197183099
FDS,2024-05-31,2024-06-21,1.0,447.79,447.46,-5.37,-5.3,3.9,4.06,3.77,16.0,3.9,3.9,3.9,3.88,0.0,0.0,1.0,1.0,552710000.0,558700000.0,544000000.0,14.0,3191.2,4004.48,-54.4,1421.75,5.99,,7.25,11.05,50.71,7.59,7.5,0.02,0.47,410.0,430.0,410.0,2024-06-21,14.6,17.05,31.65,7.719512195121951,,,,423.73,13.730000000000018,1.8002,1.89776,1.84898,0.185605,89.96176270159764,-1.546305,39.0,118.0,0.9449288664525012,1.0,4.878048780487809,1,2.841463414634142,2024-06-20,545.0,534.0039672851562,0.1131321428571428,0.1221949999999999,0.1310164285714285,0.0090628571428571,0.0178842857142856,0,0.13195,0.09292,0.03903,-0.0006971428571428,0.6470268966349062,0.1653859493622106,0.4382470119521912,0.0612833149515496,0.0830271758607871,0.0301049669963557,0.7381115197065629,1.04,-1.116056712908272,1.171244377139026,-0.5706510699863461,0.0104181692131954,0.0319584221693072,-0.0027166448154178,1,13.279999732971191,15.40999984741211,1.9667854472569033,31.65,20.0,intrinsic_fallback,3.165,2.6,845.9,0.02063170731707317,fold_3,logreg,0.7394366197183099
MU,2024-05-31,2024-06-26,1.0,129.49,117.89,9.94,20.76,0.51,0.77,0.4,24.0,0.51,0.49,0.47,0.43,1.0,0.0,8.0,0.0,6669920000.0,6932000000.0,6517000000.0,25.0,4719.2,2221.6,1120.0,710.3,57.7,,-12.9,121.99,362.5,1446.75,108.29,51.19,65.64,141.0,132.0,141.0,2024-06-28,9.1,8.975000000000001,18.075000000000003,12.819148936170215,0.225,8.975,9.2,131.53,9.47,1.77093,1.78069,1.77581,0.585595,67.02378069725927,-1.10729,2271.0,1865.0,0.428865859338612,3.0,6.382978723404253,1,6.436170212765962,2024-06-25,551.0,533.6014404296875,0.1068628571428571,0.1180114285714285,0.1207274999999999,0.0111485714285714,0.0138646428571428,0,0.12219,0.10268,0.01951,0.0055721428571428,0.3823724520564464,0.097737870438167,0.0756972111553784,0.0507223330941956,0.0780009608380994,0.0288618963047576,0.6502783113079348,1.02,-1.124061783442715,0.6371551865215426,-0.8274422824749679,-0.0009362659228344,0.0392191894268958,-0.0034683870450021,1,12.84000015258789,14.859999656677246,2.1537144383021776,18.075000000000003,9.2,real_post_mid,1.8075000000000003,2.6,704.1500000000003,0.04993971631205676,fold_3,logreg,0.7394366197183099
MKC,2024-05-31,2024-06-27,1.0,71.31,76.81,-1.0,-8.08,0.59,0.63,0.55,12.0,0.59,0.6,0.6,0.6,1.0,0.0,1.0,3.0,1631520000.0,1657000000.0,1613000000.0,11.0,-18007.2,-18075.04,123.73,162.32,2.38,,5.29,6.78,-25.88,10.55,18.79,1.43,2.04,70.0,70.0,70.0,2024-07-19,1.2,3.7,4.9,7.000000000000001,1.725,1.0,2.725,73.59,3.5900000000000034,0.2978,0.36609,0.331945,0.190485,42.615493530554765,-0.06829,2852.0,1292.0,1.6438579341805148,23.0,0.0,1,7.000000000000001,2024-06-26,551.0,534.2674560546875,0.1075599999999999,0.1155739285714285,0.117315,0.0080139285714285,0.009755,0,0.12219,0.09292,0.0292699999999999,-4.999999999991123e-06,0.4118019539259434,0.1052603183166979,0.2031872509960159,0.0470491622454574,0.0760622970504504,0.0314977029495495,0.6185608911370475,0.92,-1.5134631478250686,0.6530551713492537,-0.805190984162309,-0.0022245642687742,0.0336769579274496,-0.0022245642687742,1,12.550000190734863,14.710000038146973,1.7940001907348648,4.9,2.725,real_post_mid,0.49000000000000005,2.6,165.90000000000003,0.023700000000000006,fold_3,logreg,0.7394366197183099
FAST,2024-06-30,2024-07-12,0.0,64.53,70.45,1.41,-7.11,0.51,0.52,0.5,10.0,0.51,0.52,0.53,0.54,0.0,0.0,0.0,2.0,1914680000.0,1920800000.0,1908700000.0,10.0,-3181.6,-3197.44,-1.6,35.3,1.94,-74.2,4.43,0.0,13.04,-0.78,-0.76,-0.26,-0.56,64.62,67.5,64.62,2024-07-19,2.05,2.4,4.449999999999999,6.886412875270813,3.4,0.1,3.5,67.89,3.269999999999996,0.59047,0.58072,0.5855950000000001,0.21,64.13903807238792,-0.3219450000000001,5528.0,1475.0,0.6625,8.0,4.456824512534818,1,2.429588362735995,2024-07-11,563.0,545.0112915039062,0.1033771428571428,0.1147614285714285,0.117315,0.0113842857142857,0.0139378571428571,0,0.12219,0.10268,0.01951,0.0090578571428571,0.2353863314340843,0.0601763363955854,0.0876494023904382,0.1096558475951091,0.070587364273002,0.0327897785841408,1.5534770100071558,1.04,-0.8702271965788143,1.6087282030926693,-0.1464020075439816,0.0091029249464962,0.0422192967784624,-0.0086226134184806,1,12.920000076293944,14.670000076293944,2.5822857905796592,4.449999999999999,3.5,real_post_mid,0.44499999999999995,2.6,47.899999999999935,0.00741256576911172,fold_3,logreg,0.7394366197183099
BK,2024-06-30,2024-07-12,1.0,58.61,55.05,10.37,17.51,1.43,1.48,1.37,15.0,1.43,1.41,1.41,1.38,5.0,0.0,10.0,1.0,4523500000.0,4584000000.0,4414000000.0,13.0,6880.8,6147.04,333.87,110.81,119.05,-71.92,60.32,14.16,0.78,12.92,5.58,-53.58,-14.99,62.5,65.0,62.5,2024-07-19,0.8,1.775,2.575,4.12,2.325,0.07,2.395,62.69,0.1899999999999977,0.33682,0.33682,0.33682,0.19536,41.99869366427172,-0.117065,3395.0,941.0,0.5270611057225995,8.0,4.0000000000000036,1,0.1199999999999965,2024-07-11,563.0,545.0112915039062,0.1033771428571428,0.1147614285714285,0.117315,0.0113842857142857,0.0139378571428571,0,0.12219,0.10268,0.01951,0.0090578571428571,0.2353863314340843,0.0601763363955854,0.0876494023904382,0.1096558475951091,0.070587364273002,0.0327897785841408,1.5534770100071558,1.04,-0.8702271965788143,1.6087282030926693,-0.1464020075439816,0.0091029249464962,0.0422192967784624,-0.0086226134184806,1,12.920000076293944,14.670000076293944,2.5822857905796592,2.575,2.395,real_post_mid,0.2575,2.6,-10.349999999999985,-0.0016559999999999978,fold_3,logreg,0.7394366197183099
WRB,2024-06-30,2024-07-22,1.0,80.49,79.08,-35.62,-34.47,0.92,0.97,0.82,13.0,0.92,1.44,1.44,1.44,1.0,0.0,2.0,3.0,3349070000.0,3378400000.0,3279470000.0,6.0,-5469.6,-6189.6,330.67,113.14,12.5,-73.18,11.02,56.0,7.59,25.71,52.65,3.65,4.64,50.0,52.5,50.0,2024-08-16,2.575,0.875,3.45,6.9,2.825,0.425,3.25,57.56,7.560000000000002,0.27829,0.28804,0.283165,0.141705,49.95673900376106,-0.0536599999999999,5.0,54.0,3.303030303030303,28.0,5.000000000000004,1,1.899999999999996,2024-07-19,570.0,537.67578125,0.13195,0.12707,0.12707,-0.00488,-0.00488,1,0.16122,0.1194042857142857,0.0418157142857142,0.0083621428571428,1.0,0.3684721622788089,0.7848605577689243,0.1297131377731952,0.0949152875814372,0.0370347124185627,1.3666200785821936,0.96,-1.4476025508874568,1.2627899175817945,0.0417915488448593,-0.0196431276096066,0.0041406805507016,-0.0280951988502121,1,16.520000457763672,17.15999984741211,3.3250004577636716,3.45,3.25,real_post_mid,0.34500000000000003,2.6,-17.099999999999987,-0.0034199999999999973,fold_3,logreg,0.7394366197183099
ARE,2024-06-30,2024-07-22,1.0,116.56,119.49,7.96,5.31,0.8,0.91,0.61,4.0,0.8,0.8,0.87,0.81,0.0,0.0,0.0,0.0,780100000.0,811000000.0,751910000.0,8.0,-141.6,-79.2,304.0,704.64,9.83,-73.42,9.37,7.23,8.54,36.64,20.96,1.19,2.47,125.0,120.0,125.0,2024-08-16,4.15,3.95,8.100000000000001,6.480000000000001,1.825,5.0,6.825,114.69,10.310000000000002,0.27829,0.30755,0.2929199999999999,0.26365,9.992489416905627,-0.0341499999999999,136.0,25.0,0.0247879973907371,28.0,4.0000000000000036,1,2.4799999999999978,2024-07-19,570.0,537.67578125,0.13195,0.12707,0.12707,-0.00488,-0.00488,1,0.16122,0.1194042857142857,0.0418157142857142,0.0083621428571428,1.0,0.3684721622788089,0.7848605577689243,0.1297131377731952,0.0949152875814372,0.0370347124185627,1.3666200785821936,0.96,-1.4476025508874568,1.2627899175817945,0.0417915488448593,-0.0196431276096066,0.0041406805507016,-0.0280951988502121,1,16.520000457763672,17.15999984741211,3.3250004577636716,8.100000000000001,6.825,real_post_mid,0.8100000000000002,2.6,43.900000000000105,0.0035120000000000086,fold_3,logreg,0.7394366197183099
CDNS,2024-06-30,2024-07-22,1.0,318.39,281.76,-9.83,1.89,1.22,1.24,1.22,9.0,1.22,1.22,1.22,1.25,0.0,0.0,0.0,0.0,1042580000.0,1052030000.0,1040000000.0,10.0,6940.0,6636.0,172.8,37.96,-1.23,-75.33,11.91,-9.3,-15.22,-1.75,-22.49,-0.23,-6.79,280.0,285.0,280.0,2024-08-16,11.8,10.55,22.35,7.982142857142857,10.0,6.25,16.25,281.0,1.0,0.36609,0.35633,0.36121,0.27829,22.95617507820937,-0.03414,91.0,162.0,0.6965875370919882,28.0,1.7857142857142794,1,6.196428571428577,2024-07-19,570.0,537.67578125,0.13195,0.12707,0.12707,-0.00488,-0.00488,1,0.16122,0.1194042857142857,0.0418157142857142,0.0083621428571428,1.0,0.3684721622788089,0.7848605577689243,0.1297131377731952,0.0949152875814372,0.0370347124185627,1.3666200785821936,0.96,-1.4476025508874568,1.2627899175817945,0.0417915488448593,-0.0196431276096066,0.0041406805507016,-0.0280951988502121,1,16.520000457763672,17.15999984741211,3.3250004577636716,22.35,16.25,real_post_mid,2.2350000000000003,2.6,383.9000000000001,0.01371071428571429,fold_3,logreg,0.7394366197183099
BRO,2024-06-30,2024-07-22,1.0,93.02,82.93,0.15,12.34,0.88,0.9,0.84,13.0,0.87,0.88,0.88,0.87,1.0,0.0,3.0,2.0,1144490000.0,1173600000.0,1122350000.0,9.0,3528.8,3042.4,202.67,64.0,11.64,-70.94,17.83,35.71,96.55,18.78,20.31,0.52,2.28,90.0,100.0,90.0,2024-08-16,3.9,2.375,6.275,6.972222222222222,8.55,0.275,8.825000000000001,101.87,11.870000000000005,0.21975,0.35633,0.2880399999999999,0.161215,44.03034300791556,-0.1512099999999999,13.0,0.0,0.0050293378038558,28.0,11.111111111111116,0,-4.138888888888894,2024-07-19,570.0,537.67578125,0.13195,0.12707,0.12707,-0.00488,-0.00488,1,0.16122,0.1194042857142857,0.0418157142857142,0.0083621428571428,1.0,0.3684721622788089,0.7848605577689243,0.1297131377731952,0.0949152875814372,0.0370347124185627,1.3666200785821936,0.96,-1.4476025508874568,1.2627899175817945,0.0417915488448593,-0.0196431276096066,0.0041406805507016,-0.0280951988502121,1,16.520000457763672,17.15999984741211,3.3250004577636716,6.275,8.825000000000001,real_post_mid,0.6275000000000001,2.6,-320.3500000000001,-0.035594444444444456,fold_3,logreg,0.7394366197183099
AVY,2024-06-30,2024-07-23,1.0,226.94,212.42,-2.81,3.83,2.26,2.31,2.2,8.0,2.26,2.26,2.26,2.27,0.0,0.0,1.0,0.0,2181890000.0,2239000000.0,2126770000.0,8.0,8853.6,8369.76,384.0,289.28,4.18,-74.28,-6.75,34.71,6.02,27.45,28.43,3.13,2.34,220.0,220.0,220.0,2024-08-16,9.3,4.050000000000001,13.35,6.068181818181819,2.45,7.15,9.6,212.97,7.030000000000001,0.27829,0.26853,0.27341,0.20512,24.977140558136128,-0.063415,38.0,1.0,2.6666666666666665,25.0,0.0,1,6.068181818181819,2024-07-22,577.0,543.2191162109375,0.1249821428571428,0.122195,0.12707,-0.0027871428571428,0.0020878571428571,0,0.1417,0.11244,0.0292599999999999,0.0020878571428571,0.7959631876176535,0.29329027683581,0.6772908366533864,0.1613148535451474,0.1003786592930581,0.0246034835640846,1.607063241143562,1.13,0.3855352771820794,0.7624540898689419,-0.8528506279066228,-0.0122521502691305,0.0172567049878495,-0.0180750453473123,1,14.90999984741211,16.09000015258789,2.4117855616978225,13.350000000000001,9.6,real_post_mid,1.3350000000000002,2.6,238.90000000000018,0.010859090909090917,fold_3,logreg,0.7394366197183099
GPC,2024-06-30,2024-07-23,0.0,141.43,161.8,-2.98,-15.2,2.59,2.76,2.44,10.0,2.59,2.61,2.61,2.59,0.0,0.0,1.0,1.0,6030940000.0,6097310000.0,5935280000.0,8.0,9676.0,9273.76,-41.6,304.21,0.32,-74.95,3.77,3.74,-1.77,-14.75,-1.56,0.95,-0.13,140.0,135.0,140.0,2024-08-16,4.15,5.3,9.45,6.749999999999999,1.7999999999999998,5.550000000000001,7.35,138.86,1.1399999999999864,0.32707,0.32707,0.32707,0.24414,25.35542850154402,-0.05854,2442.0,259.0,0.3149552033080634,25.0,3.57142857142857,1,3.1785714285714293,2024-07-22,577.0,543.2191162109375,0.1249821428571428,0.122195,0.12707,-0.0027871428571428,0.0020878571428571,0,0.1417,0.11244,0.0292599999999999,0.0020878571428571,0.7959631876176535,0.29329027683581,0.6772908366533864,0.1613148535451474,0.1003786592930581,0.0246034835640846,1.607063241143562,1.13,0.3855352771820794,0.7624540898689419,-0.8528506279066228,-0.0122521502691305,0.0172567049878495,-0.0180750453473123,1,14.90999984741211,16.09000015258789,2.4117855616978225,9.45,7.35,real_post_mid,0.945,2.6,112.89999999999999,0.008064285714285713,fold_3,logreg,0.7394366197183099
DGX,2024-06-30,2024-07-23,1.0,138.96,137.55,1.44,2.48,2.34,2.39,2.26,15.0,2.33,2.33,2.34,2.35,2.0,0.0,2.0,0.0,2390020000.0,2409070000.0,2378800000.0,13.0,11226.4,10652.48,217.6,194.6,1.5,-74.43,-5.26,0.0,-5.12,2.38,-1.64,-0.49,-0.4,150.0,145.0,150.0,2024-08-16,3.3,5.2,8.5,5.666666666666666,0.825,5.85,6.675,151.38,1.3799999999999957,0.27829,0.25877,0.26853,0.19048,29.065653744460572,-0.0438999999999999,2943.0,268.0,1.1486880466472302,25.0,3.3333333333333326,1,2.3333333333333335,2024-07-22,577.0,543.2191162109375,0.1249821428571428,0.122195,0.12707,-0.0027871428571428,0.0020878571428571,0,0.1417,0.11244,0.0292599999999999,0.0020878571428571,0.7959631876176535,0.29329027683581,0.6772908366533864,0.1613148535451474,0.1003786592930581,0.0246034835640846,1.607063241143562,1.13,0.3855352771820794,0.7624540898689419,-0.8528506279066228,-0.0122521502691305,0.0172567049878495,-0.0180750453473123,1,14.90999984741211,16.09000015258789,2.4117855616978225,8.5,6.675,real_post_mid,0.8500000000000001,2.6,94.90000000000002,0.006326666666666668,fold_3,logreg,0.7394366197183099
CSGP,2024-06-30,2024-07-23,1.0,73.94,91.95,1.22,-18.61,0.09,0.1,0.09,14.0,0.09,0.09,0.09,0.09,0.0,0.0,1.0,0.0,677260000.0,679300000.0,675000000.0,15.0,-60413.6,-60522.4,106.67,73.32,12.32,-73.26,12.49,-65.52,-69.7,-109.71,-159.28,-1.11,-18.87,75.0,75.0,75.0,2024-08-16,3.75,2.975,6.725,8.966666666666665,3.25,1.4500000000000002,4.7,74.04,0.9599999999999936,0.42462,0.42462,0.42462,0.302675,28.718619000518103,-0.073165,946.0,17.0,6.475806451612903,25.0,0.0,1,8.966666666666665,2024-07-22,577.0,543.2191162109375,0.1249821428571428,0.122195,0.12707,-0.0027871428571428,0.0020878571428571,0,0.1417,0.11244,0.0292599999999999,0.0020878571428571,0.7959631876176535,0.29329027683581,0.6772908366533864,0.1613148535451474,0.1003786592930581,0.0246034835640846,1.607063241143562,1.13,0.3855352771820794,0.7624540898689419,-0.8528506279066228,-0.0122521502691305,0.0172567049878495,-0.0180750453473123,1,14.90999984741211,16.09000015258789,2.4117855616978225,6.725,4.7,real_post_mid,0.6725,2.6,132.64999999999998,0.017686666666666663,fold_3,logreg,0.7394366197183099
CB,2024-06-30,2024-07-23,1.0,264.6,243.01,-0.51,8.33,5.15,5.45,4.26,20.0,5.16,5.34,5.4,5.43,0.0,0.0,0.0,3.0,11641800000.0,11832000000.0,11471000000.0,6.0,16509.6,15031.2,634.67,392.48,15.77,-74.19,16.46,22.68,-2.35,15.39,-19.95,-70.46,-6.3,265.0,260.0,265.0,2024-08-16,4.949999999999999,7.1,12.05,4.547169811320755,2.975,7.1,10.075,273.41,8.410000000000025,0.21975,0.21975,0.21975,0.19048,13.319681456200222,-0.0243899999999999,867.0,119.0,0.566017316017316,25.0,1.8867924528301885,1,2.6603773584905666,2024-07-22,577.0,543.2191162109375,0.1249821428571428,0.122195,0.12707,-0.0027871428571428,0.0020878571428571,0,0.1417,0.11244,0.0292599999999999,0.0020878571428571,0.7959631876176535,0.29329027683581,0.6772908366533864,0.1613148535451474,0.1003786592930581,0.0246034835640846,1.607063241143562,1.13,0.3855352771820794,0.7624540898689419,-0.8528506279066228,-0.0122521502691305,0.0172567049878495,-0.0180750453473123,1,14.90999984741211,16.09000015258789,2.4117855616978225,12.049999999999999,10.075,real_post_mid,1.205,2.6,74.39999999999996,0.002807547169811319,fold_3,logreg,0.7394366197183099
AOS,2024-06-30,2024-07-23,0.0,84.14,87.0,-4.36,-7.51,1.06,1.1,1.03,12.0,1.06,1.05,1.06,1.06,1.0,0.0,4.0,0.0,997750000.0,1013200000.0,986710000.0,12.0,5148.0,4940.0,32.0,126.74,1.28,-74.6,2.58,6.38,3.09,9.67,3.0,0.53,0.33,90.0,80.0,90.0,2024-08-16,2.0,3.3,5.3,5.888888888888888,0.15,9.5,9.65,79.65,10.349999999999994,0.25877,0.30755,0.2831599999999999,0.239265,15.501836417573092,-0.0682899999999999,1941.0,251.0,0.4907651715039577,25.0,11.111111111111116,0,-5.222222222222228,2024-07-22,577.0,543.2191162109375,0.1249821428571428,0.122195,0.12707,-0.0027871428571428,0.0020878571428571,0,0.1417,0.11244,0.0292599999999999,0.0020878571428571,0.7959631876176535,0.29329027683581,0.6772908366533864,0.1613148535451474,0.1003786592930581,0.0246034835640846,1.607063241143562,1.13,0.3855352771820794,0.7624540898689419,-0.8528506279066228,-0.0122521502691305,0.0172567049878495,-0.0180750453473123,1,14.90999984741211,16.09000015258789,2.4117855616978225,5.3,9.65,real_post_mid,0.53,2.6,-490.6000000000001,-0.05451111111111112,fold_3,logreg,0.7394366197183099
IVZ,2024-06-30,2024-07-23,1.0,15.09,14.52,11.33,15.7,0.4,0.43,0.31,13.0,0.4,0.4,0.4,0.42,1.0,0.0,4.0,1.0,1089130000.0,1110310000.0,1075000000.0,8.0,4415.2,4496.32,20.8,155.27,4.03,-74.19,-3.51,-13.16,-29.79,14.44,1.72,-1.48,-0.33,16.0,17.0,16.0,2024-08-16,0.8500000000000001,0.4,1.25,7.8125,0.8500000000000001,0.275,1.125,16.86,0.8599999999999994,0.31731,0.37584,0.3465749999999999,0.31731,8.444059727331743,-0.0682899999999999,408.0,52.0,0.0856473737035797,25.0,6.25,1,1.5625,2024-07-22,577.0,543.2191162109375,0.1249821428571428,0.122195,0.12707,-0.0027871428571428,0.0020878571428571,0,0.1417,0.11244,0.0292599999999999,0.0020878571428571,0.7959631876176535,0.29329027683581,0.6772908366533864,0.1613148535451474,0.1003786592930581,0.0246034835640846,1.607063241143562,1.13,0.3855352771820794,0.7624540898689419,-0.8528506279066228,-0.0122521502691305,0.0172567049878495,-0.0180750453473123,1,14.90999984741211,16.09000015258789,2.4117855616978225,1.25,1.125,real_post_mid,0.125,2.6,-2.6,-0.0016250000000000001,fold_3,logreg,0.7394366197183099
SHW,2024-06-30,2024-07-23,1.0,301.26,303.73,14.35,13.42,3.48,3.7,3.3,21.0,3.48,3.5,3.5,3.49,0.0,0.0,0.0,0.0,6330720000.0,6397300000.0,6246000000.0,18.0,-84636.0,-84956.32,141.87,417.42,-1.38,-76.72,3.2,6.37,19.89,2.05,1.82,2.68,0.42,320.0,330.0,320.0,2024-08-16,11.45,8.25,19.7,6.15625,15.2,2.25,17.450000000000003,354.4,34.39999999999998,0.28804,0.2978,0.29292,0.20024,31.640038235695755,-0.058535,405.0,1165.0,0.7302275189599133,25.0,3.125,1,3.03125,2024-07-22,577.0,543.2191162109375,0.1249821428571428,0.122195,0.12707,-0.0027871428571428,0.0020878571428571,0,0.1417,0.11244,0.0292599999999999,0.0020878571428571,0.7959631876176535,0.29329027683581,0.6772908366533864,0.1613148535451474,0.1003786592930581,0.0246034835640846,1.607063241143562,1.13,0.3855352771820794,0.7624540898689419,-0.8528506279066228,-0.0122521502691305,0.0172567049878495,-0.0180750453473123,1,14.90999984741211,16.09000015258789,2.4117855616978225,19.7,17.450000000000003,real_post_mid,1.97,2.6,25.399999999999647,0.000793749999999989,fold_3,logreg,0.7394366197183099
PNR,2024-06-30,2024-07-23,1.0,79.47,78.99,9.71,10.38,1.14,1.18,1.11,16.0,1.15,1.16,1.16,1.17,0.0,0.0,1.0,1.0,1094880000.0,1116600000.0,1066300000.0,17.0,5421.6,5228.48,117.87,74.49,-1.11,-75.22,-0.78,3.3,8.05,-1.09,-1.53,1.23,-0.08,80.0,85.0,80.0,2024-08-16,2.75,2.4749999999999996,5.225,6.53125,4.8,0.825,5.625,84.52,4.519999999999996,0.31731,0.31731,0.31731,0.26365,16.910907314613468,-0.0487799999999999,1653.0,45.0,0.6117084826762246,25.0,6.25,1,0.28125,2024-07-22,577.0,543.2191162109375,0.1249821428571428,0.122195,0.12707,-0.0027871428571428,0.0020878571428571,0,0.1417,0.11244,0.0292599999999999,0.0020878571428571,0.7959631876176535,0.29329027683581,0.6772908366533864,0.1613148535451474,0.1003786592930581,0.0246034835640846,1.607063241143562,1.13,0.3855352771820794,0.7624540898689419,-0.8528506279066228,-0.0122521502691305,0.0172567049878495,-0.0180750453473123,1,14.90999984741211,16.09000015258789,2.4117855616978225,5.225,5.625,real_post_mid,0.5225,2.6,-94.85000000000002,-0.011856250000000002,fold_3,logreg,0.7394366197183099
PKG,2024-06-30,2024-07-23,1.0,183.33,173.92,5.18,10.87,2.14,2.2,2.09,6.0,2.12,2.11,2.1,2.2,0.0,0.0,5.0,1.0,2024720000.0,2103000000.0,1987170000.0,6.0,15124.0,13995.04,512.0,393.48,0.16,-74.63,-7.74,-21.82,-19.25,-18.26,-27.6,-3.12,-3.8,195.0,195.0,195.0,2024-08-16,4.95,5.5,10.45,5.358974358974359,3.55,4.6,8.149999999999999,196.6,1.5999999999999943,0.26853,0.24902,0.258775,0.21,18.84842044246932,-0.0243899999999999,855.0,1.0,0.365079365079365,25.0,0.0,1,5.358974358974359,2024-07-22,577.0,543.2191162109375,0.1249821428571428,0.122195,0.12707,-0.0027871428571428,0.0020878571428571,0,0.1417,0.11244,0.0292599999999999,0.0020878571428571,0.7959631876176535,0.29329027683581,0.6772908366533864,0.1613148535451474,0.1003786592930581,0.0246034835640846,1.607063241143562,1.13,0.3855352771820794,0.7624540898689419,-0.8528506279066228,-0.0122521502691305,0.0172567049878495,-0.0180750453473123,1,14.90999984741211,16.09000015258789,2.4117855616978225,10.45,8.149999999999999,real_post_mid,1.045,2.6,122.90000000000009,0.0063025641025641075,fold_3,logreg,0.7394366197183099
PCAR,2024-06-30,2024-07-23,0.0,105.96,113.74,-8.36,-14.63,2.14,2.23,1.96,15.0,2.14,2.13,2.13,2.1,0.0,0.0,3.0,1.0,8328660000.0,8729130000.0,7559490000.0,13.0,-11460.0,-12857.12,500.8,508.45,3.09,-75.13,19.26,0.89,-15.93,66.86,4.6,0.3,0.25,111.8,101.8,110.0,2024-08-16,3.55,3.95,7.5,6.708407871198569,0.175,11.3,11.475,95.17,14.829999999999998,0.33682,0.31731,0.327065,0.26853,17.89705410239555,-0.063415,828.0,212.0,2.133211678832117,25.0,8.944543828264761,0,-2.2361359570661925,2024-07-22,577.0,543.2191162109375,0.1249821428571428,0.122195,0.12707,-0.0027871428571428,0.0020878571428571,0,0.1417,0.11244,0.0292599999999999,0.0020878571428571,0.7959631876176535,0.29329027683581,0.6772908366533864,0.1613148535451474,0.1003786592930581,0.0246034835640846,1.607063241143562,1.13,0.3855352771820794,0.7624540898689419,-0.8528506279066228,-0.0122521502691305,0.0172567049878495,-0.0180750453473123,1,14.90999984741211,16.09000015258789,2.4117855616978225,7.5,11.475,real_post_mid,0.75,2.6,-475.09999999999997,-0.04249552772808587,fold_3,logreg,0.7394366197183099
MSCI,2024-06-30,2024-07-23,1.0,486.32,464.65,12.27,17.51,3.55,3.66,3.46,13.0,3.55,3.54,3.55,3.56,1.0,0.0,4.0,1.0,696430000.0,703000000.0,686500000.0,11.0,11501.6,10391.04,524.27,332.66,14.82,-73.11,12.7,12.1,-4.35,8.62,7.88,-0.55,-3.21,510.0,540.0,510.0,2024-08-16,15.7,17.450000000000003,33.150000000000006,6.500000000000002,29.549999999999997,5.800000000000001,35.349999999999994,561.66,51.65999999999997,0.31731,0.30755,0.31243,0.234385,24.979995518996247,-0.0438999999999999,18.0,80.0,1.0145985401459854,25.0,5.882352941176472,1,0.6176470588235299,2024-07-22,577.0,543.2191162109375,0.1249821428571428,0.122195,0.12707,-0.0027871428571428,0.0020878571428571,0,0.1417,0.11244,0.0292599999999999,0.0020878571428571,0.7959631876176535,0.29329027683581,0.6772908366533864,0.1613148535451474,0.1003786592930581,0.0246034835640846,1.607063241143562,1.13,0.3855352771820794,0.7624540898689419,-0.8528506279066228,-0.0122521502691305,0.0172567049878495,-0.0180750453473123,1,14.90999984741211,16.09000015258789,2.4117855616978225,33.150000000000006,35.349999999999994,real_post_mid,3.315000000000001,2.6,-554.099999999999,-0.010864705882352922,fold_3,logreg,0.7394366197183099
MCO,2024-06-30,2024-07-23,1.0,421.89,381.21,7.11,18.54,3.02,3.2,2.67,17.0,2.98,2.74,2.74,2.68,7.0,0.0,14.0,1.0,1724940000.0,1792000000.0,1631000000.0,15.0,18173.6,17439.04,437.87,454.08,21.5,-69.81,11.19,12.71,53.88,50.67,41.2,3.19,6.26,450.0,430.0,450.0,2024-08-16,12.65,11.25,23.9,5.311111111111111,3.575,20.0,23.575,466.72,16.720000000000027,0.24902,0.25877,0.253895,0.22463,11.526418401307623,-0.03902,91.0,10.0,2.258992805755396,25.0,4.444444444444439,1,0.8666666666666716,2024-07-22,577.0,543.2191162109375,0.1249821428571428,0.122195,0.12707,-0.0027871428571428,0.0020878571428571,0,0.1417,0.11244,0.0292599999999999,0.0020878571428571,0.7959631876176535,0.29329027683581,0.6772908366533864,0.1613148535451474,0.1003786592930581,0.0246034835640846,1.607063241143562,1.13,0.3855352771820794,0.7624540898689419,-0.8528506279066228,-0.0122521502691305,0.0172567049878495,-0.0180750453473123,1,14.90999984741211,16.09000015258789,2.4117855616978225,23.9,23.575,real_post_mid,2.39,2.6,-209.10000000000008,-0.004646666666666669,fold_3,logreg,0.7394366197183099
HCA,2024-06-30,2024-07-23,1.0,338.92,319.02,0.37,6.63,4.88,5.44,4.15,16.0,4.88,4.84,4.84,4.88,0.0,0.0,3.0,0.0,17046400000.0,17629500000.0,16639000000.0,19.0,21869.6,19481.44,1650.13,941.16,11.21,-73.31,8.3,8.72,-9.15,12.58,5.18,-0.85,-0.85,330.0,345.0,330.0,2024-08-16,11.95,14.1,26.049999999999997,7.893939393939394,18.1,3.0,21.1,373.77,43.76999999999998,0.39536,0.35633,0.375845,0.234385,37.63785603107663,-0.0829249999999999,153.0,89.0,1.9255698005698003,25.0,4.545454545454541,1,3.348484848484852,2024-07-22,577.0,543.2191162109375,0.1249821428571428,0.122195,0.12707,-0.0027871428571428,0.0020878571428571,0,0.1417,0.11244,0.0292599999999999,0.0020878571428571,0.7959631876176535,0.29329027683581,0.6772908366533864,0.1613148535451474,0.1003786592930581,0.0246034835640846,1.607063241143562,1.13,0.3855352771820794,0.7624540898689419,-0.8528506279066228,-0.0122521502691305,0.0172567049878495,-0.0180750453473123,1,14.90999984741211,16.09000015258789,2.4117855616978225,26.049999999999997,21.1,real_post_mid,2.605,2.6,231.89999999999958,0.0070272727272727145,fold_3,logreg,0.7394366197183099
AMP,2024-06-30,2024-07-24,0.0,440.35,410.91,-3.66,3.25,8.53,8.65,8.29,11.0,8.52,8.54,8.55,8.55,1.0,0.0,7.0,1.0,4216210000.0,4396000000.0,4154000000.0,8.0,14671.2,15327.2,-437.33,993.68,10.8,-73.31,10.06,15.72,16.53,136.21,145.77,0.0,16.15,420.0,440.0,420.0,2024-08-16,12.9,11.35,24.25,5.773809523809524,25.05,2.925,27.975,431.39,11.389999999999986,0.26853,0.2978,0.283165,0.22463,20.671693182420142,-0.0536599999999999,18.0,3.0,0.3461538461538461,24.0,4.761904761904767,1,1.0119047619047563,2024-07-23,575.0,542.3670043945312,0.1277671428571428,0.126582,0.12707,-0.0011851428571428,-0.0006971428571428,1,0.1417,0.11244,0.0292599999999999,-0.0006971428571428,0.8775151641915914,0.3233399099821197,0.7250996015936255,0.1447253450513592,0.1004435059134833,0.0273236369436594,1.44086313729449,1.0,-0.9285427098328984,0.4780604697776863,-1.291654274789159,-0.019615325929704,0.017024649237358,-0.019615325929704,1,14.720000267028809,16.010000228881836,1.9432859813145225,24.25,27.975,real_post_mid,2.4250000000000003,2.6,-617.6000000000003,-0.014704761904761911,fold_3,logreg,0.7394366197183099
APH,2024-06-30,2024-07-24,1.0,67.27,119.01,-7.85,-47.91,0.41,0.42,0.4,15.0,0.41,0.41,0.81,0.81,1.0,0.0,2.0,0.0,3389620000.0,3436400000.0,3304980000.0,15.0,-9077.6,-9442.4,155.2,51.79,9.49,-74.06,0.16,15.94,-2.44,16.25,14.69,1.72,0.95,67.5,62.5,65.0,2024-08-16,3.35,1.8,5.15,7.629629629629631,0.6000000000000001,3.75,4.35,65.8,0.7999999999999972,0.37584,0.36609,0.370965,0.28804,22.35386087636299,-0.0731649999999999,1304.0,547.0,0.4585925618692105,24.0,7.4074074074074066,1,0.2222222222222241,2024-07-23,575.0,542.3670043945312,0.1277671428571428,0.126582,0.12707,-0.0011851428571428,-0.0006971428571428,1,0.1417,0.11244,0.0292599999999999,-0.0006971428571428,0.8775151641915914,0.3233399099821197,0.7250996015936255,0.1447253450513592,0.1004435059134833,0.0273236369436594,1.44086313729449,1.0,-0.9285427098328984,0.4780604697776863,-1.291654274789159,-0.019615325929704,0.017024649237358,-0.019615325929704,1,14.720000267028809,16.010000228881836,1.9432859813145225,5.15,4.35,real_post_mid,0.515,2.6,25.90000000000007,0.003837037037037047,fold_3,logreg,0.7394366197183099
CME,2024-06-30,2024-07-24,1.0,195.08,212.54,1.11,-7.19,2.53,2.57,2.5,13.0,2.54,2.51,2.52,2.51,0.0,0.0,6.0,1.0,1534110000.0,1582400000.0,1513000000.0,12.0,4626.4,4272.64,166.93,61.07,3.21,-73.33,9.4,3.31,5.49,-3.65,5.02,0.34,1.11,200.0,200.0,200.0,2024-08-16,3.55,5.6,9.15,4.574999999999999,3.85,3.85,7.7,207.88,7.8799999999999955,0.21975,0.22951,0.22463,0.20024,10.857855139562837,-0.0341449999999999,560.0,592.0,0.4501178318931657,24.0,0.0,1,4.574999999999999,2024-07-23,575.0,542.3670043945312,0.1277671428571428,0.126582,0.12707,-0.0011851428571428,-0.0006971428571428,1,0.1417,0.11244,0.0292599999999999,-0.0006971428571428,0.8775151641915914,0.3233399099821197,0.7250996015936255,0.1447253450513592,0.1004435059134833,0.0273236369436594,1.44086313729449,1.0,-0.9285427098328984,0.4780604697776863,-1.291654274789159,-0.019615325929704,0.017024649237358,-0.019615325929704,1,14.720000267028809,16.010000228881836,1.9432859813145225,9.149999999999999,7.7,real_post_mid,0.9149999999999999,2.6,50.89999999999985,0.0025449999999999926,fold_3,logreg,0.7394366197183099
EW,2024-06-30,2024-07-24,1.0,90.17,88.01,-3.57,-1.2,0.69,0.71,0.67,26.0,0.69,0.69,0.69,0.7,0.0,0.0,2.0,1.0,1652510000.0,1672300000.0,1600000000.0,25.0,-12096.8,-12137.12,22.4,18.57,-8.89,-77.85,3.55,6.45,3.13,-7.01,-11.74,2.87,-0.87,87.5,60.0,87.5,2024-08-16,3.25,3.45,6.7,7.657142857142857,0.05,27.85,27.9,68.92,18.58,0.37584,0.37584,0.37584,0.419745,-11.681832694763736,-0.08292,487.0,150.0,2.262106072252114,24.0,31.428571428571427,0,-23.771428571428572,2024-07-23,575.0,542.3670043945312,0.1277671428571428,0.126582,0.12707,-0.0011851428571428,-0.0006971428571428,1,0.1417,0.11244,0.0292599999999999,-0.0006971428571428,0.8775151641915914,0.3233399099821197,0.7250996015936255,0.1447253450513592,0.1004435059134833,0.0273236369436594,1.44086313729449,1.0,-0.9285427098328984,0.4780604697776863,-1.291654274789159,-0.019615325929704,0.017024649237358,-0.019615325929704,1,14.720000267028809,16.010000228881836,1.9432859813145225,6.7,27.9,real_post_mid,0.67,2.6,-2189.6,-0.25023999999999996,fold_3,logreg,0.7394366197183099
IPG,2024-06-30,2024-07-24,1.0,29.51,31.16,0.2,-5.1,0.59,0.62,0.56,9.0,0.59,0.6,0.6,0.61,0.0,0.0,0.0,1.0,2329400000.0,2340000000.0,2318000000.0,6.0,6351.2,6228.32,102.4,109.88,-1.0,-77.08,-0.49,-5.26,-69.49,2.27,-2.18,0.86,-0.09,30.0,30.0,30.0,2024-08-16,1.025,0.975,2.0,6.666666666666667,0.8999999999999999,0.55,1.45,31.22,1.2199999999999989,0.32707,0.32707,0.32707,0.23926,26.84746384565996,-0.048785,319.0,22.0,18.153153153153152,24.0,0.0,1,6.666666666666667,2024-07-23,575.0,542.3670043945312,0.1277671428571428,0.126582,0.12707,-0.0011851428571428,-0.0006971428571428,1,0.1417,0.11244,0.0292599999999999,-0.0006971428571428,0.8775151641915914,0.3233399099821197,0.7250996015936255,0.1447253450513592,0.1004435059134833,0.0273236369436594,1.44086313729449,1.0,-0.9285427098328984,0.4780604697776863,-1.291654274789159,-0.019615325929704,0.017024649237358,-0.019615325929704,1,14.720000267028809,16.010000228881836,1.9432859813145225,2.0,1.45,real_post_mid,0.2,2.6,32.4,0.010799999999999999,fold_3,logreg,0.7394366197183099
GEV,2024-06-30,2024-07-24,1.0,178.14,148.31,-8.56,9.84,0.69,0.89,0.49,5.0,0.69,0.82,0.0,0.0,0.0,0.0,2.0,0.0,8291490000.0,8585000000.0,8118000000.0,7.0,1500.0,1500.0,1267.2,0.0,,,,,,,,,,170.0,160.0,170.0,2024-08-16,11.3,9.85,21.15,12.441176470588236,4.05,13.5,17.55,184.06,14.060000000000002,0.61974,0.60023,0.609985,0.5124299999999999,15.99301622171038,-0.102435,1769.0,1661.0,0.4421891058581706,24.0,5.882352941176472,1,6.558823529411764,2024-07-23,575.0,542.3670043945312,0.1277671428571428,0.126582,0.12707,-0.0011851428571428,-0.0006971428571428,1,0.1417,0.11244,0.0292599999999999,-0.0006971428571428,0.8775151641915914,0.3233399099821197,0.7250996015936255,0.1447253450513592,0.1004435059134833,0.0273236369436594,1.44086313729449,1.0,-0.9285427098328984,0.4780604697776863,-1.291654274789159,-0.019615325929704,0.017024649237358,-0.019615325929704,1,14.720000267028809,16.010000228881836,1.9432859813145225,21.15,17.55,real_post_mid,2.1149999999999998,2.6,145.8999999999998,0.00858235294117646,fold_3,logreg,0.7394366197183099
INVH,2024-06-30,2024-07-24,0.0,35.85,34.48,0.33,4.32,0.18,0.24,0.16,11.0,0.18,0.18,0.19,0.18,0.0,0.0,1.0,0.0,642580000.0,659400000.0,603300000.0,13.0,4661.6,4388.96,21.33,144.43,9.52,-73.44,8.66,15.0,9.52,12.29,5.67,-1.16,-1.04,37.5,32.5,37.5,2024-08-16,0.45,0.95,1.4,3.733333333333333,0.06,4.5,4.56,35.28,2.219999999999999,0.21975,0.09292,0.156335,0.17585,-12.482809351712673,0.068295,196.0,68.0,0.3773584905660377,24.0,13.33333333333333,0,-9.599999999999998,2024-07-23,575.0,542.3670043945312,0.1277671428571428,0.126582,0.12707,-0.0011851428571428,-0.0006971428571428,1,0.1417,0.11244,0.0292599999999999,-0.0006971428571428,0.8775151641915914,0.3233399099821197,0.7250996015936255,0.1447253450513592,0.1004435059134833,0.0273236369436594,1.44086313729449,1.0,-0.9285427098328984,0.4780604697776863,-1.291654274789159,-0.019615325929704,0.017024649237358,-0.019615325929704,1,14.720000267028809,16.010000228881836,1.9432859813145225,1.4,4.56,real_post_mid,0.13999999999999999,2.6,-332.6,-0.08869333333333335,fold_3,logreg,0.7394366197183099
MOH,2024-06-30,2024-07-24,1.0,308.98,352.3,-6.56,-18.05,5.55,6.03,4.7,14.0,5.65,5.67,5.67,5.64,0.0,0.0,0.0,1.0,9745640000.0,9904500000.0,9563190000.0,11.0,20296.8,19669.28,489.6,324.57,21.87,-70.85,8.51,-1.38,30.82,-5.61,-6.37,-1.29,-1.29,290.0,320.0,290.0,2024-08-16,11.55,13.7,25.25,8.706896551724137,37.400000000000006,2.125,39.525000000000006,349.97,59.97000000000003,0.42462,0.42462,0.42462,0.331945,21.825396825396815,-0.073165,137.0,409.0,0.1091370558375634,24.0,10.344827586206897,0,-1.637931034482758,2024-07-23,575.0,542.3670043945312,0.1277671428571428,0.126582,0.12707,-0.0011851428571428,-0.0006971428571428,1,0.1417,0.11244,0.0292599999999999,-0.0006971428571428,0.8775151641915914,0.3233399099821197,0.7250996015936255,0.1447253450513592,0.1004435059134833,0.0273236369436594,1.44086313729449,1.0,-0.9285427098328984,0.4780604697776863,-1.291654274789159,-0.019615325929704,0.017024649237358,-0.019615325929704,1,14.720000267028809,16.010000228881836,1.9432859813145225,25.25,39.525000000000006,real_post_mid,2.5250000000000004,2.6,-1682.6000000000004,-0.058020689655172424,fold_3,logreg,0.7394366197183099
FTV,2024-06-30,2024-07-24,1.0,74.24,76.21,-5.17,-7.62,0.92,0.94,0.9,15.0,0.92,0.92,0.92,0.93,0.0,0.0,2.0,2.0,1570370000.0,1608000000.0,1559400000.0,15.0,4098.4,3924.32,81.6,48.56,4.37,-74.87,3.97,10.67,-15.31,18.28,-7.33,1.24,-1.98,75.0,70.0,75.0,2024-08-16,3.5,1.475,4.975,6.633333333333333,0.55,4.7,5.25,69.58,5.420000000000002,0.30755,0.2978,0.302675,0.22463,25.78508300982903,-0.156095,26.0,13.0,10.991489361702127,24.0,6.666666666666665,0,-0.0333333333333323,2024-07-23,575.0,542.3670043945312,0.1277671428571428,0.126582,0.12707,-0.0011851428571428,-0.0006971428571428,1,0.1417,0.11244,0.0292599999999999,-0.0006971428571428,0.8775151641915914,0.3233399099821197,0.7250996015936255,0.1447253450513592,0.1004435059134833,0.0273236369436594,1.44086313729449,1.0,-0.9285427098328984,0.4780604697776863,-1.291654274789159,-0.019615325929704,0.017024649237358,-0.019615325929704,1,14.720000267028809,16.010000228881836,1.9432859813145225,4.975,5.25,real_post_mid,0.4975,2.6,-79.85000000000004,-0.010646666666666672,fold_3,logreg,0.7394366197183099
BSX,2024-06-30,2024-07-24,1.0,76.71,73.26,1.37,6.14,0.58,0.59,0.57,27.0,0.58,0.58,0.58,0.57,0.0,0.0,1.0,0.0,4017460000.0,4076630000.0,3969000000.0,23.0,2802.4,2620.96,97.07,24.41,13.78,-72.92,12.17,19.15,1.82,23.62,25.05,0.54,1.5,80.0,74.5,80.0,2024-08-16,2.0,3.15,5.15,6.4375,0.175,5.3,5.475,78.25,1.75,0.30755,0.31731,0.31243,0.146585,53.082290433057,-0.0682899999999999,26238.0,4145.0,2.555488934917693,24.0,6.874999999999998,0,-0.4374999999999982,2024-07-23,575.0,542.3670043945312,0.1277671428571428,0.126582,0.12707,-0.0011851428571428,-0.0006971428571428,1,0.1417,0.11244,0.0292599999999999,-0.0006971428571428,0.8775151641915914,0.3233399099821197,0.7250996015936255,0.1447253450513592,0.1004435059134833,0.0273236369436594,1.44086313729449,1.0,-0.9285427098328984,0.4780604697776863,-1.291654274789159,-0.019615325929704,0.017024649237358,-0.019615325929704,1,14.720000267028809,16.010000228881836,1.9432859813145225,5.15,5.475,real_post_mid,0.515,2.6,-86.59999999999992,-0.010824999999999991,fold_3,logreg,0.7394366197183099
WAB,2024-06-30,2024-07-24,1.0,162.01,163.18,-2.92,-3.62,1.88,2.02,1.77,9.0,1.88,1.89,1.85,1.78,1.0,0.0,1.0,0.0,2642780000.0,2734000000.0,2598100000.0,7.0,11404.0,10034.4,486.4,524.14,13.81,-74.2,16.66,47.66,22.73,33.16,49.28,2.33,3.92,170.0,160.0,170.0,2024-08-16,4.3,5.35,9.65,5.6764705882352935,1.1,11.35,12.45,159.31,10.689999999999998,0.28804,0.26853,0.278285,0.22951,17.526995705841138,-0.048775,38.0,43.0,0.68125,24.0,5.882352941176472,0,-0.2058823529411784,2024-07-23,575.0,542.3670043945312,0.1277671428571428,0.126582,0.12707,-0.0011851428571428,-0.0006971428571428,1,0.1417,0.11244,0.0292599999999999,-0.0006971428571428,0.8775151641915914,0.3233399099821197,0.7250996015936255,0.1447253450513592,0.1004435059134833,0.0273236369436594,1.44086313729449,1.0,-0.9285427098328984,0.4780604697776863,-1.291654274789159,-0.019615325929704,0.017024649237358,-0.019615325929704,1,14.720000267028809,16.010000228881836,1.9432859813145225,9.649999999999999,12.45,real_post_mid,0.9649999999999999,2.6,-379.1000000000001,-0.022300000000000004,fold_3,logreg,0.7394366197183099
TYL,2024-06-30,2024-07-24,1.0,491.57,458.07,4.93,12.6,2.3,2.4,2.18,18.0,2.3,2.3,2.3,2.26,1.0,0.0,1.0,0.0,540880000.0,554600000.0,530700000.0,17.0,7037.6,6401.12,272.0,146.95,8.58,-73.75,6.1,25.0,16.4,23.57,48.91,1.67,3.54,530.0,570.0,530.0,2024-08-16,16.55,16.95,33.5,6.320754716981132,39.55,4.9750000000000005,44.525,584.17,54.16999999999996,0.32707,0.2978,0.312435,0.234385,24.98119608878647,-0.05854,15.0,1.0,0.375,24.0,7.547169811320753,0,-1.2264150943396208,2024-07-23,575.0,542.3670043945312,0.1277671428571428,0.126582,0.12707,-0.0011851428571428,-0.0006971428571428,1,0.1417,0.11244,0.0292599999999999,-0.0006971428571428,0.8775151641915914,0.3233399099821197,0.7250996015936255,0.1447253450513592,0.1004435059134833,0.0273236369436594,1.44086313729449,1.0,-0.9285427098328984,0.4780604697776863,-1.291654274789159,-0.019615325929704,0.017024649237358,-0.019615325929704,1,14.720000267028809,16.010000228881836,1.9432859813145225,33.5,44.525,real_post_mid,3.35,2.6,-1440.0999999999997,-0.02717169811320754,fold_3,logreg,0.7394366197183099
TER,2024-06-30,2024-07-24,1.0,145.53,108.91,-1.37,31.8,0.77,0.84,0.73,15.0,0.77,0.77,0.77,0.6,1.0,0.0,3.0,0.0,701200000.0,724000000.0,685450000.0,14.0,9370.4,8720.32,308.27,123.72,-2.87,-77.59,-14.27,-7.27,-35.44,-19.09,-16.25,-1.16,-2.07,155.0,125.0,155.0,2024-08-16,6.449999999999999,8.65,15.1,9.741935483870968,0.2249999999999999,30.75,30.975,133.12,21.879999999999995,0.4734,0.48316,0.47828,0.40999,14.278247051936097,-0.0682899999999999,359.0,59.0,0.4157303370786517,24.0,19.354838709677423,0,-9.612903225806456,2024-07-23,575.0,542.3670043945312,0.1277671428571428,0.126582,0.12707,-0.0011851428571428,-0.0006971428571428,1,0.1417,0.11244,0.0292599999999999,-0.0006971428571428,0.8775151641915914,0.3233399099821197,0.7250996015936255,0.1447253450513592,0.1004435059134833,0.0273236369436594,1.44086313729449,1.0,-0.9285427098328984,0.4780604697776863,-1.291654274789159,-0.019615325929704,0.017024649237358,-0.019615325929704,1,14.720000267028809,16.010000228881836,1.9432859813145225,15.1,30.975,real_post_mid,1.51,2.6,-1741.1000000000001,-0.11232903225806452,fold_3,logreg,0.7394366197183099
TEL,2024-06-30,2024-07-24,1.0,151.1,140.48,3.81,11.65,1.86,1.91,1.81,18.0,1.86,1.86,1.86,1.86,0.0,0.0,1.0,1.0,4012450000.0,4097730000.0,3938000000.0,18.0,9501.6,9824.32,-183.47,427.3,-4.64,3.55,-1.96,12.73,26.53,19.41,9.21,3.28,2.35,150.0,155.0,150.0,2024-08-16,4.949999999999999,3.05,7.999999999999999,5.333333333333333,6.55,1.325,7.875,149.43,0.5699999999999932,0.25877,0.25877,0.25877,0.21,18.84685241720447,-0.043895,38.0,265.0,0.6727969348659004,24.0,3.3333333333333437,1,1.9999999999999891,2024-07-23,575.0,542.3670043945312,0.1277671428571428,0.126582,0.12707,-0.0011851428571428,-0.0006971428571428,1,0.1417,0.11244,0.0292599999999999,-0.0006971428571428,0.8775151641915914,0.3233399099821197,0.7250996015936255,0.1447253450513592,0.1004435059134833,0.0273236369436594,1.44086313729449,1.0,-0.9285427098328984,0.4780604697776863,-1.291654274789159,-0.019615325929704,0.017024649237358,-0.019615325929704,1,14.720000267028809,16.010000228881836,1.9432859813145225,7.999999999999999,7.875,real_post_mid,0.7999999999999999,2.6,-70.10000000000008,-0.004673333333333338,fold_3,logreg,0.7394366197183099
TDY,2024-06-30,2024-07-24,1.0,391.23,376.98,6.59,10.62,4.49,4.57,4.43,8.0,4.49,4.49,4.5,5.0,0.0,0.0,0.0,0.0,1360890000.0,1374450000.0,1351200000.0,7.0,42396.0,41151.84,524.8,708.32,-2.4,-76.04,2.63,0.44,-16.36,-3.79,-3.38,0.11,-0.18,400.0,420.0,400.0,2024-08-16,14.95,11.3,26.25,6.5625,21.0,4.925,25.925,416.58,16.579999999999984,0.31731,0.31731,0.31731,0.205115,35.358167092118116,-0.0780449999999999,2.0,0.0,0.176,24.0,5.000000000000004,1,1.5624999999999956,2024-07-23,575.0,542.3670043945312,0.1277671428571428,0.126582,0.12707,-0.0011851428571428,-0.0006971428571428,1,0.1417,0.11244,0.0292599999999999,-0.0006971428571428,0.8775151641915914,0.3233399099821197,0.7250996015936255,0.1447253450513592,0.1004435059134833,0.0273236369436594,1.44086313729449,1.0,-0.9285427098328984,0.4780604697776863,-1.291654274789159,-0.019615325929704,0.017024649237358,-0.019615325929704,1,14.720000267028809,16.010000228881836,1.9432859813145225,26.25,25.925,real_post_mid,2.625,2.6,-232.60000000000005,-0.005815000000000002,fold_3,logreg,0.7394366197183099
RSG,2024-06-30,2024-07-24,1.0,194.66,193.56,2.57,3.16,1.53,1.6,1.35,18.0,1.52,1.52,1.52,1.53,2.0,0.0,4.0,0.0,4035170000.0,4059800000.0,3992360000.0,17.0,13437.6,12874.08,252.8,38.49,7.84,-74.19,9.44,16.94,2.84,12.83,13.72,1.12,0.99,200.0,190.0,200.0,2024-08-16,3.8,4.15,7.95,3.975,0.45,10.5,10.95,203.27,3.2700000000000102,0.19048,0.20024,0.19536,0.17585,9.986691236691236,-0.029265,577.0,36.0,3.9571428571428577,24.0,5.000000000000004,0,-1.0250000000000044,2024-07-23,575.0,542.3670043945312,0.1277671428571428,0.126582,0.12707,-0.0011851428571428,-0.0006971428571428,1,0.1417,0.11244,0.0292599999999999,-0.0006971428571428,0.8775151641915914,0.3233399099821197,0.7250996015936255,0.1447253450513592,0.1004435059134833,0.0273236369436594,1.44086313729449,1.0,-0.9285427098328984,0.4780604697776863,-1.291654274789159,-0.019615325929704,0.017024649237358,-0.019615325929704,1,14.720000267028809,16.010000228881836,1.9432859813145225,7.95,10.95,real_post_mid,0.795,2.6,-382.0999999999999,-0.019104999999999997,fold_3,logreg,0.7394366197183099
ROL,2024-06-30,2024-07-24,0.0,49.92,44.27,0.06,12.83,0.27,0.27,0.26,8.0,0.27,0.26,0.26,0.26,0.0,0.0,1.0,0.0,895020000.0,903640000.0,884000000.0,7.0,-2868.0,-2914.08,0.0,49.88,13.73,-75.65,14.28,11.11,-4.76,18.55,17.98,0.82,0.64,50.0,47.5,50.0,2024-08-16,1.7999999999999998,1.775,3.5749999999999997,7.1499999999999995,0.125,3.45,3.575,48.18,1.8200000000000005,0.33682,0.35633,0.3465749999999999,0.205115,40.816562071701654,-0.0780449999999999,520.0,10.0,3.3174603174603177,24.0,5.000000000000004,1,2.149999999999995,2024-07-23,575.0,542.3670043945312,0.1277671428571428,0.126582,0.12707,-0.0011851428571428,-0.0006971428571428,1,0.1417,0.11244,0.0292599999999999,-0.0006971428571428,0.8775151641915914,0.3233399099821197,0.7250996015936255,0.1447253450513592,0.1004435059134833,0.0273236369436594,1.44086313729449,1.0,-0.9285427098328984,0.4780604697776863,-1.291654274789159,-0.019615325929704,0.017024649237358,-0.019615325929704,1,14.720000267028809,16.010000228881836,1.9432859813145225,3.5749999999999997,3.575,real_post_mid,0.3575,2.6,-38.350000000000044,-0.007670000000000008,fold_3,logreg,0.7394366197183099
RJF,2024-06-30,2024-07-24,1.0,122.38,121.95,-8.3,-7.98,2.32,2.42,2.2,11.0,2.32,2.34,2.33,2.35,1.0,0.0,5.0,0.0,3243620000.0,3289180000.0,3192000000.0,8.0,-26973.6,-26615.2,-181.33,457.82,14.44,2.64,19.21,13.79,14.36,904.61,-27.59,77.13,-9.78,110.0,120.0,110.0,2024-08-16,5.25,3.05,8.3,7.545454545454546,9.4,0.65,10.05,115.95,5.950000000000003,0.35633,0.35633,0.35633,0.258775,27.37771167176494,-0.0585299999999999,1617.0,119.0,21.14023591087811,24.0,9.090909090909085,0,-1.545454545454537,2024-07-23,575.0,542.3670043945312,0.1277671428571428,0.126582,0.12707,-0.0011851428571428,-0.0006971428571428,1,0.1417,0.11244,0.0292599999999999,-0.0006971428571428,0.8775151641915914,0.3233399099821197,0.7250996015936255,0.1447253450513592,0.1004435059134833,0.0273236369436594,1.44086313729449,1.0,-0.9285427098328984,0.4780604697776863,-1.291654274789159,-0.019615325929704,0.017024649237358,-0.019615325929704,1,14.720000267028809,16.010000228881836,1.9432859813145225,8.3,10.05,real_post_mid,0.8300000000000001,2.6,-260.6,-0.023690909090909092,fold_3,logreg,0.7394366197183099
OTIS,2024-06-30,2024-07-24,1.0,96.87,93.02,-5.62,-1.71,1.03,1.04,0.99,9.0,1.03,1.02,1.02,1.0,0.0,0.0,2.0,0.0,3727050000.0,3752000000.0,3708000000.0,9.0,4408.8,4228.96,61.87,111.16,2.72,-75.81,4.3,10.0,1.15,5.0,10.22,0.29,1.11,97.5,92.5,97.5,2024-08-16,2.975,1.925,4.9,5.025641025641026,0.55,4.075,4.625,92.12,5.3799999999999955,0.22951,0.24902,0.239265,0.2148749999999999,10.19371826217793,-0.03415,1300.0,58.0,1.2100371747211895,24.0,5.128205128205132,0,-0.1025641025641057,2024-07-23,575.0,542.3670043945312,0.1277671428571428,0.126582,0.12707,-0.0011851428571428,-0.0006971428571428,1,0.1417,0.11244,0.0292599999999999,-0.0006971428571428,0.8775151641915914,0.3233399099821197,0.7250996015936255,0.1447253450513592,0.1004435059134833,0.0273236369436594,1.44086313729449,1.0,-0.9285427098328984,0.4780604697776863,-1.291654274789159,-0.019615325929704,0.017024649237358,-0.019615325929704,1,14.720000267028809,16.010000228881836,1.9432859813145225,4.9,4.625,real_post_mid,0.49000000000000005,2.6,-24.09999999999997,-0.0024717948717948687,fold_3,logreg,0.7394366197183099
ORLY,2024-06-30,2024-07-24,0.0,1083.52,1054.13,-3.03,-0.32,10.99,11.25,10.61,23.0,11.05,11.13,11.13,11.19,0.0,0.0,0.0,4.0,4317530000.0,4394600000.0,4264200000.0,20.0,-276901.6,-250823.52,-14134.4,9348.83,7.24,-74.85,9.67,10.91,-1.61,6.31,5.0,0.18,-0.41,1050.0,1100.0,1050.0,2024-08-16,37.2,34.3,71.5,6.80952380952381,56.849999999999994,9.15,66.0,1119.52,69.51999999999998,0.33682,0.33682,0.33682,0.23926,28.965025829820085,-0.06829,89.0,4.0,2.121739130434783,24.0,4.761904761904767,1,2.047619047619043,2024-07-23,575.0,542.3670043945312,0.1277671428571428,0.126582,0.12707,-0.0011851428571428,-0.0006971428571428,1,0.1417,0.11244,0.0292599999999999,-0.0006971428571428,0.8775151641915914,0.3233399099821197,0.7250996015936255,0.1447253450513592,0.1004435059134833,0.0273236369436594,1.44086313729449,1.0,-0.9285427098328984,0.4780604697776863,-1.291654274789159,-0.019615325929704,0.017024649237358,-0.019615325929704,1,14.720000267028809,16.010000228881836,1.9432859813145225,71.5,66.0,real_post_mid,7.15,2.6,-167.60000000000002,-0.0015961904761904763,fold_3,logreg,0.7394366197183099
ODFL,2024-06-30,2024-07-24,1.0,176.07,196.66,10.54,-1.04,1.45,1.47,1.42,19.0,1.45,1.46,1.48,1.5,0.0,0.0,2.0,1.0,1499260000.0,1511000000.0,1486000000.0,14.0,-4888.8,-5214.88,94.4,174.74,1.24,-75.11,-6.55,-48.06,-54.42,3.73,0.88,0.47,-0.09,195.0,205.0,195.0,2024-08-16,8.05,8.4,16.450000000000003,8.435897435897436,14.45,3.05,17.5,200.17,5.1699999999999875,0.41487,0.41487,0.41487,0.36609,11.757900065080625,-0.0536599999999999,200.0,80.0,0.7396199859254047,24.0,5.128205128205132,1,3.307692307692304,2024-07-23,575.0,542.3670043945312,0.1277671428571428,0.126582,0.12707,-0.0011851428571428,-0.0006971428571428,1,0.1417,0.11244,0.0292599999999999,-0.0006971428571428,0.8775151641915914,0.3233399099821197,0.7250996015936255,0.1447253450513592,0.1004435059134833,0.0273236369436594,1.44086313729449,1.0,-0.9285427098328984,0.4780604697776863,-1.291654274789159,-0.019615325929704,0.017024649237358,-0.019615325929704,1,14.720000267028809,16.010000228881836,1.9432859813145225,16.450000000000003,17.5,real_post_mid,1.6450000000000005,2.6,-272.0999999999998,-0.013953846153846143,fold_3,logreg,0.7394366197183099
ROP,2024-06-30,2024-07-24,1.0,562.55,540.41,-5.44,-1.56,4.46,4.53,4.44,12.0,4.46,4.46,4.46,4.49,0.0,0.0,1.0,0.0,1732140000.0,1764100000.0,1693500000.0,12.0,13242.4,12855.68,123.2,105.41,14.36,-72.79,15.26,13.08,0.92,25.83,20.02,0.96,1.36,580.0,540.0,580.0,2024-08-16,12.4,14.8,27.200000000000003,4.689655172413794,1.625,39.15,40.775,548.5,31.5,0.23926,0.21975,0.229505,0.166095,27.629027690028547,-0.053655,31.0,37.0,1.3703703703703705,24.0,6.896551724137934,0,-2.206896551724141,2024-07-23,575.0,542.3670043945312,0.1277671428571428,0.126582,0.12707,-0.0011851428571428,-0.0006971428571428,1,0.1417,0.11244,0.0292599999999999,-0.0006971428571428,0.8775151641915914,0.3233399099821197,0.7250996015936255,0.1447253450513592,0.1004435059134833,0.0273236369436594,1.44086313729449,1.0,-0.9285427098328984,0.4780604697776863,-1.291654274789159,-0.019615325929704,0.017024649237358,-0.019615325929704,1,14.720000267028809,16.010000228881836,1.9432859813145225,27.200000000000003,40.775,real_post_mid,2.7200000000000006,2.6,-1632.0999999999995,-0.028139655172413784,fold_3,logreg,0.7394366197183099
UHS,2024-06-30,2024-07-24,1.0,191.01,165.1,-2.64,12.64,3.28,3.53,3.14,13.0,3.28,3.28,3.3,3.26,0.0,0.0,2.0,0.0,3864120000.0,3889000000.0,3779660000.0,14.0,19687.2,17328.8,1941.33,1062.62,10.85,-73.09,7.27,58.12,18.21,30.46,39.49,0.46,2.07,185.0,210.0,185.0,2024-08-16,7.25,6.25,13.5,7.297297297297297,21.55,1.05,22.6,226.44,41.44,0.35633,0.35633,0.35633,0.283165,20.5329329554065,-0.0536549999999999,49.0,4.0,4.642857142857143,24.0,13.513513513513509,0,-6.216216216216211,2024-07-23,575.0,542.3670043945312,0.1277671428571428,0.126582,0.12707,-0.0011851428571428,-0.0006971428571428,1,0.1417,0.11244,0.0292599999999999,-0.0006971428571428,0.8775151641915914,0.3233399099821197,0.7250996015936255,0.1447253450513592,0.1004435059134833,0.0273236369436594,1.44086313729449,1.0,-0.9285427098328984,0.4780604697776863,-1.291654274789159,-0.019615325929704,0.017024649237358,-0.019615325929704,1,14.720000267028809,16.010000228881836,1.9432859813145225,13.5,22.6,real_post_mid,1.35,2.6,-1047.6,-0.05662702702702702,fold_3,logreg,0.7394366197183099
DECK,2024-06-30,2024-07-25,1.0,975.32,833.46,-13.72,0.96,3.48,4.49,2.58,18.0,3.42,3.34,3.01,2.93,3.0,0.0,6.0,2.0,807940000.0,825450000.0,794870000.0,17.0,-138359.2,-107674.88,-10653.33,22251.05,15.95,0.0,16.91,-1472.22,-132.69,36.24,34.53,5.79,4.32,850.0,900.0,850.0,2024-08-16,51.15,52.2,103.35,12.158823529411764,57.9,9.8,67.7,950.53,100.52999999999996,0.60999,0.60999,0.60999,0.31243,48.78112755946819,-0.1561,2.0,5.0,0.9198813056379822,23.0,5.882352941176472,1,6.276470588235292,2024-07-24,563.0,530.0756225585938,0.136825,0.136825,0.1383265384615384,0.0,0.0015015384615384,0,0.17097,0.1417,0.02927,0.01951,1.0,0.42107250755287,0.8207171314741036,0.1900482262422357,0.1293933487691008,0.0074316512308991,1.4687634878464428,1.0,-0.9092552876381292,6.307802101590033,3.8179801807995455,-0.0282078200278218,-0.0027821828687577,-0.0418332748046571,1,18.040000915527344,18.43000030517578,4.357500915527343,103.35,67.7,real_post_mid,10.335,2.6,2528.899999999999,0.029751764705882342,fold_3,logreg,0.7394366197183099
CBRE,2024-06-30,2024-07-25,1.0,88.3,87.33,21.66,23.02,0.75,1.25,0.62,10.0,0.77,0.77,0.78,0.95,0.0,0.0,0.0,0.0,8312980000.0,8738000000.0,8009770000.0,5.0,14690.4,13730.4,448.0,235.15,7.07,-75.16,3.61,-15.22,-43.48,18.21,451.35,-0.56,2.07,97.5,110.0,97.5,2024-08-16,3.85,2.775,6.625,6.794871794871795,13.5,0.125,13.625,111.73,14.230000000000004,0.33682,0.33682,0.33682,0.234385,30.412386437859983,-0.053655,80.0,4.0,18.634146341463413,23.0,12.82051282051282,0,-6.025641025641025,2024-07-24,563.0,530.0756225585938,0.136825,0.136825,0.1383265384615384,0.0,0.0015015384615384,0,0.17097,0.1417,0.02927,0.01951,1.0,0.42107250755287,0.8207171314741036,0.1900482262422357,0.1293933487691008,0.0074316512308991,1.4687634878464428,1.0,-0.9092552876381292,6.307802101590033,3.8179801807995455,-0.0282078200278218,-0.0027821828687577,-0.0418332748046571,1,18.040000915527344,18.43000030517578,4.357500915527343,6.625,13.625,real_post_mid,0.6625000000000001,2.6,-768.85,-0.07885641025641026,fold_3,logreg,0.7394366197183099
DOC,2024-06-30,2024-07-25,1.0,19.19,18.8,8.18,10.43,0.09,0.13,0.01,6.0,0.09,0.09,0.09,0.1,0.0,0.0,0.0,0.0,668710000.0,700900000.0,601080000.0,10.0,1647.2,1900.64,76.8,262.38,15.39,-72.19,7.28,-75.0,-80.0,-15.98,21.75,2.26,1.04,20.0,22.5,20.0,2024-08-16,1.4,0.275,1.6749999999999998,8.375,1.525,0.075,1.6,21.48,1.4800000000000004,0.45389,0.2978,0.375845,0.229505,38.93626361931115,-0.16585,399.0,19.0,0.3692307692307692,23.0,12.5,0,-4.125,2024-07-24,563.0,530.0756225585938,0.136825,0.136825,0.1383265384615384,0.0,0.0015015384615384,0,0.17097,0.1417,0.02927,0.01951,1.0,0.42107250755287,0.8207171314741036,0.1900482262422357,0.1293933487691008,0.0074316512308991,1.4687634878464428,1.0,-0.9092552876381292,6.307802101590033,3.8179801807995455,-0.0282078200278218,-0.0027821828687577,-0.0418332748046571,1,18.040000915527344,18.43000030517578,4.357500915527343,1.6749999999999998,1.6,real_post_mid,0.16749999999999998,2.6,-11.850000000000025,-0.005925000000000012,fold_3,logreg,0.7394366197183099
CINF,2024-06-30,2024-07-25,1.0,115.82,110.88,3.87,8.5,0.96,1.14,0.85,10.0,0.96,1.04,1.08,1.11,0.0,0.0,2.0,2.0,2448740000.0,2475000000.0,2431700000.0,5.0,18376.8,16620.0,806.4,666.08,30.97,-70.69,57.37,93.26,-24.56,210.56,242.55,0.0,20.33,120.0,125.0,120.0,2024-08-16,3.75,3.4000000000000004,7.15,5.958333333333334,5.800000000000001,1.15,6.950000000000001,131.12,11.120000000000005,0.2978,0.2978,0.2978,0.21975,26.20886501007388,-0.048785,957.0,7.0,1.5172413793103448,23.0,4.166666666666674,1,1.79166666666666,2024-07-24,563.0,530.0756225585938,0.136825,0.136825,0.1383265384615384,0.0,0.0015015384615384,0,0.17097,0.1417,0.02927,0.01951,1.0,0.42107250755287,0.8207171314741036,0.1900482262422357,0.1293933487691008,0.0074316512308991,1.4687634878464428,1.0,-0.9092552876381292,6.307802101590033,3.8179801807995455,-0.0282078200278218,-0.0027821828687577,-0.0418332748046571,1,18.040000915527344,18.43000030517578,4.357500915527343,7.15,6.950000000000001,real_post_mid,0.7150000000000001,2.6,-54.10000000000008,-0.00450833333333334,fold_3,logreg,0.7394366197183099
BKR,2024-06-30,2024-07-25,1.0,34.85,32.84,2.09,8.34,0.49,0.51,0.48,20.0,0.49,0.49,0.49,0.48,1.0,0.0,2.0,1.0,6805020000.0,6912330000.0,6670300000.0,19.0,562.4,433.12,104.53,50.62,12.28,-74.84,20.36,53.57,-15.69,-11.71,50.68,-0.19,2.62,35.0,38.0,35.0,2024-08-16,0.95,1.1,2.05,5.857142857142857,2.225,0.125,2.35,34.94,0.0600000000000022,0.26853,0.31731,0.2929199999999999,0.229505,21.64925576949336,-0.0243899999999999,475.0,16.0,0.6979362101313321,23.0,8.571428571428562,0,-2.7142857142857055,2024-07-24,563.0,530.0756225585938,0.136825,0.136825,0.1383265384615384,0.0,0.0015015384615384,0,0.17097,0.1417,0.02927,0.01951,1.0,0.42107250755287,0.8207171314741036,0.1900482262422357,0.1293933487691008,0.0074316512308991,1.4687634878464428,1.0,-0.9092552876381292,6.307802101590033,3.8179801807995455,-0.0282078200278218,-0.0027821828687577,-0.0418332748046571,1,18.040000915527344,18.43000030517578,4.357500915527343,2.05,2.35,real_post_mid,0.205,2.6,-53.10000000000002,-0.015171428571428579,fold_3,logreg,0.7394366197183099
CARR,2024-06-30,2024-07-25,1.0,63.93,60.5,1.41,7.16,0.84,0.88,0.8,18.0,0.85,0.85,0.84,0.85,0.0,0.0,2.0,1.0,7000310000.0,7190210000.0,6221220000.0,17.0,4237.6,3828.16,141.87,112.37,2.79,-75.47,15.72,19.23,16.98,35.36,-30.63,1.62,-3.43,65.0,67.5,65.0,2024-08-16,3.1,1.975,5.075,7.807692307692308,3.1,1.125,4.225,67.38,2.3799999999999955,0.37584,0.3856,0.38072,0.30755,19.21884849758353,-0.06341,187.0,115.0,0.9515895953757224,23.0,3.8461538461538542,1,3.9615384615384537,2024-07-24,563.0,530.0756225585938,0.136825,0.136825,0.1383265384615384,0.0,0.0015015384615384,0,0.17097,0.1417,0.02927,0.01951,1.0,0.42107250755287,0.8207171314741036,0.1900482262422357,0.1293933487691008,0.0074316512308991,1.4687634878464428,1.0,-0.9092552876381292,6.307802101590033,3.8179801807995455,-0.0282078200278218,-0.0027821828687577,-0.0418332748046571,1,18.040000915527344,18.43000030517578,4.357500915527343,5.075,4.225,real_post_mid,0.5075000000000001,2.6,31.65000000000005,0.004869230769230777,fold_3,logreg,0.7394366197183099
DTE,2024-06-30,2024-07-25,1.0,110.02,109.52,7.43,7.92,1.22,1.41,1.12,13.0,1.21,1.19,1.17,1.15,3.0,0.0,5.0,3.0,2616300000.0,2984660000.0,2256080000.0,5.0,8413.6,9104.96,169.07,728.09,-14.26,-74.58,-35.03,25.56,-15.23,-8.96,-20.71,2.11,-1.29,120.0,120.0,120.0,2024-08-16,1.65,3.4000000000000004,5.050000000000001,4.208333333333334,1.475,2.85,4.325,121.89,1.8900000000000008,0.20024,0.21,0.20512,0.185605,9.513943057722296,-0.0048799999999999,45.0,1.0,0.1785714285714285,23.0,0.0,1,4.208333333333334,2024-07-24,563.0,530.0756225585938,0.136825,0.136825,0.1383265384615384,0.0,0.0015015384615384,0,0.17097,0.1417,0.02927,0.01951,1.0,0.42107250755287,0.8207171314741036,0.1900482262422357,0.1293933487691008,0.0074316512308991,1.4687634878464428,1.0,-0.9092552876381292,6.307802101590033,3.8179801807995455,-0.0282078200278218,-0.0027821828687577,-0.0418332748046571,1,18.040000915527344,18.43000030517578,4.357500915527343,5.050000000000001,4.325,real_post_mid,0.5050000000000001,2.6,19.40000000000004,0.0016166666666666701,fold_3,logreg,0.7394366197183099
EIX,2024-06-30,2024-07-25,1.0,71.86,70.14,6.36,8.97,1.07,1.13,1.03,12.0,1.05,1.04,1.04,1.08,4.0,0.0,6.0,0.0,4122060000.0,4334470000.0,3827750000.0,4.0,3858.4,3827.68,268.8,357.51,2.82,-75.04,-4.4,3.67,-11.72,-22.97,-60.48,3.55,-9.62,77.5,77.5,77.5,2024-08-16,1.075,2.2750000000000004,3.3500000000000005,4.322580645161291,1.525,0.875,2.4,83.41,5.909999999999997,0.21,0.21,0.21,0.14658,30.200000000000003,-0.0097599999999999,399.0,16.0,1.988095238095238,23.0,0.0,1,4.322580645161291,2024-07-24,563.0,530.0756225585938,0.136825,0.136825,0.1383265384615384,0.0,0.0015015384615384,0,0.17097,0.1417,0.02927,0.01951,1.0,0.42107250755287,0.8207171314741036,0.1900482262422357,0.1293933487691008,0.0074316512308991,1.4687634878464428,1.0,-0.9092552876381292,6.307802101590033,3.8179801807995455,-0.0282078200278218,-0.0027821828687577,-0.0418332748046571,1,18.040000915527344,18.43000030517578,4.357500915527343,3.3500000000000005,2.4,real_post_mid,0.3350000000000001,2.6,58.900000000000055,0.007600000000000007,fold_3,logreg,0.7394366197183099
EME,2024-06-30,2024-07-25,1.0,378.53,354.02,-8.44,-2.1,3.76,3.92,3.5,3.0,3.76,3.76,3.76,3.41,0.0,0.0,0.0,0.0,3521570000.0,3544700000.0,3505000000.0,3.0,36645.6,26133.6,6000.0,1302.65,18.75,-72.72,14.2,79.74,-6.71,58.1,67.81,2.08,2.21,360.0,370.0,360.0,2024-08-16,17.549999999999997,19.5,37.05,10.291666666666666,16.55,10.8,27.35,366.59,6.589999999999975,0.52218,0.51243,0.517305,0.39536,23.57313383787128,-0.107315,222.0,1.0,0.7690288713910761,23.0,2.777777777777768,1,7.513888888888898,2024-07-24,563.0,530.0756225585938,0.136825,0.136825,0.1383265384615384,0.0,0.0015015384615384,0,0.17097,0.1417,0.02927,0.01951,1.0,0.42107250755287,0.8207171314741036,0.1900482262422357,0.1293933487691008,0.0074316512308991,1.4687634878464428,1.0,-0.9092552876381292,6.307802101590033,3.8179801807995455,-0.0282078200278218,-0.0027821828687577,-0.0418332748046571,1,18.040000915527344,18.43000030517578,4.357500915527343,37.05,27.35,real_post_mid,3.705,2.6,596.8999999999995,0.016580555555555543,fold_3,logreg,0.7394366197183099
ERIE,2024-06-30,2024-07-25,1.0,365.82,381.74,5.93,1.51,2.57,2.6,2.55,2.0,2.57,2.57,2.57,2.58,0.0,0.0,0.0,0.0,933960000.0,933960000.0,933960000.0,1.0,8316.0,6741.6,1184.0,1022.19,17.76,-73.06,15.66,44.24,12.26,27.25,27.25,1.59,1.2,390.0,420.0,390.0,2024-08-16,8.2,13.25,21.45,5.5,33.4,,,474.17,84.17000000000002,0.27829,0.26853,0.27341,0.2148749999999999,21.409238872023703,-0.0243899999999999,17.0,0.0,11.0,23.0,7.692307692307687,0,-2.192307692307687,2024-07-24,563.0,530.0756225585938,0.136825,0.136825,0.1383265384615384,0.0,0.0015015384615384,0,0.17097,0.1417,0.02927,0.01951,1.0,0.42107250755287,0.8207171314741036,0.1900482262422357,0.1293933487691008,0.0074316512308991,1.4687634878464428,1.0,-0.9092552876381292,6.307802101590033,3.8179801807995455,-0.0282078200278218,-0.0027821828687577,-0.0418332748046571,1,18.040000915527344,18.43000030517578,4.357500915527343,21.45,30.0,intrinsic_fallback,2.145,2.6,-1072.1,-0.027489743589743588,fold_3,logreg,0.7394366197183099
HIG,2024-06-30,2024-07-25,1.0,103.54,95.3,-1.17,7.38,2.24,2.45,2.05,19.0,2.24,2.32,2.35,2.46,1.0,0.0,1.0,0.0,6571720000.0,6590530000.0,6551000000.0,3.0,17284.0,16035.52,698.13,704.84,8.77,-73.7,10.76,39.29,-23.53,32.74,39.51,3.21,3.13,100.0,110.0,100.0,2024-08-16,3.8,1.525,5.324999999999999,5.324999999999999,10.45,0.3,10.75,110.46,10.459999999999994,0.24902,0.24902,0.24902,0.185605,25.465826038069224,-0.034145,53.0,7.0,0.850253807106599,23.0,10.000000000000009,0,-4.67500000000001,2024-07-24,563.0,530.0756225585938,0.136825,0.136825,0.1383265384615384,0.0,0.0015015384615384,0,0.17097,0.1417,0.02927,0.01951,1.0,0.42107250755287,0.8207171314741036,0.1900482262422357,0.1293933487691008,0.0074316512308991,1.4687634878464428,1.0,-0.9092552876381292,6.307802101590033,3.8179801807995455,-0.0282078200278218,-0.0027821828687577,-0.0418332748046571,1,18.040000915527344,18.43000030517578,4.357500915527343,5.324999999999999,10.75,real_post_mid,0.5325,2.6,-598.35,-0.059835,fold_3,logreg,0.7394366197183099
DOV,2024-06-30,2024-07-25,1.0,180.06,180.17,3.48,3.41,2.21,2.3,2.09,15.0,2.21,2.21,2.21,2.22,1.0,0.0,3.0,0.0,2147530000.0,2209000000.0,2107660000.0,15.0,8714.4,8424.16,239.47,148.84,-9.39,-77.68,0.98,0.52,-20.41,120.34,-19.2,1.08,-1.64,175.0,185.0,175.0,2024-08-16,6.25,4.25,10.5,6.0,12.45,0.95,13.4,179.83,4.8300000000000125,0.2978,0.2978,0.2978,0.22951,22.93149764942915,-0.048785,18.0,0.0,0.6835338034010784,23.0,5.714285714285716,1,0.2857142857142838,2024-07-24,563.0,530.0756225585938,0.136825,0.136825,0.1383265384615384,0.0,0.0015015384615384,0,0.17097,0.1417,0.02927,0.01951,1.0,0.42107250755287,0.8207171314741036,0.1900482262422357,0.1293933487691008,0.0074316512308991,1.4687634878464428,1.0,-0.9092552876381292,6.307802101590033,3.8179801807995455,-0.0282078200278218,-0.0027821828687577,-0.0418332748046571,1,18.040000915527344,18.43000030517578,4.357500915527343,10.5,13.4,real_post_mid,1.05,2.6,-397.6,-0.02272,fold_3,logreg,0.7394366197183099
KDP,2024-06-30,2024-07-25,0.0,34.41,33.72,-3.49,-1.51,0.45,0.48,0.42,16.0,0.45,0.45,0.45,0.46,0.0,0.0,0.0,1.0,3914840000.0,3982000000.0,3874000000.0,12.0,8320.8,8217.44,36.27,29.64,3.43,-76.59,5.25,11.76,-30.91,19.24,30.99,3.93,4.64,33.0,34.0,33.0,2024-08-16,0.8,0.9,1.7000000000000002,5.151515151515152,1.1,0.25,1.35,35.39,2.390000000000001,0.25877,0.25877,0.25877,0.17097,33.92974456080689,-0.05365,2645.0,238.0,0.2131394182547643,23.0,3.0303030303030276,1,2.1212121212121247,2024-07-24,563.0,530.0756225585938,0.136825,0.136825,0.1383265384615384,0.0,0.0015015384615384,0,0.17097,0.1417,0.02927,0.01951,1.0,0.42107250755287,0.8207171314741036,0.1900482262422357,0.1293933487691008,0.0074316512308991,1.4687634878464428,1.0,-0.9092552876381292,6.307802101590033,3.8179801807995455,-0.0282078200278218,-0.0027821828687577,-0.0418332748046571,1,18.040000915527344,18.43000030517578,4.357500915527343,1.7000000000000002,1.35,real_post_mid,0.17000000000000004,2.6,15.400000000000004,0.004666666666666668,fold_3,logreg,0.7394366197183099
LKQ,2024-06-30,2024-07-25,0.0,41.49,43.64,-6.12,-10.75,1.03,1.09,0.99,8.0,1.03,1.03,1.03,1.03,0.0,0.0,0.0,1.0,3867520000.0,3927500000.0,3825180000.0,7.0,7320.8,7744.48,-145.07,287.79,10.57,-73.29,8.84,-21.15,-2.38,-14.5,-20.82,-1.76,-3.1,45.0,40.0,45.0,2024-08-16,1.225,3.0,4.225,9.388888888888888,0.15,5.1,5.25,40.29,4.710000000000001,0.31731,0.6295,0.4734049999999999,0.26365,44.30772805525924,-0.2243899999999999,486.0,46.0,3.381756756756757,23.0,11.111111111111116,0,-1.7222222222222283,2024-07-24,563.0,530.0756225585938,0.136825,0.136825,0.1383265384615384,0.0,0.0015015384615384,0,0.17097,0.1417,0.02927,0.01951,1.0,0.42107250755287,0.8207171314741036,0.1900482262422357,0.1293933487691008,0.0074316512308991,1.4687634878464428,1.0,-0.9092552876381292,6.307802101590033,3.8179801807995455,-0.0282078200278218,-0.0027821828687577,-0.0418332748046571,1,18.040000915527344,18.43000030517578,4.357500915527343,4.225,5.25,real_post_mid,0.4225,2.6,-147.35000000000002,-0.03274444444444445,fold_3,logreg,0.7394366197183099
HAS,2024-06-30,2024-07-25,1.0,59.4,64.47,3.57,-4.58,0.78,0.99,0.67,11.0,0.78,0.77,0.76,0.75,0.0,0.0,2.0,1.0,943560000.0,956200000.0,924310000.0,10.0,6877.6,6633.12,533.33,948.45,-24.35,-84.86,-14.17,6000.0,60.53,-14.84,549.16,1.7,13.55,60.0,65.0,60.0,2024-08-16,2.325,4.0,6.325,10.541666666666668,4.3,0.35,4.6499999999999995,66.34,6.340000000000003,0.42462,0.63925,0.531935,0.23926,55.02082021299594,-0.151215,1356.0,555.0,0.9996055226824456,23.0,8.333333333333325,1,2.208333333333343,2024-07-24,563.0,530.0756225585938,0.136825,0.136825,0.1383265384615384,0.0,0.0015015384615384,0,0.17097,0.1417,0.02927,0.01951,1.0,0.42107250755287,0.8207171314741036,0.1900482262422357,0.1293933487691008,0.0074316512308991,1.4687634878464428,1.0,-0.9092552876381292,6.307802101590033,3.8179801807995455,-0.0282078200278218,-0.0027821828687577,-0.0418332748046571,1,18.040000915527344,18.43000030517578,4.357500915527343,6.325,4.6499999999999995,real_post_mid,0.6325000000000001,2.6,101.65000000000008,0.016941666666666678,fold_3,logreg,0.7394366197183099
MHK,2024-06-30,2024-07-25,1.0,106.33,115.45,26.49,16.5,2.75,2.82,2.72,16.0,2.75,2.75,2.75,2.68,2.0,0.0,5.0,0.0,2830410000.0,2911410000.0,2715000000.0,16.0,16748.0,16051.68,480.53,199.3,-4.52,-75.94,-5.25,6.29,-5.1,1.92,16.63,1.31,0.99,130.0,160.0,130.0,2024-08-16,4.8,7.1,11.9,9.153846153846152,31.75,0.475,32.225,146.42,16.419999999999987,0.46365,0.45389,0.45877,0.33682,26.58194738104061,-0.07317,191.0,147.0,0.3007246376811594,23.0,23.076923076923084,0,-13.92307692307693,2024-07-24,563.0,530.0756225585938,0.136825,0.136825,0.1383265384615384,0.0,0.0015015384615384,0,0.17097,0.1417,0.02927,0.01951,1.0,0.42107250755287,0.8207171314741036,0.1900482262422357,0.1293933487691008,0.0074316512308991,1.4687634878464428,1.0,-0.9092552876381292,6.307802101590033,3.8179801807995455,-0.0282078200278218,-0.0027821828687577,-0.0418332748046571,1,18.040000915527344,18.43000030517578,4.357500915527343,11.899999999999999,32.225,real_post_mid,1.19,2.6,-2154.1000000000004,-0.16570000000000004,fold_3,logreg,0.7394366197183099
MAS,2024-06-30,2024-07-25,1.0,65.48,69.85,15.82,8.58,1.18,1.21,1.11,19.0,1.18,1.17,1.17,1.18,2.0,0.0,5.0,1.0,2103400000.0,2155000000.0,2073000000.0,19.0,6026.4,5539.52,190.4,122.4,-2.68,-75.95,-7.72,6.9,12.05,0.32,0.95,1.77,0.59,70.0,75.0,70.0,2024-08-16,2.775,2.225,5.0,7.142857142857142,8.5,0.2,8.7,76.07,6.069999999999993,0.33682,0.37584,0.35633,0.26853,24.640080823955333,-0.06341,416.0,28.0,0.2925764192139738,23.0,7.14285714285714,1,2.6645352591003757e-15,2024-07-24,563.0,530.0756225585938,0.136825,0.136825,0.1383265384615384,0.0,0.0015015384615384,0,0.17097,0.1417,0.02927,0.01951,1.0,0.42107250755287,0.8207171314741036,0.1900482262422357,0.1293933487691008,0.0074316512308991,1.4687634878464428,1.0,-0.9092552876381292,6.307802101590033,3.8179801807995455,-0.0282078200278218,-0.0027821828687577,-0.0418332748046571,1,18.040000915527344,18.43000030517578,4.357500915527343,5.0,8.7,real_post_mid,0.5,2.6,-422.59999999999997,-0.06037142857142857,fold_3,logreg,0.7394366197183099
NDAQ,2024-06-30,2024-07-25,1.0,59.91,60.12,12.27,11.88,0.64,0.66,0.63,13.0,0.64,0.64,0.64,0.67,1.0,0.0,7.0,0.0,1130640000.0,1144000000.0,1105200000.0,10.0,-40336.8,-40336.64,41.07,83.13,9.2,-72.39,-2.26,-8.7,-12.5,14.0,-0.49,3.07,-2.39,62.5,67.5,62.5,2024-08-16,2.2,1.025,3.225,5.16,5.1,0.175,5.2749999999999995,69.83,7.329999999999998,0.31731,0.20024,0.258775,0.20024,22.62003671142884,-0.0487799999999999,575.0,10.0,0.214233841684822,23.0,8.000000000000007,0,-2.840000000000007,2024-07-24,563.0,530.0756225585938,0.136825,0.136825,0.1383265384615384,0.0,0.0015015384615384,0,0.17097,0.1417,0.02927,0.01951,1.0,0.42107250755287,0.8207171314741036,0.1900482262422357,0.1293933487691008,0.0074316512308991,1.4687634878464428,1.0,-0.9092552876381292,6.307802101590033,3.8179801807995455,-0.0282078200278218,-0.0027821828687577,-0.0418332748046571,1,18.040000915527344,18.43000030517578,4.357500915527343,3.225,5.2749999999999995,real_post_mid,0.3225,2.6,-239.84999999999997,-0.03837599999999999,fold_3,logreg,0.7394366197183099
POOL,2024-06-30,2024-07-25,1.0,310.74,371.17,15.83,-3.03,4.9,4.94,4.85,9.0,4.9,5.19,5.86,6.18,0.0,0.0,1.0,1.0,1744320000.0,1753000000.0,1734780000.0,11.0,29605.6,29017.44,343.47,131.74,-7.12,-79.77,-9.62,-20.93,54.55,-23.19,-25.42,-0.43,-2.38,330.0,370.0,330.0,2024-08-16,10.95,14.25,25.2,7.636363636363636,43.5,1.5,45.0,345.28,15.279999999999973,0.35633,0.40511,0.38072,0.307555,19.21753519646984,-0.048775,110.0,21.0,4.461538461538462,23.0,12.12121212121211,0,-4.484848484848475,2024-07-24,563.0,530.0756225585938,0.136825,0.136825,0.1383265384615384,0.0,0.0015015384615384,0,0.17097,0.1417,0.02927,0.01951,1.0,0.42107250755287,0.8207171314741036,0.1900482262422357,0.1293933487691008,0.0074316512308991,1.4687634878464428,1.0,-0.9092552876381292,6.307802101590033,3.8179801807995455,-0.0282078200278218,-0.0027821828687577,-0.0418332748046571,1,18.040000915527344,18.43000030517578,4.357500915527343,25.2,45.0,real_post_mid,2.52,2.6,-2234.6,-0.0677151515151515,fold_3,logreg,0.7394366197183099
WTW,2024-06-30,2024-07-25,1.0,263.07,250.95,5.52,10.62,2.33,2.45,2.22,17.0,2.33,2.33,2.34,2.4,0.0,0.0,1.0,0.0,2273430000.0,2310850000.0,2250700000.0,11.0,2093.6,1095.36,571.2,356.98,4.32,-75.31,6.99,15.85,-55.78,22.9,-1.75,1.18,-0.74,270.0,280.0,270.0,2024-08-16,6.85,8.8,15.65,5.796296296296297,14.9,1.225,16.125,280.42,10.420000000000016,0.28804,0.28804,0.28804,0.185605,35.5627690598528,-0.06341,335.0,11.0,0.2731517509727626,23.0,3.703703703703698,1,2.0925925925925988,2024-07-24,563.0,530.0756225585938,0.136825,0.136825,0.1383265384615384,0.0,0.0015015384615384,0,0.17097,0.1417,0.02927,0.01951,1.0,0.42107250755287,0.8207171314741036,0.1900482262422357,0.1293933487691008,0.0074316512308991,1.4687634878464428,1.0,-0.9092552876381292,6.307802101590033,3.8179801807995455,-0.0282078200278218,-0.0027821828687577,-0.0418332748046571,1,18.040000915527344,18.43000030517578,4.357500915527343,15.65,16.125,real_post_mid,1.5650000000000002,2.6,-206.6,-0.0076518518518518515,fold_3,logreg,0.7394366197183099
PFG,2024-06-30,2024-07-25,0.0,80.11,79.12,5.38,6.7,1.84,1.93,1.78,13.0,1.85,1.89,1.89,1.89,0.0,0.0,2.0,1.0,3795450000.0,3829000000.0,3752000000.0,4.0,11797.6,11589.6,-149.33,448.29,43.79,-70.34,-18.23,11.49,-9.84,395.11,395.11,11.97,23.01,85.0,80.0,85.0,2024-08-16,1.7000000000000002,2.675,4.375,5.147058823529411,0.475,3.7,4.175,77.54,7.459999999999994,0.25877,0.25877,0.25877,0.22463,13.193183135603045,-0.0243849999999999,284.0,0.0,0.8083333333333333,23.0,5.882352941176472,0,-0.7352941176470607,2024-07-24,563.0,530.0756225585938,0.136825,0.136825,0.1383265384615384,0.0,0.0015015384615384,0,0.17097,0.1417,0.02927,0.01951,1.0,0.42107250755287,0.8207171314741036,0.1900482262422357,0.1293933487691008,0.0074316512308991,1.4687634878464428,1.0,-0.9092552876381292,6.307802101590033,3.8179801807995455,-0.0282078200278218,-0.0027821828687577,-0.0418332748046571,1,18.040000915527344,18.43000030517578,4.357500915527343,4.375,4.175,real_post_mid,0.4375,2.6,-26.349999999999984,-0.003099999999999998,fold_3,logreg,0.7394366197183099
VRSN,2024-06-30,2024-07-25,1.0,177.92,175.48,-0.66,0.72,1.93,1.94,1.93,2.0,1.94,1.94,1.94,1.94,0.0,0.0,0.0,1.0,385800000.0,386400000.0,385210000.0,2.0,10092.0,9592.8,320.0,104.61,5.46,-74.26,5.11,12.94,0.0,6.96,7.29,0.91,1.15,175.0,185.0,175.0,2024-08-16,6.85,6.4,13.25,7.571428571428572,12.5,2.8,15.3,179.86,4.860000000000014,0.37584,0.3856,0.38072,0.356335,6.40496953141416,-0.102435,177.0,288.0,0.3276157804459691,23.0,5.714285714285716,1,1.857142857142856,2024-07-24,563.0,530.0756225585938,0.136825,0.136825,0.1383265384615384,0.0,0.0015015384615384,0,0.17097,0.1417,0.02927,0.01951,1.0,0.42107250755287,0.8207171314741036,0.1900482262422357,0.1293933487691008,0.0074316512308991,1.4687634878464428,1.0,-0.9092552876381292,6.307802101590033,3.8179801807995455,-0.0282078200278218,-0.0027821828687577,-0.0418332748046571,1,18.040000915527344,18.43000030517578,4.357500915527343,13.25,15.3,real_post_mid,1.3250000000000002,2.6,-340.10000000000014,-0.019434285714285723,fold_3,logreg,0.7394366197183099
WST,2024-06-30,2024-07-25,0.0,323.6,360.43,-14.35,-23.1,1.74,1.94,1.54,9.0,1.74,1.73,1.74,1.9,0.0,0.0,0.0,0.0,729350000.0,745200000.0,705260000.0,9.0,21784.8,20152.8,166.4,825.1,-2.88,-76.44,1.75,-21.21,-14.75,-14.19,-24.18,-4.53,-5.13,330.0,290.0,330.0,2024-08-16,13.05,17.9,30.95,9.37878787878788,2.0,45.3,47.3,300.41,29.589999999999975,0.4734,0.46365,0.4685249999999999,0.32219,31.233125233445385,-0.1024349999999999,109.0,9.0,1.2616279069767442,23.0,12.12121212121212,0,-2.742424242424242,2024-07-24,563.0,530.0756225585938,0.136825,0.136825,0.1383265384615384,0.0,0.0015015384615384,0,0.17097,0.1417,0.02927,0.01951,1.0,0.42107250755287,0.8207171314741036,0.1900482262422357,0.1293933487691008,0.0074316512308991,1.4687634878464428,1.0,-0.9092552876381292,6.307802101590033,3.8179801807995455,-0.0282078200278218,-0.0027821828687577,-0.0418332748046571,1,18.040000915527344,18.43000030517578,4.357500915527343,30.95,47.3,real_post_mid,3.095,2.6,-1947.0999999999997,-0.05900303030303029,fold_3,logreg,0.7394366197183099
WY,2024-06-30,2024-07-25,0.0,28.28,31.05,7.18,-2.38,0.21,0.28,0.17,9.0,0.22,0.28,0.28,0.34,0.0,0.0,0.0,1.0,1942670000.0,1989000000.0,1860030000.0,8.0,3772.0,3683.68,38.4,31.84,-4.52,-76.6,-22.09,-23.81,0.0,-10.68,-16.95,0.15,-1.64,30.0,32.0,30.0,2024-08-16,0.7749999999999999,0.825,1.6,5.333333333333333,1.85,0.15,2.0,29.91,0.0899999999999998,0.25877,0.26853,0.26365,0.21975,16.650862886402425,-0.0243899999999999,638.0,2.0,1.528,23.0,6.666666666666665,0,-1.333333333333332,2024-07-24,563.0,530.0756225585938,0.136825,0.136825,0.1383265384615384,0.0,0.0015015384615384,0,0.17097,0.1417,0.02927,0.01951,1.0,0.42107250755287,0.8207171314741036,0.1900482262422357,0.1293933487691008,0.0074316512308991,1.4687634878464428,1.0,-0.9092552876381292,6.307802101590033,3.8179801807995455,-0.0282078200278218,-0.0027821828687577,-0.0418332748046571,1,18.040000915527344,18.43000030517578,4.357500915527343,1.5999999999999999,2.0,real_post_mid,0.16,2.6,-58.600000000000016,-0.01953333333333334,fold_3,logreg,0.7394366197183099
LHX,2024-06-30,2024-07-25,1.0,224.51,214.54,8.36,13.39,3.18,3.28,3.09,22.0,3.18,3.16,3.16,3.11,5.0,0.0,8.0,0.0,5297900000.0,5402000000.0,5155000000.0,20.0,9436.0,8893.92,200.53,118.75,16.55,-73.17,11.76,6.99,-8.66,8.41,-3.46,-3.99,-1.66,240.0,230.0,240.0,2024-08-16,4.6,6.55,11.15,4.645833333333333,0.975,11.85,12.825,228.5,11.5,0.22951,0.22951,0.22951,0.18073,21.253975861618223,-0.0292699999999999,1552.0,104.0,0.2815533980582524,23.0,4.1666666666666625,1,0.4791666666666705,2024-07-24,563.0,530.0756225585938,0.136825,0.136825,0.1383265384615384,0.0,0.0015015384615384,0,0.17097,0.1417,0.02927,0.01951,1.0,0.42107250755287,0.8207171314741036,0.1900482262422357,0.1293933487691008,0.0074316512308991,1.4687634878464428,1.0,-0.9092552876381292,6.307802101590033,3.8179801807995455,-0.0282078200278218,-0.0027821828687577,-0.0418332748046571,1,18.040000915527344,18.43000030517578,4.357500915527343,11.149999999999999,12.825,real_post_mid,1.115,2.6,-281.60000000000014,-0.011733333333333339,fold_3,logreg,0.7394366197183099
VLTO,2024-06-30,2024-07-25,1.0,98.95,94.12,0.67,5.83,0.81,0.85,0.78,10.0,0.8,0.8,0.8,0.8,1.0,0.0,2.0,0.0,1278740000.0,1289000000.0,1257600000.0,10.0,2028.0,1697.33,218.67,67.04,,-0.72,,,12.0,,,,,100.0,105.0,100.0,2024-08-16,2.5250000000000004,2.925,5.45,5.45,5.85,0.6,6.449999999999999,108.72,8.719999999999999,0.26853,0.27829,0.27341,0.22463,17.841337185911264,-0.058535,161.0,67.0,0.0916030534351145,23.0,5.000000000000004,1,0.4499999999999957,2024-07-24,563.0,530.0756225585938,0.136825,0.136825,0.1383265384615384,0.0,0.0015015384615384,0,0.17097,0.1417,0.02927,0.01951,1.0,0.42107250755287,0.8207171314741036,0.1900482262422357,0.1293933487691008,0.0074316512308991,1.4687634878464428,1.0,-0.9092552876381292,6.307802101590033,3.8179801807995455,-0.0282078200278218,-0.0027821828687577,-0.0418332748046571,1,18.040000915527344,18.43000030517578,4.357500915527343,5.45,6.449999999999999,real_post_mid,0.545,2.6,-157.0999999999999,-0.01570999999999999,fold_3,logreg,0.7394366197183099
AJG,2024-06-30,2024-07-25,1.0,259.9,234.11,5.41,17.03,2.24,2.26,2.22,16.0,2.24,2.24,2.25,2.26,0.0,0.0,1.0,1.0,2775400000.0,2801320000.0,2742300000.0,5.0,5629.6,5379.36,90.67,82.45,20.35,-67.67,19.03,11.15,88.65,28.75,18.63,-0.65,-0.38,270.0,280.0,270.0,2024-08-16,9.4,3.975,13.375,4.953703703703704,15.9,0.8250000000000001,16.724999999999998,285.08,15.079999999999984,0.23926,0.22951,0.234385,0.185605,20.81191202508692,-0.029265,180.0,10.0,1.0416666666666667,23.0,3.703703703703698,1,1.2500000000000062,2024-07-24,563.0,530.0756225585938,0.136825,0.136825,0.1383265384615384,0.0,0.0015015384615384,0,0.17097,0.1417,0.02927,0.01951,1.0,0.42107250755287,0.8207171314741036,0.1900482262422357,0.1293933487691008,0.0074316512308991,1.4687634878464428,1.0,-0.9092552876381292,6.307802101590033,3.8179801807995455,-0.0282078200278218,-0.0027821828687577,-0.0418332748046571,1,18.040000915527344,18.43000030517578,4.357500915527343,13.375,16.724999999999998,real_post_mid,1.3375000000000001,2.6,-471.34999999999985,-0.0174574074074074,fold_3,logreg,0.7394366197183099
CHTR,2024-06-30,2024-07-26,1.0,291.59,254.61,26.07,44.39,7.98,9.11,7.25,18.0,7.98,8.07,8.04,8.46,1.0,0.0,4.0,1.0,13589200000.0,13726000000.0,13522000000.0,18.0,11967.2,15138.56,-1112.53,1994.94,0.19,-74.95,0.74,13.53,6.79,4.06,5.35,-8.76,1.11,315.0,380.0,315.0,2024-07-26,14.3,13.9,28.2,8.952380952380953,,,,367.62,52.620000000000005,2.15141,2.1319,2.141655,0.370965,82.67858268488622,-1.629225,229.0,44.0,1.6944193606646198,1.0,20.63492063492063,0,-11.682539682539677,2024-07-25,560.0,527.313720703125,0.14658,0.141705,0.141705,-0.0048749999999999,-0.0048749999999999,1,0.18073,0.1417,0.03903,0.014635,1.0,0.5263271471730685,0.8804780876494024,0.1892243658830038,0.1296947240530761,0.0168852759469238,1.4589981764066655,1.01,-0.913239393224624,0.8437136982894557,-0.528292374772572,-0.025784465767398,-0.0117835508867802,-0.0468256991749608,1,18.459999084472656,18.690000534057617,3.8019990844726568,28.200000000000003,65.0,intrinsic_fallback,2.8200000000000003,2.6,-3964.5999999999995,-0.12586031746031745,fold_3,logreg,0.7394366197183099
TROW,2024-06-30,2024-07-26,0.0,116.51,114.02,-3.8,-1.7,2.27,2.34,2.2,10.0,2.27,2.23,2.21,2.2,2.0,0.0,9.0,0.0,1790990000.0,1818000000.0,1761600000.0,5.0,8568.8,6888.8,448.0,535.16,13.83,-72.91,3.27,30.05,38.37,30.75,21.15,2.37,2.03,115.0,115.0,115.0,2024-08-16,3.85,2.875,6.725,5.8478260869565215,1.7000000000000002,3.25,4.95,108.78,6.219999999999999,0.2978,0.28804,0.29292,0.23926,18.318994947425924,-0.034145,1089.0,40.0,1.1742957746478873,22.0,0.0,1,5.8478260869565215,2024-07-25,560.0,527.313720703125,0.14658,0.141705,0.141705,-0.0048749999999999,-0.0048749999999999,1,0.18073,0.1417,0.03903,0.014635,1.0,0.5263271471730685,0.8804780876494024,0.1892243658830038,0.1296947240530761,0.0168852759469238,1.4589981764066655,1.01,-0.913239393224624,0.8437136982894557,-0.528292374772572,-0.025784465767398,-0.0117835508867802,-0.0468256991749608,1,18.459999084472656,18.690000534057617,3.8019990844726568,6.725,4.95,real_post_mid,0.6725,2.6,107.64999999999996,0.009360869565217388,fold_3,logreg,0.7394366197183099
CL,2024-06-30,2024-07-26,1.0,98.23,91.01,1.18,9.21,0.87,0.89,0.84,18.0,0.87,0.86,0.86,0.8,0.0,0.0,5.0,2.0,5009760000.0,5143000000.0,4904650000.0,14.0,2852.0,2632.96,96.53,43.93,6.18,-73.97,8.15,17.81,-1.15,58.14,23.5,3.23,3.26,96.0,101.0,96.0,2024-07-26,1.625,1.625,3.25,3.3854166666666665,,,,99.39,3.390000000000001,0.66852,0.92217,0.795345,0.15634,80.34312153845187,-0.595105,26.0,38.0,0.7154943195552332,1.0,5.208333333333326,0,-1.8229166666666592,2024-07-25,560.0,527.313720703125,0.14658,0.141705,0.141705,-0.0048749999999999,-0.0048749999999999,1,0.18073,0.1417,0.03903,0.014635,1.0,0.5263271471730685,0.8804780876494024,0.1892243658830038,0.1296947240530761,0.0168852759469238,1.4589981764066655,1.01,-0.913239393224624,0.8437136982894557,-0.528292374772572,-0.025784465767398,-0.0117835508867802,-0.0468256991749608,1,18.459999084472656,18.690000534057617,3.8019990844726568,3.25,5.0,intrinsic_fallback,0.325,2.6,-210.10000000000002,-0.021885416666666668,fold_3,logreg,0.7394366197183099
BEN,2024-06-30,2024-07-26,1.0,,,,,0.57,0.59,0.55,10.0,0.58,0.58,0.58,0.64,0.0,0.0,2.0,2.0,1663550000.0,1688540000.0,1642300000.0,7.0,10119.2,9776.8,149.33,157.58,11.71,8.12,2.68,-8.2,-20.0,-25.54,-49.31,-0.47,-7.23,22.5,22.5,22.5,2024-08-16,1.5,0.3,1.8,8.0,0.6000000000000001,0.475,1.0750000000000002,22.76,0.2600000000000015,0.32707,0.33682,0.331945,0.26853,19.104068445073747,-0.034145,4948.0,12.0,0.96,22.0,0.0,1,8.0,2024-07-25,560.0,527.313720703125,0.14658,0.141705,0.141705,-0.0048749999999999,-0.0048749999999999,1,0.18073,0.1417,0.03903,0.014635,1.0,0.5263271471730685,0.8804780876494024,0.1892243658830038,0.1296947240530761,0.0168852759469238,1.4589981764066655,1.01,-0.913239393224624,0.8437136982894557,-0.528292374772572,-0.025784465767398,-0.0117835508867802,-0.0468256991749608,1,18.459999084472656,18.690000534057617,3.8019990844726568,1.8,1.0750000000000002,real_post_mid,0.18000000000000002,2.6,51.89999999999998,0.023066666666666655,fold_3,logreg,0.7394366197183099
AON,2024-06-30,2024-07-26,0.0,288.77,285.03,11.85,13.32,3.08,3.2,2.99,17.0,3.08,3.1,3.11,3.17,0.0,0.0,3.0,0.0,3732680000.0,3868000000.0,3668430000.0,11.0,5887.2,6703.2,-516.8,367.7,5.14,-69.57,7.02,9.48,45.5,7.39,-0.54,0.02,-2.05,300.0,320.0,300.0,2024-08-16,8.5,9.85,18.35,6.116666666666667,20.85,0.75,21.6,332.05,32.05000000000001,0.28804,0.33682,0.31243,0.17585,43.71539224786352,-0.0780449999999999,195.0,101.0,1.5993788819875776,22.0,6.666666666666665,0,-0.549999999999998,2024-07-25,560.0,527.313720703125,0.14658,0.141705,0.141705,-0.0048749999999999,-0.0048749999999999,1,0.18073,0.1417,0.03903,0.014635,1.0,0.5263271471730685,0.8804780876494024,0.1892243658830038,0.1296947240530761,0.0168852759469238,1.4589981764066655,1.01,-0.913239393224624,0.8437136982894557,-0.528292374772572,-0.025784465767398,-0.0117835508867802,-0.0468256991749608,1,18.459999084472656,18.690000534057617,3.8019990844726568,18.35,21.6,real_post_mid,1.8350000000000002,2.6,-511.1,-0.01703666666666667,fold_3,logreg,0.7394366197183099
FFIV,2024-06-30,2024-07-29,1.0,172.23,165.31,3.11,7.43,2.97,3.02,2.94,12.0,2.96,2.96,2.96,2.96,1.0,0.0,3.0,0.0,686060000.0,690000000.0,681790000.0,10.0,10888.8,11197.6,16.0,1068.91,-3.1,-1.62,-0.33,15.02,14.57,26.0,31.98,1.43,5.46,180.0,200.0,180.0,2024-08-16,5.35,7.35,12.7,7.055555555555555,22.0,0.35,22.35,195.57,15.569999999999991,0.37584,0.36609,0.370965,0.253895,31.55823325650668,-0.0829249999999999,375.0,61.0,0.3903903903903903,21.0,11.111111111111116,0,-4.055555555555561,2024-07-26,565.0,533.2195434570312,0.136825,0.1319449999999999,0.136825,-0.00488,0.0,0,0.16122,0.13195,0.0292699999999999,0.00976,0.8000205002050023,0.42107250755287,0.8167330677290837,0.2203396876797261,0.1358163518382245,0.0010086481617755,1.622335489780938,1.14,0.545287359237499,1.1387468475138418,-0.315429469794595,-0.0082879645101529,-0.0019614007661903,-0.0361503113493888,1,16.389999389648438,17.239999771118164,2.7074993896484365,12.7,22.35,real_post_mid,1.27,2.6,-1094.6000000000001,-0.06081111111111112,fold_3,logreg,0.7394366197183099
RVTY,2024-06-30,2024-07-29,1.0,104.86,102.47,19.77,22.56,1.12,1.18,1.09,17.0,1.12,1.13,1.13,1.14,0.0,0.0,0.0,0.0,690360000.0,701470000.0,675000000.0,16.0,1685.6,1552.96,125.33,109.33,,-3.1,,,-16.95,,,,,115.0,130.0,115.0,2024-08-16,5.35,5.5,10.85,9.434782608695652,12.95,0.325,13.275,119.66,4.659999999999997,0.46365,0.52218,0.492915,0.28804,41.56396133207551,-0.146335,1257.0,91.0,0.7605177993527508,21.0,13.043478260869556,0,-3.6086956521739033,2024-07-26,565.0,533.2195434570312,0.136825,0.1319449999999999,0.136825,-0.00488,0.0,0,0.16122,0.13195,0.0292699999999999,0.00976,0.8000205002050023,0.42107250755287,0.8167330677290837,0.2203396876797261,0.1358163518382245,0.0010086481617755,1.622335489780938,1.14,0.545287359237499,1.1387468475138418,-0.315429469794595,-0.0082879645101529,-0.0019614007661903,-0.0361503113493888,1,16.389999389648438,17.239999771118164,2.7074993896484365,10.85,13.275,real_post_mid,1.085,2.6,-353.6000000000001,-0.030747826086956528,fold_3,logreg,0.7394366197183099
WELL,2024-06-30,2024-07-29,1.0,104.25,95.28,7.1,17.18,0.34,0.43,0.31,8.0,0.34,0.34,0.33,0.3,0.0,0.0,0.0,0.0,1885350000.0,1970400000.0,1812100000.0,8.0,12063.2,12412.64,-89.6,298.06,17.94,-71.74,12.85,340.0,46.67,25.59,49.18,1.78,3.58,110.0,110.0,110.0,2024-08-16,2.575,2.875,5.45,4.954545454545454,3.35,1.275,4.625,115.92,5.920000000000002,0.23926,0.27829,0.258775,0.21487,16.96647666892087,-0.0341449999999999,1274.0,43.0,1.582236842105263,21.0,0.0,1,4.954545454545454,2024-07-26,565.0,533.2195434570312,0.136825,0.1319449999999999,0.136825,-0.00488,0.0,0,0.16122,0.13195,0.0292699999999999,0.00976,0.8000205002050023,0.42107250755287,0.8167330677290837,0.2203396876797261,0.1358163518382245,0.0010086481617755,1.622335489780938,1.14,0.545287359237499,1.1387468475138418,-0.315429469794595,-0.0082879645101529,-0.0019614007661903,-0.0361503113493888,1,16.389999389648438,17.239999771118164,2.7074993896484365,5.45,4.625,real_post_mid,0.545,2.6,25.400000000000013,0.0023090909090909104,fold_3,logreg,0.7394366197183099
ZBRA,2024-06-30,2024-07-30,1.0,308.93,309.05,12.69,12.64,2.8,3.0,2.69,14.0,2.8,2.8,2.79,2.77,0.0,0.0,2.0,0.0,1181750000.0,1197000000.0,1171850000.0,13.0,19279.2,17967.2,874.67,528.24,-16.37,-74.37,-20.96,-27.92,66.08,-24.06,-29.33,0.44,-2.48,340.0,350.0,340.0,2024-08-16,13.6,17.55,31.15,9.161764705882351,15.55,4.15,19.7,344.14,4.139999999999986,0.52218,0.52218,0.52218,0.28804,44.83894442529395,-0.1365799999999999,153.0,14.0,0.7331081081081081,18.0,2.941176470588225,1,6.220588235294128,2024-07-29,565.0,533.532958984375,0.141705,0.133409,0.136825,-0.008296,-0.00488,1,0.1640057142857142,0.13195,0.0320557142857142,0.0062728571428571,0.9000615006150069,0.4737268018990075,0.8326693227091634,0.1968179537398394,0.1357065126798033,0.0059984873201966,1.4503206209729018,1.17,0.9386506109131963,0.4479512240600576,-0.8004425226024264,-0.0178310315994131,-0.0029465383449768,-0.0355837802419766,1,16.600000381469727,17.15999984741211,2.429500381469724,31.15,19.7,real_post_mid,3.115,2.6,830.8999999999999,0.024438235294117643,fold_3,logreg,0.7394366197183099
ACGL,2024-06-30,2024-07-30,1.0,100.89,95.8,-2.67,2.51,2.21,2.4,2.04,15.0,2.21,2.18,2.2,2.19,0.0,0.0,6.0,0.0,3947520000.0,4009190000.0,3900700000.0,4.0,13684.0,11042.56,1060.8,537.36,22.41,-70.83,33.99,41.62,-1.61,46.4,31.57,-47.33,1.91,95.0,95.0,95.0,2024-08-16,3.8,1.575,5.375,5.657894736842105,2.4,1.4,3.8,102.55,7.549999999999997,0.2978,0.2978,0.2978,0.22951,22.93149764942915,-0.043905,32.0,55.0,0.6985138004246284,18.0,0.0,1,5.657894736842105,2024-07-29,565.0,533.532958984375,0.141705,0.133409,0.136825,-0.008296,-0.00488,1,0.1640057142857142,0.13195,0.0320557142857142,0.0062728571428571,0.9000615006150069,0.4737268018990075,0.8326693227091634,0.1968179537398394,0.1357065126798033,0.0059984873201966,1.4503206209729018,1.17,0.9386506109131963,0.4479512240600576,-0.8004425226024264,-0.0178310315994131,-0.0029465383449768,-0.0355837802419766,1,16.600000381469727,17.15999984741211,2.429500381469724,5.375,3.8,real_post_mid,0.5375,2.6,101.15000000000002,0.010647368421052635,fold_3,logreg,0.7394366197183099
AEP,2024-06-30,2024-07-30,1.0,87.74,88.15,11.85,11.33,1.23,1.27,1.2,14.0,1.23,1.25,1.26,1.22,3.0,0.0,5.0,4.0,4739050000.0,5201000000.0,4521630000.0,6.0,2736.8,2658.08,17.07,91.72,5.21,-73.71,0.36,14.41,3.25,28.46,28.2,4.27,4.37,97.5,97.5,97.5,2024-08-16,1.325,2.2249999999999996,3.55,3.641025641025641,1.625,1.5,3.125,96.94,0.5600000000000023,0.16122,0.24902,0.20512,0.185605,9.513943057722312,-0.0195149999999999,3060.0,423.0,0.582995951417004,18.0,0.0,1,3.641025641025641,2024-07-29,565.0,533.532958984375,0.141705,0.133409,0.136825,-0.008296,-0.00488,1,0.1640057142857142,0.13195,0.0320557142857142,0.0062728571428571,0.9000615006150069,0.4737268018990075,0.8326693227091634,0.1968179537398394,0.1357065126798033,0.0059984873201966,1.4503206209729018,1.17,0.9386506109131963,0.4479512240600576,-0.8004425226024264,-0.0178310315994131,-0.0029465383449768,-0.0355837802419766,1,16.600000381469727,17.15999984741211,2.429500381469724,3.55,3.125,real_post_mid,0.355,2.6,4.399999999999984,0.0004512820512820497,fold_3,logreg,0.7394366197183099
IT,2024-06-30,2024-07-30,1.0,449.06,422.39,11.07,18.08,3.02,3.16,2.95,10.0,3.02,3.0,3.0,2.98,1.0,0.0,1.0,1.0,1584660000.0,1592060000.0,1569000000.0,8.0,45468.0,43077.6,864.0,523.56,4.55,-75.06,7.28,1.74,-3.62,-27.94,-32.86,-0.3,-10.37,470.0,500.0,470.0,2024-08-16,20.45,18.45,38.9,8.27659574468085,33.3,2.25,35.55,482.7,12.699999999999989,0.46365,0.46365,0.46365,0.22463,51.55181710341853,-0.1317049999999999,78.0,126.0,1.530674846625767,18.0,6.382978723404253,1,1.8936170212765973,2024-07-29,565.0,533.532958984375,0.141705,0.133409,0.136825,-0.008296,-0.00488,1,0.1640057142857142,0.13195,0.0320557142857142,0.0062728571428571,0.9000615006150069,0.4737268018990075,0.8326693227091634,0.1968179537398394,0.1357065126798033,0.0059984873201966,1.4503206209729018,1.17,0.9386506109131963,0.4479512240600576,-0.8004425226024264,-0.0178310315994131,-0.0029465383449768,-0.0355837802419766,1,16.600000381469727,17.15999984741211,2.429500381469724,38.9,35.55,real_post_mid,3.89,2.6,-56.59999999999987,-0.0012042553191489334,fold_3,logreg,0.7394366197183099
CNP,2024-06-30,2024-07-30,1.0,30.98,29.32,-7.97,-2.76,0.32,0.34,0.29,13.0,0.32,0.33,0.33,0.33,3.0,0.0,4.0,3.0,1886950000.0,2158340000.0,1639170000.0,5.0,4988.0,4866.4,64.0,61.45,-5.72,-69.87,-5.62,10.0,71.88,14.11,13.86,6.95,4.04,29.0,28.0,29.0,2024-08-16,0.675,0.55,1.225,4.224137931034483,0.1,1.45,1.55,25.79,3.210000000000001,0.21,0.25877,0.234385,0.180725,22.893956524521624,-0.029265,538.0,27.0,2.4672131147540983,18.0,3.4482758620689613,1,0.7758620689655218,2024-07-29,565.0,533.532958984375,0.141705,0.133409,0.136825,-0.008296,-0.00488,1,0.1640057142857142,0.13195,0.0320557142857142,0.0062728571428571,0.9000615006150069,0.4737268018990075,0.8326693227091634,0.1968179537398394,0.1357065126798033,0.0059984873201966,1.4503206209729018,1.17,0.9386506109131963,0.4479512240600576,-0.8004425226024264,-0.0178310315994131,-0.0029465383449768,-0.0355837802419766,1,16.600000381469727,17.15999984741211,2.429500381469724,1.225,1.55,real_post_mid,0.12250000000000001,2.6,-47.349999999999994,-0.01632758620689655,fold_3,logreg,0.7394366197183099
EXR,2024-06-30,2024-07-30,1.0,155.41,138.7,4.95,17.59,1.03,1.11,0.99,7.0,1.03,1.03,1.04,1.05,0.0,0.0,0.0,0.0,728750000.0,810060000.0,688500000.0,6.0,13615.2,14072.16,-12.8,478.46,58.67,-68.85,35.78,-30.82,-0.98,55.48,27.43,-0.75,-10.11,165.0,160.0,165.0,2024-08-16,5.25,5.55,10.8,6.545454545454546,1.2,6.7,7.9,167.27,2.2700000000000102,0.37584,0.36609,0.370965,0.24414,34.187861388540696,-0.078045,15.0,5.0,3.692307692307693,18.0,3.0303030303030276,1,3.5151515151515182,2024-07-29,565.0,533.532958984375,0.141705,0.133409,0.136825,-0.008296,-0.00488,1,0.1640057142857142,0.13195,0.0320557142857142,0.0062728571428571,0.9000615006150069,0.4737268018990075,0.8326693227091634,0.1968179537398394,0.1357065126798033,0.0059984873201966,1.4503206209729018,1.17,0.9386506109131963,0.4479512240600576,-0.8004425226024264,-0.0178310315994131,-0.0029465383449768,-0.0355837802419766,1,16.600000381469727,17.15999984741211,2.429500381469724,10.8,7.9,real_post_mid,1.08,2.6,179.40000000000003,0.010872727272727275,fold_3,logreg,0.7394366197183099
FE,2024-06-30,2024-07-30,0.0,38.27,38.7,9.22,8.01,0.56,0.58,0.52,13.0,0.55,0.55,0.56,0.55,2.0,0.0,3.0,1.0,3379860000.0,4163180000.0,2971000000.0,6.0,3119.2,3060.16,16.53,48.96,1.73,-74.46,3.03,-8.33,-11.29,2.58,11.07,4.19,1.57,41.0,42.0,41.0,2024-08-16,0.95,0.6499999999999999,1.6,3.902439024390244,2.05,0.35,2.4,42.57,1.5700000000000005,0.16122,0.25877,0.209995,0.170975,18.58139479511417,-0.0975549999999999,372.0,29.0,0.1403180542563143,18.0,2.4390243902439046,1,1.4634146341463392,2024-07-29,565.0,533.532958984375,0.141705,0.133409,0.136825,-0.008296,-0.00488,1,0.1640057142857142,0.13195,0.0320557142857142,0.0062728571428571,0.9000615006150069,0.4737268018990075,0.8326693227091634,0.1968179537398394,0.1357065126798033,0.0059984873201966,1.4503206209729018,1.17,0.9386506109131963,0.4479512240600576,-0.8004425226024264,-0.0178310315994131,-0.0029465383449768,-0.0355837802419766,1,16.600000381469727,17.15999984741211,2.429500381469724,1.5999999999999999,2.4,real_post_mid,0.16,2.6,-98.60000000000001,-0.02404878048780488,fold_3,logreg,0.7394366197183099
HUBB,2024-06-30,2024-07-30,1.0,365.48,373.3,3.92,1.74,4.24,4.38,4.15,9.0,4.24,4.26,4.25,4.38,0.0,0.0,1.0,0.0,1479160000.0,1506200000.0,1428200000.0,9.0,17007.2,16741.6,347.73,334.96,8.85,-73.96,8.04,-0.28,-2.44,0.75,-8.16,-2.88,-3.03,370.0,400.0,370.0,2024-08-16,13.15,16.8,29.95,8.094594594594593,27.5,1.9,29.4,373.83,3.829999999999984,0.43438,0.48316,0.45877,0.263655,42.53002593892365,-0.14634,305.0,306.0,0.4251207729468599,18.0,8.108108108108114,0,-0.0135135135135211,2024-07-29,565.0,533.532958984375,0.141705,0.133409,0.136825,-0.008296,-0.00488,1,0.1640057142857142,0.13195,0.0320557142857142,0.0062728571428571,0.9000615006150069,0.4737268018990075,0.8326693227091634,0.1968179537398394,0.1357065126798033,0.0059984873201966,1.4503206209729018,1.17,0.9386506109131963,0.4479512240600576,-0.8004425226024264,-0.0178310315994131,-0.0029465383449768,-0.0355837802419766,1,16.600000381469727,17.15999984741211,2.429500381469724,29.950000000000003,29.4,real_post_mid,2.9950000000000006,2.6,-247.09999999999962,-0.006678378378378368,fold_3,logreg,0.7394366197183099
COR,2024-06-30,2024-07-31,1.0,223.53,224.74,6.42,5.85,3.22,3.32,3.11,14.0,3.22,3.21,3.21,3.24,2.0,0.0,3.0,1.0,73476900000.0,74557000000.0,72180100000.0,11.0,3112.8,2191.2,998.4,614.4,,,,,,,,,,230.0,240.0,230.0,2024-08-16,6.4,5.15,11.55,5.021739130434783,15.05,0.35,15.4,238.11,8.110000000000014,0.27829,0.2978,0.288045,0.190485,33.86970785814716,-0.0585399999999999,1230.0,701.0,0.6223234624145786,17.0,4.347826086956519,1,0.6739130434782643,2024-07-30,559.0,530.8297729492188,0.1570321428571428,0.143656,0.14658,-0.0133761428571428,-0.0104521428571428,1,0.19048,0.12219,0.06829,-0.0006971428571428,1.0,0.6391038288427154,0.9243027888446216,0.1961149333937061,0.136164116147735,0.0208680267094078,1.4402835265417926,1.14,0.6317672786273588,1.5936494861501016,0.0907194698993351,-0.0212720009732008,-0.0040791334950314,-0.0404700696706386,1,17.690000534057617,18.010000228881836,1.9867862483433305,11.55,15.4,real_post_mid,1.155,2.6,-503.1,-0.02187391304347826,fold_3,logreg,0.7394366197183099
HST,2024-06-30,2024-07-31,0.0,17.63,18.45,-0.68,-5.09,0.34,0.52,0.28,8.0,0.34,0.34,0.34,0.33,0.0,0.0,1.0,0.0,1467380000.0,1524000000.0,1419000000.0,15.0,10251.87,9990.11,66.13,114.97,6.52,-72.3,5.99,-5.0,100.0,-1.39,17.34,-0.8,1.82,18.0,17.0,18.0,2024-08-16,0.4,0.575,0.975,5.416666666666667,0.075,1.075,1.15,16.45,1.5500000000000007,0.30755,0.31731,0.31243,0.283165,9.36689818519348,-0.0438999999999999,951.0,115.0,0.5376884422110553,17.0,5.555555555555558,0,-0.138888888888891,2024-07-30,559.0,530.8297729492188,0.1570321428571428,0.143656,0.14658,-0.0133761428571428,-0.0104521428571428,1,0.19048,0.12219,0.06829,-0.0006971428571428,1.0,0.6391038288427154,0.9243027888446216,0.1961149333937061,0.136164116147735,0.0208680267094078,1.4402835265417926,1.14,0.6317672786273588,1.5936494861501016,0.0907194698993351,-0.0212720009732008,-0.0040791334950314,-0.0404700696706386,1,17.690000534057617,18.010000228881836,1.9867862483433305,0.975,1.15,real_post_mid,0.0975,2.6,-29.849999999999998,-0.016583333333333332,fold_3,logreg,0.7394366197183099
CDW,2024-06-30,2024-07-31,0.0,219.19,218.41,-0.49,-0.14,2.53,2.62,2.32,11.0,2.53,2.53,2.53,2.53,0.0,0.0,0.0,1.0,5425110000.0,5508170000.0,5213000000.0,9.0,11036.0,11522.4,-266.67,405.01,-4.51,-77.2,-9.0,-5.42,-25.29,-6.95,-7.68,0.47,-0.23,230.0,210.0,230.0,2024-08-16,9.95,6.3,16.25,7.065217391304348,0.45,17.15,17.599999999999998,222.76,7.240000000000009,0.41487,0.3856,0.400235,0.253895,36.56351893262709,-0.107315,186.0,8.0,1.5543175487465182,17.0,8.695652173913048,0,-1.630434782608701,2024-07-30,559.0,530.8297729492188,0.1570321428571428,0.143656,0.14658,-0.0133761428571428,-0.0104521428571428,1,0.19048,0.12219,0.06829,-0.0006971428571428,1.0,0.6391038288427154,0.9243027888446216,0.1961149333937061,0.136164116147735,0.0208680267094078,1.4402835265417926,1.14,0.6317672786273588,1.5936494861501016,0.0907194698993351,-0.0212720009732008,-0.0040791334950314,-0.0404700696706386,1,17.690000534057617,18.010000228881836,1.9867862483433305,16.25,17.599999999999998,real_post_mid,1.625,2.6,-300.0999999999998,-0.013047826086956513,fold_3,logreg,0.7394366197183099
CHRW,2024-06-30,2024-07-31,1.0,86.81,80.93,2.58,10.03,0.96,1.16,0.82,19.0,0.96,0.92,0.89,0.89,1.0,0.0,9.0,0.0,4532300000.0,4687010000.0,4405900000.0,16.0,5399.2,5279.84,158.4,526.74,-4.32,-74.92,-26.95,-12.24,72.0,-18.55,-21.05,-0.24,-0.61,90.0,100.0,90.0,2024-08-16,3.15,3.4,6.55,7.277777777777778,13.3,0.3999999999999999,13.7,99.22,9.22,0.43438,0.41487,0.424625,0.302675,28.719458345599055,-0.10244,1689.0,78.0,0.9707856296881168,17.0,11.111111111111116,0,-3.8333333333333384,2024-07-30,559.0,530.8297729492188,0.1570321428571428,0.143656,0.14658,-0.0133761428571428,-0.0104521428571428,1,0.19048,0.12219,0.06829,-0.0006971428571428,1.0,0.6391038288427154,0.9243027888446216,0.1961149333937061,0.136164116147735,0.0208680267094078,1.4402835265417926,1.14,0.6317672786273588,1.5936494861501016,0.0907194698993351,-0.0212720009732008,-0.0040791334950314,-0.0404700696706386,1,17.690000534057617,18.010000228881836,1.9867862483433305,6.55,13.7,real_post_mid,0.655,2.6,-783.1,-0.08701111111111111,fold_3,logreg,0.7394366197183099
AWK,2024-06-30,2024-07-31,0.0,127.76,125.95,11.43,13.03,1.45,1.5,1.4,8.0,1.48,1.52,1.52,1.51,0.0,0.0,0.0,1.0,1114500000.0,1152000000.0,1033000000.0,4.0,2991.2,2829.92,-12.8,243.43,7.78,-76.12,11.26,2.2,1.09,4.39,10.51,0.75,0.8,145.0,145.0,145.0,2024-08-16,2.075,3.75,5.825,4.017241379310345,2.175,3.0999999999999996,5.2749999999999995,140.98,4.02000000000001,0.20024,0.25877,0.229505,0.224625,2.1263153308206775,-0.02439,328.0,58.0,0.0708041958041958,17.0,0.0,1,4.017241379310345,2024-07-30,559.0,530.8297729492188,0.1570321428571428,0.143656,0.14658,-0.0133761428571428,-0.0104521428571428,1,0.19048,0.12219,0.06829,-0.0006971428571428,1.0,0.6391038288427154,0.9243027888446216,0.1961149333937061,0.136164116147735,0.0208680267094078,1.4402835265417926,1.14,0.6317672786273588,1.5936494861501016,0.0907194698993351,-0.0212720009732008,-0.0040791334950314,-0.0404700696706386,1,17.690000534057617,18.010000228881836,1.9867862483433305,5.825,5.2749999999999995,real_post_mid,0.5825,2.6,-5.84999999999993,-0.00040344827586206414,fold_3,logreg,0.7394366197183099
ES,2024-06-30,2024-07-31,0.0,56.56,60.75,14.76,6.85,0.96,1.01,0.92,15.0,0.98,1.0,0.99,0.97,1.0,0.0,3.0,2.0,2903240000.0,3420000000.0,2252200000.0,6.0,3479.2,2688.8,371.73,463.83,-12.2,-72.02,-5.53,5.67,9.56,18.52,12.86,11.14,5.63,65.0,65.0,65.0,2024-08-16,2.2750000000000004,0.925,3.2,4.923076923076923,3.0,0.75,3.75,65.11,0.1099999999999994,0.2978,0.24902,0.27341,0.3417,-24.977140558136146,-0.0390249999999999,520.0,1.0,0.5060240963855421,17.0,0.0,1,4.923076923076923,2024-07-30,559.0,530.8297729492188,0.1570321428571428,0.143656,0.14658,-0.0133761428571428,-0.0104521428571428,1,0.19048,0.12219,0.06829,-0.0006971428571428,1.0,0.6391038288427154,0.9243027888446216,0.1961149333937061,0.136164116147735,0.0208680267094078,1.4402835265417926,1.14,0.6317672786273588,1.5936494861501016,0.0907194698993351,-0.0212720009732008,-0.0040791334950314,-0.0404700696706386,1,17.690000534057617,18.010000228881836,1.9867862483433305,3.2,3.75,real_post_mid,0.32000000000000006,2.6,-89.59999999999998,-0.013784615384615381,fold_3,logreg,0.7394366197183099
CTVA,2024-06-30,2024-07-31,1.0,53.07,56.98,5.71,-1.54,1.72,1.86,1.58,16.0,1.72,1.77,1.82,1.82,0.0,0.0,0.0,1.0,6155740000.0,6227000000.0,6009400000.0,16.0,7663.2,7410.56,212.27,118.84,-8.03,-73.92,-3.24,-23.28,493.33,-24.13,-20.8,-0.03,-2.5,55.0,55.0,55.0,2024-08-16,2.2,1.425,3.625,6.59090909090909,0.375,2.15,2.525,53.8,1.2000000000000028,0.3856,0.36609,0.375845,0.22951,38.93493328366747,-0.102435,2783.0,52.0,1.151685393258427,17.0,0.0,1,6.59090909090909,2024-07-30,559.0,530.8297729492188,0.1570321428571428,0.143656,0.14658,-0.0133761428571428,-0.0104521428571428,1,0.19048,0.12219,0.06829,-0.0006971428571428,1.0,0.6391038288427154,0.9243027888446216,0.1961149333937061,0.136164116147735,0.0208680267094078,1.4402835265417926,1.14,0.6317672786273588,1.5936494861501016,0.0907194698993351,-0.0212720009732008,-0.0040791334950314,-0.0404700696706386,1,17.690000534057617,18.010000228881836,1.9867862483433305,3.625,2.525,real_post_mid,0.36250000000000004,2.6,71.15,0.012936363636363638,fold_3,logreg,0.7394366197183099
DAY,2024-06-30,2024-07-31,1.0,50.33,57.73,17.78,2.68,0.36,0.43,0.3,15.0,0.36,0.36,0.36,0.37,0.0,0.0,0.0,0.0,417540000.0,421000000.0,416090000.0,16.0,5530.4,5013.12,309.87,197.82,16.43,-71.49,20.37,38.71,-14.0,34.84,5.99,8.64,-0.93,55.0,55.0,55.0,2024-08-16,2.45,3.65,6.1,11.09090909090909,2.7249999999999996,1.0499999999999998,3.774999999999999,55.4,0.3999999999999986,0.63925,0.64901,0.64413,0.39048,39.37869684690978,-0.1902399999999999,493.0,78.0,11.871951219512194,17.0,0.0,1,11.09090909090909,2024-07-30,559.0,530.8297729492188,0.1570321428571428,0.143656,0.14658,-0.0133761428571428,-0.0104521428571428,1,0.19048,0.12219,0.06829,-0.0006971428571428,1.0,0.6391038288427154,0.9243027888446216,0.1961149333937061,0.136164116147735,0.0208680267094078,1.4402835265417926,1.14,0.6317672786273588,1.5936494861501016,0.0907194698993351,-0.0212720009732008,-0.0040791334950314,-0.0404700696706386,1,17.690000534057617,18.010000228881836,1.9867862483433305,6.1,3.774999999999999,real_post_mid,0.61,2.6,168.9000000000001,0.030709090909090925,fold_3,logreg,0.7394366197183099
EG,2024-06-30,2024-07-31,1.0,378.62,372.07,3.76,5.59,16.59,18.19,15.99,12.0,16.59,16.82,16.85,16.93,0.0,0.0,3.0,0.0,4021800000.0,4405220000.0,3864000000.0,4.0,95692.0,96517.6,-2368.0,7163.25,24.16,-71.79,23.64,44.3,37.49,97.5,97.5,-54.83,7.91,390.0,370.0,390.0,2024-08-16,11.1,11.0,22.1,5.666666666666667,1.95,22.2,24.15,374.54,15.45999999999998,0.32707,0.33682,0.331945,0.26853,19.104068445073747,-0.06829,504.0,35.0,0.35,17.0,5.128205128205132,1,0.5384615384615348,2024-07-30,559.0,530.8297729492188,0.1570321428571428,0.143656,0.14658,-0.0133761428571428,-0.0104521428571428,1,0.19048,0.12219,0.06829,-0.0006971428571428,1.0,0.6391038288427154,0.9243027888446216,0.1961149333937061,0.136164116147735,0.0208680267094078,1.4402835265417926,1.14,0.6317672786273588,1.5936494861501016,0.0907194698993351,-0.0212720009732008,-0.0040791334950314,-0.0404700696706386,1,17.690000534057617,18.010000228881836,1.9867862483433305,22.1,24.15,real_post_mid,2.2100000000000004,2.6,-428.5999999999998,-0.010989743589743585,fold_3,logreg,0.7394366197183099
CTSH,2024-06-30,2024-07-31,1.0,67.74,66.27,11.72,14.2,1.12,1.15,1.08,20.0,1.12,1.11,1.11,1.11,2.0,0.0,5.0,0.0,4801610000.0,4837140000.0,4785000000.0,20.0,3586.4,3259.68,149.33,109.53,-1.08,-75.4,-0.31,0.9,-5.08,-1.48,-1.0,-0.77,0.01,75.0,77.5,75.0,2024-08-16,3.15,2.125,5.275,7.033333333333334,2.4,0.875,3.275,75.86,0.8599999999999994,0.40511,0.39536,0.400235,0.234385,41.43815508388821,-0.11707,3894.0,4.0,4.485804416403785,17.0,3.3333333333333437,1,3.6999999999999904,2024-07-30,559.0,530.8297729492188,0.1570321428571428,0.143656,0.14658,-0.0133761428571428,-0.0104521428571428,1,0.19048,0.12219,0.06829,-0.0006971428571428,1.0,0.6391038288427154,0.9243027888446216,0.1961149333937061,0.136164116147735,0.0208680267094078,1.4402835265417926,1.14,0.6317672786273588,1.5936494861501016,0.0907194698993351,-0.0212720009732008,-0.0040791334950314,-0.0404700696706386,1,17.690000534057617,18.010000228881836,1.9867862483433305,5.275,3.275,real_post_mid,0.5275000000000001,2.6,144.65000000000003,0.01928666666666667,fold_3,logreg,0.7394366197183099
AVB,2024-06-30,2024-07-31,1.0,204.32,192.45,0.29,6.48,1.26,1.62,1.16,10.0,1.26,1.26,1.22,1.21,0.0,0.0,0.0,0.0,718000000.0,725000000.0,709780000.0,13.0,37320.8,36434.4,992.0,735.65,5.65,-74.25,6.36,16.19,-28.24,6.96,6.81,-0.4,0.34,210.0,210.0,210.0,2024-08-16,2.75,6.199999999999999,8.95,4.261904761904762,5.7,2.5,8.2,215.21,5.210000000000008,0.23926,0.23926,0.23926,0.229505,4.077154559892997,-0.03414,99.0,12.0,0.2222222222222222,17.0,0.0,1,4.261904761904762,2024-07-30,559.0,530.8297729492188,0.1570321428571428,0.143656,0.14658,-0.0133761428571428,-0.0104521428571428,1,0.19048,0.12219,0.06829,-0.0006971428571428,1.0,0.6391038288427154,0.9243027888446216,0.1961149333937061,0.136164116147735,0.0208680267094078,1.4402835265417926,1.14,0.6317672786273588,1.5936494861501016,0.0907194698993351,-0.0212720009732008,-0.0040791334950314,-0.0404700696706386,1,17.690000534057617,18.010000228881836,1.9867862483433305,8.95,8.2,real_post_mid,0.895,2.6,-17.1,-0.0008142857142857143,fold_3,logreg,0.7394366197183099
BG,2024-06-30,2024-07-31,0.0,107.32,101.36,-1.95,3.82,1.79,1.93,1.63,8.0,1.74,1.69,1.73,1.73,1.0,0.0,3.0,0.0,14273300000.0,16320800000.0,12507700000.0,5.0,42748.0,38658.4,1416.53,1098.31,-12.47,-77.47,-12.81,-6.75,-17.84,-44.22,-47.22,-1.17,-2.14,115.0,105.0,115.0,2024-08-16,3.075,3.25,6.325,5.5,0.15,12.25,12.4,96.51,18.489999999999995,0.31731,0.31731,0.31731,0.25877,18.44883552362043,-0.0682899999999999,3666.0,244.0,0.4950773558368495,17.0,8.695652173913048,0,-3.1956521739130483,2024-07-30,559.0,530.8297729492188,0.1570321428571428,0.143656,0.14658,-0.0133761428571428,-0.0104521428571428,1,0.19048,0.12219,0.06829,-0.0006971428571428,1.0,0.6391038288427154,0.9243027888446216,0.1961149333937061,0.136164116147735,0.0208680267094078,1.4402835265417926,1.14,0.6317672786273588,1.5936494861501016,0.0907194698993351,-0.0212720009732008,-0.0040791334950314,-0.0404700696706386,1,17.690000534057617,18.010000228881836,1.9867862483433305,6.325,12.4,real_post_mid,0.6325000000000001,2.6,-673.35,-0.05855217391304348,fold_3,logreg,0.7394366197183099
GRMN,2024-06-30,2024-07-31,1.0,161.1,165.33,6.3,3.58,1.41,1.53,1.27,5.0,1.4,1.4,1.4,1.4,1.0,0.0,1.0,0.0,1423560000.0,1464000000.0,1402100000.0,4.0,22501.6,19513.12,1347.2,660.71,20.41,-73.57,9.77,39.22,-17.44,42.78,51.49,1.17,4.43,180.0,170.0,180.0,2024-08-16,6.15,6.3,12.45,6.916666666666667,0.825,10.3,11.125,172.06,7.939999999999998,0.40511,0.40511,0.40511,0.23926,40.93949791414678,-0.117065,339.0,362.0,1.6267605633802815,17.0,5.555555555555558,1,1.361111111111109,2024-07-30,559.0,530.8297729492188,0.1570321428571428,0.143656,0.14658,-0.0133761428571428,-0.0104521428571428,1,0.19048,0.12219,0.06829,-0.0006971428571428,1.0,0.6391038288427154,0.9243027888446216,0.1961149333937061,0.136164116147735,0.0208680267094078,1.4402835265417926,1.14,0.6317672786273588,1.5936494861501016,0.0907194698993351,-0.0212720009732008,-0.0040791334950314,-0.0404700696706386,1,17.690000534057617,18.010000228881836,1.9867862483433305,12.45,11.125,real_post_mid,1.245,2.6,5.399999999999919,0.0002999999999999955,fold_3,logreg,0.7394366197183099
JCI,2024-06-30,2024-07-31,1.0,65.52,60.75,9.19,17.76,1.08,1.12,1.06,16.0,1.08,1.08,1.08,1.11,1.0,0.0,2.0,0.0,7333290000.0,7470600000.0,7244020000.0,16.0,14122.4,12951.36,604.27,646.21,-16.29,7.45,-9.0,4.0,-35.54,-118.44,-121.04,0.65,-12.64,70.0,70.0,70.0,2024-08-16,1.95,2.75,4.7,6.714285714285714,1.675,1.2000000000000002,2.875,69.38,0.6200000000000045,0.3856,0.3856,0.3856,0.24902,35.420124481327804,-0.0829249999999999,5291.0,1118.0,2.7899398395721926,17.0,0.0,1,6.714285714285714,2024-07-30,559.0,530.8297729492188,0.1570321428571428,0.143656,0.14658,-0.0133761428571428,-0.0104521428571428,1,0.19048,0.12219,0.06829,-0.0006971428571428,1.0,0.6391038288427154,0.9243027888446216,0.1961149333937061,0.136164116147735,0.0208680267094078,1.4402835265417926,1.14,0.6317672786273588,1.5936494861501016,0.0907194698993351,-0.0212720009732008,-0.0040791334950314,-0.0404700696706386,1,17.690000534057617,18.010000228881836,1.9867862483433305,4.7,2.875,real_post_mid,0.47000000000000003,2.6,132.90000000000003,0.01898571428571429,fold_3,logreg,0.7394366197183099
PTC,2024-06-30,2024-07-31,1.0,181.02,170.6,-1.75,4.25,0.96,0.99,0.92,16.0,0.96,0.96,0.96,1.21,1.0,0.0,1.0,0.0,533540000.0,537400000.0,529900000.0,17.0,7306.4,6370.72,326.4,205.69,11.23,9.61,15.98,25.86,35.19,33.48,46.53,2.69,7.17,175.0,175.0,175.0,2024-08-16,7.35,5.199999999999999,12.55,7.17142857142857,5.1,3.65,8.75,173.56,1.4399999999999975,0.42462,0.40511,0.414865,0.307555,25.866245646174058,-0.11707,32.0,3.0,0.5540983606557377,17.0,0.0,1,7.17142857142857,2024-07-30,559.0,530.8297729492188,0.1570321428571428,0.143656,0.14658,-0.0133761428571428,-0.0104521428571428,1,0.19048,0.12219,0.06829,-0.0006971428571428,1.0,0.6391038288427154,0.9243027888446216,0.1961149333937061,0.136164116147735,0.0208680267094078,1.4402835265417926,1.14,0.6317672786273588,1.5936494861501016,0.0907194698993351,-0.0212720009732008,-0.0040791334950314,-0.0404700696706386,1,17.690000534057617,18.010000228881836,1.9867862483433305,12.549999999999999,8.75,real_post_mid,1.255,2.6,251.89999999999992,0.01439428571428571,fold_3,logreg,0.7394366197183099
TT,2024-06-30,2024-07-31,1.0,321.36,316.79,4.02,5.52,3.08,3.14,3.04,18.0,3.08,3.07,3.07,3.04,0.0,0.0,6.0,0.0,5131840000.0,5193610000.0,5050000000.0,18.0,7951.2,7012.64,501.33,271.26,15.0,-76.15,11.56,37.59,-10.6,32.83,38.75,3.44,2.57,330.0,330.0,330.0,2024-08-16,12.2,12.3,24.5,7.424242424242425,10.35,6.0,16.35,341.3,11.300000000000011,0.43438,0.42462,0.4295,0.302675,29.52852153667054,-0.0975549999999999,231.0,694.0,0.31525076765609,17.0,0.0,1,7.424242424242425,2024-07-30,559.0,530.8297729492188,0.1570321428571428,0.143656,0.14658,-0.0133761428571428,-0.0104521428571428,1,0.19048,0.12219,0.06829,-0.0006971428571428,1.0,0.6391038288427154,0.9243027888446216,0.1961149333937061,0.136164116147735,0.0208680267094078,1.4402835265417926,1.14,0.6317672786273588,1.5936494861501016,0.0907194698993351,-0.0212720009732008,-0.0040791334950314,-0.0404700696706386,1,17.690000534057617,18.010000228881836,1.9867862483433305,24.5,16.35,real_post_mid,2.45,2.6,567.3999999999999,0.01719393939393939,fold_3,logreg,0.7394366197183099
VICI,2024-06-30,2024-07-31,1.0,27.9,28.8,12.04,8.54,0.68,0.71,0.66,9.0,0.68,0.67,0.68,0.67,0.0,0.0,2.0,0.0,952440000.0,964920000.0,916760000.0,15.0,-845.6,-620.32,17.07,236.84,8.41,-73.66,30.12,9.62,-20.83,9.98,10.38,0.0,1.5,32.5,32.5,32.5,2024-08-16,0.225,1.25,1.475,4.538461538461538,0.175,1.25,1.425,31.59,0.91,0.21975,0.22951,0.22463,0.21,6.512932377687755,-0.0097599999999999,815.0,316.0,0.3359273670557717,17.0,0.0,1,4.538461538461538,2024-07-30,559.0,530.8297729492188,0.1570321428571428,0.143656,0.14658,-0.0133761428571428,-0.0104521428571428,1,0.19048,0.12219,0.06829,-0.0006971428571428,1.0,0.6391038288427154,0.9243027888446216,0.1961149333937061,0.136164116147735,0.0208680267094078,1.4402835265417926,1.14,0.6317672786273588,1.5936494861501016,0.0907194698993351,-0.0212720009732008,-0.0040791334950314,-0.0404700696706386,1,17.690000534057617,18.010000228881836,1.9867862483433305,1.475,1.425,real_post_mid,0.14750000000000002,2.6,-12.349999999999998,-0.0037999999999999996,fold_3,logreg,0.7394366197183099
MAA,2024-06-30,2024-07-31,1.0,141.18,131.68,-1.0,6.14,1.01,1.05,0.95,9.0,1.01,1.0,1.0,1.03,0.0,0.0,0.0,0.0,545410000.0,548800000.0,539230000.0,14.0,16130.4,16015.2,102.4,125.54,2.76,-74.7,5.74,-8.85,-9.65,5.18,-4.67,-2.25,-2.38,140.0,145.0,140.0,2024-08-16,3.65,2.625,6.275,4.482142857142858,7.55,0.8,8.35,152.84,12.840000000000003,0.22951,0.27829,0.2539,0.141705,44.188656951555735,-0.039025,45.0,3.0,2.2857142857142856,17.0,3.571428571428581,1,0.9107142857142768,2024-07-30,559.0,530.8297729492188,0.1570321428571428,0.143656,0.14658,-0.0133761428571428,-0.0104521428571428,1,0.19048,0.12219,0.06829,-0.0006971428571428,1.0,0.6391038288427154,0.9243027888446216,0.1961149333937061,0.136164116147735,0.0208680267094078,1.4402835265417926,1.14,0.6317672786273588,1.5936494861501016,0.0907194698993351,-0.0212720009732008,-0.0040791334950314,-0.0404700696706386,1,17.690000534057617,18.010000228881836,1.9867862483433305,6.275,8.35,real_post_mid,0.6275000000000001,2.6,-272.84999999999997,-0.019489285714285712,fold_3,logreg,0.7394366197183099
WAT,2024-06-30,2024-07-31,1.0,282.7,315.58,18.95,6.56,2.56,2.6,2.5,17.0,2.56,2.56,2.56,2.77,0.0,0.0,1.0,0.0,700080000.0,706790000.0,693500000.0,16.0,14832.8,14125.6,226.67,235.85,-6.99,-78.46,-0.67,-11.24,-38.95,-10.38,-23.15,0.43,-4.42,330.0,350.0,330.0,2024-08-16,12.6,13.9,26.5,8.030303030303031,26.7,4.0,30.7,339.98,9.980000000000018,0.4734,0.46365,0.4685249999999999,0.33682,28.110559735339624,-0.1121949999999999,19.0,87.0,2.306122448979592,17.0,6.060606060606055,1,1.969696969696976,2024-07-30,559.0,530.8297729492188,0.1570321428571428,0.143656,0.14658,-0.0133761428571428,-0.0104521428571428,1,0.19048,0.12219,0.06829,-0.0006971428571428,1.0,0.6391038288427154,0.9243027888446216,0.1961149333937061,0.136164116147735,0.0208680267094078,1.4402835265417926,1.14,0.6317672786273588,1.5936494861501016,0.0907194698993351,-0.0212720009732008,-0.0040791334950314,-0.0404700696706386,1,17.690000534057617,18.010000228881836,1.9867862483433305,26.5,30.7,real_post_mid,2.6500000000000004,2.6,-687.6,-0.020836363636363636,fold_3,logreg,0.7394366197183099
WEC,2024-06-30,2024-07-31,1.0,77.69,83.08,10.77,3.59,0.63,0.65,0.62,13.0,0.64,0.73,0.73,0.81,0.0,0.0,0.0,3.0,1866320000.0,1989200000.0,1789560000.0,6.0,7149.6,6813.92,114.13,122.97,-7.2,-69.86,-7.56,22.36,79.09,16.64,21.53,9.44,7.18,85.0,87.5,85.0,2024-08-16,1.875,1.525,3.4,4.0,4.05,0.4,4.45,89.53,4.530000000000001,0.20024,0.25877,0.229505,0.195365,14.875492908651228,-0.048775,126.0,17.0,0.1625,17.0,2.941176470588225,1,1.0588235294117752,2024-07-30,559.0,530.8297729492188,0.1570321428571428,0.143656,0.14658,-0.0133761428571428,-0.0104521428571428,1,0.19048,0.12219,0.06829,-0.0006971428571428,1.0,0.6391038288427154,0.9243027888446216,0.1961149333937061,0.136164116147735,0.0208680267094078,1.4402835265417926,1.14,0.6317672786273588,1.5936494861501016,0.0907194698993351,-0.0212720009732008,-0.0040791334950314,-0.0404700696706386,1,17.690000534057617,18.010000228881836,1.9867862483433305,3.4,4.45,real_post_mid,0.34,2.6,-141.60000000000002,-0.016658823529411768,fold_3,logreg,0.7394366197183099
IEX,2024-06-30,2024-07-31,1.0,195.89,220.63,6.43,-5.51,2.04,2.08,2.02,11.0,2.04,2.05,2.05,2.05,1.0,0.0,1.0,0.0,827780000.0,836500000.0,819200000.0,11.0,7880.8,7128.8,202.67,258.49,-5.31,-75.55,1.18,-10.05,2.73,-10.73,-15.15,-0.59,-2.37,210.0,195.0,210.0,2024-08-16,4.300000000000001,4.85,9.15,4.357142857142858,2.0,13.65,15.65,196.58,13.419999999999987,0.27829,0.22951,0.2539,0.258775,-1.9200472627018363,-0.039025,8.0,4.0,0.4,17.0,7.14285714285714,0,-2.785714285714282,2024-07-30,559.0,530.8297729492188,0.1570321428571428,0.143656,0.14658,-0.0133761428571428,-0.0104521428571428,1,0.19048,0.12219,0.06829,-0.0006971428571428,1.0,0.6391038288427154,0.9243027888446216,0.1961149333937061,0.136164116147735,0.0208680267094078,1.4402835265417926,1.14,0.6317672786273588,1.5936494861501016,0.0907194698993351,-0.0212720009732008,-0.0040791334950314,-0.0404700696706386,1,17.690000534057617,18.010000228881836,1.9867862483433305,9.15,15.65,real_post_mid,0.915,2.6,-744.1,-0.03543333333333334,fold_3,logreg,0.7394366197183099
VRSK,2024-06-30,2024-07-31,1.0,268.11,233.76,-2.37,11.97,1.64,1.66,1.62,14.0,1.64,1.64,1.64,1.65,0.0,0.0,0.0,0.0,722400000.0,729130000.0,717000000.0,12.0,4178.4,3912.16,177.07,175.96,8.04,-73.75,8.38,26.36,16.43,6.95,4.52,0.82,-1.48,290.0,260.0,290.0,2024-08-16,5.15,9.2,14.35,4.948275862068965,0.475,28.75,29.225,266.63,23.370000000000005,0.26853,0.2978,0.283165,0.20024,29.285045821340915,-0.058535,138.0,16.0,0.3703703703703703,17.0,10.344827586206897,0,-5.39655172413793,2024-07-30,559.0,530.8297729492188,0.1570321428571428,0.143656,0.14658,-0.0133761428571428,-0.0104521428571428,1,0.19048,0.12219,0.06829,-0.0006971428571428,1.0,0.6391038288427154,0.9243027888446216,0.1961149333937061,0.136164116147735,0.0208680267094078,1.4402835265417926,1.14,0.6317672786273588,1.5936494861501016,0.0907194698993351,-0.0212720009732008,-0.0040791334950314,-0.0404700696706386,1,17.690000534057617,18.010000228881836,1.9867862483433305,14.35,29.225,real_post_mid,1.435,2.6,-1633.6000000000001,-0.05633103448275863,fold_3,logreg,0.7394366197183099
ALL,2024-06-30,2024-07-31,1.0,160.54,169.18,6.59,1.15,0.37,0.91,-0.64,18.0,0.37,0.34,2.06,1.84,5.0,0.0,15.0,0.0,14147100000.0,14465300000.0,13938000000.0,5.0,30759.2,24002.72,3862.4,1454.93,10.63,-73.05,10.69,494.62,-11.86,839.3,484.48,-76.95,13.19,175.0,175.0,175.0,2024-08-16,3.9,4.85,8.75,5.0,5.15,2.225,7.375,179.64,4.639999999999986,0.28804,0.28804,0.28804,0.24414,15.24093875850577,-0.034145,705.0,9.0,1.1307692307692307,17.0,0.0,1,5.0,2024-07-30,559.0,530.8297729492188,0.1570321428571428,0.143656,0.14658,-0.0133761428571428,-0.0104521428571428,1,0.19048,0.12219,0.06829,-0.0006971428571428,1.0,0.6391038288427154,0.9243027888446216,0.1961149333937061,0.136164116147735,0.0208680267094078,1.4402835265417926,1.14,0.6317672786273588,1.5936494861501016,0.0907194698993351,-0.0212720009732008,-0.0040791334950314,-0.0404700696706386,1,17.690000534057617,18.010000228881836,1.9867862483433305,8.75,7.375,real_post_mid,0.875,2.6,47.4,0.0027085714285714287,fold_3,logreg,0.7394366197183099
PPL,2024-06-30,2024-08-02,1.0,27.53,28.09,11.3,9.08,0.33,0.41,0.3,11.0,0.33,0.33,0.33,0.33,0.0,0.0,2.0,0.0,1641530000.0,1918030000.0,1365030000.0,2.0,122.4,-37.6,117.33,61.45,-4.6,-72.28,2.37,12.5,35.0,5.71,9.44,3.05,3.03,30.0,30.0,30.0,2024-08-16,0.625,0.275,0.9,3.0000000000000004,0.4499999999999999,0.8250000000000001,1.275,31.17,1.1700000000000017,0.17097,0.18073,0.17585,0.30755,-74.89337503554164,0.0048799999999999,21803.0,133.0,0.2118933697881066,15.0,0.0,1,3.0000000000000004,2024-08-01,561.0,531.8189086914062,0.1598214285714286,0.14658,0.15146,-0.0132414285714285,-0.0083614285714285,1,0.19048,0.1403071428571428,0.0501728571428571,0.0055721428571428,1.0,0.6691997040508048,0.9243027888446216,0.1942777160600553,0.1539378438603243,0.0058835847111042,1.2620529896230934,1.06,-0.3577078700362205,2.2635956989151578,0.5283298780930681,0.0085436578101438,-0.0109289853195394,-0.0386821041152886,1,18.59000015258789,19.13999938964844,2.607857295445031,0.9,1.275,real_post_mid,0.09000000000000001,2.6,-49.099999999999994,-0.016366666666666665,fold_3,logreg,0.7394366197183099
XOM,2024-06-30,2024-08-02,1.0,114.76,116.0,1.85,0.76,2.01,2.2,1.87,18.0,1.86,2.2,2.35,2.46,0.0,0.0,0.0,1.0,90986800000.0,129565000000.0,63219600000.0,9.0,6348.0,6203.36,207.47,379.07,-3.87,-75.97,-16.52,-27.21,-16.94,-17.94,-30.04,-5.14,-4.63,117.0,115.0,117.0,2024-08-02,1.355,1.465,2.82,2.41025641025641,,,,116.88,0.1200000000000045,0.56121,0.59047,0.57584,0.400235,30.495450125034733,-0.35121,1832.0,2249.0,0.8232158485161907,1.0,1.7094017094017144,1,0.7008547008546957,2024-08-01,561.0,531.8189086914062,0.1598214285714286,0.14658,0.15146,-0.0132414285714285,-0.0083614285714285,1,0.19048,0.1403071428571428,0.0501728571428571,0.0055721428571428,1.0,0.6691997040508048,0.9243027888446216,0.1942777160600553,0.1539378438603243,0.0058835847111042,1.2620529896230934,1.06,-0.3577078700362205,2.2635956989151578,0.5283298780930681,0.0085436578101438,-0.0109289853195394,-0.0386821041152886,1,18.59000015258789,19.13999938964844,2.607857295445031,2.8200000000000003,2.0,intrinsic_fallback,0.28200000000000003,2.6,51.200000000000024,0.004376068376068378,fold_3,logreg,0.7394366197183099
LYB,2024-06-30,2024-08-02,1.0,95.17,99.12,-0.82,-4.77,2.23,2.36,1.97,18.0,2.23,2.27,2.28,2.29,0.0,0.0,3.0,0.0,10443900000.0,11001000000.0,9901000000.0,15.0,10015.2,9052.48,235.73,359.48,-18.96,-79.8,-19.87,-39.04,10.07,-10.31,-8.7,-0.21,0.88,100.0,95.0,100.0,2024-08-16,1.425,3.15,4.575,4.575,0.325,7.85,8.174999999999999,97.07,2.930000000000007,0.26853,0.27829,0.27341,0.302675,-10.703705058337311,-0.0390249999999999,2497.0,251.0,1.4929245283018868,15.0,5.000000000000004,0,-0.4250000000000042,2024-08-01,561.0,531.8189086914062,0.1598214285714286,0.14658,0.15146,-0.0132414285714285,-0.0083614285714285,1,0.19048,0.1403071428571428,0.0501728571428571,0.0055721428571428,1.0,0.6691997040508048,0.9243027888446216,0.1942777160600553,0.1539378438603243,0.0058835847111042,1.2620529896230934,1.06,-0.3577078700362205,2.2635956989151578,0.5283298780930681,0.0085436578101438,-0.0109289853195394,-0.0386821041152886,1,18.59000015258789,19.13999938964844,2.607857295445031,4.575,8.174999999999999,real_post_mid,0.4575,2.6,-408.34999999999997,-0.040834999999999996,fold_3,logreg,0.7394366197183099
CHD,2024-06-30,2024-08-02,1.0,105.53,106.11,-6.63,-7.14,0.84,0.89,0.83,18.0,0.84,0.84,0.84,0.9,0.0,0.0,0.0,0.0,1511110000.0,1528170000.0,1494900000.0,15.0,4900.0,4625.28,163.2,100.63,5.14,-74.38,8.82,12.94,47.69,4.03,4.49,2.2,-0.13,100.0,100.0,100.0,2024-08-16,2.675,2.55,5.225,5.225,1.9,2.075,3.975,100.01,0.0100000000000051,0.31731,0.32707,0.32219,0.2880399999999999,10.599335795648535,-0.0926849999999999,49.0,1628.0,0.4985498839907192,15.0,0.0,1,5.225,2024-08-01,561.0,531.8189086914062,0.1598214285714286,0.14658,0.15146,-0.0132414285714285,-0.0083614285714285,1,0.19048,0.1403071428571428,0.0501728571428571,0.0055721428571428,1.0,0.6691997040508048,0.9243027888446216,0.1942777160600553,0.1539378438603243,0.0058835847111042,1.2620529896230934,1.06,-0.3577078700362205,2.2635956989151578,0.5283298780930681,0.0085436578101438,-0.0109289853195394,-0.0386821041152886,1,18.59000015258789,19.13999938964844,2.607857295445031,5.225,3.975,real_post_mid,0.5225,2.6,70.14999999999996,0.007014999999999996,fold_3,logreg,0.7394366197183099
LIN,2024-06-30,2024-08-02,1.0,432.94,423.6,4.86,7.18,3.78,3.82,3.75,16.0,3.78,3.78,3.78,3.86,0.0,0.0,0.0,0.0,8314820000.0,8535600000.0,8166900000.0,13.0,33018.4,32635.04,197.87,22.3,-1.14,-75.35,-2.55,9.65,4.46,5.5,4.14,1.88,1.28,455.0,445.0,455.0,2024-08-16,9.3,10.15,19.450000000000003,4.2747252747252755,3.175,14.6,17.775000000000002,456.82,1.8199999999999932,0.25877,0.26853,0.26365,0.27341,-3.701877489095388,-0.048775,208.0,24.0,0.6956521739130435,15.0,2.197802197802201,1,2.0769230769230744,2024-08-01,561.0,531.8189086914062,0.1598214285714286,0.14658,0.15146,-0.0132414285714285,-0.0083614285714285,1,0.19048,0.1403071428571428,0.0501728571428571,0.0055721428571428,1.0,0.6691997040508048,0.9243027888446216,0.1942777160600553,0.1539378438603243,0.0058835847111042,1.2620529896230934,1.06,-0.3577078700362205,2.2635956989151578,0.5283298780930681,0.0085436578101438,-0.0109289853195394,-0.0386821041152886,1,18.59000015258789,19.13999938964844,2.607857295445031,19.450000000000003,17.775000000000002,real_post_mid,1.9450000000000003,2.6,-29.59999999999996,-0.0006505494505494497,fold_3,logreg,0.7394366197183099
SPG,2024-06-30,2024-08-05,0.0,146.09,147.95,1.34,0.07,1.51,1.6,1.34,5.0,1.51,1.51,1.48,1.5,0.0,0.0,2.0,0.0,1302350000.0,1319500000.0,1279000000.0,8.0,-967.2,3031.2,-1328.0,933.46,6.79,-74.51,6.97,-39.13,-45.81,40.53,10.93,0.04,1.9,150.0,155.0,150.0,2024-08-16,5.0,3.5,8.5,5.666666666666666,6.95,1.125,8.075,156.7,6.699999999999989,0.36609,0.35633,0.36121,0.283165,21.60654466930595,-0.06829,635.0,73.0,1.4991482112436116,14.0,3.3333333333333437,1,2.3333333333333224,2024-08-02,550.0,521.9172973632812,0.17585,0.1663661111111111,0.170975,-0.0094838888888889,-0.004875,1,0.22951,0.16122,0.0682899999999999,0.019515,1.0,0.8421450151057401,0.9760956175298804,0.2175082672720075,0.1651263721957701,0.0107236278042298,1.3172230721216025,1.41,2.66596756322438,7.128976528608274,2.9902928786559713,-0.0211962337698163,-0.0336562204130359,-0.0565802946689919,1,23.38999938964844,23.34000015258789,5.804999389648437,8.5,8.075,real_post_mid,0.8500000000000001,2.6,-45.09999999999994,-0.0030066666666666627,fold_3,logreg,0.7394366197183099
OKE,2024-06-30,2024-08-05,1.0,82.25,78.37,-4.41,0.32,1.2,1.3,1.13,13.0,1.21,1.21,1.2,1.21,2.0,0.0,5.0,0.0,6082060000.0,6375290000.0,5539880000.0,3.0,3376.8,3709.6,53.33,270.58,6.29,-72.95,-23.63,0.93,-7.63,-17.69,-27.67,7.32,-10.45,80.0,82.5,80.0,2024-08-16,1.825,1.525,3.3499999999999996,4.1875,2.8,0.55,3.3499999999999996,87.46,7.459999999999994,0.26853,0.26853,0.26853,0.253895,5.45004282575504,-0.0292699999999999,34.0,54.0,2.4843006660323503,14.0,3.125,1,1.0625,2024-08-02,550.0,521.9172973632812,0.17585,0.1663661111111111,0.170975,-0.0094838888888889,-0.004875,1,0.22951,0.16122,0.0682899999999999,0.019515,1.0,0.8421450151057401,0.9760956175298804,0.2175082672720075,0.1651263721957701,0.0107236278042298,1.3172230721216025,1.41,2.66596756322438,7.128976528608274,2.9902928786559713,-0.0211962337698163,-0.0336562204130359,-0.0565802946689919,1,23.38999938964844,23.34000015258789,5.804999389648437,3.3499999999999996,3.3499999999999996,real_post_mid,0.33499999999999996,2.6,-36.1,-0.0045125,fold_3,logreg,0.7394366197183099
O,2024-06-30,2024-08-05,0.0,53.09,55.02,11.47,7.56,0.36,0.4,0.28,6.0,0.36,0.36,0.35,0.38,0.0,0.0,0.0,0.0,1247330000.0,1320000000.0,1161360000.0,11.0,-3098.4,-2265.12,-409.6,355.46,33.47,-69.1,24.63,-52.94,-46.67,13.21,41.06,0.26,2.34,60.0,60.0,60.0,2024-08-16,0.6499999999999999,1.225,1.875,3.125,1.125,0.6000000000000001,1.725,60.05,0.0499999999999971,0.19048,0.20024,0.19536,0.21,-7.493857493857487,-0.0048749999999999,2091.0,1284.0,0.3943414105861649,14.0,0.0,1,3.125,2024-08-02,550.0,521.9172973632812,0.17585,0.1663661111111111,0.170975,-0.0094838888888889,-0.004875,1,0.22951,0.16122,0.0682899999999999,0.019515,1.0,0.8421450151057401,0.9760956175298804,0.2175082672720075,0.1651263721957701,0.0107236278042298,1.3172230721216025,1.41,2.66596756322438,7.128976528608274,2.9902928786559713,-0.0211962337698163,-0.0336562204130359,-0.0565802946689919,1,23.38999938964844,23.34000015258789,5.804999389648437,1.875,1.725,real_post_mid,0.1875,2.6,-6.3500000000000085,-0.0010583333333333347,fold_3,logreg,0.7394366197183099
PLTR,2024-06-30,2024-08-05,1.0,27.23,21.4,-11.53,12.57,0.08,0.09,0.07,13.0,0.08,0.08,0.08,0.08,0.0,0.0,0.0,0.0,652100000.0,657360000.0,650980000.0,11.0,1549.6,1536.8,10.67,16.0,20.78,-71.49,16.82,60.0,0.0,618.29,1865.52,2.17,11.97,24.5,26.5,24.5,2024-08-09,1.82,1.57,3.39,13.83673469387755,2.205,0.115,2.3200000000000003,30.01,5.510000000000002,1.24412,1.25387,1.248995,0.68803,44.91331030148238,-0.5170599999999999,471.0,3209.0,0.8472976837289105,7.0,8.163265306122458,1,5.673469387755093,2024-08-02,550.0,521.9172973632812,0.17585,0.1663661111111111,0.170975,-0.0094838888888889,-0.004875,1,0.22951,0.16122,0.0682899999999999,0.019515,1.0,0.8421450151057401,0.9760956175298804,0.2175082672720075,0.1651263721957701,0.0107236278042298,1.3172230721216025,1.41,2.66596756322438,7.128976528608274,2.9902928786559713,-0.0211962337698163,-0.0336562204130359,-0.0565802946689919,1,23.38999938964844,23.34000015258789,5.804999389648437,3.39,2.3200000000000003,real_post_mid,0.339,2.6,70.5,0.028775510204081634,fold_3,logreg,0.7394366197183099
WMB,2024-06-30,2024-08-05,1.0,42.48,39.11,-2.92,5.45,0.38,0.41,0.34,12.0,0.38,0.38,0.38,0.4,1.0,0.0,2.0,0.0,2428410000.0,2685000000.0,2003700000.0,5.0,2431.2,1986.72,188.8,107.77,-10.06,-74.59,-4.28,-22.37,22.92,-14.16,-25.59,-2.82,-7.62,42.0,43.0,42.0,2024-08-09,0.95,0.675,1.625,3.869047619047619,1.3,0.15,1.4500000000000002,43.26,1.259999999999998,0.35633,0.34658,0.3514549999999999,0.31243,11.103839751888572,-0.0341499999999999,30.0,101.0,2.474714518760196,7.0,2.3809523809523725,1,1.4880952380952466,2024-08-02,550.0,521.9172973632812,0.17585,0.1663661111111111,0.170975,-0.0094838888888889,-0.004875,1,0.22951,0.16122,0.0682899999999999,0.019515,1.0,0.8421450151057401,0.9760956175298804,0.2175082672720075,0.1651263721957701,0.0107236278042298,1.3172230721216025,1.41,2.66596756322438,7.128976528608274,2.9902928786559713,-0.0211962337698163,-0.0336562204130359,-0.0565802946689919,1,23.38999938964844,23.34000015258789,5.804999389648437,1.625,1.4500000000000002,real_post_mid,0.1625,2.6,-1.3500000000000183,-0.0003214285714285758,fold_3,logreg,0.7394366197183099
TSN,2024-06-30,2024-08-05,1.0,56.02,58.89,11.59,6.15,0.65,0.77,0.59,8.0,0.65,0.62,0.62,0.61,1.0,0.0,4.0,0.0,13236500000.0,13477000000.0,12891300000.0,8.0,25536.8,23989.28,729.6,222.88,-0.46,-1.85,-0.56,1650.0,16.98,140.22,736.73,2.61,2.76,61.0,62.5,60.0,2024-08-16,2.825,1.5,4.325,7.09016393442623,1.575,0.325,1.9,62.52,2.520000000000003,0.44414,0.44414,0.44414,0.20512,53.81636420948349,-0.1365849999999999,1404.0,405.0,0.8514435695538057,14.0,2.4590163934426146,1,4.631147540983616,2024-08-02,550.0,521.9172973632812,0.17585,0.1663661111111111,0.170975,-0.0094838888888889,-0.004875,1,0.22951,0.16122,0.0682899999999999,0.019515,1.0,0.8421450151057401,0.9760956175298804,0.2175082672720075,0.1651263721957701,0.0107236278042298,1.3172230721216025,1.41,2.66596756322438,7.128976528608274,2.9902928786559713,-0.0211962337698163,-0.0336562204130359,-0.0565802946689919,1,23.38999938964844,23.34000015258789,5.804999389648437,4.325,1.9,real_post_mid,0.43250000000000005,2.6,196.65000000000003,0.032237704918032795,fold_3,logreg,0.7394366197183099
HSIC,2024-06-30,2024-08-06,1.0,64.96,72.76,-1.6,-12.15,1.22,1.26,1.19,12.0,1.22,1.23,1.27,1.26,0.0,0.0,3.0,1.0,3266500000.0,3309000000.0,3222800000.0,11.0,4558.24,4366.24,74.67,141.99,3.66,-74.29,-0.14,-9.09,66.67,-3.41,-14.29,-1.59,-0.99,70.0,65.0,70.0,2024-08-16,2.7,3.025,5.725,8.178571428571429,0.1,4.699999999999999,4.799999999999999,69.79,0.2099999999999937,0.59047,0.59047,0.59047,0.205115,65.26241807373788,-0.219505,142.0,20.0,11.238805970149254,11.0,7.14285714285714,1,1.0357142857142891,2024-08-05,535.0,506.7171936035156,0.2504092857142856,0.22951,0.230481,-0.0208992857142856,-0.0199282857142856,1,0.3619042857142857,0.2322957142857142,0.1296085714285714,0.0466907142857143,1.0,1.0,1.0,0.2731289992965821,0.1888350081986665,0.0615742775156191,1.4463896387752049,1.74,3.3025103685558603,13.46181835325362,3.517616352155413,-0.0502607475870009,-0.067178703768935,-0.0840560604320442,1,38.56999969482422,33.709999084472656,13.529071123395653,5.725,4.799999999999999,real_post_mid,0.5725,2.6,32.65000000000007,0.004664285714285724,fold_3,logreg,0.7394366197183099
ABNB,2024-06-30,2024-08-06,1.0,152.5,157.9,-14.45,-17.37,0.84,1.04,0.71,28.0,0.91,0.9,0.9,0.95,2.0,0.0,6.0,0.0,2510300000.0,2568180000.0,2481940000.0,33.0,16306.4,11559.84,246.4,4424.75,17.82,-78.4,17.99,127.78,-46.05,1816.67,2120.0,1.13,5.0,125.0,113.0,125.0,2024-08-09,6.375,5.949999999999999,12.325,9.86,0.035,12.025,12.06,115.08,9.920000000000002,1.18558,1.17583,1.180705,0.644135,45.44488250663799,-0.6292550000000001,157.0,310.0,1.577035209688271,4.0,9.599999999999998,1,0.2600000000000015,2024-08-05,535.0,506.7171936035156,0.2504092857142856,0.22951,0.230481,-0.0208992857142856,-0.0199282857142856,1,0.3619042857142857,0.2322957142857142,0.1296085714285714,0.0466907142857143,1.0,1.0,1.0,0.2731289992965821,0.1888350081986665,0.0615742775156191,1.4463896387752049,1.74,3.3025103685558603,13.46181835325362,3.517616352155413,-0.0502607475870009,-0.067178703768935,-0.0840560604320442,1,38.56999969482422,33.709999084472656,13.529071123395653,12.325,12.06,real_post_mid,1.2325,2.6,-99.35000000000011,-0.007948000000000009,fold_3,logreg,0.7394366197183099
AMGN,2024-06-30,2024-08-06,0.0,310.88,307.31,5.81,7.04,5.01,5.43,4.8,21.0,5.0,4.58,4.97,4.97,2.0,0.0,11.0,0.0,8333470000.0,8603000000.0,8205500000.0,21.0,17005.6,16047.2,112.0,635.01,21.98,-73.58,8.43,-0.5,-15.92,-55.89,-48.41,-14.8,-18.16,325.0,312.5,325.0,2024-08-09,9.7,9.05,18.75,5.769230769230769,0.6,12.7,13.3,322.49,2.509999999999991,0.69779,0.67828,0.688035,0.414865,39.70292208971926,-0.3316999999999999,40.0,33.0,1.3323281061519905,4.0,3.846153846153843,1,1.9230769230769256,2024-08-05,535.0,506.7171936035156,0.2504092857142856,0.22951,0.230481,-0.0208992857142856,-0.0199282857142856,1,0.3619042857142857,0.2322957142857142,0.1296085714285714,0.0466907142857143,1.0,1.0,1.0,0.2731289992965821,0.1888350081986665,0.0615742775156191,1.4463896387752049,1.74,3.3025103685558603,13.46181835325362,3.517616352155413,-0.0502607475870009,-0.067178703768935,-0.0840560604320442,1,38.56999969482422,33.709999084472656,13.529071123395653,18.75,13.3,real_post_mid,1.875,2.6,354.8999999999999,0.010919999999999997,fold_3,logreg,0.7394366197183099
AXON,2024-06-30,2024-08-06,1.0,298.38,311.86,-1.13,-5.41,1.02,1.17,0.93,14.0,1.02,1.02,1.02,1.02,0.0,0.0,0.0,0.0,477960000.0,495880000.0,467400000.0,12.0,19586.4,18044.0,704.0,117.58,34.06,-70.53,31.83,30.68,2.68,250.24,-0.92,-3.26,-1.26,290.0,350.0,290.0,2024-08-16,14.0,17.1,31.1,10.724137931034484,59.9,0.2249999999999999,60.125,373.69,83.69,0.78559,0.76608,0.775835,0.47828,38.35287142240297,-0.2731650000000001,79.0,56.0,1.6007944389275075,11.0,20.68965517241379,0,-9.965517241379306,2024-08-05,535.0,506.7171936035156,0.2504092857142856,0.22951,0.230481,-0.0208992857142856,-0.0199282857142856,1,0.3619042857142857,0.2322957142857142,0.1296085714285714,0.0466907142857143,1.0,1.0,1.0,0.2731289992965821,0.1888350081986665,0.0615742775156191,1.4463896387752049,1.74,3.3025103685558603,13.46181835325362,3.517616352155413,-0.0502607475870009,-0.067178703768935,-0.0840560604320442,1,38.56999969482422,33.709999084472656,13.529071123395653,31.1,60.125,real_post_mid,3.1100000000000003,2.6,-3216.1,-0.1109,fold_3,logreg,0.7394366197183099
BLDR,2024-06-30,2024-08-06,1.0,132.6,163.46,17.44,-4.73,3.02,3.3,2.58,15.0,3.03,3.04,3.04,3.61,0.0,0.0,1.0,1.0,4483130000.0,4574500000.0,4393000000.0,15.0,60199.2,56414.4,1829.87,870.65,0.21,-77.24,-23.53,-10.47,-25.35,-14.87,-20.03,-1.92,-2.43,150.0,155.0,150.0,2024-08-16,9.35,10.1,19.450000000000003,12.966666666666669,7.25,4.0,11.25,161.13,11.129999999999995,0.91242,0.97095,0.941685,0.561205,40.40416912237107,-0.287795,443.0,73.0,0.3959372772630078,11.0,3.3333333333333437,1,9.633333333333326,2024-08-05,535.0,506.7171936035156,0.2504092857142856,0.22951,0.230481,-0.0208992857142856,-0.0199282857142856,1,0.3619042857142857,0.2322957142857142,0.1296085714285714,0.0466907142857143,1.0,1.0,1.0,0.2731289992965821,0.1888350081986665,0.0615742775156191,1.4463896387752049,1.74,3.3025103685558603,13.46181835325362,3.517616352155413,-0.0502607475870009,-0.067178703768935,-0.0840560604320442,1,38.56999969482422,33.709999084472656,13.529071123395653,19.45,11.25,real_post_mid,1.945,2.6,622.8999999999999,0.041526666666666656,fold_3,logreg,0.7394366197183099
AIZ,2024-06-30,2024-08-06,1.0,161.28,176.54,5.51,-3.61,3.62,3.92,3.37,7.0,3.62,3.92,3.97,4.03,0.0,0.0,0.0,1.0,2893070000.0,2932350000.0,2852720000.0,5.0,38997.6,30703.2,2867.2,1924.1,8.98,-74.13,9.08,73.82,4.37,66.65,99.12,2.8,4.6,170.0,170.0,170.0,2024-08-16,4.275,4.75,9.025,5.308823529411765,3.95,2.5500000000000003,6.5,187.27,17.27000000000001,0.3856,0.3856,0.3856,0.302675,21.50544605809128,-0.0877999999999999,18.0,6.0,4.909090909090909,11.0,0.0,1,5.308823529411765,2024-08-05,535.0,506.7171936035156,0.2504092857142856,0.22951,0.230481,-0.0208992857142856,-0.0199282857142856,1,0.3619042857142857,0.2322957142857142,0.1296085714285714,0.0466907142857143,1.0,1.0,1.0,0.2731289992965821,0.1888350081986665,0.0615742775156191,1.4463896387752049,1.74,3.3025103685558603,13.46181835325362,3.517616352155413,-0.0502607475870009,-0.067178703768935,-0.0840560604320442,1,38.56999969482422,33.709999084472656,13.529071123395653,9.025,6.5,real_post_mid,0.9025000000000001,2.6,159.65000000000003,0.009391176470588238,fold_3,logreg,0.7394366197183099
CEG,2024-06-30,2024-08-06,1.0,211.29,208.0,-14.32,-12.96,1.72,1.88,1.31,9.0,1.71,1.86,1.87,1.71,1.0,0.0,2.0,0.0,5550190000.0,6309010000.0,4983560000.0,3.0,-4826.4,-5916.96,294.4,5295.71,-18.56,-75.27,-2.03,858.62,2627.27,132.61,2522.58,14.78,12.79,170.0,180.0,170.0,2024-08-16,10.0,10.0,20.0,11.76470588235294,11.9,2.7,14.6,189.98,19.97999999999999,0.84413,0.86364,0.853885,0.580715,31.991427417040946,-0.229265,680.0,349.0,0.8884057971014493,11.0,5.882352941176472,1,5.882352941176468,2024-08-05,535.0,506.7171936035156,0.2504092857142856,0.22951,0.230481,-0.0208992857142856,-0.0199282857142856,1,0.3619042857142857,0.2322957142857142,0.1296085714285714,0.0466907142857143,1.0,1.0,1.0,0.2731289992965821,0.1888350081986665,0.0615742775156191,1.4463896387752049,1.74,3.3025103685558603,13.46181835325362,3.517616352155413,-0.0502607475870009,-0.067178703768935,-0.0840560604320442,1,38.56999969482422,33.709999084472656,13.529071123395653,20.0,14.6,real_post_mid,2.0,2.6,337.40000000000003,0.019847058823529412,fold_3,logreg,0.7394366197183099
DVA,2024-06-30,2024-08-06,0.0,136.45,135.85,0.4,0.84,2.54,2.75,2.42,4.0,2.54,2.48,2.48,2.48,0.0,0.0,1.0,0.0,3151910000.0,3182400000.0,3101810000.0,5.0,12386.4,9814.56,470.4,1220.15,6.89,-74.71,4.79,80.8,39.51,33.4,55.26,3.94,4.91,135.0,135.0,135.0,2024-08-16,7.1,6.3,13.4,9.925925925925926,2.8,3.5,6.3,150.3,15.300000000000011,0.72706,0.70754,0.7173,0.370965,48.283145127561696,-0.26341,26.0,1.0,1.326530612244898,11.0,0.0,1,9.925925925925926,2024-08-05,535.0,506.7171936035156,0.2504092857142856,0.22951,0.230481,-0.0208992857142856,-0.0199282857142856,1,0.3619042857142857,0.2322957142857142,0.1296085714285714,0.0466907142857143,1.0,1.0,1.0,0.2731289992965821,0.1888350081986665,0.0615742775156191,1.4463896387752049,1.74,3.3025103685558603,13.46181835325362,3.517616352155413,-0.0502607475870009,-0.067178703768935,-0.0840560604320442,1,38.56999969482422,33.709999084472656,13.529071123395653,13.399999999999999,6.3,real_post_mid,1.3399999999999999,2.6,573.3999999999999,0.04247407407407407,fold_3,logreg,0.7394366197183099
DVN,2024-06-30,2024-08-06,1.0,47.03,50.56,-10.74,-16.97,1.26,1.45,1.18,23.0,1.26,1.32,1.31,1.32,0.0,0.0,6.0,0.0,3892810000.0,3983000000.0,3824000000.0,6.0,4818.4,4556.32,149.33,163.46,-9.47,-77.52,-25.58,-20.55,-17.73,-18.1,-45.51,-12.57,-13.1,41.5,43.0,41.5,2024-08-09,1.26,1.24,2.5,6.024096385542169,1.785,0.08,1.865,44.92,3.4200000000000017,0.72706,0.7173,0.72218,0.4295,40.52729236478441,-0.28292,2.0,312.0,0.695763014327232,4.0,3.6144578313253017,1,2.4096385542168672,2024-08-05,535.0,506.7171936035156,0.2504092857142856,0.22951,0.230481,-0.0208992857142856,-0.0199282857142856,1,0.3619042857142857,0.2322957142857142,0.1296085714285714,0.0466907142857143,1.0,1.0,1.0,0.2731289992965821,0.1888350081986665,0.0615742775156191,1.4463896387752049,1.74,3.3025103685558603,13.46181835325362,3.517616352155413,-0.0502607475870009,-0.067178703768935,-0.0840560604320442,1,38.56999969482422,33.709999084472656,13.529071123395653,2.5,1.865,real_post_mid,0.25,2.6,35.9,0.008650602409638554,fold_3,logreg,0.7394366197183099
EXPD,2024-06-30,2024-08-06,0.0,123.45,116.83,-5.95,-0.62,1.26,1.42,1.17,14.0,1.25,1.22,1.22,1.19,1.0,0.0,7.0,0.0,2278840000.0,2508280000.0,2096300000.0,9.0,12128.8,12179.68,-52.27,237.83,-14.89,-76.27,-44.33,-19.31,7.34,-21.05,-22.17,-0.67,-0.91,120.0,115.0,120.0,2024-08-16,5.6,3.0250000000000004,8.625,7.187499999999999,1.1,3.525,4.625,120.06,0.0600000000000022,0.58072,0.44414,0.5124299999999999,0.33682,34.270046640516746,-0.1268299999999999,1050.0,49.0,0.109008327024981,11.0,4.1666666666666625,1,3.0208333333333366,2024-08-05,535.0,506.7171936035156,0.2504092857142856,0.22951,0.230481,-0.0208992857142856,-0.0199282857142856,1,0.3619042857142857,0.2322957142857142,0.1296085714285714,0.0466907142857143,1.0,1.0,1.0,0.2731289992965821,0.1888350081986665,0.0615742775156191,1.4463896387752049,1.74,3.3025103685558603,13.46181835325362,3.517616352155413,-0.0502607475870009,-0.067178703768935,-0.0840560604320442,1,38.56999969482422,33.709999084472656,13.529071123395653,8.625,4.625,real_post_mid,0.8625,2.6,311.15,0.025929166666666666,fold_3,logreg,0.7394366197183099
FIS,2024-06-30,2024-08-06,1.0,75.42,74.05,1.49,3.36,1.23,1.25,1.21,22.0,1.23,1.23,1.23,1.18,0.0,0.0,1.0,0.0,2485590000.0,2495000000.0,2478000000.0,21.0,4245.6,3880.48,209.07,130.97,2.96,-74.9,-5.67,-14.73,17.02,-15.37,-13.63,2.29,-2.77,73.0,76.0,73.0,2024-08-09,2.5,2.65,5.15,7.054794520547945,3.55,0.1,3.65,77.59,4.590000000000003,0.84413,0.84413,0.84413,0.31731,62.40981839290157,-0.443895,2.0,8.0,0.5600581878636741,4.0,4.109589041095885,1,2.945205479452061,2024-08-05,535.0,506.7171936035156,0.2504092857142856,0.22951,0.230481,-0.0208992857142856,-0.0199282857142856,1,0.3619042857142857,0.2322957142857142,0.1296085714285714,0.0466907142857143,1.0,1.0,1.0,0.2731289992965821,0.1888350081986665,0.0615742775156191,1.4463896387752049,1.74,3.3025103685558603,13.46181835325362,3.517616352155413,-0.0502607475870009,-0.067178703768935,-0.0840560604320442,1,38.56999969482422,33.709999084472656,13.529071123395653,5.15,3.65,real_post_mid,0.515,2.6,95.90000000000005,0.01313698630136987,fold_3,logreg,0.7394366197183099
CAT,2024-06-30,2024-08-06,1.0,328.35,344.5,-0.58,-5.24,5.54,5.96,5.24,19.0,5.54,5.58,5.57,5.56,0.0,0.0,2.0,0.0,16677800000.0,17182900000.0,15777700000.0,15.0,24274.4,21714.72,1183.47,234.48,-0.4,-76.44,11.92,14.05,7.07,27.44,28.85,2.02,5.05,317.5,325.0,317.5,2024-08-09,10.875,11.425,22.3,7.023622047244095,9.825,1.38,11.204999999999998,338.26,20.75999999999999,0.84413,0.84413,0.84413,0.40999,51.43046687121652,-0.41463,154.0,244.0,1.762271214642263,4.0,2.3622047244094446,1,4.661417322834651,2024-08-05,535.0,506.7171936035156,0.2504092857142856,0.22951,0.230481,-0.0208992857142856,-0.0199282857142856,1,0.3619042857142857,0.2322957142857142,0.1296085714285714,0.0466907142857143,1.0,1.0,1.0,0.2731289992965821,0.1888350081986665,0.0615742775156191,1.4463896387752049,1.74,3.3025103685558603,13.46181835325362,3.517616352155413,-0.0502607475870009,-0.067178703768935,-0.0840560604320442,1,38.56999969482422,33.709999084472656,13.529071123395653,22.3,11.204999999999998,real_post_mid,2.23,2.6,883.9000000000002,0.027839370078740162,fold_3,logreg,0.7394366197183099
FTNT,2024-06-30,2024-08-06,1.0,61.09,59.63,-8.64,-6.41,0.41,0.49,0.39,34.0,0.41,0.41,0.41,0.41,0.0,0.0,1.0,1.0,1434300000.0,1420000000.0,1379710000.0,33.0,-11536.8,-11807.84,216.53,100.8,7.21,-74.49,18.15,26.47,-15.69,17.15,17.44,1.86,2.06,55.0,70.0,55.0,2024-08-09,3.325,2.885,6.21,11.290909090909093,15.1,0.03,15.13,69.69,14.689999999999998,1.35143,1.34167,1.34655,0.6392549999999999,52.52645649994431,-0.839,31.0,3.0,1.7158360128617365,4.0,27.27272727272727,0,-15.98181818181818,2024-08-05,535.0,506.7171936035156,0.2504092857142856,0.22951,0.230481,-0.0208992857142856,-0.0199282857142856,1,0.3619042857142857,0.2322957142857142,0.1296085714285714,0.0466907142857143,1.0,1.0,1.0,0.2731289992965821,0.1888350081986665,0.0615742775156191,1.4463896387752049,1.74,3.3025103685558603,13.46181835325362,3.517616352155413,-0.0502607475870009,-0.067178703768935,-0.0840560604320442,1,38.56999969482422,33.709999084472656,13.529071123395653,6.21,15.13,real_post_mid,0.621,2.6,-956.7000000000003,-0.1739454545454546,fold_3,logreg,0.7394366197183099
DUK,2024-06-30,2024-08-06,1.0,100.56,102.38,12.29,10.29,1.02,1.09,0.99,16.0,1.02,1.05,1.05,1.05,0.0,0.0,3.0,1.0,6605960000.0,7103670000.0,5184020000.0,7.0,3266.4,3202.24,172.27,209.48,5.43,-73.6,1.2,20.0,-4.64,15.49,17.26,3.32,2.58,110.0,115.0,110.0,2024-08-16,2.35,1.95,4.3,3.9090909090909087,3.65,0.625,4.275,112.3,2.299999999999997,0.21975,0.32707,0.27341,0.278285,-1.7830364653816475,-0.034145,1804.0,226.0,1.0145735105015,11.0,4.545454545454541,0,-0.6363636363636327,2024-08-05,535.0,506.7171936035156,0.2504092857142856,0.22951,0.230481,-0.0208992857142856,-0.0199282857142856,1,0.3619042857142857,0.2322957142857142,0.1296085714285714,0.0466907142857143,1.0,1.0,1.0,0.2731289992965821,0.1888350081986665,0.0615742775156191,1.4463896387752049,1.74,3.3025103685558603,13.46181835325362,3.517616352155413,-0.0502607475870009,-0.067178703768935,-0.0840560604320442,1,38.56999969482422,33.709999084472656,13.529071123395653,4.3,4.275,real_post_mid,0.43,2.6,-43.10000000000005,-0.003918181818181823,fold_3,logreg,0.7394366197183099
STE,2024-06-30,2024-08-06,1.0,220.05,210.09,8.69,13.85,1.98,2.02,1.92,7.0,1.98,2.01,2.01,2.13,0.0,0.0,0.0,1.0,1272490000.0,1295000000.0,1260030000.0,6.0,136.8,697.44,0.0,516.98,6.72,0.0,4.76,-2.0,-11.71,-38.48,18.69,0.26,1.76,240.0,230.0,240.0,2024-08-16,7.75,10.1,17.85,7.437500000000001,2.825,8.2,11.025,232.34,7.659999999999997,0.52218,0.56121,0.541695,0.31731,41.42275634812949,-0.16097,100.0,1.0,23.333333333333332,11.0,4.1666666666666625,1,3.2708333333333384,2024-08-05,535.0,506.7171936035156,0.2504092857142856,0.22951,0.230481,-0.0208992857142856,-0.0199282857142856,1,0.3619042857142857,0.2322957142857142,0.1296085714285714,0.0466907142857143,1.0,1.0,1.0,0.2731289992965821,0.1888350081986665,0.0615742775156191,1.4463896387752049,1.74,3.3025103685558603,13.46181835325362,3.517616352155413,-0.0502607475870009,-0.067178703768935,-0.0840560604320442,1,38.56999969482422,33.709999084472656,13.529071123395653,17.85,11.025,real_post_mid,1.7850000000000001,2.6,501.4000000000001,0.02089166666666667,fold_3,logreg,0.7394366197183099
BAX,2024-06-30,2024-08-06,1.0,34.91,35.75,5.76,3.27,0.66,0.68,0.6,14.0,0.66,0.66,0.66,0.66,0.0,0.0,0.0,0.0,3754780000.0,3778000000.0,3736000000.0,12.0,8506.4,8346.4,85.33,45.25,-29.12,-75.97,-7.78,10.17,-26.14,-7.49,-10.85,2.3,0.95,35.0,36.5,35.0,2024-08-09,0.76,1.1,1.86,5.314285714285714,1.625,0.04,1.665,37.15,2.1499999999999986,0.06366,0.6295,0.34658,0.331945,4.222690287956607,-0.11707,128.0,190.0,1.65238558909445,4.0,4.285714285714293,1,1.0285714285714214,2024-08-05,535.0,506.7171936035156,0.2504092857142856,0.22951,0.230481,-0.0208992857142856,-0.0199282857142856,1,0.3619042857142857,0.2322957142857142,0.1296085714285714,0.0466907142857143,1.0,1.0,1.0,0.2731289992965821,0.1888350081986665,0.0615742775156191,1.4463896387752049,1.74,3.3025103685558603,13.46181835325362,3.517616352155413,-0.0502607475870009,-0.067178703768935,-0.0840560604320442,1,38.56999969482422,33.709999084472656,13.529071123395653,1.86,1.665,real_post_mid,0.18600000000000003,2.6,-1.6999999999999966,-0.00048571428571428474,fold_3,logreg,0.7394366197183099
TAP,2024-06-30,2024-08-06,1.0,49.98,58.21,7.84,-7.4,1.68,1.78,1.59,16.0,1.68,1.71,1.71,1.72,0.0,0.0,2.0,0.0,3181390000.0,3225600000.0,3112900000.0,10.0,10093.6,8983.36,460.27,377.43,10.66,-77.81,10.36,75.93,-20.17,46.06,98.67,4.26,5.37,52.5,52.5,52.5,2024-08-16,1.15,2.4,3.55,6.761904761904762,0.8,1.1,1.9,53.63,1.1300000000000026,0.48316,0.4734,0.47828,0.283165,40.795140921635856,-0.16097,636.0,36.0,0.8191881918819188,11.0,0.0,1,6.761904761904762,2024-08-05,535.0,506.7171936035156,0.2504092857142856,0.22951,0.230481,-0.0208992857142856,-0.0199282857142856,1,0.3619042857142857,0.2322957142857142,0.1296085714285714,0.0466907142857143,1.0,1.0,1.0,0.2731289992965821,0.1888350081986665,0.0615742775156191,1.4463896387752049,1.74,3.3025103685558603,13.46181835325362,3.517616352155413,-0.0502607475870009,-0.067178703768935,-0.0840560604320442,1,38.56999969482422,33.709999084472656,13.529071123395653,3.55,1.9,real_post_mid,0.355,2.6,126.9,0.024171428571428573,fold_3,logreg,0.7394366197183099
SRE,2024-06-30,2024-08-06,0.0,76.13,75.23,1.21,2.42,0.94,1.09,0.89,13.0,0.94,1.02,1.01,1.02,0.0,0.0,1.0,0.0,3403900000.0,3573590000.0,3299870000.0,4.0,20874.4,20724.16,-33.6,147.38,-41.78,-77.48,-10.88,-54.11,18.58,-28.91,-29.52,6.16,4.13,80.0,75.0,80.0,2024-08-16,1.025,2.25,3.275,4.09375,0.25,2.75,3.0,79.99,0.0100000000000051,0.27829,0.28804,0.283165,0.209995,25.840057916762305,-0.009755,2377.0,63.0,1.0086455331412103,11.0,6.25,0,-2.15625,2024-08-05,535.0,506.7171936035156,0.2504092857142856,0.22951,0.230481,-0.0208992857142856,-0.0199282857142856,1,0.3619042857142857,0.2322957142857142,0.1296085714285714,0.0466907142857143,1.0,1.0,1.0,0.2731289992965821,0.1888350081986665,0.0615742775156191,1.4463896387752049,1.74,3.3025103685558603,13.46181835325362,3.517616352155413,-0.0502607475870009,-0.067178703768935,-0.0840560604320442,1,38.56999969482422,33.709999084472656,13.529071123395653,3.275,3.0,real_post_mid,0.3275,2.6,-7.85000000000001,-0.0009812500000000012,fold_3,logreg,0.7394366197183099
KVUE,2024-06-30,2024-08-06,1.0,18.31,20.45,13.93,2.0,0.27,0.31,0.25,10.0,0.27,0.28,0.28,0.29,1.0,0.0,1.0,0.0,3942190000.0,4098410000.0,3870000000.0,11.0,1596.0,1521.33,85.33,65.75,,-0.54,,,-9.68,,,,,18.0,20.5,18.0,2024-08-09,0.76,0.5,1.26,7.000000000000001,2.405,0.015,2.4200000000000004,21.02,3.0199999999999996,0.86364,0.78559,0.824615,0.3856,53.23878415988067,-0.4536449999999999,61.0,121.0,0.3330323428008537,4.0,13.888888888888884,0,-6.888888888888883,2024-08-05,535.0,506.7171936035156,0.2504092857142856,0.22951,0.230481,-0.0208992857142856,-0.0199282857142856,1,0.3619042857142857,0.2322957142857142,0.1296085714285714,0.0466907142857143,1.0,1.0,1.0,0.2731289992965821,0.1888350081986665,0.0615742775156191,1.4463896387752049,1.74,3.3025103685558603,13.46181835325362,3.517616352155413,-0.0502607475870009,-0.067178703768935,-0.0840560604320442,1,38.56999969482422,33.709999084472656,13.529071123395653,1.26,2.4200000000000004,real_post_mid,0.126,2.6,-131.20000000000005,-0.07288888888888892,fold_3,logreg,0.7394366197183099
J,2024-06-30,2024-08-06,0.0,136.74,138.51,2.89,1.57,1.96,2.03,1.91,13.0,1.96,1.96,1.96,2.0,0.0,0.0,1.0,0.0,3994310000.0,4419630000.0,3474000000.0,11.0,7343.2,6327.2,154.67,647.3,-30.19,1.31,-18.37,5.52,18.63,-28.47,-36.78,3.18,-0.67,140.0,140.0,140.0,2024-08-16,4.75,4.3,9.05,6.464285714285715,2.375,2.7,5.075,146.91,6.909999999999997,0.4734,0.46365,0.4685249999999999,0.29292,37.480390587481985,-0.1560949999999999,25.0,6.0,0.0333225493367842,11.0,0.0,1,6.464285714285715,2024-08-05,535.0,506.7171936035156,0.2504092857142856,0.22951,0.230481,-0.0208992857142856,-0.0199282857142856,1,0.3619042857142857,0.2322957142857142,0.1296085714285714,0.0466907142857143,1.0,1.0,1.0,0.2731289992965821,0.1888350081986665,0.0615742775156191,1.4463896387752049,1.74,3.3025103685558603,13.46181835325362,3.517616352155413,-0.0502607475870009,-0.067178703768935,-0.0840560604320442,1,38.56999969482422,33.709999084472656,13.529071123395653,9.05,5.075,real_post_mid,0.9050000000000001,2.6,304.4,0.02174285714285714,fold_3,logreg,0.7394366197183099
MOS,2024-06-30,2024-08-06,0.0,27.18,29.57,-0.7,-8.73,0.66,0.93,0.52,14.0,0.66,0.65,0.65,0.73,0.0,0.0,6.0,0.0,2934040000.0,3128000000.0,2562000000.0,10.0,-757.6,-356.16,-274.67,150.88,-25.66,-80.44,-30.29,-42.98,-8.45,-60.24,-68.25,-3.7,-8.66,26.5,26.5,26.5,2024-08-09,1.08,1.04,2.12,8.0,0.48,0.355,0.835,27.05,0.5500000000000007,0.9612,0.95144,0.95632,0.5270600000000001,44.8866488204785,-0.468285,21.0,15.0,1.173795761078998,4.0,0.0,1,8.0,2024-08-05,535.0,506.7171936035156,0.2504092857142856,0.22951,0.230481,-0.0208992857142856,-0.0199282857142856,1,0.3619042857142857,0.2322957142857142,0.1296085714285714,0.0466907142857143,1.0,1.0,1.0,0.2731289992965821,0.1888350081986665,0.0615742775156191,1.4463896387752049,1.74,3.3025103685558603,13.46181835325362,3.517616352155413,-0.0502607475870009,-0.067178703768935,-0.0840560604320442,1,38.56999969482422,33.709999084472656,13.529071123395653,2.12,0.835,real_post_mid,0.21200000000000002,2.6,104.70000000000002,0.03950943396226416,fold_3,logreg,0.7394366197183099
MPC,2024-06-30,2024-08-06,1.0,170.74,180.93,0.09,-5.55,3.09,3.55,2.7,16.0,3.22,4.89,5.5,6.42,0.0,0.0,0.0,1.0,35082800000.0,40000000000.0,24073000000.0,8.0,39474.4,35340.0,2674.67,1706.61,-6.19,-77.96,-17.17,-57.64,-35.18,-44.98,-56.07,-6.69,-6.2,162.5,170.0,162.5,2024-08-09,4.875,5.199999999999999,10.075,6.199999999999999,6.875,0.305,7.18,175.83,13.330000000000013,0.74657,0.73681,0.74169,0.419745,43.40694899486308,-0.32682,23.0,30.0,0.9032170856988376,4.0,4.615384615384621,1,1.584615384615378,2024-08-05,535.0,506.7171936035156,0.2504092857142856,0.22951,0.230481,-0.0208992857142856,-0.0199282857142856,1,0.3619042857142857,0.2322957142857142,0.1296085714285714,0.0466907142857143,1.0,1.0,1.0,0.2731289992965821,0.1888350081986665,0.0615742775156191,1.4463896387752049,1.74,3.3025103685558603,13.46181835325362,3.517616352155413,-0.0502607475870009,-0.067178703768935,-0.0840560604320442,1,38.56999969482422,33.709999084472656,13.529071123395653,10.075,7.18,real_post_mid,1.0075,2.6,186.14999999999995,0.011455384615384612,fold_3,logreg,0.7394366197183099
ZTS,2024-06-30,2024-08-06,1.0,174.96,164.92,5.9,12.35,1.49,1.53,1.46,11.0,1.49,1.5,1.5,1.5,0.0,0.0,0.0,0.0,2310730000.0,2335000000.0,2291310000.0,10.0,12752.8,12789.92,44.8,165.37,9.5,-74.37,6.59,5.34,11.29,5.65,10.03,0.2,0.18,175.0,185.0,175.0,2024-08-16,8.25,8.75,17.0,9.714285714285714,11.45,0.7,12.15,183.71,8.710000000000008,0.67828,0.72706,0.70267,0.28804,59.007784593052214,-0.29756,318.0,77.0,0.6282904252241828,11.0,5.714285714285716,1,3.999999999999998,2024-08-05,535.0,506.7171936035156,0.2504092857142856,0.22951,0.230481,-0.0208992857142856,-0.0199282857142856,1,0.3619042857142857,0.2322957142857142,0.1296085714285714,0.0466907142857143,1.0,1.0,1.0,0.2731289992965821,0.1888350081986665,0.0615742775156191,1.4463896387752049,1.74,3.3025103685558603,13.46181835325362,3.517616352155413,-0.0502607475870009,-0.067178703768935,-0.0840560604320442,1,38.56999969482422,33.709999084472656,13.529071123395653,17.0,12.15,real_post_mid,1.7000000000000002,2.6,312.3999999999999,0.017851428571428567,fold_3,logreg,0.7394366197183099
WYNN,2024-06-30,2024-08-06,0.0,86.83,95.75,-12.14,-20.32,1.14,1.46,0.56,13.0,1.14,1.21,1.2,1.13,0.0,0.0,1.0,0.0,1752400000.0,1803000000.0,1656970000.0,14.0,-24335.2,-27266.4,1130.67,898.71,30.85,-71.48,67.11,448.28,-16.75,54.4,114.11,2.02,7.57,74.0,75.0,74.0,2024-08-09,2.69,3.01,5.699999999999999,7.702702702702702,1.535,0.6200000000000001,2.155,74.63,0.6299999999999955,0.94168,0.91242,0.92705,0.449015,51.565179871635834,-0.4975449999999999,3.0,141.0,0.6842726263187118,4.0,1.3513513513513598,1,6.351351351351342,2024-08-05,535.0,506.7171936035156,0.2504092857142856,0.22951,0.230481,-0.0208992857142856,-0.0199282857142856,1,0.3619042857142857,0.2322957142857142,0.1296085714285714,0.0466907142857143,1.0,1.0,1.0,0.2731289992965821,0.1888350081986665,0.0615742775156191,1.4463896387752049,1.74,3.3025103685558603,13.46181835325362,3.517616352155413,-0.0502607475870009,-0.067178703768935,-0.0840560604320442,1,38.56999969482422,33.709999084472656,13.529071123395653,5.699999999999999,2.155,real_post_mid,0.57,2.6,294.8999999999999,0.039851351351351344,fold_3,logreg,0.7394366197183099
IDXX,2024-06-30,2024-08-06,1.0,486.0,487.07,-3.42,-3.63,2.88,2.97,2.84,9.0,2.88,2.87,2.87,2.89,0.0,0.0,1.0,0.0,1006530000.0,1028690000.0,1001120000.0,8.0,17666.4,16488.8,571.73,45.71,7.1,-73.67,8.62,10.2,21.12,8.22,6.62,1.2,-0.14,460.0,470.0,460.0,2024-08-16,16.35,21.3,37.650000000000006,8.184782608695654,14.6,7.45,22.05,492.26,32.25999999999999,0.58072,0.60023,0.5904750000000001,0.36121,38.827215377450365,-0.1609750000000001,14.0,20.0,1.6888888888888889,11.0,2.1739130434782705,1,6.010869565217384,2024-08-05,535.0,506.7171936035156,0.2504092857142856,0.22951,0.230481,-0.0208992857142856,-0.0199282857142856,1,0.3619042857142857,0.2322957142857142,0.1296085714285714,0.0466907142857143,1.0,1.0,1.0,0.2731289992965821,0.1888350081986665,0.0615742775156191,1.4463896387752049,1.74,3.3025103685558603,13.46181835325362,3.517616352155413,-0.0502607475870009,-0.067178703768935,-0.0840560604320442,1,38.56999969482422,33.709999084472656,13.529071123395653,37.650000000000006,22.05,real_post_mid,3.7650000000000006,2.6,1180.9000000000005,0.025671739130434794,fold_3,logreg,0.7394366197183099
TRMB,2024-06-30,2024-08-06,1.0,55.89,56.54,-7.8,-8.86,0.58,0.61,0.56,11.0,0.58,0.58,0.58,0.59,0.0,0.0,0.0,0.0,862500000.0,877000000.0,855300000.0,11.0,8671.2,8443.36,102.4,57.84,4.14,-74.9,4.44,-11.11,1.59,-18.33,-20.29,1.01,-3.52,50.0,50.0,50.0,2024-08-16,1.625,2.225,3.85,7.7,1.325,0.675,2.0,54.37,4.369999999999997,0.48316,0.6295,0.55633,0.30755,44.71806302014991,-0.1951149999999999,59.0,102.0,0.3065902578796561,11.0,0.0,1,7.7,2024-08-05,535.0,506.7171936035156,0.2504092857142856,0.22951,0.230481,-0.0208992857142856,-0.0199282857142856,1,0.3619042857142857,0.2322957142857142,0.1296085714285714,0.0466907142857143,1.0,1.0,1.0,0.2731289992965821,0.1888350081986665,0.0615742775156191,1.4463896387752049,1.74,3.3025103685558603,13.46181835325362,3.517616352155413,-0.0502607475870009,-0.067178703768935,-0.0840560604320442,1,38.56999969482422,33.709999084472656,13.529071123395653,3.85,2.0,real_post_mid,0.385,2.6,143.9,0.02878,fold_3,logreg,0.7394366197183099
TDG,2024-06-30,2024-08-06,1.0,1274.55,1315.0,-2.92,-5.9,8.55,9.13,7.9,22.0,8.56,8.52,8.46,8.24,0.0,0.0,5.0,0.0,2004800000.0,2042820000.0,1961080000.0,21.0,65792.8,65476.96,44.8,1522.32,20.38,7.21,25.14,33.61,46.61,23.69,23.89,1.36,1.3,1210.0,1225.0,1210.0,2024-08-16,46.5,43.95,90.45,7.475206611570248,23.4,27.75,51.15,1280.08,70.07999999999993,0.55145,0.53194,0.541695,0.331945,38.72105151422849,-0.151215,5.0,7.0,2.1785714285714284,11.0,1.2396694214876105,1,6.2355371900826375,2024-08-05,535.0,506.7171936035156,0.2504092857142856,0.22951,0.230481,-0.0208992857142856,-0.0199282857142856,1,0.3619042857142857,0.2322957142857142,0.1296085714285714,0.0466907142857143,1.0,1.0,1.0,0.2731289992965821,0.1888350081986665,0.0615742775156191,1.4463896387752049,1.74,3.3025103685558603,13.46181835325362,3.517616352155413,-0.0502607475870009,-0.067178703768935,-0.0840560604320442,1,38.56999969482422,33.709999084472656,13.529071123395653,90.45,51.15,real_post_mid,9.045,2.6,3022.9000000000005,0.02498264462809918,fold_3,logreg,0.7394366197183099
UBER,2024-06-30,2024-08-06,1.0,71.06,66.4,-8.71,-2.3,0.31,0.47,0.02,31.0,0.31,0.3,0.3,0.3,1.0,0.0,3.0,0.0,10567200000.0,11038000000.0,10182700000.0,37.0,-4164.0,-3834.72,82.13,834.31,14.82,-72.83,15.44,-287.5,-146.97,-231.65,165.65,-1.27,4.67,59.0,66.0,59.0,2024-08-09,2.7,3.15,5.85,9.915254237288137,6.725,0.03,6.755,68.54,9.540000000000006,1.19534,1.18558,1.19046,0.541695,54.49700115921576,-0.6731550000000001,364.0,1850.0,0.7233367259481466,4.0,11.864406779661008,0,-1.9491525423728715,2024-08-05,535.0,506.7171936035156,0.2504092857142856,0.22951,0.230481,-0.0208992857142856,-0.0199282857142856,1,0.3619042857142857,0.2322957142857142,0.1296085714285714,0.0466907142857143,1.0,1.0,1.0,0.2731289992965821,0.1888350081986665,0.0615742775156191,1.4463896387752049,1.74,3.3025103685558603,13.46181835325362,3.517616352155413,-0.0502607475870009,-0.067178703768935,-0.0840560604320442,1,38.56999969482422,33.709999084472656,13.529071123395653,5.85,6.755,real_post_mid,0.585,2.6,-151.60000000000002,-0.025694915254237293,fold_3,logreg,0.7394366197183099
VMC,2024-06-30,2024-08-06,0.0,244.21,267.93,0.79,-8.13,2.47,2.8,2.22,18.0,2.47,2.66,2.76,2.75,0.0,0.0,0.0,0.0,2030470000.0,2154980000.0,1906000000.0,16.0,12456.8,12178.4,-2.13,200.09,-6.26,-80.14,4.76,-15.79,-45.21,-4.01,-7.64,1.42,-0.16,260.0,240.0,260.0,2024-08-16,8.55,9.85,18.4,7.076923076923077,0.7,18.8,19.5,244.43,15.569999999999991,0.53194,0.48316,0.50755,0.3417,32.676583587823856,-0.1512149999999999,272.0,39.0,1.6712328767123288,11.0,7.692307692307687,0,-0.6153846153846105,2024-08-05,535.0,506.7171936035156,0.2504092857142856,0.22951,0.230481,-0.0208992857142856,-0.0199282857142856,1,0.3619042857142857,0.2322957142857142,0.1296085714285714,0.0466907142857143,1.0,1.0,1.0,0.2731289992965821,0.1888350081986665,0.0615742775156191,1.4463896387752049,1.74,3.3025103685558603,13.46181835325362,3.517616352155413,-0.0502607475870009,-0.067178703768935,-0.0840560604320442,1,38.56999969482422,33.709999084472656,13.529071123395653,18.4,19.5,real_post_mid,1.8399999999999999,2.6,-296.60000000000014,-0.011407692307692313,fold_3,logreg,0.7394366197183099
YUM,2024-06-30,2024-08-06,1.0,129.12,136.96,5.99,-0.08,1.33,1.4,1.27,24.0,1.33,1.34,1.34,1.34,0.0,0.0,1.0,1.0,1805400000.0,1880000000.0,1701000000.0,21.0,3565.6,3742.56,-126.93,245.57,-2.86,-77.42,2.6,8.49,-8.73,0.94,-0.57,0.76,0.75,135.0,135.0,135.0,2024-08-16,2.9,4.3,7.199999999999999,5.333333333333333,2.925,1.175,4.1,137.4,2.4000000000000057,0.3856,0.37584,0.38072,0.229505,39.71816558100441,-0.11219,577.0,798.0,4.919612314709236,11.0,0.0,1,5.333333333333333,2024-08-05,535.0,506.7171936035156,0.2504092857142856,0.22951,0.230481,-0.0208992857142856,-0.0199282857142856,1,0.3619042857142857,0.2322957142857142,0.1296085714285714,0.0466907142857143,1.0,1.0,1.0,0.2731289992965821,0.1888350081986665,0.0615742775156191,1.4463896387752049,1.74,3.3025103685558603,13.46181835325362,3.517616352155413,-0.0502607475870009,-0.067178703768935,-0.0840560604320442,1,38.56999969482422,33.709999084472656,13.529071123395653,7.199999999999999,4.1,real_post_mid,0.72,2.6,235.4,0.01743703703703704,fold_3,logreg,0.7394366197183099
IFF,2024-06-30,2024-08-06,1.0,95.29,97.23,1.25,-0.77,1.01,1.1,0.95,13.0,1.01,1.0,1.0,1.0,0.0,0.0,5.0,0.0,2889000000.0,2907100000.0,2797500000.0,14.0,7188.0,6315.2,420.8,336.73,-4.23,-74.75,-7.83,29.89,56.94,22.05,51.91,3.47,2.53,95.0,95.0,95.0,2024-08-16,3.9,4.2,8.1,8.526315789473683,1.6,1.65,3.25,98.58,3.5799999999999983,0.60999,0.61974,0.614865,0.27341,55.53332845421352,-0.20975,776.0,9.0,3.941818181818182,11.0,0.0,1,8.526315789473683,2024-08-05,535.0,506.7171936035156,0.2504092857142856,0.22951,0.230481,-0.0208992857142856,-0.0199282857142856,1,0.3619042857142857,0.2322957142857142,0.1296085714285714,0.0466907142857143,1.0,1.0,1.0,0.2731289992965821,0.1888350081986665,0.0615742775156191,1.4463896387752049,1.74,3.3025103685558603,13.46181835325362,3.517616352155413,-0.0502607475870009,-0.067178703768935,-0.0840560604320442,1,38.56999969482422,33.709999084472656,13.529071123395653,8.1,3.25,real_post_mid,0.81,2.6,401.39999999999986,0.042252631578947354,fold_3,logreg,0.7394366197183099
GPN,2024-06-30,2024-08-07,1.0,95.52,111.57,4.12,-10.85,2.9,2.94,2.58,29.0,2.9,2.92,2.92,2.92,0.0,0.0,1.0,0.0,2316650000.0,2335620000.0,2289680000.0,26.0,4053.6,3961.76,44.8,25.04,5.57,-74.93,7.38,7.92,-2.26,99.8,697.13,3.23,16.22,95.0,105.0,95.0,2024-08-16,4.0,5.3,9.3,9.789473684210527,9.85,0.2,10.05,108.83,13.829999999999998,0.78559,0.69779,0.74169,0.331945,55.24477881594736,-0.278045,903.0,837.0,0.1692813294475104,10.0,10.526315789473696,0,-0.7368421052631682,2024-08-06,523.0,511.3889770507813,0.2211442857142857,0.2072852777777777,0.2028413333333333,-0.0138590079365079,-0.0183029523809523,1,0.2699242857142857,0.1821228571428571,0.0878014285714285,0.0048792857142857,0.8082357841921248,0.8082357841921248,0.99601593625498,0.3069953430379926,0.1932204260486605,0.0279238596656251,1.5888348313685998,1.35,1.0765287867782936,1.498243272303813,-0.3302848556645957,-0.0366234090270164,-0.0596634580258537,-0.0756113267827554,1,27.709999084472656,26.760000228881836,5.595570513044084,9.3,10.05,real_post_mid,0.9300000000000002,2.6,-170.60000000000002,-0.017957894736842107,fold_3,logreg,0.7394366197183099
APP,2024-06-30,2024-08-07,1.0,85.18,84.69,-21.12,-20.66,0.75,0.9,0.66,10.0,0.75,0.75,0.74,0.61,1.0,0.0,2.0,0.0,1081870000.0,1100000000.0,1070000000.0,15.0,6708.0,5016.48,970.67,330.32,47.9,-67.77,18.6,9300.0,87.76,128.12,456.23,8.82,23.56,69.0,77.0,69.0,2024-08-09,5.199999999999999,5.199999999999999,10.4,15.07246376811594,8.45,0.05,8.5,77.38,8.379999999999995,2.08312,2.09288,2.088,1.07339,48.59243295019157,-1.2731400000000002,365.0,14.0,0.4920382165605095,3.0,11.594202898550732,1,3.478260869565208,2024-08-06,523.0,511.3889770507813,0.2211442857142857,0.2072852777777777,0.2028413333333333,-0.0138590079365079,-0.0183029523809523,1,0.2699242857142857,0.1821228571428571,0.0878014285714285,0.0048792857142857,0.8082357841921248,0.8082357841921248,0.99601593625498,0.3069953430379926,0.1932204260486605,0.0279238596656251,1.5888348313685998,1.35,1.0765287867782936,1.498243272303813,-0.3302848556645957,-0.0366234090270164,-0.0596634580258537,-0.0756113267827554,1,27.709999084472656,26.760000228881836,5.595570513044084,10.399999999999999,8.5,real_post_mid,1.0399999999999998,2.6,83.39999999999988,0.012086956521739113,fold_3,logreg,0.7394366197183099
CPAY,2024-06-30,2024-08-07,1.0,271.56,283.22,-0.47,-4.57,4.52,4.76,4.48,17.0,4.76,4.75,4.76,4.75,0.0,0.0,0.0,9.0,980960000.0,1026400000.0,967960000.0,14.0,1472.8,1488.34,27.2,54.4,,,,,,,,,,270.0,290.0,270.0,2024-08-16,9.55,9.0,18.55,6.870370370370371,17.5,3.0,20.5,293.09,23.089999999999975,0.49292,0.54169,0.517305,0.253895,50.91967021389703,-0.199995,67.0,2.0,2.7,10.0,7.407407407407418,0,-0.537037037037047,2024-08-06,523.0,511.3889770507813,0.2211442857142857,0.2072852777777777,0.2028413333333333,-0.0138590079365079,-0.0183029523809523,1,0.2699242857142857,0.1821228571428571,0.0878014285714285,0.0048792857142857,0.8082357841921248,0.8082357841921248,0.99601593625498,0.3069953430379926,0.1932204260486605,0.0279238596656251,1.5888348313685998,1.35,1.0765287867782936,1.498243272303813,-0.3302848556645957,-0.0366234090270164,-0.0596634580258537,-0.0756113267827554,1,27.709999084472656,26.760000228881836,5.595570513044084,18.55,20.5,real_post_mid,1.8550000000000002,2.6,-383.1,-0.01418888888888889,fold_3,logreg,0.7394366197183099
CRL,2024-06-30,2024-08-07,1.0,202.46,230.09,-1.23,-13.09,2.39,2.43,2.36,16.0,2.39,2.39,2.4,2.62,0.0,0.0,1.0,0.0,1024330000.0,1051500000.0,1005000000.0,14.0,14996.0,13857.76,639.47,395.71,-1.73,-75.5,3.73,-18.35,-7.72,-9.53,-24.97,-2.6,-3.86,230.0,200.0,230.0,2024-08-16,9.3,10.05,19.35,8.413043478260871,0.7,28.15,28.85,201.87,28.129999999999995,0.63925,0.63925,0.63925,0.3417,46.54673445443879,-0.2292599999999999,290.0,295.0,0.2576489533011272,10.0,13.043478260869568,0,-4.630434782608697,2024-08-06,523.0,511.3889770507813,0.2211442857142857,0.2072852777777777,0.2028413333333333,-0.0138590079365079,-0.0183029523809523,1,0.2699242857142857,0.1821228571428571,0.0878014285714285,0.0048792857142857,0.8082357841921248,0.8082357841921248,0.99601593625498,0.3069953430379926,0.1932204260486605,0.0279238596656251,1.5888348313685998,1.35,1.0765287867782936,1.498243272303813,-0.3302848556645957,-0.0366234090270164,-0.0596634580258537,-0.0756113267827554,1,27.709999084472656,26.760000228881836,5.595570513044084,19.35,28.85,real_post_mid,1.9350000000000003,2.6,-1146.1,-0.04983043478260869,fold_3,logreg,0.7394366197183099
DIS,2024-06-30,2024-08-07,1.0,97.37,105.8,-11.72,-18.75,1.09,1.16,1.01,21.0,1.19,1.18,1.17,1.19,2.0,0.0,8.0,1.0,21115100000.0,21558600000.0,20538700000.0,20.0,8061.6,8036.96,67.2,651.22,1.23,-6.23,1.29,30.11,105.08,-39.04,26.55,2.82,2.61,90.0,86.0,90.0,2024-08-09,3.425,3.6,7.025,7.805555555555556,0.02,4.15,4.17,86.21,3.7900000000000063,1.049,1.10753,1.078265,0.3417,68.31020203753252,-0.7316900000000001,2314.0,5369.0,0.5528514987285539,3.0,4.444444444444439,1,3.361111111111117,2024-08-06,523.0,511.3889770507813,0.2211442857142857,0.2072852777777777,0.2028413333333333,-0.0138590079365079,-0.0183029523809523,1,0.2699242857142857,0.1821228571428571,0.0878014285714285,0.0048792857142857,0.8082357841921248,0.8082357841921248,0.99601593625498,0.3069953430379926,0.1932204260486605,0.0279238596656251,1.5888348313685998,1.35,1.0765287867782936,1.498243272303813,-0.3302848556645957,-0.0366234090270164,-0.0596634580258537,-0.0756113267827554,1,27.709999084472656,26.760000228881836,5.595570513044084,7.025,4.17,real_post_mid,0.7025000000000001,2.6,212.65000000000003,0.023627777777777782,fold_3,logreg,0.7394366197183099
EMR,2024-06-30,2024-08-07,1.0,109.97,115.59,-9.48,-13.89,1.42,1.5,1.39,17.0,1.42,1.41,1.41,1.41,0.0,0.0,1.0,0.0,4449670000.0,4657000000.0,4401500000.0,17.0,8831.2,8664.0,-33.07,343.88,16.51,6.29,18.54,24.77,60.0,25.9,4.84,4.24,-1.82,108.0,104.0,108.0,2024-08-09,3.2,3.175,6.375,5.902777777777778,0.05,3.35,3.4,103.69,4.310000000000002,0.84413,0.78559,0.81486,0.131945,83.80764793952335,-0.468285,0.0,82.0,1.0617454977241243,3.0,3.703703703703709,1,2.1990740740740686,2024-08-06,523.0,511.3889770507813,0.2211442857142857,0.2072852777777777,0.2028413333333333,-0.0138590079365079,-0.0183029523809523,1,0.2699242857142857,0.1821228571428571,0.0878014285714285,0.0048792857142857,0.8082357841921248,0.8082357841921248,0.99601593625498,0.3069953430379926,0.1932204260486605,0.0279238596656251,1.5888348313685998,1.35,1.0765287867782936,1.498243272303813,-0.3302848556645957,-0.0366234090270164,-0.0596634580258537,-0.0756113267827554,1,27.709999084472656,26.760000228881836,5.595570513044084,6.375,3.4,real_post_mid,0.6375000000000001,2.6,231.15,0.021402777777777778,fold_3,logreg,0.7394366197183099
EQIX,2024-06-30,2024-08-07,1.0,756.92,772.43,3.09,1.02,2.67,3.27,2.34,19.0,2.67,2.69,2.7,2.84,0.0,0.0,1.0,0.0,2159010000.0,2166900000.0,2153800000.0,17.0,370.4,-391.2,462.4,981.09,6.45,-74.02,11.42,-12.27,1.25,4.49,-5.21,-0.93,-2.11,790.0,810.0,790.0,2024-08-16,23.299999999999997,27.4,50.7,6.417721518987342,25.45,4.675000000000001,30.125,828.66,38.65999999999997,0.49292,0.48316,0.48804,0.253895,47.976600278665686,-0.15122,85.0,1.0,4.206611570247934,10.0,2.5316455696202445,1,3.8860759493670978,2024-08-06,523.0,511.3889770507813,0.2211442857142857,0.2072852777777777,0.2028413333333333,-0.0138590079365079,-0.0183029523809523,1,0.2699242857142857,0.1821228571428571,0.0878014285714285,0.0048792857142857,0.8082357841921248,0.8082357841921248,0.99601593625498,0.3069953430379926,0.1932204260486605,0.0279238596656251,1.5888348313685998,1.35,1.0765287867782936,1.498243272303813,-0.3302848556645957,-0.0366234090270164,-0.0596634580258537,-0.0756113267827554,1,27.709999084472656,26.760000228881836,5.595570513044084,50.699999999999996,30.125,real_post_mid,5.07,2.6,1547.8999999999996,0.019593670886075946,fold_3,logreg,0.7394366197183099
CVS,2024-06-30,2024-08-07,1.0,56.89,55.68,-0.74,1.42,1.73,2.02,1.6,22.0,1.73,1.76,1.78,1.77,0.0,0.0,0.0,1.0,91496400000.0,92373000000.0,89723600000.0,19.0,9600.8,10091.36,-112.0,470.5,3.7,-75.28,9.72,-40.45,-38.21,-23.16,-34.1,-1.48,-1.47,58.0,58.0,58.0,2024-08-09,2.52,2.355,4.875,8.405172413793103,0.445,0.6,1.045,57.11,0.8900000000000006,1.10753,1.20509,1.15631,0.4295,62.85598152744506,-0.6829099999999999,4921.0,498.0,1.2556833870225494,3.0,0.0,1,8.405172413793103,2024-08-06,523.0,511.3889770507813,0.2211442857142857,0.2072852777777777,0.2028413333333333,-0.0138590079365079,-0.0183029523809523,1,0.2699242857142857,0.1821228571428571,0.0878014285714285,0.0048792857142857,0.8082357841921248,0.8082357841921248,0.99601593625498,0.3069953430379926,0.1932204260486605,0.0279238596656251,1.5888348313685998,1.35,1.0765287867782936,1.498243272303813,-0.3302848556645957,-0.0366234090270164,-0.0596634580258537,-0.0756113267827554,1,27.709999084472656,26.760000228881836,5.595570513044084,4.875,1.045,real_post_mid,0.48750000000000004,2.6,331.65,0.057181034482758616,fold_3,logreg,0.7394366197183099
RL,2024-06-30,2024-08-07,1.0,177.07,168.04,-9.98,-5.15,2.47,2.56,2.39,15.0,2.47,2.45,2.45,2.64,2.0,0.0,4.0,0.0,1489550000.0,1502000000.0,1482000000.0,13.0,-16922.4,-9074.4,-2656.53,4905.73,5.55,0.0,3.9,-128.41,-106.0,14.1,12.62,1.51,1.03,165.0,160.0,165.0,2024-08-16,7.949999999999999,7.8,15.75,9.545454545454549,1.875,5.0,6.875,163.28,1.7199999999999989,0.7173,0.72706,0.72218,0.3514549999999999,51.33415491982609,-0.25853,1013.0,119.0,0.2549199084668192,10.0,3.0303030303030276,1,6.515151515151519,2024-08-06,523.0,511.3889770507813,0.2211442857142857,0.2072852777777777,0.2028413333333333,-0.0138590079365079,-0.0183029523809523,1,0.2699242857142857,0.1821228571428571,0.0878014285714285,0.0048792857142857,0.8082357841921248,0.8082357841921248,0.99601593625498,0.3069953430379926,0.1932204260486605,0.0279238596656251,1.5888348313685998,1.35,1.0765287867782936,1.498243272303813,-0.3302848556645957,-0.0366234090270164,-0.0596634580258537,-0.0756113267827554,1,27.709999084472656,26.760000228881836,5.595570513044084,15.75,6.875,real_post_mid,1.5750000000000002,2.6,727.4,0.044084848484848484,fold_3,logreg,0.7394366197183099
HOOD,2024-06-30,2024-08-07,1.0,22.09,17.3,-22.5,-1.04,0.15,0.2,0.12,11.0,0.15,0.14,0.14,0.1,1.0,0.0,7.0,0.0,643340000.0,674000000.0,613180000.0,11.0,-9588.0,-10036.64,245.33,162.88,40.14,-66.86,38.66,131.58,500.0,136.8,131.94,7.08,139.5,17.0,17.5,17.0,2024-08-09,1.205,0.97,2.175,12.794117647058822,0.7949999999999999,0.065,0.8599999999999999,17.92,0.9200000000000016,1.78069,1.74167,1.76118,0.7612,56.77897773083955,-0.819495,3546.0,5757.0,0.2920196253814585,3.0,2.941176470588225,1,9.852941176470598,2024-08-06,523.0,511.3889770507813,0.2211442857142857,0.2072852777777777,0.2028413333333333,-0.0138590079365079,-0.0183029523809523,1,0.2699242857142857,0.1821228571428571,0.0878014285714285,0.0048792857142857,0.8082357841921248,0.8082357841921248,0.99601593625498,0.3069953430379926,0.1932204260486605,0.0279238596656251,1.5888348313685998,1.35,1.0765287867782936,1.498243272303813,-0.3302848556645957,-0.0366234090270164,-0.0596634580258537,-0.0756113267827554,1,27.709999084472656,26.760000228881836,5.595570513044084,2.175,0.8599999999999999,real_post_mid,0.2175,2.6,107.14999999999999,0.06302941176470588,fold_3,logreg,0.7394366197183099
ZBH,2024-06-30,2024-08-07,1.0,106.39,121.44,-0.55,-12.87,1.99,2.03,1.94,26.0,1.99,1.99,1.99,2.0,0.0,0.0,0.0,0.0,1941030000.0,1958700000.0,1924000000.0,24.0,8701.6,8437.28,104.53,39.99,3.18,-74.45,5.6,2.65,-11.82,-11.01,-18.76,0.23,-3.81,110.0,110.0,110.0,2024-08-16,3.625,3.4000000000000004,7.025,6.386363636363638,1.0,2.25,3.25,110.65,0.6500000000000057,0.52218,0.45389,0.488035,0.24414,49.974899341235776,-0.170725,343.0,244.0,2.6553480475382005,10.0,0.0,1,6.386363636363638,2024-08-06,523.0,511.3889770507813,0.2211442857142857,0.2072852777777777,0.2028413333333333,-0.0138590079365079,-0.0183029523809523,1,0.2699242857142857,0.1821228571428571,0.0878014285714285,0.0048792857142857,0.8082357841921248,0.8082357841921248,0.99601593625498,0.3069953430379926,0.1932204260486605,0.0279238596656251,1.5888348313685998,1.35,1.0765287867782936,1.498243272303813,-0.3302848556645957,-0.0366234090270164,-0.0596634580258537,-0.0756113267827554,1,27.709999084472656,26.760000228881836,5.595570513044084,7.025,3.25,real_post_mid,0.7025000000000001,2.6,304.65,0.027695454545454544,fold_3,logreg,0.7394366197183099
ROK,2024-06-30,2024-08-07,1.0,265.11,270.5,-6.02,-7.89,2.08,2.33,1.98,18.0,2.08,2.09,2.1,2.51,0.0,0.0,3.0,0.0,2061540000.0,2301000000.0,1987160000.0,18.0,14612.0,12205.92,1939.73,1745.67,-6.54,3.62,3.19,-16.94,-38.42,-4.21,-22.83,-1.7,-3.24,250.0,260.0,250.0,2024-08-16,11.2,10.9,22.1,8.84,10.4,2.425,12.825,262.69,12.689999999999998,0.63925,0.69779,0.66852,0.3417,48.887093879016334,-0.2390149999999999,46.0,5.0,0.205,10.0,4.0000000000000036,1,4.839999999999996,2024-08-06,523.0,511.3889770507813,0.2211442857142857,0.2072852777777777,0.2028413333333333,-0.0138590079365079,-0.0183029523809523,1,0.2699242857142857,0.1821228571428571,0.0878014285714285,0.0048792857142857,0.8082357841921248,0.8082357841921248,0.99601593625498,0.3069953430379926,0.1932204260486605,0.0279238596656251,1.5888348313685998,1.35,1.0765287867782936,1.498243272303813,-0.3302848556645957,-0.0366234090270164,-0.0596634580258537,-0.0756113267827554,1,27.709999084472656,26.760000228881836,5.595570513044084,22.1,12.825,real_post_mid,2.2100000000000004,2.6,703.9000000000001,0.028156000000000004,fold_3,logreg,0.7394366197183099
OXY,2024-06-30,2024-08-07,1.0,60.95,64.24,-7.94,-12.66,0.77,0.96,0.5,20.0,0.77,0.89,0.89,0.88,1.0,0.0,2.0,0.0,6803820000.0,7302000000.0,5925000000.0,11.0,-4744.8,-5162.08,248.53,287.95,-12.71,-78.07,-23.27,-42.2,-14.86,-19.12,-30.25,-2.35,-4.89,56.0,59.0,56.0,2024-08-09,1.1749999999999998,1.0,2.175,3.8839285714285703,2.495,0.025,2.52,58.41,2.4099999999999966,0.54169,0.53194,0.536815,0.253895,52.70344532101377,-0.2536550000000001,377.0,645.0,0.6344083310219623,3.0,5.35714285714286,0,-1.4732142857142896,2024-08-06,523.0,511.3889770507813,0.2211442857142857,0.2072852777777777,0.2028413333333333,-0.0138590079365079,-0.0183029523809523,1,0.2699242857142857,0.1821228571428571,0.0878014285714285,0.0048792857142857,0.8082357841921248,0.8082357841921248,0.99601593625498,0.3069953430379926,0.1932204260486605,0.0279238596656251,1.5888348313685998,1.35,1.0765287867782936,1.498243272303813,-0.3302848556645957,-0.0366234090270164,-0.0596634580258537,-0.0756113267827554,1,27.709999084472656,26.760000228881836,5.595570513044084,2.175,2.52,real_post_mid,0.2175,2.6,-58.85000000000002,-0.010508928571428575,fold_3,logreg,0.7394366197183099
NI,2024-06-30,2024-08-07,1.0,28.57,28.9,8.86,7.61,0.16,0.19,0.11,8.0,0.16,0.13,0.13,0.15,0.0,0.0,3.0,0.0,1164000000.0,1164000000.0,1164000000.0,1.0,2270.56,2162.4,78.93,85.55,-13.21,-69.01,-7.53,10.39,60.38,12.89,9.87,11.73,7.18,30.0,30.0,30.0,2024-08-16,1.2000000000000002,0.2,1.4,4.666666666666667,1.225,0.15,1.375,31.9,1.8999999999999984,0.28804,0.27829,0.283165,0.28804,-1.7216110748150435,-0.14146,224.0,0.0,0.1555555555555555,10.0,0.0,1,4.666666666666667,2024-08-06,523.0,511.3889770507813,0.2211442857142857,0.2072852777777777,0.2028413333333333,-0.0138590079365079,-0.0183029523809523,1,0.2699242857142857,0.1821228571428571,0.0878014285714285,0.0048792857142857,0.8082357841921248,0.8082357841921248,0.99601593625498,0.3069953430379926,0.1932204260486605,0.0279238596656251,1.5888348313685998,1.35,1.0765287867782936,1.498243272303813,-0.3302848556645957,-0.0366234090270164,-0.0596634580258537,-0.0756113267827554,1,27.709999084472656,26.760000228881836,5.595570513044084,1.4000000000000001,1.375,real_post_mid,0.14,2.6,-14.099999999999987,-0.004699999999999996,fold_3,logreg,0.7394366197183099
HLT,2024-06-30,2024-08-07,1.0,214.57,203.48,-5.15,0.02,1.86,1.89,1.81,19.0,1.86,1.85,1.86,1.86,1.0,0.0,5.0,0.0,2931680000.0,3022000000.0,2873000000.0,12.0,5204.0,4762.24,227.2,114.66,12.21,-74.86,15.74,23.39,-8.93,16.92,7.03,-1.17,-1.0,210.0,210.0,210.0,2024-08-16,4.7,7.15,11.85,5.642857142857143,1.2000000000000002,5.75,6.95,212.46,2.460000000000008,0.42462,0.41487,0.419745,0.234385,44.16014484984932,-0.102435,31.0,593.0,2.7561307901907357,10.0,0.0,1,5.642857142857143,2024-08-06,523.0,511.3889770507813,0.2211442857142857,0.2072852777777777,0.2028413333333333,-0.0138590079365079,-0.0183029523809523,1,0.2699242857142857,0.1821228571428571,0.0878014285714285,0.0048792857142857,0.8082357841921248,0.8082357841921248,0.99601593625498,0.3069953430379926,0.1932204260486605,0.0279238596656251,1.5888348313685998,1.35,1.0765287867782936,1.498243272303813,-0.3302848556645957,-0.0366234090270164,-0.0596634580258537,-0.0756113267827554,1,27.709999084472656,26.760000228881836,5.595570513044084,11.850000000000001,6.95,real_post_mid,1.1850000000000003,2.6,368.90000000000003,0.017566666666666668,fold_3,logreg,0.7394366197183099
AKAM,2024-06-30,2024-08-08,1.0,92.48,91.19,-0.98,0.42,1.53,1.56,1.45,20.0,1.53,1.53,1.53,1.63,0.0,0.0,1.0,1.0,977240000.0,983570000.0,970900000.0,19.0,6071.2,5715.2,131.73,105.72,7.78,-74.11,6.05,17.14,-2.96,32.54,31.66,-0.54,3.06,93.0,101.0,93.0,2024-08-09,5.6,5.949999999999999,11.55,12.419354838709676,8.8,0.03,8.83,101.51,8.510000000000005,2.10263,2.11239,2.10751,0.28804,86.33268644039647,-1.502405,25.0,1.0,1.7907995618838992,2.0,8.602150537634401,1,3.817204301075275,2024-08-07,520.0,507.9707336425781,0.22463,0.206745,0.206745,-0.0178849999999999,-0.0178849999999999,1,0.26853,0.19048,0.0780499999999999,0.004875,0.8310765587190446,0.8310765587190446,0.99601593625498,0.2294939416324082,0.1930977607717018,0.0315322392282982,1.1884857738134902,1.38,1.142756720249506,1.2889992659367,-0.3799582376708712,-0.0583686702797301,-0.0668563505087412,-0.0817901566571597,1,27.850000381469727,27.010000228881836,5.387000381469726,11.549999999999999,8.83,real_post_mid,1.155,2.6,153.8999999999999,0.016548387096774184,fold_3,logreg,0.7394366197183099
DDOG,2024-06-30,2024-08-08,1.0,126.63,118.97,-9.93,-4.13,0.37,0.54,0.34,36.0,0.37,0.37,0.36,0.36,0.0,0.0,0.0,0.0,624880000.0,649560000.0,621500000.0,36.0,4637.6,4357.6,112.0,93.03,26.89,-71.28,26.58,57.14,0.0,1007.35,134.3,2.73,9.22,108.0,112.0,108.0,2024-08-09,6.199999999999999,6.125,12.325,11.412037037037036,3.925,0.02,3.945,112.28,4.280000000000001,1.93678,1.92703,1.931905,0.39536,79.53522559339098,-1.346305,104.0,370.0,0.8205522197532031,2.0,3.703703703703698,1,7.708333333333338,2024-08-07,520.0,507.9707336425781,0.22463,0.206745,0.206745,-0.0178849999999999,-0.0178849999999999,1,0.26853,0.19048,0.0780499999999999,0.004875,0.8310765587190446,0.8310765587190446,0.99601593625498,0.2294939416324082,0.1930977607717018,0.0315322392282982,1.1884857738134902,1.38,1.142756720249506,1.2889992659367,-0.3799582376708712,-0.0583686702797301,-0.0668563505087412,-0.0817901566571597,1,27.850000381469727,27.010000228881836,5.387000381469726,12.325,3.945,real_post_mid,1.2325,2.6,712.1499999999999,0.0659398148148148,fold_3,logreg,0.7394366197183099
EPAM,2024-06-30,2024-08-08,1.0,182.59,183.4,4.69,4.23,2.26,2.29,2.21,19.0,2.26,2.26,2.26,2.38,2.0,0.0,4.0,0.0,1140100000.0,1145000000.0,1135020000.0,17.0,16288.8,15249.76,534.93,98.78,-3.76,-75.15,-3.3,-0.4,-10.55,-7.24,-8.17,-0.91,-0.46,210.0,195.0,210.0,2024-08-16,8.75,11.5,20.25,9.642857142857144,0.3,16.9,17.2,201.35,8.650000000000006,0.72706,0.81486,0.7709600000000001,0.400235,48.08615232956315,-0.2682850000000001,126.0,7.0,1.3752808988764045,9.0,7.14285714285714,1,2.5000000000000044,2024-08-07,520.0,507.9707336425781,0.22463,0.206745,0.206745,-0.0178849999999999,-0.0178849999999999,1,0.26853,0.19048,0.0780499999999999,0.004875,0.8310765587190446,0.8310765587190446,0.99601593625498,0.2294939416324082,0.1930977607717018,0.0315322392282982,1.1884857738134902,1.38,1.142756720249506,1.2889992659367,-0.3799582376708712,-0.0583686702797301,-0.0668563505087412,-0.0817901566571597,1,27.850000381469727,27.010000228881836,5.387000381469726,20.25,17.2,real_post_mid,2.025,2.6,99.90000000000009,0.004757142857142862,fold_3,logreg,0.7394366197183099
EXPE,2024-06-30,2024-08-08,1.0,128.56,112.84,-8.24,4.55,3.06,3.46,2.24,21.0,3.06,3.03,3.09,3.1,2.0,0.0,6.0,0.0,3534280000.0,3594000000.0,3423000000.0,26.0,8284.0,6937.76,701.87,388.95,8.41,-77.5,8.91,205.0,-87.79,-39.06,9.09,3.14,0.73,113.0,130.0,113.0,2024-08-09,5.725,5.4,11.125,9.845132743362832,17.05,0.03,17.080000000000002,130.01,17.00999999999999,1.67337,1.65386,1.663615,0.307555,81.512850028402,-1.107285,14.0,11.0,0.9527505906176172,2.0,15.04424778761062,0,-5.1991150442477885,2024-08-07,520.0,507.9707336425781,0.22463,0.206745,0.206745,-0.0178849999999999,-0.0178849999999999,1,0.26853,0.19048,0.0780499999999999,0.004875,0.8310765587190446,0.8310765587190446,0.99601593625498,0.2294939416324082,0.1930977607717018,0.0315322392282982,1.1884857738134902,1.38,1.142756720249506,1.2889992659367,-0.3799582376708712,-0.0583686702797301,-0.0668563505087412,-0.0817901566571597,1,27.850000381469727,27.010000228881836,5.387000381469726,11.125,17.080000000000002,real_post_mid,1.1125,2.6,-709.3500000000001,-0.06277433628318585,fold_3,logreg,0.7394366197183099
TTD,2024-06-30,2024-08-08,1.0,101.52,87.26,-13.05,1.16,0.35,0.41,0.3,17.0,0.35,0.35,0.35,0.34,1.0,0.0,1.0,0.0,577800000.0,587000000.0,575000000.0,26.0,-7751.2,-7885.76,66.67,71.31,28.33,-74.76,24.25,13.04,-36.59,1355.27,222.95,1.07,11.92,85.0,99.0,85.0,2024-08-09,5.225,5.199999999999999,10.425,12.26470588235294,14.25,0.01,14.26,99.3,14.299999999999995,2.09288,2.06361,2.078245,0.424625,79.56809712040688,-1.448745,227.0,52.0,0.5069641475367552,2.0,16.470588235294127,0,-4.205882352941186,2024-08-07,520.0,507.9707336425781,0.22463,0.206745,0.206745,-0.0178849999999999,-0.0178849999999999,1,0.26853,0.19048,0.0780499999999999,0.004875,0.8310765587190446,0.8310765587190446,0.99601593625498,0.2294939416324082,0.1930977607717018,0.0315322392282982,1.1884857738134902,1.38,1.142756720249506,1.2889992659367,-0.3799582376708712,-0.0583686702797301,-0.0668563505087412,-0.0817901566571597,1,27.850000381469727,27.010000228881836,5.387000381469726,10.424999999999999,14.26,real_post_mid,1.0425,2.6,-490.35000000000014,-0.057688235294117665,fold_3,logreg,0.7394366197183099
NRG,2024-06-30,2024-08-08,1.0,79.26,83.65,-1.63,-6.79,1.55,1.79,1.3,2.0,1.55,1.59,1.59,1.81,0.0,0.0,0.0,0.0,8319830000.0,8319830000.0,8319830000.0,1.0,-6055.2,-492.0,784.0,8744.2,-3.79,,-71.59,139.69,,189.39,156.48,37.47,31.73,70.0,80.0,70.0,2024-08-16,4.1,1.875,5.975,8.535714285714285,10.7,0.1,10.8,82.78,12.78,0.64901,0.63925,0.64413,0.40511,37.10741620480337,-0.1560899999999999,233.0,46.0,1.213982050070855,9.0,14.28571428571428,0,-5.749999999999995,2024-08-07,520.0,507.9707336425781,0.22463,0.206745,0.206745,-0.0178849999999999,-0.0178849999999999,1,0.26853,0.19048,0.0780499999999999,0.004875,0.8310765587190446,0.8310765587190446,0.99601593625498,0.2294939416324082,0.1930977607717018,0.0315322392282982,1.1884857738134902,1.38,1.142756720249506,1.2889992659367,-0.3799582376708712,-0.0583686702797301,-0.0668563505087412,-0.0817901566571597,1,27.850000381469727,27.010000228881836,5.387000381469726,5.975,10.8,real_post_mid,0.5975,2.6,-544.8500000000001,-0.0778357142857143,fold_3,logreg,0.7394366197183099
VST,2024-06-30,2024-08-08,0.0,91.4,93.42,-13.48,-15.35,1.38,1.59,1.17,2.0,1.38,0.98,0.81,0.42,2.0,0.0,2.0,0.0,3964370000.0,4154000000.0,3774740000.0,2.0,-71606.08,-66155.2,-2924.8,1584.73,-25.64,-82.03,-14.23,-404.18,56.36,-49.18,-123.17,-24.44,-28.19,74.0,78.0,74.0,2024-08-09,3.1,3.15,6.25,8.445945945945946,4.075,0.05,4.125,78.64,4.640000000000001,1.42948,1.43923,1.434355,0.546575,61.8940220517236,-0.72681,79.0,210.0,0.6322703057724586,2.0,5.405405405405395,1,3.040540540540551,2024-08-07,520.0,507.9707336425781,0.22463,0.206745,0.206745,-0.0178849999999999,-0.0178849999999999,1,0.26853,0.19048,0.0780499999999999,0.004875,0.8310765587190446,0.8310765587190446,0.99601593625498,0.2294939416324082,0.1930977607717018,0.0315322392282982,1.1884857738134902,1.38,1.142756720249506,1.2889992659367,-0.3799582376708712,-0.0583686702797301,-0.0668563505087412,-0.0817901566571597,1,27.850000381469727,27.010000228881836,5.387000381469726,6.25,4.125,real_post_mid,0.625,2.6,147.4,0.01991891891891892,fold_3,logreg,0.7394366197183099
VTRS,2024-06-30,2024-08-08,1.0,10.8,11.16,12.04,8.42,0.68,0.7,0.65,6.0,0.68,0.68,0.68,0.68,0.0,0.0,0.0,0.0,3776920000.0,3880200000.0,3640240000.0,6.0,3477.6,3481.44,-25.6,109.88,-1.76,-76.25,-4.39,-12.99,8.06,-13.81,-49.0,-0.31,-5.15,11.0,12.0,11.0,2024-08-16,0.6499999999999999,0.25,0.8999999999999999,8.18181818181818,0.7,0.05,0.75,11.66,0.6600000000000001,0.6295,0.59047,0.609985,0.33682,44.78224874382157,-0.23414,1577.0,1814.0,0.6192692576215965,9.0,9.090909090909085,0,-0.909090909090903,2024-08-07,520.0,507.9707336425781,0.22463,0.206745,0.206745,-0.0178849999999999,-0.0178849999999999,1,0.26853,0.19048,0.0780499999999999,0.004875,0.8310765587190446,0.8310765587190446,0.99601593625498,0.2294939416324082,0.1930977607717018,0.0315322392282982,1.1884857738134902,1.38,1.142756720249506,1.2889992659367,-0.3799582376708712,-0.0583686702797301,-0.0668563505087412,-0.0817901566571597,1,27.850000381469727,27.010000228881836,5.387000381469726,0.8999999999999999,0.75,real_post_mid,0.09,2.6,3.399999999999991,0.003090909090909083,fold_3,logreg,0.7394366197183099
TTWO,2024-06-30,2024-08-08,1.0,149.36,145.88,-7.08,-4.87,-0.02,0.13,-0.77,18.0,-0.02,0.02,0.01,0.38,0.0,0.0,3.0,0.0,1253210000.0,1337000000.0,1195000000.0,16.0,2114.4,788.48,480.0,493.98,-2.95,0.0,0.09,-40.0,81.69,-10.0,25.1,-1.22,2.8,136.0,145.0,136.0,2024-08-09,5.375,5.625,11.0,8.088235294117647,9.075,0.06,9.135,144.82,8.819999999999993,1.3807,1.36119,1.370945,0.26853,80.41278096495483,-0.9511999999999998,8.0,8.0,0.639463886820551,2.0,6.617647058823528,1,1.4705882352941186,2024-08-07,520.0,507.9707336425781,0.22463,0.206745,0.206745,-0.0178849999999999,-0.0178849999999999,1,0.26853,0.19048,0.0780499999999999,0.004875,0.8310765587190446,0.8310765587190446,0.99601593625498,0.2294939416324082,0.1930977607717018,0.0315322392282982,1.1884857738134902,1.38,1.142756720249506,1.2889992659367,-0.3799582376708712,-0.0583686702797301,-0.0668563505087412,-0.0817901566571597,1,27.850000381469727,27.010000228881836,5.387000381469726,11.0,9.135,real_post_mid,1.1,2.6,73.90000000000002,0.005433823529411766,fold_3,logreg,0.7394366197183099
EVRG,2024-06-30,2024-08-09,1.0,53.68,55.42,9.33,5.9,0.89,0.92,0.87,7.0,0.89,0.92,0.92,0.96,0.0,0.0,0.0,0.0,1357750000.0,1357750000.0,1357750000.0,1.0,11148.0,11443.68,-128.0,210.98,2.64,-75.74,-6.39,-10.17,96.3,-0.27,-6.84,-0.88,-1.99,60.0,57.5,60.0,2024-08-16,0.3249999999999999,1.325,1.65,2.75,0.05,1.6,1.65,58.76,1.240000000000002,0.20024,0.21975,0.209995,0.2148749999999999,-2.3238648539250915,-0.0243899999999999,121.0,146.0,0.5633423180592992,8.0,4.1666666666666625,0,-1.4166666666666623,2024-08-08,532.0,519.7137451171875,0.1946628571428571,0.1837072222222222,0.184629,-0.0109556349206349,-0.0100338571428571,1,0.22951,0.16122,0.0682899999999999,0.0007021428571428,0.6347114245997018,0.6347114245997018,0.9880478087649402,0.3341452233990533,0.208865842779686,-0.0142029856368288,1.5998078908072746,1.4,1.1227514855680527,0.9386303812545348,-0.4796205771849538,-0.0227618149268229,-0.0546389360428904,-0.0605634441472592,1,23.790000915527344,24.1299991607666,4.323715201241626,1.65,1.65,real_post_mid,0.165,2.6,-19.1,-0.0031833333333333336,fold_3,logreg,0.7394366197183099
KEYS,2024-07-31,2024-08-20,1.0,137.4,147.48,0.85,-6.04,1.35,1.37,1.33,10.0,1.35,1.35,1.35,1.36,0.0,0.0,0.0,0.0,1194140000.0,1199200000.0,1190000000.0,8.0,5410.4,5703.52,315.73,704.6,-12.52,-3.42,-6.99,-33.49,-13.5,-39.22,-50.0,-2.65,-10.91,140.0,160.0,140.0,2024-09-20,5.7,6.6,12.3,8.785714285714285,18.3,0.45,18.75,152.42,12.419999999999987,0.37584,0.37584,0.37584,0.234385,37.6370263942103,-0.06829,89.0,94.0,0.983490566037736,32.0,14.28571428571428,0,-5.499999999999995,2024-08-19,577.0,548.0767211914062,0.1207971428571428,0.12219,0.136825,0.0013928571428571,0.0160278571428571,0,0.1486714285714286,0.10268,0.0459914285714286,0.0048785714285714,0.1428618665003944,0.1506929460386702,0.5418326693227091,0.1109831587761383,0.2192424999882649,-0.098445357131122,0.5062118831069652,1.07,-0.9565142277998774,1.513728224456828,-0.4282659159489904,0.0493930663567772,0.0193442596897817,-0.009294419983025,1,14.649999618530272,17.59000015258789,2.5702853328159883,12.3,18.75,real_post_mid,1.2300000000000002,2.6,-770.6,-0.05504285714285714,fold_3,logreg,0.7394366197183099
NDSN,2024-07-31,2024-08-21,1.0,240.57,237.9,3.0,4.15,2.33,2.38,2.3,7.0,2.33,2.33,2.33,2.39,0.0,0.0,1.0,0.0,656230000.0,658900000.0,652700000.0,7.0,3426.4,3006.56,358.4,362.95,0.07,2.76,0.51,3.54,5.88,1.74,-2.26,2.07,-0.61,240.0,260.0,240.0,2024-09-20,7.5,7.75,15.25,6.354166666666666,17.1,1.0,18.1,255.58,15.580000000000013,0.25877,0.28804,0.273405,0.185605,32.11353120828075,-0.03902,514.0,4.0,0.7333333333333333,31.0,8.333333333333325,0,-1.979166666666659,2024-08-20,577.0,547.1856079101562,0.1214978571428571,0.12257,0.1319449999999999,0.0010721428571428,0.0104471428571428,0,0.1598257142857142,0.11244,0.0473857142857142,0.014635,0.1474957605301817,0.155284503376971,0.5617529880478087,0.1160235338057631,0.2167107017319323,-0.0952128445890752,0.5353844220821284,1.03,-1.1696169732629476,1.35700149003286,-0.4883922910598224,0.03073585876633,0.007301826428506,-0.0109051997626196,1,15.880000114440918,18.280000686645508,3.730214400155205,15.25,18.1,real_post_mid,1.5250000000000001,2.6,-440.1000000000002,-0.018337500000000007,fold_3,logreg,0.7394366197183099
SNPS,2024-07-31,2024-08-21,1.0,587.71,586.3,-3.92,-3.69,3.28,3.3,3.26,10.0,2.98,3.28,3.28,3.22,0.0,0.0,0.0,0.0,1518870000.0,1522000000.0,1508300000.0,10.0,6437.6,6460.64,288.0,483.54,14.78,-3.87,11.56,18.11,-15.73,13.65,13.94,-0.49,-0.17,560.0,550.0,560.0,2024-09-20,25.450000000000003,25.8,51.25,9.151785714285714,16.9,25.85,42.75,506.65,53.35000000000002,0.39536,0.39536,0.39536,0.3417,13.57244030756778,-0.0292699999999999,353.0,46.0,1.0710900473933649,31.0,1.7857142857142905,1,7.366071428571424,2024-08-20,577.0,547.1856079101562,0.1214978571428571,0.12257,0.1319449999999999,0.0010721428571428,0.0104471428571428,0,0.1598257142857142,0.11244,0.0473857142857142,0.014635,0.1474957605301817,0.155284503376971,0.5617529880478087,0.1160235338057631,0.2167107017319323,-0.0952128445890752,0.5353844220821284,1.03,-1.1696169732629476,1.35700149003286,-0.4883922910598224,0.03073585876633,0.007301826428506,-0.0109051997626196,1,15.880000114440918,18.280000686645508,3.730214400155205,51.25,42.75,real_post_mid,5.125,2.6,334.9,0.005980357142857142,fold_3,logreg,0.7394366197183099
A,2024-07-31,2024-08-21,1.0,133.42,150.55,4.92,-7.01,1.26,1.27,1.22,16.0,1.26,1.26,1.27,1.45,0.0,0.0,0.0,0.0,1557570000.0,1572000000.0,1545000000.0,14.0,5693.6,5606.56,145.07,196.5,-8.39,-5.13,-5.55,-3.94,-5.43,-7.63,-5.22,0.61,0.77,140.0,140.0,140.0,2024-09-20,5.35,4.9,10.25,7.321428571428572,4.25,3.125,7.375,140.09,0.0900000000000034,0.31731,0.31731,0.31731,0.229505,27.671677539314853,-0.0341449999999999,1879.0,104.0,0.7523510971786834,31.0,0.0,1,7.321428571428572,2024-08-20,577.0,547.1856079101562,0.1214978571428571,0.12257,0.1319449999999999,0.0010721428571428,0.0104471428571428,0,0.1598257142857142,0.11244,0.0473857142857142,0.014635,0.1474957605301817,0.155284503376971,0.5617529880478087,0.1160235338057631,0.2167107017319323,-0.0952128445890752,0.5353844220821284,1.03,-1.1696169732629476,1.35700149003286,-0.4883922910598224,0.03073585876633,0.007301826428506,-0.0109051997626196,1,15.880000114440918,18.280000686645508,3.730214400155205,10.25,7.375,real_post_mid,1.0250000000000001,2.6,182.4,0.01302857142857143,fold_3,logreg,0.7394366197183099
WSM,2024-07-31,2024-08-22,1.0,156.04,287.81,-16.37,-54.66,1.6,1.78,1.5,16.0,1.59,1.59,3.17,3.21,3.0,0.0,4.0,0.0,1809820000.0,1860400000.0,1774700000.0,18.0,18912.8,16796.0,701.87,1572.58,-5.42,,-11.65,73.19,-45.44,46.66,58.97,9.43,7.74,145.0,140.0,145.0,2024-09-20,8.899999999999999,9.5,18.4,12.689655172413792,3.7,8.65,12.35,148.81,3.8100000000000023,0.55145,0.56121,0.55633,0.37584,32.44297449355598,-0.0877999999999999,266.0,297.0,1.4712019126276896,30.0,3.4482758620689613,1,9.241379310344833,2024-08-21,578.0,549.0660400390625,0.122195,0.122945,0.136825,0.00075,0.01463,0,0.16122,0.11244,0.04878,0.014635,0.1521060363437112,0.1598526582823551,0.6254980079681275,0.1155969987539695,0.2168458235459621,-0.0946508235459621,0.533083814406358,0.92,-1.6402696107472634,0.7901087910863653,-0.5788348505119437,0.0310253202334938,0.0123514808058975,-0.0075061234455285,1,16.270000457763672,18.579999923706055,4.050500457763672,18.4,12.35,real_post_mid,1.8399999999999999,2.6,418.39999999999986,0.028855172413793095,fold_3,logreg,0.7394366197183099
SJM,2024-07-31,2024-08-28,1.0,118.04,107.95,-2.8,6.28,2.17,2.26,2.14,14.0,2.17,2.17,2.17,2.22,1.0,0.0,1.0,0.0,2133430000.0,2162480000.0,2117000000.0,13.0,9466.4,9044.0,352.0,514.18,0.58,,-5.11,12.22,29.84,-2.38,-6.45,2.82,-1.0,120.0,115.0,120.0,2024-09-20,3.9,2.825,6.725,5.604166666666666,0.425,6.3,6.725,118.74,1.2600000000000051,0.26853,0.27829,0.27341,0.19048,30.33173622032844,-0.0292699999999999,1342.0,108.0,2.144422310756972,24.0,4.1666666666666625,1,1.4375000000000036,2024-08-27,579.0,549.9866943359375,0.1131321428571428,0.117315,0.1319449999999999,0.0041828571428571,0.0188128571428571,0,0.15146,0.1040742857142857,0.0473857142857143,0.0146349999999999,0.0,0.1004666445123636,0.398406374501992,0.1088089785034242,0.2007788244808471,-0.0876466816237042,0.5419345331101084,1.05,-0.9250729343537496,0.7198845304752605,-0.6065221581934207,0.005119079130168,0.0308392107263317,-0.0058419452129665,1,15.43000030517578,17.729999542236328,4.116786019461493,6.725,6.725,real_post_mid,0.6725,2.6,-69.85,-0.005820833333333333,fold_3,logreg,0.7394366197183099
COO,2024-07-31,2024-08-28,1.0,92.61,90.23,2.08,4.78,0.91,0.94,0.89,15.0,0.91,0.91,0.91,0.92,0.0,0.0,0.0,1.0,997300000.0,1007000000.0,988500000.0,13.0,2250.4,2361.92,126.93,376.1,7.43,1.18,8.73,-72.4,0.0,40.93,67.91,0.53,6.17,95.0,107.5,95.0,2024-09-20,3.0250000000000004,3.4,6.425000000000001,6.763157894736843,11.15,0.15,11.3,110.49,15.489999999999997,0.32707,0.33682,0.331945,0.21975,33.79927397611051,-0.058535,1564.0,305.0,2.888544891640867,24.0,13.157894736842104,0,-6.394736842105259,2024-08-27,579.0,549.9866943359375,0.1131321428571428,0.117315,0.1319449999999999,0.0041828571428571,0.0188128571428571,0,0.15146,0.1040742857142857,0.0473857142857143,0.0146349999999999,0.0,0.1004666445123636,0.398406374501992,0.1088089785034242,0.2007788244808471,-0.0876466816237042,0.5419345331101084,1.05,-0.9250729343537496,0.7198845304752605,-0.6065221581934207,0.005119079130168,0.0308392107263317,-0.0058419452129665,1,15.43000030517578,17.729999542236328,4.116786019461493,6.425000000000001,11.3,real_post_mid,0.6425000000000001,2.6,-554.35,-0.05835263157894737,fold_3,logreg,0.7394366197183099
AVGO,2024-07-31,2024-09-05,1.0,143.92,1406.64,6.18,-89.14,1.2,1.33,0.9,29.0,1.08,1.2,11.07,11.85,1.0,0.0,1.0,0.0,12959600000.0,13787000000.0,12518000000.0,28.0,-400759.2,-357537.73,-14108.27,9504.05,42.99,4.4,27.62,6.2,-0.27,10.32,-26.02,-7.75,-22.15,154.0,137.0,155.0,2024-09-06,4.875,5.675,10.55,6.850649350649352,0.01,17.8,17.810000000000002,136.995,18.004999999999995,1.15631,1.14656,1.151435,0.48316,58.03844767616061,-0.67803,13386.0,3477.0,0.7539635365445094,2.0,11.038961038961038,0,-4.1883116883116855,2024-09-04,566.0,539.5953979492188,0.14658,0.153411,0.156335,0.006831,0.009755,0,0.21975,0.12219,0.09756,0.02439,0.2562422824240521,0.3196397897525427,0.848605577689243,0.175336296288866,0.1547210213330735,-0.0081410213330735,1.1332415904327129,1.21,0.1431354273892079,0.8138952043208416,-0.4528760480029893,-0.0188937232368237,0.0648847222094242,-0.0246252923537718,1,21.31999969482422,22.06999969482422,6.661999694824219,10.55,17.810000000000002,real_post_mid,1.0550000000000002,2.6,-834.1000000000001,-0.05416233766233767,fold_3,logreg,0.7394366197183099
ADBE,2024-08-31,2024-09-12,1.0,535.22,525.31,9.59,11.66,4.11,4.13,4.09,24.0,4.08,4.12,4.53,4.48,0.0,0.0,0.0,1.0,4876070000.0,4901200000.0,4862450000.0,24.0,1365.6,619.68,769.07,651.22,10.24,2.45,10.62,14.58,0.0,14.34,16.07,0.62,1.79,580.0,537.5,580.0,2024-09-13,21.325,22.1,43.425,7.48706896551724,0.03,42.825,42.855,536.87,43.129999999999995,1.2246,1.30265,1.263625,0.26853,78.74923335641509,-0.8585149999999999,596.0,349.0,1.2775630122158652,2.0,7.327586206896552,1,0.1594827586206877,2024-09-11,556.0,542.9937133789062,0.146585,0.1563383333333333,0.1586588095238095,0.0097533333333333,0.0120738095238094,0,0.19048,0.11244,0.07804,0.0048749999999999,0.2562780987986166,0.3196725531586266,0.8366533864541833,0.183276042086137,0.1541524498321675,-0.0075674498321675,1.188927209951432,1.0,-0.856736237940282,1.2813607711802413,-0.2027374003689326,0.00629789550208,0.0396607187703303,-0.0184824843696439,1,17.690000534057617,19.59000015258789,3.0315005340576153,43.425,42.855,real_post_mid,4.3425,2.6,-379.85,-0.006549137931034483,fold_3,logreg,0.7394366197183099
CTAS,2024-08-31,2024-09-25,1.0,793.66,711.64,-73.89,-70.88,0.95,1.03,0.25,16.0,0.95,4.01,4.01,4.01,0.0,0.0,0.0,1.0,2495100000.0,2511300000.0,2484080000.0,14.0,8016.8,7478.24,262.93,377.08,9.87,,9.1,22.29,51.78,15.48,16.56,0.46,1.24,205.0,207.5,205.0,2024-10-18,6.7,6.15,12.85,6.2682926829268295,5.25,2.6,7.85,214.02,9.02000000000001,0.30755,0.30755,0.30755,0.185605,39.65046333929442,-0.0731649999999999,312.0,522.0,0.8633199746888842,24.0,1.2195121951219523,1,5.048780487804877,2024-09-24,571.0,561.2421264648438,0.12219,0.1417,0.14658,0.01951,0.0243899999999999,0,0.1500657142857143,0.10268,0.0473857142857143,0.0041828571428571,0.2058850131146549,0.1598198948762713,0.5737051792828686,0.1256869508523952,0.1376651708423371,-0.0154751708423371,0.9129901926780007,1.18,-0.0407747854581285,0.8335254450200107,-0.6712426668327081,0.0177284182959314,0.0194304381113967,0.0,1,15.390000343322754,18.469999313354492,3.1710003433227545,12.850000000000001,7.85,real_post_mid,1.2850000000000001,2.6,368.90000000000015,0.01799512195121952,fold_3,logreg,0.7394366197183099
MKC,2024-08-31,2024-10-01,1.0,80.03,69.87,5.07,20.35,0.67,0.7,0.66,12.0,0.67,0.67,0.67,0.67,1.0,0.0,2.0,0.0,1667570000.0,1682480000.0,1646220000.0,11.0,-17687.2,-18043.68,330.67,227.47,-0.96,2.53,2.29,15.0,9.52,5.4,6.27,0.61,0.97,80.0,80.0,80.0,2024-10-18,3.4000000000000004,1.275,4.675000000000001,5.843750000000001,2.325,0.55,2.875,80.18,0.1800000000000068,0.26853,0.31731,0.2929199999999999,0.15634,46.62706541035094,-0.0682899999999999,401.0,410.0,0.4804517810599478,18.0,0.0,1,5.843750000000001,2024-09-30,575.0,563.6588134765625,0.12707,0.15146,0.1523472727272727,0.0243899999999999,0.0252772727272727,0,0.16122,0.1043066666666666,0.0569133333333333,0.0056933333333333,0.2941602098344841,0.1917969792139592,0.6653386454183267,0.0479939929194181,0.1363363012426776,-0.0092663012426776,0.352026514449656,1.25,0.2766988508346175,0.8934674023204349,-0.7094656969745842,0.0071797245416533,0.0307511424780388,0.0,1,16.729999542236328,19.219999313354492,4.022999542236327,4.675000000000001,2.875,real_post_mid,0.4675000000000001,2.6,130.65000000000006,0.01633125000000001,fold_4,logreg,0.7142857142857143
LW,2024-08-31,2024-10-01,1.0,61.92,82.68,4.83,-21.49,0.72,0.74,0.66,9.0,0.71,0.72,0.72,1.45,1.0,0.0,1.0,0.0,1555340000.0,1570000000.0,1542670000.0,9.0,1384.8,4445.28,-1382.4,1356.83,16.33,,32.83,-16.08,605.88,-4.53,-8.66,-4.05,-4.49,65.0,67.5,65.0,2024-10-18,3.8,3.9,7.699999999999999,11.846153846153843,2.825,1.05,3.875,78.22,13.22,0.66852,0.66852,0.66852,0.32219,51.80548076347754,-0.25365,6614.0,468.0,0.7655304707097536,18.0,3.8461538461538542,1,7.99999999999999,2024-09-30,575.0,563.6588134765625,0.12707,0.15146,0.1523472727272727,0.0243899999999999,0.0252772727272727,0,0.16122,0.1043066666666666,0.0569133333333333,0.0056933333333333,0.2941602098344841,0.1917969792139592,0.6653386454183267,0.0479939929194181,0.1363363012426776,-0.0092663012426776,0.352026514449656,1.25,0.2766988508346175,0.8934674023204349,-0.7094656969745842,0.0071797245416533,0.0307511424780388,0.0,1,16.729999542236328,19.219999313354492,4.022999542236327,7.699999999999999,3.875,real_post_mid,0.77,2.6,302.8999999999999,0.04659999999999999,fold_4,logreg,0.7142857142857143
ARE,2024-09-30,2024-10-21,0.0,121.25,121.41,-1.43,-1.56,0.88,0.91,0.87,4.0,0.88,0.88,0.88,0.84,0.0,0.0,0.0,0.0,765520000.0,774290000.0,746860000.0,6.0,242.4,-444.0,256.0,199.36,7.22,-0.05,9.04,72.55,-1.12,1.47,17.04,1.31,2.25,120.0,120.0,120.0,2024-11-15,5.0,2.85,7.85,6.541666666666666,2.425,4.05,6.475,105.58,14.420000000000002,0.28804,0.28804,0.28804,0.25877,10.161783085682549,-0.029265,339.0,28.0,0.1067323481116584,28.0,0.0,1,6.541666666666666,2024-10-18,600.0,574.2981567382812,0.12707,0.1312485714285714,0.1319449999999999,0.0041785714285713,0.0048749999999999,0,0.17097,0.12219,0.04878,0.0195099999999999,0.0921350739022552,0.1917969792139592,0.6693227091633466,0.0958807900229148,0.087439418122468,0.0396305818775319,1.0965396623365415,1.26,-0.2144723743509695,0.507356934510485,-1.0146373374692372,0.0086442192888969,0.0269764516779325,0.0,1,18.030000686645508,19.190000534057617,5.323000686645507,7.85,6.475,real_post_mid,0.785,2.6,56.4,0.0047,fold_4,logreg,0.7142857142857143
WRB,2024-09-30,2024-10-21,0.0,57.45,52.21,6.23,16.89,0.92,0.98,0.85,14.0,0.93,0.95,0.95,0.94,1.0,0.0,4.0,1.0,3443780000.0,3470890000.0,3402900000.0,6.0,-5085.6,-5789.6,245.33,170.08,10.62,1.76,9.92,-8.77,-33.33,-6.4,6.67,-1.76,-0.54,59.75,57.5,59.75,2024-11-15,2.575,1.725,4.300000000000001,7.196652719665273,0.7749999999999999,2.6,3.375,60.74,0.990000000000002,0.23926,0.37584,0.30755,0.21975,28.548203544139163,-0.20487,292.0,34.0,0.3187855787476281,28.0,3.765690376569042,1,3.4309623430962315,2024-10-18,600.0,574.2981567382812,0.12707,0.1312485714285714,0.1319449999999999,0.0041785714285713,0.0048749999999999,0,0.17097,0.12219,0.04878,0.0195099999999999,0.0921350739022552,0.1917969792139592,0.6693227091633466,0.0958807900229148,0.087439418122468,0.0396305818775319,1.0965396623365415,1.26,-0.2144723743509695,0.507356934510485,-1.0146373374692372,0.0086442192888969,0.0269764516779325,0.0,1,18.030000686645508,19.190000534057617,5.323000686645507,4.300000000000001,3.375,real_post_mid,0.4300000000000001,2.6,46.90000000000006,0.007849372384937249,fold_4,logreg,0.7142857142857143
IPG,2024-09-30,2024-10-22,0.0,31.11,29.57,-4.28,0.71,0.7,0.72,0.65,9.0,0.7,0.7,0.7,0.7,0.0,0.0,0.0,0.0,2301940000.0,2324120000.0,2285100000.0,6.0,6428.0,6255.2,38.4,71.84,1.63,8.58,0.11,7.02,69.44,4.42,2.41,0.57,0.09,32.0,30.0,32.0,2024-11-15,0.8,1.1,1.9,5.9375,0.125,2.0,2.125,27.09,4.91,0.27829,0.28804,0.283165,0.22463,20.671693182420142,-0.02927,91.0,112.0,0.8718801996672213,25.0,6.25,0,-0.3125,2024-10-21,600.0,573.3550415039062,0.13195,0.136825,0.1319449999999999,0.0048749999999999,-5.000000000032756e-06,1,0.18073,0.13195,0.0487799999999999,0.0243899999999999,0.1842701478045099,0.2237740635516469,0.7410358565737052,0.0780997820209745,0.0874024789789387,0.0445475210210612,0.8935648385876346,1.2,-0.6520389056516837,0.562325017014662,-1.0803796736704707,-0.0011808668941,0.0270654800301761,-0.0016422048779181,1,18.3700008392334,19.239999771118164,5.175000839233398,1.9000000000000001,2.125,real_post_mid,0.19000000000000003,2.6,-44.099999999999994,-0.013781249999999998,fold_4,logreg,0.7142857142857143
IVZ,2024-09-30,2024-10-22,1.0,17.17,16.58,5.07,8.81,0.43,0.47,0.37,15.0,0.43,0.42,0.42,0.43,1.0,0.0,6.0,0.0,1106660000.0,1128580000.0,1083100000.0,9.0,4511.2,4505.44,-33.6,153.6,2.81,0.54,-2.3,38.71,30.3,9.1,1.47,1.14,-0.19,18.0,17.0,18.0,2024-11-15,0.7749999999999999,0.8500000000000001,1.625,9.027777777777777,0.375,1.0,1.375,17.67,0.3299999999999983,0.3856,0.4734,0.4295,0.375845,12.492433061699652,-0.078045,1082.0,2767.0,1.1447839831401476,25.0,5.555555555555558,1,3.4722222222222188,2024-10-21,600.0,573.3550415039062,0.13195,0.136825,0.1319449999999999,0.0048749999999999,-5.000000000032756e-06,1,0.18073,0.13195,0.0487799999999999,0.0243899999999999,0.1842701478045099,0.2237740635516469,0.7410358565737052,0.0780997820209745,0.0874024789789387,0.0445475210210612,0.8935648385876346,1.2,-0.6520389056516837,0.562325017014662,-1.0803796736704707,-0.0011808668941,0.0270654800301761,-0.0016422048779181,1,18.3700008392334,19.239999771118164,5.175000839233398,1.625,1.375,real_post_mid,0.1625,2.6,6.15,0.003416666666666667,fold_4,logreg,0.7142857142857143
GPC,2024-09-30,2024-10-22,0.0,137.02,135.74,-17.45,-16.67,2.42,2.48,2.32,9.0,2.43,2.44,2.44,2.45,0.0,0.0,0.0,1.0,5939470000.0,6016000000.0,5831750000.0,9.0,9196.0,9428.32,-787.2,919.98,0.8,3.09,3.07,0.0,9.91,-9.64,-5.71,0.48,-0.49,145.0,115.0,145.0,2024-11-15,4.4,5.75,10.15,7.000000000000001,0.04,28.9,28.94,122.62,22.379999999999995,0.33682,0.33682,0.33682,0.27341,18.826079211448256,-0.082925,1636.0,675.0,0.9482758620689656,25.0,20.68965517241379,0,-13.68965517241379,2024-10-21,600.0,573.3550415039062,0.13195,0.136825,0.1319449999999999,0.0048749999999999,-5.000000000032756e-06,1,0.18073,0.13195,0.0487799999999999,0.0243899999999999,0.1842701478045099,0.2237740635516469,0.7410358565737052,0.0780997820209745,0.0874024789789387,0.0445475210210612,0.8935648385876346,1.2,-0.6520389056516837,0.562325017014662,-1.0803796736704707,-0.0011808668941,0.0270654800301761,-0.0016422048779181,1,18.3700008392334,19.239999771118164,5.175000839233398,10.15,28.94,real_post_mid,1.0150000000000001,2.6,-1983.1,-0.1367655172413793,fold_4,logreg,0.7142857142857143
CSGP,2024-09-30,2024-10-22,1.0,77.37,76.35,-0.65,0.68,0.16,0.19,0.15,13.0,0.16,0.16,0.16,0.18,0.0,0.0,0.0,0.0,696100000.0,699000000.0,694700000.0,13.0,-60221.6,-60474.4,160.0,67.88,11.87,3.26,12.32,-51.61,50.0,-78.42,-120.35,-1.49,-15.43,75.0,75.0,75.0,2024-11-15,5.1,3.25,8.35,11.133333333333333,1.625,3.55,5.175,71.25,3.75,0.46365,0.56121,0.5124299999999999,0.331945,35.221396093124895,-0.1512199999999999,196.0,1.0,5.109540636042403,25.0,0.0,1,11.133333333333333,2024-10-21,600.0,573.3550415039062,0.13195,0.136825,0.1319449999999999,0.0048749999999999,-5.000000000032756e-06,1,0.18073,0.13195,0.0487799999999999,0.0243899999999999,0.1842701478045099,0.2237740635516469,0.7410358565737052,0.0780997820209745,0.0874024789789387,0.0445475210210612,0.8935648385876346,1.2,-0.6520389056516837,0.562325017014662,-1.0803796736704707,-0.0011808668941,0.0270654800301761,-0.0016422048779181,1,18.3700008392334,19.239999771118164,5.175000839233398,8.35,5.175,real_post_mid,0.835,2.6,231.4,0.030853333333333333,fold_4,logreg,0.7142857142857143
MCO,2024-09-30,2024-10-22,1.0,494.66,433.81,-5.44,7.82,2.86,3.18,2.4,18.0,2.83,2.55,2.52,2.51,5.0,0.0,13.0,0.0,1702630000.0,1785000000.0,1576500000.0,15.0,18880.8,17732.48,852.27,503.41,21.62,1.74,13.23,42.61,-2.67,37.56,41.25,2.82,6.05,490.0,470.0,490.0,2024-11-15,14.3,15.5,29.8,6.081632653061225,4.3,24.9,29.2,473.31,16.689999999999998,0.2978,0.28804,0.29292,0.239265,18.317287996722655,-0.043905,69.0,45.0,5.345864661654136,25.0,4.081632653061229,1,1.9999999999999956,2024-10-21,600.0,573.3550415039062,0.13195,0.136825,0.1319449999999999,0.0048749999999999,-5.000000000032756e-06,1,0.18073,0.13195,0.0487799999999999,0.0243899999999999,0.1842701478045099,0.2237740635516469,0.7410358565737052,0.0780997820209745,0.0874024789789387,0.0445475210210612,0.8935648385876346,1.2,-0.6520389056516837,0.562325017014662,-1.0803796736704707,-0.0011808668941,0.0270654800301761,-0.0016422048779181,1,18.3700008392334,19.239999771118164,5.175000839233398,29.8,29.2,real_post_mid,2.9800000000000004,2.6,-240.59999999999988,-0.004910204081632651,fold_4,logreg,0.7142857142857143
PNR,2024-09-30,2024-10-22,1.0,94.8,83.8,3.71,17.33,1.07,1.09,1.06,16.0,1.07,1.07,1.07,1.07,0.0,0.0,2.0,0.0,988790000.0,1006000000.0,982000000.0,16.0,5639.2,5356.32,126.93,72.92,1.55,8.07,-0.8,18.45,29.79,14.14,18.94,2.92,3.3,100.0,97.5,100.0,2024-11-15,2.375,3.5999999999999996,5.975,5.975,1.125,2.75,3.875,105.92,5.920000000000002,0.28804,0.27829,0.283165,0.2197549999999999,22.39330425723519,-0.02927,1764.0,41.0,2.7083333333333335,25.0,2.500000000000002,1,3.4749999999999974,2024-10-21,600.0,573.3550415039062,0.13195,0.136825,0.1319449999999999,0.0048749999999999,-5.000000000032756e-06,1,0.18073,0.13195,0.0487799999999999,0.0243899999999999,0.1842701478045099,0.2237740635516469,0.7410358565737052,0.0780997820209745,0.0874024789789387,0.0445475210210612,0.8935648385876346,1.2,-0.6520389056516837,0.562325017014662,-1.0803796736704707,-0.0011808668941,0.0270654800301761,-0.0016422048779181,1,18.3700008392334,19.239999771118164,5.175000839233398,5.975,3.875,real_post_mid,0.5975,2.6,147.64999999999995,0.014764999999999995,fold_4,logreg,0.7142857142857143
PCAR,2024-09-30,2024-10-22,1.0,98.91,98.9,5.94,5.96,1.82,1.89,1.77,14.0,1.82,1.82,1.82,1.84,1.0,0.0,4.0,0.0,7649970000.0,8047000000.0,7302530000.0,11.0,-11487.2,-12141.76,97.6,530.57,-1.35,0.42,15.17,-8.58,-6.17,-5.3,-16.3,-2.3,-2.62,110.0,105.0,110.0,2024-11-15,4.75,5.3,10.05,9.136363636363637,0.7,6.35,7.05,112.26,2.260000000000005,0.41487,0.46365,0.43926,0.263655,39.97746209534217,-0.1170749999999999,657.0,453.0,3.487958115183246,25.0,4.545454545454541,1,4.590909090909095,2024-10-21,600.0,573.3550415039062,0.13195,0.136825,0.1319449999999999,0.0048749999999999,-5.000000000032756e-06,1,0.18073,0.13195,0.0487799999999999,0.0243899999999999,0.1842701478045099,0.2237740635516469,0.7410358565737052,0.0780997820209745,0.0874024789789387,0.0445475210210612,0.8935648385876346,1.2,-0.6520389056516837,0.562325017014662,-1.0803796736704707,-0.0011808668941,0.0270654800301761,-0.0016422048779181,1,18.3700008392334,19.239999771118164,5.175000839233398,10.05,7.05,real_post_mid,1.0050000000000001,2.6,196.9000000000001,0.01790000000000001,fold_4,logreg,0.7142857142857143
PKG,2024-09-30,2024-10-22,1.0,212.9,193.28,1.77,12.1,2.5,2.58,2.45,6.0,2.49,2.48,2.48,2.43,1.0,0.0,3.0,0.0,2094470000.0,2124400000.0,2045000000.0,6.0,15354.4,14578.72,320.0,393.83,6.31,4.84,-5.09,-4.76,27.91,-1.15,-2.95,-1.69,-1.27,220.0,230.0,220.0,2024-11-15,6.5,6.6,13.1,5.954545454545455,10.9,2.1,12.999999999999998,235.81,15.810000000000002,0.28804,0.28804,0.28804,0.22463,22.01430356894876,-0.0439,9.0,1.0,2.0,25.0,4.545454545454541,1,1.4090909090909136,2024-10-21,600.0,573.3550415039062,0.13195,0.136825,0.1319449999999999,0.0048749999999999,-5.000000000032756e-06,1,0.18073,0.13195,0.0487799999999999,0.0243899999999999,0.1842701478045099,0.2237740635516469,0.7410358565737052,0.0780997820209745,0.0874024789789387,0.0445475210210612,0.8935648385876346,1.2,-0.6520389056516837,0.562325017014662,-1.0803796736704707,-0.0011808668941,0.0270654800301761,-0.0016422048779181,1,18.3700008392334,19.239999771118164,5.175000839233398,13.1,12.999999999999998,real_post_mid,1.31,2.6,-123.59999999999985,-0.005618181818181811,fold_4,logreg,0.7142857142857143
ROL,2024-09-30,2024-10-23,0.0,50.5,46.73,-1.49,6.46,0.3,0.31,0.29,7.0,0.3,0.3,0.3,0.31,0.0,0.0,0.0,0.0,911150000.0,915900000.0,906000000.0,7.0,-2868.0,-2868.0,-12.8,16.63,8.67,19.19,13.25,17.39,35.0,15.92,17.82,0.81,1.59,50.0,45.0,50.0,2024-11-15,1.5499999999999998,1.925,3.4749999999999996,6.949999999999999,0.175,4.5,4.675,49.91,0.0900000000000034,0.33682,0.34658,0.3417,0.209995,38.54404448346504,-0.063415,190.0,102.0,0.045045045045045,24.0,9.999999999999998,0,-3.049999999999999,2024-10-22,600.0,573.050537109375,0.136825,0.1319449999999999,0.1319449999999999,-0.00488,-0.00488,1,0.18073,0.13195,0.0487799999999999,0.019515,0.2763108210162909,0.2557183844832509,0.7888446215139442,0.0428390099858035,0.08749731154241,0.0493276884575899,0.4896037287390187,1.06,-1.5921159639028604,0.4920121044505344,-1.174754773892288,0.0061057351561024,0.0239614254488473,-0.0021724249229565,1,18.200000762939453,19.170000076293945,4.517500762939452,3.4749999999999996,4.675,real_post_mid,0.3475,2.6,-157.35,-0.03147,fold_4,logreg,0.7142857142857143
TER,2024-09-30,2024-10-23,1.0,129.69,124.33,-4.06,0.08,0.78,0.86,0.72,15.0,0.78,0.78,0.78,0.86,0.0,0.0,0.0,0.0,716400000.0,738890000.0,710000000.0,14.0,9615.2,8976.0,353.6,112.97,6.64,21.68,-10.87,8.86,68.63,45.46,50.36,-0.47,8.38,125.0,110.0,125.0,2024-11-15,8.15,7.4,15.55,12.44,0.75,14.25,15.0,102.58,22.42,0.60999,0.60999,0.60999,0.449015,26.38977688158823,-0.11707,252.0,10.0,0.1606086221470836,24.0,12.0,1,0.4400000000000013,2024-10-22,600.0,573.050537109375,0.136825,0.1319449999999999,0.1319449999999999,-0.00488,-0.00488,1,0.18073,0.13195,0.0487799999999999,0.019515,0.2763108210162909,0.2557183844832509,0.7888446215139442,0.0428390099858035,0.08749731154241,0.0493276884575899,0.4896037287390187,1.06,-1.5921159639028604,0.4920121044505344,-1.174754773892288,0.0061057351561024,0.0239614254488473,-0.0021724249229565,1,18.200000762939453,19.170000076293945,4.517500762939452,15.55,15.0,real_post_mid,1.5550000000000002,2.6,-103.09999999999994,-0.008247999999999995,fold_4,logreg,0.7142857142857143
WAB,2024-09-30,2024-10-23,1.0,179.32,159.13,4.47,17.73,1.9,1.99,1.85,9.0,1.89,1.89,1.89,1.87,1.0,0.0,2.0,0.0,2691690000.0,2737000000.0,2652200000.0,7.0,11711.2,10589.92,657.07,511.68,9.85,5.89,15.45,39.01,3.7,27.66,37.82,3.02,3.3,190.0,190.0,190.0,2024-11-15,5.6,5.6,11.2,5.894736842105263,4.05,4.45,8.5,195.17,5.1699999999999875,0.27829,0.2978,0.288045,0.22951,20.321477546911073,-0.0487799999999999,89.0,18.0,0.4792626728110599,24.0,0.0,1,5.894736842105263,2024-10-22,600.0,573.050537109375,0.136825,0.1319449999999999,0.1319449999999999,-0.00488,-0.00488,1,0.18073,0.13195,0.0487799999999999,0.019515,0.2763108210162909,0.2557183844832509,0.7888446215139442,0.0428390099858035,0.08749731154241,0.0493276884575899,0.4896037287390187,1.06,-1.5921159639028604,0.4920121044505344,-1.174754773892288,0.0061057351561024,0.0239614254488473,-0.0021724249229565,1,18.200000762939453,19.170000076293945,4.517500762939452,11.2,8.5,real_post_mid,1.1199999999999999,2.6,155.39999999999995,0.00817894736842105,fold_4,logreg,0.7142857142857143
TDY,2024-09-30,2024-10-23,1.0,432.74,415.7,8.63,13.08,4.97,4.99,4.93,8.0,4.97,4.97,4.97,5.0,1.0,0.0,1.0,0.0,1416900000.0,1438640000.0,1381240000.0,7.0,42741.6,42031.2,179.2,660.94,-3.55,1.78,1.37,-1.93,0.66,-3.36,-3.55,-0.28,0.0,440.0,470.0,440.0,2024-11-15,14.55,11.6,26.15,5.943181818181819,36.2,1.25,37.45,470.15,30.149999999999977,0.26853,0.30755,0.2880399999999999,0.190485,33.86855992223301,-0.0536549999999999,1.0,1.0,0.4705882352941176,24.0,6.818181818181812,0,-0.8749999999999929,2024-10-22,600.0,573.050537109375,0.136825,0.1319449999999999,0.1319449999999999,-0.00488,-0.00488,1,0.18073,0.13195,0.0487799999999999,0.019515,0.2763108210162909,0.2557183844832509,0.7888446215139442,0.0428390099858035,0.08749731154241,0.0493276884575899,0.4896037287390187,1.06,-1.5921159639028604,0.4920121044505344,-1.174754773892288,0.0061057351561024,0.0239614254488473,-0.0021724249229565,1,18.200000762939453,19.170000076293945,4.517500762939452,26.15,37.45,real_post_mid,2.615,2.6,-1394.1000000000004,-0.03168409090909092,fold_4,logreg,0.7142857142857143
MOH,2024-09-30,2024-10-23,1.0,347.98,324.17,-20.97,-15.17,5.94,6.18,5.7,14.0,5.94,5.98,5.98,5.96,0.0,0.0,0.0,1.0,9920380000.0,10266700000.0,9478130000.0,11.0,21288.8,20091.04,532.27,343.54,18.65,-0.51,10.74,3.72,2.27,-1.03,-2.03,-1.16,-0.93,280.0,320.0,280.0,2024-11-15,18.950000000000003,14.0,32.95,11.767857142857144,46.2,1.25,47.45,294.34,14.339999999999977,0.57096,0.57096,0.57096,0.395355,30.756094997898277,-0.14634,48.0,3.0,0.528476821192053,24.0,14.28571428571428,0,-2.5178571428571352,2024-10-22,600.0,573.050537109375,0.136825,0.1319449999999999,0.1319449999999999,-0.00488,-0.00488,1,0.18073,0.13195,0.0487799999999999,0.019515,0.2763108210162909,0.2557183844832509,0.7888446215139442,0.0428390099858035,0.08749731154241,0.0493276884575899,0.4896037287390187,1.06,-1.5921159639028604,0.4920121044505344,-1.174754773892288,0.0061057351561024,0.0239614254488473,-0.0021724249229565,1,18.200000762939453,19.170000076293945,4.517500762939452,32.95,47.45,real_post_mid,3.2950000000000004,2.6,-1782.1000000000001,-0.06364642857142858,fold_4,logreg,0.7142857142857143
AMP,2024-09-30,2024-10-23,0.0,462.07,441.67,12.64,17.84,8.92,9.32,8.6,12.0,8.89,8.83,8.83,8.89,1.0,0.0,5.0,2.0,4307940000.0,4489000000.0,4231450000.0,7.0,14671.2,15013.6,-672.0,1329.32,8.88,1.78,9.72,14.65,1.67,-7.57,-6.74,0.0,-4.17,520.0,500.0,520.0,2024-11-15,15.2,15.5,30.7,5.903846153846154,6.1,20.65,26.75,562.44,42.440000000000055,0.27829,0.30755,0.2929199999999999,0.24414,16.653011061040544,-0.0536549999999999,102.0,2.0,3.0,24.0,3.846153846153843,1,2.0576923076923106,2024-10-22,600.0,573.050537109375,0.136825,0.1319449999999999,0.1319449999999999,-0.00488,-0.00488,1,0.18073,0.13195,0.0487799999999999,0.019515,0.2763108210162909,0.2557183844832509,0.7888446215139442,0.0428390099858035,0.08749731154241,0.0493276884575899,0.4896037287390187,1.06,-1.5921159639028604,0.4920121044505344,-1.174754773892288,0.0061057351561024,0.0239614254488473,-0.0021724249229565,1,18.200000762939453,19.170000076293945,4.517500762939452,30.7,26.75,real_post_mid,3.0700000000000003,2.6,85.3999999999999,0.0016423076923076905,fold_4,logreg,0.7142857142857143
AVY,2024-09-30,2024-10-23,1.0,215.69,209.1,-3.73,-0.69,2.32,2.36,2.29,9.0,2.33,2.32,2.32,2.32,0.0,0.0,1.0,1.0,2200420000.0,2211150000.0,2191000000.0,8.0,9468.0,8538.72,396.8,280.05,6.93,3.9,-4.27,26.04,5.68,40.67,23.52,3.18,1.74,210.0,210.0,210.0,2024-11-15,8.05,4.949999999999999,13.0,6.190476190476191,2.625,6.9,9.525,197.73,12.27000000000001,0.2978,0.2978,0.2978,0.2148749999999999,27.845869711215588,-0.048785,51.0,8.0,0.9263157894736842,24.0,0.0,1,6.190476190476191,2024-10-22,600.0,573.050537109375,0.136825,0.1319449999999999,0.1319449999999999,-0.00488,-0.00488,1,0.18073,0.13195,0.0487799999999999,0.019515,0.2763108210162909,0.2557183844832509,0.7888446215139442,0.0428390099858035,0.08749731154241,0.0493276884575899,0.4896037287390187,1.06,-1.5921159639028604,0.4920121044505344,-1.174754773892288,0.0061057351561024,0.0239614254488473,-0.0021724249229565,1,18.200000762939453,19.170000076293945,4.517500762939452,13.0,9.525,real_post_mid,1.3,2.6,214.89999999999998,0.010233333333333332,fold_4,logreg,0.7142857142857143
CBRE,2024-09-30,2024-10-24,1.0,123.36,110.55,8.22,20.76,1.06,1.11,1.01,9.0,1.05,1.06,1.17,1.2,1.0,0.0,2.0,0.0,8796120000.0,9195000000.0,8447640000.0,6.0,14882.4,14133.6,371.2,210.98,8.69,5.75,4.96,-1.22,3.85,-9.76,-19.61,-0.92,-1.03,125.0,135.0,125.0,2024-11-15,3.5,5.0,8.5,6.800000000000001,9.05,0.875,9.925,130.23,5.22999999999999,0.33682,0.33682,0.33682,0.25877,23.172614452823467,-0.0438999999999999,245.0,32.0,1.0419161676646709,23.0,8.000000000000007,0,-1.2000000000000064,2024-10-23,595.0,567.8143920898438,0.1417,0.136825,0.1382192857142857,-0.0048749999999999,-0.0034807142857142,1,0.19048,0.1417,0.04878,0.02439,0.3683514942280719,0.287662705414855,0.8087649402390438,0.0756964190949694,0.0941789284329969,0.047521071567003,0.8037511187953609,0.97,-1.9136062937420149,1.7362974115286185,1.8022453233950777,-0.0074016987886722,0.0117102143889258,-0.0112898928411366,1,19.239999771118164,20.040000915527344,5.069999771118164,8.5,9.925,real_post_mid,0.8500000000000001,2.6,-230.10000000000008,-0.018408000000000008,fold_4,logreg,0.7142857142857143
CINF,2024-09-30,2024-10-24,0.0,136.19,123.96,1.51,11.52,1.46,1.66,1.24,9.0,1.46,1.4,1.36,1.39,1.0,0.0,3.0,2.0,2526180000.0,2550000000.0,2509000000.0,5.0,19432.8,17908.32,332.8,606.32,-2.34,-13.32,34.98,6.61,-25.0,-38.01,-41.09,0.0,-10.35,140.0,140.0,140.0,2024-11-15,3.95,4.55,8.5,6.071428571428571,3.95,2.375,6.324999999999999,151.78,11.78,0.30755,0.2978,0.302675,0.22951,24.172792599322715,-0.05366,1085.0,3.0,0.0377358490566037,23.0,0.0,1,6.071428571428571,2024-10-23,595.0,567.8143920898438,0.1417,0.136825,0.1382192857142857,-0.0048749999999999,-0.0034807142857142,1,0.19048,0.1417,0.04878,0.02439,0.3683514942280719,0.287662705414855,0.8087649402390438,0.0756964190949694,0.0941789284329969,0.047521071567003,0.8037511187953609,0.97,-1.9136062937420149,1.7362974115286185,1.8022453233950777,-0.0074016987886722,0.0117102143889258,-0.0112898928411366,1,19.239999771118164,20.040000915527344,5.069999771118164,8.5,6.324999999999999,real_post_mid,0.8500000000000001,2.6,129.90000000000006,0.009278571428571433,fold_4,logreg,0.7142857142857143
DECK,2024-09-30,2024-10-24,1.0,154.4,894.7,-1.53,-83.01,1.24,1.36,1.13,19.0,1.23,1.21,7.25,7.27,4.0,0.0,10.0,1.0,1204080000.0,1223370000.0,1166930000.0,19.0,-135530.4,-110762.08,-13627.2,21568.22,22.13,-47.1,18.74,87.55,191.5,76.56,87.75,5.69,5.62,151.67,168.33,152.5,2024-10-25,6.0,7.449999999999999,13.45,8.867936968418277,16.25,0.03,16.28,168.11,15.610000000000014,1.49777,1.48801,1.49289,0.35633,76.13153011943278,-0.90242,14.0,76.0,3.638154948499776,2.0,10.984373969802874,0,-2.116437001384597,2024-10-23,595.0,567.8143920898438,0.1417,0.136825,0.1382192857142857,-0.0048749999999999,-0.0034807142857142,1,0.19048,0.1417,0.04878,0.02439,0.3683514942280719,0.287662705414855,0.8087649402390438,0.0756964190949694,0.0941789284329969,0.047521071567003,0.8037511187953609,0.97,-1.9136062937420149,1.7362974115286185,1.8022453233950777,-0.0074016987886722,0.0117102143889258,-0.0112898928411366,1,19.239999771118164,20.040000915527344,5.069999771118164,13.45,16.28,real_post_mid,1.345,2.6,-420.1000000000002,-0.027698292345223197,fold_4,logreg,0.7142857142857143
LH,2024-09-30,2024-10-24,1.0,220.6,210.9,4.29,9.09,3.48,3.65,3.31,15.0,3.49,3.53,3.53,3.74,0.0,0.0,1.0,1.0,3259980000.0,3320340000.0,3207000000.0,13.0,42362.4,41546.4,344.53,208.48,6.17,1.39,3.91,3.68,7.07,14.83,10.7,1.0,0.37,220.0,230.0,220.0,2024-11-15,7.949999999999999,7.800000000000001,15.75,7.159090909090909,11.3,2.0,13.3,235.21,15.210000000000008,0.34658,0.36609,0.356335,0.22951,35.591507991075815,-0.06829,1182.0,411.0,0.9584775086505192,23.0,4.545454545454541,1,2.613636363636368,2024-10-23,595.0,567.8143920898438,0.1417,0.136825,0.1382192857142857,-0.0048749999999999,-0.0034807142857142,1,0.19048,0.1417,0.04878,0.02439,0.3683514942280719,0.287662705414855,0.8087649402390438,0.0756964190949694,0.0941789284329969,0.047521071567003,0.8037511187953609,0.97,-1.9136062937420149,1.7362974115286185,1.8022453233950777,-0.0074016987886722,0.0117102143889258,-0.0112898928411366,1,19.239999771118164,20.040000915527344,5.069999771118164,15.75,13.3,real_post_mid,1.5750000000000002,2.6,84.89999999999992,0.0038590909090909053,fold_4,logreg,0.7142857142857143
CARR,2024-09-30,2024-10-24,0.0,80.41,66.77,-9.34,9.18,0.82,0.92,0.75,19.0,0.82,0.82,0.82,0.88,1.0,0.0,4.0,1.0,6451220000.0,6704800000.0,5901890000.0,17.0,4319.2,4018.4,81.6,154.69,-0.97,9.48,12.89,10.13,40.32,31.39,48.06,-4.4,4.04,80.0,75.0,80.0,2024-11-15,2.975,3.0250000000000004,6.0,7.5,0.325,6.85,7.175,74.53,5.469999999999999,0.35633,0.39536,0.375845,0.27829,25.956178743897084,-0.0390249999999999,386.0,119.0,1.098694942903752,23.0,6.25,1,1.25,2024-10-23,595.0,567.8143920898438,0.1417,0.136825,0.1382192857142857,-0.0048749999999999,-0.0034807142857142,1,0.19048,0.1417,0.04878,0.02439,0.3683514942280719,0.287662705414855,0.8087649402390438,0.0756964190949694,0.0941789284329969,0.047521071567003,0.8037511187953609,0.97,-1.9136062937420149,1.7362974115286185,1.8022453233950777,-0.0074016987886722,0.0117102143889258,-0.0112898928411366,1,19.239999771118164,20.040000915527344,5.069999771118164,6.0,7.175,real_post_mid,0.6000000000000001,2.6,-180.1,-0.022512499999999998,fold_4,logreg,0.7142857142857143
HAS,2024-09-30,2024-10-24,1.0,71.95,63.85,-8.13,3.52,1.28,1.45,1.06,12.0,1.29,1.26,1.2,1.3,0.0,0.0,2.0,1.0,1295330000.0,1332270000.0,1264370000.0,10.0,8285.6,6615.2,1312.0,965.95,-17.74,31.43,-15.23,148.98,100.0,4139.39,212.46,9.58,36.9,70.0,67.5,70.0,2024-11-15,3.325,3.975,7.300000000000001,10.42857142857143,0.575,3.95,4.5249999999999995,62.21,7.789999999999999,0.43438,0.60999,0.522185,0.312435,40.16775663797313,-0.1658549999999999,563.0,187.0,1.2030316949931097,23.0,3.57142857142857,1,6.857142857142861,2024-10-23,595.0,567.8143920898438,0.1417,0.136825,0.1382192857142857,-0.0048749999999999,-0.0034807142857142,1,0.19048,0.1417,0.04878,0.02439,0.3683514942280719,0.287662705414855,0.8087649402390438,0.0756964190949694,0.0941789284329969,0.047521071567003,0.8037511187953609,0.97,-1.9136062937420149,1.7362974115286185,1.8022453233950777,-0.0074016987886722,0.0117102143889258,-0.0112898928411366,1,19.239999771118164,20.040000915527344,5.069999771118164,7.300000000000001,4.5249999999999995,real_post_mid,0.7300000000000001,2.6,201.90000000000012,0.02884285714285716,fold_4,logreg,1.0
HIG,2024-09-30,2024-10-24,0.0,116.47,109.63,3.43,9.88,2.54,2.86,2.26,19.0,2.54,2.52,2.51,2.53,1.0,0.0,8.0,1.0,6689800000.0,6723020000.0,6674350000.0,4.0,17991.2,16889.6,126.93,769.09,7.44,1.09,10.07,32.98,6.84,21.35,35.71,3.01,2.94,120.0,115.0,120.0,2024-11-15,3.35,3.075,6.425000000000001,5.354166666666668,0.35,7.75,8.1,117.95,2.049999999999997,0.26853,0.26853,0.26853,0.22951,14.53096488288087,-0.0390249999999999,168.0,6.0,9.97584541062802,23.0,4.1666666666666625,1,1.187500000000005,2024-10-23,595.0,567.8143920898438,0.1417,0.136825,0.1382192857142857,-0.0048749999999999,-0.0034807142857142,1,0.19048,0.1417,0.04878,0.02439,0.3683514942280719,0.287662705414855,0.8087649402390438,0.0756964190949694,0.0941789284329969,0.047521071567003,0.8037511187953609,0.97,-1.9136062937420149,1.7362974115286185,1.8022453233950777,-0.0074016987886722,0.0117102143889258,-0.0112898928411366,1,19.239999771118164,20.040000915527344,5.069999771118164,6.425000000000001,8.1,real_post_mid,0.6425000000000001,2.6,-234.34999999999988,-0.019529166666666656,fold_4,logreg,0.7142857142857143
KDP,2024-09-30,2024-10-24,0.0,37.83,33.74,-7.64,3.56,0.51,0.51,0.5,15.0,0.51,0.51,0.51,0.52,1.0,0.0,2.0,0.0,3926270000.0,3963000000.0,3883600000.0,12.0,8320.8,8252.8,27.2,33.31,3.51,13.09,4.79,7.14,18.42,12.6,11.96,1.51,1.65,37.0,35.0,37.0,2024-11-15,0.8,1.0,1.8,4.864864864864865,0.1,2.425,2.525,31.66,5.34,0.23926,0.24902,0.24414,0.19048,21.9791922667322,-0.0487799999999999,708.0,231.0,0.2438936781609195,23.0,5.405405405405405,0,-0.5405405405405403,2024-10-23,595.0,567.8143920898438,0.1417,0.136825,0.1382192857142857,-0.0048749999999999,-0.0034807142857142,1,0.19048,0.1417,0.04878,0.02439,0.3683514942280719,0.287662705414855,0.8087649402390438,0.0756964190949694,0.0941789284329969,0.047521071567003,0.8037511187953609,0.97,-1.9136062937420149,1.7362974115286185,1.8022453233950777,-0.0074016987886722,0.0117102143889258,-0.0112898928411366,1,19.239999771118164,20.040000915527344,5.069999771118164,1.8,2.525,real_post_mid,0.18000000000000002,2.6,-93.09999999999998,-0.025162162162162157,fold_4,logreg,0.7142857142857143
EW,2024-09-30,2024-10-24,1.0,66.33,62.37,6.06,12.79,0.64,0.7,0.54,26.0,0.64,0.65,0.68,0.68,0.0,0.0,1.0,1.0,1521020000.0,1619300000.0,1340860000.0,23.0,-12074.4,-12125.92,44.8,25.04,6.98,4.21,5.37,6.06,6.06,36.95,-1.59,-0.59,-2.29,70.0,70.0,70.0,2024-11-15,4.199999999999999,3.3499999999999996,7.549999999999999,10.785714285714285,2.05,2.575,4.625,67.76,2.239999999999995,0.54169,0.53194,0.536815,0.3465749999999999,35.43865204958879,-0.131705,15600.0,1559.0,0.4754660381401328,23.0,0.0,1,10.785714285714285,2024-10-23,595.0,567.8143920898438,0.1417,0.136825,0.1382192857142857,-0.0048749999999999,-0.0034807142857142,1,0.19048,0.1417,0.04878,0.02439,0.3683514942280719,0.287662705414855,0.8087649402390438,0.0756964190949694,0.0941789284329969,0.047521071567003,0.8037511187953609,0.97,-1.9136062937420149,1.7362974115286185,1.8022453233950777,-0.0074016987886722,0.0117102143889258,-0.0112898928411366,1,19.239999771118164,20.040000915527344,5.069999771118164,7.549999999999999,4.625,real_post_mid,0.7549999999999999,2.6,214.39999999999992,0.030628571428571418,fold_4,logreg,0.7142857142857143
ALLE,2024-09-30,2024-10-24,1.0,143.84,136.77,0.99,6.21,1.98,2.01,1.96,8.0,1.98,1.98,1.98,1.97,0.0,0.0,2.0,0.0,970890000.0,987220000.0,958910000.0,8.0,11357.6,10558.88,512.0,148.95,5.82,8.02,6.76,11.36,26.45,14.71,13.22,0.32,1.41,150.0,145.0,150.0,2024-11-15,5.35,3.65,9.0,6.0,1.5,7.55,9.05,139.76,10.240000000000007,0.30755,0.28804,0.297795,0.253895,14.741684715995918,-0.05853,3.0,6.0,0.0909090909090909,23.0,3.3333333333333326,1,2.6666666666666674,2024-10-23,595.0,567.8143920898438,0.1417,0.136825,0.1382192857142857,-0.0048749999999999,-0.0034807142857142,1,0.19048,0.1417,0.04878,0.02439,0.3683514942280719,0.287662705414855,0.8087649402390438,0.0756964190949694,0.0941789284329969,0.047521071567003,0.8037511187953609,0.97,-1.9136062937420149,1.7362974115286185,1.8022453233950777,-0.0074016987886722,0.0117102143889258,-0.0112898928411366,1,19.239999771118164,20.040000915527344,5.069999771118164,9.0,9.05,real_post_mid,0.9,2.6,-97.60000000000007,-0.006506666666666671,fold_4,logreg,0.7142857142857143
DOC,2024-09-30,2024-10-24,0.0,22.77,21.9,1.01,5.02,0.07,0.15,0.03,8.0,0.07,0.06,0.06,0.12,0.0,0.0,1.0,1.0,680250000.0,694440000.0,658560000.0,10.0,2108.0,1854.56,51.2,257.6,27.51,14.66,10.58,320.0,2000.0,70.55,11.37,1.3,-2.32,22.5,22.5,22.5,2024-11-15,0.8,0.375,1.175,5.222222222222222,0.35,0.75,1.1,20.86,1.6400000000000006,0.15146,0.2978,0.22463,0.258775,-15.200552018875475,-0.0097599999999999,385.0,45.0,0.0974025974025974,23.0,0.0,1,5.222222222222222,2024-10-23,595.0,567.8143920898438,0.1417,0.136825,0.1382192857142857,-0.0048749999999999,-0.0034807142857142,1,0.19048,0.1417,0.04878,0.02439,0.3683514942280719,0.287662705414855,0.8087649402390438,0.0756964190949694,0.0941789284329969,0.047521071567003,0.8037511187953609,0.97,-1.9136062937420149,1.7362974115286185,1.8022453233950777,-0.0074016987886722,0.0117102143889258,-0.0112898928411366,1,19.239999771118164,20.040000915527344,5.069999771118164,1.175,1.1,real_post_mid,0.11750000000000001,2.6,-6.850000000000005,-0.003044444444444447,fold_4,logreg,0.7142857142857143
WST,2024-09-30,2024-10-24,1.0,309.71,284.76,6.76,16.12,1.5,1.57,1.46,9.0,1.5,1.5,1.5,1.99,0.0,0.0,0.0,0.0,709620000.0,714100000.0,704000000.0,9.0,20940.0,20817.12,550.4,871.01,-6.92,0.96,1.07,-27.96,-2.56,-23.69,-30.17,-5.79,-6.2,290.0,310.0,290.0,2024-11-15,15.85,17.85,33.7,11.620689655172416,20.85,2.775,23.625,314.49,24.49000000000001,0.60023,0.57096,0.5855950000000001,0.2978,49.14574065693868,-0.1512150000000001,309.0,46.0,0.5510204081632653,23.0,6.896551724137923,1,4.724137931034492,2024-10-23,595.0,567.8143920898438,0.1417,0.136825,0.1382192857142857,-0.0048749999999999,-0.0034807142857142,1,0.19048,0.1417,0.04878,0.02439,0.3683514942280719,0.287662705414855,0.8087649402390438,0.0756964190949694,0.0941789284329969,0.047521071567003,0.8037511187953609,0.97,-1.9136062937420149,1.7362974115286185,1.8022453233950777,-0.0074016987886722,0.0117102143889258,-0.0112898928411366,1,19.239999771118164,20.040000915527344,5.069999771118164,33.7,23.625,real_post_mid,3.3700000000000006,2.6,667.9000000000002,0.023031034482758627,fold_4,logreg,0.7142857142857143
AJG,2024-09-30,2024-10-24,0.0,279.33,283.58,2.94,1.4,2.27,2.36,2.23,18.0,2.27,2.29,2.32,2.32,0.0,0.0,0.0,1.0,2777300000.0,2824000000.0,2734280000.0,6.0,5684.0,5482.72,81.6,94.96,13.66,-14.78,18.12,18.95,-35.24,21.89,24.47,-0.49,1.5,290.0,280.0,290.0,2024-11-15,7.25,7.4,14.65,5.051724137931035,3.75,9.75,13.5,294.58,4.579999999999984,0.24902,0.24902,0.24902,0.24414,1.9596819532567649,-0.01951,204.0,6.0,1.565217391304348,23.0,3.4482758620689613,1,1.6034482758620734,2024-10-23,595.0,567.8143920898438,0.1417,0.136825,0.1382192857142857,-0.0048749999999999,-0.0034807142857142,1,0.19048,0.1417,0.04878,0.02439,0.3683514942280719,0.287662705414855,0.8087649402390438,0.0756964190949694,0.0941789284329969,0.047521071567003,0.8037511187953609,0.97,-1.9136062937420149,1.7362974115286185,1.8022453233950777,-0.0074016987886722,0.0117102143889258,-0.0112898928411366,1,19.239999771118164,20.040000915527344,5.069999771118164,14.65,13.5,real_post_mid,1.465,2.6,-34.09999999999997,-0.0011758620689655164,fold_4,logreg,0.7142857142857143
MHK,2024-09-30,2024-10-24,1.0,157.08,160.71,-3.32,-5.5,2.89,2.97,2.76,16.0,2.88,2.88,2.88,2.71,2.0,0.0,3.0,2.0,2700240000.0,2774540000.0,2631900000.0,16.0,17428.0,16364.48,398.93,243.66,-5.06,4.55,-5.04,8.7,61.29,24.85,39.78,1.03,2.45,150.0,130.0,150.0,2024-11-15,8.4,6.2,14.6,9.733333333333334,0.65,18.75,19.4,140.33,9.669999999999987,0.48316,0.48316,0.48316,0.37584,22.21210365096448,-0.0877999999999999,64.0,1.0,2.4776119402985075,23.0,13.33333333333333,0,-3.599999999999996,2024-10-23,595.0,567.8143920898438,0.1417,0.136825,0.1382192857142857,-0.0048749999999999,-0.0034807142857142,1,0.19048,0.1417,0.04878,0.02439,0.3683514942280719,0.287662705414855,0.8087649402390438,0.0756964190949694,0.0941789284329969,0.047521071567003,0.8037511187953609,0.97,-1.9136062937420149,1.7362974115286185,1.8022453233950777,-0.0074016987886722,0.0117102143889258,-0.0112898928411366,1,19.239999771118164,20.040000915527344,5.069999771118164,14.600000000000001,19.4,real_post_mid,1.4600000000000002,2.6,-628.5999999999997,-0.04190666666666665,fold_4,logreg,0.7142857142857143
NDAQ,2024-09-30,2024-10-24,1.0,73.67,66.96,2.13,12.37,0.69,0.73,0.67,15.0,0.69,0.68,0.68,0.69,2.0,0.0,10.0,1.0,1169360000.0,1189000000.0,1155000000.0,13.0,-40176.8,-40286.88,77.33,89.63,25.05,7.05,2.16,-2.82,9.52,36.01,10.73,-0.28,-3.06,75.0,75.0,75.0,2024-11-15,1.7000000000000002,2.575,4.275,5.7,1.25,1.65,2.9,78.76,3.760000000000005,0.27829,0.28804,0.283165,0.20024,29.285045821340915,-0.068295,472.0,168.0,0.6839622641509434,23.0,0.0,1,5.7,2024-10-23,595.0,567.8143920898438,0.1417,0.136825,0.1382192857142857,-0.0048749999999999,-0.0034807142857142,1,0.19048,0.1417,0.04878,0.02439,0.3683514942280719,0.287662705414855,0.8087649402390438,0.0756964190949694,0.0941789284329969,0.047521071567003,0.8037511187953609,0.97,-1.9136062937420149,1.7362974115286185,1.8022453233950777,-0.0074016987886722,0.0117102143889258,-0.0112898928411366,1,19.239999771118164,20.040000915527344,5.069999771118164,4.275,2.9,real_post_mid,0.42750000000000005,2.6,92.15000000000005,0.012286666666666673,fold_4,logreg,0.7142857142857143
PFG,2024-09-30,2024-10-24,0.0,85.29,81.53,5.11,9.96,2.02,2.08,1.9,14.0,2.02,1.98,1.98,1.97,0.0,0.0,9.0,0.0,3980190000.0,4077200000.0,3928540000.0,4.0,11125.6,11717.6,-586.67,507.48,21.18,6.35,-6.69,6.54,-1.21,-2.14,-2.14,-7.13,-2.45,90.0,85.0,90.0,2024-11-15,2.375,2.575,4.95,5.5,0.275,6.7,6.9750000000000005,86.56,3.4399999999999977,0.26853,0.27829,0.27341,0.26365,3.5697304414615383,-0.0390249999999999,62.0,2.0,0.7938931297709924,23.0,5.555555555555558,0,-0.055555555555558,2024-10-23,595.0,567.8143920898438,0.1417,0.136825,0.1382192857142857,-0.0048749999999999,-0.0034807142857142,1,0.19048,0.1417,0.04878,0.02439,0.3683514942280719,0.287662705414855,0.8087649402390438,0.0756964190949694,0.0941789284329969,0.047521071567003,0.8037511187953609,0.97,-1.9136062937420149,1.7362974115286185,1.8022453233950777,-0.0074016987886722,0.0117102143889258,-0.0112898928411366,1,19.239999771118164,20.040000915527344,5.069999771118164,4.95,6.9750000000000005,real_post_mid,0.49500000000000005,2.6,-254.60000000000005,-0.028288888888888895,fold_4,logreg,0.7142857142857143
POOL,2024-09-30,2024-10-24,1.0,371.91,371.82,1.46,1.48,3.14,3.25,2.92,9.0,3.17,3.17,3.17,3.15,0.0,0.0,2.0,2.0,1402970000.0,1430200000.0,1356450000.0,11.0,29951.2,29241.44,420.27,85.19,-4.72,57.9,-8.77,-15.57,144.61,-16.11,-16.98,-0.61,-2.27,350.0,370.0,350.0,2024-11-15,15.3,15.5,30.8,8.8,20.85,5.0,25.85,359.42,9.420000000000016,0.41487,0.46365,0.43926,0.32219,26.65164139689478,-0.068295,1.0,2.0,13.590909090909092,23.0,5.714285714285716,1,3.0857142857142845,2024-10-23,595.0,567.8143920898438,0.1417,0.136825,0.1382192857142857,-0.0048749999999999,-0.0034807142857142,1,0.19048,0.1417,0.04878,0.02439,0.3683514942280719,0.287662705414855,0.8087649402390438,0.0756964190949694,0.0941789284329969,0.047521071567003,0.8037511187953609,0.97,-1.9136062937420149,1.7362974115286185,1.8022453233950777,-0.0074016987886722,0.0117102143889258,-0.0112898928411366,1,19.239999771118164,20.040000915527344,5.069999771118164,30.8,25.85,real_post_mid,3.08,2.6,184.39999999999992,0.005268571428571426,fold_4,logreg,0.7142857142857143
DTE,2024-09-30,2024-10-24,1.0,125.29,118.19,3.58,9.8,1.88,2.1,1.77,14.0,1.83,1.77,1.78,1.83,5.0,0.0,7.0,1.0,2982140000.0,3330530000.0,2521440000.0,5.0,9085.6,8604.32,522.67,509.11,7.12,-11.27,-29.71,44.44,-14.37,21.66,26.45,2.72,2.67,130.0,125.0,130.0,2024-11-15,2.45,2.6,5.050000000000001,3.884615384615385,1.125,4.3,5.425,120.09,9.909999999999997,0.17097,0.21,0.190485,0.21,-10.244901173320722,0.0146299999999999,515.0,27.0,2.3981481481481484,23.0,3.846153846153843,1,0.0384615384615414,2024-10-23,595.0,567.8143920898438,0.1417,0.136825,0.1382192857142857,-0.0048749999999999,-0.0034807142857142,1,0.19048,0.1417,0.04878,0.02439,0.3683514942280719,0.287662705414855,0.8087649402390438,0.0756964190949694,0.0941789284329969,0.047521071567003,0.8037511187953609,0.97,-1.9136062937420149,1.7362974115286185,1.8022453233950777,-0.0074016987886722,0.0117102143889258,-0.0112898928411366,1,19.239999771118164,20.040000915527344,5.069999771118164,5.050000000000001,5.425,real_post_mid,0.5050000000000001,2.6,-90.59999999999992,-0.006969230769230763,fold_4,logreg,0.7142857142857143
RMD,2024-09-30,2024-10-24,1.0,247.15,197.04,-3.28,21.32,2.04,2.12,1.99,8.0,2.04,2.03,2.05,2.0,0.0,0.0,1.0,0.0,1180210000.0,1253980000.0,1148500000.0,12.0,-823.2,-363.04,-147.2,1010.92,7.17,2.94,11.86,26.79,70.4,21.44,24.58,1.63,4.37,240.0,260.0,240.0,2024-11-15,11.35,13.9,25.25,10.520833333333334,19.0,2.2,21.2,234.74,5.259999999999991,0.51243,0.54169,0.5270600000000001,0.297795,43.498842636511974,-0.126825,245.0,22.0,0.2426614481409001,23.0,8.333333333333325,1,2.187500000000009,2024-10-23,595.0,567.8143920898438,0.1417,0.136825,0.1382192857142857,-0.0048749999999999,-0.0034807142857142,1,0.19048,0.1417,0.04878,0.02439,0.3683514942280719,0.287662705414855,0.8087649402390438,0.0756964190949694,0.0941789284329969,0.047521071567003,0.8037511187953609,0.97,-1.9136062937420149,1.7362974115286185,1.8022453233950777,-0.0074016987886722,0.0117102143889258,-0.0112898928411366,1,19.239999771118164,20.040000915527344,5.069999771118164,25.25,21.2,real_post_mid,2.5250000000000004,2.6,149.90000000000003,0.006245833333333335,fold_4,logreg,0.7142857142857143
LKQ,2024-09-30,2024-10-24,0.0,40.17,40.18,-6.22,-6.25,0.89,0.94,0.8,7.0,0.89,0.89,0.92,1.07,0.0,0.0,0.0,1.0,3634530000.0,3901300000.0,3556170000.0,6.0,7128.8,7548.64,-243.2,272.49,7.63,0.22,9.49,-10.09,19.51,-15.46,-19.16,-2.18,-2.93,37.5,37.5,37.5,2024-11-15,1.775,1.4500000000000002,3.225,8.600000000000001,1.125,1.15,2.275,38.2,0.7000000000000028,0.41487,0.43438,0.424625,0.31731,25.272887842213727,-0.0975599999999999,429.0,40.0,0.9016966067864272,23.0,0.0,1,8.600000000000001,2024-10-23,595.0,567.8143920898438,0.1417,0.136825,0.1382192857142857,-0.0048749999999999,-0.0034807142857142,1,0.19048,0.1417,0.04878,0.02439,0.3683514942280719,0.287662705414855,0.8087649402390438,0.0756964190949694,0.0941789284329969,0.047521071567003,0.8037511187953609,0.97,-1.9136062937420149,1.7362974115286185,1.8022453233950777,-0.0074016987886722,0.0117102143889258,-0.0112898928411366,1,19.239999771118164,20.040000915527344,5.069999771118164,3.225,2.275,real_post_mid,0.3225,2.6,60.15000000000001,0.016040000000000002,fold_4,logreg,0.7142857142857143
VRSN,2024-09-30,2024-10-24,1.0,183.88,184.1,0.67,0.55,2.01,2.03,1.99,2.0,2.01,2.01,2.01,1.99,0.0,0.0,0.0,0.0,390170000.0,390240000.0,390100000.0,2.0,10476.0,9813.6,320.0,41.57,4.06,0.73,4.87,12.29,4.69,5.24,7.04,1.35,1.92,185.0,180.0,185.0,2024-11-15,7.3,6.1,13.4,7.243243243243243,3.3,6.6,9.9,180.88,4.1200000000000045,0.35633,0.36609,0.36121,0.283165,21.60654466930595,-0.05366,1083.0,5.0,0.9833333333333332,23.0,2.7027027027026973,1,4.540540540540546,2024-10-23,595.0,567.8143920898438,0.1417,0.136825,0.1382192857142857,-0.0048749999999999,-0.0034807142857142,1,0.19048,0.1417,0.04878,0.02439,0.3683514942280719,0.287662705414855,0.8087649402390438,0.0756964190949694,0.0941789284329969,0.047521071567003,0.8037511187953609,0.97,-1.9136062937420149,1.7362974115286185,1.8022453233950777,-0.0074016987886722,0.0117102143889258,-0.0112898928411366,1,19.239999771118164,20.040000915527344,5.069999771118164,13.399999999999999,9.9,real_post_mid,1.3399999999999999,2.6,213.39999999999984,0.011535135135135125,fold_4,logreg,0.7142857142857143
TXT,2024-09-30,2024-10-24,0.0,86.68,92.06,-5.99,-11.48,1.49,1.61,1.33,14.0,1.49,1.58,1.59,1.57,0.0,0.0,0.0,1.0,3505070000.0,3669000000.0,3310000000.0,12.0,16552.8,16144.48,46.93,217.73,8.56,13.23,4.03,5.48,28.33,14.25,22.98,0.61,0.99,87.5,82.5,87.5,2024-11-15,2.8,3.1,5.9,6.742857142857144,0.5,5.55,6.05,84.91,2.5900000000000034,0.34658,0.33682,0.3417,0.26853,21.413520632133455,-0.06341,97.0,94.0,1.3507588532883643,23.0,5.714285714285716,1,1.0285714285714276,2024-10-23,595.0,567.8143920898438,0.1417,0.136825,0.1382192857142857,-0.0048749999999999,-0.0034807142857142,1,0.19048,0.1417,0.04878,0.02439,0.3683514942280719,0.287662705414855,0.8087649402390438,0.0756964190949694,0.0941789284329969,0.047521071567003,0.8037511187953609,0.97,-1.9136062937420149,1.7362974115286185,1.8022453233950777,-0.0074016987886722,0.0117102143889258,-0.0112898928411366,1,19.239999771118164,20.040000915527344,5.069999771118164,5.9,6.05,real_post_mid,0.5900000000000001,2.6,-76.59999999999995,-0.00875428571428571,fold_4,logreg,0.7142857142857143
UHS,2024-09-30,2024-10-24,1.0,241.52,213.69,-6.98,5.13,3.7,4.09,3.38,14.0,3.7,3.71,3.72,3.27,0.0,0.0,0.0,0.0,3902170000.0,3993600000.0,3854100000.0,15.0,22983.2,18487.2,1685.33,1216.29,10.13,1.67,7.77,70.36,16.49,38.74,55.79,0.79,3.27,230.0,200.0,230.0,2024-11-15,13.65,8.85,22.5,9.782608695652174,0.975,28.0,28.975,201.69,28.31,0.4734,0.48316,0.47828,0.400235,16.31784728610855,-0.0926799999999999,166.0,0.0,0.9434782608695652,23.0,13.043478260869568,0,-3.2608695652173942,2024-10-23,595.0,567.8143920898438,0.1417,0.136825,0.1382192857142857,-0.0048749999999999,-0.0034807142857142,1,0.19048,0.1417,0.04878,0.02439,0.3683514942280719,0.287662705414855,0.8087649402390438,0.0756964190949694,0.0941789284329969,0.047521071567003,0.8037511187953609,0.97,-1.9136062937420149,1.7362974115286185,1.8022453233950777,-0.0074016987886722,0.0117102143889258,-0.0112898928411366,1,19.239999771118164,20.040000915527344,5.069999771118164,22.5,28.975,real_post_mid,2.25,2.6,-875.1000000000001,-0.038047826086956525,fold_4,logreg,0.7142857142857143
CNP,2024-09-30,2024-10-28,0.0,29.1,28.51,2.23,4.35,0.32,0.44,0.28,14.0,0.39,0.44,0.45,0.45,0.0,0.0,0.0,0.0,1932990000.0,2137920000.0,1759720000.0,6.0,5116.0,4956.0,53.33,61.45,1.6,-27.29,-5.02,28.57,-34.55,17.87,22.89,6.37,4.24,29.0,30.0,29.0,2024-11-15,1.0,0.6000000000000001,1.6,5.517241379310345,0.8999999999999999,0.4,1.2999999999999998,30.86,1.8599999999999992,0.28804,0.27829,0.283165,0.22463,20.671693182420142,-0.053655,678.0,94.0,0.5274151436031331,21.0,3.4482758620689724,1,2.068965517241373,2024-10-25,595.0,568.8458251953125,0.1451871428571428,0.1399304545454545,0.141705,-0.0052566883116882,-0.0034821428571428,1,0.1974514285714285,0.13195,0.0655014285714285,0.0195135714285714,0.4341892329269606,0.3105128409149416,0.8406374501992032,0.0682003889466289,0.0931146834517239,0.0520724594054188,0.7324343102340886,1.17,-0.4529624625967163,0.8687081821842678,-0.0892305198026933,-0.0094939039573715,0.0117769259186926,-0.0094939039573715,1,20.329999923706055,20.940000534057617,5.8112856379917694,1.6,1.2999999999999998,real_post_mid,0.16000000000000003,2.6,11.400000000000023,0.003931034482758629,fold_4,logreg,0.7142857142857143
UDR,2024-09-30,2024-10-30,0.0,45.34,40.73,-3.95,6.92,0.1,0.17,0.07,12.0,0.1,0.1,0.1,0.1,0.0,0.0,1.0,0.0,418230000.0,424000000.0,412050000.0,14.0,9272.8,9253.6,0.0,63.37,2.66,0.41,5.67,-92.16,-38.46,-56.83,-82.68,0.81,-81.48,45.0,42.5,45.0,2024-11-15,1.125,3.125,4.25,9.444444444444445,0.35,2.75,3.1,44.31,0.6899999999999977,0.44414,0.63925,0.541695,0.141705,73.84044526901671,-0.3707250000000001,2.0,0.0,,17.0,5.555555555555558,1,3.8888888888888866,2024-10-29,600.0,571.5277709960938,0.1437914285714285,0.136825,0.136825,-0.0069664285714285,-0.0069664285714285,1,0.19048,0.1347371428571428,0.0557428571428571,0.0188171428571428,0.4078379544718954,0.3013671701310069,0.8446215139442231,0.0792820510060303,0.0925320337142016,0.0512593948572269,0.856806533085658,1.15,-0.605538662589658,0.4456640672295623,-1.0182773641011695,-0.0026572981171303,0.0139604976120157,-0.0048239502594294,1,19.34000015258789,19.959999084472656,4.9608572954450345,4.25,3.1,real_post_mid,0.42500000000000004,2.6,69.89999999999999,0.015533333333333331,fold_4,logreg,0.7142857142857143
WSM,2024-10-31,2024-11-20,1.0,139.76,130.5,25.24,34.13,1.7688,1.83,1.68,20.0,1.7648,1.7716,1.7726,1.8213,1.0,0.0,1.0,4.0,1784698920.0,1835114000.0,1755006730.0,18.0,19293.6,17340.32,1292.63,1576.96,-3.99,7.71,-8.75,-44.23,-57.25,5.94,6.76,5.54,1.63,140.0,175.0,140.0,2024-12-20,8.65,10.35,19.0,13.571428571428571,33.45,0.3,33.75,183.68,43.68000000000001,0.60023,0.57096,0.5855950000000001,0.380725,34.984929857666145,-0.126825,896.0,1141.0,0.9038633518154175,31.0,25.0,0,-11.428571428571429,2024-11-19,593.0,579.9076538085938,0.1312528571428571,0.1322982142857142,0.136825,0.0010453571428571,0.0055721428571428,0,0.1598257142857142,0.1138328571428571,0.0459928571428571,0.0055764285714285,0.3506263562176344,0.2192059086462631,0.7051792828685259,0.1159338048271875,0.1416856151438964,-0.0104327580010392,0.8182468256177227,1.17,-0.0030139744075265,0.8457619302950208,-0.5085704120544561,-0.0110571621695607,0.0114285422301336,-0.0141291586142492,1,16.350000381469727,17.690000534057617,3.22471466718401,19.0,33.75,real_post_mid,1.9000000000000001,2.6,-1667.5999999999997,-0.11911428571428569,fold_4,logreg,0.7142857142857143
CPRT,2024-10-31,2024-11-21,1.0,52.07,52.76,9.28,7.85,0.3665,0.37,0.3592,6.0,0.3665,0.3665,0.3665,0.378,1.0,0.0,0.0,5.0,1099899830.0,1136000000.0,1062371000.0,6.0,-21079.2,-22036.64,-21.12,1104.34,10.32,10.5,10.3,-45.83,18.18,6.96,4.36,-1.13,-2.22,55.0,62.5,55.0,2024-12-20,2.3,1.775,4.074999999999999,7.409090909090908,7.85,0.1,7.949999999999999,58.22,3.219999999999999,0.31731,0.32707,0.32219,0.195365,39.363419100530734,-0.0536599999999999,1932.0,133.0,1.8405797101449275,30.0,13.636363636363647,0,-6.227272727272739,2024-11-20,592.0,580.1040649414062,0.136825,0.136825,0.1451864285714285,0.0,0.0083614285714285,0,0.17097,0.12219,0.04878,0.0097549999999999,0.4604542634404252,0.2557183844832509,0.7848605577689243,0.1157220102566727,0.1416346943605911,-0.0048096943605911,0.8170456453420469,0.98,-1.1556727070227928,0.6010767893838671,-0.612288498149916,-0.0112024380926382,0.0123087360978861,-0.0137952502626492,1,17.15999984741211,18.260000228881836,3.4774998474121084,4.074999999999999,7.949999999999999,real_post_mid,0.4075,2.6,-430.85,-0.07833636363636363,fold_4,logreg,0.7142857142857143
SJM,2024-10-31,2024-11-26,1.0,116.07,114.73,3.46,4.67,2.5053,2.58,2.45,10.0,2.4969,2.4917,2.4917,2.6222,2.0,0.0,4.0,0.0,2264998320.0,2285114830.0,2243800000.0,8.0,10330.4,9274.4,783.68,551.72,17.72,-4.67,1.06,10.41,-1.61,31.87,15.16,1.24,-0.36,115.0,120.0,115.0,2024-12-20,3.3,4.5,7.8,6.782608695652175,5.0,0.975,5.975,109.89,5.109999999999999,0.31731,0.33682,0.327065,0.2197549999999999,32.80999189763503,-0.087805,349.0,188.0,2.127872716558633,25.0,4.347826086956519,1,2.434782608695656,2024-11-25,599.0,587.0103759765625,0.1103471428571428,0.1197525,0.1284642857142857,0.0094053571428571,0.0181171428571428,0,0.1347357142857143,0.0957085714285714,0.0390271428571428,0.004875,0.0,0.0822174273237445,0.250996015936255,0.0286929011686533,0.1380641828191486,-0.0277170399620057,0.207822916724451,0.91,-1.6318254495304425,2.5242269309847565,0.4381750748831873,0.0159482779565465,0.0319322916275481,-0.0020541900673159,1,14.600000381469728,16.8700008392334,3.5652860957554413,7.8,5.975,real_post_mid,0.78,2.6,101.90000000000002,0.008860869565217392,fold_4,logreg,0.7142857142857143
CTAS,2024-11-30,2024-12-19,1.0,217.97,204.16,-16.14,-10.47,1.0175,1.03,1.0,11.0,1.0154,1.0174,1.016,1.0124,3.0,0.0,3.0,7.0,2563434610.0,2576120110.0,2540500000.0,12.0,8424.8,7693.12,449.07,376.31,6.8,3.97,8.61,-70.27,-71.35,11.59,12.08,1.31,1.06,202.5,187.5,202.5,2024-12-20,6.8,6.199999999999999,13.0,6.419753086419753,0.02,14.65,14.669999999999998,186.94,15.560000000000002,0.9612,1.18558,1.07339,0.190485,82.2538872171345,-0.770715,95.0,1.0,1.160919540229885,2.0,7.4074074074074066,0,-0.9876543209876534,2024-12-18,584.0,575.9583740234375,0.185605,0.180725,0.180725,-0.0048799999999999,-0.0048799999999999,1,0.23926,0.1417,0.09756,0.0048749999999999,1.0,0.5810893173758869,0.9840637450199204,0.2137902652169387,0.125921372187118,0.0596836278128819,1.6978076199745369,1.09,-0.6310337493465259,10.50081476253228,4.113811769240102,-0.0348666062484664,-0.0031795991845859,-0.0354222241166574,1,27.6200008392334,24.239999771118164,9.059500839233396,13.0,14.669999999999998,real_post_mid,1.3,2.6,-299.5999999999998,-0.01479506172839505,fold_4,logreg,0.7142857142857143
FDX,2024-11-30,2024-12-19,0.0,293.06,254.64,-5.86,8.34,4.0569,4.7,3.65,23.0,4.0569,4.0569,4.0569,4.5148,0.0,0.0,0.0,7.0,22092234450.0,22513000000.0,21758000000.0,20.0,5308.0,8078.88,-565.15,1582.49,-0.47,-0.73,-1.77,-20.88,-6.74,-14.2,-24.03,-1.46,-1.73,272.5,275.0,272.5,2024-12-20,15.15,13.85,29.0,10.642201834862384,3.375,0.12,3.495,275.73,3.230000000000018,1.83922,1.76118,1.8002,0.24414,86.43817353627374,-1.31704,14.0,24.0,0.4446608762294035,2.0,0.917431192660545,1,9.72477064220184,2024-12-18,584.0,575.9583740234375,0.185605,0.180725,0.180725,-0.0048799999999999,-0.0048799999999999,1,0.23926,0.1417,0.09756,0.0048749999999999,1.0,0.5810893173758869,0.9840637450199204,0.2137902652169387,0.125921372187118,0.0596836278128819,1.6978076199745369,1.09,-0.6310337493465259,10.50081476253228,4.113811769240102,-0.0348666062484664,-0.0031795991845859,-0.0354222241166574,1,27.6200008392334,24.239999771118164,9.059500839233396,29.0,3.495,real_post_mid,2.9000000000000004,2.6,2257.8999999999996,0.08285871559633026,fold_4,logreg,0.7142857142857143
LW,2024-11-30,2024-12-19,0.0,75.07,65.44,-16.74,-4.49,1.0052,1.08,0.86,10.0,1.033,1.0546,1.0778,1.2078,0.0,0.0,0.0,0.0,1673449580.0,1685045000.0,1664806250.0,9.0,1423.2,3350.88,-675.41,1188.73,-0.67,13.43,15.47,-55.21,-39.17,-23.08,-43.08,-8.95,-8.69,80.0,62.5,80.0,2024-12-20,3.175,4.8,7.975,9.96875,0.02,17.45,17.47,62.09,17.909999999999997,1.7124,1.65386,1.68313,0.3856,77.09030199687487,-1.27314,1810.0,113.0,0.8105844618674269,2.0,21.875,0,-11.90625,2024-12-18,584.0,575.9583740234375,0.185605,0.180725,0.180725,-0.0048799999999999,-0.0048799999999999,1,0.23926,0.1417,0.09756,0.0048749999999999,1.0,0.5810893173758869,0.9840637450199204,0.2137902652169387,0.125921372187118,0.0596836278128819,1.6978076199745369,1.09,-0.6310337493465259,10.50081476253228,4.113811769240102,-0.0348666062484664,-0.0031795991845859,-0.0354222241166574,1,27.6200008392334,24.239999771118164,9.059500839233396,7.975,17.47,real_post_mid,0.7975,2.6,-1031.8499999999997,-0.12898124999999996,fold_4,logreg,0.7142857142857143
FITB,2024-12-31,2025-01-21,0.0,42.93,43.87,4.5,2.26,0.88,3.3547,3.1095,17.0,3.1706,3.1708,3.1719,3.2205,2.0,0.0,3.0,5.0,2205227390.0,8652000000.0,8479000000.0,12.0,3538.4,3701.92,-94.4,42.37,4.32,1.6,27.05,-14.29,-3.7,-11.45,-13.95,-4.4,-4.66,44.0,44.0,44.0,2025-02-21,1.6,1.1,2.7,6.136363636363637,1.15,1.05,2.2,42.88,1.1199999999999974,0.23926,0.24902,0.24414,0.21975,9.990169574834107,0.0195149999999999,790.0,85.0,1.5965362411802435,35.0,0.0,1,6.136363636363637,2025-01-17,610.0,589.0353393554688,0.117315,0.1256764285714285,0.1319449999999999,0.0083614285714285,0.0146299999999999,0,0.15146,0.11244,0.03902,0.014635,0.2403178386968613,0.1396461288416076,0.446215139442231,0.1290557718273382,0.1766812902964613,-0.0593662902964612,0.7304439061475605,1.19,0.7925757898527013,1.9873964268360695,-0.290093655836163,0.0294407693854399,-0.01186356961496,-0.0135217696668693,1,15.970000267028809,18.190000534057617,4.238500267028808,2.7,2.2,real_post_mid,0.27,2.6,20.4,0.004636363636363636,fold_4,logreg,0.7142857142857143
IBKR,2024-12-31,2025-01-21,1.0,175.92,147.44,9.61,30.79,0.46,7.0785,6.61,10.0,6.8015,6.7815,6.8059,6.9143,4.0,0.0,8.0,1.0,1388850340.0,5211800000.0,5180450700.0,5.0,-56176.8,-46039.2,-3377.07,2241.43,-32.69,-40.7,38.16,12.82,0.0,13.86,21.76,67.43,68.74,190.0,210.0,190.0,2025-02-21,7.9,7.15,15.05,7.921052631578948,20.75,1.05,21.8,218.73,28.72999999999999,0.31731,0.32707,0.32219,0.26365,18.16940314721127,0.0,209.0,106.0,0.31674862597628,35.0,10.526315789473696,0,-2.605263157894748,2025-01-17,610.0,589.0353393554688,0.117315,0.1256764285714285,0.1319449999999999,0.0083614285714285,0.0146299999999999,0,0.15146,0.11244,0.03902,0.014635,0.2403178386968613,0.1396461288416076,0.446215139442231,0.1290557718273382,0.1766812902964613,-0.0593662902964612,0.7304439061475605,1.19,0.7925757898527013,1.9873964268360695,-0.290093655836163,0.0294407693854399,-0.01186356961496,-0.0135217696668693,1,15.970000267028809,18.190000534057617,4.238500267028808,15.05,21.8,real_post_mid,1.5050000000000001,2.6,-828.1000000000001,-0.043584210526315795,fold_4,logreg,1.0
PLD,2024-12-31,2025-01-21,1.0,103.32,120.83,13.5,-2.95,0.68,3.429,2.13,4.0,2.9848,2.7746,2.7946,2.2881,0.0,0.0,0.0,1.0,1834157230.0,7556550000.0,7471577000.0,9.0,34984.8,32408.16,2102.4,1077.15,6.36,1.42,15.83,35.0,17.39,17.05,41.82,2.12,15.36,110.0,115.0,110.0,2025-02-21,3.25,3.95,7.2,6.545454545454546,6.65,0.95,7.6,120.97,10.97,0.23926,0.28804,0.26365,0.21975,16.650862886402425,0.0,715.0,691.0,1.031740370898716,35.0,4.545454545454541,1,2.0000000000000044,2025-01-17,610.0,589.0353393554688,0.117315,0.1256764285714285,0.1319449999999999,0.0083614285714285,0.0146299999999999,0,0.15146,0.11244,0.03902,0.014635,0.2403178386968613,0.1396461288416076,0.446215139442231,0.1290557718273382,0.1766812902964613,-0.0593662902964612,0.7304439061475605,1.19,0.7925757898527013,1.9873964268360695,-0.290093655836163,0.0294407693854399,-0.01186356961496,-0.0135217696668693,1,15.970000267028809,18.190000534057617,4.238500267028808,7.2,7.6,real_post_mid,0.7200000000000001,2.6,-114.59999999999997,-0.010418181818181814,fold_4,logreg,1.0
TRV,2024-12-31,2025-01-22,1.0,241.36,256.42,2.22,-3.78,6.6,20.0,17.35,21.0,18.9342,18.8782,18.9021,18.8841,4.0,0.0,7.0,3.0,8806311200.0,44602000000.0,41797000000.0,10.0,15160.8,11292.32,3494.4,2347.27,11.93,5.5,12.56,168.72,108.76,147.9,173.68,8.49,7.74,240.0,240.0,240.0,2025-02-21,6.6,8.0,14.6,6.083333333333333,6.800000000000001,4.95,11.75,240.03,0.0300000000000011,0.23926,0.28804,0.26365,0.2148749999999999,18.49990517731842,-0.0243849999999999,92.0,276.0,0.5486725663716814,31.0,0.0,1,6.083333333333333,2025-01-21,615.0,594.4270629882812,0.1131364285714285,0.117315,0.123695,0.0041785714285714,0.0105585714285714,0,0.1417,0.11244,0.0292599999999999,0.0139335714285714,0.19383392928089,0.1126348256501183,0.350597609561753,0.1244367390132565,0.1792541755586322,-0.0661177469872036,0.6941915781066677,1.44,2.211709956437777,2.4710730984947253,0.0041048400576211,0.0372554221612686,0.0013068579868649,-0.0044920601870236,1,15.0600004196167,17.5,3.7463575624738414,14.6,11.75,real_post_mid,1.46,2.6,136.39999999999998,0.005683333333333333,fold_4,logreg,0.7142857142857143
APH,2024-12-31,2025-01-22,1.0,70.99,69.8,9.65,11.52,0.5,1.89,1.82,16.0,1.8429,1.8402,1.8404,1.7655,3.0,0.0,3.0,1.0,4697631980.0,15119300000.0,14904800000.0,17.0,-8860.0,-9129.12,117.87,51.04,26.24,11.89,7.37,-35.9,13.64,34.34,29.69,0.83,0.56,75.0,80.0,75.0,2025-02-21,2.075,3.8,5.875,7.833333333333334,4.6,0.7,5.3,67.58,7.420000000000002,0.34658,0.31731,0.331945,0.22951,30.859027850999414,-0.034145,3211.0,5761.0,0.6879269261318507,31.0,6.666666666666665,1,1.1666666666666687,2025-01-21,615.0,594.4270629882812,0.1131364285714285,0.117315,0.123695,0.0041785714285714,0.0105585714285714,0,0.1417,0.11244,0.0292599999999999,0.0139335714285714,0.19383392928089,0.1126348256501183,0.350597609561753,0.1244367390132565,0.1792541755586322,-0.0661177469872036,0.6941915781066677,1.44,2.211709956437777,2.4710730984947253,0.0041048400576211,0.0372554221612686,0.0013068579868649,-0.0044920601870236,1,15.0600004196167,17.5,3.7463575624738414,5.875,5.3,real_post_mid,0.5875,2.6,-3.8499999999999845,-0.0005133333333333312,fold_4,logreg,0.7142857142857143
TEL,2024-12-31,2025-01-22,1.0,144.11,146.87,7.62,5.6,1.83,7.67,7.5,21.0,7.55,7.56,7.55,7.56,0.0,0.0,1.0,0.0,3903063330.0,15853700000.0,15730000000.0,22.0,9266.05,9472.6,78.28,299.77,0.13,-3.59,-1.37,19.05,-8.38,-1.43,3.83,1.16,0.71,150.0,160.0,150.0,2025-02-21,3.3,4.699999999999999,7.999999999999999,5.333333333333333,8.5,0.95,9.45,154.51,4.509999999999991,0.21975,0.23926,0.229505,0.166095,27.629027690028547,-0.01463,88.0,100.0,0.706766917293233,31.0,6.666666666666665,0,-1.333333333333332,2025-01-21,615.0,594.4270629882812,0.1131364285714285,0.117315,0.123695,0.0041785714285714,0.0105585714285714,0,0.1417,0.11244,0.0292599999999999,0.0139335714285714,0.19383392928089,0.1126348256501183,0.350597609561753,0.1244367390132565,0.1792541755586322,-0.0661177469872036,0.6941915781066677,1.44,2.211709956437777,2.4710730984947253,0.0041048400576211,0.0372554221612686,0.0013068579868649,-0.0044920601870236,1,15.0600004196167,17.5,3.7463575624738414,7.999999999999999,9.45,real_post_mid,0.7999999999999999,2.6,-227.6,-0.015173333333333334,fold_4,logreg,0.7142857142857143
TDY,2024-12-31,2025-01-22,1.0,470.1,472.86,8.84,8.21,5.23,19.46,19.36,10.0,19.4426,19.4426,19.4422,19.39,0.0,0.0,4.0,2.0,1447410780.0,5641510000.0,5615300000.0,9.0,43240.8,42672.48,590.93,443.62,2.92,5.05,1.39,0.99,11.35,1.88,2.42,-0.24,-0.09,480.0,520.0,480.0,2025-02-21,11.45,11.05,22.5,4.6875,37.95,4.1499999999999995,42.1,491.03,11.029999999999973,0.18073,0.21975,0.20024,0.17097,14.617459049141027,0.0,2.0,6.0,0.2130584192439862,31.0,8.333333333333325,0,-3.645833333333325,2025-01-21,615.0,594.4270629882812,0.1131364285714285,0.117315,0.123695,0.0041785714285714,0.0105585714285714,0,0.1417,0.11244,0.0292599999999999,0.0139335714285714,0.19383392928089,0.1126348256501183,0.350597609561753,0.1244367390132565,0.1792541755586322,-0.0661177469872036,0.6941915781066677,1.44,2.211709956437777,2.4710730984947253,0.0041048400576211,0.0372554221612686,0.0013068579868649,-0.0044920601870236,1,15.0600004196167,17.5,3.7463575624738414,22.5,42.1,real_post_mid,2.25,2.6,-2187.6,-0.045575,fold_4,logreg,0.7142857142857143
NTRS,2024-12-31,2025-01-23,1.0,103.61,100.19,5.72,9.33,2.0,9.6,9.446,12.0,9.4987,9.4846,9.4779,8.8334,4.0,0.0,7.0,1.0,2632000250.0,8486721480.0,8270400000.0,6.0,6354.4,120.8,3392.0,3453.74,22.81,-16.23,46.43,48.99,-48.85,32.51,38.41,-3.63,1.72,110.0,110.0,110.0,2025-02-21,2.425,3.9,6.324999999999999,5.75,2.9000000000000004,1.025,3.925,112.97,2.969999999999999,0.27829,0.21,0.244145,0.15634,35.96428352003932,-0.043905,223.0,602.0,0.8565656565656565,30.0,0.0,1,5.75,2025-01-22,620.0,597.7686157226562,0.1075599999999999,0.117315,0.122195,0.009755,0.014635,0,0.13195,0.10268,0.02927,0.009755,0.1317997616209772,0.0765874335106382,0.2071713147410358,0.1149770498017961,0.142004562134541,-0.034444562134541,0.8096715209252371,1.27,0.992239596159076,4.279505443410966,0.7024902817718001,0.0416531902237016,0.0378677395501001,0.0,1,15.100000381469728,17.809999465942383,4.344000381469728,6.324999999999999,3.925,real_post_mid,0.6325,2.6,174.14999999999998,0.01583181818181818,fold_4,logreg,0.7142857142857143
ELV,2024-12-31,2025-01-23,0.0,372.94,425.27,7.62,-5.62,3.85,33.11,32.18,20.0,32.9659,32.9701,33.0209,32.9528,0.0,0.0,0.0,1.0,45948094580.0,176288110740.0,173298000000.0,14.0,12797.6,15663.36,-1094.93,1599.53,5.36,3.43,6.11,-6.9,-17.29,-14.41,-16.99,0.0,-0.82,390.0,400.0,390.0,2025-02-21,19.95,17.2,37.15,9.525641025641026,18.15,6.5,24.65,385.1,4.899999999999977,0.42462,0.40511,0.414865,0.26365,36.4492063683367,-0.0878,311.0,228.0,0.8409785932721713,30.0,2.564102564102555,1,6.961538461538471,2025-01-22,620.0,597.7686157226562,0.1075599999999999,0.117315,0.122195,0.009755,0.014635,0,0.13195,0.10268,0.02927,0.009755,0.1317997616209772,0.0765874335106382,0.2071713147410358,0.1149770498017961,0.142004562134541,-0.034444562134541,0.8096715209252371,1.27,0.992239596159076,4.279505443410966,0.7024902817718001,0.0416531902237016,0.0378677395501001,0.0,1,15.100000381469728,17.809999465942383,4.344000381469728,37.15,24.65,real_post_mid,3.715,2.6,875.9,0.022458974358974357,fold_4,logreg,0.7142857142857143
HCA,2024-12-31,2025-01-24,1.0,304.62,363.55,2.77,-13.89,6.14,22.8,21.6,19.0,21.9331,21.9331,21.968,22.437,0.0,0.0,0.0,2.0,19198190820.0,71019000000.0,70246000000.0,21.0,23268.0,21965.92,538.67,746.98,7.86,-0.03,8.7,24.81,-11.27,13.22,15.2,0.88,0.88,325.0,335.0,325.0,2025-02-21,14.85,12.45,27.3,8.4,12.8,5.35,18.15,316.42,8.579999999999984,0.3856,0.35633,0.370965,0.24414,34.187861388540696,-0.0731649999999999,526.0,319.0,1.7382861967074714,29.0,3.076923076923066,1,5.323076923076934,2025-01-23,620.0,601.03125,0.1089535714285714,0.117315,0.122195,0.0083614285714285,0.0132414285714285,0,0.1417,0.10268,0.03902,0.0132364285714285,0.098370021845068,0.0855958185579196,0.2390438247011952,0.0745614528926792,0.1423415345167878,-0.0333879630882163,0.5238207747710173,1.28,0.9699268248756538,0.5898482326109487,-0.773406853897468,0.0286277283877678,0.0438529067095772,0.0,1,15.020000457763672,17.520000457763672,4.124643314906528,27.299999999999997,18.15,real_post_mid,2.73,2.6,639.3999999999997,0.019673846153846146,fold_4,logreg,0.7142857142857143
ARE,2024-12-31,2025-01-27,0.0,98.35,111.65,3.82,-8.54,0.9,3.0733,3.0733,1.0,3.0662,2.5068,2.5068,2.5068,1.0,0.0,1.0,0.0,787622660.0,3123000000.0,3041530940.0,7.0,194.4,-204.0,-224.0,578.37,9.64,2.73,9.39,0.0,-1.14,57.91,17.22,0.7,1.71,100.0,97.5,100.0,2025-02-21,4.4,1.825,6.2250000000000005,6.2250000000000005,1.5499999999999998,4.15,5.7,95.57,4.430000000000007,0.2978,0.23926,0.26853,0.25877,3.6346032100696353,-0.0341449999999999,114.0,54.0,1.249258160237389,28.0,2.500000000000002,1,3.7249999999999983,2025-01-24,620.0,599.2767333984375,0.1124349999999999,0.117315,0.122195,0.00488,0.00976,0,0.1417,0.10268,0.03902,0.009755,0.1393211225004198,0.1081006205673758,0.2749003984063745,0.0810060677695694,0.1385842570780233,-0.0261492570780234,0.5845257569477229,1.11,-0.0878911767162844,0.8418342916550178,-0.6742860190502143,0.0276012381179142,0.0284529699236779,-0.0029191770004679,1,14.850000381469728,17.549999237060547,3.606500381469729,6.2250000000000005,5.7,real_post_mid,0.6225,2.6,-12.34999999999997,-0.001234999999999997,fold_4,logreg,0.7142857142857143
BRO,2024-12-31,2025-01-27,1.0,102.89,105.04,4.81,2.67,0.77,3.8568,3.71,14.0,3.7636,3.7632,3.7642,3.6886,1.0,0.0,2.0,3.0,1212358160.0,4774600000.0,4708576600.0,10.0,3816.8,3474.4,192.0,72.88,11.26,2.77,15.49,28.17,-2.15,24.34,13.65,-1.27,0.64,105.0,105.0,105.0,2025-02-21,3.35,2.2,5.550000000000001,5.2857142857142865,2.175,1.875,4.05,111.71,6.709999999999994,0.22951,0.23926,0.234385,0.19048,18.732000767967232,-0.0048799999999999,1221.0,70.0,0.087248322147651,28.0,0.0,1,5.2857142857142865,2025-01-24,620.0,599.2767333984375,0.1124349999999999,0.117315,0.122195,0.00488,0.00976,0,0.1417,0.10268,0.03902,0.009755,0.1393211225004198,0.1081006205673758,0.2749003984063745,0.0810060677695694,0.1385842570780233,-0.0261492570780234,0.5845257569477229,1.11,-0.0878911767162844,0.8418342916550178,-0.6742860190502143,0.0276012381179142,0.0284529699236779,-0.0029191770004679,1,14.850000381469728,17.549999237060547,3.606500381469729,5.550000000000001,4.05,real_post_mid,0.555,2.6,91.90000000000009,0.008752380952380961,fold_4,logreg,0.7142857142857143
WRB,2024-12-31,2025-01-27,1.0,58.97,57.62,0.39,2.74,0.95,4.56,3.85,15.0,4.0152,4.0257,4.024,4.0312,1.0,0.0,2.0,7.0,1446167250.0,11540500000.0,11351000000.0,8.0,-5117.6,-5511.2,280.53,200.08,12.2,2.61,10.09,-32.59,-12.5,10.26,12.98,0.43,0.09,59.5,60.0,60.0,2025-02-21,0.65,3.0250000000000004,3.675,6.176470588235294,1.45,1.5,2.95,60.97,0.9699999999999988,0.23926,0.24902,0.24414,0.239265,1.9968051118210823,-0.11707,154.0,20.0,0.3206751054852321,28.0,0.8403361344537785,1,5.336134453781516,2025-01-24,620.0,599.2767333984375,0.1124349999999999,0.117315,0.122195,0.00488,0.00976,0,0.1417,0.10268,0.03902,0.009755,0.1393211225004198,0.1081006205673758,0.2749003984063745,0.0810060677695694,0.1385842570780233,-0.0261492570780234,0.5845257569477229,1.11,-0.0878911767162844,0.8418342916550178,-0.6742860190502143,0.0276012381179142,0.0284529699236779,-0.0029191770004679,1,14.850000381469728,17.549999237060547,3.606500381469729,3.6750000000000003,2.95,real_post_mid,0.36750000000000005,2.6,33.150000000000006,0.005571428571428573,fold_4,logreg,0.7142857142857143
PCAR,2024-12-31,2025-01-28,0.0,104.57,104.9,2.56,2.24,1.69,8.56,7.85,13.0,8.0136,8.0136,8.0252,8.1322,1.0,0.0,1.0,0.0,8052983020.0,34248830000.0,31320000000.0,16.0,-11391.2,-11548.16,-9.07,122.13,-5.26,-5.94,10.87,-20.94,-13.15,-21.14,-17.08,-1.5,-2.07,110.0,110.0,110.0,2025-02-21,3.7,3.7,7.4,6.7272727272727275,2.85,2.375,5.225,104.46,5.540000000000006,0.31731,0.33682,0.327065,0.234385,28.33687493311727,-0.0341449999999999,77.0,2039.0,0.9865051903114188,25.0,0.0,1,6.7272727272727275,2025-01-27,610.0,590.7996826171875,0.1305557142857143,0.128534,0.136825,-0.0020217142857142,0.0062692857142856,0,0.1681842857142857,0.12219,0.0459942857142857,0.0146314285714285,0.3524701730801547,0.2252373300827425,0.649402390438247,0.1492958185161508,0.1474760710495584,-0.0169203567638441,1.0123392727622973,1.19,0.3445328658870044,2.395205753161411,-0.0680416198618472,0.0029953096933867,0.0078696754015297,-0.0170233534160036,1,17.899999618530273,18.969999313354492,4.844428189958844,7.4,5.225,real_post_mid,0.7400000000000001,2.6,140.90000000000006,0.012809090909090914,fold_4,logreg,0.7142857142857143
FFIV,2024-12-31,2025-01-28,0.0,255.63,238.95,5.51,12.88,3.38,13.2,13.12,13.0,13.15,13.15,13.15,13.15,0.0,0.0,1.0,0.0,712341470.0,2803810000.0,2795880000.0,13.0,13614.24,11346.94,780.48,766.34,10.67,10.21,1.33,51.18,14.29,18.2,24.66,1.36,3.01,260.0,300.0,260.0,2025-02-21,13.6,9.7,23.3,8.961538461538462,41.1,0.375,41.475,295.56,35.56,0.42462,0.42462,0.42462,0.22951,45.94931939145589,-0.14633,145.0,58.0,1.1133720930232558,25.0,15.384615384615374,0,-6.423076923076913,2025-01-27,610.0,590.7996826171875,0.1305557142857143,0.128534,0.136825,-0.0020217142857142,0.0062692857142856,0,0.1681842857142857,0.12219,0.0459942857142857,0.0146314285714285,0.3524701730801547,0.2252373300827425,0.649402390438247,0.1492958185161508,0.1474760710495584,-0.0169203567638441,1.0123392727622973,1.19,0.3445328658870044,2.395205753161411,-0.0680416198618472,0.0029953096933867,0.0078696754015297,-0.0170233534160036,1,17.899999618530273,18.969999313354492,4.844428189958844,23.299999999999997,41.475,real_post_mid,2.3299999999999996,2.6,-2053.1000000000004,-0.07896538461538463,fold_4,logreg,0.7142857142857143
SYF,2024-12-31,2025-01-28,0.0,65.92,56.31,1.12,18.38,1.92,6.97,6.25,15.0,6.5831,6.5598,6.5256,5.943,3.0,0.0,5.0,3.0,2537940740.0,16228687000.0,15002657740.0,13.0,17792.8,17229.76,308.27,394.81,32.17,3.6,38.29,31.08,25.16,103.77,90.02,8.55,10.01,70.0,70.0,70.0,2025-02-21,2.65,2.8,5.449999999999999,7.785714285714285,1.5,2.8,4.3,61.41,8.590000000000003,0.35633,0.3856,0.370965,0.307555,17.09325677624573,-0.03902,1725.0,1309.0,1.4169316977131607,25.0,0.0,1,7.785714285714285,2025-01-27,610.0,590.7996826171875,0.1305557142857143,0.128534,0.136825,-0.0020217142857142,0.0062692857142856,0,0.1681842857142857,0.12219,0.0459942857142857,0.0146314285714285,0.3524701730801547,0.2252373300827425,0.649402390438247,0.1492958185161508,0.1474760710495584,-0.0169203567638441,1.0123392727622973,1.19,0.3445328658870044,2.395205753161411,-0.0680416198618472,0.0029953096933867,0.0078696754015297,-0.0170233534160036,1,17.899999618530273,18.969999313354492,4.844428189958844,5.449999999999999,4.3,real_post_mid,0.5449999999999999,2.6,57.899999999999956,0.008271428571428565,fold_4,logreg,0.7142857142857143
IVZ,2024-12-31,2025-01-28,1.0,17.68,17.81,9.39,8.59,0.47,1.72,1.65,17.0,1.6769,1.6793,1.6753,1.6716,0.0,0.0,3.0,7.0,1111576950.0,4443634580.0,4363500000.0,9.0,4538.4,4536.32,86.4,139.93,5.09,2.16,-1.56,25.71,2.33,-30.05,-55.86,-9.98,-9.16,18.0,19.0,18.0,2025-02-21,0.575,0.8999999999999999,1.475,8.194444444444443,1.125,0.2,1.325,17.48,0.5199999999999996,0.35633,0.42462,0.390475,0.27341,29.980152378513345,-0.06829,1145.0,1278.0,0.0555133589491555,25.0,5.555555555555558,1,2.638888888888885,2025-01-27,610.0,590.7996826171875,0.1305557142857143,0.128534,0.136825,-0.0020217142857142,0.0062692857142856,0,0.1681842857142857,0.12219,0.0459942857142857,0.0146314285714285,0.3524701730801547,0.2252373300827425,0.649402390438247,0.1492958185161508,0.1474760710495584,-0.0169203567638441,1.0123392727622973,1.19,0.3445328658870044,2.395205753161411,-0.0680416198618472,0.0029953096933867,0.0078696754015297,-0.0170233534160036,1,17.899999618530273,18.969999313354492,4.844428189958844,1.4749999999999999,1.325,real_post_mid,0.1475,2.6,-2.350000000000008,-0.00130555555555556,fold_4,logreg,0.7124347383045493
LII,2024-12-31,2025-01-29,1.0,613.99,602.57,-1.57,0.29,4.24,21.48,20.89,20.0,21.1816,21.103,21.0951,21.0676,4.0,0.0,8.0,0.0,1289550660.0,5266830000.0,5193200000.0,17.0,21663.2,19166.24,1867.73,938.57,9.65,3.24,5.06,24.39,-2.2,55.46,62.37,1.24,6.58,660.0,610.0,660.0,2025-02-21,24.05,19.75,43.8,6.636363636363636,3.175,54.55,57.724999999999994,613.96,46.03999999999997,0.31731,0.32707,0.32219,0.24902,22.710202054688224,-0.0390249999999999,3.0,0.0,1.3707865168539326,24.0,7.57575757575758,0,-0.939393939393944,2025-01-28,615.0,595.8760986328125,0.1221907142857142,0.12317,0.1311949999999999,0.0009792857142857,0.0090042857142857,0,0.1598257142857142,0.11244,0.0473857142857142,0.0139421428571428,0.2540749453873297,0.17116393321513,0.5338645418326693,0.1473373289585885,0.1454363758869884,-0.0232456616012741,1.0130706851020357,1.04,-0.7913124584331845,0.9081567343733477,-0.6796769399833723,0.0024377013342002,0.0053551544661831,-0.0085771769224769,1,16.40999984741211,18.1299991607666,4.190928418840681,43.8,57.724999999999994,real_post_mid,4.38,2.6,-1833.0999999999995,-0.027774242424242417,fold_4,logreg,0.7142857142857143
NDAQ,2024-12-31,2025-01-29,1.0,77.4,73.92,5.59,10.57,0.75,2.83,2.78,18.0,2.8058,2.8021,2.7975,2.7577,4.0,0.0,10.0,5.0,1270059630.0,4748000000.0,4650400000.0,16.0,-40040.8,-40249.6,107.73,89.63,31.08,6.14,7.41,4.23,7.25,9.96,3.94,-3.66,-6.15,82.5,82.5,82.5,2025-02-21,1.7999999999999998,2.8,4.6,5.575757575757575,1.6,1.9,3.5,81.07,1.4300000000000068,0.27829,0.26853,0.27341,0.10756,60.65981492995868,-0.014635,1896.0,544.0,2.1397361912613357,24.0,0.0,1,5.575757575757575,2025-01-28,615.0,595.8760986328125,0.1221907142857142,0.12317,0.1311949999999999,0.0009792857142857,0.0090042857142857,0,0.1598257142857142,0.11244,0.0473857142857142,0.0139421428571428,0.2540749453873297,0.17116393321513,0.5338645418326693,0.1473373289585885,0.1454363758869884,-0.0232456616012741,1.0130706851020357,1.04,-0.7913124584331845,0.9081567343733477,-0.6796769399833723,0.0024377013342002,0.0053551544661831,-0.0085771769224769,1,16.40999984741211,18.1299991607666,4.190928418840681,4.6,3.5,real_post_mid,0.45999999999999996,2.6,61.39999999999997,0.007442424242424239,fold_4,logreg,0.7142857142857143
OTIS,2024-12-31,2025-01-29,0.0,92.57,98.2,2.25,-3.62,0.96,3.88,3.6,13.0,3.8249,3.8401,3.8582,3.8683,1.0,0.0,2.0,1.0,3471733760.0,14350000000.0,14142000000.0,13.0,4492.0,4424.8,-4.27,78.77,0.71,-1.47,2.15,1.05,-9.43,-9.24,-37.59,0.49,-6.35,95.0,95.0,95.0,2025-02-21,2.85,3.0999999999999996,5.949999999999999,6.263157894736842,2.25,1.8,4.05,98.37,3.3700000000000045,0.22951,0.37584,0.302675,0.2148749999999999,29.008011893945664,-0.082925,70.0,12.0,0.6475,24.0,0.0,1,6.263157894736842,2025-01-28,615.0,595.8760986328125,0.1221907142857142,0.12317,0.1311949999999999,0.0009792857142857,0.0090042857142857,0,0.1598257142857142,0.11244,0.0473857142857142,0.0139421428571428,0.2540749453873297,0.17116393321513,0.5338645418326693,0.1473373289585885,0.1454363758869884,-0.0232456616012741,1.0130706851020357,1.04,-0.7913124584331845,0.9081567343733477,-0.6796769399833723,0.0024377013342002,0.0053551544661831,-0.0085771769224769,1,16.40999984741211,18.1299991607666,4.190928418840681,5.949999999999999,4.05,real_post_mid,0.595,2.6,127.89999999999995,0.013463157894736837,fold_4,logreg,0.7142857142857143
TER,2024-12-31,2025-01-29,1.0,126.7,106.21,-3.67,14.91,0.91,3.25,3.1398,16.0,3.1762,3.1746,3.1746,3.045,1.0,0.0,1.0,0.0,824314570.0,2826755000.0,2801971620.0,17.0,9941.6,9280.64,226.67,137.86,4.77,1.02,-8.09,12.5,4.65,9.64,5.62,2.6,0.16,120.0,115.0,120.0,2025-02-21,7.75,5.9,13.65,11.375,2.325,8.0,10.325,115.91,4.090000000000003,0.53194,0.56121,0.546575,0.38072,30.344417509033537,-0.102435,45.0,11.0,0.0984615384615384,24.0,4.1666666666666625,1,7.2083333333333375,2025-01-28,615.0,595.8760986328125,0.1221907142857142,0.12317,0.1311949999999999,0.0009792857142857,0.0090042857142857,0,0.1598257142857142,0.11244,0.0473857142857142,0.0139421428571428,0.2540749453873297,0.17116393321513,0.5338645418326693,0.1473373289585885,0.1454363758869884,-0.0232456616012741,1.0130706851020357,1.04,-0.7913124584331845,0.9081567343733477,-0.6796769399833723,0.0024377013342002,0.0053551544661831,-0.0085771769224769,1,16.40999984741211,18.1299991607666,4.190928418840681,13.65,10.325,real_post_mid,1.3650000000000002,2.6,193.4000000000001,0.016116666666666675,fold_4,logreg,0.7142857142857143
WY,2024-12-31,2025-01-30,1.0,28.15,31.18,9.98,-0.71,0.07,0.51,0.46,11.0,0.4837,0.474,0.4662,0.4611,1.0,0.0,4.0,0.0,1650246500.0,7192000000.0,7008000000.0,10.0,3900.0,3769.44,85.33,56.07,-16.86,-13.31,-18.61,-84.85,-76.19,-57.49,-77.9,-9.96,-12.82,30.0,31.0,30.0,2025-02-21,0.975,0.6,1.575,5.25,1.0499999999999998,0.3,1.35,29.71,0.2899999999999991,0.20024,0.28804,0.24414,0.21975,9.99016957483412,-0.01951,505.0,67.0,0.5962264150943396,23.0,3.3333333333333437,1,1.9166666666666563,2025-01-29,610.0,593.204833984375,0.12707,0.1275575,0.1319449999999999,0.0004874999999999,0.0048749999999999,0,0.16122,0.11244,0.04878,0.0097599999999999,0.3114686607292893,0.202704824172577,0.6135458167330677,0.1426006936966544,0.146365258187726,-0.019295258187726,0.9742796580439652,0.98,-1.240682268427307,0.9097832712533814,-0.6335762270286003,-0.0076346961319874,0.000781549420181,-0.0130216457390942,1,16.559999465942383,18.149999618530273,3.852999465942382,1.575,1.35,real_post_mid,0.1575,2.6,4.149999999999986,0.0013833333333333286,fold_4,logreg,0.7142857142857143
GEN,2024-12-31,2025-01-30,0.0,27.38,28.27,1.86,-1.34,0.55,1.98,1.94,7.0,1.95,1.95,1.95,1.96,0.0,0.0,0.0,0.0,890863070.0,3815000000.0,3809610000.0,7.0,1178.21,1148.14,-270.46,370.88,4.01,1.23,2.68,47.37,3.7,-3.0,12.65,-0.37,2.91,27.0,27.0,27.0,2025-02-21,1.1,0.8500000000000001,1.95,7.222222222222223,0.55,0.6499999999999999,1.2,27.05,0.0500000000000007,0.24902,0.42462,0.33682,0.234385,30.412386437859983,0.0048799999999999,33.0,24.0,0.1067415730337078,23.0,0.0,1,7.222222222222223,2025-01-29,610.0,593.204833984375,0.12707,0.1275575,0.1319449999999999,0.0004874999999999,0.0048749999999999,0,0.16122,0.11244,0.04878,0.0097599999999999,0.3114686607292893,0.202704824172577,0.6135458167330677,0.1426006936966544,0.146365258187726,-0.019295258187726,0.9742796580439652,0.98,-1.240682268427307,0.9097832712533814,-0.6335762270286003,-0.0076346961319874,0.000781549420181,-0.0130216457390942,1,16.559999465942383,18.149999618530273,3.852999465942382,1.9500000000000002,1.2,real_post_mid,0.19500000000000003,2.6,52.90000000000001,0.0195925925925926,fold_4,logreg,0.7142857142857143
BEN,2024-12-31,2025-01-31,1.0,,,,,0.53,2.45,2.37,14.0,2.41,2.4,2.4,2.41,0.0,0.0,6.0,0.0,721045930.0,6552500000.0,6518600000.0,7.0,10409.76,10180.26,224.85,151.93,13.08,6.06,8.45,-15.71,-1.67,3.81,6.05,-0.18,-0.64,20.0,20.0,20.0,2025-02-21,0.75,0.55,1.3,6.5,1.025,0.225,1.25,20.53,0.5300000000000011,0.32707,0.32707,0.32707,0.297795,8.950683339957804,-0.024395,6489.0,91.0,1.685512367491166,22.0,0.0,1,6.5,2025-01-30,615.0,596.3886108398438,0.1187085714285714,0.122195,0.1319449999999999,0.0034864285714285,0.0132364285714285,0,0.15146,0.11244,0.03902,0.0132414285714285,0.1428479906281177,0.148654513888889,0.446215139442231,0.1423230955253925,0.1421460221147613,-0.0234374506861899,1.001245714850101,1.01,-1.035999501928723,0.741515371034527,-0.6555629929940797,-0.007724455525659,0.0168567786247626,-0.007724455525659,1,15.84000015258789,17.90999984741211,3.9691430097307463,1.3,1.25,real_post_mid,0.13,2.6,-10.599999999999996,-0.005299999999999998,fold_4,logreg,0.7142857142857143
RVTY,2024-12-31,2025-01-31,1.0,111.61,121.04,13.01,4.21,1.38,4.869,4.84,16.0,4.852,4.8422,4.8482,4.7505,1.0,0.0,2.0,1.0,736588990.0,2759980000.0,2735600000.0,14.0,2365.6,1753.6,262.93,119.34,1.98,-1.1,,8.47,4.92,26.07,10.03,0.72,1.1,125.0,125.0,125.0,2025-02-21,6.300000000000001,4.65,10.95,8.760000000000002,2.675,3.5250000000000004,6.2,113.84,11.159999999999997,0.41487,0.46365,0.43926,0.278285,36.64686062924008,-0.13171,35.0,114.0,0.6797752808988764,22.0,0.0,1,8.760000000000002,2025-01-30,615.0,596.3886108398438,0.1187085714285714,0.122195,0.1319449999999999,0.0034864285714285,0.0132364285714285,0,0.15146,0.11244,0.03902,0.0132414285714285,0.1428479906281177,0.148654513888889,0.446215139442231,0.1423230955253925,0.1421460221147613,-0.0234374506861899,1.001245714850101,1.01,-1.035999501928723,0.741515371034527,-0.6555629929940797,-0.007724455525659,0.0168567786247626,-0.007724455525659,1,15.84000015258789,17.90999984741211,3.9691430097307463,10.950000000000001,6.2,real_post_mid,1.0950000000000002,2.6,362.90000000000003,0.029032000000000002,fold_4,logreg,0.7142857142857143
EG,2024-12-31,2025-02-03,1.0,365.14,354.61,-5.44,-2.63,-17.03,43.48,28.0,8.0,44.9191,57.0668,59.202,61.2339,0.0,0.0,1.0,8.0,4067725710.0,17029000000.0,15516000000.0,7.0,96172.0,95509.6,4089.6,4919.7,6.49,2.86,17.51,-16.55,-29.97,-18.97,-15.29,14.31,-3.72,350.0,340.0,350.0,2025-02-21,8.85,9.55,18.4,5.257142857142857,3.2,10.9,14.099999999999998,337.14,12.860000000000014,0.28804,0.25877,0.273405,0.24414,10.703900806495865,-0.024385,341.0,8.0,0.4844192634560906,21.0,2.857142857142858,1,2.399999999999999,2025-01-31,610.0,593.2146606445312,0.1235842857142857,0.1273567647058823,0.1322499999999999,0.0037724789915966,0.0086657142857142,0,0.16122,0.11244,0.04878,0.0132457142857142,0.2053211059553555,0.1801723182624114,0.549800796812749,0.1447981776527558,0.1369624123783848,-0.013378126664099,1.0572110635195535,1.29,0.9536376511732496,2.455226364097319,0.0388431336648775,-0.0101156484409612,0.0231205694812399,-0.0130052960731554,1,16.43000030517578,18.43000030517578,4.071571733747209,18.4,14.099999999999998,real_post_mid,1.8399999999999999,2.6,243.4000000000001,0.006954285714285717,fold_4,logreg,0.7142857142857143
EL,2024-12-31,2025-02-04,1.0,72.16,63.28,-3.73,9.78,0.3198,2.42,2.12,27.0,2.23,2.24,2.24,2.24,0.0,0.0,1.0,2.0,9685462500.0,155525000000.0,15227200000.0,26.0,1420.51,300.69,671.25,437.05,-6.43,19.13,-3.61,-68.84,342.86,-142.94,-201.05,3.07,-27.9,83.0,66.0,83.0,2025-02-07,4.425,4.375,8.8,10.602409638554215,0.01,16.725,16.735000000000003,65.03,17.97,1.30265,1.23436,1.268505,0.5904750000000001,53.45110977095083,-0.73657,140.0,711.0,0.5746449456975773,4.0,20.481927710843372,0,-9.879518072289155,2025-02-03,610.0,589.2225341796875,0.1403071428571428,0.1342414705882352,0.136825,-0.0060656722689075,-0.0034821428571428,1,0.18073,0.13195,0.0487799999999999,0.0160328571428571,0.4195930918975316,0.2882729388297873,0.7569721115537849,0.1107466973650752,0.1387273172674096,0.0015798255897331,0.7983049016337624,1.31,1.0230980248968429,2.7903966032774745,0.1630087455334954,-0.0026695146999967,0.0199459420796526,-0.0196474240238132,1,18.6200008392334,19.549999237060547,4.589286553519113,8.8,16.735000000000003,real_post_mid,0.8800000000000001,2.6,-884.1000000000004,-0.10651807228915668,fold_4,logreg,0.7142857142857143
ESS,2024-12-31,2025-02-04,0.0,284.25,293.76,1.02,-2.25,1.36,6.13,6.13,1.0,0.0,0.0,7.3449,7.3449,1.0,0.0,0.0,0.0,454503840.0,1772616120.0,1722784000.0,16.0,50047.2,46120.8,-1061.33,4784.35,7.52,1.89,4.73,-1.47,-7.59,15.19,-2.27,0.47,-2.86,290.0,300.0,290.0,2025-02-21,4.15,7.85,12.0,4.137931034482759,9.5,2.475,11.975,294.74,4.740000000000009,0.24902,0.19048,0.21975,0.170975,22.195676905574523,-0.009755,54.0,1.0,0.0833333333333333,18.0,3.4482758620689724,1,0.6896551724137865,2025-02-03,610.0,589.2225341796875,0.1403071428571428,0.1342414705882352,0.136825,-0.0060656722689075,-0.0034821428571428,1,0.18073,0.13195,0.0487799999999999,0.0160328571428571,0.4195930918975316,0.2882729388297873,0.7569721115537849,0.1107466973650752,0.1387273172674096,0.0015798255897331,0.7983049016337624,1.31,1.0230980248968429,2.7903966032774745,0.1630087455334954,-0.0026695146999967,0.0199459420796526,-0.0196474240238132,1,18.6200008392334,19.549999237060547,4.589286553519113,12.0,11.975,real_post_mid,1.2000000000000002,2.6,-120.09999999999998,-0.004141379310344827,fold_4,logreg,0.7142857142857143
NWS,2024-12-31,2025-02-05,1.0,30.27,31.32,9.81,6.13,0.3161,0.36,0.2883,3.0,0.29,0.29,0.29,0.275,1.0,0.0,1.0,0.0,2176004120.0,2206000000.0,2153200000.0,9.0,1500.0,1500.0,66.72,0.0,,,,,,,,,,35.0,35.0,35.0,2025-02-21,0.45,2.4,2.85,8.142857142857144,0.17,2.1,2.27,32.3,2.700000000000003,0.1417,0.36609,0.253895,0.205115,19.212666653537877,-0.0390199999999999,7.0,4.0,0.0,17.0,0.0,1,8.142857142857144,2025-02-04,610.0,593.17529296875,0.1319449999999999,0.1285038235294117,0.1349949999999999,-0.0034411764705882,0.0030499999999999,0,0.17097,0.11244,0.05853,0.00976,0.3332877742089794,0.2342180112293143,0.649402390438247,0.1014863417749096,0.1395181811831516,-0.0075731811831517,0.7274058543071462,1.08,-0.7802894186569614,1.689147191822205,-0.2768125381423662,-0.0045324953799276,0.0293172566986066,-0.0130707962876306,1,17.209999084472656,18.63999938964844,4.015499084472658,2.85,2.27,real_post_mid,0.28500000000000003,2.6,26.900000000000002,0.007685714285714286,fold_4,logreg,0.7142857142857143
HII,2024-12-31,2025-02-06,1.0,189.05,202.66,-15.5,-21.17,3.09,15.2,11.61,9.0,13.8945,13.8521,14.1321,16.2566,1.0,0.0,2.0,0.0,3095503690.0,11736200000.0,11483000000.0,9.0,28045.6,29629.6,-488.53,2478.81,-2.38,-7.66,5.45,-30.81,-41.55,-26.69,-57.06,-3.06,-3.24,195.0,170.0,195.0,2025-02-21,9.55,8.3,17.85,9.153846153846152,0.1,26.65,26.75,170.29,24.710000000000008,0.56121,0.54169,0.55145,0.297795,45.99782391875963,-0.190235,63.0,0.0,1.2252252252252251,16.0,12.82051282051282,0,-3.666666666666666,2025-02-05,615.0,595.5803833007812,0.117315,0.1239155882352941,0.128898125,0.0066005882352941,0.011583125,0,0.15146,0.11244,0.03902,0.014635,0.1771933466538653,0.1396461288416076,0.4223107569721115,0.1005882050320559,0.1340692506357601,-0.0167542506357601,0.7502705098675785,1.04,-0.9986669207361863,1.0127224999376057,-0.8379848686845625,0.0040046020873605,0.0207280839244874,-0.0090691901614412,1,15.770000457763672,17.959999084472656,4.038500457763671,17.85,26.75,real_post_mid,1.7850000000000001,2.6,-1071.0999999999997,-0.054928205128205114,fold_4,logreg,0.7142857142857143
CMS,2024-12-31,2025-02-06,0.0,65.71,67.25,3.99,1.61,0.87,3.3666,3.32,16.0,3.3393,3.3375,3.335,3.3352,1.0,0.0,5.0,1.0,1771484070.0,7913000000.0,7457632990.0,11.0,4693.6,4392.8,106.67,69.28,4.18,8.46,-7.94,37.7,27.27,18.69,35.42,5.1,4.86,70.0,70.0,70.0,2025-02-21,2.16,3.6,5.76,8.228571428571428,2.16,2.5,4.66,71.49,1.4899999999999949,0.09292,0.33682,0.21487,0.19536,9.079908782054265,-0.0292649999999999,783.0,0.0,0.0048780487804878,16.0,0.0,1,8.228571428571428,2025-02-05,615.0,595.5803833007812,0.117315,0.1239155882352941,0.128898125,0.0066005882352941,0.011583125,0,0.15146,0.11244,0.03902,0.014635,0.1771933466538653,0.1396461288416076,0.4223107569721115,0.1005882050320559,0.1340692506357601,-0.0167542506357601,0.7502705098675785,1.04,-0.9986669207361863,1.0127224999376057,-0.8379848686845625,0.0040046020873605,0.0207280839244874,-0.0090691901614412,1,15.770000457763672,17.959999084472656,4.038500457763671,5.76,4.66,real_post_mid,0.576,2.6,49.79999999999997,0.00711428571428571,fold_4,logreg,0.7142857142857143
APTV,2024-12-31,2025-02-06,1.0,61.82,56.25,2.69,12.85,1.65,6.364,6.06,23.0,6.1803,6.1446,6.1437,6.1685,9.0,0.0,10.0,3.0,4182288190.0,19839400000.0,19657808700.0,17.0,8020.0,7332.32,306.13,52.53,-5.08,-3.9,6.85,40.77,15.82,7.31,27.52,2.7,2.92,62.5,65.0,62.5,2025-02-21,2.55,3.5,6.05,9.68,2.7,1.025,3.725,66.68,4.180000000000007,0.60023,0.56121,0.58072,0.34658,40.31891445102632,-0.180485,2953.0,1450.0,1.3463203463203464,16.0,4.0000000000000036,1,5.679999999999996,2025-02-05,615.0,595.5803833007812,0.117315,0.1239155882352941,0.128898125,0.0066005882352941,0.011583125,0,0.15146,0.11244,0.03902,0.014635,0.1771933466538653,0.1396461288416076,0.4223107569721115,0.1005882050320559,0.1340692506357601,-0.0167542506357601,0.7502705098675785,1.04,-0.9986669207361863,1.0127224999376057,-0.8379848686845625,0.0040046020873605,0.0207280839244874,-0.0090691901614412,1,15.770000457763672,17.959999084472656,4.038500457763671,6.05,3.725,real_post_mid,0.605,2.6,169.39999999999998,0.027103999999999996,fold_4,logreg,0.7142857142857143
IPG,2024-12-31,2025-02-12,0.0,26.82,29.2,-0.15,-8.29,1.17,2.8383,2.754,9.0,2.8123,2.8127,2.8223,2.8238,0.0,0.0,1.0,4.0,2472278640.0,9315278000.0,9253000000.0,7.0,6428.0,6358.88,-51.2,119.52,-1.86,-3.0,-0.37,0.0,14.75,-50.52,-64.73,0.04,-9.01,27.0,27.0,27.0,2025-02-21,1.0,0.7,1.7,6.296296296296296,0.35,0.35,0.7,27.07,0.0700000000000002,0.01488,0.44414,0.22951,0.117315,48.884580192584195,-0.087805,3.0,17.0,0.217391304347826,10.0,0.0,1,6.296296296296296,2025-02-11,615.0,596.65478515625,0.11244,0.1242008823529411,0.1319449999999999,0.0117608823529411,0.0195049999999999,0,0.15146,0.10268,0.04878,0.01463,0.0886420842307396,0.1081329417848701,0.298804780876494,0.0980233713880602,0.1179977388887747,-0.0055577388887746,0.8307224554570287,1.35,1.1745039874355343,0.6701749866772739,-0.9893732529339244,0.0058658751110243,0.0427570640512737,-0.0072815928352311,1,16.020000457763672,18.280000686645508,4.77600045776367,1.7,0.7,real_post_mid,0.17,2.6,80.4,0.02977777777777778,fold_4,logreg,0.7142857142857143
SBAC,2024-12-31,2025-02-24,1.0,196.83,226.59,8.13,-6.07,2.2833,8.68,8.68,1.0,8.7,8.7,8.7,8.7,0.0,0.0,0.0,1.0,663269610.0,2673315000.0,2661711000.0,15.0,-3207.2,-2596.0,-383.95,978.34,-2.19,1.08,0.59,200.0,58.94,-2.15,51.08,-0.56,19.84,210.0,220.0,210.0,2025-03-21,8.55,5.15,13.7,6.523809523809525,11.4,2.95,14.349999999999998,221.64,11.639999999999986,0.27829,0.2978,0.288045,0.263655,8.467426964536799,-0.02439,53.0,6.0,0.1111111111111111,28.0,4.761904761904767,1,1.7619047619047574,2025-02-21,610.0,591.361572265625,0.12707,0.128945,0.136825,0.0018749999999999,0.0097549999999999,0,0.18073,0.11244,0.06829,0.0195149999999999,0.3780310984450782,0.202704824172577,0.6095617529880478,0.1320411839120223,0.1169569018937248,0.0101130981062751,1.1289729958134846,1.17,0.3056451373638179,3.9634821692831497,2.34350212546125,-0.0160562032616521,-0.0107182667147649,-0.0211933864947698,1,18.209999084472656,19.479999542236328,5.5029990844726555,13.700000000000001,14.349999999999998,real_post_mid,1.37,2.6,-204.59999999999968,-0.009742857142857128,fold_4,logreg,0.7142857142857143
PSA,2024-12-31,2025-02-24,0.0,292.19,350.04,3.82,-13.34,2.55,10.13,9.99,3.0,10.0581,10.0581,10.0331,10.0331,0.0,0.0,0.0,1.0,1193570370.0,4783200000.0,4670936640.0,9.0,20450.4,21636.96,-563.2,840.15,3.84,1.24,6.58,-32.5,-18.8,-13.79,-6.03,-1.82,-4.94,300.0,310.0,300.0,2025-03-21,10.75,7.35,18.1,6.033333333333333,12.55,5.5,18.05,291.14,8.860000000000014,0.23926,0.28804,0.26365,0.258775,1.849042290915994,-0.0195049999999999,69.0,49.0,0.3797909407665505,28.0,3.3333333333333437,1,2.6999999999999895,2025-02-21,610.0,591.361572265625,0.12707,0.128945,0.136825,0.0018749999999999,0.0097549999999999,0,0.18073,0.11244,0.06829,0.0195149999999999,0.3780310984450782,0.202704824172577,0.6095617529880478,0.1320411839120223,0.1169569018937248,0.0101130981062751,1.1289729958134846,1.17,0.3056451373638179,3.9634821692831497,2.34350212546125,-0.0160562032616521,-0.0107182667147649,-0.0211933864947698,1,18.209999084472656,19.479999542236328,5.5029990844726555,18.1,18.05,real_post_mid,1.8100000000000003,2.6,-178.59999999999994,-0.005953333333333331,fold_4,logreg,0.7142857142857143
OKE,2024-12-31,2025-02-24,1.0,104.53,113.45,-6.13,-13.51,1.44,5.34,4.85,10.0,5.1307,5.1443,5.1143,5.126,0.0,0.0,0.0,4.0,3699220460.0,25364000000.0,20000700000.0,7.0,3632.8,3562.4,224.0,296.22,20.8,2.64,-7.93,19.19,-11.28,53.87,39.46,3.43,3.04,97.5,97.5,95.0,2025-03-21,5.15,1.775,6.925000000000001,7.102564102564103,3.35,3.65,7.0,99.34,4.340000000000003,0.2978,0.2978,0.2978,0.35633,-19.654130288784422,-0.048785,67.0,18.0,0.5286372613561554,28.0,0.0,1,7.102564102564103,2025-02-21,610.0,591.361572265625,0.12707,0.128945,0.136825,0.0018749999999999,0.0097549999999999,0,0.18073,0.11244,0.06829,0.0195149999999999,0.3780310984450782,0.202704824172577,0.6095617529880478,0.1320411839120223,0.1169569018937248,0.0101130981062751,1.1289729958134846,1.17,0.3056451373638179,3.9634821692831497,2.34350212546125,-0.0160562032616521,-0.0107182667147649,-0.0211933864947698,1,18.209999084472656,19.479999542236328,5.5029990844726555,6.925000000000001,7.0,real_post_mid,0.6925000000000001,2.6,-79.34999999999994,-0.008138461538461532,fold_4,logreg,0.7142857142857143
O,2024-12-31,2025-02-24,0.0,54.34,57.75,5.47,-0.76,0.3909,1.4776,1.0208,3.0,1.3717,1.374,1.374,1.326,0.0,0.0,0.0,2.0,1323712740.0,5284515520.0,4742064790.0,8.0,-3597.6,-2848.8,-439.84,302.2,28.08,-0.64,26.21,-9.09,3.45,22.11,36.04,-0.09,2.61,57.5,55.0,57.5,2025-03-21,0.95,1.4500000000000002,2.4000000000000004,4.173913043478262,0.5,1.9,2.4,55.8,1.7000000000000028,0.17097,0.21,0.190485,0.18073,5.121138147360691,-0.00976,4454.0,4298.0,0.1694210882381366,28.0,4.347826086956519,0,-0.1739130434782572,2025-02-21,610.0,591.361572265625,0.12707,0.128945,0.136825,0.0018749999999999,0.0097549999999999,0,0.18073,0.11244,0.06829,0.0195149999999999,0.3780310984450782,0.202704824172577,0.6095617529880478,0.1320411839120223,0.1169569018937248,0.0101130981062751,1.1289729958134846,1.17,0.3056451373638179,3.9634821692831497,2.34350212546125,-0.0160562032616521,-0.0107182667147649,-0.0211933864947698,1,18.209999084472656,19.479999542236328,5.5029990844726555,2.4000000000000004,2.4,real_post_mid,0.24000000000000005,2.6,-26.599999999999962,-0.004626086956521732,fold_4,logreg,0.7142857142857143
HSIC,2024-12-31,2025-02-25,0.0,74.97,77.66,1.13,-2.37,1.2089,4.79,4.7356,15.0,4.7581,4.7744,4.7722,4.7701,0.0,0.0,1.0,6.0,3013795110.0,12832095500.0,12683150000.0,10.0,4750.24,4468.64,46.86,128.73,0.38,1.21,-0.67,-7.58,-0.81,-15.71,-21.5,-0.18,-1.38,80.0,75.0,80.0,2025-03-21,2.2,4.5,6.7,8.375,0.3,7.5,7.8,69.39,10.61,0.3856,0.40511,0.395355,0.190485,51.81925105285123,-0.102435,125.0,952.0,0.03125,25.0,6.25,1,2.125,2025-02-24,605.0,588.6705932617188,0.1347357142857143,0.136825,0.14658,0.0020892857142857,0.0118442857142856,0,0.1835157142857142,0.12219,0.0613257142857142,0.0181171428571428,0.5121743912804362,0.2522578679078015,0.6932270916334662,0.1290287165618729,0.1156645397790124,0.0190711745067018,1.1155425578867466,1.36,1.4589344875570407,1.739346763919637,0.0938730291005615,-0.0204854745686507,-0.0205657471858264,-0.0256474264076711,1,18.979999542236328,19.86000061035156,5.506428113664899,6.7,7.8,real_post_mid,0.67,2.6,-179.59999999999994,-0.02244999999999999,fold_4,logreg,0.7142857142857143
AXON,2024-12-31,2025-02-25,1.0,610.32,634.96,-18.62,-21.78,1.4034,5.75,5.0,16.0,5.2463,5.2463,5.2364,5.2231,1.0,0.0,1.0,0.0,629639580.0,2083805000.0,2069930000.0,15.0,20962.4,19570.4,1072.12,507.55,31.7,8.15,32.2,42.16,20.83,6.7,-57.54,-1.33,-9.41,500.0,570.0,500.0,2025-03-21,40.5,39.4,79.9,15.98,77.5,3.5,81.0,560.0,60.0,0.76608,0.76608,0.76608,0.419745,45.208724937343355,-0.20487,83.0,69.0,0.4396092362344582,25.0,13.99999999999999,1,1.980000000000011,2025-02-24,605.0,588.6705932617188,0.1347357142857143,0.136825,0.14658,0.0020892857142857,0.0118442857142856,0,0.1835157142857142,0.12219,0.0613257142857142,0.0181171428571428,0.5121743912804362,0.2522578679078015,0.6932270916334662,0.1290287165618729,0.1156645397790124,0.0190711745067018,1.1155425578867466,1.36,1.4589344875570407,1.739346763919637,0.0938730291005615,-0.0204854745686507,-0.0205657471858264,-0.0256474264076711,1,18.979999542236328,19.86000061035156,5.506428113664899,79.9,81.0,real_post_mid,7.990000000000001,2.6,-911.5999999999997,-0.018231999999999995,fold_4,logreg,0.7142857142857143
EXR,2024-12-31,2025-02-25,1.0,152.03,172.68,6.08,-6.6,1.1,4.3179,3.7436,6.0,3.9538,3.9538,3.9329,4.0369,0.0,0.0,0.0,1.0,613223850.0,2811000000.0,2798882000.0,5.0,13423.2,13688.16,115.2,565.26,12.02,3.24,35.73,-5.21,-23.53,12.88,0.98,0.28,-3.87,160.0,155.0,160.0,2025-03-21,4.65,6.1,10.75,6.71875,1.4,9.55,10.95,143.8,16.19999999999999,0.2978,0.35633,0.327065,0.273405,16.406524696925683,-0.0487799999999999,85.0,9.0,1.7887323943661972,25.0,3.125,1,3.59375,2025-02-24,605.0,588.6705932617188,0.1347357142857143,0.136825,0.14658,0.0020892857142857,0.0118442857142856,0,0.1835157142857142,0.12219,0.0613257142857142,0.0181171428571428,0.5121743912804362,0.2522578679078015,0.6932270916334662,0.1290287165618729,0.1156645397790124,0.0190711745067018,1.1155425578867466,1.36,1.4589344875570407,1.739346763919637,0.0938730291005615,-0.0204854745686507,-0.0205657471858264,-0.0256474264076711,1,18.979999542236328,19.86000061035156,5.506428113664899,10.75,10.95,real_post_mid,1.075,2.6,-130.09999999999994,-0.008131249999999996,fold_4,logreg,0.7142857142857143
PEG,2024-12-31,2025-02-25,1.0,88.05,94.2,-5.47,-11.65,0.8279,3.69,3.657,19.0,3.6675,3.6655,3.6677,3.6667,1.0,0.0,2.0,2.0,2903739110.0,11391000000.0,9791000000.0,13.0,5276.0,5202.56,38.17,33.4,7.57,9.04,3.42,5.88,42.86,94.5,16.33,1.47,1.83,85.0,82.5,85.0,2025-03-21,1.875,2.95,4.825,5.676470588235294,1.1749999999999998,3.55,4.725,82.98,2.019999999999996,0.22951,0.30755,0.26853,0.27341,-1.8173016050348176,-0.0048799999999999,2786.0,21.0,0.7006451612903226,25.0,2.941176470588236,1,2.7352941176470584,2025-02-24,605.0,588.6705932617188,0.1347357142857143,0.136825,0.14658,0.0020892857142857,0.0118442857142856,0,0.1835157142857142,0.12219,0.0613257142857142,0.0181171428571428,0.5121743912804362,0.2522578679078015,0.6932270916334662,0.1290287165618729,0.1156645397790124,0.0190711745067018,1.1155425578867466,1.36,1.4589344875570407,1.739346763919637,0.0938730291005615,-0.0204854745686507,-0.0205657471858264,-0.0256474264076711,1,18.979999542236328,19.86000061035156,5.506428113664899,4.825,4.725,real_post_mid,0.48250000000000004,2.6,-40.84999999999995,-0.004805882352941171,fold_4,logreg,0.7142857142857143
PNW,2024-12-31,2025-02-25,1.0,85.74,94.52,8.65,-1.44,-0.1489,5.21,5.08,10.0,5.1255,5.12,5.1156,4.9576,1.0,0.0,2.0,0.0,1023115310.0,5151000000.0,5040000000.0,9.0,9584.8,8557.6,510.83,726.66,8.0,35.13,8.68,-3.71,91.48,6.6,5.95,-0.32,-0.6,90.0,90.0,90.0,2025-03-21,3.55,1.575,5.125,5.694444444444445,3.0250000000000004,1.025,4.050000000000001,93.76,3.760000000000005,0.22951,0.26853,0.24902,0.20512,17.62910609589591,-0.0585349999999999,93.0,10.0,1.5454545454545454,25.0,0.0,1,5.694444444444445,2025-02-24,605.0,588.6705932617188,0.1347357142857143,0.136825,0.14658,0.0020892857142857,0.0118442857142856,0,0.1835157142857142,0.12219,0.0613257142857142,0.0181171428571428,0.5121743912804362,0.2522578679078015,0.6932270916334662,0.1290287165618729,0.1156645397790124,0.0190711745067018,1.1155425578867466,1.36,1.4589344875570407,1.739346763919637,0.0938730291005615,-0.0204854745686507,-0.0205657471858264,-0.0256474264076711,1,18.979999542236328,19.86000061035156,5.506428113664899,5.125,4.050000000000001,real_post_mid,0.5125000000000001,2.6,53.64999999999992,0.005961111111111102,fold_4,logreg,0.7142857142857143
KEYS,2025-01-31,2025-02-25,0.0,172.88,168.61,-0.41,2.11,1.6912,1.71,1.67,11.0,1.6914,1.6914,1.6914,1.6913,0.0,0.0,0.0,1.0,1276191370.0,1280681910.0,1271000000.0,9.0,5439.52,5508.03,-759.57,1131.4,,,-11.1,-17.09,5.1,,,,,175.0,160.0,175.0,2025-03-21,7.75,8.850000000000001,16.6,9.485714285714286,0.525,14.85,15.375000000000002,154.56,20.44,0.45389,0.46365,0.45877,0.297795,35.088388517121864,-0.102435,423.0,1.0,0.8,25.0,8.571428571428575,1,0.914285714285711,2025-02-24,605.0,588.6705932617188,0.1347357142857143,0.136825,0.14658,0.0020892857142857,0.0118442857142856,0,0.1835157142857142,0.12219,0.0613257142857142,0.0181171428571428,0.5121743912804362,0.2522578679078015,0.6932270916334662,0.1290287165618729,0.1156645397790124,0.0190711745067018,1.1155425578867466,1.36,1.4589344875570407,1.739346763919637,0.0938730291005615,-0.0204854745686507,-0.0205657471858264,-0.0256474264076711,1,18.979999542236328,19.86000061035156,5.506428113664899,16.6,15.375000000000002,real_post_mid,1.6600000000000001,2.6,-46.10000000000005,-0.002634285714285717,fold_4,logreg,0.7142857142857143
NRG,2024-12-31,2025-02-26,1.0,97.49,98.89,16.25,14.6,0.9396,6.5,5.529,7.0,6.2441,6.2441,6.1998,6.1198,1.0,0.0,1.0,0.0,-25212880000.0,33218000000.0,23516476830.0,8.0,2200.8,-5978.4,3494.91,3554.0,-9.1,8.47,-3.2,34.75,-43.62,-143.76,-244.74,-19.6,-18.3,100.0,105.0,100.0,2025-03-21,6.8,4.25,11.05,11.05,8.1,2.45,10.55,100.66,0.6599999999999966,0.51243,0.53194,0.522185,0.463645,11.21058628646936,-0.06829,1980.0,77.0,0.6194615816040382,24.0,5.000000000000004,1,6.049999999999996,2025-02-25,605.0,585.7431030273438,0.1417042857142857,0.1402034615384615,0.14658,-0.0015008241758241,0.0048757142857142,0,0.19048,0.1235842857142857,0.0668957142857143,0.0153278571428571,0.6341182940852961,0.2973044104609931,0.7729083665338645,0.1129318119225596,0.1163176688769004,0.0253866168373853,0.9708912928961456,1.17,0.2116517503756931,3.3330443418293316,1.5619103763059845,-0.028209701341627,-0.0225832734976142,-0.0304929336857313,1,19.43000030517578,20.030000686645508,5.259571733747208,11.05,10.55,real_post_mid,1.1050000000000002,2.6,-63.10000000000002,-0.006310000000000002,fold_4,logreg,0.7142857142857143
A,2025-01-31,2025-02-26,1.0,150.96,138.14,-10.92,-2.66,1.272,1.29,1.25,15.0,1.2707,1.27,1.2713,1.2724,1.0,0.0,1.0,1.0,1669146850.0,1679966000.0,1653000000.0,13.0,5559.23,5680.16,-10.34,181.58,,,-6.53,5.8,10.61,,,,,135.0,125.0,135.0,2025-03-21,4.6,5.0,9.6,7.111111111111111,0.95,8.600000000000001,9.55,120.75,14.25,0.34658,0.34658,0.34658,0.278285,19.70540712101102,-0.0487849999999999,14.0,406.0,1.1335106382978724,24.0,7.4074074074074066,0,-0.2962962962962958,2025-02-25,605.0,585.7431030273438,0.1417042857142857,0.1402034615384615,0.14658,-0.0015008241758241,0.0048757142857142,0,0.19048,0.1235842857142857,0.0668957142857143,0.0153278571428571,0.6341182940852961,0.2973044104609931,0.7729083665338645,0.1129318119225596,0.1163176688769004,0.0253866168373853,0.9708912928961456,1.17,0.2116517503756931,3.3330443418293316,1.5619103763059845,-0.028209701341627,-0.0225832734976142,-0.0304929336857313,1,19.43000030517578,20.030000686645508,5.259571733747208,9.6,9.55,real_post_mid,0.96,2.6,-93.6000000000001,-0.00693333333333334,fold_4,logreg,0.7142857142857143
FE,2024-12-31,2025-02-26,0.0,40.88,42.62,5.31,1.01,0.6893,2.7,2.62,16.0,2.6647,2.6637,2.6737,2.6733,3.0,0.0,2.0,6.0,3296811750.0,14114445600.0,13384000000.0,10.0,2959.2,3116.0,-70.83,60.07,6.94,13.69,4.43,-3.41,51.79,27.19,9.16,5.03,0.4,43.0,39.0,43.0,2025-03-21,1.275,1.075,2.3499999999999996,5.4651162790697665,0.125,4.4,4.525,39.56,3.4399999999999977,0.21,0.30755,0.258775,0.22951,11.309052265481592,-0.0682899999999999,83.0,1971.0,0.013356418501113,24.0,9.302325581395356,0,-3.837209302325588,2025-02-25,605.0,585.7431030273438,0.1417042857142857,0.1402034615384615,0.14658,-0.0015008241758241,0.0048757142857142,0,0.19048,0.1235842857142857,0.0668957142857143,0.0153278571428571,0.6341182940852961,0.2973044104609931,0.7729083665338645,0.1129318119225596,0.1163176688769004,0.0253866168373853,0.9708912928961456,1.17,0.2116517503756931,3.3330443418293316,1.5619103763059845,-0.028209701341627,-0.0225832734976142,-0.0304929336857313,1,19.43000030517578,20.030000686645508,5.259571733747208,2.3499999999999996,4.525,real_post_mid,0.235,2.6,-243.60000000000005,-0.056651162790697686,fold_4,logreg,0.7142857142857143
VTRS,2024-12-31,2025-02-27,0.0,11.2,13.09,-14.91,-27.2,0.572,2.722,2.65,8.0,2.6817,2.6817,2.6867,2.6792,0.0,0.0,0.0,1.0,3641681440.0,14858980000.0,14740700000.0,7.0,3784.8,3516.0,61.44,141.72,-4.84,-1.2,-4.36,-5.06,8.7,-25.94,-49.99,-4.01,-5.44,11.0,9.0,11.0,2025-03-21,0.575,0.4,0.975,8.863636363636363,0.02,1.85,1.87,9.15,1.8499999999999996,0.37584,0.4734,0.42462,0.36609,13.784089303377131,-0.0975549999999999,1588.0,191.0,0.1516646115906288,23.0,18.181818181818176,0,-9.318181818181811,2025-02-26,605.0,586.0386962890625,0.136825,0.141705,0.14658,0.00488,0.0097549999999999,0,0.19048,0.12219,0.06829,0.01951,0.5624943944033725,0.2657635195035462,0.7410358565737052,0.1050980247609124,0.106063499213261,0.0307615007867389,0.990897203472352,1.1,-0.2738205589131182,1.1741235680439146,-0.5112354742710681,-0.0300036752471598,-0.008058545845919,-0.0300036752471598,1,19.100000381469727,19.75,5.417500381469726,0.975,1.87,real_post_mid,0.0975,2.6,-101.85000000000001,-0.0925909090909091,fold_4,logreg,0.7142857142857143
SJM,2025-01-31,2025-02-27,1.0,105.33,117.79,3.62,-7.34,2.3655,2.43,2.33,13.0,2.3693,2.3641,2.3653,2.4565,3.0,0.0,3.0,0.0,2225109430.0,2253500000.0,2185000000.0,11.0,10071.86,10121.95,174.62,820.67,,,11.16,18.32,-18.12,,,,,110.0,110.0,110.0,2025-03-21,3.65,4.0,7.65,6.954545454545455,3.05,2.175,5.225,109.7,0.2999999999999971,0.35633,0.33682,0.3465749999999999,0.24414,29.55637307942003,-0.0877999999999999,1568.0,316.0,1.4987864077669903,23.0,0.0,1,6.954545454545455,2025-02-26,605.0,586.0386962890625,0.136825,0.141705,0.14658,0.00488,0.0097549999999999,0,0.19048,0.12219,0.06829,0.01951,0.5624943944033725,0.2657635195035462,0.7410358565737052,0.1050980247609124,0.106063499213261,0.0307615007867389,0.990897203472352,1.1,-0.2738205589131182,1.1741235680439146,-0.5112354742710681,-0.0300036752471598,-0.008058545845919,-0.0300036752471598,1,19.100000381469727,19.75,5.417500381469726,7.65,5.225,real_post_mid,0.7650000000000001,2.6,163.40000000000006,0.01485454545454546,fold_4,logreg,0.7142857142857143
AES,2024-12-31,2025-02-28,1.0,11.15,13.04,3.95,-11.12,0.4631,1.98,1.69,14.0,1.9092,1.9174,1.9094,1.9296,2.0,0.0,4.0,2.0,2485786490.0,12887630000.0,10885000000.0,9.0,3829.6,3315.04,184.43,206.7,-4.22,11.79,-1.5,18.33,86.84,-1.75,-22.16,-4.78,-4.65,10.0,11.0,10.0,2025-03-21,0.75,0.425,1.175,11.75,1.325,0.1,1.425,13.05,3.0500000000000007,0.52218,0.60999,0.566085,0.46853,17.23327768797971,-0.0341449999999999,7161.0,759.0,1.769765886287625,22.0,10.000000000000009,1,1.7499999999999911,2025-02-27,595.0,576.6844482421875,0.1644683333333333,0.161215,0.161215,-0.0032533333333333,-0.0032533333333333,1,0.21,0.1417,0.0683,0.0113816666666666,1.0,0.4444567572892042,0.9362549800796812,0.1237709934787985,0.1139543691493858,0.0505139641839475,1.0861452211327136,1.36,1.3130643285971944,1.3463172187592525,-0.3714799133468443,-0.0414987779319868,-0.0322074512380319,-0.0454865883785815,1,21.1299991607666,21.219999313354492,4.6831658274332675,1.175,1.425,real_post_mid,0.11750000000000001,2.6,-39.35,-0.03935,fold_4,logreg,0.7142857142857143
MKC,2025-02-28,2025-03-25,0.0,80.14,78.03,0.11,2.82,0.6441,0.6693,0.6056,10.0,0.6429,0.6429,0.6894,0.6898,1.0,0.0,2.0,0.0,1614108380.0,1621400000.0,1609933810.0,6.0,-18046.24,-17748.7,-166.72,532.69,,,0.33,-5.88,-3.61,,,,,80.0,80.0,80.0,2025-04-17,2.475,2.2750000000000004,4.75,5.9375,1.975,1.175,3.15,75.32,4.680000000000007,0.26853,0.30755,0.2880399999999999,0.190485,33.86855992223301,-0.0682849999999999,2346.0,724.0,0.759268413247652,24.0,0.0,1,5.9375,2025-03-24,580.0,567.5736694335938,0.14414375,0.15146,0.152436,0.0073162499999999,0.00829225,0,0.17341,0.1343875,0.0390225,0.0097549999999999,0.2860967864653234,0.3130737016105203,0.7410358565737052,0.1797900316947228,0.2078127403451167,-0.0636689903451167,0.8651540391418913,1.23,0.3148835066625001,4.713667147858626,2.1438024728133125,0.0152642385889689,-0.0402256486516278,-0.0605665174275209,1,17.479999542236328,19.040000915527344,3.065624542236326,4.75,3.15,real_post_mid,0.47500000000000003,2.6,109.9,0.013737500000000001,fold_4,logreg,0.7142857142857143
CB,2025-03-31,2025-04-22,1.0,291.43,268.32,-0.35,8.24,3.2282,3.56,2.59,17.0,3.2219,3.1804,3.2163,5.8839,2.0,0.0,4.0,6.0,11218000000.0,11411000000.0,10966000000.0,4.0,19914.4,17430.24,1372.83,399.74,12.31,271.81,12.88,8.66,5.61,13657.14,21.24,-71.2,1.5,280.0,285.0,280.0,2025-05-16,9.5,9.05,18.55,6.625,9.65,5.300000000000001,14.95,294.33,14.329999999999984,0.31731,0.31731,0.31731,0.239265,24.59582112130093,-0.0341449999999999,183.0,11.0,0.7577854671280276,25.0,1.7857142857142794,1,4.839285714285721,2025-04-21,515.0,508.055908203125,0.3005857142857143,0.278285,0.26853,-0.0223007142857142,-0.0320557142857143,1,0.3396085714285714,0.2615585714285714,0.07805,-2.1428571428949716e-06,0.5534131790158779,0.6150710341500027,0.9800796812749004,0.2375204075038245,0.5081948090829292,-0.2076090947972149,0.4673806250253631,1.19,-0.6918386311625854,5.878730905128022,0.036582853219496,-0.0375695288801243,-0.0885322873996306,-0.1590788000065464,0,33.81999969482422,31.829999923706055,3.761428266252789,18.55,14.95,real_post_mid,1.8550000000000002,2.6,171.90000000000012,0.006139285714285719,fold_5,logreg,0.851063829787234
KLAC,2025-03-31,2025-04-30,1.0,679.8,742.43,3.37,-5.35,8.0845,8.37,7.78,21.0,8.0693,8.0679,8.0679,7.4669,21.0,0.0,21.0,0.0,3009805760.0,3070000000.0,2953000000.0,20.0,-21484.67,-12776.2,-3001.45,4987.42,23.73,0.0,15.79,-62.59,-63.78,43.68,30.43,-0.42,2.07,690.0,680.0,690.0,2025-05-16,27.45,27.85,55.3,8.014492753623188,17.15,30.8,47.95,791.17,101.16999999999996,0.4734,0.46365,0.4685249999999999,0.419745,10.411397470785964,-0.0487799999999999,98.0,15.0,5.2827586206896555,17.0,1.449275362318836,1,6.565217391304351,2025-04-29,555.0,548.0375366210938,0.21,0.210971,0.209995,0.0009709999999999,-5.000000000005e-06,1,0.24902,0.1723642857142857,0.0766557142857142,0.0006921428571428,0.2378950196794562,0.3431147804642684,0.904382470119522,0.1280862745322614,0.5197689874151381,-0.3097689874151381,0.2464292361290099,1.12,-1.1727468271726054,0.9166719779852924,-0.3367301576114782,0.051341838397229,-0.0024115760092516,-0.0929022269088302,0,24.170000076293945,25.219999313354492,3.1700000762939453,55.3,47.95,real_post_mid,5.53,2.6,179.3999999999994,0.0025999999999999916,fold_5,logreg,0.851063829787234
GNRC,2025-03-31,2025-04-30,1.0,126.65,152.25,-9.69,-24.87,0.9663,1.19,0.7301,21.0,0.9728,0.9649,0.9704,1.5696,2.0,0.0,2.0,3.0,918824760.0,932600000.0,904000000.0,21.0,-3281764.0,-3282931.04,644.9,117.07,6.79,266.05,5.37,35.27,24.44,20.99,38.98,4.83,2.89,115.0,115.0,115.0,2025-05-16,5.2,6.85,12.05,10.478260869565217,2.875,5.050000000000001,7.925000000000001,129.44,14.439999999999998,0.60023,0.61974,0.609985,0.419745,31.187652155380864,-0.1268249999999999,221.0,112.0,1.360959651035987,17.0,0.0,1,10.478260869565217,2025-04-29,555.0,548.0375366210938,0.21,0.210971,0.209995,0.0009709999999999,-5.000000000005e-06,1,0.24902,0.1723642857142857,0.0766557142857142,0.0006921428571428,0.2378950196794562,0.3431147804642684,0.904382470119522,0.1280862745322614,0.5197689874151381,-0.3097689874151381,0.2464292361290099,1.12,-1.1727468271726054,0.9166719779852924,-0.3367301576114782,0.051341838397229,-0.0024115760092516,-0.0929022269088302,0,24.170000076293945,25.219999313354492,3.1700000762939453,12.05,7.925000000000001,real_post_mid,1.205,2.6,289.4,0.025165217391304347,fold_5,logreg,1.0
EG,2025-03-31,2025-04-30,0.0,363.33,352.09,-1.24,1.91,7.743,9.18,6.66,11.0,8.2392,8.0912,8.2935,17.083,2.0,0.0,4.0,6.0,3907000000.0,3978000000.0,3836000000.0,2.0,107960.8,97264.48,779.73,7416.94,18.06,301.69,16.33,-217.61,-218.31,-28.23,-28.23,-7.94,-6.2,360.0,340.0,360.0,2025-05-16,9.9,10.35,20.25,5.625,0.875,22.65,23.525,348.08,11.920000000000016,0.31731,0.33682,0.327065,0.278285,14.914466543347649,-0.039025,25.0,41.0,0.1077908217716115,17.0,5.555555555555558,1,0.0694444444444419,2025-04-29,555.0,548.0375366210938,0.21,0.210971,0.209995,0.0009709999999999,-5.000000000005e-06,1,0.24902,0.1723642857142857,0.0766557142857142,0.0006921428571428,0.2378950196794562,0.3431147804642684,0.904382470119522,0.1280862745322614,0.5197689874151381,-0.3097689874151381,0.2464292361290099,1.12,-1.1727468271726054,0.9166719779852924,-0.3367301576114782,0.051341838397229,-0.0024115760092516,-0.0929022269088302,0,24.170000076293945,25.219999313354492,3.1700000762939453,20.25,23.525,real_post_mid,2.025,2.6,-532.5999999999999,-0.014794444444444442,fold_5,logreg,0.851063829787234
KVUE,2025-03-31,2025-05-08,1.0,21.49,20.18,11.96,19.23,0.2277,0.2368,0.22,11.0,0.2277,0.2302,0.2319,0.297,0.0,0.0,0.0,3.0,3683499670.0,3791000000.0,3631478000.0,12.0,1788.0,1701.6,23.79,60.81,,296.38,,,-7.14,,,,,22.5,24.5,22.5,2025-05-09,0.99,1.07,2.06,9.155555555555557,1.905,,,24.44,1.9400000000000013,0.01488,2.01483,1.0148549999999998,0.28804,71.61762025116887,-0.9755849999999998,625.0,50.0,0.0811348476771249,2.0,8.888888888888879,1,0.2666666666666764,2025-05-07,562.0,554.7901611328125,0.20512,0.2034916666666666,0.209995,-0.0016283333333333,0.004875,0,0.23926,0.17097,0.0682899999999999,-5.000000000005e-06,0.1934799293289859,0.3284640540395647,0.8844621513944223,0.1506097190962795,0.4347294498816226,-0.2296094498816226,0.346444712078491,1.12,-1.143339865102326,0.8811621319499504,-0.7408322202591715,0.0119199208247937,0.1125540140003114,-0.0817254547941568,0,23.549999237060547,24.700000762939453,3.0379992370605464,2.06,2.0,intrinsic_fallback,0.20600000000000002,2.6,-17.199999999999996,-0.007644444444444442,fold_5,logreg,1.0
KEYS,2025-04-30,2025-05-20,1.0,135.46,185.11,20.18,-12.05,1.6464,1.66,1.6348,12.0,1.6467,1.6467,1.6467,1.5943,0.0,0.0,0.0,1.0,1282001720.0,1290406720.0,1279000000.0,10.0,3131.68,5399.55,-937.07,1139.8,3.1,,-7.44,-40.49,-41.21,-10.09,-1.36,-1.41,-0.75,165.0,165.0,165.0,2025-06-20,6.55,8.100000000000001,14.650000000000002,8.87878787878788,4.35,6.4,10.75,159.36,5.639999999999986,0.37584,0.37584,0.37584,0.283165,24.65809919114517,-0.0487699999999999,152.0,36.0,1.8942857142857144,32.0,0.0,1,8.87878787878788,2025-05-19,600.0,588.108154296875,0.1514599999999999,0.156335,0.161215,0.004875,0.009755,0,0.19048,0.13195,0.05853,0.009755,0.0339901477832511,0.1673661073285798,0.6653386454183267,0.0424799935878519,0.1910027233211554,-0.0395427233211554,0.2224051722886971,1.05,-0.8680779961407475,1.4513831048177015,-0.2787463160895486,0.0203433002737452,0.1300126938676329,-0.0009554392070569,1,18.13999938964844,20.690000534057617,2.9939993896484385,14.650000000000002,10.75,real_post_mid,1.4650000000000003,2.6,240.90000000000018,0.01460000000000001,fold_5,logreg,0.851063829787234
CPRT,2025-04-30,2025-05-22,1.0,60.41,56.59,0.41,7.19,0.4167,0.4305,0.41,6.0,0.4167,0.4167,0.4167,0.4202,0.0,0.0,0.0,3.0,1228817830.0,1269000000.0,1199990000.0,6.0,-21065.44,-21092.54,4.33,76.19,14.03,,12.25,21.21,33.33,13.04,12.19,0.08,-0.6,62.5,55.0,62.5,2025-06-20,1.475,2.575,4.050000000000001,6.480000000000001,0.1,9.1,9.2,47.97,14.53,0.28804,0.26853,0.278285,0.24414,12.269795353684176,-0.02927,2042.0,144.0,2.431761786600496,30.0,12.0,0,-5.519999999999999,2025-05-21,585.0,576.2540893554688,0.170975,0.17585,0.180725,0.004875,0.00975,0,0.21975,0.1417,0.07805,0.00975,0.141441158503967,0.2259540020372057,0.7928286852589641,0.1488927811079401,0.1660429890178854,0.0049320109821145,0.8967122429475297,1.09,-0.2427297135137092,1.4152428822971703,-0.2505792385182425,-0.0080498299794126,0.1054717846923134,-0.0201562669294708,1,20.8700008392334,22.65999984741211,3.7725008392333983,4.050000000000001,9.2,real_post_mid,0.4050000000000001,2.6,-558.0999999999999,-0.08929599999999999,fold_5,logreg,0.851063829787234
WSM,2025-04-30,2025-05-22,0.0,141.93,195.18,13.01,-17.82,1.7587,2.02,1.6,21.0,1.7455,1.7434,1.7287,1.7277,1.0,0.0,2.0,1.0,1669268640.0,1706000000.0,1637400000.0,17.0,16023.2,18899.9,-1238.5,1690.18,,,-4.06,-8.85,246.94,,,,,170.0,160.0,170.0,2025-06-20,10.4,12.2,22.6,13.294117647058826,2.7,14.5,17.2,158.84,11.159999999999997,0.58072,0.59047,0.5855950000000001,0.40999,29.987448663325345,-0.126825,408.0,30.0,1.34477866061294,30.0,5.882352941176472,1,7.411764705882354,2025-05-21,585.0,576.2540893554688,0.170975,0.17585,0.180725,0.004875,0.00975,0,0.21975,0.1417,0.07805,0.00975,0.141441158503967,0.2259540020372057,0.7928286852589641,0.1488927811079401,0.1660429890178854,0.0049320109821145,0.8967122429475297,1.09,-0.2427297135137092,1.4152428822971703,-0.2505792385182425,-0.0080498299794126,0.1054717846923134,-0.0201562669294708,1,20.8700008392334,22.65999984741211,3.7725008392333983,22.6,17.2,real_post_mid,2.2600000000000002,2.6,311.40000000000015,0.01831764705882354,fold_5,logreg,0.851063829787234
NDSN,2025-04-30,2025-05-28,1.0,188.7,209.5,3.73,-6.57,2.3588,2.4,2.3,8.0,2.3525,2.3525,2.3588,2.42,1.0,0.0,1.0,0.0,671912500.0,689600000.0,653000000.0,8.0,3297.38,3494.14,-67.07,266.91,-2.81,,-0.23,-6.79,-25.9,-6.84,-11.6,-0.45,-2.28,195.0,210.0,195.0,2025-06-20,8.0,5.35,13.35,6.846153846153847,15.75,1.625,17.375,209.55,14.550000000000011,0.2978,0.34658,0.32219,0.273405,15.14168658245134,-0.02927,14.0,0.0,0.3243243243243243,24.0,7.692307692307687,0,-0.8461538461538405,2025-05-27,595.0,584.4501342773438,0.1521571428571428,0.15934,0.166095,0.0071828571428571,0.0139378571428571,0,0.1988457142857143,0.13195,0.0668957142857142,0.0132407142857143,0.065807101304633,0.1694590682463946,0.6733067729083665,0.219227293224757,0.1655542031401606,-0.0133970602830177,1.3242025213890587,1.2,0.7258518207307627,1.0390095836864524,-0.3366779357515375,-0.0062199784050004,0.073568993199907,-0.0062199784050004,1,18.959999084472656,21.290000915527344,3.744284798758372,13.35,17.375,real_post_mid,1.335,2.6,-538.6,-0.02762051282051282,fold_5,logreg,0.851063829787234
COO,2025-04-30,2025-05-29,1.0,82.23,90.38,-2.76,-11.53,0.9292,0.95,0.9,16.0,0.9286,0.9286,0.9292,0.9334,0.0,0.0,1.0,2.0,995173100.0,1008000000.0,972900000.0,14.0,2156.02,2258.26,-48.87,150.24,3.55,,6.24,8.24,-11.54,9.57,18.88,1.48,2.44,80.0,70.0,80.0,2025-06-20,3.7,3.45,7.15,8.937500000000002,0.15,10.8,10.95,69.47,10.53,0.44414,0.45389,0.449015,0.331945,26.07262563611459,-0.09756,255.0,3038.0,0.1880777813197322,23.0,12.5,0,-3.5624999999999982,2025-05-28,590.0,581.06884765625,0.161215,0.1645934615384615,0.1748053571428571,0.0033784615384615,0.0135903571428571,0,0.20024,0.13195,0.0682899999999999,0.0048799999999999,0.1228162454256915,0.1966525491877982,0.7091633466135459,0.221381014073049,0.1683281164055086,-0.0071131164055086,1.315175496526879,0.95,-1.373722663091835,0.5873470512943576,-0.4366677548343357,-0.0086363166821615,0.0669511202601682,-0.011969408329393,1,19.309999465942383,21.670000076293945,3.1884994659423818,7.15,10.95,real_post_mid,0.7150000000000001,2.6,-454.0999999999999,-0.05676249999999999,fold_5,logreg,0.851063829787234
MKC,2025-05-31,2025-06-26,1.0,71.8,81.46,8.04,-4.78,0.6528,0.68,0.62,11.0,0.6605,0.6704,0.6774,0.6885,0.0,0.0,0.0,4.0,1661408640.0,1681000000.0,1646516000.0,8.0,-18187.36,-17655.42,-297.71,504.64,0.17,,-0.37,-4.76,-25.0,1.3,-4.74,0.23,-0.72,75.0,75.0,75.0,2025-07-18,1.4,3.0,4.4,5.866666666666667,2.05,0.825,2.875,71.42,3.5799999999999983,0.25877,0.31731,0.2880399999999999,0.18073,37.25524232745451,-0.0438999999999999,3301.0,1091.0,0.5260840108401084,23.0,0.0,1,5.866666666666667,2025-06-25,610.0,602.0135498046875,0.13195,0.1479742857142857,0.1514599999999999,0.0160242857142857,0.0195099999999999,0,0.16122,0.12219,0.03903,0.0097549999999999,0.0,0.1087932236101431,0.4063745019920319,0.0978361430236308,0.1185447991635977,0.0134052008364022,0.8253094502156276,1.09,-0.1642821851681879,0.8095045111691945,-0.4641036002312083,0.0190529433017558,0.0514666329517017,0.0,1,16.760000228881836,19.670000076293945,3.5650002288818357,4.4,2.875,real_post_mid,0.44000000000000006,2.6,105.90000000000005,0.014120000000000006,fold_5,logreg,0.851063829787234
WRB,2025-06-30,2025-07-21,1.0,73.75,70.85,-8.07,-4.3,1.0451,1.09,1.0,13.0,1.0451,1.0451,1.0428,1.053,1.0,0.0,2.0,2.0,3099738750.0,3132600000.0,3068909000.0,4.0,-4552.8,-4950.4,193.49,207.02,8.92,-73.99,11.55,-35.26,-10.62,6.77,-6.18,-1.82,-2.45,69.0,69.5,69.5,2025-08-15,1.75,2.375,4.125,5.978260869565218,1.15,1.9,3.05,70.79,1.2900000000000065,0.25877,0.27829,0.26853,0.21,21.796447324321303,0.009755,40.0,141.0,0.9626168224299064,28.0,0.7246376811594235,1,5.253623188405794,2025-07-18,630.0,622.301513671875,0.13195,0.1458828571428571,0.1508861764705882,0.0139328571428571,0.0189361764705882,0,0.1640057142857142,0.12219,0.0418157142857142,0.0111478571428571,0.0952721829954769,0.1087932236101431,0.3545816733067729,0.0629294736645928,0.0767719034969805,0.0551780965030195,0.8196940651219874,1.17,0.0767479022590774,0.9353493467391604,-0.3588839823528439,0.0063500269902057,0.0533952090184737,-0.0007324129021104,1,16.40999984741211,19.579999923706055,3.214999847412109,4.125,3.05,real_post_mid,0.41250000000000003,2.6,63.65000000000001,0.009224637681159421,fold_5,logreg,1.0
STLD,2025-06-30,2025-07-21,0.0,125.9,117.39,6.85,14.6,2.0775,2.18,2.02,4.0,2.642,2.725,2.74,2.5457,0.0,0.0,0.0,3.0,4761716210.0,4972246010.0,4563000000.0,6.0,46734.88,46293.73,36.43,241.93,-6.92,-75.09,-6.86,-60.76,5.88,-52.24,-63.36,-9.75,-9.7,130.0,130.0,130.0,2025-08-15,6.050000000000001,3.95,10.0,7.6923076923076925,5.7,3.2,8.9,126.42,3.5799999999999983,0.34658,0.33682,0.3417,0.32219,5.709686859818562,-0.0146299999999999,148.0,9.0,0.547683923705722,28.0,0.0,1,7.6923076923076925,2025-07-18,630.0,622.301513671875,0.13195,0.1458828571428571,0.1508861764705882,0.0139328571428571,0.0189361764705882,0,0.1640057142857142,0.12219,0.0418157142857142,0.0111478571428571,0.0952721829954769,0.1087932236101431,0.3545816733067729,0.0629294736645928,0.0767719034969805,0.0551780965030195,0.8196940651219874,1.17,0.0767479022590774,0.9353493467391604,-0.3588839823528439,0.0063500269902057,0.0533952090184737,-0.0007324129021104,1,16.40999984741211,19.579999923706055,3.214999847412109,10.0,8.9,real_post_mid,1.0,2.6,7.399999999999965,0.0005692307692307665,fold_5,logreg,0.851063829787234
ROP,2025-06-30,2025-07-21,1.0,561.99,551.3,-1.79,0.11,4.8331,4.87,4.78,14.0,4.8331,4.8323,4.8566,4.8658,0.0,0.0,3.0,10.0,1924751080.0,1943700000.0,1900000000.0,12.0,13927.52,13556.03,150.4,72.42,12.02,-73.25,13.24,8.39,-0.62,-5.1,9.25,-1.56,-0.71,550.0,560.0,550.0,2025-08-15,11.45,16.0,27.45,4.990909090909091,20.55,4.625,25.175,529.64,20.360000000000017,0.21975,0.23926,0.229505,0.185605,19.128123570292583,-0.01463,33.0,67.0,0.3376623376623376,28.0,1.8181818181818077,1,3.1727272727272835,2025-07-18,630.0,622.301513671875,0.13195,0.1458828571428571,0.1508861764705882,0.0139328571428571,0.0189361764705882,0,0.1640057142857142,0.12219,0.0418157142857142,0.0111478571428571,0.0952721829954769,0.1087932236101431,0.3545816733067729,0.0629294736645928,0.0767719034969805,0.0551780965030195,0.8196940651219874,1.17,0.0767479022590774,0.9353493467391604,-0.3588839823528439,0.0063500269902057,0.0533952090184737,-0.0007324129021104,1,16.40999984741211,19.579999923706055,3.214999847412109,27.45,25.175,real_post_mid,2.745,2.6,-49.60000000000016,-0.0009018181818181847,fold_5,logreg,0.851063829787234
NXPI,2025-06-30,2025-07-21,1.0,209.0,174.66,9.22,30.69,2.6643,2.7127,2.6555,22.0,2.6647,2.6792,2.6705,2.677,0.0,0.0,12.0,10.0,2898025420.0,2930000000.0,2800000000.0,24.0,7406.69,7253.07,98.49,28.43,-9.31,-77.52,-5.66,-18.52,-16.98,-15.99,-15.54,-2.01,-1.88,230.0,230.0,230.0,2025-08-15,9.25,12.1,21.35,9.282608695652174,7.45,9.1,16.55,228.78,1.2199999999999989,0.43438,0.41487,0.424625,0.3514549999999999,17.231675007359453,-0.02927,331.0,356.0,0.9723653395784544,28.0,0.0,1,9.282608695652174,2025-07-18,630.0,622.301513671875,0.13195,0.1458828571428571,0.1508861764705882,0.0139328571428571,0.0189361764705882,0,0.1640057142857142,0.12219,0.0418157142857142,0.0111478571428571,0.0952721829954769,0.1087932236101431,0.3545816733067729,0.0629294736645928,0.0767719034969805,0.0551780965030195,0.8196940651219874,1.17,0.0767479022590774,0.9353493467391604,-0.3588839823528439,0.0063500269902057,0.0533952090184737,-0.0007324129021104,1,16.40999984741211,19.579999923706055,3.214999847412109,21.35,16.55,real_post_mid,2.1350000000000002,2.6,263.90000000000003,0.011473913043478263,fold_5,logreg,0.851063829787234
ARE,2025-06-30,2025-07-21,0.0,71.37,76.26,9.67,2.64,0.6318,0.6318,0.6318,1.0,0.6318,0.6318,0.6318,0.6318,0.0,0.0,0.0,0.0,748020030.0,763595000.0,732146180.0,6.0,-1264.32,-133.87,-729.12,354.69,-1.64,-75.63,6.27,-42.7,-26.09,-21.18,-28.91,-1.57,-7.44,77.5,80.0,77.5,2025-08-15,3.0,2.175,5.175,6.67741935483871,4.699999999999999,1.075,5.7749999999999995,76.09,1.4099999999999966,0.28804,0.30755,0.297795,0.2978,-0.0016790073708347,0.0195149999999999,244.0,8.0,0.580715059588299,28.0,3.2258064516129004,1,3.4516129032258096,2025-07-18,630.0,622.301513671875,0.13195,0.1458828571428571,0.1508861764705882,0.0139328571428571,0.0189361764705882,0,0.1640057142857142,0.12219,0.0418157142857142,0.0111478571428571,0.0952721829954769,0.1087932236101431,0.3545816733067729,0.0629294736645928,0.0767719034969805,0.0551780965030195,0.8196940651219874,1.17,0.0767479022590774,0.9353493467391604,-0.3588839823528439,0.0063500269902057,0.0533952090184737,-0.0007324129021104,1,16.40999984741211,19.579999923706055,3.214999847412109,5.175,5.7749999999999995,real_post_mid,0.5175,2.6,-114.34999999999997,-0.014754838709677415,fold_5,logreg,0.851063829787234
DPZ,2025-06-30,2025-07-21,0.0,447.28,486.14,3.34,-4.92,3.9584,4.29,3.77,21.0,3.9603,3.9436,3.977,3.9865,0.0,0.0,0.0,2.0,1142302020.0,1174000000.0,1120874000.0,25.0,12030.69,11038.14,76.76,588.44,2.53,-76.37,4.99,20.95,-11.45,12.16,-0.26,0.96,-0.53,470.0,480.0,470.0,2025-08-15,18.5,18.55,37.05,7.882978723404255,18.9,7.05,25.95,451.26,18.74000000000001,0.3856,0.33682,0.36121,0.234385,35.11115417624097,-0.078045,279.0,161.0,0.8901890189018902,28.0,2.127659574468077,1,5.755319148936178,2025-07-18,630.0,622.301513671875,0.13195,0.1458828571428571,0.1508861764705882,0.0139328571428571,0.0189361764705882,0,0.1640057142857142,0.12219,0.0418157142857142,0.0111478571428571,0.0952721829954769,0.1087932236101431,0.3545816733067729,0.0629294736645928,0.0767719034969805,0.0551780965030195,0.8196940651219874,1.17,0.0767479022590774,0.9353493467391604,-0.3588839823528439,0.0063500269902057,0.0533952090184737,-0.0007324129021104,1,16.40999984741211,19.579999923706055,3.214999847412109,37.05,25.95,real_post_mid,3.705,2.6,736.8999999999997,0.015678723404255315,fold_5,logreg,0.851063829787234
DGX,2025-06-30,2025-07-22,1.0,179.43,173.57,-0.66,2.69,2.5758,2.687,2.54,14.0,2.5758,2.5758,2.5761,2.5515,0.0,0.0,9.0,4.0,2726773860.0,2788415520.0,2701456500.0,12.0,11689.76,11378.82,156.27,29.8,12.09,-73.14,7.13,8.33,-0.9,13.23,15.33,-0.05,0.37,165.0,170.0,165.0,2025-08-15,5.55,3.775,9.325,5.651515151515151,7.2,1.35,8.55,179.77,14.77000000000001,0.25877,0.26853,0.26365,0.19536,25.901763701877485,-0.009755,39.0,28.0,1.4407582938388626,25.0,3.0303030303030276,1,2.621212121212124,2025-07-21,631.0,623.4815063476562,0.1354321428571428,0.1417,0.1472771428571428,0.0062678571428571,0.0118449999999999,0,0.16122,0.12219,0.03903,0.0062728571428571,0.1745843230403796,0.1192473060633678,0.3784860557768924,0.0629218260559761,0.0762147302928479,0.0592174125642948,0.8255861539390728,1.46,2.228652776285186,1.893752953125981,-0.1801015500765151,0.0063379328457915,0.0555517437425587,0.0,1,16.649999618530273,19.510000228881836,3.1067853328159867,9.325,8.55,real_post_mid,0.9325,2.6,-18.350000000000144,-0.0011121212121212207,fold_5,logreg,0.851063829787234
GPC,2025-06-30,2025-07-22,1.0,119.77,116.14,11.31,14.78,2.0556,2.18,1.94,11.0,2.0542,2.0652,2.1489,2.1471,0.0,0.0,0.0,7.0,6103416350.0,6190800000.0,6018471870.0,11.0,7525.6,8028.0,181.76,977.03,1.43,-75.02,1.65,-21.17,8.7,-6.73,-14.94,1.19,-1.13,125.0,135.0,125.0,2025-08-15,4.0,4.8,8.8,7.04,10.85,0.975,11.825,137.8,12.800000000000011,0.33682,0.33682,0.33682,0.209995,37.65364289531501,-0.053655,746.0,58.0,2.2461059190031154,25.0,8.000000000000007,0,-0.9600000000000072,2025-07-21,631.0,623.4815063476562,0.1354321428571428,0.1417,0.1472771428571428,0.0062678571428571,0.0118449999999999,0,0.16122,0.12219,0.03903,0.0062728571428571,0.1745843230403796,0.1192473060633678,0.3784860557768924,0.0629218260559761,0.0762147302928479,0.0592174125642948,0.8255861539390728,1.46,2.228652776285186,1.893752953125981,-0.1801015500765151,0.0063379328457915,0.0555517437425587,0.0,1,16.649999618530273,19.510000228881836,3.1067853328159867,8.8,11.825,real_post_mid,0.8800000000000001,2.6,-393.09999999999985,-0.03144799999999999,fold_5,logreg,0.851063829787234
CB,2025-06-30,2025-07-22,1.0,283.82,284.49,-1.79,-2.02,5.9662,6.21,5.54,16.0,5.9768,5.9803,6.001,6.004,0.0,0.0,4.0,10.0,12532200000.0,12657000000.0,12381000000.0,5.0,21143.3,18498.41,992.81,416.88,4.46,-75.99,11.29,-31.98,-38.87,-33.66,-8.67,-7.64,-1.78,275.0,270.0,275.0,2025-08-15,6.1,5.949999999999999,12.05,4.381818181818181,3.2249999999999996,7.1,10.325,274.21,0.7900000000000205,0.21975,0.20024,0.209995,0.17585,16.25991095026071,-0.0097549999999999,459.0,39.0,0.5180972078593589,25.0,1.8181818181818188,1,2.563636363636362,2025-07-21,631.0,623.4815063476562,0.1354321428571428,0.1417,0.1472771428571428,0.0062678571428571,0.0118449999999999,0,0.16122,0.12219,0.03903,0.0062728571428571,0.1745843230403796,0.1192473060633678,0.3784860557768924,0.0629218260559761,0.0762147302928479,0.0592174125642948,0.8255861539390728,1.46,2.228652776285186,1.893752953125981,-0.1801015500765151,0.0063379328457915,0.0555517437425587,0.0,1,16.649999618530273,19.510000228881836,3.1067853328159867,12.049999999999999,10.325,real_post_mid,1.205,2.6,49.399999999999956,0.0017963636363636348,fold_5,logreg,0.851063829787234
CSGP,2025-06-30,2025-07-22,1.0,79.65,81.83,6.92,4.07,0.1371,0.18,0.1,14.0,0.1356,0.1345,0.1684,0.165,0.0,0.0,0.0,3.0,771920650.0,773900000.0,770000000.0,15.0,-59600.29,-60044.27,178.2,95.23,11.55,-73.24,11.44,93.2,-22.72,147.37,0.0,0.57,0.67,85.0,90.0,85.0,2025-08-15,3.75,3.5,7.25,8.529411764705882,6.9,0.525,7.425000000000001,89.66,4.659999999999997,0.40511,0.40511,0.40511,0.25877,36.123522006368646,-0.09268,194.0,111.0,1.9862091084028224,25.0,5.882352941176472,1,2.6470588235294104,2025-07-21,631.0,623.4815063476562,0.1354321428571428,0.1417,0.1472771428571428,0.0062678571428571,0.0118449999999999,0,0.16122,0.12219,0.03903,0.0062728571428571,0.1745843230403796,0.1192473060633678,0.3784860557768924,0.0629218260559761,0.0762147302928479,0.0592174125642948,0.8255861539390728,1.46,2.228652776285186,1.893752953125981,-0.1801015500765151,0.0063379328457915,0.0555517437425587,0.0,1,16.649999618530273,19.510000228881836,3.1067853328159867,7.25,7.425000000000001,real_post_mid,0.7250000000000001,2.6,-92.60000000000008,-0.010894117647058834,fold_5,logreg,0.851063829787234
BKR,2025-06-30,2025-07-22,1.0,39.0,35.89,2.62,11.51,0.5542,0.59,0.52,19.0,0.5544,0.5527,0.5553,0.5945,2.0,0.0,4.0,2.0,6630858880.0,6723106240.0,6448000000.0,20.0,860.32,866.43,53.9,164.21,0.14,-76.91,7.63,-6.98,-42.86,-7.05,13.94,3.04,1.42,40.0,45.0,40.0,2025-08-15,1.3,1.5,2.8,6.999999999999999,4.800000000000001,0.175,4.9750000000000005,42.8,2.799999999999997,0.31731,0.35633,0.33682,0.278285,17.37871860340835,-0.0341449999999999,1372.0,260.0,0.1526156506701254,25.0,12.5,0,-5.500000000000001,2025-07-21,631.0,623.4815063476562,0.1354321428571428,0.1417,0.1472771428571428,0.0062678571428571,0.0118449999999999,0,0.16122,0.12219,0.03903,0.0062728571428571,0.1745843230403796,0.1192473060633678,0.3784860557768924,0.0629218260559761,0.0762147302928479,0.0592174125642948,0.8255861539390728,1.46,2.228652776285186,1.893752953125981,-0.1801015500765151,0.0063379328457915,0.0555517437425587,0.0,1,16.649999618530273,19.510000228881836,3.1067853328159867,2.8,4.9750000000000005,real_post_mid,0.27999999999999997,2.6,-248.10000000000005,-0.06202500000000001,fold_5,logreg,0.851063829787234
AVY,2025-06-30,2025-07-22,0.0,175.48,170.25,3.53,6.71,2.4366,2.73,2.35,7.0,2.4523,2.4456,2.4456,2.5967,0.0,0.0,0.0,5.0,2230144880.0,2246000000.0,2194614160.0,7.0,9377.38,9458.94,-64.26,49.72,-0.14,-75.46,4.2,0.44,-3.36,-1.32,-4.64,-0.46,-0.56,180.0,180.0,180.0,2025-08-15,4.949999999999999,5.25,10.2,5.666666666666666,4.175,4.0,8.175,174.78,5.219999999999999,0.27829,0.26853,0.27341,0.22951,16.056471965180496,-0.0390249999999999,29.0,3.0,0.3235294117647059,25.0,0.0,1,5.666666666666666,2025-07-21,631.0,623.4815063476562,0.1354321428571428,0.1417,0.1472771428571428,0.0062678571428571,0.0118449999999999,0,0.16122,0.12219,0.03903,0.0062728571428571,0.1745843230403796,0.1192473060633678,0.3784860557768924,0.0629218260559761,0.0762147302928479,0.0592174125642948,0.8255861539390728,1.46,2.228652776285186,1.893752953125981,-0.1801015500765151,0.0063379328457915,0.0555517437425587,0.0,1,16.649999618530273,19.510000228881836,3.1067853328159867,10.2,8.175,real_post_mid,1.02,2.6,97.89999999999986,0.005438888888888881,fold_5,logreg,0.851063829787234
IPG,2025-06-30,2025-07-22,1.0,23.42,23.99,9.69,7.09,0.5703,0.6448,0.53,6.0,0.5483,0.5525,0.5425,0.602,3.0,0.0,2.0,2.0,2148050000.0,2155000000.0,2141100000.0,2.0,6466.4,6385.76,242.82,342.36,-6.94,-78.28,-2.01,-8.33,-70.27,-94.21,-122.8,-0.23,-9.19,24.0,27.0,24.0,2025-08-15,0.65,0.675,1.3250000000000002,5.520833333333334,2.95,0.725,3.675,26.09,2.09,0.23926,0.28804,0.26365,0.2197549999999999,16.648966432770727,0.136585,12.0,2.0,0.2313624678663239,25.0,12.5,0,-6.979166666666666,2025-07-21,631.0,623.4815063476562,0.1354321428571428,0.1417,0.1472771428571428,0.0062678571428571,0.0118449999999999,0,0.16122,0.12219,0.03903,0.0062728571428571,0.1745843230403796,0.1192473060633678,0.3784860557768924,0.0629218260559761,0.0762147302928479,0.0592174125642948,0.8255861539390728,1.46,2.228652776285186,1.893752953125981,-0.1801015500765151,0.0063379328457915,0.0555517437425587,0.0,1,16.649999618530273,19.510000228881836,3.1067853328159867,1.3250000000000002,3.675,real_post_mid,0.13250000000000003,2.6,-250.84999999999994,-0.10452083333333331,fold_5,logreg,0.851063829787234
IVZ,2025-06-30,2025-07-22,0.0,14.81,13.51,43.48,57.29,0.3867,0.4143,0.35,12.0,0.3876,0.3869,0.3845,0.4583,0.0,0.0,1.0,1.0,1088463940.0,1103200000.0,1074630620.0,6.0,4854.24,4586.3,76.8,102.82,3.65,-74.79,5.14,33.33,-15.38,16.17,30.13,2.53,3.69,20.0,21.0,20.0,2025-08-15,0.9,0.775,1.675,8.375,1.625,0.225,1.85,21.12,1.120000000000001,0.36609,0.43438,0.400235,0.31243,21.93836121278749,-0.05854,745.0,929.0,0.2303094700491433,25.0,5.000000000000004,1,3.3749999999999956,2025-07-21,631.0,623.4815063476562,0.1354321428571428,0.1417,0.1472771428571428,0.0062678571428571,0.0118449999999999,0,0.16122,0.12219,0.03903,0.0062728571428571,0.1745843230403796,0.1192473060633678,0.3784860557768924,0.0629218260559761,0.0762147302928479,0.0592174125642948,0.8255861539390728,1.46,2.228652776285186,1.893752953125981,-0.1801015500765151,0.0063379328457915,0.0555517437425587,0.0,1,16.649999618530273,19.510000228881836,3.1067853328159867,1.675,1.85,real_post_mid,0.1675,2.6,-36.85,-0.018425,fold_5,logreg,0.851063829787234
SYF,2025-06-30,2025-07-22,1.0,62.34,49.91,13.35,41.57,1.6961,1.97,1.49,15.0,1.6821,1.6156,1.625,1.7356,3.0,0.0,7.0,0.0,3709697390.0,3773400000.0,3550000000.0,11.0,18427.92,17687.67,940.58,833.57,-15.26,-76.42,26.72,60.17,-1.05,-14.19,-46.94,0.09,-19.68,70.0,72.5,70.0,2025-08-15,2.15,2.825,4.975,7.107142857142856,3.3,1.2000000000000002,4.5,71.49,1.4899999999999949,0.31731,0.36609,0.3417,0.29292,14.275680421422296,-0.0439,824.0,211.0,0.7254960914010824,25.0,3.571428571428581,1,3.535714285714275,2025-07-21,631.0,623.4815063476562,0.1354321428571428,0.1417,0.1472771428571428,0.0062678571428571,0.0118449999999999,0,0.16122,0.12219,0.03903,0.0062728571428571,0.1745843230403796,0.1192473060633678,0.3784860557768924,0.0629218260559761,0.0762147302928479,0.0592174125642948,0.8255861539390728,1.46,2.228652776285186,1.893752953125981,-0.1801015500765151,0.0063379328457915,0.0555517437425587,0.0,1,16.649999618530273,19.510000228881836,3.1067853328159867,4.975,4.5,real_post_mid,0.4975,2.6,-4.850000000000035,-0.0006928571428571478,fold_5,logreg,0.851063829787234
PNR,2025-06-30,2025-07-22,0.0,97.27,87.75,7.81,19.51,1.3317,1.37,1.31,18.0,1.3311,1.3311,1.3311,1.3368,2.0,0.0,2.0,0.0,1117008720.0,1143000000.0,1110800000.0,17.0,6124.72,5747.59,-247.7,583.44,-0.67,-75.25,-0.38,18.09,2.78,10.76,12.33,1.56,2.33,105.0,105.0,105.0,2025-08-15,3.175,2.875,6.05,5.761904761904762,1.65,2.725,4.375,104.98,0.019999999999996,0.27829,0.26853,0.27341,0.21,23.19227533740536,-0.024395,1447.0,104.0,0.2258522727272727,25.0,0.0,1,5.761904761904762,2025-07-21,631.0,623.4815063476562,0.1354321428571428,0.1417,0.1472771428571428,0.0062678571428571,0.0118449999999999,0,0.16122,0.12219,0.03903,0.0062728571428571,0.1745843230403796,0.1192473060633678,0.3784860557768924,0.0629218260559761,0.0762147302928479,0.0592174125642948,0.8255861539390728,1.46,2.228652776285186,1.893752953125981,-0.1801015500765151,0.0063379328457915,0.0555517437425587,0.0,1,16.649999618530273,19.510000228881836,3.1067853328159867,6.05,4.375,real_post_mid,0.605,2.6,104.39999999999999,0.009942857142857142,fold_5,logreg,0.851063829787234
SHW,2025-06-30,2025-07-22,0.0,333.5,331.25,1.97,2.66,3.8139,3.96,3.6217,23.0,3.8139,3.8112,3.8241,3.9016,1.0,0.0,1.0,2.0,6302469250.0,6511000000.0,6202000000.0,17.0,-84257.22,-84331.56,-235.05,458.04,-1.15,-77.03,0.15,3.69,7.66,2.4,3.93,1.07,0.7,340.0,340.0,340.0,2025-08-15,11.2,8.3,19.5,5.735294117647059,8.95,5.7,14.65,364.4,24.399999999999977,0.27829,0.26853,0.27341,0.209995,23.194104092754472,-0.0243899999999999,335.0,52.0,1.0516273849607185,25.0,0.0,1,5.735294117647059,2025-07-21,631.0,623.4815063476562,0.1354321428571428,0.1417,0.1472771428571428,0.0062678571428571,0.0118449999999999,0,0.16122,0.12219,0.03903,0.0062728571428571,0.1745843230403796,0.1192473060633678,0.3784860557768924,0.0629218260559761,0.0762147302928479,0.0592174125642948,0.8255861539390728,1.46,2.228652776285186,1.893752953125981,-0.1801015500765151,0.0063379328457915,0.0555517437425587,0.0,1,16.649999618530273,19.510000228881836,3.1067853328159867,19.5,14.65,real_post_mid,1.9500000000000002,2.6,287.3999999999999,0.008452941176470587,fold_5,logreg,0.851063829787234
PCAR,2025-06-30,2025-07-22,0.0,90.99,89.08,8.34,10.66,1.3736,1.62,1.2621,7.0,1.405,1.6557,1.7793,1.8177,1.0,0.0,1.0,7.0,7034934650.0,7651000000.0,6474565000.0,12.0,-13923.3,-11702.01,-848.64,1055.07,-14.78,-77.88,-5.44,-57.71,-42.17,-38.06,-38.65,-4.24,-4.94,93.8,102.0,95.0,2025-08-15,3.0,5.0,8.0,8.528784648187633,7.199999999999999,0.7749999999999999,7.975,98.22,3.219999999999999,0.39536,0.41487,0.405115,0.27341,32.51052170371376,-0.11707,173.0,1170.0,1.0854166666666667,25.0,8.742004264392333,0,-0.2132196162047002,2025-07-21,631.0,623.4815063476562,0.1354321428571428,0.1417,0.1472771428571428,0.0062678571428571,0.0118449999999999,0,0.16122,0.12219,0.03903,0.0062728571428571,0.1745843230403796,0.1192473060633678,0.3784860557768924,0.0629218260559761,0.0762147302928479,0.0592174125642948,0.8255861539390728,1.46,2.228652776285186,1.893752953125981,-0.1801015500765151,0.0063379328457915,0.0555517437425587,0.0,1,16.649999618530273,19.510000228881836,3.1067853328159867,8.0,7.975,real_post_mid,0.8,2.6,-80.09999999999997,-0.008539445628997864,fold_5,logreg,0.851063829787234
NOC,2025-06-30,2025-07-22,1.0,497.7,472.65,13.28,19.28,6.6807,7.61,6.07,18.0,6.6152,6.5901,6.6246,7.1284,1.0,0.0,1.0,0.0,10154204170.0,10795445000.0,9904000000.0,17.0,28657.97,34966.68,-1306.38,4570.58,-6.56,-76.93,2.82,-47.47,-48.04,-30.36,-46.5,-4.36,-4.52,515.0,570.0,515.0,2025-08-15,16.049999999999997,16.15,32.199999999999996,6.252427184466018,55.05,0.55,55.599999999999994,583.96,68.96000000000004,0.27829,0.31731,0.2977999999999999,0.19048,36.03760913364673,-0.0585349999999999,70.0,28.0,1.6499567847882457,25.0,10.679611650485432,0,-4.427184466019414,2025-07-21,631.0,623.4815063476562,0.1354321428571428,0.1417,0.1472771428571428,0.0062678571428571,0.0118449999999999,0,0.16122,0.12219,0.03903,0.0062728571428571,0.1745843230403796,0.1192473060633678,0.3784860557768924,0.0629218260559761,0.0762147302928479,0.0592174125642948,0.8255861539390728,1.46,2.228652776285186,1.893752953125981,-0.1801015500765151,0.0063379328457915,0.0555517437425587,0.0,1,16.649999618530273,19.510000228881836,3.1067853328159867,32.199999999999996,55.599999999999994,real_post_mid,3.2199999999999998,2.6,-2664.5999999999995,-0.05173980582524271,fold_5,logreg,0.851063829787234
MSCI,2025-06-30,2025-07-22,1.0,544.78,533.41,-3.36,-1.3,4.1073,4.2385,4.02,14.0,4.0966,4.0938,4.0955,4.131,1.0,0.0,1.0,0.0,764280290.0,775300000.0,749000000.0,12.0,13011.04,12180.86,378.03,161.06,9.69,-73.89,13.0,13.64,-4.31,10.97,11.09,0.56,0.64,580.0,530.0,580.0,2025-08-15,20.45,21.1,41.55,7.163793103448275,0.75,48.400000000000006,49.150000000000006,557.02,22.980000000000015,0.33682,0.34658,0.3417,0.22463,34.261047702663156,-0.068295,32.0,31.0,0.2405871091257179,25.0,8.62068965517241,0,-1.4568965517241343,2025-07-21,631.0,623.4815063476562,0.1354321428571428,0.1417,0.1472771428571428,0.0062678571428571,0.0118449999999999,0,0.16122,0.12219,0.03903,0.0062728571428571,0.1745843230403796,0.1192473060633678,0.3784860557768924,0.0629218260559761,0.0762147302928479,0.0592174125642948,0.8255861539390728,1.46,2.228652776285186,1.893752953125981,-0.1801015500765151,0.0063379328457915,0.0555517437425587,0.0,1,16.649999618530273,19.510000228881836,3.1067853328159867,41.55,49.150000000000006,real_post_mid,4.155,2.6,-1178.1000000000008,-0.020312068965517256,fold_5,logreg,0.851063829787234
TXN,2025-06-30,2025-07-22,1.0,198.2,152.15,8.44,41.26,1.3257,1.39,1.17,28.0,1.3257,1.3257,1.3354,1.2418,22.0,0.0,23.0,1.0,4309422050.0,4414000000.0,3978000000.0,29.0,14324.45,13700.2,275.89,130.77,11.14,-73.99,-8.46,4.92,-1.54,4.35,2.95,-0.38,-2.59,215.0,187.5,215.0,2025-07-25,5.575,5.875,11.45,5.325581395348837,0.01,27.975,27.985000000000003,184.99,30.00999999999999,0.63925,0.63925,0.63925,0.3856,39.67931169339069,-0.3024249999999999,249.0,189.0,1.481519357195033,4.0,12.790697674418606,0,-7.465116279069769,2025-07-21,631.0,623.4815063476562,0.1354321428571428,0.1417,0.1472771428571428,0.0062678571428571,0.0118449999999999,0,0.16122,0.12219,0.03903,0.0062728571428571,0.1745843230403796,0.1192473060633678,0.3784860557768924,0.0629218260559761,0.0762147302928479,0.0592174125642948,0.8255861539390728,1.46,2.228652776285186,1.893752953125981,-0.1801015500765151,0.0063379328457915,0.0555517437425587,0.0,1,16.649999618530273,19.510000228881836,3.1067853328159867,11.45,27.985000000000003,real_post_mid,1.145,2.6,-1770.6000000000001,-0.08235348837209303,fold_5,logreg,0.851063829787234
LII,2025-06-30,2025-07-23,1.0,564.18,524.05,17.13,26.09,6.8652,7.23,5.89,20.0,6.8777,6.8479,6.8594,7.0727,2.0,0.0,6.0,5.0,1473682210.0,1551100000.0,1309800000.0,15.0,25028.93,21869.21,1834.83,981.99,2.44,-79.92,6.32,-2.88,-39.82,-5.16,-6.71,-1.84,-1.42,620.0,670.0,620.0,2025-08-15,23.450000000000003,21.75,45.2,7.290322580645162,48.45,1.88,50.330000000000005,591.66,28.340000000000032,0.35633,0.35633,0.35633,0.24414,31.484859540313753,-0.0438999999999999,419.0,5.0,2.3448275862068964,24.0,8.064516129032251,0,-0.774193548387089,2025-07-22,631.0,623.5707397460938,0.13195,0.1461368181818181,0.1476257142857142,0.0141868181818181,0.0156757142857142,0,0.1612199999999999,0.12219,0.0390299999999999,0.0097549999999999,0.0952721829954769,0.1087932236101431,0.350597609561753,0.0430547123045092,0.0746574482322903,0.0572925517677096,0.5766968108868138,1.16,-0.1085445660077069,0.7215265824372862,-0.4078325905075765,0.0108013834208153,0.0581878986298098,0.0,1,16.5,19.530000686645508,3.3049999999999997,45.2,50.330000000000005,real_post_mid,4.5200000000000005,2.6,-967.6000000000003,-0.01560645161290323,fold_5,logreg,0.851063829787234
HAS,2025-06-30,2025-07-23,1.0,70.6,60.37,8.84,27.28,0.7712,0.91,0.63,12.0,0.7604,0.7671,0.777,1.0054,2.0,0.0,2.0,3.0,882250940.0,901000000.0,865000000.0,10.0,11263.2,9376.64,1076.59,497.82,17.14,-78.55,-13.86,70.49,126.09,32.49,46.9,4.21,3.9,77.5,75.0,77.5,2025-08-15,4.45,3.7,8.15,10.516129032258064,1.25,3.3,4.55,81.14,3.640000000000001,0.54169,0.48316,0.512425,0.25877,49.50090257110797,-0.16097,1792.0,256.0,0.2853834276891405,24.0,3.2258064516129004,1,7.290322580645164,2025-07-22,631.0,623.5707397460938,0.13195,0.1461368181818181,0.1476257142857142,0.0141868181818181,0.0156757142857142,0,0.1612199999999999,0.12219,0.0390299999999999,0.0097549999999999,0.0952721829954769,0.1087932236101431,0.350597609561753,0.0430547123045092,0.0746574482322903,0.0572925517677096,0.5766968108868138,1.16,-0.1085445660077069,0.7215265824372862,-0.4078325905075765,0.0108013834208153,0.0581878986298098,0.0,1,16.5,19.530000686645508,3.3049999999999997,8.15,4.55,real_post_mid,0.8150000000000001,2.6,275.90000000000003,0.03560000000000001,fold_5,logreg,0.851063829787234
GL,2025-06-30,2025-07-23,1.0,122.11,123.92,2.21,0.72,3.2578,3.37,3.22,9.0,3.257,3.267,3.3879,3.3922,0.0,0.0,0.0,9.0,1505500000.0,1509000000.0,1500000000.0,3.0,3640.16,3532.26,-143.53,701.67,4.54,-74.38,6.06,10.43,-2.23,2.19,2.23,-51.26,-0.54,125.0,130.0,125.0,2025-08-15,2.8,4.35,7.1499999999999995,5.72,8.0,1.075,9.075,135.43,10.430000000000009,0.28804,0.26853,0.278285,0.263655,5.257200352156973,4.999999999977245e-06,369.0,9.0,1.8688524590163935,24.0,4.0000000000000036,1,1.7199999999999962,2025-07-22,631.0,623.5707397460938,0.13195,0.1461368181818181,0.1476257142857142,0.0141868181818181,0.0156757142857142,0,0.1612199999999999,0.12219,0.0390299999999999,0.0097549999999999,0.0952721829954769,0.1087932236101431,0.350597609561753,0.0430547123045092,0.0746574482322903,0.0572925517677096,0.5766968108868138,1.16,-0.1085445660077069,0.7215265824372862,-0.4078325905075765,0.0108013834208153,0.0581878986298098,0.0,1,16.5,19.530000686645508,3.3049999999999997,7.1499999999999995,9.075,real_post_mid,0.715,2.6,-266.59999999999997,-0.021327999999999996,fold_5,logreg,0.851063829787234
CCI,2025-06-30,2025-07-23,1.0,102.53,100.75,7.02,8.91,0.5195,0.5916,0.459,4.0,0.531,0.531,0.4824,0.3759,0.0,0.0,0.0,0.0,1037446540.0,1048000000.0,999600000.0,15.0,-58853.6,-15996.61,-19705.76,23233.24,-4.76,-83.85,-10.67,-249.25,90.34,-2.12,0.19,-0.84,2.42,110.0,115.0,110.0,2025-08-15,3.0,2.625,5.625,5.113636363636364,5.0,0.85,5.85,101.69,8.310000000000002,0.23926,0.25877,0.249015,0.22463,9.79258277613798,-0.0146299999999999,1327.0,295.0,1.038022813688213,24.0,4.545454545454541,1,0.5681818181818228,2025-07-22,631.0,623.5707397460938,0.13195,0.1461368181818181,0.1476257142857142,0.0141868181818181,0.0156757142857142,0,0.1612199999999999,0.12219,0.0390299999999999,0.0097549999999999,0.0952721829954769,0.1087932236101431,0.350597609561753,0.0430547123045092,0.0746574482322903,0.0572925517677096,0.5766968108868138,1.16,-0.1085445660077069,0.7215265824372862,-0.4078325905075765,0.0108013834208153,0.0581878986298098,0.0,1,16.5,19.530000686645508,3.3049999999999997,5.625,5.85,real_post_mid,0.5625,2.6,-81.34999999999997,-0.007395454545454543,fold_5,logreg,0.851063829787234
CME,2025-06-30,2025-07-23,1.0,272.66,263.27,1.4,5.02,2.9177,3.0,2.8484,15.0,2.9404,2.9791,2.9692,2.7576,0.0,0.0,3.0,9.0,1682714980.0,1692143980.0,1676000000.0,11.0,4983.25,4829.87,98.1,81.09,10.38,-73.21,11.52,12.0,11.11,10.53,15.46,1.26,2.98,280.0,280.0,280.0,2025-08-15,4.6,9.25,13.85,4.946428571428571,4.6,6.35,10.95,273.92,6.079999999999984,0.22951,0.23926,0.234385,0.19536,16.64995626853254,-0.014635,1113.0,184.0,0.790650406504065,24.0,0.0,1,4.946428571428571,2025-07-22,631.0,623.5707397460938,0.13195,0.1461368181818181,0.1476257142857142,0.0141868181818181,0.0156757142857142,0,0.1612199999999999,0.12219,0.0390299999999999,0.0097549999999999,0.0952721829954769,0.1087932236101431,0.350597609561753,0.0430547123045092,0.0746574482322903,0.0572925517677096,0.5766968108868138,1.16,-0.1085445660077069,0.7215265824372862,-0.4078325905075765,0.0108013834208153,0.0581878986298098,0.0,1,16.5,19.530000686645508,3.3049999999999997,13.85,10.95,real_post_mid,1.385,2.6,148.90000000000003,0.005317857142857144,fold_5,logreg,0.851063829787234
APH,2025-06-30,2025-07-23,1.0,95.25,76.03,5.73,32.46,0.6658,0.6811,0.65,15.0,0.6633,0.6616,0.662,0.5604,3.0,0.0,2.0,0.0,5040465200.0,5142000000.0,4941000000.0,15.0,-8374.56,-8838.66,292.55,118.39,47.74,-68.4,25.46,-21.25,14.55,58.55,56.07,0.73,1.19,105.0,105.0,105.0,2025-08-15,3.375,5.8,9.175,8.738095238095239,2.825,3.0,5.825,109.21,4.209999999999994,0.44414,0.39536,0.4197499999999999,0.283165,32.539606908874326,-0.1219549999999999,2598.0,2999.0,0.9081768625075712,24.0,0.0,1,8.738095238095239,2025-07-22,631.0,623.5707397460938,0.13195,0.1461368181818181,0.1476257142857142,0.0141868181818181,0.0156757142857142,0,0.1612199999999999,0.12219,0.0390299999999999,0.0097549999999999,0.0952721829954769,0.1087932236101431,0.350597609561753,0.0430547123045092,0.0746574482322903,0.0572925517677096,0.5766968108868138,1.16,-0.1085445660077069,0.7215265824372862,-0.4078325905075765,0.0108013834208153,0.0581878986298098,0.0,1,16.5,19.530000686645508,3.3049999999999997,9.175,5.825,real_post_mid,0.9175000000000001,2.6,240.65000000000006,0.022919047619047624,fold_5,logreg,0.851063829787234
MCO,2025-06-30,2025-07-23,1.0,476.27,439.58,6.64,15.54,3.3892,3.58,3.1924,20.0,3.3459,3.2746,3.2865,3.5998,5.0,0.0,10.0,0.0,1847538110.0,1881000000.0,1804979000.0,19.0,20576.26,19544.58,375.35,318.94,7.73,-72.86,18.5,13.65,46.18,7.77,9.98,0.62,0.94,500.0,510.0,500.0,2025-08-15,13.8,13.4,27.200000000000003,5.44,19.85,4.5,24.35,516.46,16.460000000000036,0.26853,0.26853,0.26853,0.20024,25.43105053439094,-0.0341449999999999,88.0,24.0,0.6480769230769231,24.0,2.0000000000000018,1,3.4399999999999986,2025-07-22,631.0,623.5707397460938,0.13195,0.1461368181818181,0.1476257142857142,0.0141868181818181,0.0156757142857142,0,0.1612199999999999,0.12219,0.0390299999999999,0.0097549999999999,0.0952721829954769,0.1087932236101431,0.350597609561753,0.0430547123045092,0.0746574482322903,0.0572925517677096,0.5766968108868138,1.16,-0.1085445660077069,0.7215265824372862,-0.4078325905075765,0.0108013834208153,0.0581878986298098,0.0,1,16.5,19.530000686645508,3.3049999999999997,27.200000000000003,24.35,real_post_mid,2.7200000000000006,2.6,10.400000000000079,0.00020800000000000156,fold_5,logreg,0.851063829787234
TEL,2025-06-30,2025-07-23,1.0,165.82,143.52,21.84,40.77,2.0769,2.1712,2.01,17.0,2.0704,2.0603,2.0638,2.0289,6.0,0.0,6.0,0.0,4318702630.0,4401000000.0,4231000000.0,16.0,4504.26,9032.57,-1412.19,2382.35,4.44,8.0,1.07,-97.85,-98.04,7.02,10.2,1.05,1.02,180.0,210.0,180.0,2025-08-15,6.050000000000001,5.25,11.3,6.277777777777778,26.0,0.32,26.32,202.71,22.710000000000008,0.2978,0.30755,0.302675,0.234385,22.562154125712404,-0.04878,72.0,31.0,0.3941290740341032,24.0,16.666666666666675,0,-10.388888888888896,2025-07-22,631.0,623.5707397460938,0.13195,0.1461368181818181,0.1476257142857142,0.0141868181818181,0.0156757142857142,0,0.1612199999999999,0.12219,0.0390299999999999,0.0097549999999999,0.0952721829954769,0.1087932236101431,0.350597609561753,0.0430547123045092,0.0746574482322903,0.0572925517677096,0.5766968108868138,1.16,-0.1085445660077069,0.7215265824372862,-0.4078325905075765,0.0108013834208153,0.0581878986298098,0.0,1,16.5,19.530000686645508,3.3049999999999997,11.3,26.32,real_post_mid,1.1300000000000001,2.6,-1617.5999999999997,-0.08986666666666665,fold_5,logreg,0.851063829787234
TDY,2025-06-30,2025-07-23,1.0,491.0,459.13,11.32,19.05,5.0496,5.16,4.93,9.0,5.0323,5.0276,5.092,5.1574,1.0,0.0,1.0,0.0,1475785030.0,1490485200.0,1456352000.0,9.0,44256.48,43328.29,531.07,298.78,7.39,-74.43,1.27,8.79,-10.33,8.87,10.67,-0.22,0.53,560.0,550.0,560.0,2025-08-15,13.0,15.9,28.9,5.160714285714285,7.35,14.45,21.799999999999997,538.47,21.529999999999973,0.24902,0.25877,0.253895,0.20024,21.13275172807656,-0.0536549999999999,4.0,2.0,0.6578947368421053,24.0,1.7857142857142905,1,3.3749999999999942,2025-07-22,631.0,623.5707397460938,0.13195,0.1461368181818181,0.1476257142857142,0.0141868181818181,0.0156757142857142,0,0.1612199999999999,0.12219,0.0390299999999999,0.0097549999999999,0.0952721829954769,0.1087932236101431,0.350597609561753,0.0430547123045092,0.0746574482322903,0.0572925517677096,0.5766968108868138,1.16,-0.1085445660077069,0.7215265824372862,-0.4078325905075765,0.0108013834208153,0.0581878986298098,0.0,1,16.5,19.530000686645508,3.3049999999999997,28.9,21.799999999999997,real_post_mid,2.89,2.6,418.4000000000001,0.007471428571428573,fold_5,logreg,0.851063829787234
ROL,2025-06-30,2025-07-23,0.0,57.13,55.47,-3.45,-0.56,0.3033,0.32,0.29,8.0,0.3033,0.3033,0.303,0.3038,1.0,0.0,1.0,2.0,988769700.0,993600000.0,981000000.0,7.0,-2901.41,-2891.69,-2.56,17.7,9.91,-75.73,9.79,10.0,-4.35,7.59,7.72,0.2,-0.36,55.0,57.5,55.0,2025-08-15,1.7999999999999998,1.6,3.4,6.181818181818182,3.3,0.2249999999999999,3.525,57.33,2.3299999999999983,0.25877,0.33682,0.297795,0.17097,42.58802196141641,-0.07804,269.0,2.0,1.5789473684210529,24.0,4.545454545454541,1,1.6363636363636402,2025-07-22,631.0,623.5707397460938,0.13195,0.1461368181818181,0.1476257142857142,0.0141868181818181,0.0156757142857142,0,0.1612199999999999,0.12219,0.0390299999999999,0.0097549999999999,0.0952721829954769,0.1087932236101431,0.350597609561753,0.0430547123045092,0.0746574482322903,0.0572925517677096,0.5766968108868138,1.16,-0.1085445660077069,0.7215265824372862,-0.4078325905075765,0.0108013834208153,0.0581878986298098,0.0,1,16.5,19.530000686645508,3.3049999999999997,3.4,3.525,real_post_mid,0.34,2.6,-49.1,-0.008927272727272728,fold_5,logreg,0.851063829787234
MOH,2025-06-30,2025-07-23,0.0,291.14,313.81,-34.65,-39.37,5.5314,6.11,5.11,13.0,5.5849,6.2063,6.2054,6.1955,0.0,0.0,0.0,10.0,10940744230.0,11232171000.0,10480259150.0,11.0,19248.48,20665.57,-809.6,1231.84,12.24,-72.58,18.3,6.11,20.4,2.12,1.64,-0.8,-0.41,180.0,160.0,180.0,2025-08-15,13.35,12.95,26.299999999999997,14.61111111111111,2.35,23.049999999999997,25.4,167.49,12.509999999999993,0.69779,0.73681,0.7173,0.566085,21.081137599330837,-0.102435,20.0,15.0,1.52561669829222,24.0,11.111111111111116,1,3.4999999999999947,2025-07-22,631.0,623.5707397460938,0.13195,0.1461368181818181,0.1476257142857142,0.0141868181818181,0.0156757142857142,0,0.1612199999999999,0.12219,0.0390299999999999,0.0097549999999999,0.0952721829954769,0.1087932236101431,0.350597609561753,0.0430547123045092,0.0746574482322903,0.0572925517677096,0.5766968108868138,1.16,-0.1085445660077069,0.7215265824372862,-0.4078325905075765,0.0108013834208153,0.0581878986298098,0.0,1,16.5,19.530000686645508,3.3049999999999997,26.299999999999997,25.4,real_post_mid,2.63,2.6,-175.60000000000014,-0.009755555555555562,fold_5,logreg,0.851063829787234
PKG,2025-06-30,2025-07-23,1.0,188.7,188.71,9.34,9.33,2.423,2.48,2.3925,7.0,2.4201,2.4247,2.648,2.696,1.0,0.0,1.0,0.0,2183276510.0,2248138630.0,2130500000.0,7.0,15991.84,15644.7,93.44,326.58,8.16,-74.46,8.13,34.3,-5.71,28.51,43.01,2.53,3.19,210.0,210.0,210.0,2025-08-15,4.425,8.5,12.925,6.154761904761905,3.025,6.15,9.175,193.42,16.580000000000013,0.2978,0.2978,0.2978,0.209995,29.48455339153795,-0.043905,18.0,19.0,0.5,24.0,0.0,1,6.154761904761905,2025-07-22,631.0,623.5707397460938,0.13195,0.1461368181818181,0.1476257142857142,0.0141868181818181,0.0156757142857142,0,0.1612199999999999,0.12219,0.0390299999999999,0.0097549999999999,0.0952721829954769,0.1087932236101431,0.350597609561753,0.0430547123045092,0.0746574482322903,0.0572925517677096,0.5766968108868138,1.16,-0.1085445660077069,0.7215265824372862,-0.4078325905075765,0.0108013834208153,0.0581878986298098,0.0,1,16.5,19.530000686645508,3.3049999999999997,12.925,9.175,real_post_mid,1.2925000000000002,2.6,243.14999999999995,0.011578571428571426,fold_5,logreg,0.851063829787234
NTRS,2025-06-30,2025-07-23,1.0,120.81,92.4,2.83,34.45,2.0126,2.0799,1.9,11.0,2.0128,2.0065,2.0021,2.0395,1.0,0.0,2.0,2.0,1958378860.0,1973000000.0,1944000000.0,7.0,7370.4,6008.0,463.89,520.5,-1.45,-77.87,28.16,97.92,-15.93,54.5,79.42,8.76,6.69,125.0,130.0,125.0,2025-08-15,5.0,2.825,7.825,6.260000000000001,5.55,1.65,7.199999999999999,126.02,1.019999999999996,0.30755,0.28804,0.297795,0.22951,22.930203663594096,-0.004875,750.0,50.0,2.655,24.0,4.0000000000000036,1,2.259999999999997,2025-07-22,631.0,623.5707397460938,0.13195,0.1461368181818181,0.1476257142857142,0.0141868181818181,0.0156757142857142,0,0.1612199999999999,0.12219,0.0390299999999999,0.0097549999999999,0.0952721829954769,0.1087932236101431,0.350597609561753,0.0430547123045092,0.0746574482322903,0.0572925517677096,0.5766968108868138,1.16,-0.1085445660077069,0.7215265824372862,-0.4078325905075765,0.0108013834208153,0.0581878986298098,0.0,1,16.5,19.530000686645508,3.3049999999999997,7.825,7.199999999999999,real_post_mid,0.7825000000000001,2.6,-18.34999999999992,-0.0014679999999999936,fold_5,logreg,0.851063829787234
OTIS,2025-06-30,2025-07-23,0.0,95.98,92.74,-7.8,-4.58,1.0279,1.063,1.0,8.0,1.0281,1.0242,1.0242,1.0515,2.0,0.0,3.0,1.0,3709466490.0,3755783950.0,3659000000.0,6.0,4434.4,4479.84,-67.71,69.05,-2.53,-76.51,-0.52,4.55,-1.08,-22.96,-20.68,0.57,-3.04,100.0,90.0,100.0,2025-08-15,3.2750000000000004,3.05,6.325,6.325,0.05,10.95,11.0,87.43,12.569999999999991,0.24902,0.35633,0.3026749999999999,0.17585,41.90137936730816,-0.1365799999999999,122.0,38.0,0.6597938144329897,24.0,9.999999999999998,0,-3.674999999999998,2025-07-22,631.0,623.5707397460938,0.13195,0.1461368181818181,0.1476257142857142,0.0141868181818181,0.0156757142857142,0,0.1612199999999999,0.12219,0.0390299999999999,0.0097549999999999,0.0952721829954769,0.1087932236101431,0.350597609561753,0.0430547123045092,0.0746574482322903,0.0572925517677096,0.5766968108868138,1.16,-0.1085445660077069,0.7215265824372862,-0.4078325905075765,0.0108013834208153,0.0581878986298098,0.0,1,16.5,19.530000686645508,3.3049999999999997,6.325,11.0,real_post_mid,0.6325000000000001,2.6,-533.35,-0.053335,fold_5,logreg,0.851063829787234
RJF,2025-06-30,2025-07-23,0.0,150.96,137.26,6.56,17.2,2.3577,2.53,2.26,12.0,2.3594,2.374,2.374,2.4865,3.0,0.0,3.0,6.0,3378343760.0,3414900000.0,3344000000.0,9.0,-26910.56,-26559.3,-496.0,615.43,4.93,-4.8,14.42,4.76,0.0,14.37,15.11,3.42,1.63,160.0,165.0,160.0,2025-08-15,5.300000000000001,4.0,9.3,5.8125,8.45,0.8999999999999999,9.35,163.32,3.319999999999993,0.28804,0.27829,0.283165,0.20024,29.285045821340915,-0.02927,153.0,3.0,4.835616438356165,24.0,3.125,1,2.6875,2025-07-22,631.0,623.5707397460938,0.13195,0.1461368181818181,0.1476257142857142,0.0141868181818181,0.0156757142857142,0,0.1612199999999999,0.12219,0.0390299999999999,0.0097549999999999,0.0952721829954769,0.1087932236101431,0.350597609561753,0.0430547123045092,0.0746574482322903,0.0572925517677096,0.5766968108868138,1.16,-0.1085445660077069,0.7215265824372862,-0.4078325905075765,0.0108013834208153,0.0581878986298098,0.0,1,16.5,19.530000686645508,3.3049999999999997,9.3,9.35,real_post_mid,0.9300000000000002,2.6,-100.59999999999991,-0.0062874999999999945,fold_5,logreg,0.851063829787234
EW,2025-06-30,2025-07-24,1.0,75.85,76.04,-0.07,-0.32,0.6225,0.65,0.6,26.0,0.6225,0.6221,0.6225,0.6147,1.0,0.0,1.0,0.0,1485405380.0,1506860510.0,1451000000.0,26.0,-11828.45,-12000.35,95.05,15.64,6.23,-74.03,-2.85,-3.03,8.47,14.84,11.05,0.4,1.22,77.5,80.0,77.5,2025-08-15,2.975,4.25,7.225,9.32258064516129,3.25,0.575,3.825,78.26,0.7600000000000051,0.41487,0.52218,0.4685249999999999,0.20024,57.26161891041033,-0.1560949999999999,3560.0,445.0,1.804727370400215,23.0,3.2258064516129004,1,6.09677419354839,2025-07-23,636.0,628.875732421875,0.12707,0.136825,0.1430978571428571,0.0097549999999999,0.0160278571428571,0,0.1417,0.11244,0.0292599999999999,-2.7755575615628914e-17,0.0,0.0941424971854393,0.2828685258964143,0.0628580914312915,0.0731557864391267,0.0539142135608733,0.8592360835816605,1.29,1.0396189489872232,1.2512765953985816,-0.2531674439327256,0.0160040231925215,0.0567525394983505,0.0,1,15.369999885559082,18.559999465942383,2.6629998855590813,7.225,3.825,real_post_mid,0.7225,2.6,265.1499999999999,0.03421290322580644,fold_5,logreg,0.851063829787234
DOV,2025-06-30,2025-07-24,1.0,179.94,169.01,3.72,10.43,2.3905,2.4971,2.35,16.0,2.3853,2.3822,2.3822,2.387,2.0,0.0,7.0,1.0,2040272520.0,2084000000.0,1999000000.0,14.0,32537.25,16093.32,7867.96,10043.89,-0.94,-75.91,-5.81,5.13,-80.25,-53.25,16.56,2.94,2.39,190.0,185.0,190.0,2025-08-15,6.3,4.8,11.1,5.842105263157895,2.575,5.4,7.975,176.54,13.460000000000008,0.28804,0.28804,0.28804,0.2197549999999999,23.706776836550493,-0.02439,4041.0,1788.0,0.2720044378698225,23.0,2.631578947368418,1,3.210526315789477,2025-07-23,636.0,628.875732421875,0.12707,0.136825,0.1430978571428571,0.0097549999999999,0.0160278571428571,0,0.1417,0.11244,0.0292599999999999,-2.7755575615628914e-17,0.0,0.0941424971854393,0.2828685258964143,0.0628580914312915,0.0731557864391267,0.0539142135608733,0.8592360835816605,1.29,1.0396189489872232,1.2512765953985816,-0.2531674439327256,0.0160040231925215,0.0567525394983505,0.0,1,15.369999885559082,18.559999465942383,2.6629998855590813,11.1,7.975,real_post_mid,1.11,2.6,198.89999999999998,0.010468421052631578,fold_5,logreg,0.851063829787234
AOS,2025-06-30,2025-07-24,1.0,64.94,64.99,13.86,13.77,0.9923,1.06,0.9023,14.0,0.9897,0.9876,0.9871,0.9842,0.0,0.0,1.0,1.0,1000650140.0,1037000000.0,972433000.0,14.0,5112.8,5102.88,81.81,144.41,-1.52,-74.75,-0.31,-5.0,11.76,-4.03,-5.04,-0.29,-0.71,70.0,70.0,70.0,2025-08-15,2.95,1.625,4.575,6.5357142857142865,2.65,0.7,3.3499999999999996,72.21,2.2099999999999937,0.2978,0.32707,0.312435,0.20512,34.34794437242947,-0.05366,1936.0,25.0,3.033980582524272,23.0,0.0,1,6.5357142857142865,2025-07-23,636.0,628.875732421875,0.12707,0.136825,0.1430978571428571,0.0097549999999999,0.0160278571428571,0,0.1417,0.11244,0.0292599999999999,-2.7755575615628914e-17,0.0,0.0941424971854393,0.2828685258964143,0.0628580914312915,0.0731557864391267,0.0539142135608733,0.8592360835816605,1.29,1.0396189489872232,1.2512765953985816,-0.2531674439327256,0.0160040231925215,0.0567525394983505,0.0,1,15.369999885559082,18.559999465942383,2.6629998855590813,4.575,3.3499999999999996,real_post_mid,0.4575,2.6,74.15000000000006,0.010592857142857152,fold_5,logreg,0.851063829787234
DECK,2025-06-30,2025-07-24,1.0,102.22,109.19,2.66,-3.89,0.6808,0.73,0.64,17.0,0.6831,0.6802,0.6808,0.8001,1.0,0.0,1.0,1.0,900387260.0,917300000.0,886700000.0,20.0,-93919.84,-130682.27,13778.79,16761.68,17.1,0.0,18.47,508.5,572.67,16.67,16.27,1.61,-0.22,108.0,117.0,108.0,2025-07-25,6.3,6.55,12.85,11.898148148148149,9.0,0.25,9.25,116.85,8.849999999999994,1.95629,2.07336,2.014825,0.370965,81.58822726539526,-1.34143,160.0,571.0,0.7136905734357131,2.0,8.333333333333325,1,3.564814814814824,2025-07-23,636.0,628.875732421875,0.12707,0.136825,0.1430978571428571,0.0097549999999999,0.0160278571428571,0,0.1417,0.11244,0.0292599999999999,-2.7755575615628914e-17,0.0,0.0941424971854393,0.2828685258964143,0.0628580914312915,0.0731557864391267,0.0539142135608733,0.8592360835816605,1.29,1.0396189489872232,1.2512765953985816,-0.2531674439327256,0.0160040231925215,0.0567525394983505,0.0,1,15.369999885559082,18.559999465942383,2.6629998855590813,12.85,9.25,real_post_mid,1.2850000000000001,2.6,228.89999999999995,0.02119444444444444,fold_5,logreg,0.851063829787234
CNP,2025-06-30,2025-07-24,0.0,36.48,38.19,3.73,-0.92,0.3084,0.3739,0.28,12.0,0.3537,0.3723,0.3978,0.4145,1.0,0.0,1.0,4.0,2000642180.0,2785391660.0,1476689020.0,5.0,5066.7,5094.36,-25.39,21.02,11.45,-66.22,1.81,-3.64,32.5,-1.61,5.36,-2.93,-1.28,37.0,38.0,37.0,2025-08-15,0.96,0.71,1.67,4.513513513513513,1.725,0.2249999999999999,1.95,38.12,1.1199999999999974,0.01488,0.01488,0.01488,0.19048,-1180.1075268817203,0.0,902.0,47.0,0.049970605526161,23.0,2.7027027027026973,1,1.810810810810816,2025-07-23,636.0,628.875732421875,0.12707,0.136825,0.1430978571428571,0.0097549999999999,0.0160278571428571,0,0.1417,0.11244,0.0292599999999999,-2.7755575615628914e-17,0.0,0.0941424971854393,0.2828685258964143,0.0628580914312915,0.0731557864391267,0.0539142135608733,0.8592360835816605,1.29,1.0396189489872232,1.2512765953985816,-0.2531674439327256,0.0160040231925215,0.0567525394983505,0.0,1,15.369999885559082,18.559999465942383,2.6629998855590813,1.67,1.95,real_post_mid,0.167,2.6,-47.300000000000004,-0.012783783783783784,fold_5,logreg,1.0
LH,2025-06-30,2025-07-24,1.0,262.53,228.31,1.97,17.25,4.1639,4.2621,4.08,15.0,4.1769,4.1724,4.1822,4.165,2.0,0.0,2.0,1.0,3486468980.0,3516000000.0,3452200000.0,13.0,42866.14,42472.61,318.51,167.86,5.3,-74.29,6.66,4.35,11.3,-0.16,1.46,0.09,-0.36,250.0,270.0,250.0,2025-08-15,8.05,7.25,15.3,6.12,16.35,0.9,17.25,270.38,20.379999999999995,0.2978,0.31731,0.307555,0.18073,41.23652680008455,-0.063415,169.0,26.0,0.1397670549084858,23.0,8.000000000000007,0,-1.880000000000007,2025-07-23,636.0,628.875732421875,0.12707,0.136825,0.1430978571428571,0.0097549999999999,0.0160278571428571,0,0.1417,0.11244,0.0292599999999999,-2.7755575615628914e-17,0.0,0.0941424971854393,0.2828685258964143,0.0628580914312915,0.0731557864391267,0.0539142135608733,0.8592360835816605,1.29,1.0396189489872232,1.2512765953985816,-0.2531674439327256,0.0160040231925215,0.0567525394983505,0.0,1,15.369999885559082,18.559999465942383,2.6629998855590813,15.3,17.25,real_post_mid,1.5300000000000002,2.6,-350.59999999999997,-0.014023999999999998,fold_5,logreg,0.851063829787234
AMP,2025-06-30,2025-07-24,1.0,521.34,465.94,-0.81,10.98,8.926,9.37,8.29,10.0,8.926,8.8933,9.352,9.4337,0.0,0.0,0.0,2.0,4329107000.0,4397000000.0,4273749000.0,7.0,7363.68,13774.05,-1364.91,5855.69,5.02,-74.78,10.02,-30.51,-44.9,-41.22,-43.64,-104.75,-13.62,540.0,520.0,540.0,2025-08-15,13.65,17.15,30.799999999999997,5.703703703703703,2.775,21.95,24.725,503.08,36.920000000000016,0.26853,0.30755,0.2880399999999999,0.20024,30.48187751701152,-0.0390249999999999,21.0,1.0,0.6314285714285715,23.0,3.703703703703709,1,1.9999999999999944,2025-07-23,636.0,628.875732421875,0.12707,0.136825,0.1430978571428571,0.0097549999999999,0.0160278571428571,0,0.1417,0.11244,0.0292599999999999,-2.7755575615628914e-17,0.0,0.0941424971854393,0.2828685258964143,0.0628580914312915,0.0731557864391267,0.0539142135608733,0.8592360835816605,1.29,1.0396189489872232,1.2512765953985816,-0.2531674439327256,0.0160040231925215,0.0567525394983505,0.0,1,15.369999885559082,18.559999465942383,2.6629998855590813,30.799999999999997,24.725,real_post_mid,3.08,2.6,296.8999999999995,0.005498148148148139,fold_5,logreg,1.0
ALLE,2025-06-30,2025-07-24,1.0,143.61,136.49,13.97,19.91,1.9861,2.05,1.94,11.0,1.9827,1.981,1.981,2.0388,0.0,0.0,0.0,0.0,999212370.0,1021000000.0,971700000.0,8.0,13119.01,11949.61,414.23,230.61,5.37,-75.03,4.26,20.0,0.0,12.37,14.12,1.07,1.6,155.0,165.0,155.0,2025-08-15,4.8,4.8,9.6,6.193548387096774,11.35,,,167.17,12.169999999999987,0.31731,0.30755,0.31243,0.20024,35.90884358096213,-0.0780449999999999,9.0,2.0,3.1,23.0,6.451612903225801,0,-0.2580645161290267,2025-07-23,636.0,628.875732421875,0.12707,0.136825,0.1430978571428571,0.0097549999999999,0.0160278571428571,0,0.1417,0.11244,0.0292599999999999,-2.7755575615628914e-17,0.0,0.0941424971854393,0.2828685258964143,0.0628580914312915,0.0731557864391267,0.0539142135608733,0.8592360835816605,1.29,1.0396189489872232,1.2512765953985816,-0.2531674439327256,0.0160040231925215,0.0567525394983505,0.0,1,15.369999885559082,18.559999465942383,2.6629998855590813,9.6,10.0,intrinsic_fallback,0.96,2.6,-138.60000000000002,-0.00894193548387097,fold_5,logreg,0.851063829787234
LHX,2025-06-30,2025-07-24,1.0,246.65,216.08,10.77,26.44,2.4891,2.64,2.3767,19.0,2.4886,2.4795,2.4852,2.5945,0.0,0.0,0.0,1.0,5313197260.0,5375970000.0,5190278730.0,18.0,10069.25,9732.28,370.3,272.84,-1.52,-75.93,8.21,-21.24,-30.55,15.78,33.73,0.77,2.87,270.0,270.0,270.0,2025-08-15,7.6,6.7,14.3,5.296296296296297,4.9,5.15,10.05,270.55,0.5500000000000114,0.27829,0.25877,0.26853,0.19536,27.24835213942576,-0.0292649999999999,522.0,124.0,0.3063209076175041,23.0,0.0,1,5.296296296296297,2025-07-23,636.0,628.875732421875,0.12707,0.136825,0.1430978571428571,0.0097549999999999,0.0160278571428571,0,0.1417,0.11244,0.0292599999999999,-2.7755575615628914e-17,0.0,0.0941424971854393,0.2828685258964143,0.0628580914312915,0.0731557864391267,0.0539142135608733,0.8592360835816605,1.29,1.0396189489872232,1.2512765953985816,-0.2531674439327256,0.0160040231925215,0.0567525394983505,0.0,1,15.369999885559082,18.559999465942383,2.6629998855590813,14.3,10.05,real_post_mid,1.4300000000000002,2.6,279.4,0.010348148148148148,fold_5,logreg,0.851063829787234
MHK,2025-06-30,2025-07-24,1.0,103.91,106.87,11.64,8.54,2.6058,2.7502,2.55,18.0,2.6057,2.6048,2.6048,2.7949,0.0,0.0,0.0,0.0,2757029700.0,2847000000.0,2687344000.0,16.0,18040.54,17557.25,343.99,151.59,-5.73,-76.69,-3.32,-18.28,-22.05,-18.22,-34.52,-1.15,-1.67,115.0,120.0,115.0,2025-08-15,7.25,4.95,12.2,10.608695652173912,8.3,1.65,9.95,128.08,13.080000000000013,0.54169,0.51243,0.5270600000000001,0.34658,34.24278070807878,-0.107315,211.0,26.0,0.1711711711711711,23.0,4.347826086956519,1,6.260869565217393,2025-07-23,636.0,628.875732421875,0.12707,0.136825,0.1430978571428571,0.0097549999999999,0.0160278571428571,0,0.1417,0.11244,0.0292599999999999,-2.7755575615628914e-17,0.0,0.0941424971854393,0.2828685258964143,0.0628580914312915,0.0731557864391267,0.0539142135608733,0.8592360835816605,1.29,1.0396189489872232,1.2512765953985816,-0.2531674439327256,0.0160040231925215,0.0567525394983505,0.0,1,15.369999885559082,18.559999465942383,2.6629998855590813,12.2,9.95,real_post_mid,1.22,2.6,100.4,0.008730434782608695,fold_5,logreg,0.851063829787234
WY,2025-06-30,2025-07-24,1.0,26.65,24.81,-3.64,3.51,0.106,0.18,0.0691,11.0,0.1492,0.1862,0.1882,0.2153,0.0,0.0,0.0,7.0,1843482700.0,1954000000.0,1762287370.0,11.0,4070.24,3891.42,71.68,42.25,-1.84,-75.25,-7.28,-31.25,0.0,-11.04,-8.67,-0.77,-0.76,26.0,27.0,26.0,2025-08-15,0.775,0.7,1.475,5.673076923076923,0.925,0.375,1.3,25.84,0.1600000000000001,0.2978,0.27829,0.288045,0.23926,16.93658976895971,-0.0146399999999999,518.0,40.0,0.131578947368421,23.0,3.8461538461538542,1,1.8269230769230689,2025-07-23,636.0,628.875732421875,0.12707,0.136825,0.1430978571428571,0.0097549999999999,0.0160278571428571,0,0.1417,0.11244,0.0292599999999999,-2.7755575615628914e-17,0.0,0.0941424971854393,0.2828685258964143,0.0628580914312915,0.0731557864391267,0.0539142135608733,0.8592360835816605,1.29,1.0396189489872232,1.2512765953985816,-0.2531674439327256,0.0160040231925215,0.0567525394983505,0.0,1,15.369999885559082,18.559999465942383,2.6629998855590813,1.475,1.3,real_post_mid,0.14750000000000002,2.6,0.15000000000000258,5.769230769230868e-05,fold_5,logreg,0.851063829787234
WST,2025-06-30,2025-07-24,1.0,222.68,214.55,25.34,30.09,1.5084,1.54,1.43,12.0,1.5067,1.5045,1.5045,1.4362,6.0,0.0,2.0,0.0,726179720.0,735200000.0,720000000.0,11.0,23489.25,21937.32,755.46,362.48,0.42,-75.86,-2.1,-7.05,-20.33,-8.27,1.1,0.06,0.12,230.0,260.0,230.0,2025-08-15,13.85,15.25,29.1,12.65217391304348,34.15,0.675,34.824999999999996,246.2,16.19999999999999,0.64901,0.61974,0.6343749999999999,0.24414,61.51487684729064,-0.1609749999999999,589.0,265.0,0.5701643489254109,23.0,13.043478260869556,0,-0.3913043478260753,2025-07-23,636.0,628.875732421875,0.12707,0.136825,0.1430978571428571,0.0097549999999999,0.0160278571428571,0,0.1417,0.11244,0.0292599999999999,-2.7755575615628914e-17,0.0,0.0941424971854393,0.2828685258964143,0.0628580914312915,0.0731557864391267,0.0539142135608733,0.8592360835816605,1.29,1.0396189489872232,1.2512765953985816,-0.2531674439327256,0.0160040231925215,0.0567525394983505,0.0,1,15.369999885559082,18.559999465942383,2.6629998855590813,29.1,34.824999999999996,real_post_mid,2.91,2.6,-866.0999999999995,-0.03765652173913041,fold_5,logreg,1.0
VRSN,2025-06-30,2025-07-24,1.0,285.03,272.79,0.58,5.09,2.18,2.18,2.18,1.0,2.18,2.18,2.18,2.15,1.0,0.0,1.0,0.0,410965620.0,411355000.0,410576250.0,2.0,10764.0,10639.2,48.0,124.13,4.68,-74.17,4.25,9.38,5.0,1.77,4.75,0.5,0.04,290.0,310.0,290.0,2025-08-15,8.2,7.4,15.6,5.379310344827586,18.2,1.8,20.0,269.89,20.110000000000017,0.27829,0.25877,0.26853,0.20024,25.43105053439094,-0.0048799999999999,685.0,33.0,0.6354166666666666,23.0,6.896551724137923,0,-1.5172413793103363,2025-07-23,636.0,628.875732421875,0.12707,0.136825,0.1430978571428571,0.0097549999999999,0.0160278571428571,0,0.1417,0.11244,0.0292599999999999,-2.7755575615628914e-17,0.0,0.0941424971854393,0.2828685258964143,0.0628580914312915,0.0731557864391267,0.0539142135608733,0.8592360835816605,1.29,1.0396189489872232,1.2512765953985816,-0.2531674439327256,0.0160040231925215,0.0567525394983505,0.0,1,15.369999885559082,18.559999465942383,2.6629998855590813,15.6,20.0,real_post_mid,1.56,2.6,-598.6000000000001,-0.02064137931034483,fold_5,logreg,0.851063829787234
WAB,2025-06-30,2025-07-24,1.0,205.87,184.03,-2.51,9.06,2.1808,2.27,2.0,8.0,2.1771,2.1661,2.171,2.1671,1.0,0.0,2.0,1.0,2772532670.0,2808400000.0,2733080000.0,6.0,12902.18,11988.7,383.17,404.87,4.53,-74.87,6.85,20.63,35.71,11.49,15.05,1.84,1.66,210.0,195.0,210.0,2025-08-15,9.15,4.25,13.4,6.380952380952381,0.425,12.45,12.875,189.16,20.840000000000003,0.2978,0.30755,0.302675,0.20024,33.8432311885686,-0.04878,180.0,0.0,0.0475113122171945,23.0,7.14285714285714,0,-0.7619047619047583,2025-07-23,636.0,628.875732421875,0.12707,0.136825,0.1430978571428571,0.0097549999999999,0.0160278571428571,0,0.1417,0.11244,0.0292599999999999,-2.7755575615628914e-17,0.0,0.0941424971854393,0.2828685258964143,0.0628580914312915,0.0731557864391267,0.0539142135608733,0.8592360835816605,1.29,1.0396189489872232,1.2512765953985816,-0.2531674439327256,0.0160040231925215,0.0567525394983505,0.0,1,15.369999885559082,18.559999465942383,2.6629998855590813,13.4,12.875,real_post_mid,1.34,2.6,-84.09999999999997,-0.004004761904761903,fold_5,logreg,0.851063829787234
TXT,2025-06-30,2025-07-24,1.0,78.76,68.42,2.76,18.28,1.4368,1.52,1.3725,13.0,1.4368,1.4347,1.4436,1.4675,1.0,0.0,1.0,0.0,3635291460.0,3795000000.0,3493777000.0,12.0,17009.76,16512.1,369.07,290.75,3.67,-77.12,6.68,6.67,-4.48,1.77,9.04,0.32,0.32,87.5,80.0,87.5,2025-08-15,2.575,2.625,5.2,5.942857142857143,0.1,7.95,8.05,78.89,8.61,0.2978,0.2978,0.2978,0.21975,26.20886501007388,-0.03415,109.0,52.0,1.3214285714285714,23.0,8.571428571428575,0,-2.6285714285714317,2025-07-23,636.0,628.875732421875,0.12707,0.136825,0.1430978571428571,0.0097549999999999,0.0160278571428571,0,0.1417,0.11244,0.0292599999999999,-2.7755575615628914e-17,0.0,0.0941424971854393,0.2828685258964143,0.0628580914312915,0.0731557864391267,0.0539142135608733,0.8592360835816605,1.29,1.0396189489872232,1.2512765953985816,-0.2531674439327256,0.0160040231925215,0.0567525394983505,0.0,1,15.369999885559082,18.559999465942383,2.6629998855590813,5.2,8.05,real_post_mid,0.52,2.6,-339.6000000000001,-0.03881142857142858,fold_5,logreg,0.851063829787234
POOL,2025-06-30,2025-07-24,1.0,300.74,291.59,8.51,11.92,5.1532,5.35,4.98,9.0,5.1579,5.1579,5.1619,5.1454,0.0,0.0,0.0,1.0,1781544690.0,1805200000.0,1716690480.0,12.0,30198.5,30284.05,-62.46,390.89,-4.4,-79.82,-4.09,-35.29,36.08,-25.06,-28.68,-1.06,-2.46,320.0,330.0,320.0,2025-08-15,12.8,16.0,28.8,9.0,11.05,6.375,17.425,321.75,1.75,0.43438,0.46365,0.449015,0.253895,43.455118425887775,-0.102435,41.0,2.0,0.7145669291338582,23.0,3.125,1,5.875,2025-07-23,636.0,628.875732421875,0.12707,0.136825,0.1430978571428571,0.0097549999999999,0.0160278571428571,0,0.1417,0.11244,0.0292599999999999,-2.7755575615628914e-17,0.0,0.0941424971854393,0.2828685258964143,0.0628580914312915,0.0731557864391267,0.0539142135608733,0.8592360835816605,1.29,1.0396189489872232,1.2512765953985816,-0.2531674439327256,0.0160040231925215,0.0567525394983505,0.0,1,15.369999885559082,18.559999465942383,2.6629998855590813,28.8,17.425,real_post_mid,2.8800000000000003,2.6,846.8999999999999,0.026465624999999996,fold_5,logreg,0.851063829787234
NDAQ,2025-06-30,2025-07-24,1.0,88.12,75.36,6.11,24.07,0.813,0.84,0.7884,16.0,0.8017,0.792,0.7895,0.7807,9.0,0.0,13.0,3.0,1281092560.0,1304000000.0,1265000000.0,11.0,-39961.92,-40081.87,59.84,42.27,24.85,-71.76,24.12,25.4,3.95,29.12,33.41,-2.84,1.68,87.5,95.0,87.5,2025-08-15,2.6500000000000004,1.7,4.3500000000000005,4.9714285714285715,7.800000000000001,0.175,7.975,94.68,7.180000000000007,0.23926,0.24902,0.24414,0.18073,25.972802490374377,-0.029265,637.0,101.0,1.0601556970983723,23.0,8.571428571428562,0,-3.5999999999999908,2025-07-23,636.0,628.875732421875,0.12707,0.136825,0.1430978571428571,0.0097549999999999,0.0160278571428571,0,0.1417,0.11244,0.0292599999999999,-2.7755575615628914e-17,0.0,0.0941424971854393,0.2828685258964143,0.0628580914312915,0.0731557864391267,0.0539142135608733,0.8592360835816605,1.29,1.0396189489872232,1.2512765953985816,-0.2531674439327256,0.0160040231925215,0.0567525394983505,0.0,1,15.369999885559082,18.559999465942383,2.6629998855590813,4.3500000000000005,7.975,real_post_mid,0.43500000000000005,2.6,-408.5999999999999,-0.04669714285714285,fold_5,logreg,1.0
LKQ,2025-06-30,2025-07-24,0.0,37.65,37.41,-15.72,-15.18,0.9233,0.9634,0.91,7.0,0.9233,0.9233,0.9233,0.9737,0.0,0.0,0.0,7.0,3621569290.0,3790000000.0,3496990000.0,7.0,7355.36,7176.49,20.1,153.37,-6.48,-75.88,2.15,-3.66,-1.25,0.76,-0.69,0.55,0.49,37.5,32.5,37.5,2025-08-15,2.1,1.025,3.125,8.333333333333332,0.05,5.6,5.6499999999999995,30.97,6.530000000000001,0.37584,0.40511,0.390475,0.253895,34.97791151802293,-0.073165,827.0,6.0,0.8700564971751412,23.0,13.33333333333333,0,-4.999999999999998,2025-07-23,636.0,628.875732421875,0.12707,0.136825,0.1430978571428571,0.0097549999999999,0.0160278571428571,0,0.1417,0.11244,0.0292599999999999,-2.7755575615628914e-17,0.0,0.0941424971854393,0.2828685258964143,0.0628580914312915,0.0731557864391267,0.0539142135608733,0.8592360835816605,1.29,1.0396189489872232,1.2512765953985816,-0.2531674439327256,0.0160040231925215,0.0567525394983505,0.0,1,15.369999885559082,18.559999465942383,2.6629998855590813,3.125,5.6499999999999995,real_post_mid,0.3125,2.6,-286.34999999999997,-0.07636,fold_5,logreg,0.851063829787234
AON,2025-06-30,2025-07-25,0.0,354.46,335.85,5.2,11.03,3.4203,3.669,3.3,15.0,3.4169,3.4104,3.4123,3.4468,2.0,0.0,2.0,1.0,4159306150.0,4250182370.0,3948000000.0,9.0,2476.05,4033.76,-865.32,1136.74,16.19,-69.88,18.37,0.18,28.28,4.48,-0.27,-1.29,-5.11,360.0,370.0,360.0,2025-08-15,8.55,11.0,19.55,5.430555555555556,12.05,3.175,15.225,367.01,7.009999999999991,0.27829,0.27829,0.27829,0.195365,29.798052391390268,-0.0390299999999999,1170.0,42.0,1.0357142857142858,22.0,2.777777777777768,1,2.6527777777777883,2025-07-24,636.0,629.083984375,0.12707,0.1332795454545454,0.1403089285714285,0.0062095454545454,0.0132389285714285,0,0.15146,0.11244,0.03902,0.0048799999999999,0.0,0.0941424971854393,0.2828685258964143,0.0591788468310523,0.0668575798864619,0.0602124201135381,0.8851479059150865,1.27,0.7829172261433228,1.1962582906098769,-0.2684378834878501,0.0101586149761336,0.0455519434376625,0.0,1,15.390000343322754,18.559999465942383,2.683000343322753,19.55,15.225,real_post_mid,1.955,2.6,234.40000000000012,0.006511111111111114,fold_5,logreg,0.851063829787234
HCA,2025-06-30,2025-07-25,1.0,374.19,327.92,-10.66,1.95,6.3209,6.7,5.98,19.0,6.2704,6.2703,6.2719,6.3233,1.0,0.0,1.0,2.0,18502636790.0,18848000000.0,18165000000.0,19.0,25378.45,23637.76,1174.13,879.12,5.66,-74.05,8.32,20.34,3.7,5.06,11.52,0.82,0.82,345.0,340.0,345.0,2025-08-15,15.15,17.5,32.65,9.463768115942027,7.3,11.0,18.3,395.79,50.79000000000002,0.49292,0.48316,0.48804,0.29292,39.98032948119007,-0.136585,8.0,67.0,2.1501084598698483,22.0,1.449275362318836,1,8.014492753623191,2025-07-24,636.0,629.083984375,0.12707,0.1332795454545454,0.1403089285714285,0.0062095454545454,0.0132389285714285,0,0.15146,0.11244,0.03902,0.0048799999999999,0.0,0.0941424971854393,0.2828685258964143,0.0591788468310523,0.0668575798864619,0.0602124201135381,0.8851479059150865,1.27,0.7829172261433228,1.1962582906098769,-0.2684378834878501,0.0101586149761336,0.0455519434376625,0.0,1,15.390000343322754,18.559999465942383,2.683000343322753,32.65,18.3,real_post_mid,3.265,2.6,1105.8999999999999,0.03205507246376811,fold_5,logreg,0.851063829787234
CINF,2025-06-30,2025-07-28,1.0,146.23,139.85,0.59,5.18,1.3873,1.47,1.24,8.0,1.3748,1.3855,1.3827,1.3682,3.0,0.0,3.0,2.0,2794800000.0,2826000000.0,2768200000.0,4.0,25538.78,20934.28,2832.38,1806.69,-12.57,-77.37,13.84,-113.95,-107.64,-106.8,-111.9,-76.7,-37.39,150.0,155.0,150.0,2025-08-15,4.0,4.199999999999999,8.2,5.466666666666666,5.05,2.575,7.625,151.06,1.0600000000000025,0.28804,0.28804,0.28804,0.249015,13.548465490904052,-0.03902,837.0,1.0,0.1372549019607843,21.0,3.3333333333333437,1,2.133333333333322,2025-07-25,639.0,631.7413940429688,0.12219,0.1288427272727272,0.1361278571428571,0.0066527272727272,0.0139378571428571,0,0.1444885714285714,0.1054685714285714,0.03902,0.0027885714285714,0.0,0.0794917707607355,0.2231075697211155,0.0549454097873187,0.0669811277231808,0.0552088722768191,0.8203118050564441,1.41,1.8254967758796408,1.0512517438644304,-0.289807661830253,0.0151693032456148,0.0493806896006343,0.0,1,14.93000030517578,18.31999969482422,2.711000305175782,8.2,7.625,real_post_mid,0.82,2.6,-27.10000000000007,-0.0018066666666666713,fold_5,logreg,0.851063829787234
BRO,2025-06-30,2025-07-28,1.0,109.58,107.99,-6.39,-5.01,0.9854,1.0242,0.95,12.0,0.9896,0.9995,1.0076,1.0301,1.0,0.0,1.0,4.0,1278673870.0,1286000000.0,1269000000.0,8.0,4083.04,3849.82,136.32,109.65,11.96,-70.56,10.98,13.16,50.0,15.17,15.6,1.7,1.03,105.0,90.0,105.0,2025-08-15,2.05,3.5,5.55,5.285714285714286,0.07,13.15,13.22,95.34,9.659999999999997,0.26853,0.27829,0.27341,0.263655,3.5679016861124366,-0.024395,1091.0,29.0,0.525691699604743,21.0,14.28571428571429,0,-9.000000000000004,2025-07-25,639.0,631.7413940429688,0.12219,0.1288427272727272,0.1361278571428571,0.0066527272727272,0.0139378571428571,0,0.1444885714285714,0.1054685714285714,0.03902,0.0027885714285714,0.0,0.0794917707607355,0.2231075697211155,0.0549454097873187,0.0669811277231808,0.0552088722768191,0.8203118050564441,1.41,1.8254967758796408,1.0512517438644304,-0.289807661830253,0.0151693032456148,0.0493806896006343,0.0,1,14.93000030517578,18.31999969482422,2.711000305175782,5.55,13.22,real_post_mid,0.555,2.6,-825.1000000000001,-0.07858095238095239,fold_5,logreg,0.851063829787234
CDNS,2025-06-30,2025-07-28,1.0,305.2,302.22,9.36,10.44,1.5584,1.6,1.44,16.0,1.569,1.5652,1.5778,1.5805,6.0,0.0,5.0,7.0,1251187320.0,1265100000.0,1204000000.0,17.0,8133.31,7612.54,190.69,199.13,23.12,-73.23,14.95,34.19,-16.49,22.08,44.63,-1.04,4.33,335.0,365.0,335.0,2025-08-15,11.1,13.25,24.35,7.268656716417911,33.3,1.65,34.949999999999996,349.88,14.879999999999995,0.37584,0.3856,0.38072,0.28804,24.34334944316032,-0.06341,335.0,172.0,0.5922150139017609,21.0,8.955223880597018,0,-1.686567164179107,2025-07-25,639.0,631.7413940429688,0.12219,0.1288427272727272,0.1361278571428571,0.0066527272727272,0.0139378571428571,0,0.1444885714285714,0.1054685714285714,0.03902,0.0027885714285714,0.0,0.0794917707607355,0.2231075697211155,0.0549454097873187,0.0669811277231808,0.0552088722768191,0.8203118050564441,1.41,1.8254967758796408,1.0512517438644304,-0.289807661830253,0.0151693032456148,0.0493806896006343,0.0,1,14.93000030517578,18.31999969482422,2.711000305175782,24.35,34.949999999999996,real_post_mid,2.4350000000000005,2.6,-1306.0999999999995,-0.03898805970149252,fold_5,logreg,0.851063829787234
HIG,2025-06-30,2025-07-28,1.0,124.68,122.22,-2.76,-0.8,2.8331,3.23,2.44,17.0,2.8233,2.8239,2.8239,2.8671,3.0,0.0,5.0,4.0,7028961450.0,7061544000.0,6991000000.0,3.0,18922.8,18233.96,842.66,629.65,5.8,-74.34,8.13,-5.98,-25.17,-15.7,-14.05,-3.03,-2.67,125.0,125.0,125.0,2025-08-15,2.35,3.55,5.9,4.720000000000001,1.75,1.85,3.5999999999999996,130.56,5.560000000000002,0.24902,0.23926,0.24414,0.17097,29.97050872450233,-0.0438999999999999,309.0,19.0,0.851063829787234,21.0,0.0,1,4.720000000000001,2025-07-25,639.0,631.7413940429688,0.12219,0.1288427272727272,0.1361278571428571,0.0066527272727272,0.0139378571428571,0,0.1444885714285714,0.1054685714285714,0.03902,0.0027885714285714,0.0,0.0794917707607355,0.2231075697211155,0.0549454097873187,0.0669811277231808,0.0552088722768191,0.8203118050564441,1.41,1.8254967758796408,1.0512517438644304,-0.289807661830253,0.0151693032456148,0.0493806896006343,0.0,1,14.93000030517578,18.31999969482422,2.711000305175782,5.9,3.5999999999999996,real_post_mid,0.5900000000000001,2.6,168.40000000000006,0.013472000000000005,fold_5,logreg,0.851063829787234
UHS,2025-06-30,2025-07-28,1.0,178.08,171.88,-12.99,-9.85,4.9371,5.15,4.74,16.0,4.952,4.9342,4.9482,4.9955,2.0,0.0,2.0,1.0,4239164970.0,4292500000.0,4174000000.0,16.0,26724.24,23849.91,1610.71,834.35,6.66,-74.1,10.15,30.81,-1.63,14.94,16.99,0.67,0.98,155.0,165.0,155.0,2025-08-15,8.05,7.05,15.1,9.741935483870968,10.35,2.1,12.45,178.47,23.47,0.51243,0.51243,0.51243,0.3514549999999999,31.414046796635652,-0.121955,5.0,4.0,1.1935483870967742,21.0,6.451612903225801,1,3.2903225806451672,2025-07-25,639.0,631.7413940429688,0.12219,0.1288427272727272,0.1361278571428571,0.0066527272727272,0.0139378571428571,0,0.1444885714285714,0.1054685714285714,0.03902,0.0027885714285714,0.0,0.0794917707607355,0.2231075697211155,0.0549454097873187,0.0669811277231808,0.0552088722768191,0.8203118050564441,1.41,1.8254967758796408,1.0512517438644304,-0.289807661830253,0.0151693032456148,0.0493806896006343,0.0,1,14.93000030517578,18.31999969482422,2.711000305175782,15.100000000000001,12.45,real_post_mid,1.5100000000000002,2.6,111.40000000000019,0.00718709677419356,fold_5,logreg,0.851063829787234
RVTY,2025-06-30,2025-07-28,1.0,97.82,94.66,-2.84,0.4,1.141,1.1537,1.13,17.0,1.1405,1.1386,1.1384,1.2312,0.0,0.0,3.0,1.0,711329340.0,718787000.0,706000000.0,14.0,2639.5,2251.55,126.66,124.08,2.28,-75.87,,3.06,-28.87,3.61,18.71,-5.4,1.83,105.0,95.0,105.0,2025-08-15,4.4,4.6,9.0,8.571428571428571,0.4,9.75,10.15,90.78,14.22,0.49292,0.40511,0.449015,0.31731,29.33198222776523,-0.102435,108.0,68.0,0.5214105793450882,21.0,9.523809523809524,0,-0.9523809523809526,2025-07-25,639.0,631.7413940429688,0.12219,0.1288427272727272,0.1361278571428571,0.0066527272727272,0.0139378571428571,0,0.1444885714285714,0.1054685714285714,0.03902,0.0027885714285714,0.0,0.0794917707607355,0.2231075697211155,0.0549454097873187,0.0669811277231808,0.0552088722768191,0.8203118050564441,1.41,1.8254967758796408,1.0512517438644304,-0.289807661830253,0.0151693032456148,0.0493806896006343,0.0,1,14.93000030517578,18.31999969482422,2.711000305175782,9.0,10.15,real_post_mid,0.9,2.6,-207.60000000000002,-0.019771428571428575,fold_5,logreg,0.851063829787234
WELL,2025-06-30,2025-07-28,1.0,152.13,151.48,4.05,4.5,0.0,0.0,0.0,0.0,0.0,0.0,0.0,0.0,0.0,0.0,0.0,0.0,2486376520.0,2601800000.0,2379178000.0,6.0,15298.4,13268.0,1248.0,974.59,30.48,-69.59,21.96,81.82,17.65,26.4,20.77,-1.3,-1.27,160.0,165.0,160.0,2025-08-15,4.4,2.875,7.275,4.546875,7.55,1.09,8.64,162.9,2.9000000000000057,0.21975,0.24902,0.234385,0.234385,0.0,-0.004875,184.0,12.0,0.2022988505747126,21.0,3.125,1,1.421875,2025-07-25,639.0,631.7413940429688,0.12219,0.1288427272727272,0.1361278571428571,0.0066527272727272,0.0139378571428571,0,0.1444885714285714,0.1054685714285714,0.03902,0.0027885714285714,0.0,0.0794917707607355,0.2231075697211155,0.0549454097873187,0.0669811277231808,0.0552088722768191,0.8203118050564441,1.41,1.8254967758796408,1.0512517438644304,-0.289807661830253,0.0151693032456148,0.0493806896006343,0.0,1,14.93000030517578,18.31999969482422,2.711000305175782,7.275,8.64,real_post_mid,0.7275,2.6,-211.85000000000002,-0.013240625,fold_5,logreg,0.851063829787234
WM,2025-06-30,2025-07-28,1.0,228.26,228.8,-0.16,-0.39,1.8896,2.1801,1.72,20.0,1.8911,1.8909,1.8916,1.8979,4.0,0.0,0.0,8.0,6361073330.0,6449000000.0,6169000000.0,20.0,5027.89,4939.19,7.19,196.52,16.65,-72.72,8.89,-4.57,-1.76,10.67,1.38,-0.67,-2.57,230.0,240.0,230.0,2025-08-15,5.5,5.300000000000001,10.8,4.695652173913044,7.55,1.5,9.05,226.81,3.1899999999999977,0.24902,0.24902,0.24902,0.166095,33.3005381093888,-0.0487799999999999,4135.0,260.0,0.6126840317100792,21.0,4.347826086956519,1,0.347826086956525,2025-07-25,639.0,631.7413940429688,0.12219,0.1288427272727272,0.1361278571428571,0.0066527272727272,0.0139378571428571,0,0.1444885714285714,0.1054685714285714,0.03902,0.0027885714285714,0.0,0.0794917707607355,0.2231075697211155,0.0549454097873187,0.0669811277231808,0.0552088722768191,0.8203118050564441,1.41,1.8254967758796408,1.0512517438644304,-0.289807661830253,0.0151693032456148,0.0493806896006343,0.0,1,14.93000030517578,18.31999969482422,2.711000305175782,10.8,9.05,real_post_mid,1.08,2.6,64.4,0.0028000000000000004,fold_5,logreg,0.851063829787234
PFG,2025-06-30,2025-07-28,1.0,79.19,74.59,1.52,7.78,1.9732,2.09,1.86,12.0,1.9862,2.003,2.0145,2.0561,2.0,0.0,3.0,6.0,3982950000.0,4033000000.0,3937800000.0,4.0,10264.48,10629.89,189.55,509.16,-8.82,-77.08,4.91,9.7,-6.7,-95.39,-95.39,-10.4,-14.69,80.0,80.0,80.0,2025-08-15,1.9,2.475,4.375,5.46875,1.7,1.9,3.5999999999999996,77.64,2.359999999999999,0.15146,0.39536,0.27341,0.258775,5.352766906843206,-0.019515,20.0,0.0,0.0408163265306122,21.0,0.0,1,5.46875,2025-07-25,639.0,631.7413940429688,0.12219,0.1288427272727272,0.1361278571428571,0.0066527272727272,0.0139378571428571,0,0.1444885714285714,0.1054685714285714,0.03902,0.0027885714285714,0.0,0.0794917707607355,0.2231075697211155,0.0549454097873187,0.0669811277231808,0.0552088722768191,0.8203118050564441,1.41,1.8254967758796408,1.0512517438644304,-0.289807661830253,0.0151693032456148,0.0493806896006343,0.0,1,14.93000030517578,18.31999969482422,2.711000305175782,4.375,3.5999999999999996,real_post_mid,0.4375,2.6,31.150000000000034,0.0038937500000000044,fold_5,logreg,0.9449361484961862
HUBB,2025-06-30,2025-07-29,1.0,406.62,363.18,5.09,17.66,4.3968,4.51,4.2471,13.0,4.4276,4.449,4.4498,4.6895,0.0,0.0,2.0,5.0,1507276300.0,1536000000.0,1469000000.0,10.0,17173.92,17588.35,415.25,871.02,-2.42,-75.74,3.94,-2.78,-14.63,-0.71,4.6,1.05,1.18,440.0,440.0,440.0,2025-08-15,14.4,16.2,30.6,6.954545454545453,9.05,11.0,20.05,427.65,12.350000000000025,0.37584,0.40511,0.390475,0.27341,29.98015237851336,-0.08292,400.0,485.0,0.3949367088607595,18.0,0.0,1,6.954545454545453,2025-07-28,638.0,631.5828247070312,0.12219,0.12707,0.1382192857142857,0.00488,0.0160292857142857,0,0.1486714285714286,0.1096514285714285,0.03902,0.0069714285714286,0.0,0.0794917707607355,0.2270916334661354,0.0596057743992524,0.0644082470301238,0.0577817529698761,0.9254369921195764,0.9,-2.0175580674884275,0.8345332520024996,-0.3151264770209716,0.0129936786847655,0.0409727378565454,-0.000251003555304,1,15.029999732971191,18.15999984741211,2.810999732971192,30.6,20.05,real_post_mid,3.0600000000000005,2.6,746.4,0.016963636363636365,fold_5,logreg,0.851063829787234
CBRE,2025-06-30,2025-07-29,1.0,139.38,122.18,13.4,29.36,1.0706,1.16,0.95,11.0,1.0736,1.0714,1.0602,1.0379,2.0,0.0,3.0,1.0,9455969400.0,9559000000.0,9306447800.0,7.0,15974.24,15315.62,312.11,106.63,12.29,-75.09,11.96,10.26,-62.93,26.52,35.29,0.06,0.53,145.0,160.0,145.0,2025-08-15,5.8,3.5,9.3,6.413793103448276,13.1,0.35,13.45,158.93,13.930000000000009,0.37584,0.33682,0.35633,0.24414,31.484859540313764,-0.03902,167.0,30.0,0.0366941015089163,18.0,10.344827586206897,0,-3.931034482758619,2025-07-28,638.0,631.5828247070312,0.12219,0.12707,0.1382192857142857,0.00488,0.0160292857142857,0,0.1486714285714286,0.1096514285714285,0.03902,0.0069714285714286,0.0,0.0794917707607355,0.2270916334661354,0.0596057743992524,0.0644082470301238,0.0577817529698761,0.9254369921195764,0.9,-2.0175580674884275,0.8345332520024996,-0.3151264770209716,0.0129936786847655,0.0409727378565454,-0.000251003555304,1,15.029999732971191,18.15999984741211,2.810999732971192,9.3,13.45,real_post_mid,0.9300000000000002,2.6,-510.59999999999985,-0.035213793103448264,fold_5,logreg,0.851063829787234
ECL,2025-06-30,2025-07-29,0.0,267.45,251.43,-3.01,3.17,1.8955,1.94,1.8573,19.0,1.8938,1.8944,1.8954,1.9083,3.0,0.0,3.0,1.0,4032056330.0,4084000000.0,3968116810.0,14.0,1748.19,1720.02,3.08,16.86,-1.52,-76.53,2.0,11.94,-17.13,3.87,7.35,1.0,1.31,270.0,260.0,270.0,2025-08-15,6.7,5.95,12.65,4.685185185185185,1.45,8.15,9.6,280.83,10.829999999999984,0.26853,0.25877,0.26365,0.19048,27.752702446425182,-0.048775,484.0,150.0,1.5120481927710845,18.0,3.703703703703709,1,0.981481481481476,2025-07-28,638.0,631.5828247070312,0.12219,0.12707,0.1382192857142857,0.00488,0.0160292857142857,0,0.1486714285714286,0.1096514285714285,0.03902,0.0069714285714286,0.0,0.0794917707607355,0.2270916334661354,0.0596057743992524,0.0644082470301238,0.0577817529698761,0.9254369921195764,0.9,-2.0175580674884275,0.8345332520024996,-0.3151264770209716,0.0129936786847655,0.0409727378565454,-0.000251003555304,1,15.029999732971191,18.15999984741211,2.810999732971192,12.65,9.6,real_post_mid,1.2650000000000001,2.6,175.90000000000006,0.006514814814814817,fold_5,logreg,0.851063829787234
DTE,2025-06-30,2025-07-29,0.0,131.62,137.0,4.16,0.07,1.4033,1.5,1.32,12.0,1.4839,1.5497,1.5507,1.5401,0.0,0.0,0.0,4.0,2747665520.0,3033494000.0,2444468080.0,4.0,10726.13,9832.22,137.99,448.76,37.04,-64.36,5.2,25.75,39.07,15.79,20.7,-5.43,-1.91,140.0,135.0,140.0,2025-08-15,1.625,3.6,5.225,3.7321428571428568,0.5,4.699999999999999,5.199999999999999,138.92,1.0800000000000125,0.21,0.18073,0.195365,0.18073,7.49110639060221,-0.019515,187.0,123.0,0.2664092664092664,18.0,3.57142857142857,1,0.1607142857142869,2025-07-28,638.0,631.5828247070312,0.12219,0.12707,0.1382192857142857,0.00488,0.0160292857142857,0,0.1486714285714286,0.1096514285714285,0.03902,0.0069714285714286,0.0,0.0794917707607355,0.2270916334661354,0.0596057743992524,0.0644082470301238,0.0577817529698761,0.9254369921195764,0.9,-2.0175580674884275,0.8345332520024996,-0.3151264770209716,0.0129936786847655,0.0409727378565454,-0.000251003555304,1,15.029999732971191,18.15999984741211,2.810999732971192,5.225,5.199999999999999,real_post_mid,0.5225,2.6,-52.34999999999996,-0.0037392857142857115,fold_5,logreg,0.851063829787234
BXP,2025-06-30,2025-07-29,1.0,68.6,63.73,2.67,10.51,0.0,0.0,0.0,0.0,0.0,0.0,0.0,0.0,0.0,0.0,0.0,0.0,858055980.0,867740000.0,838970000.0,6.0,3314.4,2150.88,1440.0,1073.67,3.07,-74.61,3.97,-9.09,-43.66,1.16,92.19,25.42,25.35,70.0,67.5,70.0,2025-08-15,1.85,2.175,4.0249999999999995,5.75,0.425,3.8,4.225,65.44,4.560000000000002,0.31731,0.32707,0.32219,0.288045,10.597783916322662,-0.0292699999999999,114.0,3.0,3.3008849557522124,18.0,3.57142857142857,1,2.17857142857143,2025-07-28,638.0,631.5828247070312,0.12219,0.12707,0.1382192857142857,0.00488,0.0160292857142857,0,0.1486714285714286,0.1096514285714285,0.03902,0.0069714285714286,0.0,0.0794917707607355,0.2270916334661354,0.0596057743992524,0.0644082470301238,0.0577817529698761,0.9254369921195764,0.9,-2.0175580674884275,0.8345332520024996,-0.3151264770209716,0.0129936786847655,0.0409727378565454,-0.000251003555304,1,15.029999732971191,18.15999984741211,2.810999732971192,4.025,4.225,real_post_mid,0.4025000000000001,2.6,-62.84999999999994,-0.008978571428571419,fold_5,logreg,0.851063829787234
CARR,2025-06-30,2025-07-29,1.0,73.67,62.54,-2.71,14.6,0.9021,0.94,0.83,23.0,0.9016,0.8964,0.8954,0.8898,1.0,0.0,8.0,0.0,6096297600.0,6304100000.0,5975000000.0,20.0,4090.82,4261.0,-17.43,160.62,-3.73,-76.79,3.06,-24.19,-12.96,-36.07,63.38,-0.02,4.95,80.0,67.5,80.0,2025-08-15,2.675,2.95,5.625,7.03125,0.05,11.9,11.95,65.4,14.599999999999994,0.35633,0.44414,0.400235,0.25877,35.34548452783989,-0.107315,1327.0,332.0,0.8605542452830188,18.0,15.625,0,-8.59375,2025-07-28,638.0,631.5828247070312,0.12219,0.12707,0.1382192857142857,0.00488,0.0160292857142857,0,0.1486714285714286,0.1096514285714285,0.03902,0.0069714285714286,0.0,0.0794917707607355,0.2270916334661354,0.0596057743992524,0.0644082470301238,0.0577817529698761,0.9254369921195764,0.9,-2.0175580674884275,0.8345332520024996,-0.3151264770209716,0.0129936786847655,0.0409727378565454,-0.000251003555304,1,15.029999732971191,18.15999984741211,2.810999732971192,5.625,11.95,real_post_mid,0.5625,2.6,-691.3499999999999,-0.08641874999999999,fold_5,logreg,0.851063829787234
ACGL,2025-06-30,2025-07-29,1.0,90.32,90.68,-4.65,-5.03,2.2994,2.53,2.1509,11.0,2.2961,2.2869,2.2881,2.3426,3.0,0.0,6.0,3.0,4267950000.0,4268000000.0,4267900000.0,2.0,17036.32,15254.91,1063.15,529.17,18.41,-72.88,27.6,-37.14,-36.36,-37.59,-36.46,-12.76,-12.75,85.0,85.0,85.0,2025-08-15,3.55,2.05,5.6,6.588235294117646,2.2,1.6749999999999998,3.875,90.72,5.719999999999999,0.34658,0.36609,0.356335,0.26853,24.64113825473221,-0.073175,22.0,13.0,1.4270833333333333,18.0,0.0,1,6.588235294117646,2025-07-28,638.0,631.5828247070312,0.12219,0.12707,0.1382192857142857,0.00488,0.0160292857142857,0,0.1486714285714286,0.1096514285714285,0.03902,0.0069714285714286,0.0,0.0794917707607355,0.2270916334661354,0.0596057743992524,0.0644082470301238,0.0577817529698761,0.9254369921195764,0.9,-2.0175580674884275,0.8345332520024996,-0.3151264770209716,0.0129936786847655,0.0409727378565454,-0.000251003555304,1,15.029999732971191,18.15999984741211,2.810999732971192,5.6,3.875,real_post_mid,0.5599999999999999,2.6,113.89999999999996,0.013399999999999995,fold_5,logreg,0.851063829787234
INCY,2025-06-30,2025-07-29,1.0,68.37,62.66,13.17,23.48,1.4745,2.36,1.29,15.0,1.4678,1.4023,1.4023,1.4599,3.0,0.0,3.0,2.0,1148829610.0,1189195000.0,1100000000.0,19.0,-15855.52,-14334.43,-287.39,624.15,19.53,-75.17,15.9,25.0,-44.06,-0.51,139.71,0.25,10.33,70.0,77.5,70.0,2025-08-15,2.5,1.875,4.375,6.25,7.6,,,86.92,16.92,0.37584,0.32707,0.351455,0.370965,-5.551208547324685,-0.039025,330.0,6.0,0.0270793036750483,18.0,10.71428571428572,0,-4.464285714285721,2025-07-28,638.0,631.5828247070312,0.12219,0.12707,0.1382192857142857,0.00488,0.0160292857142857,0,0.1486714285714286,0.1096514285714285,0.03902,0.0069714285714286,0.0,0.0794917707607355,0.2270916334661354,0.0596057743992524,0.0644082470301238,0.0577817529698761,0.9254369921195764,0.9,-2.0175580674884275,0.8345332520024996,-0.3151264770209716,0.0129936786847655,0.0409727378565454,-0.000251003555304,1,15.029999732971191,18.15999984741211,2.810999732971192,4.375,7.5,intrinsic_fallback,0.4375,2.6,-358.85,-0.05126428571428572,fold_5,logreg,0.851063829787234
JCI,2025-06-30,2025-07-29,1.0,105.07,83.9,-1.74,23.05,1.0133,1.0449,0.99,18.0,1.0121,1.0056,1.0062,1.0003,2.0,0.0,6.0,3.0,5992661700.0,6155000000.0,5916000000.0,15.0,15732.85,14749.07,470.45,501.7,1.41,4.61,2.64,5.13,-28.7,882.47,552.11,2.09,13.85,110.0,105.0,110.0,2025-08-15,6.050000000000001,3.275,9.325,8.477272727272728,0.425,6.0,6.425,103.52,6.480000000000004,0.52218,0.41487,0.4685249999999999,0.24902,46.85022143962435,-0.1121899999999999,3932.0,652.0,1.28437454912711,18.0,4.545454545454541,1,3.931818181818187,2025-07-28,638.0,631.5828247070312,0.12219,0.12707,0.1382192857142857,0.00488,0.0160292857142857,0,0.1486714285714286,0.1096514285714285,0.03902,0.0069714285714286,0.0,0.0794917707607355,0.2270916334661354,0.0596057743992524,0.0644082470301238,0.0577817529698761,0.9254369921195764,0.9,-2.0175580674884275,0.8345332520024996,-0.3151264770209716,0.0129936786847655,0.0409727378565454,-0.000251003555304,1,15.029999732971191,18.15999984741211,2.810999732971192,9.325000000000001,6.425,real_post_mid,0.9325000000000001,2.6,194.15000000000012,0.01765000000000001,fold_5,logreg,0.851063829787234
TER,2025-06-30,2025-07-29,1.0,90.35,74.21,0.22,22.02,0.5382,0.6104,0.48,14.0,0.5386,0.5377,0.5377,0.5299,0.0,0.0,0.0,1.0,650785480.0,675500000.0,642900000.0,15.0,10480.48,9886.69,213.55,141.34,14.31,-75.68,6.61,47.06,-21.05,47.64,55.33,4.01,4.65,90.0,110.0,90.0,2025-08-15,5.8,4.5,10.3,11.444444444444445,18.05,0.25,18.3,109.42,19.42,0.63925,0.63925,0.63925,0.45877,28.233085647242863,-0.1268249999999999,737.0,110.0,0.4425322679778734,18.0,22.222222222222232,0,-10.777777777777787,2025-07-28,638.0,631.5828247070312,0.12219,0.12707,0.1382192857142857,0.00488,0.0160292857142857,0,0.1486714285714286,0.1096514285714285,0.03902,0.0069714285714286,0.0,0.0794917707607355,0.2270916334661354,0.0596057743992524,0.0644082470301238,0.0577817529698761,0.9254369921195764,0.9,-2.0175580674884275,0.8345332520024996,-0.3151264770209716,0.0129936786847655,0.0409727378565454,-0.000251003555304,1,15.029999732971191,18.15999984741211,2.810999732971192,10.3,18.3,real_post_mid,1.03,2.6,-905.5999999999999,-0.10062222222222221,fold_5,logreg,0.851063829787234
SWK,2025-06-30,2025-07-29,1.0,67.65,60.02,1.42,14.31,0.4159,0.6545,0.0889,15.0,0.4085,0.3577,0.374,1.0194,1.0,0.0,7.0,1.0,3994319450.0,4084200000.0,3884000000.0,12.0,17141.92,16245.95,897.69,587.45,-3.23,-75.63,-3.16,33.93,-49.66,18.97,-0.47,0.74,0.19,77.5,67.5,77.5,2025-08-15,3.25,5.2,8.45,10.903225806451612,0.125,9.9,10.025,74.06,3.4399999999999977,0.70754,0.48316,0.5953499999999999,0.370965,37.68959435626102,-0.2585299999999999,1592.0,335.0,1.0727871250914411,18.0,12.903225806451612,0,-2.0,2025-07-28,638.0,631.5828247070312,0.12219,0.12707,0.1382192857142857,0.00488,0.0160292857142857,0,0.1486714285714286,0.1096514285714285,0.03902,0.0069714285714286,0.0,0.0794917707607355,0.2270916334661354,0.0596057743992524,0.0644082470301238,0.0577817529698761,0.9254369921195764,0.9,-2.0175580674884275,0.8345332520024996,-0.3151264770209716,0.0129936786847655,0.0409727378565454,-0.000251003555304,1,15.029999732971191,18.15999984741211,2.810999732971192,8.45,10.025,real_post_mid,0.845,2.6,-244.60000000000008,-0.031561290322580655,fold_5,logreg,0.851063829787234
AMT,2025-06-30,2025-07-29,0.0,217.78,225.41,-1.41,-4.75,1.6645,1.72,1.59,7.0,1.6469,1.6436,1.6403,1.5892,2.0,0.0,2.0,0.0,2594172660.0,2622000000.0,2523000000.0,16.0,819.62,-23.24,-124.29,3320.93,-9.57,-74.69,-0.15,-46.94,-60.31,-26.28,1.42,3.05,5.3,220.0,210.0,220.0,2025-08-15,8.55,4.25,12.8,5.818181818181818,0.7,11.65,12.35,206.12,13.879999999999995,0.2978,0.31731,0.307555,0.21975,28.549365154200068,-0.068295,427.0,21.0,1.516357688113413,18.0,4.545454545454541,1,1.272727272727277,2025-07-28,638.0,631.5828247070312,0.12219,0.12707,0.1382192857142857,0.00488,0.0160292857142857,0,0.1486714285714286,0.1096514285714285,0.03902,0.0069714285714286,0.0,0.0794917707607355,0.2270916334661354,0.0596057743992524,0.0644082470301238,0.0577817529698761,0.9254369921195764,0.9,-2.0175580674884275,0.8345332520024996,-0.3151264770209716,0.0129936786847655,0.0409727378565454,-0.000251003555304,1,15.029999732971191,18.15999984741211,2.810999732971192,12.8,12.35,real_post_mid,1.2800000000000002,2.6,-85.59999999999991,-0.003890909090909087,fold_5,logreg,0.851063829787234
BG,2025-06-30,2025-07-30,1.0,80.28,78.48,0.02,2.32,1.0834,1.26,0.946,6.0,1.1318,1.2348,1.2197,1.8296,0.0,0.0,0.0,3.0,12425752510.0,13048000000.0,11411000000.0,4.0,44596.19,42917.46,803.71,825.45,-13.22,-78.08,-11.09,-40.46,-15.02,-13.75,-50.34,-1.4,-1.4,77.5,80.0,77.5,2025-08-15,2.075,3.075,5.15,6.645161290322581,3.125,1.3,4.425,81.78,4.280000000000001,0.3856,0.3856,0.3856,0.29292,24.035269709543563,-0.058535,354.0,178.0,1.0305810397553516,17.0,3.2258064516129004,1,3.4193548387096806,2025-07-29,636.0,629.9169311523438,0.1305557142857143,0.133275909090909,0.141705,0.0027201948051947,0.0111492857142857,0,0.1598257142857142,0.1110457142857142,0.0487799999999999,0.0048799999999999,0.1690677599099234,0.1046073017745135,0.3227091633466135,0.0692758776564769,0.065255519222654,0.0653001950630602,1.0616094773547855,1.07,-0.7458691642352533,0.8163731231144595,-0.3130547314493115,0.0101771795912586,0.0330942630437853,-0.0028879900982092,1,15.979999542236328,18.770000457763672,2.924428113664898,5.15,4.425,real_post_mid,0.515,2.6,18.400000000000052,0.0023741935483871037,fold_5,logreg,0.851063829787234
FE,2025-06-30,2025-07-30,1.0,40.26,42.75,3.8,-2.25,0.4865,0.53,0.46,11.0,0.5168,0.5066,0.5074,0.5049,0.0,0.0,1.0,6.0,3389257270.0,3532516000.0,3237413080.0,4.0,3165.58,3033.34,104.53,158.88,14.54,-72.05,7.05,21.82,0.0,26.02,23.2,1.85,1.41,42.0,42.0,42.0,2025-08-15,0.6000000000000001,1.1,1.7000000000000002,4.0476190476190474,0.95,0.475,1.425,43.47,1.4699999999999989,0.18073,0.28804,0.234385,0.185605,20.81191202508692,-0.05366,3507.0,174.0,0.0757180156657963,17.0,0.0,1,4.0476190476190474,2025-07-29,636.0,629.9169311523438,0.1305557142857143,0.133275909090909,0.141705,0.0027201948051947,0.0111492857142857,0,0.1598257142857142,0.1110457142857142,0.0487799999999999,0.0048799999999999,0.1690677599099234,0.1046073017745135,0.3227091633466135,0.0692758776564769,0.065255519222654,0.0653001950630602,1.0616094773547855,1.07,-0.7458691642352533,0.8163731231144595,-0.3130547314493115,0.0101771795912586,0.0330942630437853,-0.0028879900982092,1,15.979999542236328,18.770000457763672,2.924428113664898,1.7000000000000002,1.425,real_post_mid,0.17000000000000004,2.6,7.900000000000009,0.001880952380952383,fold_5,logreg,0.851063829787234
FFIV,2025-06-30,2025-07-30,1.0,294.32,265.77,1.59,12.5,3.4975,3.57,3.46,12.0,3.4975,3.4938,3.4938,3.504,1.0,0.0,2.0,0.0,752642030.0,765561000.0,740005000.0,11.0,14236.64,13008.7,914.13,920.02,7.3,-4.61,6.88,17.53,4.91,7.91,13.53,1.43,1.19,300.0,310.0,300.0,2025-08-15,11.25,11.35,22.6,7.533333333333333,15.6,1.55,17.150000000000002,315.34,15.339999999999977,0.44414,0.43438,0.43926,0.23926,45.531120520876016,-0.12195,60.0,7.0,4.556521739130435,17.0,3.3333333333333437,1,4.1999999999999895,2025-07-29,636.0,629.9169311523438,0.1305557142857143,0.133275909090909,0.141705,0.0027201948051947,0.0111492857142857,0,0.1598257142857142,0.1110457142857142,0.0487799999999999,0.0048799999999999,0.1690677599099234,0.1046073017745135,0.3227091633466135,0.0692758776564769,0.065255519222654,0.0653001950630602,1.0616094773547855,1.07,-0.7458691642352533,0.8163731231144595,-0.3130547314493115,0.0101771795912586,0.0330942630437853,-0.0028879900982092,1,15.979999542236328,18.770000457763672,2.924428113664898,22.6,17.150000000000002,real_post_mid,2.2600000000000002,2.6,316.39999999999986,0.010546666666666663,fold_5,logreg,0.851063829787234
EG,2025-06-30,2025-07-30,1.0,339.85,337.38,-2.15,-1.43,14.8239,16.0,13.85,12.0,14.969,15.0708,15.0727,15.8773,2.0,0.0,3.0,6.0,4073500000.0,4139000000.0,4012000000.0,4.0,98863.2,98939.68,3602.24,8068.49,3.87,-75.18,13.4,-69.98,135.1,-67.09,-67.09,-13.43,-14.55,330.0,340.0,330.0,2025-08-15,10.6,7.65,18.25,5.53030303030303,10.0,3.825,13.825,331.84,1.839999999999975,0.31731,0.31731,0.31731,0.229505,27.671677539314853,-0.063415,37.0,0.0,0.2727272727272727,17.0,3.0303030303030276,1,2.5000000000000027,2025-07-29,636.0,629.9169311523438,0.1305557142857143,0.133275909090909,0.141705,0.0027201948051947,0.0111492857142857,0,0.1598257142857142,0.1110457142857142,0.0487799999999999,0.0048799999999999,0.1690677599099234,0.1046073017745135,0.3227091633466135,0.0692758776564769,0.065255519222654,0.0653001950630602,1.0616094773547855,1.07,-0.7458691642352533,0.8163731231144595,-0.3130547314493115,0.0101771795912586,0.0330942630437853,-0.0028879900982092,1,15.979999542236328,18.770000457763672,2.924428113664898,18.25,13.825,real_post_mid,1.8250000000000002,2.6,257.40000000000003,0.007800000000000001,fold_5,logreg,0.851063829787234
EXR,2025-06-30,2025-07-30,0.0,147.44,148.28,1.29,0.71,1.1826,1.2358,1.13,6.0,1.1793,1.1793,1.168,1.1017,1.0,0.0,1.0,0.0,720269400.0,726912000.0,713335000.0,5.0,14961.5,14007.11,509.44,672.78,3.12,-74.84,24.23,26.73,3.23,1.0,15.75,-1.51,5.05,150.0,135.0,150.0,2025-08-15,5.55,3.525,9.075,6.05,0.35,15.0,15.35,137.05,12.949999999999989,0.33682,0.34658,0.3417,0.26853,21.413520632133455,-0.058535,37.0,4.0,0.703125,17.0,9.999999999999998,0,-3.9499999999999984,2025-07-29,636.0,629.9169311523438,0.1305557142857143,0.133275909090909,0.141705,0.0027201948051947,0.0111492857142857,0,0.1598257142857142,0.1110457142857142,0.0487799999999999,0.0048799999999999,0.1690677599099234,0.1046073017745135,0.3227091633466135,0.0692758776564769,0.065255519222654,0.0653001950630602,1.0616094773547855,1.07,-0.7458691642352533,0.8163731231144595,-0.3130547314493115,0.0101771795912586,0.0330942630437853,-0.0028879900982092,1,15.979999542236328,18.770000457763672,2.924428113664898,9.075,15.35,real_post_mid,0.9075,2.6,-720.85,-0.04805666666666667,fold_5,logreg,0.851063829787234
AWK,2025-06-30,2025-07-30,0.0,139.11,146.43,0.39,-4.63,1.5266,1.67,1.47,9.0,1.5371,1.5218,1.5285,1.4923,1.0,0.0,2.0,1.0,1228000000.0,1287000000.0,1129000000.0,3.0,2980.96,2785.38,90.54,304.22,12.96,-75.62,10.51,12.9,-13.93,20.46,13.8,0.17,0.24,140.0,140.0,140.0,2025-08-15,3.05,3.1500000000000004,6.2,4.428571428571429,1.725,2.425,4.15,143.92,3.919999999999987,0.20024,0.30755,0.253895,0.185605,26.896945587742955,-0.0536549999999999,110.0,9.0,0.4622641509433962,17.0,0.0,1,4.428571428571429,2025-07-29,636.0,629.9169311523438,0.1305557142857143,0.133275909090909,0.141705,0.0027201948051947,0.0111492857142857,0,0.1598257142857142,0.1110457142857142,0.0487799999999999,0.0048799999999999,0.1690677599099234,0.1046073017745135,0.3227091633466135,0.0692758776564769,0.065255519222654,0.0653001950630602,1.0616094773547855,1.07,-0.7458691642352533,0.8163731231144595,-0.3130547314493115,0.0101771795912586,0.0330942630437853,-0.0028879900982092,1,15.979999542236328,18.770000457763672,2.924428113664898,6.2,4.15,real_post_mid,0.6200000000000001,2.6,140.39999999999998,0.010028571428571427,fold_5,logreg,0.851063829787234
CTSH,2025-06-30,2025-07-30,1.0,78.03,75.23,-5.77,-2.26,1.2597,1.29,1.23,22.0,1.2597,1.2601,1.2568,1.2289,3.0,0.0,4.0,1.0,5189357150.0,5256400000.0,5160000000.0,20.0,4169.92,3893.39,120.06,59.86,7.46,-74.08,2.5,9.82,1.65,17.78,22.73,-0.32,2.08,75.0,72.5,75.0,2025-08-15,2.4,2.925,5.324999999999999,7.1,0.7,3.8,4.5,70.0,5.0,0.36609,0.45389,0.40999,0.234385,42.83153247640186,-0.131705,2453.0,10.0,1.2411347517730495,17.0,3.3333333333333326,1,3.766666666666667,2025-07-29,636.0,629.9169311523438,0.1305557142857143,0.133275909090909,0.141705,0.0027201948051947,0.0111492857142857,0,0.1598257142857142,0.1110457142857142,0.0487799999999999,0.0048799999999999,0.1690677599099234,0.1046073017745135,0.3227091633466135,0.0692758776564769,0.065255519222654,0.0653001950630602,1.0616094773547855,1.07,-0.7458691642352533,0.8163731231144595,-0.3130547314493115,0.0101771795912586,0.0330942630437853,-0.0028879900982092,1,15.979999542236328,18.770000457763672,2.924428113664898,5.324999999999999,4.5,real_post_mid,0.5325,2.6,26.64999999999993,0.003553333333333324,fold_5,logreg,0.851063829787234
ALL,2025-06-30,2025-07-30,1.0,201.31,197.24,-4.49,-2.51,3.2557,4.47,2.72,17.0,3.2857,3.1991,3.2127,3.1192,4.0,0.0,7.0,6.0,16596225999.0,16874000000.0,16318452000.0,2.0,44648.61,37952.62,4597.43,1716.44,6.64,-74.4,11.78,-31.19,-53.98,-43.83,-53.94,-4.43,-5.82,195.0,200.0,195.0,2025-08-15,4.6,5.35,9.95,5.102564102564102,9.55,1.15,10.7,206.78,11.78,0.2978,0.2978,0.2978,0.2148749999999999,27.845869711215588,-0.04878,95.0,13.0,0.6866952789699571,17.0,2.564102564102555,1,2.538461538461547,2025-07-29,636.0,629.9169311523438,0.1305557142857143,0.133275909090909,0.141705,0.0027201948051947,0.0111492857142857,0,0.1598257142857142,0.1110457142857142,0.0487799999999999,0.0048799999999999,0.1690677599099234,0.1046073017745135,0.3227091633466135,0.0692758776564769,0.065255519222654,0.0653001950630602,1.0616094773547855,1.07,-0.7458691642352533,0.8163731231144595,-0.3130547314493115,0.0101771795912586,0.0330942630437853,-0.0028879900982092,1,15.979999542236328,18.770000457763672,2.924428113664898,9.95,10.7,real_post_mid,0.995,2.6,-177.1,-0.009082051282051282,fold_5,logreg,0.851063829787234
SW,2025-06-30,2025-07-30,0.0,43.15,40.47,9.76,17.02,0.5911,0.63,0.5,9.0,0.5929,0.5885,0.5885,0.7379,1.0,0.0,2.0,1.0,7941686670.0,8271000000.0,7704850000.0,9.0,1396.7,1445.05,-138.24,127.7,,2.72,,,0.0,,,,,50.0,45.0,50.0,2025-08-15,1.125,3.0,4.125,8.25,0.15,5.9,6.050000000000001,42.69,7.310000000000002,0.43438,0.48316,0.45877,0.40023,12.760206639492564,-0.107315,1225.0,204.0,0.0188679245283018,17.0,9.999999999999998,0,-1.7499999999999982,2025-07-29,636.0,629.9169311523438,0.1305557142857143,0.133275909090909,0.141705,0.0027201948051947,0.0111492857142857,0,0.1598257142857142,0.1110457142857142,0.0487799999999999,0.0048799999999999,0.1690677599099234,0.1046073017745135,0.3227091633466135,0.0692758776564769,0.065255519222654,0.0653001950630602,1.0616094773547855,1.07,-0.7458691642352533,0.8163731231144595,-0.3130547314493115,0.0101771795912586,0.0330942630437853,-0.0028879900982092,1,15.979999542236328,18.770000457763672,2.924428113664898,4.125,6.050000000000001,real_post_mid,0.41250000000000003,2.6,-236.35000000000008,-0.04727000000000001,fold_5,logreg,0.851063829787234
GRMN,2025-06-30,2025-07-30,1.0,208.72,186.78,6.12,18.58,1.8972,2.0,1.813,6.0,1.8638,1.8638,1.8638,1.8099,1.0,0.0,1.0,0.0,1704575000.0,1716000000.0,1679400000.0,4.0,26634.59,24857.09,805.25,818.33,11.11,-75.62,18.64,13.38,-33.2,10.46,11.53,-0.44,0.08,240.0,220.0,240.0,2025-08-15,11.55,11.1,22.65,9.4375,0.22,21.5,21.72,232.34,7.659999999999997,0.56121,0.53194,0.546575,0.249015,54.44083611581211,-0.19512,91.0,176.0,0.6915077989601387,17.0,8.333333333333337,1,1.1041666666666623,2025-07-29,636.0,629.9169311523438,0.1305557142857143,0.133275909090909,0.141705,0.0027201948051947,0.0111492857142857,0,0.1598257142857142,0.1110457142857142,0.0487799999999999,0.0048799999999999,0.1690677599099234,0.1046073017745135,0.3227091633466135,0.0692758776564769,0.065255519222654,0.0653001950630602,1.0616094773547855,1.07,-0.7458691642352533,0.8163731231144595,-0.3130547314493115,0.0101771795912586,0.0330942630437853,-0.0028879900982092,1,15.979999542236328,18.770000457763672,2.924428113664898,22.65,21.72,real_post_mid,2.265,2.6,-136.10000000000002,-0.005670833333333334,fold_5,logreg,0.851063829787234
GNRC,2025-06-30,2025-07-30,1.0,143.21,112.67,26.39,60.65,1.3245,1.5,1.17,18.0,1.3511,1.3511,1.3467,1.6262,1.0,0.0,1.0,2.0,1026207600.0,1057100000.0,1010000000.0,18.0,-3281106.11,-3282390.37,716.02,107.1,5.94,-78.07,6.11,43.18,-55.0,17.06,25.08,3.9,1.36,150.0,195.0,150.0,2025-08-15,8.15,6.45,14.6,9.733333333333334,45.650000000000006,0.125,45.775000000000006,198.8,48.80000000000001,0.56121,0.56121,0.56121,0.3856,31.2913169758201,-0.13171,407.0,80.0,1.31875,17.0,30.000000000000004,0,-20.26666666666667,2025-07-29,636.0,629.9169311523438,0.1305557142857143,0.133275909090909,0.141705,0.0027201948051947,0.0111492857142857,0,0.1598257142857142,0.1110457142857142,0.0487799999999999,0.0048799999999999,0.1690677599099234,0.1046073017745135,0.3227091633466135,0.0692758776564769,0.065255519222654,0.0653001950630602,1.0616094773547855,1.07,-0.7458691642352533,0.8163731231144595,-0.3130547314493115,0.0101771795912586,0.0330942630437853,-0.0028879900982092,1,15.979999542236328,18.770000457763672,2.924428113664898,14.600000000000001,45.775000000000006,real_post_mid,1.4600000000000002,2.6,-3266.1000000000004,-0.21774000000000002,fold_5,logreg,1.0
WEC,2025-06-30,2025-07-30,1.0,104.2,108.79,3.99,-0.4,0.7063,0.82,0.67,8.0,0.718,0.7114,0.6796,0.7936,2.0,0.0,2.0,1.0,1753786930.0,1915945000.0,1241681980.0,5.0,7830.94,7428.93,189.18,128.18,17.51,-63.38,0.16,15.23,58.74,10.8,15.26,-1.92,-0.58,110.0,110.0,110.0,2025-08-15,1.375,4.225,5.6,5.09090909090909,1.0,2.4,3.4,107.36,2.640000000000001,0.20024,0.3856,0.29292,0.190485,34.970299057763214,-0.107315,5999.0,284.0,0.1931668856767411,17.0,0.0,1,5.09090909090909,2025-07-29,636.0,629.9169311523438,0.1305557142857143,0.133275909090909,0.141705,0.0027201948051947,0.0111492857142857,0,0.1598257142857142,0.1110457142857142,0.0487799999999999,0.0048799999999999,0.1690677599099234,0.1046073017745135,0.3227091633466135,0.0692758776564769,0.065255519222654,0.0653001950630602,1.0616094773547855,1.07,-0.7458691642352533,0.8163731231144595,-0.3130547314493115,0.0101771795912586,0.0330942630437853,-0.0028879900982092,1,15.979999542236328,18.770000457763672,2.924428113664898,5.6,3.4,real_post_mid,0.5599999999999999,2.6,161.39999999999998,0.014672727272727271,fold_5,logreg,0.851063829787234
PTC,2025-06-30,2025-07-30,0.0,172.34,156.34,17.51,29.53,1.2125,1.3,1.12,17.0,1.2109,1.2092,1.2096,1.3543,2.0,0.0,3.0,0.0,583253560.0,604253460.0,573000000.0,15.0,10780.38,8349.03,909.84,696.31,5.52,12.61,1.76,22.6,15.48,21.96,24.45,1.55,5.35,200.0,220.0,200.0,2025-08-15,8.55,4.0,12.55,6.275,15.95,1.5,17.45,205.84,5.840000000000003,0.34658,0.34658,0.34658,0.253895,26.74274337815223,-0.0731749999999999,39.0,2.0,0.3846153846153846,17.0,10.000000000000009,0,-3.725000000000009,2025-07-29,636.0,629.9169311523438,0.1305557142857143,0.133275909090909,0.141705,0.0027201948051947,0.0111492857142857,0,0.1598257142857142,0.1110457142857142,0.0487799999999999,0.0048799999999999,0.1690677599099234,0.1046073017745135,0.3227091633466135,0.0692758776564769,0.065255519222654,0.0653001950630602,1.0616094773547855,1.07,-0.7458691642352533,0.8163731231144595,-0.3130547314493115,0.0101771795912586,0.0330942630437853,-0.0028879900982092,1,15.979999542236328,18.770000457763672,2.924428113664898,12.55,17.45,real_post_mid,1.2550000000000001,2.6,-618.0999999999999,-0.030904999999999995,fold_5,logreg,0.851063829787234
UDR,2025-06-30,2025-07-30,0.0,40.83,42.6,-2.55,-6.6,0.13,0.13,0.13,2.0,0.13,0.13,0.11,0.11,1.0,0.0,1.0,0.0,422170230.0,425900000.0,413781530.0,9.0,9784.8,9292.0,96.0,318.7,2.01,-74.76,2.57,76.92,666.67,10.97,53.21,2.86,9.68,40.0,40.0,40.0,2025-08-15,0.85,0.52,1.37,3.4250000000000003,0.85,,,38.51,1.490000000000002,0.01488,0.0539,0.03439,0.03439,0.0,0.17073,54.0,3.0,1.0,17.0,0.0,1,3.4250000000000003,2025-07-29,636.0,629.9169311523438,0.1305557142857143,0.133275909090909,0.141705,0.0027201948051947,0.0111492857142857,0,0.1598257142857142,0.1110457142857142,0.0487799999999999,0.0048799999999999,0.1690677599099234,0.1046073017745135,0.3227091633466135,0.0692758776564769,0.065255519222654,0.0653001950630602,1.0616094773547855,1.07,-0.7458691642352533,0.8163731231144595,-0.3130547314493115,0.0101771795912586,0.0330942630437853,-0.0028879900982092,1,15.979999542236328,18.770000457763672,2.924428113664898,1.37,0.0,intrinsic_fallback,0.137,2.6,120.70000000000002,0.030175000000000004,fold_5,logreg,0.851063829787234
IEX,2025-06-30,2025-07-30,1.0,175.57,175.25,-6.43,-6.26,1.99,2.03,1.92,11.0,1.99,1.99,1.99,2.1027,2.0,0.0,2.0,1.0,859369580.0,878637000.0,842114800.0,10.0,8389.92,8027.71,212.37,131.95,1.72,-75.09,-0.45,-6.91,-14.22,-6.94,-2.08,0.65,-0.77,185.0,165.0,185.0,2025-08-15,5.9,5.075,10.975,5.932432432432433,1.72,21.25,22.97,164.77,20.22999999999999,0.35633,0.33682,0.3465749999999999,0.22463,35.18574623097453,-0.1024349999999999,0.0,146.0,0.3116883116883117,17.0,10.81081081081081,0,-4.878378378378377,2025-07-29,636.0,629.9169311523438,0.1305557142857143,0.133275909090909,0.141705,0.0027201948051947,0.0111492857142857,0,0.1598257142857142,0.1110457142857142,0.0487799999999999,0.0048799999999999,0.1690677599099234,0.1046073017745135,0.3227091633466135,0.0692758776564769,0.065255519222654,0.0653001950630602,1.0616094773547855,1.07,-0.7458691642352533,0.8163731231144595,-0.3130547314493115,0.0101771795912586,0.0330942630437853,-0.0028879900982092,1,15.979999542236328,18.770000457763672,2.924428113664898,10.975000000000001,22.97,real_post_mid,1.0975000000000001,2.6,-1311.8499999999997,-0.0709108108108108,fold_5,logreg,0.851063829787234
AEP,2025-06-30,2025-07-30,1.0,103.76,107.54,9.15,5.31,1.2673,1.35,1.2,14.0,1.2179,1.1759,1.231,1.2644,1.0,0.0,3.0,5.0,4968548980.0,5334000000.0,4713800000.0,6.0,3372.51,2924.67,318.78,216.14,10.66,-71.69,3.92,21.26,24.19,7.56,17.32,0.89,1.47,110.0,115.0,110.0,2025-08-15,1.45,3.025,4.475,4.068181818181818,3.5,0.7749999999999999,4.275,111.99,1.9899999999999949,0.18073,0.28804,0.234385,0.1953599999999999,16.649956268532556,-0.048775,3574.0,325.0,0.2145030425963489,17.0,4.545454545454541,0,-0.4772727272727231,2025-07-29,636.0,629.9169311523438,0.1305557142857143,0.133275909090909,0.141705,0.0027201948051947,0.0111492857142857,0,0.1598257142857142,0.1110457142857142,0.0487799999999999,0.0048799999999999,0.1690677599099234,0.1046073017745135,0.3227091633466135,0.0692758776564769,0.065255519222654,0.0653001950630602,1.0616094773547855,1.07,-0.7458691642352533,0.8163731231144595,-0.3130547314493115,0.0101771795912586,0.0330942630437853,-0.0028879900982092,1,15.979999542236328,18.770000457763672,2.924428113664898,4.475,4.275,real_post_mid,0.4475,2.6,-27.350000000000072,-0.002486363636363643,fold_5,logreg,0.851063829787234
HII,2025-06-30,2025-07-31,1.0,246.31,230.02,13.22,21.23,3.3903,4.3,3.1068,9.0,3.3766,3.3766,3.3766,3.3276,1.0,0.0,1.0,1.0,2935785110.0,3077000000.0,2899000000.0,10.0,32048.03,30155.92,1935.36,2922.44,-2.53,-76.3,0.67,-2.07,20.32,3.16,12.59,1.04,0.79,260.0,270.0,260.0,2025-08-15,10.5,11.6,22.1,8.5,12.55,2.6,15.15,266.25,6.25,0.473543032898843,0.5453437886829058,0.5094434107908744,,,,92.0,7.0,0.2758620689655172,16.0,3.8461538461538542,1,4.653846153846145,2025-07-30,639.0,629.1236572265625,0.12707,0.1310586363636363,0.1406592857142857,0.0039886363636363,0.0135892857142857,0,0.1417,0.12219,0.01951,0.0048749999999999,0.0986228599474555,0.0941424971854393,0.2948207171314741,0.0408396912650332,0.0648491300796026,0.0622208699203974,0.6297646740195635,1.29,0.7565332011284679,1.0574451677843406,-0.2587041109526384,0.0003942349687,0.0268836165054346,-0.004143684173762,1,15.479999542236328,18.350000381469727,2.7729995422363274,22.1,15.15,real_post_mid,2.2100000000000004,2.6,471.4,0.01813076923076923,fold_5,logreg,0.851063829787234
CMS,2025-06-30,2025-07-31,1.0,70.13,72.91,5.23,1.22,0.6806,0.72,0.65,13.0,0.6836,0.664,0.6647,0.6795,1.0,0.0,3.0,3.0,1703637420.0,1719530110.0,1680000000.0,4.0,4679.52,4615.39,26.67,82.79,12.45,-67.44,3.47,5.15,17.24,7.74,19.9,-0.31,1.26,70.0,75.0,70.0,2025-08-15,3.05,1.375,4.425,6.321428571428571,4.2,0.2249999999999999,4.425,72.3,2.299999999999997,0.27829,0.39536,0.336825,0.136825,59.378015289838935,-0.1658549999999999,1003.0,3.0,0.160377358490566,16.0,7.14285714285714,0,-0.8214285714285685,2025-07-30,639.0,629.1236572265625,0.12707,0.1310586363636363,0.1406592857142857,0.0039886363636363,0.0135892857142857,0,0.1417,0.12219,0.01951,0.0048749999999999,0.0986228599474555,0.0941424971854393,0.2948207171314741,0.0408396912650332,0.0648491300796026,0.0622208699203974,0.6297646740195635,1.29,0.7565332011284679,1.0574451677843406,-0.2587041109526384,0.0003942349687,0.0268836165054346,-0.004143684173762,1,15.479999542236328,18.350000381469727,2.7729995422363274,4.425,4.425,real_post_mid,0.4425,2.6,-46.85,-0.006692857142857143,fold_5,logreg,0.851063829787234
AES,2025-06-30,2025-07-31,1.0,10.77,10.18,22.1,29.17,0.3955,0.52,0.32,8.0,0.4253,0.4741,0.4741,0.4577,0.0,0.0,0.0,2.0,3011734200.0,3245000000.0,2856119580.0,4.0,3812.26,3769.56,140.78,262.73,-5.15,-76.17,-3.58,-46.0,-50.0,-32.24,-33.39,-5.06,-5.26,13.0,13.0,13.0,2025-08-01,0.425,0.6,1.025,7.884615384615384,0.25,0.04,0.29,13.23,0.2300000000000004,0.98071,1.66362,1.322165,0.497795,62.350009265106856,-0.74145,916.0,75.0,0.3577535950252623,2.0,0.0,1,7.884615384615384,2025-07-30,639.0,629.1236572265625,0.12707,0.1310586363636363,0.1406592857142857,0.0039886363636363,0.0135892857142857,0,0.1417,0.12219,0.01951,0.0048749999999999,0.0986228599474555,0.0941424971854393,0.2948207171314741,0.0408396912650332,0.0648491300796026,0.0622208699203974,0.6297646740195635,1.29,0.7565332011284679,1.0574451677843406,-0.2587041109526384,0.0003942349687,0.0268836165054346,-0.004143684173762,1,15.479999542236328,18.350000381469727,2.7729995422363274,1.025,0.29,real_post_mid,0.1025,2.6,60.649999999999984,0.04665384615384614,fold_5,logreg,0.851063829787234
BAX,2025-06-30,2025-07-31,0.0,31.23,30.71,-30.32,-29.14,0.609,0.64,0.59,12.0,0.6093,0.6085,0.6085,0.6113,1.0,0.0,1.0,0.0,2822667470.0,2864000000.0,2801000000.0,11.0,8048.16,8092.58,114.99,464.34,5.42,-75.32,-2.62,-15.38,-5.17,-22.62,-49.57,-5.79,-2.41,28.0,22.0,28.0,2025-08-01,0.6,0.675,1.275,4.553571428571428,0.1,6.15,6.25,21.96,6.039999999999999,0.01488,0.85388,0.43438,0.390475,10.107509553846857,-0.268285,75.0,72.0,1.3747667039940277,2.0,21.42857142857143,0,-16.875000000000004,2025-07-30,639.0,629.1236572265625,0.12707,0.1310586363636363,0.1406592857142857,0.0039886363636363,0.0135892857142857,0,0.1417,0.12219,0.01951,0.0048749999999999,0.0986228599474555,0.0941424971854393,0.2948207171314741,0.0408396912650332,0.0648491300796026,0.0622208699203974,0.6297646740195635,1.29,0.7565332011284679,1.0574451677843406,-0.2587041109526384,0.0003942349687,0.0268836165054346,-0.004143684173762,1,15.479999542236328,18.350000381469727,2.7729995422363274,1.275,6.25,real_post_mid,0.1275,2.6,-512.85,-0.1831607142857143,fold_5,logreg,0.851063829787234
BEN,2025-06-30,2025-08-01,0.0,,,,,0.502,0.6162,0.45,8.0,0.4918,0.4859,0.4826,0.4794,2.0,0.0,5.0,2.0,2087000000.0,2087000000.0,2087000000.0,1.0,10750.56,10442.82,-336.96,679.64,-1.92,-6.23,7.82,-16.07,-27.69,-45.97,12.61,-0.04,0.89,24.0,25.0,24.0,2025-08-15,0.7749999999999999,1.35,2.125,8.854166666666668,1.325,0.125,1.45,25.33,1.3299999999999983,0.3856,0.70754,0.54657,0.29292,46.40759646522861,-0.27316,265.0,7.0,1.0404255319148936,15.0,4.166666666666674,1,4.687499999999994,2025-07-31,633.0,626.763671875,0.136825,0.1323886363636363,0.1458835714285714,-0.0044363636363636,0.0090585714285714,0,0.1626128571428571,0.11244,0.0501728571428571,0.0007014285714285,0.37501601537476,0.1234289390446577,0.4422310756972111,0.0487928004896567,0.0669650834664368,0.0698599165335631,0.7286304737320585,1.46,1.753994746899025,1.1681933927394608,-0.2309668985288198,-0.0036883986202657,0.0233626828498263,-0.0078793668024707,1,16.719999313354492,19.13999938964844,3.037499313354491,2.125,1.45,real_post_mid,0.21250000000000002,2.6,43.65,0.0181875,fold_5,logreg,0.851063829787234
KMB,2025-06-30,2025-08-01,0.0,132.36,130.35,-1.3,0.22,1.6712,1.8,1.47,14.0,1.6662,1.6734,1.6695,1.6692,1.0,0.0,5.0,2.0,4611923000.0,4879175000.0,3969800000.0,7.0,7107.39,7360.58,-253.75,421.61,-6.0,-75.87,-2.7,-3.98,44.03,-5.52,-9.85,-1.3,-0.68,123.0,133.0,123.0,2025-08-01,3.1,3.075,6.175000000000001,5.020325203252033,,,,130.64,7.639999999999986,0.84413,1.48801,1.16607,0.20024,82.82778906926686,-0.936565,2.0,0.0,0.6739832149774048,1.0,8.130081300813007,0,-3.1097560975609744,2025-07-31,633.0,626.763671875,0.136825,0.1323886363636363,0.1458835714285714,-0.0044363636363636,0.0090585714285714,0,0.1626128571428571,0.11244,0.0501728571428571,0.0007014285714285,0.37501601537476,0.1234289390446577,0.4422310756972111,0.0487928004896567,0.0669650834664368,0.0698599165335631,0.7286304737320585,1.46,1.753994746899025,1.1681933927394608,-0.2309668985288198,-0.0036883986202657,0.0233626828498263,-0.0078793668024707,1,16.719999313354492,19.13999938964844,3.037499313354491,6.175000000000001,10.0,intrinsic_fallback,0.6175000000000002,2.6,-446.8499999999999,-0.03632926829268292,fold_5,logreg,0.851063829787234
GEN,2025-06-30,2025-08-07,1.0,29.94,28.91,-5.58,-2.21,0.5997,0.61,0.59,9.0,0.5997,0.5984,0.5982,0.5818,5.0,0.0,5.0,1.0,1189575590.0,1206000000.0,1162971130.0,7.0,333.41,1070.34,-218.88,397.16,4.01,0.0,3.36,-13.16,-41.07,-3.0,12.65,-0.37,2.91,29.0,30.0,29.0,2025-08-15,0.875,1.125,2.0,6.896551724137931,1.525,0.08,1.605,31.47,2.469999999999999,0.56121,0.54169,0.55145,0.23926,56.6125668691631,-0.224385,78.0,32.0,5.3173076923076925,9.0,3.4482758620689724,1,3.448275862068958,2025-08-06,633.0,627.4578247070312,0.13195,0.138260294117647,0.1475095238095237,0.006310294117647,0.0155595238095237,0,0.17097,0.11244,0.05853,0.0097549999999999,0.2295814641194957,0.1087932236101431,0.3625498007968127,0.194010277887833,0.1009576033015045,0.0309923966984954,1.9217005113367405,1.35,0.7466220669268334,0.8596506467403161,-0.4007149031012654,-0.002647861831925,0.0200535494255602,-0.0067805741025197,1,16.770000457763672,19.469999313354492,3.5750004577636716,2.0,1.605,real_post_mid,0.2,2.6,16.9,0.005827586206896551,fold_5,logreg,0.851063829787234
EPAM,2025-06-30,2025-08-07,1.0,183.31,177.1,-13.95,-10.93,2.6122,2.66,2.58,15.0,2.6058,2.6043,2.6034,2.4769,2.0,0.0,3.0,1.0,1333357170.0,1341085000.0,1324320000.0,14.0,18526.86,17589.25,336.03,359.21,11.69,-72.47,2.02,-2.03,-15.14,-1.0,-10.13,-1.55,-1.85,150.0,160.0,150.0,2025-08-15,8.899999999999999,9.0,17.9,11.933333333333332,10.45,1.025,11.475,157.71,7.710000000000008,0.86364,1.02949,0.946565,0.370965,60.80934748274023,-0.439015,20.0,46.0,0.2418952618453865,9.0,6.666666666666665,1,5.266666666666667,2025-08-06,633.0,627.4578247070312,0.13195,0.138260294117647,0.1475095238095237,0.006310294117647,0.0155595238095237,0,0.17097,0.11244,0.05853,0.0097549999999999,0.2295814641194957,0.1087932236101431,0.3625498007968127,0.194010277887833,0.1009576033015045,0.0309923966984954,1.9217005113367405,1.35,0.7466220669268334,0.8596506467403161,-0.4007149031012654,-0.002647861831925,0.0200535494255602,-0.0067805741025197,1,16.770000457763672,19.469999313354492,3.5750004577636716,17.9,11.475,real_post_mid,1.79,2.6,460.89999999999986,0.03072666666666666,fold_5,logreg,0.851063829787234
VTRS,2025-06-30,2025-08-07,1.0,9.26,8.77,1.4,7.07,0.5558,0.5801,0.5288,5.0,0.5538,0.5538,0.5522,0.5533,1.0,0.0,1.0,0.0,3455485330.0,3546000000.0,3398000000.0,6.0,3700.8,3644.3,54.18,160.57,-11.17,-77.92,-5.23,-25.37,-7.41,-324.06,-1513.54,-5.37,-94.14,9.0,10.0,9.0,2025-08-15,0.3,0.525,0.825,9.166666666666666,0.75,0.05,0.8,10.61,1.6099999999999994,0.73681,0.7173,0.727055,0.08805,87.88949941888853,-0.28292,2047.0,951.0,0.2848857045377004,9.0,11.111111111111116,0,-1.94444444444445,2025-08-06,633.0,627.4578247070312,0.13195,0.138260294117647,0.1475095238095237,0.006310294117647,0.0155595238095237,0,0.17097,0.11244,0.05853,0.0097549999999999,0.2295814641194957,0.1087932236101431,0.3625498007968127,0.194010277887833,0.1009576033015045,0.0309923966984954,1.9217005113367405,1.35,0.7466220669268334,0.8596506467403161,-0.4007149031012654,-0.002647861831925,0.0200535494255602,-0.0067805741025197,1,16.770000457763672,19.469999313354492,3.5750004577636716,0.825,0.8,real_post_mid,0.0825,2.6,-8.350000000000009,-0.009277777777777788,fold_5,logreg,0.851063829787234
DE,2025-07-31,2025-08-14,1.0,503.47,531.48,-4.89,-9.9,4.5859,5.6,3.7847,16.0,4.653,4.6219,4.6178,5.3113,3.0,0.0,4.0,0.0,10327149840.0,10694000000.0,9789390000.0,9.0,16780.48,15908.82,1003.23,2290.83,-16.48,51.6,-20.63,-22.16,108.15,-17.91,-22.4,0.31,-1.75,512.5,490.0,512.5,2025-08-15,14.025,13.175,27.200000000000003,5.307317073170732,0.01,23.525,23.535,488.8,23.69999999999999,0.88315,0.91242,0.897785,0.21975,75.52309294541566,-0.5707200000000001,113.0,129.0,1.534719198955159,2.0,4.390243902439028,1,0.9170731707317036,2025-08-13,645.0,639.4659423828125,0.11244,0.1290773529411764,0.1370573809523809,0.0166373529411764,0.0246173809523809,0,0.1417,0.10268,0.03902,0.0097499999999999,0.0,0.0502203398917064,0.1115537848605577,0.0858177802511765,0.1051197068275147,0.0073202931724852,0.8163814649139985,1.0,-1.3654272054435452,1.350375748468979,0.0423890565243091,0.0191377287890035,0.0365673339230656,0.0,1,14.489999771118164,18.329999923706055,3.2459997711181643,27.200000000000003,23.535,real_post_mid,2.7200000000000006,2.6,91.9000000000002,0.001793170731707321,fold_5,logreg,0.851063829787234
KEYS,2025-07-31,2025-08-19,0.0,162.45,162.47,0.63,0.62,1.6719,1.69,1.65,9.0,1.6717,1.672,1.6722,1.691,0.0,0.0,0.0,1.0,1318184560.0,1325121030.0,1315000000.0,9.0,3303.2,5034.27,-1444.14,1044.7,7.4,0.62,-0.93,20.57,75.26,53.96,16.95,-0.42,1.29,165.0,160.0,165.0,2025-09-19,7.25,7.2,14.45,8.757575757575758,2.125,7.9,10.025,178.15,13.150000000000006,0.37584,0.37584,0.37584,0.229505,38.93545125585355,-0.048775,267.0,69.0,0.9897810218978104,32.0,3.0303030303030276,1,5.72727272727273,2025-08-18,647.0,637.8893432617188,0.1159221428571428,0.1319449999999999,0.1393811904761905,0.0160228571428571,0.0234590476190476,0,0.1486714285714286,0.10268,0.0459914285714286,0.0097535714285714,0.0666283980483006,0.0606744223449311,0.147410358565737,0.0804540635175924,0.1044539670268181,0.0114681758303247,0.7702346383544836,0.97,-1.36077252703364,1.2223575236752138,-0.0361683861213691,0.0116053372277842,0.0250486769634676,-0.002558316317498,1,14.989999771118164,18.450000762939453,3.397785485403878,14.45,10.025,real_post_mid,1.445,2.6,295.39999999999986,0.017903030303030296,fold_5,logreg,1.0
NDSN,2025-07-31,2025-08-20,1.0,214.3,195.84,-0.36,9.03,2.6366,2.69,2.57,10.0,2.6366,2.6366,2.6376,2.5757,0.0,0.0,0.0,1.0,723569000.0,733800000.0,709000000.0,10.0,3532.38,3516.79,154.15,264.74,4.96,10.97,1.42,3.42,17.48,0.4,0.08,-1.48,-1.21,220.0,220.0,220.0,2025-09-19,6.05,8.45,14.5,6.59090909090909,6.35,5.550000000000001,11.9,225.08,5.0800000000000125,0.26853,0.2978,0.283165,0.23926,15.505094203026504,-0.014635,152.0,108.0,0.1541850220264317,31.0,0.0,1,6.59090909090909,2025-08-19,643.0,634.4286499023438,0.1263728571428571,0.1322935714285714,0.1407754761904762,0.0059207142857142,0.014402619047619,0,0.1598257142857142,0.10268,0.0571457142857142,0.0048799999999999,0.2665955963754153,0.0920495362676245,0.2749003984063745,0.0519194458300157,0.1068819938655719,0.0194908632772851,0.4857641961219026,1.03,-0.9565643296245206,1.35622149817767,0.0630240660056262,-0.0044811607172615,0.0175580886413386,-0.0079696621058342,1,15.56999969482422,18.899999618530273,2.9327139805385034,14.5,11.9,real_post_mid,1.4500000000000002,2.6,112.39999999999995,0.005109090909090907,fold_5,logreg,0.9020130829590687
A,2025-07-31,2025-08-27,1.0,119.54,113.28,-0.71,4.78,1.3677,1.39,1.3558,16.0,1.3669,1.3669,1.3653,1.3956,1.0,0.0,2.0,0.0,1665986310.0,1675000000.0,1659000000.0,13.0,5786.9,5721.7,77.97,168.6,6.04,-0.77,0.49,7.38,0.0,-16.97,-17.36,-2.5,-5.09,120.0,125.0,120.0,2025-09-19,3.75,5.15,8.9,7.416666666666667,6.7,1.2999999999999998,8.0,126.32,6.319999999999993,0.36609,0.36609,0.36609,0.26365,27.98219017181568,-0.0439,968.0,61.0,0.3004418262150221,24.0,4.166666666666674,1,3.249999999999993,2025-08-26,649.0,639.733642578125,0.1124357142857142,0.1249807142857142,0.136825,0.012545,0.0243892857142857,0,0.1500657142857143,0.0943142857142857,0.0557514285714285,0.0097542857142857,1.3666056249728771e-05,0.050207473328687,0.1075697211155378,0.1324696852767233,0.1185777799884574,-0.0061420657027431,1.1171543714987586,1.07,-0.8185506636225119,0.8249207921001592,-0.5256140493427826,0.0083618428590792,0.0129053824015474,-0.0002324531495303,1,14.619999885559082,17.899999618530273,3.3764284569876537,8.9,8.0,real_post_mid,0.8900000000000001,2.6,-1.599999999999977,-0.00013333333333333142,fold_5,logreg,0.851063829787234
COO,2025-07-31,2025-08-27,1.0,72.91,79.96,1.64,-7.32,1.0676,1.09,1.04,15.0,1.068,1.0679,1.068,1.05,1.0,0.0,1.0,1.0,1063389680.0,1072744000.0,1054000000.0,14.0,2239.79,2249.61,65.01,140.29,6.33,3.9,5.9,12.94,4.35,1.59,14.29,0.79,1.29,75.0,65.0,75.0,2025-09-19,2.825,3.375,6.2,8.266666666666666,0.15,10.45,10.6,68.17,6.829999999999998,0.44414,0.36609,0.405115,0.283165,30.10256346963208,-0.068295,181.0,70.0,2.606741573033708,24.0,13.33333333333333,0,-5.066666666666665,2025-08-26,649.0,639.733642578125,0.1124357142857142,0.1249807142857142,0.136825,0.012545,0.0243892857142857,0,0.1500657142857143,0.0943142857142857,0.0557514285714285,0.0097542857142857,1.3666056249728771e-05,0.050207473328687,0.1075697211155378,0.1324696852767233,0.1185777799884574,-0.0061420657027431,1.1171543714987586,1.07,-0.8185506636225119,0.8249207921001592,-0.5256140493427826,0.0083618428590792,0.0129053824015474,-0.0002324531495303,1,14.619999885559082,17.899999618530273,3.3764284569876537,6.2,10.6,real_post_mid,0.6200000000000001,2.6,-504.59999999999997,-0.06727999999999999,fold_5,logreg,0.851063829787234
SJM,2025-07-31,2025-08-27,0.0,108.7,112.47,-2.79,-6.05,1.9263,2.08,1.82,14.0,1.8813,1.8999,1.9039,2.3851,5.0,0.0,9.0,0.0,2114005350.0,2153000000.0,2069000000.0,11.0,10854.26,10575.59,-125.11,772.62,-1.94,,10.2,5.24,15.49,-206.33,-299.73,3.25,-40.51,110.0,105.0,110.0,2025-09-19,3.85,3.25,7.1,6.454545454545454,0.925,4.05,4.975,108.78,1.2199999999999989,0.2978,0.32707,0.312435,0.2197549999999999,29.663770064173363,-0.08293,1348.0,240.0,0.5837170364169109,24.0,4.545454545454541,1,1.9090909090909127,2025-08-26,649.0,639.733642578125,0.1124357142857142,0.1249807142857142,0.136825,0.012545,0.0243892857142857,0,0.1500657142857143,0.0943142857142857,0.0557514285714285,0.0097542857142857,1.3666056249728771e-05,0.050207473328687,0.1075697211155378,0.1324696852767233,0.1185777799884574,-0.0061420657027431,1.1171543714987586,1.07,-0.8185506636225119,0.8249207921001592,-0.5256140493427826,0.0083618428590792,0.0129053824015474,-0.0002324531495303,1,14.619999885559082,17.899999618530273,3.3764284569876537,7.1,4.975,real_post_mid,0.71,2.6,138.9,0.012627272727272728,fold_5,logreg,1.0
WSM,2025-07-31,2025-08-27,1.0,188.23,164.51,2.09,16.81,1.8102,1.9591,1.68,19.0,1.7852,1.7809,1.7777,1.7762,2.0,0.0,7.0,0.0,1827979890.0,1852210000.0,1793453000.0,17.0,15578.11,18396.46,-1209.17,1715.34,4.2,,-1.07,-61.67,-77.06,-7.21,-8.32,-3.63,-2.3,200.0,190.0,200.0,2025-09-19,9.9,11.6,21.5,10.75,2.175,13.95,16.125,198.25,1.75,0.52218,0.53194,0.52706,0.3417,35.16867149850111,-0.053655,285.0,1251.0,1.4471926787039326,24.0,5.000000000000004,1,5.749999999999996,2025-08-26,649.0,639.733642578125,0.1124357142857142,0.1249807142857142,0.136825,0.012545,0.0243892857142857,0,0.1500657142857143,0.0943142857142857,0.0557514285714285,0.0097542857142857,1.3666056249728771e-05,0.050207473328687,0.1075697211155378,0.1324696852767233,0.1185777799884574,-0.0061420657027431,1.1171543714987586,1.07,-0.8185506636225119,0.8249207921001592,-0.5256140493427826,0.0083618428590792,0.0129053824015474,-0.0002324531495303,1,14.619999885559082,17.899999618530273,3.3764284569876537,21.5,16.125,real_post_mid,2.15,2.6,319.9,0.015995,fold_5,logreg,1.0
LW,2025-08-31,2025-09-30,1.0,57.53,52.76,0.96,10.08,0.5335,0.63,0.438,8.0,0.531,0.538,0.523,0.7773,1.0,0.0,2.0,1.0,1615749940.0,1635279100.0,1599000000.0,7.0,1364.0,925.89,612.8,767.46,4.27,,-1.65,-8.33,-55.47,15.73,10.78,-0.54,1.03,55.0,62.5,55.0,2025-10-17,4.0,2.7,6.7,12.181818181818183,7.25,0.125,7.375,65.01,10.010000000000003,0.73681,0.6295,0.683155,0.31243,54.26660128374966,-0.2439,399.0,237.0,1.5838786436644854,18.0,13.636363636363647,0,-1.454545454545464,2025-09-29,666.0,659.9224243164062,0.1291614285714286,0.1417,0.14658,0.0125385714285713,0.0174185714285713,0,0.1584314285714285,0.11244,0.0459914285714285,0.0062742857142857,0.7203474870265785,0.1004213799388838,0.3625498007968127,0.0783062028006041,0.0759494725704496,0.053211956000979,1.0310302382675334,1.18,-0.1003943209285036,2.16190169345261,0.6597514402954284,-0.0047387392578681,0.025580977989813,-0.0047387392578681,1,16.1200008392334,18.760000228881836,3.2038579820905397,6.7,7.375,real_post_mid,0.67,2.6,-137.09999999999997,-0.02492727272727272,fold_5,logreg,0.851063829787234
PAYX,2025-08-31,2025-09-30,1.0,139.46,145.96,-9.1,-13.15,1.2029,1.22,1.1628,12.0,1.2042,1.2064,1.215,1.2257,1.0,0.0,1.0,4.0,1537436120.0,1545100000.0,1532341180.0,10.0,1501.09,1546.54,-14.85,74.47,4.84,,4.05,7.97,46.08,8.19,6.46,0.72,0.69,130.0,125.0,130.0,2025-10-17,3.95,3.925,7.875,6.0576923076923075,0.675,6.449999999999999,7.124999999999999,126.56,3.4399999999999977,0.39536,0.28804,0.3417,0.23926,29.979514193737195,-0.0438999999999999,2357.0,694.0,1.7583497053045187,18.0,3.846153846153843,1,2.211538461538464,2025-09-29,666.0,659.9224243164062,0.1291614285714286,0.1417,0.14658,0.0125385714285713,0.0174185714285713,0,0.1584314285714285,0.11244,0.0459914285714285,0.0062742857142857,0.7203474870265785,0.1004213799388838,0.3625498007968127,0.0783062028006041,0.0759494725704496,0.053211956000979,1.0310302382675334,1.18,-0.1003943209285036,2.16190169345261,0.6597514402954284,-0.0047387392578681,0.025580977989813,-0.0047387392578681,1,16.1200008392334,18.760000228881836,3.2038579820905397,7.875,7.124999999999999,real_post_mid,0.7875000000000001,2.6,-6.34999999999992,-0.0004884615384615322,fold_5,logreg,0.851063829787234
WRB,2025-09-30,2025-10-20,0.0,73.39,68.54,0.12,7.21,1.1028,1.17,1.04,15.0,1.0955,1.0495,1.0473,1.066,5.0,0.0,6.0,1.0,3152988000.0,3173100000.0,3146000000.0,4.0,-4537.12,-4799.71,27.75,202.25,10.77,3.48,11.56,0.96,3.96,18.58,7.01,-2.65,-0.5,75.0,75.0,75.0,2025-11-21,2.175,2.675,4.85,6.466666666666667,2.15,1.7000000000000002,3.85,78.1,3.0999999999999943,0.26853,0.24902,0.258775,0.2197549999999999,15.078736353975462,-0.0195149999999999,129.0,5.0,0.0950226244343891,35.0,0.0,1,6.466666666666667,2025-10-17,666.0,660.62841796875,0.166095,0.1702735714285714,0.166095,0.0041785714285714,0.0,0,0.2002399999999999,0.1417,0.0585399999999999,0.0048749999999999,0.5916751373098373,0.211303275612502,0.7928286852589641,0.1309378925294387,0.1292928364681499,0.03680216353185,1.0127234896087534,1.26,-0.3159114950438394,0.767803389493788,-0.3668648226399914,0.0174114706353449,0.0059976544737594,-0.0129547378917808,1,20.780000686645508,22.09000015258789,4.170500686645507,4.85,3.85,real_post_mid,0.485,2.6,48.899999999999956,0.0065199999999999945,fold_6,logreg,0.8
STLD,2025-09-30,2025-10-20,1.0,139.27,132.24,5.03,10.62,2.6307,2.69,2.6,10.0,2.6349,2.5788,2.6178,3.105,0.0,0.0,5.0,4.0,4762032360.0,4912768790.0,4562000000.0,8.0,46410.88,46475.98,67.68,260.57,-1.46,4.48,-5.79,-26.1,39.58,-22.56,-31.53,-3.18,-3.68,145.0,155.0,145.0,2025-11-21,6.05,7.65,13.7,9.448275862068964,12.9,3.25,16.15,158.16,13.159999999999997,0.3856,0.3856,0.3856,0.400235,-3.795383817427388,-0.0438999999999999,272.0,65.0,0.6777163904235728,35.0,6.896551724137923,1,2.551724137931042,2025-10-17,666.0,660.62841796875,0.166095,0.1702735714285714,0.166095,0.0041785714285714,0.0,0,0.2002399999999999,0.1417,0.0585399999999999,0.0048749999999999,0.5916751373098373,0.211303275612502,0.7928286852589641,0.1309378925294387,0.1292928364681499,0.03680216353185,1.0127234896087534,1.26,-0.3159114950438394,0.767803389493788,-0.3668648226399914,0.0174114706353449,0.0059976544737594,-0.0129547378917808,1,20.780000686645508,22.09000015258789,4.170500686645507,13.7,16.15,real_post_mid,1.37,2.6,-384.59999999999997,-0.026524137931034482,fold_6,logreg,0.8
CB,2025-09-30,2025-10-21,1.0,273.89,270.15,-1.69,-0.33,6.1505,6.83,4.88,21.0,6.1505,5.4752,5.4597,5.5367,7.0,0.0,13.0,1.0,12944166670.0,13132000000.0,12809000000.0,6.0,21616.03,19819.62,1567.37,926.0,6.93,10.52,9.78,14.13,66.85,33.79,95.99,1.22,11.33,270.0,275.0,270.0,2025-11-21,6.3,7.2,13.5,5.0,10.65,3.45,14.099999999999998,298.29,28.29000000000002,0.21,0.21,0.21,0.18073,13.938095238095231,-0.0243949999999999,491.0,14.0,1.2387387387387387,32.0,1.85185185185186,1,3.14814814814814,2025-10-20,673.0,667.499267578125,0.14658,0.15146,0.1521571428571428,0.00488,0.0055771428571428,0,0.1779414285714285,0.12219,0.0557514285714285,0.0034857142857143,0.3583039352187986,0.152715380903876,0.6414342629482072,0.1053748296670679,0.1330475191523701,0.0135324808476298,0.7920089779831928,1.79,3.3000160813684625,1.4345563050969712,-0.2410923127045109,0.012457805416941,0.0114509185900202,-0.002688997924911,1,18.229999542236328,20.309999465942383,3.5719995422363287,13.5,14.099999999999998,real_post_mid,1.35,2.6,-197.5999999999998,-0.007318518518518511,fold_6,logreg,0.8
ELV,2025-09-30,2025-10-21,1.0,313.71,296.6,11.49,17.92,4.9422,5.94,4.4734,20.0,4.9497,4.9363,4.9357,5.1947,1.0,0.0,2.0,2.0,49499550670.0,50347041000.0,48649000000.0,11.0,13170.69,13092.01,944.05,1290.23,14.04,1.81,6.73,-12.65,-26.15,-16.33,-23.24,0.0,-2.24,360.0,350.0,360.0,2025-11-21,17.45,21.4,38.849999999999994,10.791666666666664,7.9,21.9,29.799999999999997,321.73,38.26999999999998,0.46365,0.45389,0.45877,0.331945,27.64457135383744,-0.06341,524.0,1273.0,1.1233926128590972,32.0,2.777777777777779,1,8.013888888888886,2025-10-20,673.0,667.499267578125,0.14658,0.15146,0.1521571428571428,0.00488,0.0055771428571428,0,0.1779414285714285,0.12219,0.0557514285714285,0.0034857142857143,0.3583039352187986,0.152715380903876,0.6414342629482072,0.1053748296670679,0.1330475191523701,0.0135324808476298,0.7920089779831928,1.79,3.3000160813684625,1.4345563050969712,-0.2410923127045109,0.012457805416941,0.0114509185900202,-0.002688997924911,1,18.229999542236328,20.309999465942383,3.5719995422363287,38.849999999999994,29.799999999999997,real_post_mid,3.885,2.6,513.8999999999997,0.014274999999999993,fold_6,logreg,0.8
GPC,2025-09-30,2025-10-21,0.0,137.33,134.68,-2.05,-0.13,1.9911,2.0345,1.8568,10.0,1.9911,2.0073,2.0073,2.0441,1.0,0.0,1.0,1.0,6124728410.0,6190000000.0,6051604070.0,10.0,7667.68,7311.33,110.19,98.45,3.39,5.09,2.03,-13.93,20.0,-1.09,-1.27,1.14,-0.33,130.0,135.0,130.0,2025-11-21,6.35,3.9,10.25,7.884615384615384,6.45,2.525,8.975,128.56,1.4399999999999975,0.33682,0.31731,0.327065,0.2148749999999999,34.302050051213065,-0.06341,291.0,27.0,0.2938728323699422,32.0,3.8461538461538542,1,4.038461538461529,2025-10-20,673.0,667.499267578125,0.14658,0.15146,0.1521571428571428,0.00488,0.0055771428571428,0,0.1779414285714285,0.12219,0.0557514285714285,0.0034857142857143,0.3583039352187986,0.152715380903876,0.6414342629482072,0.1053748296670679,0.1330475191523701,0.0135324808476298,0.7920089779831928,1.79,3.3000160813684625,1.4345563050969712,-0.2410923127045109,0.012457805416941,0.0114509185900202,-0.002688997924911,1,18.229999542236328,20.309999465942383,3.5719995422363287,10.25,8.975,real_post_mid,1.0250000000000001,2.6,22.40000000000002,0.0017230769230769246,fold_6,logreg,0.8
PNR,2025-09-30,2025-10-21,1.0,110.3,103.63,-1.16,5.2,1.1807,1.202,1.16,18.0,1.1807,1.1807,1.1807,1.1754,0.0,0.0,1.0,2.0,1005273770.0,1019000000.0,991900000.0,18.0,4950.5,5754.47,-248.34,595.53,2.17,11.15,-0.28,-26.23,-18.92,-20.57,0.24,0.83,-0.42,110.0,110.0,110.0,2025-11-21,4.4,5.7,10.1,9.181818181818183,3.175,3.5999999999999996,6.7749999999999995,104.79,5.209999999999994,0.35633,0.42462,0.390475,0.27341,29.98015237851336,-0.0877999999999999,1663.0,443.0,0.7967781908302355,32.0,0.0,1,9.181818181818183,2025-10-20,673.0,667.499267578125,0.14658,0.15146,0.1521571428571428,0.00488,0.0055771428571428,0,0.1779414285714285,0.12219,0.0557514285714285,0.0034857142857143,0.3583039352187986,0.152715380903876,0.6414342629482072,0.1053748296670679,0.1330475191523701,0.0135324808476298,0.7920089779831928,1.79,3.3000160813684625,1.4345563050969712,-0.2410923127045109,0.012457805416941,0.0114509185900202,-0.002688997924911,1,18.229999542236328,20.309999465942383,3.5719995422363287,10.100000000000001,6.7749999999999995,real_post_mid,1.0100000000000002,2.6,228.90000000000018,0.020809090909090926,fold_6,logreg,0.8
OMC,2025-09-30,2025-10-21,1.0,75.01,77.88,4.93,1.07,2.1736,2.1821,2.17,4.0,2.1696,2.1565,2.1565,2.1584,0.0,0.0,1.0,2.0,4019107080.0,4037000000.0,3996900000.0,4.0,10797.09,10496.3,220.16,87.86,4.2,8.81,5.91,5.13,20.59,-12.15,-7.06,-0.23,-1.59,77.5,82.5,77.5,2025-11-21,3.175,2.8,5.975,7.709677419354838,5.35,1.325,6.675,74.87,2.6299999999999955,0.28804,0.35633,0.322185,0.31731,1.5131058242935016,0.058535,60.0,94.0,0.5302166476624858,32.0,6.451612903225801,1,1.2580645161290374,2025-10-20,673.0,667.499267578125,0.14658,0.15146,0.1521571428571428,0.00488,0.0055771428571428,0,0.1779414285714285,0.12219,0.0557514285714285,0.0034857142857143,0.3583039352187986,0.152715380903876,0.6414342629482072,0.1053748296670679,0.1330475191523701,0.0135324808476298,0.7920089779831928,1.79,3.3000160813684625,1.4345563050969712,-0.2410923127045109,0.012457805416941,0.0114509185900202,-0.002688997924911,1,18.229999542236328,20.309999465942383,3.5719995422363287,5.975,6.675,real_post_mid,0.5975,2.6,-132.35000000000002,-0.017077419354838714,fold_6,logreg,0.8
PCAR,2025-09-30,2025-10-21,0.0,99.46,101.11,0.39,-1.25,1.1482,1.2002,1.05,10.0,1.1854,1.1956,1.1956,1.2831,1.0,0.0,0.0,3.0,6007750000.0,6279000000.0,5650000000.0,8.0,-13937.12,-12181.01,-846.72,1026.5,-14.39,0.89,-7.31,-35.68,42.71,-38.34,-34.72,-2.76,-3.48,98.8,100.0,100.0,2025-11-21,3.0,5.55,8.55,8.653846153846155,3.1,2.825,5.925000000000001,102.99,2.989999999999995,0.34658,0.37584,0.36121,0.26365,27.009219013870055,-0.053655,341.0,256.0,0.6548223350253807,32.0,1.2145748987854257,1,7.43927125506073,2025-10-20,673.0,667.499267578125,0.14658,0.15146,0.1521571428571428,0.00488,0.0055771428571428,0,0.1779414285714285,0.12219,0.0557514285714285,0.0034857142857143,0.3583039352187986,0.152715380903876,0.6414342629482072,0.1053748296670679,0.1330475191523701,0.0135324808476298,0.7920089779831928,1.79,3.3000160813684625,1.4345563050969712,-0.2410923127045109,0.012457805416941,0.0114509185900202,-0.002688997924911,1,18.229999542236328,20.309999465942383,3.5719995422363287,8.55,5.925000000000001,real_post_mid,0.8550000000000001,2.6,174.4,0.017651821862348177,fold_6,logreg,0.8
NDAQ,2025-09-30,2025-10-21,1.0,89.57,88.28,0.85,2.32,0.8477,0.87,0.77,16.0,0.8368,0.8318,0.828,0.8073,9.0,0.0,11.0,1.0,1301077850.0,1317000000.0,1228000000.0,11.0,-39861.28,-39998.91,80.06,29.09,16.63,0.0,22.78,23.19,7.59,34.57,34.28,-0.32,3.58,90.0,87.5,90.0,2025-11-21,2.6,3.95,6.550000000000001,7.277777777777779,1.325,3.5999999999999996,4.925,87.66,2.3400000000000034,0.28804,0.33682,0.31243,0.24414,21.85769612393176,-0.0731649999999999,162.0,454.0,0.6512096774193549,32.0,2.777777777777779,1,4.5,2025-10-20,673.0,667.499267578125,0.14658,0.15146,0.1521571428571428,0.00488,0.0055771428571428,0,0.1779414285714285,0.12219,0.0557514285714285,0.0034857142857143,0.3583039352187986,0.152715380903876,0.6414342629482072,0.1053748296670679,0.1330475191523701,0.0135324808476298,0.7920089779831928,1.79,3.3000160813684625,1.4345563050969712,-0.2410923127045109,0.012457805416941,0.0114509185900202,-0.002688997924911,1,18.229999542236328,20.309999465942383,3.5719995422363287,6.550000000000001,4.925,real_post_mid,0.6550000000000001,2.6,94.40000000000008,0.010488888888888898,fold_6,logreg,0.8
CME,2025-09-30,2025-10-22,1.0,261.08,277.18,2.58,-3.38,2.628,2.67,2.56,14.0,2.6369,2.7032,2.706,2.7816,1.0,0.0,4.0,10.0,1529904530.0,1538676240.0,1518000000.0,10.0,5098.3,4930.15,85.93,86.02,10.41,3.03,11.19,15.62,5.71,13.99,12.86,0.26,1.45,270.0,270.0,270.0,2025-11-21,7.550000000000001,8.7,16.25,6.018518518518518,6.0,5.85,11.85,273.09,3.089999999999975,0.24902,0.26853,0.258775,0.209995,18.85035262293498,-0.0341449999999999,1822.0,133.0,0.4347357065803667,31.0,0.0,1,6.018518518518518,2025-10-21,672.0,667.4892578125,0.1417,0.1510533333333333,0.1525057142857142,0.0093533333333333,0.0108057142857142,0,0.18073,0.12219,0.05854,0.0097599999999999,0.2940608984021704,0.1380646544791722,0.5816733067729084,0.1030274440244827,0.1321824346400119,0.009517565359988,0.7794336993797212,1.41,0.6360321929123965,0.7293976527674388,-0.3711155429452148,0.0136809909324202,0.0066731721542181,-0.0027039535209257,1,17.8700008392334,19.989999771118164,3.7000008392333985,16.25,11.85,real_post_mid,1.625,2.6,274.90000000000003,0.010181481481481482,fold_6,logreg,0.8
CCI,2025-09-30,2025-10-22,1.0,94.28,113.91,3.63,-14.23,0.49,0.49,0.49,1.0,0.49,0.49,0.5139,0.5686,0.0,0.0,0.0,3.0,1052885770.0,1066000000.0,1026400000.0,15.0,-58129.28,-33335.12,-1195.68,23334.31,-4.25,-0.09,-4.86,15.59,163.26,1.04,2.22,-1.48,3.02,100.0,97.5,100.0,2025-11-21,2.8,3.5999999999999996,6.3999999999999995,6.4,1.95,3.35,5.300000000000001,90.01,9.989999999999997,0.28804,0.26853,0.278285,0.239265,14.021596564672906,-0.014635,1477.0,177.0,0.2608471074380165,31.0,2.500000000000002,1,3.899999999999998,2025-10-21,672.0,667.4892578125,0.1417,0.1510533333333333,0.1525057142857142,0.0093533333333333,0.0108057142857142,0,0.18073,0.12219,0.05854,0.0097599999999999,0.2940608984021704,0.1380646544791722,0.5816733067729084,0.1030274440244827,0.1321824346400119,0.009517565359988,0.7794336993797212,1.41,0.6360321929123965,0.7293976527674388,-0.3711155429452148,0.0136809909324202,0.0066731721542181,-0.0027039535209257,1,17.8700008392334,19.989999771118164,3.7000008392333985,6.3999999999999995,5.300000000000001,real_post_mid,0.64,2.6,43.39999999999987,0.004339999999999987,fold_6,logreg,0.8
WAB,2025-09-30,2025-10-22,1.0,197.96,200.7,-2.29,-3.62,2.2755,2.3498,2.19,10.0,2.2846,2.2695,2.2707,2.1783,1.0,0.0,5.0,0.0,2882191880.0,2951000000.0,2852000000.0,8.0,13244.7,12321.15,486.63,418.08,2.34,3.68,5.75,15.82,-0.44,11.3,9.77,1.6,1.18,200.0,200.0,200.0,2025-11-21,6.4,7.9,14.3,7.15,3.6,6.05,9.65,200.22,0.2199999999999988,0.30755,0.31731,0.31243,0.21,32.78494382741734,-0.0438999999999999,44.0,44.0,0.3383838383838384,31.0,0.0,1,7.15,2025-10-21,672.0,667.4892578125,0.1417,0.1510533333333333,0.1525057142857142,0.0093533333333333,0.0108057142857142,0,0.18073,0.12219,0.05854,0.0097599999999999,0.2940608984021704,0.1380646544791722,0.5816733067729084,0.1030274440244827,0.1321824346400119,0.009517565359988,0.7794336993797212,1.41,0.6360321929123965,0.7293976527674388,-0.3711155429452148,0.0136809909324202,0.0066731721542181,-0.0027039535209257,1,17.8700008392334,19.989999771118164,3.7000008392333985,14.3,9.65,real_post_mid,1.4300000000000002,2.6,319.4,0.015969999999999998,fold_6,logreg,0.8
FE,2025-09-30,2025-10-22,1.0,43.33,41.4,9.14,14.23,0.7683,0.8,0.7327,8.0,0.7526,0.7884,0.8002,0.83,2.0,0.0,2.0,3.0,3943693340.0,3969667000.0,3912000000.0,5.0,3272.78,3016.09,201.0,124.13,3.05,-10.23,6.2,-7.14,-22.39,18.98,52.72,-2.53,6.21,47.0,46.0,47.0,2025-11-21,1.0499999999999998,1.25,2.3,4.8936170212765955,0.6499999999999999,1.35,2.0,46.89,0.1099999999999994,0.17097,0.24902,0.209995,0.20512,2.3214838448534443,-0.0243849999999999,717.0,2.0,0.7323232323232324,31.0,2.127659574468088,1,2.7659574468085073,2025-10-21,672.0,667.4892578125,0.1417,0.1510533333333333,0.1525057142857142,0.0093533333333333,0.0108057142857142,0,0.18073,0.12219,0.05854,0.0097599999999999,0.2940608984021704,0.1380646544791722,0.5816733067729084,0.1030274440244827,0.1321824346400119,0.009517565359988,0.7794336993797212,1.41,0.6360321929123965,0.7293976527674388,-0.3711155429452148,0.0136809909324202,0.0066731721542181,-0.0027039535209257,1,17.8700008392334,19.989999771118164,3.7000008392333985,2.3,2.0,real_post_mid,0.22999999999999998,2.6,4.399999999999984,0.0009361702127659541,fold_6,logreg,0.8
AVY,2025-09-30,2025-10-22,0.0,163.2,178.45,9.71,0.33,2.3255,2.35,2.3,10.0,2.3244,2.3475,2.3589,2.4054,0.0,0.0,1.0,1.0,2218325960.0,2237000000.0,2198377000.0,10.0,9313.63,9432.52,-240.79,244.09,-0.66,3.36,3.09,0.0,5.22,6.96,-0.73,-0.87,-0.01,165.0,185.0,165.0,2025-11-21,5.25,6.2,11.45,6.939393939393939,22.9,0.525,23.424999999999997,170.46,5.460000000000008,0.2978,0.2978,0.2978,0.239265,19.655809267965076,-0.039025,2028.0,31.0,0.2084942084942085,31.0,12.12121212121211,0,-5.181818181818172,2025-10-21,672.0,667.4892578125,0.1417,0.1510533333333333,0.1525057142857142,0.0093533333333333,0.0108057142857142,0,0.18073,0.12219,0.05854,0.0097599999999999,0.2940608984021704,0.1380646544791722,0.5816733067729084,0.1030274440244827,0.1321824346400119,0.009517565359988,0.7794336993797212,1.41,0.6360321929123965,0.7293976527674388,-0.3711155429452148,0.0136809909324202,0.0066731721542181,-0.0027039535209257,1,17.8700008392334,19.989999771118164,3.7000008392333985,11.45,23.424999999999997,real_post_mid,1.145,2.6,-1314.5999999999997,-0.07967272727272726,fold_6,logreg,0.8
GL,2025-09-30,2025-10-22,1.0,145.25,131.52,-6.62,3.12,4.5427,4.76,4.0,11.0,4.5427,4.505,4.4301,3.844,1.0,0.0,2.0,1.0,1519282000.0,1523000000.0,1514000000.0,4.0,3687.01,3998.25,120.26,496.48,2.85,0.06,5.24,10.1,6.51,-1.57,-2.83,-51.68,-1.4,135.0,135.0,135.0,2025-11-21,5.85,4.05,9.9,7.333333333333332,3.875,3.475,7.35,132.42,2.5800000000000125,0.32707,0.2978,0.312435,0.24414,21.85894666090547,-0.043905,285.0,0.0,0.2386363636363636,31.0,0.0,1,7.333333333333332,2025-10-21,672.0,667.4892578125,0.1417,0.1510533333333333,0.1525057142857142,0.0093533333333333,0.0108057142857142,0,0.18073,0.12219,0.05854,0.0097599999999999,0.2940608984021704,0.1380646544791722,0.5816733067729084,0.1030274440244827,0.1321824346400119,0.009517565359988,0.7794336993797212,1.41,0.6360321929123965,0.7293976527674388,-0.3711155429452148,0.0136809909324202,0.0066731721542181,-0.0027039535209257,1,17.8700008392334,19.989999771118164,3.7000008392333985,9.899999999999999,7.35,real_post_mid,0.9899999999999999,2.6,153.39999999999992,0.011362962962962957,fold_6,logreg,0.8
APH,2025-09-30,2025-10-22,1.0,123.69,104.46,4.24,23.43,0.7984,0.83,0.78,16.0,0.7986,0.7956,0.7956,0.6938,0.0,0.0,3.0,0.0,5556211940.0,5763000000.0,5416000000.0,16.0,-7982.34,-8634.35,366.54,101.1,56.53,17.45,31.4,84.09,28.57,94.19,86.11,2.73,4.02,125.0,135.0,125.0,2025-11-21,6.9,7.25,14.15,11.32,12.95,1.975,14.925,131.6,6.599999999999994,0.48316,0.49292,0.48804,0.3856,20.990082780099996,-0.082925,3199.0,771.0,0.526589062892555,31.0,8.000000000000007,1,3.319999999999993,2025-10-21,672.0,667.4892578125,0.1417,0.1510533333333333,0.1525057142857142,0.0093533333333333,0.0108057142857142,0,0.18073,0.12219,0.05854,0.0097599999999999,0.2940608984021704,0.1380646544791722,0.5816733067729084,0.1030274440244827,0.1321824346400119,0.009517565359988,0.7794336993797212,1.41,0.6360321929123965,0.7293976527674388,-0.3711155429452148,0.0136809909324202,0.0066731721542181,-0.0027039535209257,1,17.8700008392334,19.989999771118164,3.7000008392333985,14.15,14.925,real_post_mid,1.415,2.6,-221.60000000000002,-0.017728,fold_6,logreg,0.8
MOH,2025-09-30,2025-10-22,0.0,181.87,158.22,7.29,23.33,3.8925,4.35,2.89,17.0,3.8982,3.9051,4.0164,5.6551,0.0,0.0,0.0,1.0,10983598130.0,11328000000.0,10606000000.0,12.0,19084.0,20020.26,-1785.2,2364.11,15.66,2.51,17.83,-6.48,-9.87,-10.21,-14.06,-2.08,-1.13,200.0,160.0,200.0,2025-11-21,12.7,14.75,27.45,13.724999999999998,0.7250000000000001,38.35,39.075,141.56,58.44,0.60999,0.58072,0.5953550000000001,0.45877,22.941774235540148,-0.048785,506.0,114.0,2.622159090909091,31.0,19.999999999999996,0,-6.274999999999999,2025-10-21,672.0,667.4892578125,0.1417,0.1510533333333333,0.1525057142857142,0.0093533333333333,0.0108057142857142,0,0.18073,0.12219,0.05854,0.0097599999999999,0.2940608984021704,0.1380646544791722,0.5816733067729084,0.1030274440244827,0.1321824346400119,0.009517565359988,0.7794336993797212,1.41,0.6360321929123965,0.7293976527674388,-0.3711155429452148,0.0136809909324202,0.0066731721542181,-0.0027039535209257,1,17.8700008392334,19.989999771118164,3.7000008392333985,27.45,39.075,real_post_mid,2.745,2.6,-1439.6000000000004,-0.07198000000000002,fold_6,logreg,0.8
PKG,2025-09-30,2025-10-22,0.0,212.71,205.93,-1.87,1.36,2.8172,2.89,2.7252,8.0,2.8105,2.8484,2.832,2.9176,1.0,0.0,2.0,3.0,2314836410.0,2373331830.0,2241491540.0,7.0,16210.72,15878.56,84.22,312.07,4.63,1.42,7.86,12.73,7.36,16.94,20.91,1.15,2.07,210.0,210.0,210.0,2025-11-21,7.0,7.5,14.5,6.904761904761905,8.0,4.2,12.2,197.31,12.689999999999998,0.30755,0.28804,0.297795,0.24902,16.378716902567213,-0.0439,201.0,5.0,1.4285714285714286,31.0,0.0,1,6.904761904761905,2025-10-21,672.0,667.4892578125,0.1417,0.1510533333333333,0.1525057142857142,0.0093533333333333,0.0108057142857142,0,0.18073,0.12219,0.05854,0.0097599999999999,0.2940608984021704,0.1380646544791722,0.5816733067729084,0.1030274440244827,0.1321824346400119,0.009517565359988,0.7794336993797212,1.41,0.6360321929123965,0.7293976527674388,-0.3711155429452148,0.0136809909324202,0.0066731721542181,-0.0027039535209257,1,17.8700008392334,19.989999771118164,3.7000008392333985,14.5,12.2,real_post_mid,1.4500000000000002,2.6,82.40000000000006,0.0039238095238095265,fold_6,logreg,0.8
ORLY,2025-09-30,2025-10-22,1.0,103.45,98.16,-2.17,3.11,0.8304,0.86,0.81,20.0,0.8318,0.832,0.832,0.8245,0.0,0.0,0.0,1.0,4691134370.0,4749000000.0,4635000000.0,23.0,-344965.57,-330386.77,-6918.69,9003.99,5.92,9.38,5.2,11.43,25.81,6.54,5.93,0.66,0.0,101.33,98.67,101.33,2025-11-21,3.5,3.4000000000000004,6.9,6.809434520872397,1.95,4.3,6.25,100.43,0.8999999999999915,0.28804,0.30755,0.297795,0.278285,6.551486761026889,-0.029265,1014.0,68.0,0.5733082706766918,31.0,2.625086351524719,1,4.184348169347678,2025-10-21,672.0,667.4892578125,0.1417,0.1510533333333333,0.1525057142857142,0.0093533333333333,0.0108057142857142,0,0.18073,0.12219,0.05854,0.0097599999999999,0.2940608984021704,0.1380646544791722,0.5816733067729084,0.1030274440244827,0.1321824346400119,0.009517565359988,0.7794336993797212,1.41,0.6360321929123965,0.7293976527674388,-0.3711155429452148,0.0136809909324202,0.0066731721542181,-0.0027039535209257,1,17.8700008392334,19.989999771118164,3.7000008392333985,6.9,6.25,real_post_mid,0.6900000000000001,2.6,-6.59999999999997,-0.0006513372150399655,fold_6,logreg,0.8
MCO,2025-09-30,2025-10-22,1.0,488.29,513.09,-3.17,-7.85,3.6837,4.1,3.36,21.0,3.5863,3.4665,3.4545,3.4655,7.0,0.0,14.0,1.0,1947728250.0,2010600000.0,1881000000.0,20.0,20958.85,20121.45,521.4,209.34,4.46,-1.35,15.76,8.54,-7.05,6.83,6.57,-0.43,0.89,490.0,480.0,490.0,2025-11-21,15.15,17.5,32.65,6.663265306122448,8.15,17.4,25.549999999999997,479.65,10.350000000000025,0.2978,0.27829,0.288045,0.234385,18.629033657935388,-0.0487849999999999,25.0,65.0,1.381188118811881,31.0,2.0408163265306145,1,4.622448979591834,2025-10-21,672.0,667.4892578125,0.1417,0.1510533333333333,0.1525057142857142,0.0093533333333333,0.0108057142857142,0,0.18073,0.12219,0.05854,0.0097599999999999,0.2940608984021704,0.1380646544791722,0.5816733067729084,0.1030274440244827,0.1321824346400119,0.009517565359988,0.7794336993797212,1.41,0.6360321929123965,0.7293976527674388,-0.3711155429452148,0.0136809909324202,0.0066731721542181,-0.0027039535209257,1,17.8700008392334,19.989999771118164,3.7000008392333985,32.65,25.549999999999997,real_post_mid,3.265,2.6,380.9000000000001,0.007773469387755104,fold_6,logreg,0.8
NTRS,2025-09-30,2025-10-22,1.0,131.78,128.76,-4.78,-2.55,2.2417,2.37,2.1,13.0,2.2112,2.1963,2.1828,2.0755,4.0,0.0,8.0,2.0,2030960340.0,2072000000.0,1991900000.0,9.0,7746.08,6946.37,238.08,270.83,-23.39,2.49,14.16,-50.92,12.11,-43.84,-51.87,-2.58,-9.28,130.0,125.0,130.0,2025-11-21,4.800000000000001,5.5,10.3,7.923076923076923,1.95,6.95,8.9,127.13,2.8700000000000045,0.35633,0.32707,0.3417,0.27341,19.98536728124086,-0.02439,90.0,18.0,1.1314199395770392,31.0,3.846153846153843,1,4.07692307692308,2025-10-21,672.0,667.4892578125,0.1417,0.1510533333333333,0.1525057142857142,0.0093533333333333,0.0108057142857142,0,0.18073,0.12219,0.05854,0.0097599999999999,0.2940608984021704,0.1380646544791722,0.5816733067729084,0.1030274440244827,0.1321824346400119,0.009517565359988,0.7794336993797212,1.41,0.6360321929123965,0.7293976527674388,-0.3711155429452148,0.0136809909324202,0.0066731721542181,-0.0027039535209257,1,17.8700008392334,19.989999771118164,3.7000008392333985,10.3,8.9,real_post_mid,1.03,2.6,34.400000000000034,0.002646153846153849,fold_6,logreg,0.8
LII,2025-09-30,2025-10-22,1.0,533.83,664.54,-7.64,-25.8,6.8415,7.41,5.85,19.0,7.0239,7.1457,7.3282,7.1206,0.0,0.0,1.0,11.0,1483440560.0,1557708000.0,1416000000.0,16.0,27167.68,23800.71,944.93,1167.43,3.43,39.93,6.4,14.49,132.05,10.27,10.59,1.17,1.53,550.0,500.0,550.0,2025-11-21,28.15,26.35,54.5,9.909090909090908,2.8,56.9,59.7,465.12,84.88,0.43438,0.42462,0.4295,0.31731,26.12107101280559,-0.0682899999999999,10.0,10.0,0.7402376910016978,31.0,9.090909090909092,1,0.8181818181818148,2025-10-21,672.0,667.4892578125,0.1417,0.1510533333333333,0.1525057142857142,0.0093533333333333,0.0108057142857142,0,0.18073,0.12219,0.05854,0.0097599999999999,0.2940608984021704,0.1380646544791722,0.5816733067729084,0.1030274440244827,0.1321824346400119,0.009517565359988,0.7794336993797212,1.41,0.6360321929123965,0.7293976527674388,-0.3711155429452148,0.0136809909324202,0.0066731721542181,-0.0027039535209257,1,17.8700008392334,19.989999771118164,3.7000008392333985,54.5,59.7,real_post_mid,5.45,2.6,-1067.6000000000001,-0.019410909090909093,fold_6,logreg,0.8
BKR,2025-09-30,2025-10-23,1.0,48.93,46.05,-0.08,6.17,0.6194,0.67,0.59,19.0,0.6172,0.6182,0.6168,0.6078,1.0,0.0,2.0,3.0,6830611390.0,6907000000.0,6776089000.0,17.0,1066.5,959.11,56.58,164.41,-3.21,7.52,5.19,10.53,57.5,13.86,4.72,2.5,0.98,47.0,47.0,47.0,2025-11-21,2.325,1.85,4.175000000000001,8.882978723404257,1.8,1.475,3.2750000000000004,48.88,1.8800000000000023,0.3856,0.3856,0.3856,0.312435,18.97432572614107,-0.0341449999999999,1924.0,26.0,0.0544235924932975,30.0,0.0,1,8.882978723404257,2025-10-22,669.0,664.0191040039062,0.15146,0.15146,0.15634,0.0,0.0048799999999999,0,0.18073,0.12219,0.05854,-2.7755575615628914e-17,0.4117576123002713,0.1673661073285799,0.7091633466135459,0.1149796111641498,0.1320497102687697,0.0194102897312302,0.8707297496535512,1.23,-0.577578217917606,0.9752875992119088,-0.32515223918686,0.0039538804384426,0.0069208117015546,-0.0078887121271189,1,18.600000381469727,20.309999465942383,3.4540003814697258,4.175000000000001,3.2750000000000004,real_post_mid,0.4175000000000001,2.6,45.65000000000003,0.009712765957446814,fold_6,logreg,0.8
POOL,2025-09-30,2025-10-23,1.0,312.94,324.9,-4.04,-7.57,3.3679,3.4,3.3166,11.0,3.377,3.3845,3.3845,3.4361,0.0,0.0,0.0,2.0,1458560040.0,1530427000.0,1440043390.0,14.0,30263.01,30469.06,-136.43,311.4,0.83,66.54,-3.1,3.61,291.67,0.73,0.44,0.03,-0.06,300.0,290.0,300.0,2025-11-21,11.85,13.65,25.5,8.5,6.35,12.4,18.75,239.98,60.02000000000001,0.36609,0.37584,0.370965,0.31243,15.77911662825334,-0.03902,103.0,7.0,0.4764957264957264,30.0,3.3333333333333326,1,5.166666666666668,2025-10-22,669.0,664.0191040039062,0.15146,0.15146,0.15634,0.0,0.0048799999999999,0,0.18073,0.12219,0.05854,-2.7755575615628914e-17,0.4117576123002713,0.1673661073285799,0.7091633466135459,0.1149796111641498,0.1320497102687697,0.0194102897312302,0.8707297496535512,1.23,-0.577578217917606,0.9752875992119088,-0.32515223918686,0.0039538804384426,0.0069208117015546,-0.0078887121271189,1,18.600000381469727,20.309999465942383,3.4540003814697258,25.5,18.75,real_post_mid,2.5500000000000003,2.6,417.3999999999999,0.013913333333333331,fold_6,logreg,0.8
WST,2025-09-30,2025-10-23,1.0,250.8,263.51,22.51,16.6,1.6852,1.72,1.65,12.0,1.6864,1.6812,1.6812,1.6115,1.0,0.0,1.0,0.0,787697920.0,791900000.0,780481400.0,11.0,24550.37,22857.29,931.24,263.29,9.15,9.74,0.16,21.05,26.9,17.39,20.95,2.71,2.02,280.0,300.0,280.0,2025-11-21,16.75,18.5,35.25,12.589285714285714,21.5,2.8,24.3,271.07,8.930000000000007,0.56121,0.55145,0.55633,0.249015,55.23969586396563,-0.1463399999999999,58.0,31.0,0.6777546777546778,30.0,7.14285714285714,1,5.446428571428574,2025-10-22,669.0,664.0191040039062,0.15146,0.15146,0.15634,0.0,0.0048799999999999,0,0.18073,0.12219,0.05854,-2.7755575615628914e-17,0.4117576123002713,0.1673661073285799,0.7091633466135459,0.1149796111641498,0.1320497102687697,0.0194102897312302,0.8707297496535512,1.23,-0.577578217917606,0.9752875992119088,-0.32515223918686,0.0039538804384426,0.0069208117015546,-0.0078887121271189,1,18.600000381469727,20.309999465942383,3.4540003814697258,35.25,24.3,real_post_mid,3.5250000000000004,2.6,739.8999999999999,0.026424999999999994,fold_6,logreg,0.8
VRSN,2025-09-30,2025-10-23,1.0,286.64,305.79,-12.58,-18.05,2.24,2.24,2.24,1.0,2.24,2.24,2.24,2.23,1.0,0.0,1.0,0.0,416848720.0,417448450.0,416249000.0,2.0,10908.0,10764.0,112.0,79.6,5.89,1.89,4.52,9.95,5.24,2.61,5.45,0.19,-0.29,250.0,250.0,250.0,2025-11-21,11.15,8.2,19.35,7.740000000000001,5.95,9.55,15.5,251.42,1.4199999999999875,0.33682,0.33682,0.33682,0.2831599999999999,15.931357995368458,-0.0438999999999999,65.0,43.0,1.2994100294985251,30.0,0.0,1,7.740000000000001,2025-10-22,669.0,664.0191040039062,0.15146,0.15146,0.15634,0.0,0.0048799999999999,0,0.18073,0.12219,0.05854,-2.7755575615628914e-17,0.4117576123002713,0.1673661073285799,0.7091633466135459,0.1149796111641498,0.1320497102687697,0.0194102897312302,0.8707297496535512,1.23,-0.577578217917606,0.9752875992119088,-0.32515223918686,0.0039538804384426,0.0069208117015546,-0.0078887121271189,1,18.600000381469727,20.309999465942383,3.4540003814697258,19.35,15.5,real_post_mid,1.9350000000000003,2.6,188.90000000000012,0.0075560000000000046,fold_6,logreg,0.8
MHK,2025-09-30,2025-10-23,1.0,127.83,120.9,0.84,6.62,2.6396,2.75,2.56,18.0,2.639,2.6419,2.6452,2.7169,0.0,0.0,0.0,3.0,2730675930.0,2828859540.0,2675040000.0,17.0,18487.17,17757.07,280.89,130.25,0.03,10.94,-2.57,-7.67,82.24,-11.1,-11.82,-0.34,-0.91,130.0,120.0,130.0,2025-11-21,6.5,8.05,14.55,11.192307692307692,1.125,11.05,12.175,109.93,20.069999999999993,0.48316,0.50267,0.492915,0.395355,19.792459146100235,-0.0731699999999999,121.0,2.0,0.3522727272727273,30.0,7.692307692307687,1,3.500000000000006,2025-10-22,669.0,664.0191040039062,0.15146,0.15146,0.15634,0.0,0.0048799999999999,0,0.18073,0.12219,0.05854,-2.7755575615628914e-17,0.4117576123002713,0.1673661073285799,0.7091633466135459,0.1149796111641498,0.1320497102687697,0.0194102897312302,0.8707297496535512,1.23,-0.577578217917606,0.9752875992119088,-0.32515223918686,0.0039538804384426,0.0069208117015546,-0.0078887121271189,1,18.600000381469727,20.309999465942383,3.4540003814697258,14.55,12.175,real_post_mid,1.455,2.6,89.4,0.006876923076923077,fold_6,logreg,0.8
TXT,2025-09-30,2025-10-23,1.0,83.01,79.5,-4.26,-0.04,1.4564,1.5019,1.34,13.0,1.4571,1.4576,1.4576,1.5626,2.0,0.0,2.0,1.0,3709253900.0,3867000000.0,3606000000.0,12.0,17372.0,16610.91,372.91,67.03,3.01,12.5,5.86,0.65,21.09,-2.45,2.08,-0.21,-0.08,82.5,82.5,82.5,2025-11-21,3.05,2.925,5.975,7.242424242424242,1.7999999999999998,2.7,4.5,81.33,1.1700000000000017,0.30755,0.32707,0.31731,0.24414,23.059468658409756,-0.0195099999999999,18.0,38.0,1.9234042553191488,30.0,0.0,1,7.242424242424242,2025-10-22,669.0,664.0191040039062,0.15146,0.15146,0.15634,0.0,0.0048799999999999,0,0.18073,0.12219,0.05854,-2.7755575615628914e-17,0.4117576123002713,0.1673661073285799,0.7091633466135459,0.1149796111641498,0.1320497102687697,0.0194102897312302,0.8707297496535512,1.23,-0.577578217917606,0.9752875992119088,-0.32515223918686,0.0039538804384426,0.0069208117015546,-0.0078887121271189,1,18.600000381469727,20.309999465942383,3.4540003814697258,5.975,4.5,real_post_mid,0.5975,2.6,85.14999999999996,0.010321212121212116,fold_6,logreg,0.8
HAS,2025-09-30,2025-10-23,1.0,74.82,74.98,4.17,3.95,1.6332,1.86,1.3961,12.0,1.6316,1.6116,1.5945,1.6173,1.0,0.0,5.0,1.0,1347494480.0,1402540000.0,1311000000.0,10.0,12955.36,10466.02,1004.37,619.78,-1.46,10.56,-11.8,6.56,25.0,-362.97,5.47,4.08,1.5,75.0,77.5,75.0,2025-11-21,3.7,3.4,7.1,9.466666666666669,3.6,1.5,5.1,79.2,4.200000000000003,0.40511,0.42462,0.414865,0.3417,17.635857447603446,-0.06829,352.0,1148.0,0.1023723568849922,30.0,3.3333333333333437,1,6.133333333333323,2025-10-22,669.0,664.0191040039062,0.15146,0.15146,0.15634,0.0,0.0048799999999999,0,0.18073,0.12219,0.05854,-2.7755575615628914e-17,0.4117576123002713,0.1673661073285799,0.7091633466135459,0.1149796111641498,0.1320497102687697,0.0194102897312302,0.8707297496535512,1.23,-0.577578217917606,0.9752875992119088,-0.32515223918686,0.0039538804384426,0.0069208117015546,-0.0078887121271189,1,18.600000381469727,20.309999465942383,3.4540003814697258,7.1,5.1,real_post_mid,0.71,2.6,126.4,0.016853333333333335,fold_6,logreg,0.8
ALLE,2025-09-30,2025-10-23,1.0,177.44,165.39,-3.51,3.53,2.2431,2.57,2.17,11.0,2.2423,2.2359,2.2313,2.113,2.0,0.0,4.0,0.0,1050171230.0,1083800000.0,1038000000.0,10.0,13291.49,12492.52,357.8,221.14,5.84,8.5,4.28,4.08,9.68,4.94,5.12,1.29,-0.14,175.0,170.0,175.0,2025-11-21,7.15,5.55,12.7,7.257142857142856,1.525,8.2,9.725,162.87,12.129999999999995,0.32707,0.30755,0.31731,0.205115,35.358167092118116,-0.0780449999999999,6.0,1.0,0.1213235294117647,30.0,2.857142857142858,1,4.399999999999999,2025-10-22,669.0,664.0191040039062,0.15146,0.15146,0.15634,0.0,0.0048799999999999,0,0.18073,0.12219,0.05854,-2.7755575615628914e-17,0.4117576123002713,0.1673661073285799,0.7091633466135459,0.1149796111641498,0.1320497102687697,0.0194102897312302,0.8707297496535512,1.23,-0.577578217917606,0.9752875992119088,-0.32515223918686,0.0039538804384426,0.0069208117015546,-0.0078887121271189,1,18.600000381469727,20.309999465942383,3.4540003814697258,12.7,9.725,real_post_mid,1.27,2.6,167.89999999999998,0.009594285714285713,fold_6,logreg,0.8
CNP,2025-09-30,2025-10-23,1.0,38.8,38.36,2.06,3.23,0.4379,0.5,0.4,10.0,0.4358,0.4304,0.4247,0.4172,2.0,0.0,4.0,1.0,2054862630.0,2249907610.0,1873458650.0,6.0,5007.82,5071.86,42.03,99.25,2.05,-33.42,1.87,-19.44,-45.28,-5.32,-10.71,-4.49,-3.06,40.0,39.0,40.0,2025-11-21,1.05,1.05,2.1,5.250000000000001,0.65,1.2000000000000002,1.85,39.56,0.4399999999999977,0.21,0.01488,0.11244,0.209995,-86.76182853077195,0.11219,1258.0,121.0,0.3644314868804664,30.0,2.500000000000002,1,2.7499999999999987,2025-10-22,669.0,664.0191040039062,0.15146,0.15146,0.15634,0.0,0.0048799999999999,0,0.18073,0.12219,0.05854,-2.7755575615628914e-17,0.4117576123002713,0.1673661073285799,0.7091633466135459,0.1149796111641498,0.1320497102687697,0.0194102897312302,0.8707297496535512,1.23,-0.577578217917606,0.9752875992119088,-0.32515223918686,0.0039538804384426,0.0069208117015546,-0.0078887121271189,1,18.600000381469727,20.309999465942383,3.4540003814697258,2.1,1.85,real_post_mid,0.21000000000000002,2.6,1.3999999999999981,0.0003499999999999995,fold_6,logreg,0.8
DOC,2025-09-30,2025-10-23,0.0,18.89,17.6,-1.85,5.34,0.06,0.06,0.06,1.0,0.06,0.06,0.06,0.055,0.0,0.0,0.0,1.0,681011860.0,689915150.0,662000000.0,6.0,2119.04,2054.38,-357.76,516.15,-0.17,-1.22,18.78,-71.43,0.0,-21.09,14.83,-0.41,2.4,17.5,17.5,17.5,2025-11-21,1.375,0.2249999999999999,1.6,9.142857142857142,1.3250000000000002,0.15,1.475,17.84,0.3399999999999998,0.2978,0.31731,0.307555,0.22463,26.962657085724512,-0.063415,483.0,14.0,0.2785388127853881,30.0,0.0,1,9.142857142857142,2025-10-22,669.0,664.0191040039062,0.15146,0.15146,0.15634,0.0,0.0048799999999999,0,0.18073,0.12219,0.05854,-2.7755575615628914e-17,0.4117576123002713,0.1673661073285799,0.7091633466135459,0.1149796111641498,0.1320497102687697,0.0194102897312302,0.8707297496535512,1.23,-0.577578217917606,0.9752875992119088,-0.32515223918686,0.0039538804384426,0.0069208117015546,-0.0078887121271189,1,18.600000381469727,20.309999465942383,3.4540003814697258,1.5999999999999999,1.475,real_post_mid,0.16,2.6,-6.100000000000023,-0.0034857142857142986,fold_6,logreg,0.8
HCA,2025-09-30,2025-10-24,1.0,416.62,334.32,7.3,33.72,5.726,5.98,5.376,19.0,5.713,5.723,5.7209,5.5921,1.0,0.0,2.0,3.0,18559790490.0,18847000000.0,18359000000.0,19.0,26790.4,24107.61,2220.43,1124.73,6.36,1.55,7.76,24.36,6.05,7.97,8.64,0.34,0.34,440.0,470.0,440.0,2025-11-21,16.3,15.85,32.15,7.306818181818181,33.45,4.1,37.55,491.0,51.0,0.31731,0.33682,0.327065,0.26365,19.389112255973583,-0.0438999999999999,76.0,30.0,1.0380059230009873,29.0,6.818181818181812,1,0.4886363636363686,2025-10-23,672.0,667.9566650390625,0.1417,0.1502399999999999,0.15634,0.0085399999999999,0.01464,0,0.17097,0.1207971428571428,0.0501728571428571,0.0041835714285714,0.2940608984021704,0.1380646544791722,0.5776892430278885,0.0957400480197699,0.1327578126884584,0.0089421873115415,0.721163192440073,1.22,-0.5910749180020092,0.7103958530594358,-0.3617906967991998,0.0168321092846701,0.0161246788225628,-0.0020056001411662,1,17.299999237060547,19.649999618530273,3.129999237060547,32.15,37.55,real_post_mid,3.215,2.6,-864.0999999999999,-0.01963863636363636,fold_6,logreg,0.8
BRO,2025-09-30,2025-10-27,1.0,93.78,91.91,-6.42,-4.52,0.9299,0.99,0.88,13.0,0.9321,0.9237,0.932,0.9372,3.0,0.0,6.0,3.0,1538908040.0,1599000000.0,1448426000.0,7.0,4225.76,3997.34,168.43,153.43,8.23,-9.82,10.51,10.75,-20.16,-5.96,-1.17,-0.55,-2.57,90.0,85.0,90.0,2025-11-21,2.275,3.825,6.1,6.777777777777777,0.35,7.65,8.0,80.32,9.680000000000009,0.30755,0.2978,0.302675,0.23926,20.951515652102096,-0.0439,1041.0,68.0,0.5445544554455446,28.0,5.555555555555558,1,1.2222222222222188,2025-10-24,677.0,673.4155883789062,0.13195,0.144955,0.1486714285714285,0.0130049999999999,0.0167214285714285,0,0.16122,0.11244,0.04878,0.0048799999999999,0.1250480461242795,0.1087932236101431,0.4382470119521912,0.1010009035733064,0.1335934369054825,-0.0016434369054825,0.756031927262749,1.29,-0.1666463649835814,4.862218791866703,0.3897016006457903,0.0193560707689102,0.0291771361442043,0.0,1,16.3700008392334,19.200000762939453,3.175000839233398,6.1,8.0,real_post_mid,0.61,2.6,-253.60000000000002,-0.02817777777777778,fold_6,logreg,0.8
ACGL,2025-09-30,2025-10-27,1.0,90.88,86.12,-5.44,-0.21,2.2545,2.64,1.8231,17.0,1.9321,1.6956,1.7144,1.6685,6.0,0.0,10.0,0.0,4410000000.0,4436000000.0,4395000000.0,3.0,17934.24,15992.45,1007.87,347.75,22.43,8.3,26.29,0.39,67.53,8.24,22.27,-2.32,-0.04,85.0,85.0,85.0,2025-11-21,4.4,1.725,6.125,7.205882352941176,2.7249999999999996,2.3,5.0249999999999995,92.46,7.459999999999994,0.31731,0.28804,0.302675,0.2880399999999999,4.835219294622966,-0.01951,27.0,0.0,0.2058823529411764,28.0,0.0,1,7.205882352941176,2025-10-24,677.0,673.4155883789062,0.13195,0.144955,0.1486714285714285,0.0130049999999999,0.0167214285714285,0,0.16122,0.11244,0.04878,0.0048799999999999,0.1250480461242795,0.1087932236101431,0.4382470119521912,0.1010009035733064,0.1335934369054825,-0.0016434369054825,0.756031927262749,1.29,-0.1666463649835814,4.862218791866703,0.3897016006457903,0.0193560707689102,0.0291771361442043,0.0,1,16.3700008392334,19.200000762939453,3.175000839233398,6.125,5.0249999999999995,real_post_mid,0.6125,2.6,46.15000000000005,0.005429411764705888,fold_6,logreg,0.8
ARE,2025-09-30,2025-10-27,1.0,83.85,79.48,-7.13,-2.03,0.39,0.39,0.39,1.0,0.39,0.0,0.6431,0.6431,0.0,0.0,0.0,1.0,754358240.0,770845000.0,735108210.0,7.0,-1992.96,-618.48,-217.12,578.91,0.91,2.54,5.33,-45.45,-5.88,13.0,151.03,-0.68,39.91,77.5,65.0,77.5,2025-11-21,2.7,2.325,5.025,6.483870967741937,0.12,14.4,14.519999999999998,50.89,26.61,0.30755,0.27829,0.2929199999999999,0.346575,-18.31728799672268,0.0439,313.0,45.0,0.4501347708894879,28.0,16.129032258064512,0,-9.645161290322577,2025-10-24,677.0,673.4155883789062,0.13195,0.144955,0.1486714285714285,0.0130049999999999,0.0167214285714285,0,0.16122,0.11244,0.04878,0.0048799999999999,0.1250480461242795,0.1087932236101431,0.4382470119521912,0.1010009035733064,0.1335934369054825,-0.0016434369054825,0.756031927262749,1.29,-0.1666463649835814,4.862218791866703,0.3897016006457903,0.0193560707689102,0.0291771361442043,0.0,1,16.3700008392334,19.200000762939453,3.175000839233398,5.025,14.519999999999998,real_post_mid,0.5025000000000001,2.6,-1002.3499999999997,-0.1293354838709677,fold_6,logreg,0.8
EG,2025-09-30,2025-10-27,0.0,349.11,332.28,-1.47,3.52,14.5182,18.91,9.553,15.0,13.8748,9.309,9.302,9.4051,7.0,0.0,10.0,0.0,3827500000.0,3921000000.0,3706000000.0,4.0,106978.72,101327.55,-6654.26,12561.52,6.56,3.92,12.37,3.03,254.29,-1.84,-1.84,-0.21,-1.66,350.0,310.0,350.0,2025-11-21,10.85,11.45,22.299999999999997,6.371428571428571,1.375,44.5,45.875,311.34,38.660000000000025,0.27829,0.2978,0.288045,0.27341,5.0808033466993034,-0.0487849999999999,174.0,3.0,0.0,28.0,11.428571428571432,0,-5.057142857142861,2025-10-24,677.0,673.4155883789062,0.13195,0.144955,0.1486714285714285,0.0130049999999999,0.0167214285714285,0,0.16122,0.11244,0.04878,0.0048799999999999,0.1250480461242795,0.1087932236101431,0.4382470119521912,0.1010009035733064,0.1335934369054825,-0.0016434369054825,0.756031927262749,1.29,-0.1666463649835814,4.862218791866703,0.3897016006457903,0.0193560707689102,0.0291771361442043,0.0,1,16.3700008392334,19.200000762939453,3.175000839233398,22.299999999999997,45.875,real_post_mid,2.23,2.6,-2583.1000000000004,-0.07380285714285716,fold_6,logreg,0.8
CINF,2025-09-30,2025-10-27,1.0,156.9,152.42,0.47,3.42,2.0588,2.35,1.5,8.0,1.8922,1.6854,1.6768,1.633,2.0,0.0,4.0,0.0,2877566670.0,2898000000.0,2865000000.0,3.0,27776.35,22832.35,2232.32,1265.03,27.67,26.58,18.31,52.71,920.83,107.01,117.25,0.0,11.03,155.0,150.0,155.0,2025-11-21,5.75,3.5,9.25,5.967741935483871,1.825,4.7,6.525,166.02,11.02000000000001,0.26853,0.25877,0.26365,0.21,20.348947468234403,-0.03414,650.0,8.0,0.1206896551724138,28.0,3.2258064516129004,1,2.74193548387097,2025-10-24,677.0,673.4155883789062,0.13195,0.144955,0.1486714285714285,0.0130049999999999,0.0167214285714285,0,0.16122,0.11244,0.04878,0.0048799999999999,0.1250480461242795,0.1087932236101431,0.4382470119521912,0.1010009035733064,0.1335934369054825,-0.0016434369054825,0.756031927262749,1.29,-0.1666463649835814,4.862218791866703,0.3897016006457903,0.0193560707689102,0.0291771361442043,0.0,1,16.3700008392334,19.200000762939453,3.175000839233398,9.25,6.525,real_post_mid,0.925,2.6,177.39999999999998,0.011445161290322579,fold_6,logreg,0.8
KDP,2025-09-30,2025-10-27,1.0,25.5,33.85,14.63,-13.65,0.5376,0.55,0.52,16.0,0.5378,0.5382,0.5408,0.5407,1.0,0.0,1.0,4.0,4155046000.0,4179000000.0,4088000000.0,13.0,8460.06,8367.15,40.62,38.51,6.14,14.53,3.96,8.89,16.67,0.19,4.3,-1.21,-0.38,27.0,29.0,27.0,2025-11-21,1.25,0.95,2.2,8.148148148148149,2.125,0.175,2.3,27.74,0.7399999999999984,0.37584,0.35633,0.366085,0.283165,22.650477348156848,-0.0390149999999999,128783.0,1108.0,0.1944172632229489,28.0,7.407407407407418,1,0.7407407407407307,2025-10-24,677.0,673.4155883789062,0.13195,0.144955,0.1486714285714285,0.0130049999999999,0.0167214285714285,0,0.16122,0.11244,0.04878,0.0048799999999999,0.1250480461242795,0.1087932236101431,0.4382470119521912,0.1010009035733064,0.1335934369054825,-0.0016434369054825,0.756031927262749,1.29,-0.1666463649835814,4.862218791866703,0.3897016006457903,0.0193560707689102,0.0291771361442043,0.0,1,16.3700008392334,19.200000762939453,3.175000839233398,2.2,2.3,real_post_mid,0.22000000000000003,2.6,-34.599999999999966,-0.012814814814814801,fold_6,logreg,0.8
PFG,2025-09-30,2025-10-27,0.0,82.62,80.19,-3.69,-0.77,2.1998,2.27,2.124,12.0,2.2049,2.1704,2.1704,2.1567,7.0,0.0,8.0,1.0,4138100000.0,4139000000.0,4137200000.0,2.0,10862.24,10354.24,72.43,334.86,-14.83,-0.67,-0.46,32.52,19.34,13.34,13.34,8.12,3.4,80.0,85.0,80.0,2025-11-21,2.825,2.8499999999999996,5.675,7.09375,3.85,1.45,5.3,84.29,4.290000000000006,0.32707,0.31731,0.32219,0.27341,15.140134703125485,-0.0536599999999999,239.0,1.0,8.0,28.0,6.25,1,0.84375,2025-10-24,677.0,673.4155883789062,0.13195,0.144955,0.1486714285714285,0.0130049999999999,0.0167214285714285,0,0.16122,0.11244,0.04878,0.0048799999999999,0.1250480461242795,0.1087932236101431,0.4382470119521912,0.1010009035733064,0.1335934369054825,-0.0016434369054825,0.756031927262749,1.29,-0.1666463649835814,4.862218791866703,0.3897016006457903,0.0193560707689102,0.0291771361442043,0.0,1,16.3700008392334,19.200000762939453,3.175000839233398,5.675,5.3,real_post_mid,0.5675,2.6,-21.85,-0.00273125,fold_6,logreg,0.8
RVTY,2025-09-30,2025-10-27,0.0,84.06,94.47,15.58,2.85,1.1387,1.16,1.12,16.0,1.1379,1.1351,1.1351,1.2732,1.0,0.0,2.0,0.0,699573420.0,702369000.0,695700000.0,15.0,2745.58,2491.02,-579.36,925.18,4.13,8.35,77.27,-3.28,16.83,-11.1,-10.6,-1.23,-2.08,100.0,95.0,100.0,2025-11-21,6.65,7.35,14.0,14.000000000000002,1.825,5.1,6.925,98.27,1.730000000000004,0.63925,0.6295,0.6343749999999999,0.370965,41.52275862068965,-0.2243849999999999,29.0,67.0,1.5959821428571428,28.0,5.000000000000004,1,8.999999999999996,2025-10-24,677.0,673.4155883789062,0.13195,0.144955,0.1486714285714285,0.0130049999999999,0.0167214285714285,0,0.16122,0.11244,0.04878,0.0048799999999999,0.1250480461242795,0.1087932236101431,0.4382470119521912,0.1010009035733064,0.1335934369054825,-0.0016434369054825,0.756031927262749,1.29,-0.1666463649835814,4.862218791866703,0.3897016006457903,0.0193560707689102,0.0291771361442043,0.0,1,16.3700008392334,19.200000762939453,3.175000839233398,14.0,6.925,real_post_mid,1.4000000000000001,2.6,564.9,0.05649,fold_6,logreg,0.8
UHS,2025-09-30,2025-10-27,1.0,200.85,162.82,6.56,31.45,4.9293,5.98,4.3,14.0,4.8785,4.6648,4.6648,4.5178,3.0,0.0,5.0,0.0,4356468880.0,4497852000.0,4271700000.0,16.0,27847.33,24955.13,1627.78,596.65,9.63,4.49,10.07,24.13,10.54,14.26,14.64,0.15,0.51,210.0,220.0,210.0,2025-11-21,10.0,8.95,18.95,9.023809523809522,13.15,2.85,15.999999999999998,231.92,21.919999999999987,0.40511,0.41487,0.40999,0.297795,27.36530159272177,-0.09756,593.0,9.0,0.205607476635514,28.0,4.761904761904767,1,4.261904761904755,2025-10-24,677.0,673.4155883789062,0.13195,0.144955,0.1486714285714285,0.0130049999999999,0.0167214285714285,0,0.16122,0.11244,0.04878,0.0048799999999999,0.1250480461242795,0.1087932236101431,0.4382470119521912,0.1010009035733064,0.1335934369054825,-0.0016434369054825,0.756031927262749,1.29,-0.1666463649835814,4.862218791866703,0.3897016006457903,0.0193560707689102,0.0291771361442043,0.0,1,16.3700008392334,19.200000762939453,3.175000839233398,18.95,15.999999999999998,real_post_mid,1.895,2.6,102.9000000000001,0.004900000000000005,fold_6,logreg,0.8
WELL,2025-09-30,2025-10-27,0.0,174.9,165.96,4.41,10.03,0.53,0.53,0.53,1.0,0.0,0.0,0.0,0.49,0.0,0.0,0.0,0.0,2703492440.0,2817000000.0,2566348740.0,4.0,17458.4,14304.8,1168.0,1253.76,40.35,5.34,25.93,7.14,12.5,52.63,85.75,1.79,4.31,180.0,180.0,180.0,2025-11-21,4.25,6.05,10.3,5.722222222222222,4.25,4.0,8.25,199.93,19.930000000000007,0.24902,0.26853,0.258775,0.22463,13.19486039996135,-0.0390249999999999,1175.0,977.0,0.1288998357963875,28.0,0.0,1,5.722222222222222,2025-10-24,677.0,673.4155883789062,0.13195,0.144955,0.1486714285714285,0.0130049999999999,0.0167214285714285,0,0.16122,0.11244,0.04878,0.0048799999999999,0.1250480461242795,0.1087932236101431,0.4382470119521912,0.1010009035733064,0.1335934369054825,-0.0016434369054825,0.756031927262749,1.29,-0.1666463649835814,4.862218791866703,0.3897016006457903,0.0193560707689102,0.0291771361442043,0.0,1,16.3700008392334,19.200000762939453,3.175000839233398,10.3,8.25,real_post_mid,1.03,2.6,99.40000000000008,0.005522222222222226,fold_6,logreg,0.8
HIG,2025-09-30,2025-10-27,1.0,133.11,124.64,-6.12,0.26,3.2146,3.65,2.5592,20.0,3.1904,3.0098,3.0098,2.9368,8.0,0.0,11.0,2.0,7213064810.0,7241287620.0,7184842000.0,2.0,20491.97,18653.36,992.82,536.9,7.99,3.19,8.21,36.4,55.0,37.86,36.62,3.67,3.73,125.0,125.0,125.0,2025-11-21,4.15,3.2,7.35,5.880000000000001,1.25,3.5999999999999996,4.85,136.45,11.449999999999989,0.27829,0.24902,0.263655,0.18073,31.45208700764255,-0.0243949999999999,34.0,19.0,3.442105263157895,28.0,0.0,1,5.880000000000001,2025-10-24,677.0,673.4155883789062,0.13195,0.144955,0.1486714285714285,0.0130049999999999,0.0167214285714285,0,0.16122,0.11244,0.04878,0.0048799999999999,0.1250480461242795,0.1087932236101431,0.4382470119521912,0.1010009035733064,0.1335934369054825,-0.0016434369054825,0.756031927262749,1.29,-0.1666463649835814,4.862218791866703,0.3897016006457903,0.0193560707689102,0.0291771361442043,0.0,1,16.3700008392334,19.200000762939453,3.175000839233398,7.3500000000000005,4.85,real_post_mid,0.7350000000000001,2.6,173.9000000000001,0.013912000000000008,fold_6,logreg,0.8
OKE,2025-09-30,2025-10-28,1.0,73.89,82.19,-6.48,-15.93,1.4474,1.58,1.28,8.0,1.4712,1.4765,1.4765,1.4838,1.0,0.0,2.0,3.0,8542723080.0,10155077000.0,7395000000.0,4.0,3374.11,3670.32,-170.37,425.07,61.16,-1.94,35.17,0.75,28.85,21.23,18.23,-6.02,-6.69,67.5,67.5,65.0,2025-11-21,4.9,1.075,5.9750000000000005,8.851851851851853,2.95,1.275,4.225,70.53,5.530000000000001,0.26853,0.39536,0.331945,0.283165,14.695205531036764,-0.0048799999999999,179.0,16.0,1.590062111801242,25.0,0.0,1,8.851851851851853,2025-10-27,686.0,681.3603515625,0.13195,0.13885625,0.14658,0.00690625,0.0146299999999999,0,0.15146,0.1152257142857142,0.0362342857142857,0.0013928571428571,0.1250480461242795,0.1087932236101431,0.4422310756972111,0.106917664401624,0.1376224413581826,-0.0056724413581826,0.7768912057253448,1.52,1.2822694085059183,11.506924388371155,1.460068247545338,0.0207656916758378,0.0353871889360914,0.0,1,15.789999961853027,18.989999771118164,2.594999961853027,5.9750000000000005,4.225,real_post_mid,0.5975,2.6,112.65000000000008,0.0166888888888889,fold_6,logreg,0.8
INCY,2025-09-30,2025-10-28,1.0,82.7,77.55,10.82,18.18,1.6372,1.85,1.29,16.0,1.6398,1.6358,1.6449,1.5593,3.0,0.0,4.0,2.0,1253689340.0,1309971000.0,1200000000.0,20.0,-15595.76,-15142.12,386.09,935.89,16.46,15.45,16.95,186.26,96.25,258.42,165.13,1.04,71.29,92.5,90.0,92.5,2025-11-21,5.65,5.75,11.4,12.324324324324325,3.5,5.699999999999999,9.2,102.06,9.560000000000002,0.54169,0.63925,0.59047,0.45389,23.130726370518403,-0.092675,67.0,56.0,0.4726443768996961,25.0,2.7027027027026973,1,9.621621621621628,2025-10-27,686.0,681.3603515625,0.13195,0.13885625,0.14658,0.00690625,0.0146299999999999,0,0.15146,0.1152257142857142,0.0362342857142857,0.0013928571428571,0.1250480461242795,0.1087932236101431,0.4422310756972111,0.106917664401624,0.1376224413581826,-0.0056724413581826,0.7768912057253448,1.52,1.2822694085059183,11.506924388371155,1.460068247545338,0.0207656916758378,0.0353871889360914,0.0,1,15.789999961853027,18.989999771118164,2.594999961853027,11.4,9.2,real_post_mid,1.1400000000000001,2.6,103.4000000000001,0.01117837837837839,fold_6,logreg,0.8
DVA,2025-09-30,2025-10-29,0.0,130.59,140.37,-3.09,-9.84,3.1731,3.25,3.1023,6.0,3.1748,3.1783,3.1783,3.2205,0.0,0.0,0.0,2.0,3434905580.0,3467000000.0,3360500000.0,6.0,12625.63,11825.49,-621.82,1298.8,6.05,4.84,5.41,18.0,47.5,6.95,6.21,0.31,0.02,130.0,120.0,130.0,2025-11-21,6.45,6.25,12.7,9.769230769230768,0.8,12.4,13.2,120.25,9.75,0.49292,0.4734,0.48316,0.34658,28.26806854872093,-0.126825,277.0,20.0,1.4387755102040816,24.0,7.692307692307687,1,2.076923076923081,2025-10-28,687.0,683.1700439453125,0.1417,0.14658,0.15634,0.0048799999999999,0.01464,0,0.1612199999999999,0.12219,0.0390299999999999,4.999999999977245e-06,0.2499679692504803,0.1380646544791722,0.5776892430278885,0.1019969727617197,0.1376072586588146,0.0040927413411853,0.7412179688472138,1.06,-1.6131966610729989,1.6868890148636602,-0.2763504612986595,0.0234921924949049,0.0352278067425693,0.0,1,16.420000076293945,19.549999237060547,2.2500000762939454,12.7,13.2,real_post_mid,1.27,2.6,-179.6,-0.013815384615384615,fold_6,logreg,0.8
ETR,2025-09-30,2025-10-29,1.0,93.55,90.43,2.04,5.56,1.437,1.51,1.37,16.0,1.4312,1.4601,1.5046,1.5274,2.0,0.0,3.0,3.0,3785432340.0,4768782490.0,3423000000.0,8.0,17557.12,16829.38,374.88,150.42,12.7,16.93,-0.22,-45.31,28.05,59.53,35.59,-3.53,4.25,95.0,95.0,95.0,2025-11-21,2.85,2.625,5.475,5.763157894736842,2.925,2.0,4.925,93.7,1.2999999999999972,0.27829,0.28804,0.283165,0.258775,8.61335263892078,-0.02927,2801.0,21.0,0.9303135888501742,24.0,0.0,1,5.763157894736842,2025-10-28,687.0,683.1700439453125,0.1417,0.14658,0.15634,0.0048799999999999,0.01464,0,0.1612199999999999,0.12219,0.0390299999999999,4.999999999977245e-06,0.2499679692504803,0.1380646544791722,0.5776892430278885,0.1019969727617197,0.1376072586588146,0.0040927413411853,0.7412179688472138,1.06,-1.6131966610729989,1.6868890148636602,-0.2763504612986595,0.0234921924949049,0.0352278067425693,0.0,1,16.420000076293945,19.549999237060547,2.2500000762939454,5.475,4.925,real_post_mid,0.5475,2.6,-2.3500000000000165,-0.00024736842105263333,fold_6,logreg,0.8
EXR,2025-09-30,2025-10-29,0.0,141.45,134.36,0.22,5.51,1.1858,1.25,1.1281,6.0,1.1858,1.1858,1.193,1.1934,0.0,0.0,0.0,0.0,737436000.0,744600000.0,724137000.0,5.0,14951.52,14044.97,-189.18,964.17,1.65,0.2,17.0,-0.84,-7.81,6.66,22.71,-2.91,7.62,145.0,135.0,145.0,2025-11-21,6.05,3.625,9.675,6.672413793103448,0.75,10.0,10.75,131.46,13.539999999999992,0.32707,0.31731,0.32219,0.239265,25.73791861944815,-0.0731699999999999,15.0,1.0,0.8048780487804879,24.0,6.896551724137934,0,-0.2241379310344857,2025-10-28,687.0,683.1700439453125,0.1417,0.14658,0.15634,0.0048799999999999,0.01464,0,0.1612199999999999,0.12219,0.0390299999999999,4.999999999977245e-06,0.2499679692504803,0.1380646544791722,0.5776892430278885,0.1019969727617197,0.1376072586588146,0.0040927413411853,0.7412179688472138,1.06,-1.6131966610729989,1.6868890148636602,-0.2763504612986595,0.0234921924949049,0.0352278067425693,0.0,1,16.420000076293945,19.549999237060547,2.2500000762939454,9.675,10.75,real_post_mid,0.9675000000000001,2.6,-206.84999999999994,-0.014265517241379306,fold_6,logreg,0.8
GNRC,2025-09-30,2025-10-29,0.0,165.82,194.69,9.07,-7.1,2.1973,2.59,1.578,18.0,2.1813,2.248,2.2527,2.2556,0.0,0.0,0.0,7.0,1193016470.0,1232807160.0,1159100000.0,17.0,-3280220.75,-3281720.02,181.4,750.09,6.31,12.64,7.05,22.22,30.95,7.96,8.29,1.65,0.19,190.0,165.0,190.0,2025-10-31,9.05,9.35,18.4,9.684210526315788,0.48,24.5,24.98,168.02,21.97999999999999,1.30265,1.3807,1.341675,0.79535,40.71962285948534,-0.77071,48.0,71.0,0.8169142857142857,3.0,13.157894736842104,0,-3.473684210526315,2025-10-28,687.0,683.1700439453125,0.1417,0.14658,0.15634,0.0048799999999999,0.01464,0,0.1612199999999999,0.12219,0.0390299999999999,4.999999999977245e-06,0.2499679692504803,0.1380646544791722,0.5776892430278885,0.1019969727617197,0.1376072586588146,0.0040927413411853,0.7412179688472138,1.06,-1.6131966610729989,1.6868890148636602,-0.2763504612986595,0.0234921924949049,0.0352278067425693,0.0,1,16.420000076293945,19.549999237060547,2.2500000762939454,18.4,24.98,real_post_mid,1.8399999999999999,2.6,-844.6000000000003,-0.04445263157894738,fold_6,logreg,0.8
CHRW,2025-09-30,2025-10-29,1.0,131.87,115.32,-1.89,12.19,1.3039,1.36,1.23,24.0,1.3039,1.302,1.2986,1.2184,2.0,0.0,5.0,9.0,4217631250.0,4494000000.0,3902000000.0,22.0,6879.65,6432.81,213.77,58.15,-7.74,2.22,-0.91,12.17,16.22,18.53,21.24,1.37,1.25,130.0,155.0,130.0,2025-11-21,4.5,6.300000000000001,10.8,8.307692307692308,25.5,0.2,25.7,151.68,21.680000000000007,0.39536,0.41487,0.405115,0.283165,30.10256346963208,-0.112195,1242.0,12.0,0.4028268551236749,24.0,19.23076923076923,0,-10.923076923076922,2025-10-28,687.0,683.1700439453125,0.1417,0.14658,0.15634,0.0048799999999999,0.01464,0,0.1612199999999999,0.12219,0.0390299999999999,4.999999999977245e-06,0.2499679692504803,0.1380646544791722,0.5776892430278885,0.1019969727617197,0.1376072586588146,0.0040927413411853,0.7412179688472138,1.06,-1.6131966610729989,1.6868890148636602,-0.2763504612986595,0.0234921924949049,0.0352278067425693,0.0,1,16.420000076293945,19.549999237060547,2.2500000762939454,10.8,25.7,real_post_mid,1.08,2.6,-1600.5999999999997,-0.1231230769230769,fold_6,logreg,0.8
AWK,2025-09-30,2025-10-29,1.0,137.04,140.24,-5.09,-7.26,1.8836,1.9104,1.81,9.0,1.8919,1.8922,1.8922,1.893,0.0,0.0,0.0,1.0,1326000000.0,1354000000.0,1298000000.0,2.0,2802.02,2801.27,-7.94,267.05,11.05,11.73,11.43,5.71,40.95,15.25,8.91,-0.46,-0.76,135.0,125.0,135.0,2025-11-21,3.05,3.125,6.175,4.574074074074074,0.625,8.75,9.375,132.74,2.259999999999991,0.21975,0.22951,0.22463,0.23926,-6.512932377687755,0.01463,491.0,17.0,1.095505617977528,24.0,7.4074074074074066,0,-2.833333333333332,2025-10-28,687.0,683.1700439453125,0.1417,0.14658,0.15634,0.0048799999999999,0.01464,0,0.1612199999999999,0.12219,0.0390299999999999,4.999999999977245e-06,0.2499679692504803,0.1380646544791722,0.5776892430278885,0.1019969727617197,0.1376072586588146,0.0040927413411853,0.7412179688472138,1.06,-1.6131966610729989,1.6868890148636602,-0.2763504612986595,0.0234921924949049,0.0352278067425693,0.0,1,16.420000076293945,19.549999237060547,2.2500000762939454,6.175,9.375,real_post_mid,0.6175,2.6,-384.3500000000001,-0.028470370370370375,fold_6,logreg,0.8
AEP,2025-09-30,2025-10-29,0.0,109.78,113.14,11.23,7.93,1.805,1.9076,1.7486,14.0,1.793,1.8727,1.8975,1.8813,1.0,0.0,1.0,6.0,5569178040.0,5875600000.0,5294500000.0,5.0,3893.15,3117.62,315.63,247.93,9.93,-9.78,4.86,14.4,-7.14,46.38,59.71,7.24,8.57,115.0,120.0,115.0,2025-11-21,2.375,2.875,5.25,4.565217391304348,7.35,0.6,7.949999999999999,120.84,5.840000000000003,0.18073,0.25877,0.21975,0.20024,8.878270762229807,-0.01951,1072.0,627.0,0.4714747039827772,24.0,4.347826086956519,1,0.2173913043478288,2025-10-28,687.0,683.1700439453125,0.1417,0.14658,0.15634,0.0048799999999999,0.01464,0,0.1612199999999999,0.12219,0.0390299999999999,4.999999999977245e-06,0.2499679692504803,0.1380646544791722,0.5776892430278885,0.1019969727617197,0.1376072586588146,0.0040927413411853,0.7412179688472138,1.06,-1.6131966610729989,1.6868890148636602,-0.2763504612986595,0.0234921924949049,0.0352278067425693,0.0,1,16.420000076293945,19.549999237060547,2.2500000762939454,5.25,7.949999999999999,real_post_mid,0.525,2.6,-325.09999999999997,-0.028269565217391303,fold_6,logreg,0.8
CTSH,2025-09-30,2025-10-29,1.0,67.08,71.76,6.87,-0.1,1.3024,1.34,1.26,21.0,1.3021,1.2992,1.2609,1.2842,1.0,0.0,3.0,0.0,5317799950.0,5339851000.0,5280000000.0,21.0,4282.59,4061.68,125.74,51.43,8.14,2.54,3.78,11.97,6.5,13.66,15.4,-0.27,0.98,67.5,72.5,67.5,2025-11-21,3.05,2.9,5.949999999999999,8.814814814814815,5.199999999999999,0.675,5.874999999999999,75.98,8.480000000000004,0.40511,0.45389,0.4295,0.322185,24.9860302677532,-0.11219,2236.0,66.0,0.8968,24.0,7.407407407407418,1,1.4074074074073968,2025-10-28,687.0,683.1700439453125,0.1417,0.14658,0.15634,0.0048799999999999,0.01464,0,0.1612199999999999,0.12219,0.0390299999999999,4.999999999977245e-06,0.2499679692504803,0.1380646544791722,0.5776892430278885,0.1019969727617197,0.1376072586588146,0.0040927413411853,0.7412179688472138,1.06,-1.6131966610729989,1.6868890148636602,-0.2763504612986595,0.0234921924949049,0.0352278067425693,0.0,1,16.420000076293945,19.549999237060547,2.2500000762939454,5.949999999999999,5.874999999999999,real_post_mid,0.595,2.6,-54.59999999999998,-0.008088888888888887,fold_6,logreg,0.8
GRMN,2025-09-30,2025-10-29,0.0,245.53,218.76,-10.56,0.39,1.99,2.09,1.86,8.0,1.9813,1.9714,1.9686,1.9752,1.0,0.0,1.0,0.0,1795116670.0,1855000000.0,1752000000.0,6.0,27682.14,26229.63,307.46,686.34,20.44,18.21,19.57,37.34,34.78,34.51,38.09,1.53,3.33,250.0,220.0,250.0,2025-11-21,11.1,11.6,22.7,9.079999999999998,0.28,34.55,34.83,192.23,57.77000000000001,0.46365,0.43438,0.449015,0.26365,41.28258521430242,-0.131705,93.0,237.0,0.9305177111716622,24.0,12.0,0,-2.9200000000000017,2025-10-28,687.0,683.1700439453125,0.1417,0.14658,0.15634,0.0048799999999999,0.01464,0,0.1612199999999999,0.12219,0.0390299999999999,4.999999999977245e-06,0.2499679692504803,0.1380646544791722,0.5776892430278885,0.1019969727617197,0.1376072586588146,0.0040927413411853,0.7412179688472138,1.06,-1.6131966610729989,1.6868890148636602,-0.2763504612986595,0.0234921924949049,0.0352278067425693,0.0,1,16.420000076293945,19.549999237060547,2.2500000762939454,22.7,34.83,real_post_mid,2.27,2.6,-1442.5999999999997,-0.057703999999999984,fold_6,logreg,0.8
ODFL,2025-09-30,2025-10-29,1.0,141.04,149.25,-3.48,-8.79,1.2162,1.23,1.19,20.0,1.2182,1.2325,1.2355,1.321,0.0,0.0,1.0,7.0,1402647600.0,1423826100.0,1333200000.0,18.0,-4536.34,-4655.82,78.19,78.48,-6.07,2.39,-2.64,-14.19,6.72,-12.38,-15.13,-3.52,-2.72,135.0,140.0,135.0,2025-11-21,8.15,6.75,14.9,11.037037037037036,6.800000000000001,4.15,10.95,134.28,0.7199999999999989,0.53194,0.54169,0.536815,0.40511,24.534523066605814,-0.131705,20.0,3.0,0.6805555555555556,24.0,3.703703703703698,1,7.333333333333338,2025-10-28,687.0,683.1700439453125,0.1417,0.14658,0.15634,0.0048799999999999,0.01464,0,0.1612199999999999,0.12219,0.0390299999999999,4.999999999977245e-06,0.2499679692504803,0.1380646544791722,0.5776892430278885,0.1019969727617197,0.1376072586588146,0.0040927413411853,0.7412179688472138,1.06,-1.6131966610729989,1.6868890148636602,-0.2763504612986595,0.0234921924949049,0.0352278067425693,0.0,1,16.420000076293945,19.549999237060547,2.2500000762939454,14.9,10.95,real_post_mid,1.4900000000000002,2.6,243.4000000000001,0.018029629629629635,fold_6,logreg,0.8
SW,2025-09-30,2025-10-29,0.0,42.21,44.38,-10.35,-14.74,0.7234,0.7506,0.7,6.0,0.7234,0.734,0.734,0.8227,0.0,0.0,0.0,2.0,7891656360.0,8213600000.0,7670518240.0,9.0,1085.28,1409.07,-289.79,210.05,,-4.74,,,-30.14,,,,,45.0,35.0,45.0,2025-11-21,1.125,3.1,4.225,9.388888888888888,0.15,8.75,8.9,33.78,11.22,0.41487,0.46365,0.43926,0.400235,8.884259891635928,-0.0243899999999999,439.0,625.0,0.114854517611026,24.0,22.22222222222222,0,-12.833333333333334,2025-10-28,687.0,683.1700439453125,0.1417,0.14658,0.15634,0.0048799999999999,0.01464,0,0.1612199999999999,0.12219,0.0390299999999999,4.999999999977245e-06,0.2499679692504803,0.1380646544791722,0.5776892430278885,0.1019969727617197,0.1376072586588146,0.0040927413411853,0.7412179688472138,1.06,-1.6131966610729989,1.6868890148636602,-0.2763504612986595,0.0234921924949049,0.0352278067425693,0.0,1,16.420000076293945,19.549999237060547,2.2500000762939454,4.225,8.9,real_post_mid,0.4225,2.6,-512.3500000000001,-0.11385555555555558,fold_6,logreg,0.8
ROL,2025-09-30,2025-10-29,1.0,58.52,57.27,-7.95,-5.94,0.3291,0.3381,0.32,11.0,0.33,0.3298,0.3292,0.3292,1.0,0.0,1.0,0.0,1019057120.0,1027200000.0,998200000.0,9.0,-2914.08,-2907.9,21.65,31.25,12.06,21.52,10.32,11.11,36.36,10.03,8.75,-0.21,-0.61,57.5,57.5,57.5,2025-11-21,1.25,2.325,3.575,6.217391304347827,1.525,1.7999999999999998,3.3249999999999997,60.31,2.8100000000000023,0.31731,0.27829,0.2977999999999999,0.2929199999999999,1.6386836803223628,-0.0585349999999999,765.0,0.0,0.4838709677419355,24.0,0.0,1,6.217391304347827,2025-10-28,687.0,683.1700439453125,0.1417,0.14658,0.15634,0.0048799999999999,0.01464,0,0.1612199999999999,0.12219,0.0390299999999999,4.999999999977245e-06,0.2499679692504803,0.1380646544791722,0.5776892430278885,0.1019969727617197,0.1376072586588146,0.0040927413411853,0.7412179688472138,1.06,-1.6131966610729989,1.6868890148636602,-0.2763504612986595,0.0234921924949049,0.0352278067425693,0.0,1,16.420000076293945,19.549999237060547,2.2500000762939454,3.575,3.3249999999999997,real_post_mid,0.35750000000000004,2.6,-13.349999999999959,-0.0023217391304347756,fold_6,logreg,0.8
PSA,2025-09-30,2025-10-29,1.0,288.53,271.94,0.23,6.34,2.5359,2.59,2.4852,6.0,2.5359,2.5586,2.5632,2.5909,0.0,0.0,0.0,2.0,1211701530.0,1221165180.0,1198000000.0,6.0,20466.14,20378.94,176.9,183.23,2.38,1.51,3.45,-3.07,6.33,-18.23,2.3,-0.82,-0.03,300.0,280.0,300.0,2025-11-21,7.2,8.75,15.95,5.316666666666666,1.1749999999999998,19.4,20.575,269.51,30.49000000000001,0.25877,0.26853,0.26365,0.229505,12.950881850938735,-0.0390249999999999,288.0,0.0,1.377659574468085,24.0,6.666666666666665,0,-1.3499999999999988,2025-10-28,687.0,683.1700439453125,0.1417,0.14658,0.15634,0.0048799999999999,0.01464,0,0.1612199999999999,0.12219,0.0390299999999999,4.999999999977245e-06,0.2499679692504803,0.1380646544791722,0.5776892430278885,0.1019969727617197,0.1376072586588146,0.0040927413411853,0.7412179688472138,1.06,-1.6131966610729989,1.6868890148636602,-0.2763504612986595,0.0234921924949049,0.0352278067425693,0.0,1,16.420000076293945,19.549999237060547,2.2500000762939454,15.95,20.575,real_post_mid,1.595,2.6,-624.6,-0.02082,fold_6,logreg,0.8
PRU,2025-09-30,2025-10-29,1.0,103.83,103.58,-2.54,-2.31,3.7195,3.986,3.3952,15.0,3.6415,3.57,3.574,3.5637,4.0,0.0,11.0,2.0,13875434190.0,15158000000.0,13022170940.0,5.0,772.0,5925.92,-1477.41,2521.75,-7.79,1.73,16.09,-56.34,-55.02,-12.02,-47.7,-1.3,-4.1,100.0,100.0,100.0,2025-11-21,3.65,2.825,6.4750000000000005,6.4750000000000005,4.0,1.5,5.5,106.75,6.75,0.25877,0.35633,0.30755,0.23926,22.204519590310507,-0.05853,247.0,3.0,0.8088642659279779,24.0,0.0,1,6.4750000000000005,2025-10-28,687.0,683.1700439453125,0.1417,0.14658,0.15634,0.0048799999999999,0.01464,0,0.1612199999999999,0.12219,0.0390299999999999,4.999999999977245e-06,0.2499679692504803,0.1380646544791722,0.5776892430278885,0.1019969727617197,0.1376072586588146,0.0040927413411853,0.7412179688472138,1.06,-1.6131966610729989,1.6868890148636602,-0.2763504612986595,0.0234921924949049,0.0352278067425693,0.0,1,16.420000076293945,19.549999237060547,2.2500000762939454,6.475,5.5,real_post_mid,0.6475,2.6,30.14999999999997,0.003014999999999997,fold_6,logreg,0.8
INVH,2025-09-30,2025-10-29,1.0,29.04,30.65,-5.41,-10.38,0.1515,0.1515,0.1515,1.0,0.1581,0.1581,0.1693,0.1693,0.0,0.0,0.0,1.0,682971610.0,694100000.0,672749000.0,9.0,4352.8,4335.33,156.0,193.79,4.28,1.03,6.57,32.08,-8.12,21.81,1.98,-0.28,-0.64,27.5,27.5,27.5,2025-11-21,1.475,0.75,2.225,8.090909090909092,1.4,0.35,1.75,28.19,0.6900000000000013,0.36609,0.3856,0.375845,0.283165,24.659101491306252,-0.12683,33.0,11.0,1.1156716417910448,24.0,0.0,1,8.090909090909092,2025-10-28,687.0,683.1700439453125,0.1417,0.14658,0.15634,0.0048799999999999,0.01464,0,0.1612199999999999,0.12219,0.0390299999999999,4.999999999977245e-06,0.2499679692504803,0.1380646544791722,0.5776892430278885,0.1019969727617197,0.1376072586588146,0.0040927413411853,0.7412179688472138,1.06,-1.6131966610729989,1.6868890148636602,-0.2763504612986595,0.0234921924949049,0.0352278067425693,0.0,1,16.420000076293945,19.549999237060547,2.2500000762939454,2.225,1.75,real_post_mid,0.22250000000000003,2.6,22.650000000000006,0.008236363636363639,fold_6,logreg,0.8
VRSK,2025-09-30,2025-10-29,1.0,248.78,278.71,-16.39,-25.37,1.7037,1.79,1.63,15.0,1.6966,1.6954,1.6981,1.7761,1.0,0.0,2.0,2.0,776240940.0,783500000.0,767200000.0,15.0,5202.74,4817.79,163.38,105.14,7.78,2.6,7.38,8.05,8.67,-10.74,11.17,0.91,1.4,230.0,220.0,230.0,2025-11-21,10.25,7.35,17.6,7.652173913043479,2.35,14.3,16.650000000000002,223.16,6.840000000000003,0.37584,0.36609,0.370965,0.26853,27.613117140431036,-0.092675,5.0,1.0,0.2483660130718954,24.0,4.347826086956519,1,3.3043478260869605,2025-10-28,687.0,683.1700439453125,0.1417,0.14658,0.15634,0.0048799999999999,0.01464,0,0.1612199999999999,0.12219,0.0390299999999999,4.999999999977245e-06,0.2499679692504803,0.1380646544791722,0.5776892430278885,0.1019969727617197,0.1376072586588146,0.0040927413411853,0.7412179688472138,1.06,-1.6131966610729989,1.6868890148636602,-0.2763504612986595,0.0234921924949049,0.0352278067425693,0.0,1,16.420000076293945,19.549999237060547,2.2500000762939454,17.6,16.650000000000002,real_post_mid,1.7600000000000002,2.6,-83.6000000000001,-0.0036347826086956564,fold_6,logreg,0.8
CMS,2025-09-30,2025-10-30,1.0,73.26,74.08,-0.07,-1.17,0.8588,0.92,0.8314,11.0,0.8659,0.8437,0.8438,0.864,1.0,0.0,3.0,3.0,1814317730.0,1872294110.0,1781600000.0,4.0,4773.6,4698.78,102.61,96.53,14.37,-24.89,4.84,7.58,-30.39,10.87,12.01,-2.1,-0.36,70.0,75.0,70.0,2025-11-21,2.975,0.675,3.65,5.214285714285715,3.1,0.375,3.475,74.04,4.040000000000006,0.20024,0.22951,0.2148749999999999,0.23926,-11.34845840605004,-0.0146349999999999,668.0,0.0,0.9791976225854384,23.0,7.14285714285714,0,-1.9285714285714244,2025-10-29,687.0,683.4981689453125,0.14658,0.1526799999999999,0.1601703571428571,0.0060999999999999,0.0135903571428571,0,0.17097,0.12219,0.04878,0.0,0.3124919923126199,0.152715380903876,0.6414342629482072,0.0704764183530035,0.1374421677454058,0.0091378322545941,0.5127714405927601,1.4,0.5131756759690881,2.6924580658458623,-0.1085265131489235,0.0293350971740893,0.0318382271572281,0.0,1,16.920000076293945,19.829999923706055,2.262000076293946,3.6500000000000004,3.475,real_post_mid,0.36500000000000005,2.6,-21.59999999999998,-0.0030857142857142828,fold_6,logreg,0.8
HII,2025-09-30,2025-10-30,1.0,287.91,269.83,10.82,18.25,3.4377,3.93,3.13,8.0,3.4343,3.4343,3.445,3.4788,2.0,0.0,2.0,0.0,2948158330.0,3078270000.0,2877000000.0,9.0,33851.68,29495.81,2168.7,1328.06,3.53,12.73,0.24,-11.87,1.85,-6.56,-12.99,-1.69,-0.95,300.0,320.0,300.0,2025-11-21,15.15,14.9,30.049999999999997,10.016666666666666,25.95,3.0749999999999997,29.025,305.49,5.490000000000009,0.52218,0.48316,0.50267,0.29292,41.7271768754849,-0.1121949999999999,162.0,15.0,8.045454545454545,23.0,6.666666666666665,1,3.3500000000000005,2025-10-29,687.0,683.4981689453125,0.14658,0.1526799999999999,0.1601703571428571,0.0060999999999999,0.0135903571428571,0,0.17097,0.12219,0.04878,0.0,0.3124919923126199,0.152715380903876,0.6414342629482072,0.0704764183530035,0.1374421677454058,0.0091378322545941,0.5127714405927601,1.4,0.5131756759690881,2.6924580658458623,-0.1085265131489235,0.0293350971740893,0.0318382271572281,0.0,1,16.920000076293945,19.829999923706055,2.262000076293946,30.05,29.025,real_post_mid,3.0050000000000003,2.6,-200.59999999999982,-0.006686666666666661,fold_6,logreg,0.8
COIN,2025-09-30,2025-10-30,1.0,337.49,314.69,-2.66,4.39,1.0958,1.39,0.77,19.0,1.1329,1.1801,1.1813,1.325,1.0,0.0,3.0,5.0,1802105610.0,2028900000.0,1665000000.0,22.0,-3554.56,-8396.16,2140.82,5465.68,5.06,-26.4,-14.33,3571.43,2041.67,46955125.0,28.54,-9.44,0.77,347.5,345.0,347.5,2025-10-31,14.875,13.375,28.25,8.129496402877697,0.03,4.875,4.905,343.78,3.7200000000000273,1.39045,1.36119,1.37582,0.61974,54.954863281533925,-0.6926650000000001,414.0,341.0,0.7815270840593178,2.0,0.7194244604316502,1,7.410071942446047,2025-10-29,687.0,683.4981689453125,0.14658,0.1526799999999999,0.1601703571428571,0.0060999999999999,0.0135903571428571,0,0.17097,0.12219,0.04878,0.0,0.3124919923126199,0.152715380903876,0.6414342629482072,0.0704764183530035,0.1374421677454058,0.0091378322545941,0.5127714405927601,1.4,0.5131756759690881,2.6924580658458623,-0.1085265131489235,0.0293350971740893,0.0318382271572281,0.0,1,16.920000076293945,19.829999923706055,2.262000076293946,28.25,4.905,real_post_mid,2.825,2.6,2049.4,0.05897553956834533,fold_6,logreg,1.0
BLDR,2025-09-30,2025-10-30,1.0,121.25,130.18,-7.88,-14.2,1.7238,1.9424,1.5276,16.0,1.7275,1.7645,1.7645,2.4792,0.0,0.0,0.0,3.0,3845927340.0,4015110780.0,3724600000.0,20.0,62368.29,62013.97,238.09,125.04,-4.99,15.76,-4.85,-32.0,57.62,-27.5,-36.4,-2.14,-3.63,115.0,115.0,115.0,2025-11-21,6.0,6.45,12.45,10.826086956521738,6.15,4.35,10.5,101.62,13.379999999999995,0.49292,0.59047,0.541695,0.473405,12.606725186682546,-0.058535,123.0,15.0,0.9689067201604814,23.0,0.0,1,10.826086956521738,2025-10-29,687.0,683.4981689453125,0.14658,0.1526799999999999,0.1601703571428571,0.0060999999999999,0.0135903571428571,0,0.17097,0.12219,0.04878,0.0,0.3124919923126199,0.152715380903876,0.6414342629482072,0.0704764183530035,0.1374421677454058,0.0091378322545941,0.5127714405927601,1.4,0.5131756759690881,2.6924580658458623,-0.1085265131489235,0.0293350971740893,0.0318382271572281,0.0,1,16.920000076293945,19.829999923706055,2.262000076293946,12.45,10.5,real_post_mid,1.245,2.6,67.89999999999992,0.00590434782608695,fold_6,logreg,0.8
AMP,2025-09-30,2025-10-30,1.0,491.25,501.52,-7.56,-9.45,9.7608,9.96,9.42,12.0,9.6017,9.55,9.55,9.476,6.0,0.0,8.0,1.0,4565549330.0,4626000000.0,4524000000.0,6.0,7952.48,12419.42,-3157.76,5877.32,3.67,0.48,9.21,6.8,56.26,29.35,28.54,-104.5,5.97,480.0,450.0,480.0,2025-11-21,13.7,15.8,29.5,6.145833333333333,1.775,29.799999999999997,31.574999999999996,447.56,32.44,0.28804,0.32707,0.307555,0.239265,22.20415860577783,-0.058535,5.0,54.0,1.1666666666666667,23.0,6.25,0,-0.1041666666666669,2025-10-29,687.0,683.4981689453125,0.14658,0.1526799999999999,0.1601703571428571,0.0060999999999999,0.0135903571428571,0,0.17097,0.12219,0.04878,0.0,0.3124919923126199,0.152715380903876,0.6414342629482072,0.0704764183530035,0.1374421677454058,0.0091378322545941,0.5127714405927601,1.4,0.5131756759690881,2.6924580658458623,-0.1085265131489235,0.0293350971740893,0.0318382271572281,0.0,1,16.920000076293945,19.829999923706055,2.262000076293946,29.5,31.574999999999996,real_post_mid,2.95,2.6,-505.0999999999996,-0.01052291666666666,fold_6,logreg,0.8
AJG,2025-09-30,2025-10-30,0.0,309.74,284.17,-15.4,-7.79,2.5367,2.62,2.46,16.0,2.5129,2.446,2.4083,2.4303,2.0,0.0,12.0,2.0,3461139800.0,3504000000.0,3435999000.0,5.0,3085.92,4985.38,-1144.1,1173.09,16.05,-13.59,14.59,3.1,-14.34,28.19,30.44,2.47,2.14,260.0,250.0,260.0,2025-11-21,10.8,7.3,18.1,6.961538461538462,3.15,13.15,16.3,251.41,8.590000000000003,0.35633,0.32707,0.3417,0.302675,11.420836991513015,-0.0487799999999999,0.0,0.0,4.796407185628743,23.0,3.846153846153843,1,3.115384615384618,2025-10-29,687.0,683.4981689453125,0.14658,0.1526799999999999,0.1601703571428571,0.0060999999999999,0.0135903571428571,0,0.17097,0.12219,0.04878,0.0,0.3124919923126199,0.152715380903876,0.6414342629482072,0.0704764183530035,0.1374421677454058,0.0091378322545941,0.5127714405927601,1.4,0.5131756759690881,2.6924580658458623,-0.1085265131489235,0.0293350971740893,0.0318382271572281,0.0,1,16.920000076293945,19.829999923706055,2.262000076293946,18.1,16.3,real_post_mid,1.8100000000000003,2.6,-3.5999999999999566,-0.0001384615384615368,fold_6,logreg,0.8
WEC,2025-09-30,2025-10-30,1.0,114.59,110.24,-1.74,2.14,0.812,0.83,0.7947,7.0,0.799,0.7962,0.7862,0.8639,2.0,0.0,3.0,0.0,1897991270.0,2061356720.0,1435517540.0,7.0,8037.15,7598.62,212.22,138.32,13.4,-36.2,2.09,13.43,-66.52,8.04,10.99,-1.45,-0.44,115.0,110.0,115.0,2025-11-21,2.225,2.95,5.175000000000001,4.500000000000001,0.8,4.6,5.3999999999999995,111.14,3.859999999999999,0.20024,0.24902,0.22463,0.195365,13.028090637937936,-0.0243899999999999,384.0,522.0,0.9260450160771704,23.0,4.347826086956519,1,0.152173913043482,2025-10-29,687.0,683.4981689453125,0.14658,0.1526799999999999,0.1601703571428571,0.0060999999999999,0.0135903571428571,0,0.17097,0.12219,0.04878,0.0,0.3124919923126199,0.152715380903876,0.6414342629482072,0.0704764183530035,0.1374421677454058,0.0091378322545941,0.5127714405927601,1.4,0.5131756759690881,2.6924580658458623,-0.1085265131489235,0.0293350971740893,0.0318382271572281,0.0,1,16.920000076293945,19.829999923706055,2.262000076293946,5.175000000000001,5.3999999999999995,real_post_mid,0.5175000000000001,2.6,-76.84999999999988,-0.006682608695652164,fold_6,logreg,0.8
RMD,2025-09-30,2025-10-30,1.0,273.73,279.2,-7.84,-9.65,2.4987,2.5649,2.45,12.0,2.5048,2.5085,2.5023,2.4388,0.0,0.0,0.0,0.0,1332902740.0,1358700000.0,1300000000.0,19.0,-4082.72,-1262.43,-1364.16,1944.27,7.92,0.75,9.85,11.27,144.33,9.41,13.8,2.39,1.71,250.0,250.0,250.0,2025-11-21,14.95,11.35,26.299999999999997,10.52,4.95,7.800000000000001,12.75,250.75,0.75,0.50267,0.53194,0.5173049999999999,0.26365,49.03393549260107,-0.1658499999999999,80.0,1.0,4.6104651162790695,23.0,0.0,1,10.52,2025-10-29,687.0,683.4981689453125,0.14658,0.1526799999999999,0.1601703571428571,0.0060999999999999,0.0135903571428571,0,0.17097,0.12219,0.04878,0.0,0.3124919923126199,0.152715380903876,0.6414342629482072,0.0704764183530035,0.1374421677454058,0.0091378322545941,0.5127714405927601,1.4,0.5131756759690881,2.6924580658458623,-0.1085265131489235,0.0293350971740893,0.0318382271572281,0.0,1,16.920000076293945,19.829999923706055,2.262000076293946,26.299999999999997,12.75,real_post_mid,2.63,2.6,1089.3999999999999,0.043576,fold_6,logreg,0.8
WTW,2025-09-30,2025-10-30,1.0,345.45,314.77,-8.24,0.71,3.049,3.23,2.85,19.0,3.0552,3.0394,3.0172,2.9905,1.0,0.0,6.0,3.0,2284415400.0,2312000000.0,2241000000.0,10.0,4039.22,3469.4,177.98,293.7,-0.22,1.71,2.75,12.16,-8.63,15.71,73.58,-39.55,6.92,320.0,310.0,320.0,2025-11-21,9.15,11.4,20.55,6.421875000000001,4.225,10.65,14.875,315.05,4.949999999999989,0.30755,0.32707,0.31731,0.23926,24.59739686741672,-0.0780449999999999,106.0,412.0,1.0114503816793894,23.0,3.125,1,3.296875000000001,2025-10-29,687.0,683.4981689453125,0.14658,0.1526799999999999,0.1601703571428571,0.0060999999999999,0.0135903571428571,0,0.17097,0.12219,0.04878,0.0,0.3124919923126199,0.152715380903876,0.6414342629482072,0.0704764183530035,0.1374421677454058,0.0091378322545941,0.5127714405927601,1.4,0.5131756759690881,2.6924580658458623,-0.1085265131489235,0.0293350971740893,0.0318382271572281,0.0,1,16.920000076293945,19.829999923706055,2.262000076293946,20.55,14.875,real_post_mid,2.055,2.6,359.40000000000003,0.011231250000000002,fold_6,logreg,0.8
VMC,2025-09-30,2025-10-30,1.0,307.62,274.94,-5.73,5.48,2.719,2.82,2.56,18.0,2.7179,2.6766,2.6766,2.6495,3.0,0.0,6.0,1.0,2264993620.0,2371017790.0,2061000000.0,16.0,13018.02,12459.95,257.31,356.98,4.37,28.62,-2.73,4.26,145.0,9.49,3.84,0.34,-0.12,300.0,290.0,300.0,2025-11-21,7.45,12.4,19.85,6.616666666666666,2.925,13.5,16.425,287.83,12.170000000000016,0.31731,0.33682,0.327065,0.24414,25.354287374069372,-0.0487799999999999,236.0,2.0,1.3333333333333333,23.0,3.3333333333333326,1,3.2833333333333337,2025-10-29,687.0,683.4981689453125,0.14658,0.1526799999999999,0.1601703571428571,0.0060999999999999,0.0135903571428571,0,0.17097,0.12219,0.04878,0.0,0.3124919923126199,0.152715380903876,0.6414342629482072,0.0704764183530035,0.1374421677454058,0.0091378322545941,0.5127714405927601,1.4,0.5131756759690881,2.6924580658458623,-0.1085265131489235,0.0293350971740893,0.0318382271572281,0.0,1,16.920000076293945,19.829999923706055,2.262000076293946,19.85,16.425,real_post_mid,1.9850000000000003,2.6,141.40000000000003,0.004713333333333334,fold_6,logreg,0.8
KIM,2025-09-30,2025-10-30,0.0,21.85,20.74,-3.94,1.21,0.1929,0.22,0.17,5.0,0.1861,0.1773,0.1684,0.1684,0.0,0.0,0.0,0.0,521398800.0,524216000.0,518662000.0,5.0,15554.4,15456.19,3.2,83.1,4.99,-2.13,11.54,5.88,0.0,2.87,28.06,0.8,7.06,22.5,20.0,22.5,2025-11-21,0.15,1.2000000000000002,1.35,6.000000000000001,0.1,2.0,2.1,20.36,2.140000000000001,0.22951,0.23926,0.234385,0.297795,-27.05377903876102,-0.0048799999999999,241.0,16.0,5.669642857142857,23.0,11.111111111111116,0,-5.111111111111115,2025-10-29,687.0,683.4981689453125,0.14658,0.1526799999999999,0.1601703571428571,0.0060999999999999,0.0135903571428571,0,0.17097,0.12219,0.04878,0.0,0.3124919923126199,0.152715380903876,0.6414342629482072,0.0704764183530035,0.1374421677454058,0.0091378322545941,0.5127714405927601,1.4,0.5131756759690881,2.6924580658458623,-0.1085265131489235,0.0293350971740893,0.0318382271572281,0.0,1,16.920000076293945,19.829999923706055,2.262000076293946,1.35,2.1,real_post_mid,0.135,2.6,-91.1,-0.04048888888888889,fold_6,logreg,0.8
ERIE,2025-09-30,2025-10-30,1.0,318.16,350.75,-2.68,-11.72,3.37,3.37,3.37,1.0,3.34,3.34,3.34,3.34,1.0,0.0,1.0,0.0,1084561000.0,1084561000.0,1084561000.0,1.0,7686.72,10353.17,-977.76,1216.59,7.28,7.15,14.14,6.91,26.15,16.06,5.71,-0.23,-0.28,300.0,290.0,300.0,2025-11-21,13.25,10.1,23.35,7.783333333333334,6.7,13.15,19.85,296.36,3.6399999999999864,0.39536,0.37584,0.3856,0.3465749999999999,10.120591286307064,-0.0536549999999999,0.0,0.0,2.6666666666666665,23.0,3.3333333333333326,1,4.450000000000001,2025-10-29,687.0,683.4981689453125,0.14658,0.1526799999999999,0.1601703571428571,0.0060999999999999,0.0135903571428571,0,0.17097,0.12219,0.04878,0.0,0.3124919923126199,0.152715380903876,0.6414342629482072,0.0704764183530035,0.1374421677454058,0.0091378322545941,0.5127714405927601,1.4,0.5131756759690881,2.6924580658458623,-0.1085265131489235,0.0293350971740893,0.0318382271572281,0.0,1,16.920000076293945,19.829999923706055,2.262000076293946,23.35,19.85,real_post_mid,2.3350000000000004,2.6,113.89999999999996,0.0037966666666666656,fold_6,logreg,0.8
EME,2025-09-30,2025-10-30,1.0,649.54,624.67,-0.24,3.73,6.5275,6.8,6.32,8.0,6.5275,6.4975,6.5,6.2157,1.0,0.0,1.0,0.0,4280359140.0,4375000000.0,4171100000.0,9.0,56157.79,50142.16,2143.49,1308.54,17.39,11.3,15.49,28.0,27.76,25.76,24.76,0.72,0.57,780.0,680.0,780.0,2025-11-21,39.65,40.6,80.25,10.288461538461538,1.75,104.85,106.6,581.58,198.41999999999996,0.51243,0.51243,0.51243,0.3856,24.750697656265256,-0.092685,95.0,77.0,0.7700729927007299,23.0,12.82051282051282,0,-2.532051282051281,2025-10-29,687.0,683.4981689453125,0.14658,0.1526799999999999,0.1601703571428571,0.0060999999999999,0.0135903571428571,0,0.17097,0.12219,0.04878,0.0,0.3124919923126199,0.152715380903876,0.6414342629482072,0.0704764183530035,0.1374421677454058,0.0091378322545941,0.5127714405927601,1.4,0.5131756759690881,2.6924580658458623,-0.1085265131489235,0.0293350971740893,0.0318382271572281,0.0,1,16.920000076293945,19.829999923706055,2.262000076293946,80.25,106.6,real_post_mid,8.025,2.6,-3440.099999999999,-0.04410384615384614,fold_6,logreg,0.8
FANG,2025-09-30,2025-11-03,1.0,147.47,145.68,-4.2,-3.03,2.9449,3.23,2.4,24.0,2.9224,2.8439,2.7984,3.1111,1.0,0.0,8.0,7.0,3529706450.0,3833000000.0,3347292000.0,6.0,8574.82,7929.54,312.11,339.64,47.63,-9.43,38.85,-40.93,-41.19,35.5,-1.47,-14.43,-15.54,142.78,140.31,145.0,2025-11-21,3.975,6.449999999999999,10.425,7.301442779100714,1.7999999999999998,8.05,9.85,146.44,1.4399999999999975,0.33682,0.41487,0.375845,0.3514549999999999,6.489377269885198,-0.0243899999999999,821.0,46.0,0.3323643410852713,21.0,1.7299341644487989,1,5.571508614651916,2025-10-31,684.0,678.1983642578125,0.1444885714285714,0.15634,0.1653982142857142,0.0118514285714285,0.0209096428571428,0,0.1737585714285714,0.1249785714285714,0.0487799999999999,0.0048799999999999,0.2727035539238525,0.1464364981504316,0.6095617529880478,0.1298993109386806,0.1441411747619144,0.000347396666657,0.901195034335208,1.21,-0.5821028507327722,1.4413568616510084,-0.3252777478031036,0.0071022648739387,0.0191866558812945,-0.0077539413100081,1,17.440000534057617,20.489999771118164,2.991143391200474,10.424999999999999,9.85,real_post_mid,1.0425,2.6,-49.35000000000007,-0.0034563664378764584,fold_6,logreg,0.8
IT,2025-09-30,2025-11-04,0.0,257.2,243.71,-11.68,-6.79,2.4269,2.74,2.24,13.0,2.4261,2.4152,2.4093,2.6754,2.0,0.0,4.0,0.0,1520664680.0,1545000000.0,1509670000.0,11.0,54244.32,50820.32,-1854.19,4687.67,5.73,9.93,5.67,9.63,30.26,2.84,2.61,0.65,-0.59,250.0,240.0,250.0,2025-11-21,13.9,19.8,33.7,13.48,3.1500000000000004,16.75,19.9,234.18,15.819999999999991,0.7173,0.81486,0.7660800000000001,0.48316,36.93086883876359,-0.219505,60.0,17.0,0.2954248366013072,18.0,4.0000000000000036,1,9.479999999999997,2025-11-03,686.0,679.4711303710938,0.1451857142857142,0.1520699999999999,0.1616842857142857,0.0068842857142857,0.0164985714285714,0,0.17097,0.1291614285714286,0.0418085714285714,0.00488,0.2817980208352744,0.1485294590682463,0.6135458167330677,0.0946724485893877,0.1441378861606932,0.001047828125021,0.6568186277120884,1.27,-0.2045226232304332,4.420121853122671,0.1712725690893085,-0.0027727195852735,0.0211144294852627,-0.005891805943581,1,17.170000076293945,20.3799991607666,2.6514286477225166,33.7,19.9,real_post_mid,3.3700000000000006,2.6,1040.4000000000003,0.041616000000000014,fold_6,logreg,0.8
EVRG,2025-09-30,2025-11-06,0.0,77.69,72.42,-2.74,4.34,2.059,2.13,1.8425,8.0,2.0518,2.0374,2.1008,2.1006,0.0,0.0,1.0,2.0,2323202970.0,3306008440.0,1797905450.0,3.0,11063.84,11293.23,-147.84,242.27,-1.42,4.24,5.01,-8.89,51.85,-1.06,-6.81,-21.17,-1.35,77.5,75.0,77.5,2025-11-21,0.92,1.525,2.4450000000000003,3.15483870967742,0.6,2.6,3.2,75.85,1.6500000000000057,0.02463,0.19048,0.107555,0.31243,-190.48393845009525,0.07805,373.0,2.0,0.2105263157894736,16.0,3.2258064516129004,0,-0.0709677419354806,2025-11-05,679.0,673.7437133789062,0.15146,0.1526799999999999,0.166095,0.0012199999999999,0.0146349999999999,0,0.18073,0.13195,0.0487799999999999,0.0048799999999999,0.3636482230380737,0.1673661073285799,0.7171314741035857,0.1253427026304716,0.1501667208936776,0.0012932791063223,0.8346902821379302,1.17,-0.6946781023085637,1.065096956710493,-0.4892707646516285,-0.014271370443403,0.0126434838272775,-0.014271370443403,1,18.010000228881836,20.600000381469727,2.864000228881835,2.445,3.2,real_post_mid,0.2445,2.6,-102.55000000000003,-0.013232258064516132,fold_6,logreg,0.8
